4.521115124e-01 -2.471920848e-01 5.227552652e-01 -1.295789480e-01 -3.268448710e-01 -1.955505311e-01 1.627818197e-01 -1.709768921e-01 0.000000000e+00 0.000000000e+00 0.000000000e+00 1.000000000e+00
8.011629432e-02 -2.319582999e-01 1.403766274e-01 -2.293074876e-01 -2.604600191e-01 -2.224105895e-01 4.585018009e-02 -2.487075627e-01 0.000000000e+00 0.000000000e+00 0.000000000e+00 1.000000000e+00
-2.422635257e-02 -2.105323076e-01 6.677640975e-02 -2.432045937e-01 -6.950579286e-01 -2.143914700e-01 3.505610526e-01 -3.258981705e-01 0.000000000e+00 0.000000000e+00 0.000000000e+00 1.000000000e+00
-1.121719480e+00 -2.716820836e-01 -1.768490672e-02 -4.314486682e-01 -1.953596622e-01 -2.331678122e-01 -5.160778761e-01 -2.592947781e-01 0.000000000e+00 0.000000000e+00 0.000000000e+00 1.000000000e+00
-4.255385399e-01 -2.171995342e-01 -5.477263927e-01 -2.894529402e-01 -3.784484267e-01 -1.688135862e-01 -6.708716750e-01 -1.765689850e-01 0.000000000e+00 0.000000000e+00 0.000000000e+00 1.000000000e+00
4.618272185e-02 -8.401721716e-02 2.488537431e-01 -3.319662809e-02 -1.899651885e-01 -2.911867574e-02 1.001009569e-01 -6.813272834e-03 0.000000000e+00 0.000000000e+00 0.000000000e+00 1.000000000e+00
5.510071516e-01 -6.240763515e-02 4.027152061e-01 1.509578079e-01 -5.045311451e-01 -1.494914666e-02 -2.222623527e-01 1.022458375e-01 0.000000000e+00 0.000000000e+00 0.000000000e+00 1.000000000e+00
2.987022698e-01 -5.682645738e-02 8.196860552e-03 9.362040460e-02 -1.008647442e+00 7.229104638e-03 4.224831760e-01 -1.121041179e-02 0.000000000e+00 0.000000000e+00 0.000000000e+00 1.000000000e+00
2.282864302e-01 2.815023065e-03 9.698161483e-01 -1.790065318e-02 -1.256012201e+00 3.352903575e-02 3.201304376e-02 -1.040787697e-01 0.000000000e+00 0.000000000e+00 0.000000000e+00 1.000000000e+00
-5.328557491e-01 -6.482862681e-02 -2.252435684e-02 -1.550086737e-01 -3.424667716e-01 -9.209811687e-03 -4.944314063e-01 -7.923151553e-02 0.000000000e+00 0.000000000e+00 0.000000000e+00 1.000000000e+00
-3.702450395e-01 -1.998908818e-02 -4.779191613e-01 -1.496252120e-01 -6.672338247e-01 2.531857044e-02 -2.573685050e-01 -1.901463419e-01 0.000000000e+00 0.000000000e+00 0.000000000e+00 1.000000000e+00
-1.415078342e-01 -1.733265817e-02 2.414576858e-01 -8.299207687e-02 -2.799059451e-01 -8.876092732e-03 3.772406876e-01 -9.741252661e-02 0.000000000e+00 0.000000000e+00 0.000000000e+00 1.000000000e+00
-2.174499035e-01 4.097998142e-02 -1.406095326e-01 -5.429673567e-02 -4.773625135e-01 5.713706464e-02 -1.264858127e+00 -9.915088862e-02 0.000000000e+00 0.000000000e+00 0.000000000e+00 1.000000000e+00
-7.881106436e-02 4.113914073e-02 -1.026871920e+00 -5.690288171e-02 -1.700202674e-01 8.379022777e-02 -8.925284147e-01 -3.642103449e-02 0.000000000e+00 0.000000000e+00 0.000000000e+00 1.000000000e+00
-2.980809212e-01 5.803525448e-02 -5.116373301e-01 -9.491779655e-02 2.985169291e-01 7.884170860e-02 5.911271572e-01 -3.496531397e-02 0.000000000e+00 0.000000000e+00 0.000000000e+00 1.000000000e+00
-1.596945226e-01 5.798093975e-02 1.316269279e+00 6.198983639e-02 2.446443737e-01 6.758476049e-02 7.629076838e-01 7.316929102e-02 0.000000000e+00 0.000000000e+00 0.000000000e+00 1.000000000e+00
7.827696204e-01 4.933379591e-02 -3.023635149e-01 1.834413260e-01 3.646091819e-01 6.447084248e-02 -1.421525836e+00 5.895220488e-02 0.000000000e+00 0.000000000e+00 0.000000000e+00 1.000000000e+00
3.913169503e-01 -8.539561182e-03 -1.161934853e+00 4.698380455e-02 9.186134934e-01 1.152975485e-02 3.959689736e-01 1.218306124e-01 0.000000000e+00 0.000000000e+00 0.000000000e+00 1.000000000e+00
7.305142283e-01 -3.586485982e-04 1.160800934e+00 1.161292493e-01 -5.607277527e-02 -4.469802976e-02 1.322290659e+00 3.508055210e-02 0.000000000e+00 0.000000000e+00 0.000000000e+00 1.000000000e+00
2.056729794e-01 -1.118395329e-01 3.922886550e-01 -8.209086955e-02 -2.092074007e-01 -1.212638095e-01 -4.808951318e-01 -9.577422589e-02 0.000000000e+00 0.000000000e+00 0.000000000e+00 1.000000000e+00
-1.062064767e+00 -1.668112278e-01 -1.337979198e+00 -2.269375324e-01 -3.368971050e-01 -1.509996951e-01 -6.671875119e-01 -1.299953908e-01 0.000000000e+00 0.000000000e+00 0.000000000e+00 1.000000000e+00
-5.024296641e-01 -1.374706030e-01 -8.469139934e-01 -2.872484028e-01 -2.851248384e-01 -1.126594171e-01 -1.355984807e+00 -2.749142349e-01 0.000000000e+00 0.000000000e+00 0.000000000e+00 1.000000000e+00
-1.499720335e+00 -1.433914006e-01 -1.048848391e+00 -5.725841522e-01 -1.838908643e-01 -8.347174525e-02 -1.934295893e-01 -4.099089503e-01 0.000000000e+00 0.000000000e+00 0.000000000e+00 1.000000000e+00
1.452395320e-02 -7.713982463e-02 2.133433074e-01 -2.343994230e-01 -3.678914011e-01 -5.189267546e-02 5.527704954e-01 -2.350614965e-01 0.000000000e+00 0.000000000e+00 0.000000000e+00 1.000000000e+00
-4.484001100e-01 -1.461495459e-02 1.766452193e-02 -2.027884126e-01 -4.768797159e-01 3.447935730e-02 -5.350009799e-01 -1.876986027e-01 0.000000000e+00 0.000000000e+00 0.000000000e+00 1.000000000e+00
-3.385157883e-01 7.453098893e-03 -4.537050724e-01 -2.887637317e-01 -1.154190660e+00 2.750571072e-02 6.250652075e-01 -3.142103553e-01 0.000000000e+00 0.000000000e+00 0.000000000e+00 1.000000000e+00
-1.696645319e-01 -1.245096475e-01 1.220337391e+00 -2.576863766e-01 -5.835088491e-01 -8.650402725e-02 2.055995911e-01 -2.215310335e-01 0.000000000e+00 0.000000000e+00 0.000000000e+00 1.000000000e+00
1.538244188e-01 -8.469206095e-02 -1.078105450e+00 -6.545534730e-02 4.171729088e-01 -7.626974583e-02 -1.006094217e+00 -2.472836524e-02 0.000000000e+00 0.000000000e+00 0.000000000e+00 1.000000000e+00
-8.039812744e-02 8.240293711e-02 -2.731731534e-01 1.875374280e-02 -1.708939821e-01 7.333854586e-02 1.868685186e-01 8.176717162e-02 0.000000000e+00 0.000000000e+00 0.000000000e+00 1.000000000e+00
3.020378351e-01 -4.775095731e-02 5.890353918e-01 -8.255076408e-02 -2.724979818e-02 -5.323383585e-02 -3.167707622e-01 -1.749078929e-02 0.000000000e+00 0.000000000e+00 0.000000000e+00 1.000000000e+00
6.424039602e-02 -2.157579362e-02 -1.124839902e+00 -1.559256166e-01 -5.798445940e-01 -2.202072740e-02 -1.826185584e+00 -2.300995886e-01 0.000000000e+00 0.000000000e+00 0.000000000e+00 1.000000000e+00
-9.761226177e-01 -9.891115129e-02 -8.550856113e-01 -4.554481506e-01 -8.175585270e-01 -4.934497178e-02 7.527973652e-01 -3.910158873e-01 0.000000000e+00 0.000000000e+00 0.000000000e+00 1.000000000e+00
-3.807938695e-01 -3.015340120e-02 2.574529886e+00 -1.907065213e-01 -4.271831214e-01 -2.514462918e-02 1.418292999e+00 -1.438791752e-01 0.000000000e+00 0.000000000e+00 0.000000000e+00 1.000000000e+00
-1.291696310e+00 -1.086286008e-01 -4.731346965e-01 -4.479226470e-01 -1.179427266e+00 -7.543923706e-02 -1.118556142e+00 -3.850392699e-01 0.000000000e+00 0.000000000e+00 0.000000000e+00 1.000000000e+00
-8.518087864e-01 -1.206679717e-01 -7.928166986e-01 -3.140305579e-01 -8.103289008e-01 -8.573710918e-02 -3.651638031e-01 -2.800879180e-01 0.000000000e+00 0.000000000e+00 0.000000000e+00 1.000000000e+00
-3.061464727e-01 -1.068395600e-01 -4.849255085e-01 -2.433154136e-01 -2.419057190e-01 -5.153040588e-02 -4.732516110e-01 -1.707070172e-01 0.000000000e+00 0.000000000e+00 0.000000000e+00 1.000000000e+00
2.931215167e-01 -8.489164710e-02 -2.998159528e-01 -1.803278178e-01 -1.215632632e-01 -6.818205863e-02 -6.109250784e-01 -1.358647496e-01 0.000000000e+00 0.000000000e+00 0.000000000e+00 1.000000000e+00
-9.030569196e-01 -6.383739412e-02 -1.021796823e+00 -3.281371295e-01 -6.642103195e-01 -2.971230447e-02 -1.748779655e+00 -2.592001557e-01 0.000000000e+00 0.000000000e+00 0.000000000e+00 1.000000000e+00
-8.542795181e-01 -1.700691730e-01 -9.045032263e-01 -3.819583058e-01 -7.607922554e-01 -9.552823752e-02 8.887700438e-01 -4.744576812e-01 0.000000000e+00 0.000000000e+00 0.000000000e+00 1.000000000e+00
-3.479489088e-01 -1.890741140e-01 2.026318789e+00 -4.705273211e-01 1.651524007e-01 -1.987691671e-01 1.315472841e+00 -3.911356926e-01 0.000000000e+00 0.000000000e+00 0.000000000e+00 1.000000000e+00
-1.889000535e-01 -1.388664693e-01 3.484638035e-01 -1.795159727e-01 -8.277881742e-01 -7.801198959e-02 -1.435069919e+00 -3.093765676e-01 0.000000000e+00 0.000000000e+00 0.000000000e+00 1.000000000e+00
-1.665657163e-01 -1.965285838e-01 -1.012838840e+00 -2.597140968e-01 7.241525054e-01 -1.440834850e-01 8.179208636e-01 -1.284615993e-01 0.000000000e+00 0.000000000e+00 0.000000000e+00 1.000000000e+00
1.617462277e+00 -1.313911080e-01 1.472314596e+00 1.532144845e-01 2.646300197e-01 -1.028738245e-01 1.255644441e+00 -1.842789352e-02 0.000000000e+00 0.000000000e+00 0.000000000e+00 1.000000000e+00
-6.848265529e-01 8.703152835e-02 1.185759827e-01 -1.013504863e-01 -1.926080346e+00 1.726251245e-01 -1.077943683e+00 -3.417608738e-01 0.000000000e+00 0.000000000e+00 0.000000000e+00 1.000000000e+00
-1.449379325e-02 2.833222747e-01 -9.955659509e-01 1.020974368e-01 8.306913376e-01 3.498104215e-01 -1.377561569e+00 3.270083070e-01 0.000000000e+00 0.000000000e+00 0.000000000e+00 1.000000000e+00
1.102382302e+00 3.588234484e-01 -1.490444541e+00 5.063630939e-01 -1.505510330e+00 4.884310663e-01 -1.293735057e-01 1.907823086e-01 0.000000000e+00 0.000000000e+00 0.000000000e+00 1.000000000e+00
-2.078977585e+00 5.980882645e-01 2.099532932e-01 7.371621579e-02 -1.616536617e+00 8.010127544e-01 -1.606307328e-01 1.867419779e-01 0.000000000e+00 0.000000000e+00 0.000000000e+00 1.000000000e+00
-1.365439594e-02 1.250999331e+00 -3.257197440e-01 7.701463103e-01 5.957697034e-01 1.456314445e+00 -5.403260589e-01 1.078289151e+00 0.000000000e+00 0.000000000e+00 0.000000000e+00 1.000000000e+00
1.782849431e-03 1.736044288e+00 -6.702436209e-01 1.357837558e+00 -1.981023997e-01 1.964156151e+00 -7.069841027e-01 1.531133056e+00 0.000000000e+00 0.000000000e+00 0.000000000e+00 1.000000000e+00
3.599943519e-01 2.049125671e+00 -1.093247831e-01 1.550592422e+00 -2.509684563e-01 2.305659533e+00 -1.756266654e-01 1.805095196e+00 0.000000000e+00 0.000000000e+00 0.000000000e+00 1.000000000e+00
5.619792938e-01 2.249531746e+00 2.545269579e-02 1.781040311e+00 -7.440811992e-01 2.485480785e+00 2.350997627e-01 2.055835724e+00 0.000000000e+00 0.000000000e+00 0.000000000e+00 1.000000000e+00
2.305950373e-01 2.652920723e+00 8.852689266e-01 1.803221941e+00 -3.659180105e-01 2.836670399e+00 5.261971354e-01 2.379942656e+00 0.000000000e+00 0.000000000e+00 0.000000000e+00 1.000000000e+00
-7.790032774e-03 3.022589684e+00 3.553804457e-01 2.479429722e+00 -6.607419848e-01 3.100464821e+00 -6.656561792e-02 2.682056904e+00 0.000000000e+00 0.000000000e+00 0.000000000e+00 1.000000000e+00
9.588567615e-01 3.234805346e+00 -3.089403734e-02 2.998981714e+00 8.928705752e-02 3.254873037e+00 -2.056060135e-01 2.661520004e+00 0.000000000e+00 0.000000000e+00 0.000000000e+00 1.000000000e+00
-1.437795907e-01 3.298588753e+00 -4.452122748e-01 2.694976807e+00 -5.901570618e-02 3.312386990e+00 -7.708790302e-01 2.414539576e+00 0.000000000e+00 0.000000000e+00 0.000000000e+00 1.000000000e+00
-3.881914616e-01 3.385869741e+00 -3.344580233e-01 2.519445181e+00 4.005340636e-01 3.380523443e+00 1.550979912e-03 2.909726381e+00 0.000000000e+00 0.000000000e+00 0.000000000e+00 1.000000000e+00
1.231833696e+00 3.233482361e+00 2.427664995e-01 3.095528364e+00 -2.100360394e-01 3.167619228e+00 3.143307567e-01 2.406581879e+00 0.000000000e+00 0.000000000e+00 0.000000000e+00 1.000000000e+00
-4.566136003e-01 3.025196075e+00 3.403320611e-01 2.264612913e+00 -3.670261800e-01 2.955611944e+00 2.987584770e-01 2.366479397e+00 0.000000000e+00 0.000000000e+00 0.000000000e+00 1.000000000e+00
7.631278038e-01 2.761304617e+00 -1.289111823e-01 2.012594938e+00 2.734292030e+00 2.717565060e+00 -9.189364314e-01 3.120298624e+00 0.000000000e+00 0.000000000e+00 0.000000000e+00 1.000000000e+00
9.624798894e-01 2.298146963e+00 -1.041864395e+00 1.992094517e+00 -6.881703734e-01 2.097830772e+00 6.731056571e-01 1.333490133e+00 0.000000000e+00 0.000000000e+00 0.000000000e+00 1.000000000e+00
-2.463420630e+00 2.110775471e+00 1.949751973e+00 1.262583613e+00 -1.193591714e+00 1.916739106e+00 1.253713727e+00 1.312684894e+00 0.000000000e+00 0.000000000e+00 0.000000000e+00 1.000000000e+00
-5.830734968e-01 1.728346586e+00 4.740791619e-01 1.324627638e+00 1.406950593e+00 1.601482034e+00 3.078691363e-01 1.450335145e+00 0.000000000e+00 0.000000000e+00 0.000000000e+00 1.000000000e+00
1.289642572e+00 1.578783631e+00 1.192958474e+00 1.646867990e+00 -5.177931190e-01 1.455023050e+00 1.461703300e+00 9.898658991e-01 0.000000000e+00 0.000000000e+00 0.000000000e+00 1.000000000e+00
2.676151991e-01 1.151873112e+00 6.347475052e-01 1.023549557e+00 -1.604694873e-02 1.015692472e+00 -1.365918398e+00 7.870901823e-01 0.000000000e+00 0.000000000e+00 0.000000000e+00 1.000000000e+00
5.649479032e-01 9.534147382e-01 -2.978763580e-01 1.040558100e+00 1.080974221e+00 8.373706937e-01 -7.959434986e-01 9.610598087e-01 0.000000000e+00 0.000000000e+00 0.000000000e+00 1.000000000e+00
7.997847199e-01 6.789681911e-01 -1.543273032e-01 6.996421218e-01 3.494250476e-01 6.991168261e-01 2.899366617e-01 6.943129301e-01 0.000000000e+00 0.000000000e+00 0.000000000e+00 1.000000000e+00
9.548789859e-01 3.942266107e-01 3.572016954e-01 4.652155340e-01 9.347802401e-01 3.783307970e-01 1.239570975e-01 4.449175596e-01 0.000000000e+00 0.000000000e+00 0.000000000e+00 1.000000000e+00
6.753492355e-01 3.397997618e-01 3.548074961e-01 3.432007134e-01 7.713757753e-01 2.888908386e-01 2.927840054e-01 3.015262485e-01 0.000000000e+00 0.000000000e+00 0.000000000e+00 1.000000000e+00
4.768081903e-01 9.667766094e-02 5.055376887e-02 1.130180508e-01 -5.485665053e-02 1.317148805e-01 -3.570783883e-03 2.974061668e-02 0.000000000e+00 0.000000000e+00 0.000000000e+00 1.000000000e+00
8.661351800e-01 5.792739987e-02 -4.056128860e-02 2.098637372e-01 6.960988641e-01 7.638116181e-02 -1.578096449e-01 1.762989163e-01 0.000000000e+00 0.000000000e+00 0.000000000e+00 1.000000000e+00
1.152130127e+00 -4.348494112e-03 -7.610152662e-02 5.242742598e-02 8.287113905e-01 -1.945576072e-02 -4.650836438e-02 1.598998904e-02 0.000000000e+00 0.000000000e+00 0.000000000e+00 1.000000000e+00
2.215210199e-01 -1.624329388e-01 -6.436583400e-02 -2.011141926e-01 4.452768713e-02 -1.896470785e-01 -9.672567993e-02 -1.806845367e-01 0.000000000e+00 0.000000000e+00 0.000000000e+00 1.000000000e+00
4.439245164e-02 -2.548974156e-01 -2.697439790e-01 -1.927037835e-01 1.041421890e-01 -2.569442689e-01 -7.409458160e-01 -1.725102663e-01 0.000000000e+00 0.000000000e+00 0.000000000e+00 1.000000000e+00
-9.902030230e-03 -2.247441560e-01 -5.821478367e-01 -1.857323050e-01 -7.816250324e-01 -2.223367244e-01 -1.007472396e+00 -3.049421906e-01 0.000000000e+00 0.000000000e+00 0.000000000e+00 1.000000000e+00
-1.803759038e-01 -3.082817793e-01 -6.030044556e-01 -2.698139846e-01 -8.935268521e-01 -3.121334910e-01 1.077217534e-01 -4.048051834e-01 0.000000000e+00 0.000000000e+00 0.000000000e+00 1.000000000e+00
-5.363561511e-01 -2.048584223e-01 1.211054802e+00 -2.515325323e-02 -1.067499161e+00 -1.820001006e-01 1.438278437e+00 -1.530389190e-01 0.000000000e+00 0.000000000e+00 0.000000000e+00 1.000000000e+00
-7.261852026e-01 -8.072830737e-02 1.049634695e+00 -7.365863025e-02 -9.604751468e-01 -6.936016679e-02 -4.472802281e-01 -2.973321825e-02 0.000000000e+00 0.000000000e+00 0.000000000e+00 1.000000000e+00
-6.594320536e-01 1.489296556e-03 -8.043094873e-01 1.443123817e-01 1.439798176e-01 1.358048618e-02 -3.827590048e-01 2.426926196e-01 0.000000000e+00 0.000000000e+00 0.000000000e+00 1.000000000e+00
-9.274029136e-01 -6.850725412e-02 -3.538194299e-01 -8.058752865e-02 -5.315324664e-01 -3.811994195e-02 1.773592532e-01 1.501172781e-02 0.000000000e+00 0.000000000e+00 0.000000000e+00 1.000000000e+00
-5.448639393e-01 -1.637689918e-01 2.717493176e-01 -1.756213605e-01 -9.208940864e-01 -1.443830132e-01 4.514522552e-01 -1.790266484e-01 0.000000000e+00 0.000000000e+00 0.000000000e+00 1.000000000e+00
-4.889551103e-01 1.197271943e-01 -7.476697862e-02 -3.284152597e-03 -4.580912590e-01 1.235266477e-01 -4.351645708e-01 5.081557482e-02 0.000000000e+00 0.000000000e+00 0.000000000e+00 1.000000000e+00
2.015939057e-01 1.990844756e-01 -6.229698062e-01 2.422983944e-01 -1.514419019e-01 2.194042951e-01 -7.312399149e-01 2.055092454e-01 0.000000000e+00 0.000000000e+00 0.000000000e+00 1.000000000e+00
-1.932556182e-02 3.156397939e-01 -1.097514033e-01 2.393291593e-01 -1.462461203e-01 3.571895659e-01 5.144180059e-01 1.770182252e-01 0.000000000e+00 0.000000000e+00 0.000000000e+00 1.000000000e+00
-3.348641396e-01 4.629963934e-01 1.492252946e-02 4.095216095e-01 -3.810472488e-01 4.890185595e-01 -4.712707400e-01 3.581658304e-01 0.000000000e+00 0.000000000e+00 0.000000000e+00 1.000000000e+00
-5.854426622e-01 4.652828574e-01 -4.231815040e-01 2.962004840e-01 -4.004522413e-02 4.541372061e-01 -4.918693900e-01 3.049353957e-01 0.000000000e+00 0.000000000e+00 0.000000000e+00 1.000000000e+00
-5.682523847e-01 5.574296713e-01 -9.594812989e-02 4.998937845e-01 -5.800814629e-01 5.145411491e-01 7.683206350e-03 4.146418273e-01 0.000000000e+00 0.000000000e+00 0.000000000e+00 1.000000000e+00
-3.684664965e-01 4.790641069e-01 2.057959437e-01 3.345269561e-01 2.454200089e-01 4.129404724e-01 1.170923412e-01 3.585949540e-01 0.000000000e+00 0.000000000e+00 0.000000000e+00 1.000000000e+00
-8.077397943e-02 5.872182846e-01 3.225702047e-01 4.140522480e-01 -4.255725443e-01 5.485456586e-01 2.111294419e-01 3.582940102e-01 0.000000000e+00 0.000000000e+00 0.000000000e+00 1.000000000e+00
-2.712917328e-01 5.606864691e-01 1.462295800e-01 5.785281062e-01 2.817915082e-01 5.207925439e-01 -8.486258984e-02 5.819801092e-01 0.000000000e+00 0.000000000e+00 0.000000000e+00 1.000000000e+00
2.323506474e-01 3.021809459e-01 -4.104138911e-02 5.250307322e-01 -2.464436740e-02 2.748092711e-01 -5.309001207e-01 4.202978909e-01 0.000000000e+00 0.000000000e+00 0.000000000e+00 1.000000000e+00
1.281655282e-01 1.606376171e-01 -3.930270076e-01 2.328365445e-01 -2.753492892e-01 1.366968006e-01 -5.463481545e-01 8.431041986e-02 0.000000000e+00 0.000000000e+00 0.000000000e+00 1.000000000e+00
8.040786535e-02 -3.898711503e-02 -2.887189090e-01 3.837089613e-02 -1.577448249e-01 -2.637132257e-02 -1.070655137e-01 -9.114629775e-02 0.000000000e+00 0.000000000e+00 0.000000000e+00 1.000000000e+00
1.989857256e-01 -1.935676038e-01 3.222003579e-01 -7.729317993e-03 1.312266290e-01 -2.271871865e-01 4.108253121e-01 -5.993168429e-02 0.000000000e+00 0.000000000e+00 0.000000000e+00 1.000000000e+00
1.441145688e-02 -3.765661716e-01 1.304627657e-01 -2.109303921e-01 -2.788966596e-01 -4.735710919e-01 1.359290481e-01 -3.246288896e-01 0.000000000e+00 0.000000000e+00 0.000000000e+00 1.000000000e+00
-6.036626101e-01 -7.257980108e-01 -8.705607057e-02 -5.355475545e-01 -2.592200637e-01 -7.930139303e-01 -9.575961530e-02 -5.549576879e-01 0.000000000e+00 0.000000000e+00 0.000000000e+00 1.000000000e+00
-6.985526681e-01 -1.176503181e+00 3.788772225e-01 -1.014576077e+00 -7.486942410e-01 -1.246350408e+00 8.588341475e-01 -1.052063107e+00 0.000000000e+00 0.000000000e+00 0.000000000e+00 1.000000000e+00
-7.583805919e-01 -1.640033960e+00 6.631985307e-01 -1.134217739e+00 -7.074963450e-01 -1.743836999e+00 6.000040174e-01 -1.192641616e+00 0.000000000e+00 0.000000000e+00 0.000000000e+00 1.000000000e+00
-8.116456270e-01 -2.058719873e+00 -1.434718668e-01 -1.320212722e+00 -1.115847826e+00 -2.090475321e+00 -1.793157458e-01 -1.443381190e+00 0.000000000e+00 0.000000000e+00 0.000000000e+00 1.000000000e+00
-5.526932478e-01 -2.290834904e+00 -1.031200647e+00 -1.315263867e+00 -1.094374180e+00 -2.425332546e+00 -8.368248940e-01 -1.909939051e+00 0.000000000e+00 0.000000000e+00 0.000000000e+00 1.000000000e+00
-4.645054936e-01 -2.778746605e+00 -1.173906922e+00 -1.545691848e+00 -6.461948156e-01 -2.997059107e+00 -2.984731197e-01 -1.894712329e+00 0.000000000e+00 0.000000000e+00 0.000000000e+00 1.000000000e+00
1.629656851e-01 -3.176230669e+00 5.590595603e-01 -2.052865982e+00 4.773194790e-01 -3.404042959e+00 1.198411822e+00 -2.410283089e+00 0.000000000e+00 0.000000000e+00 0.000000000e+00 1.000000000e+00
1.233632088e+00 -3.600427628e+00 1.926357508e+00 -1.444346666e+00 1.185057521e+00 -3.800372124e+00 2.386254549e+00 -2.671132565e+00 0.000000000e+00 0.000000000e+00 0.000000000e+00 1.000000000e+00
3.947408199e-01 -3.941587448e+00 1.078629017e+00 -2.443485737e+00 3.562088013e-01 -3.986992121e+00 1.059226632e+00 -2.448989868e+00 0.000000000e+00 0.000000000e+00 0.000000000e+00 1.000000000e+00
2.879999280e-01 -3.749819994e+00 -4.888572693e-01 -2.002195835e+00 -6.489875168e-02 -3.819674015e+00 -2.920880318e-01 -2.193924665e+00 0.000000000e+00 0.000000000e+00 0.000000000e+00 1.000000000e+00
-2.535307109e-01 -3.405218124e+00 -1.316694856e+00 -9.038585424e-01 -9.309687614e-01 -3.471690655e+00 -1.093225002e+00 -2.700964451e+00 0.000000000e+00 0.000000000e+00 0.000000000e+00 1.000000000e+00
-1.146558523e+00 -3.317459345e+00 -9.097353220e-01 -2.380903006e+00 -9.466159344e-01 -3.279552221e+00 -9.876254201e-01 -2.202564240e+00 0.000000000e+00 0.000000000e+00 0.000000000e+00 1.000000000e+00
-5.470494628e-01 -2.714384794e+00 -4.290541410e-01 -1.650531530e+00 -5.282649398e-01 -2.757791758e+00 -1.823090464e-01 -1.523325443e+00 0.000000000e+00 0.000000000e+00 0.000000000e+00 1.000000000e+00
-1.048729062e+00 -2.278363228e+00 -4.568448663e-01 -1.432194591e+00 -5.709818006e-01 -2.208691120e+00 1.678964794e-01 -1.640262365e+00 0.000000000e+00 0.000000000e+00 0.000000000e+00 1.000000000e+00
-1.813766003e+00 -1.580855727e+00 4.817733765e-01 -1.244338274e+00 -3.025633395e-01 -1.428335428e+00 4.566118121e-01 -1.013683558e+00 0.000000000e+00 0.000000000e+00 0.000000000e+00 1.000000000e+00
-7.683420181e-01 -8.571191430e-01 -9.372991323e-02 -6.298566461e-01 -2.508356094e+00 -7.470903397e-01 -3.116813302e-01 -8.598951101e-01 0.000000000e+00 0.000000000e+00 0.000000000e+00 1.000000000e+00
-1.933972836e+00 -5.211575627e-01 -8.428466320e-02 -6.568611264e-01 -1.773486853e+00 -4.222795963e-01 3.926685452e-01 -6.058489084e-01 0.000000000e+00 0.000000000e+00 0.000000000e+00 1.000000000e+00
-1.932700634e+00 -1.595179439e-01 1.270255804e+00 -3.678440452e-01 -1.500588417e+00 -6.756661087e-02 4.550544918e-01 -2.641859055e-01 0.000000000e+00 0.000000000e+00 0.000000000e+00 1.000000000e+00
5.433394909e-01 1.351670623e-01 1.057700396e+00 7.299196720e-02 1.117124319e+00 1.542197913e-01 1.817323208e+00 2.610756755e-01 0.000000000e+00 0.000000000e+00 0.000000000e+00 1.000000000e+00
5.864315629e-01 2.185828388e-01 1.640956163e+00 3.745923638e-01 -1.265437245e+00 2.029804438e-01 -2.424895167e-01 -1.087225974e-02 0.000000000e+00 0.000000000e+00 0.000000000e+00 1.000000000e+00
-3.564753532e-01 2.452495098e-01 -9.756764174e-01 2.264093608e-01 4.484470189e-01 2.561670542e-01 -1.369707108e+00 2.863095701e-01 0.000000000e+00 0.000000000e+00 0.000000000e+00 1.000000000e+00
7.348742485e-01 2.714086771e-01 -1.785991073e+00 3.825582862e-01 4.796539545e-01 2.931634784e-01 -1.409855962e+00 3.431146443e-01 0.000000000e+00 0.000000000e+00 0.000000000e+00 1.000000000e+00
1.218745828e+00 1.262994707e-01 -5.054008961e-01 2.713294029e-01 1.082134962e+00 1.014737785e-01 7.832559943e-01 1.460544616e-01 0.000000000e+00 0.000000000e+00 0.000000000e+00 1.000000000e+00
8.072322011e-01 -1.498501003e-02 2.735314846e+00 1.722906530e-02 -2.791376114e-01 -3.808945417e-03 2.485945463e+00 -8.960067481e-02 0.000000000e+00 0.000000000e+00 0.000000000e+00 1.000000000e+00
-1.320383430e+00 -2.206248343e-01 1.301853061e+00 -3.744255900e-01 -2.974362969e-01 -1.877822280e-01 -1.322360516e+00 -2.611824870e-01 0.000000000e+00 0.000000000e+00 0.000000000e+00 1.000000000e+00
9.426438808e-01 -2.361639291e-01 -2.197760582e+00 -2.289391123e-03 -6.662514210e-01 -2.023629546e-01 -2.119549751e+00 -2.388888448e-01 0.000000000e+00 0.000000000e+00 0.000000000e+00 1.000000000e+00
-1.078353524e+00 -2.915909290e-01 8.082687855e-02 -4.031592309e-01 -1.837713003e+00 -2.184065878e-01 1.311454058e+00 -5.179527998e-01 0.000000000e+00 0.000000000e+00 0.000000000e+00 1.000000000e+00
-4.866273403e-01 -3.462477326e-01 1.616903782e+00 -1.181458756e-01 2.467028052e-02 -2.816795111e-01 7.815021276e-01 -4.125894606e-02 0.000000000e+00 0.000000000e+00 0.000000000e+00 1.000000000e+00
-4.409013987e-01 -3.386490345e-01 -6.013537049e-01 -1.385036409e-01 -2.416641116e-01 -2.633319199e-01 -8.546222448e-01 -2.399535328e-01 0.000000000e+00 0.000000000e+00 0.000000000e+00 1.000000000e+00
-5.494190753e-02 -1.546345651e-01 -9.406071305e-01 -6.921444833e-02 -6.322329640e-01 -9.116536379e-02 -1.403772593e+00 -1.672047377e-01 0.000000000e+00 0.000000000e+00 0.000000000e+00 1.000000000e+00
1.845004708e-01 -9.009718150e-02 -7.150745392e-01 -8.896625042e-02 -8.249878287e-01 -1.948749274e-02 -8.515337706e-01 -2.041757703e-01 0.000000000e+00 0.000000000e+00 0.000000000e+00 1.000000000e+00
-1.183209658e+00 -1.373331994e-01 7.220469713e-01 -4.041303694e-01 -1.221301794e+00 -5.039887130e-02 6.889095306e-01 -3.382208645e-01 0.000000000e+00 0.000000000e+00 0.000000000e+00 1.000000000e+00
-2.033372641e+00 -3.128387779e-02 3.133598864e-01 -4.131501913e-01 -1.776809692e+00 4.269270599e-02 -4.090572298e-01 -3.167483509e-01 0.000000000e+00 0.000000000e+00 0.000000000e+00 1.000000000e+00
-1.076676250e+00 4.006494582e-02 -8.007996082e-01 -3.079465628e-01 -9.280046821e-01 3.192734718e-02 -2.096203864e-01 -2.579466403e-01 0.000000000e+00 0.000000000e+00 0.000000000e+00 1.000000000e+00
2.464141250e-01 4.786680639e-02 8.455470800e-01 -6.195958704e-04 7.758121490e-01 1.880524307e-02 -8.599959612e-01 -2.162760496e-02 0.000000000e+00 0.000000000e+00 0.000000000e+00 1.000000000e+00
1.094364047e+00 -1.484140009e-02 1.605823636e-01 1.384897679e-01 3.905701637e-02 1.383581758e-02 -3.877578676e-01 -9.372536838e-02 0.000000000e+00 0.000000000e+00 0.000000000e+00 1.000000000e+00
-9.628156424e-01 -1.597653329e-02 -6.949879527e-01 -1.859978437e-01 -1.355859518e+00 1.446437091e-02 -1.748156071e+00 -3.176583350e-01 0.000000000e+00 0.000000000e+00 0.000000000e+00 1.000000000e+00
-1.566609740e+00 -3.310181201e-03 -1.828629136e+00 -2.081685513e-01 8.048668504e-02 -1.710250974e-03 1.203146935e+00 -7.458381355e-02 0.000000000e+00 0.000000000e+00 0.000000000e+00 1.000000000e+00
1.445595384e+00 -3.178273141e-02 4.365712643e+00 4.396250844e-01 8.744794130e-01 -1.300349534e-01 2.579403162e+00 2.933875918e-01 0.000000000e+00 0.000000000e+00 0.000000000e+00 1.000000000e+00
-2.557865679e-01 7.002435625e-02 -1.994851708e+00 4.136295915e-01 -1.096351504e+00 7.530213892e-02 -5.072212219e+00 9.248542786e-02 0.000000000e+00 0.000000000e+00 0.000000000e+00 1.000000000e+00
-1.529747367e+00 -1.412132680e-01 -4.532102108e+00 5.114410818e-02 -7.768468261e-01 -7.800634205e-02 1.127184749e+00 -2.709589005e-01 0.000000000e+00 0.000000000e+00 0.000000000e+00 1.000000000e+00
-1.185976714e-01 -1.292546839e-01 4.485408783e+00 1.353829652e-01 4.743300006e-02 -1.850599349e-01 2.029639959e+00 1.431071609e-01 0.000000000e+00 0.000000000e+00 0.000000000e+00 1.000000000e+00
4.854187667e-01 -2.425522208e-01 6.272338331e-02 1.680460721e-01 -1.793318987e-01 -2.381224334e-01 -6.800333261e-01 -7.542026043e-02 0.000000000e+00 0.000000000e+00 0.000000000e+00 1.000000000e+00
-2.824293673e-01 -3.292731047e-01 1.759087890e-01 -1.086184084e-01 -2.786229849e-01 -3.295781910e-01 9.692531824e-02 -3.209919035e-01 0.000000000e+00 0.000000000e+00 0.000000000e+00 1.000000000e+00
-8.150258064e-01 -2.885617912e-01 -2.678244710e-01 -1.861002445e-01 -8.989223242e-01 -2.379352450e-01 -1.655863225e-01 -2.637824416e-01 0.000000000e+00 0.000000000e+00 0.000000000e+00 1.000000000e+00
-4.930881262e-01 -2.502118051e-01 -6.528779864e-01 1.134851947e-02 -6.232097149e-01 -2.247766554e-01 -1.398030043e+00 -1.344871223e-01 0.000000000e+00 0.000000000e+00 0.000000000e+00 1.000000000e+00
-1.172047704e-01 -2.117496133e-01 -1.256776750e-01 -1.032809615e-01 9.535264969e-01 -2.103483975e-01 1.001330018e+00 1.203264296e-02 0.000000000e+00 0.000000000e+00 0.000000000e+00 1.000000000e+00
4.481189847e-01 -4.032946825e-01 1.538053989e+00 -6.680082530e-02 3.753164411e-01 -4.368611574e-01 1.002817079e-01 -1.918233335e-01 0.000000000e+00 0.000000000e+00 0.000000000e+00 1.000000000e+00
-3.203372955e-01 -4.988482594e-01 -1.373925447e+00 -2.660336196e-01 -5.551511645e-01 -4.776545167e-01 -2.557108164e+00 -5.167750120e-01 0.000000000e+00 0.000000000e+00 0.000000000e+00 1.000000000e+00
-7.532276511e-01 -2.672378123e-01 -2.946741104e+00 -3.629027009e-01 -1.592821717e+00 -2.116329968e-01 -1.062620640e+00 -5.268648863e-01 0.000000000e+00 0.000000000e+00 0.000000000e+00 1.000000000e+00
-4.349846840e-01 -3.076007068e-01 1.204841375e+00 -3.537414372e-01 -5.825155377e-01 -3.543030918e-01 2.780655384e+00 -3.852264881e-01 0.000000000e+00 0.000000000e+00 0.000000000e+00 1.000000000e+00
8.205355406e-01 -3.904119730e-01 1.659295082e+00 -9.562969953e-02 -8.741823584e-02 -3.703601956e-01 -3.851270676e-01 -2.655998170e-01 0.000000000e+00 0.000000000e+00 0.000000000e+00 1.000000000e+00
-1.194083333e+00 -4.703984261e-01 -1.174053431e+00 -5.792226791e-01 -8.347141743e-01 -4.445146322e-01 2.556385696e-01 -5.448821187e-01 0.000000000e+00 0.000000000e+00 0.000000000e+00 1.000000000e+00
6.776113808e-02 -5.603969693e-01 2.052826643e+00 -4.198203683e-01 4.872705340e-01 -6.209565997e-01 7.628570795e-01 -3.924646080e-01 0.000000000e+00 0.000000000e+00 0.000000000e+00 1.000000000e+00
-4.146644473e-01 -5.063275099e-01 -4.747387469e-01 -4.864464700e-01 -9.049445987e-01 -5.017380714e-01 -1.837180734e+00 -6.349288225e-01 0.000000000e+00 0.000000000e+00 0.000000000e+00 1.000000000e+00
-8.563496470e-01 -4.345404208e-01 -1.874544024e+00 -5.007879734e-01 -4.746455550e-01 -3.621312380e-01 -1.321728110e+00 -4.576205015e-01 0.000000000e+00 0.000000000e+00 0.000000000e+00 1.000000000e+00
-3.576568961e-01 -2.354917973e-01 -9.381973147e-01 -1.493896544e-01 5.039088428e-03 -1.838778555e-01 2.924092114e-01 -1.336915195e-01 0.000000000e+00 0.000000000e+00 0.000000000e+00 1.000000000e+00
-5.328122973e-01 -1.185036600e-01 1.874328852e+00 -1.410723925e-01 -7.911351323e-01 -9.618183225e-02 1.748527884e+00 -9.171582758e-02 0.000000000e+00 0.000000000e+00 0.000000000e+00 1.000000000e+00
6.796551943e-01 -1.186593547e-01 7.075091600e-01 1.282996237e-01 -8.005483150e-01 -1.210068241e-01 -1.549618244e+00 -1.703056395e-01 0.000000000e+00 0.000000000e+00 0.000000000e+00 1.000000000e+00
-9.794538021e-01 -2.239727080e-01 -2.683727741e+00 -1.262432337e-01 -1.034284949e+00 -1.537699401e-01 -2.263971806e+00 -3.208260238e-01 0.000000000e+00 0.000000000e+00 0.000000000e+00 1.000000000e+00
6.663001180e-01 -2.498000562e-01 1.322304368e+00 1.150762215e-01 1.808699250e+00 -2.667080462e-01 3.140996933e+00 -6.667299569e-02 0.000000000e+00 0.000000000e+00 0.000000000e+00 1.000000000e+00
1.514895201e+00 -4.837160110e-01 1.869047165e+00 -6.934732199e-03 -8.379765749e-01 -5.160089731e-01 -8.218595982e-01 -4.930700958e-01 0.000000000e+00 0.000000000e+00 0.000000000e+00 1.000000000e+00
-7.684772015e-01 -3.393787146e-01 -1.883774519e+00 -2.880638242e-01 1.043599010e+00 -3.003057539e-01 -1.046190262e+00 -2.947417796e-01 0.000000000e+00 0.000000000e+00 0.000000000e+00 1.000000000e+00
1.823943853e+00 -3.324389458e-01 -1.041108370e+00 8.958145976e-02 1.308509111e+00 -3.614146411e-01 9.750649333e-02 -1.629348248e-01 0.000000000e+00 0.000000000e+00 0.000000000e+00 1.000000000e+00
-4.625337943e-02 -3.609919250e-01 1.607936502e+00 -2.658205032e-01 8.054620624e-01 -4.247711897e-01 2.839010954e+00 -2.390086353e-01 0.000000000e+00 0.000000000e+00 0.000000000e+00 1.000000000e+00
1.798463702e+00 -3.989127278e-01 1.980014563e+00 -2.373474836e-02 -8.159087300e-01 -4.239539206e-01 -2.576815367e+00 -4.325476289e-01 0.000000000e+00 0.000000000e+00 0.000000000e+00 1.000000000e+00
-1.665147662e+00 -2.450086474e-01 -3.716993093e+00 -4.015766680e-01 -1.040141940e+00 -2.729121745e-01 -3.168476343e+00 -6.322905421e-01 0.000000000e+00 0.000000000e+00 0.000000000e+00 1.000000000e+00
2.410112917e-01 -1.473265439e-01 6.247070432e-01 -1.709674150e-01 -3.136768341e-01 -1.802333593e-01 3.053255796e+00 -2.291824669e-01 0.000000000e+00 0.000000000e+00 0.000000000e+00 1.000000000e+00
-1.647694826e+00 -1.652740836e-01 2.543312550e+00 -3.838800192e-01 8.939450979e-01 -1.659959853e-01 1.186357737e+00 -1.108331308e-01 0.000000000e+00 0.000000000e+00 0.000000000e+00 1.000000000e+00
9.284522533e-01 -8.671425283e-02 -7.085051537e-01 1.605384648e-01 -1.351049662e+00 -6.732485443e-02 -2.878484488e+00 -3.260511756e-01 0.000000000e+00 0.000000000e+00 0.000000000e+00 1.000000000e+00
-6.883238554e-01 -8.883725107e-02 -1.924752355e+00 -2.774736583e-01 -7.901000977e-02 -9.982091188e-02 7.861286402e-03 -3.725906610e-01 0.000000000e+00 0.000000000e+00 0.000000000e+00 1.000000000e+00
-5.834885240e-01 1.421914101e-01 2.928041220e+00 1.087133288e-01 7.667751312e-01 1.147787869e-01 3.587083817e+00 1.587961912e-01 0.000000000e+00 0.000000000e+00 0.000000000e+00 1.000000000e+00
2.054221153e+00 7.147560269e-02 1.459872127e+00 3.555416465e-01 -6.423286200e-01 1.218504608e-01 -1.241744399e+00 -6.064638495e-03 0.000000000e+00 0.000000000e+00 0.000000000e+00 1.000000000e+00
-1.078094840e+00 5.685608834e-02 -2.823858261e+00 2.091336250e-02 -3.262643218e-01 7.287885249e-02 -1.120444179e+00 -1.526773870e-01 0.000000000e+00 0.000000000e+00 0.000000000e+00 1.000000000e+00
5.364987999e-02 1.412330568e-01 1.585456133e+00 1.979360729e-01 -3.610248268e-01 1.612127125e-01 1.975438476e+00 1.078967452e-01 0.000000000e+00 0.000000000e+00 0.000000000e+00 1.000000000e+00
-1.011206269e+00 -5.427747220e-02 4.975861907e-01 -4.406133667e-02 -3.648741245e-01 -3.811112046e-02 -6.858853698e-01 -8.668778092e-02 0.000000000e+00 0.000000000e+00 0.000000000e+00 1.000000000e+00
-7.239073515e-01 -9.189075232e-02 -1.009641171e+00 -1.206844524e-01 -6.827742457e-01 -6.921782345e-02 -7.908424139e-01 -2.128072381e-01 0.000000000e+00 0.000000000e+00 0.000000000e+00 1.000000000e+00
-7.997931838e-01 -9.355429560e-03 1.010278910e-01 -1.175523326e-01 7.420826554e-01 1.993661374e-02 1.200659394e+00 -6.339833885e-02 0.000000000e+00 0.000000000e+00 0.000000000e+00 1.000000000e+00
-3.526880145e-01 -1.983773708e-02 2.164862394e+00 -8.833431453e-02 -1.416566223e-01 -1.318541914e-02 9.423467517e-02 -7.128181309e-02 0.000000000e+00 0.000000000e+00 0.000000000e+00 1.000000000e+00
2.704164386e-01 3.372478485e-01 -1.517292023e+00 3.235176802e-01 -4.383767247e-01 3.348694444e-01 -2.069330215e+00 1.046366990e-01 0.000000000e+00 0.000000000e+00 0.000000000e+00 1.000000000e+00
1.389730573e-01 2.197215855e-01 -3.365673125e-02 1.163581610e-01 5.490810275e-01 2.272270173e-01 1.010821939e+00 -5.838137120e-03 0.000000000e+00 0.000000000e+00 0.000000000e+00 1.000000000e+00
4.724823534e-01 1.620691717e-01 1.252062321e+00 1.486674249e-01 3.233931661e-01 1.584701240e-01 1.415243506e+00 7.772256434e-02 0.000000000e+00 0.000000000e+00 0.000000000e+00 1.000000000e+00
2.986718118e-01 1.428528726e-01 1.011989832e+00 1.437810957e-01 7.716018707e-02 1.530642956e-01 1.495321989e+00 8.438508213e-02 0.000000000e+00 0.000000000e+00 0.000000000e+00 1.000000000e+00
5.043976903e-01 2.616065145e-01 5.224272609e-01 2.219517082e-01 -4.393656552e-01 3.583993912e-01 -8.766965270e-01 9.601399302e-02 0.000000000e+00 0.000000000e+00 0.000000000e+00 1.000000000e+00
-1.437347233e-01 3.456882834e-01 -1.944230318e+00 2.279072106e-01 -1.421575844e-01 4.187097251e-01 -9.960289001e-01 7.423585653e-02 0.000000000e+00 0.000000000e+00 0.000000000e+00 1.000000000e+00
2.210780233e-02 3.475073874e-01 2.779600024e-01 3.518800139e-01 7.951194048e-01 4.639554620e-01 1.801693678e+00 3.025902212e-01 0.000000000e+00 0.000000000e+00 0.000000000e+00 1.000000000e+00
6.997867227e-01 4.460142255e-01 2.363595486e+00 3.647508621e-01 1.328946501e-01 5.317114592e-01 1.523985505e+00 3.456836045e-01 0.000000000e+00 0.000000000e+00 0.000000000e+00 1.000000000e+00
5.272552967e-01 4.517691433e-01 -3.454962373e-01 3.716038764e-01 1.151984811e+00 5.368756652e-01 -1.382982135e+00 4.451083541e-01 0.000000000e+00 0.000000000e+00 0.000000000e+00 1.000000000e+00
1.432078600e+00 5.546420217e-01 -1.202896953e+00 6.703454852e-01 1.242711306e+00 5.482585430e-01 7.293346524e-02 4.781594574e-01 0.000000000e+00 0.000000000e+00 0.000000000e+00 1.000000000e+00
8.855429292e-02 3.303111196e-01 -3.956679404e-01 2.857353091e-01 -2.746794224e-01 3.911695182e-01 -6.141538024e-01 1.695751548e-01 0.000000000e+00 0.000000000e+00 0.000000000e+00 1.000000000e+00
-2.124590278e-01 7.384825498e-02 -3.459735811e-01 2.000310272e-02 9.205713868e-03 9.866514802e-02 -8.269319534e-01 2.931138128e-02 0.000000000e+00 0.000000000e+00 0.000000000e+00 1.000000000e+00
-6.485286951e-01 -4.634469748e-02 -6.045961380e-01 -1.458060741e-01 -1.416278839e+00 2.998256683e-02 9.659576416e-01 -1.942226589e-01 0.000000000e+00 0.000000000e+00 0.000000000e+00 1.000000000e+00
-4.410779476e-01 1.044198796e-01 2.836332321e+00 9.061281383e-02 8.604747057e-01 8.359507471e-02 3.098273754e+00 2.042561024e-01 0.000000000e+00 0.000000000e+00 0.000000000e+00 1.000000000e+00
1.375224710e+00 4.859529063e-02 1.950714588e+00 4.085101187e-01 -3.778146803e-01 8.510517329e-02 -1.410638809e+00 6.949174404e-02 0.000000000e+00 0.000000000e+00 0.000000000e+00 1.000000000e+00
-1.114571929e+00 1.123939082e-01 -3.033425093e+00 1.454840600e-02 7.272409797e-01 1.101189107e-01 -3.251378536e+00 1.756430119e-01 0.000000000e+00 0.000000000e+00 0.000000000e+00 1.000000000e+00
1.181769013e+00 -5.665389821e-02 -2.659028530e+00 2.051323801e-01 1.264457107e+00 -1.647373289e-02 5.897313952e-01 2.024352700e-01 0.000000000e+00 0.000000000e+00 0.000000000e+00 1.000000000e+00
-9.080266953e-01 -1.167992353e-01 1.752664328e+00 -9.008541703e-02 8.185362816e-01 -6.984388828e-02 3.086614609e+00 1.643016189e-01 0.000000000e+00 0.000000000e+00 0.000000000e+00 1.000000000e+00
1.908191204e+00 6.775136292e-02 2.087337255e+00 5.028038621e-01 7.294936776e-01 8.756616712e-02 -8.746828437e-01 3.664203286e-01 0.000000000e+00 0.000000000e+00 0.000000000e+00 1.000000000e+00
9.106333256e-01 4.236329347e-03 -6.598570943e-01 2.936967611e-01 1.072219312e-01 4.145941138e-02 -4.455526769e-01 1.745048910e-01 0.000000000e+00 0.000000000e+00 0.000000000e+00 1.000000000e+00
4.576431215e-02 7.550527900e-02 9.757125974e-01 1.448303610e-01 4.207786322e-01 9.709446877e-02 1.737582684e+00 2.065449357e-01 0.000000000e+00 0.000000000e+00 0.000000000e+00 1.000000000e+00
1.781084895e+00 8.289435506e-02 1.132597566e+00 4.095256925e-01 -3.085424900e-01 9.198342264e-02 -3.603816628e-01 1.545899063e-01 0.000000000e+00 0.000000000e+00 0.000000000e+00 1.000000000e+00
4.723256826e-02 1.695784032e-01 -1.180801630e+00 4.184856415e-01 2.363677919e-01 1.088873893e-01 -1.058470249e+00 3.270916343e-01 0.000000000e+00 0.000000000e+00 0.000000000e+00 1.000000000e+00
-9.071705937e-01 1.669715047e-01 3.729382753e-01 6.556510180e-02 -3.623895645e-01 1.876394898e-01 1.620969653e+00 -2.668515593e-02 0.000000000e+00 0.000000000e+00 0.000000000e+00 1.000000000e+00
2.049010843e-01 2.359157801e-02 2.329025030e+00 4.241198301e-03 -1.970331669e-01 4.319718480e-02 9.531686306e-01 -3.664986044e-02 0.000000000e+00 0.000000000e+00 0.000000000e+00 1.000000000e+00
-2.386788875e-01 1.650429815e-01 -5.823409557e-01 5.007459223e-02 4.961026087e-02 1.696810275e-01 -2.291972876e+00 -2.634950355e-02 0.000000000e+00 0.000000000e+00 0.000000000e+00 1.000000000e+00
3.777343035e-01 1.554348469e-01 -2.100952148e+00 1.369927526e-01 -1.960179657e-01 1.370215714e-01 -1.626650929e+00 -1.310639083e-01 0.000000000e+00 0.000000000e+00 0.000000000e+00 1.000000000e+00
-9.146960080e-02 -8.568992466e-02 -1.203687668e+00 -1.667125821e-01 1.976904273e-01 -8.895196766e-02 -1.111432672e+00 -2.323749363e-01 0.000000000e+00 0.000000000e+00 0.000000000e+00 1.000000000e+00
1.180883884e+00 -3.790868521e-01 9.141108394e-02 -2.264391631e-02 7.504356503e-01 -3.900914490e-01 4.627587199e-01 -1.676184684e-01 0.000000000e+00 0.000000000e+00 0.000000000e+00 1.000000000e+00
1.094584942e+00 -7.027765512e-01 9.202676415e-01 -3.510997891e-01 9.665359557e-02 -7.058832049e-01 7.857450247e-01 -5.183703899e-01 0.000000000e+00 0.000000000e+00 0.000000000e+00 1.000000000e+00
6.091428995e-01 -1.144754648e+00 3.095425367e-01 -6.368129849e-01 2.811985910e-01 -1.209603548e+00 -1.637738943e-01 -9.053490162e-01 0.000000000e+00 0.000000000e+00 0.000000000e+00 1.000000000e+00
-2.890158296e-01 -1.542436242e+00 -9.677491188e-01 -9.246871471e-01 -3.834302425e-01 -1.638899446e+00 -3.876481652e-01 -1.192387223e+00 0.000000000e+00 0.000000000e+00 0.000000000e+00 1.000000000e+00
-1.783539951e-01 -1.856445193e+00 -1.756877899e-01 -1.142601490e+00 -5.809561014e-01 -1.919628143e+00 3.823509216e-01 -1.305921316e+00 0.000000000e+00 0.000000000e+00 0.000000000e+00 1.000000000e+00
-5.725589991e-01 -2.275825500e+00 2.139432728e-01 -1.233967066e+00 -8.048045039e-01 -2.383950472e+00 4.014050961e-01 -1.529424906e+00 0.000000000e+00 0.000000000e+00 0.000000000e+00 1.000000000e+00
-4.262714982e-01 -2.729120970e+00 -5.858433247e-01 -1.520952463e+00 -1.292038560e+00 -2.797194719e+00 -5.528024435e-01 -1.995649934e+00 0.000000000e+00 0.000000000e+00 0.000000000e+00 1.000000000e+00
-1.901547074e+00 -3.089800596e+00 -1.723730922e+00 -1.616553664e+00 -2.721743822e+00 -3.039323568e+00 -1.842229486e+00 -2.607055187e+00 0.000000000e+00 0.000000000e+00 0.000000000e+00 1.000000000e+00
-2.014493942e+00 -2.896617651e+00 -2.042061567e+00 -1.917721391e+00 -2.151022196e+00 -2.798294544e+00 -2.045765877e+00 -2.364899158e+00 0.000000000e+00 0.000000000e+00 0.000000000e+00 1.000000000e+00
-1.849408269e+00 -2.842475653e+00 -2.162195444e+00 -1.418865442e+00 -2.150335312e+00 -2.749200821e+00 -2.583917379e+00 -2.707395792e+00 0.000000000e+00 0.000000000e+00 0.000000000e+00 1.000000000e+00
-2.224349737e+00 -2.450286388e+00 -3.080256224e+00 -1.824992418e+00 -2.328614235e+00 -2.296303988e+00 -2.497145891e+00 -1.776166201e+00 0.000000000e+00 0.000000000e+00 0.000000000e+00 1.000000000e+00
-1.300256133e+00 -2.332205296e+00 -1.686544180e+00 -1.543651223e+00 -1.415761352e+00 -2.213436365e+00 -1.499459863e+00 -1.763669252e+00 0.000000000e+00 0.000000000e+00 0.000000000e+00 1.000000000e+00
-3.647310138e-01 -2.802873373e+00 -5.828259587e-01 -1.679904699e+00 -2.439573854e-01 -2.804708242e+00 -1.318235993e-01 -1.832242966e+00 0.000000000e+00 0.000000000e+00 0.000000000e+00 1.000000000e+00
-3.522409797e-01 -2.981468678e+00 2.150441706e-01 -1.602162242e+00 -6.653288007e-01 -2.943265200e+00 3.421550989e-01 -1.787850380e+00 0.000000000e+00 0.000000000e+00 0.000000000e+00 1.000000000e+00
-6.255394816e-01 -2.928737640e+00 -3.380290866e-01 -1.657105327e+00 -1.072752714e+00 -2.859577179e+00 -8.530222774e-01 -1.870642662e+00 0.000000000e+00 0.000000000e+00 0.000000000e+00 1.000000000e+00
-4.076751471e-01 -2.558135748e+00 -7.955083251e-01 -1.655565143e+00 -5.650647879e-01 -2.437608480e+00 3.062704802e-01 -1.532273531e+00 0.000000000e+00 0.000000000e+00 0.000000000e+00 1.000000000e+00
-6.525042057e-01 -2.178322554e+00 -1.890984178e-01 -1.598651528e+00 -8.765525818e-01 -2.007718086e+00 -1.242790669e-01 -1.584954500e+00 0.000000000e+00 0.000000000e+00 0.000000000e+00 1.000000000e+00
-5.564742088e-01 -1.915657759e+00 3.468491137e-01 -1.490821838e+00 -3.668391407e-01 -1.754927516e+00 1.001574472e-01 -1.300928950e+00 0.000000000e+00 0.000000000e+00 0.000000000e+00 1.000000000e+00
-4.376538098e-01 -1.429088831e+00 -1.901568770e-01 -1.000741363e+00 -7.378308773e-01 -1.393602967e+00 1.866123453e-02 -9.937304854e-01 0.000000000e+00 0.000000000e+00 0.000000000e+00 1.000000000e+00
-1.027747035e+00 -8.251310587e-01 -2.826981544e-01 -8.178598285e-01 -4.783541560e-01 -8.109418750e-01 8.807626367e-02 -7.134231925e-01 0.000000000e+00 0.000000000e+00 0.000000000e+00 1.000000000e+00
-3.022004366e-01 -4.404113293e-01 5.118163228e-01 -3.802362680e-01 -6.374936700e-01 -4.202797115e-01 -4.299977422e-02 -3.532910645e-01 0.000000000e+00 0.000000000e+00 0.000000000e+00 1.000000000e+00
-3.850357533e-01 -2.105022073e-01 -2.149823606e-01 -3.536112309e-01 -2.231469452e-01 -2.520176768e-01 -2.786242217e-02 -2.971707582e-01 0.000000000e+00 0.000000000e+00 0.000000000e+00 1.000000000e+00
-5.391718745e-01 -7.176913321e-02 -2.190846354e-01 -2.205662131e-01 -1.347754300e-01 -7.497589290e-02 -2.517334521e-01 -1.617994457e-01 0.000000000e+00 0.000000000e+00 0.000000000e+00 1.000000000e+00
1.262814999e-01 -4.340500385e-02 7.747258544e-01 -1.435301602e-01 -3.017176092e-01 -7.715095580e-02 7.594133019e-01 -2.607497573e-01 0.000000000e+00 0.000000000e+00 0.000000000e+00 1.000000000e+00
-1.190755144e-01 -6.363112479e-02 5.017827153e-01 -1.557671875e-01 -6.774319410e-01 -4.214961082e-02 9.538362920e-02 -1.897313148e-01 0.000000000e+00 0.000000000e+00 0.000000000e+00 1.000000000e+00
-3.997072577e-03 -4.913397133e-02 -2.137050033e-03 3.882593662e-02 2.593393028e-01 -1.490091532e-02 -5.210360289e-01 9.723408520e-02 0.000000000e+00 0.000000000e+00 0.000000000e+00 1.000000000e+00
2.042691112e-01 -4.022669047e-02 -1.613060087e-01 4.943663254e-02 1.198689714e-01 -3.313530236e-02 -1.547022015e-01 8.210653812e-02 0.000000000e+00 0.000000000e+00 0.000000000e+00 1.000000000e+00
1.174896657e-01 -2.780668065e-02 -2.531804442e-01 1.116291955e-01 -6.012033671e-02 -5.256018043e-02 -8.280194998e-01 1.332134008e-02 0.000000000e+00 0.000000000e+00 0.000000000e+00 1.000000000e+00
1.119704545e-01 -5.659305304e-02 -1.208478212e+00 2.832390368e-02 5.588101745e-01 -9.429158270e-02 -1.323679686e+00 2.832398564e-02 0.000000000e+00 0.000000000e+00 0.000000000e+00 1.000000000e+00
3.877504170e-02 -1.083967984e-01 -2.657077610e-01 -5.076796561e-02 6.602208316e-02 -1.594813317e-01 4.863877892e-01 -5.702979118e-02 0.000000000e+00 0.000000000e+00 0.000000000e+00 1.000000000e+00
3.999915123e-01 -2.076395005e-01 1.295942307e+00 4.333979450e-03 5.533750653e-01 -2.645042837e-01 3.035752773e-01 -1.374498010e-03 0.000000000e+00 0.000000000e+00 0.000000000e+00 1.000000000e+00
1.882400811e-01 -2.030897737e-01 -1.699431181e+00 -1.467737556e-01 -3.849334419e-01 -2.334709913e-01 -2.484512329e+00 -2.369170040e-01 0.000000000e+00 0.000000000e+00 0.000000000e+00 1.000000000e+00
6.093628705e-02 -2.900657356e-01 -1.404690742e+00 -1.754581332e-01 5.837764591e-02 -3.281957507e-01 -6.568536758e-01 -2.301107347e-01 0.000000000e+00 0.000000000e+00 0.000000000e+00 1.000000000e+00
-3.701005578e-01 -2.333047986e-01 4.275633395e-01 -2.182428986e-01 -9.431910515e-01 -3.155242205e-01 7.019675970e-01 -3.934113383e-01 0.000000000e+00 0.000000000e+00 0.000000000e+00 1.000000000e+00
-6.520782113e-01 -1.427907497e-01 6.277233362e-01 -1.729638278e-01 -3.421107233e-01 -2.780669332e-01 -4.417147115e-02 -2.582311928e-01 0.000000000e+00 0.000000000e+00 0.000000000e+00 1.000000000e+00
-8.889409900e-01 -1.464794427e-01 2.302016914e-01 -1.941735297e-01 -1.209021807e+00 -1.279915273e-01 8.579698801e-01 -1.835397929e-01 0.000000000e+00 0.000000000e+00 0.000000000e+00 1.000000000e+00
-4.984598160e-01 -5.162791163e-02 9.533799887e-01 -1.687299162e-01 -6.004506946e-01 -5.503234267e-02 4.053051770e-02 -1.248718873e-01 0.000000000e+00 0.000000000e+00 0.000000000e+00 1.000000000e+00
-4.376605749e-01 -2.771914005e-04 -2.398215681e-01 -5.973882973e-02 -4.746191949e-02 -1.883192360e-02 6.319342554e-02 -3.868402913e-02 0.000000000e+00 0.000000000e+00 0.000000000e+00 1.000000000e+00
2.308997512e-01 -1.481798291e-02 -4.319124222e-01 2.106844187e-01 -8.153494447e-02 -2.569164336e-02 -4.126314521e-01 1.360362768e-01 0.000000000e+00 0.000000000e+00 0.000000000e+00 1.000000000e+00
2.119109035e-01 4.654637724e-02 -7.152693272e-01 2.703219056e-01 5.149001479e-01 9.557054937e-02 -2.553390861e-01 2.522936165e-01 0.000000000e+00 0.000000000e+00 0.000000000e+00 1.000000000e+00
-6.123821139e-01 4.394982755e-02 3.895584941e-01 6.598356366e-02 -6.499928236e-01 4.617073387e-02 8.769027889e-03 6.284136325e-02 0.000000000e+00 0.000000000e+00 0.000000000e+00 1.000000000e+00
5.360059142e-01 3.281865269e-02 2.674573660e-02 1.764096320e-01 1.803663075e-01 -6.703607738e-03 -1.485262990e+00 7.032108307e-02 0.000000000e+00 0.000000000e+00 0.000000000e+00 1.000000000e+00
-4.118463397e-01 -1.478187889e-01 -1.424123287e+00 -1.287043691e-01 -5.135359168e-01 -1.484731138e-01 -9.057982564e-01 -1.695226878e-01 0.000000000e+00 0.000000000e+00 0.000000000e+00 1.000000000e+00
-3.988913596e-01 -2.949268222e-01 1.733079702e-01 -3.752016127e-01 -6.701435447e-01 -3.381871879e-01 8.073017001e-01 -3.349359632e-01 0.000000000e+00 0.000000000e+00 0.000000000e+00 1.000000000e+00
-5.048071742e-01 -3.021742105e-01 1.042447567e+00 -2.061529905e-01 -6.715249419e-01 -3.096598387e-01 3.006185293e-01 -1.977179945e-01 0.000000000e+00 0.000000000e+00 0.000000000e+00 1.000000000e+00
-8.859201670e-01 -3.273381591e-01 1.669174582e-01 -3.578915596e-01 -8.910259008e-01 -3.593881428e-01 -5.106731653e-01 -2.892575860e-01 0.000000000e+00 0.000000000e+00 0.000000000e+00 1.000000000e+00
-9.756984115e-01 -3.610672355e-01 -5.636191368e-01 -4.269883335e-01 -1.171280146e+00 -3.311176896e-01 -1.404920697e+00 -3.173747063e-01 0.000000000e+00 0.000000000e+00 0.000000000e+00 1.000000000e+00
-9.455510974e-01 -3.398585916e-01 -6.176536679e-01 -3.688773811e-01 -1.275780678e+00 -3.321623802e-01 -2.808350623e-01 -4.254227877e-01 0.000000000e+00 0.000000000e+00 0.000000000e+00 1.000000000e+00
-5.424965024e-01 -1.763624251e-01 9.886647761e-02 -1.713836342e-01 -1.383514643e+00 -2.067916691e-01 -1.713657677e-01 -3.166141510e-01 0.000000000e+00 0.000000000e+00 0.000000000e+00 1.000000000e+00
-9.334262609e-01 -1.699370742e-01 -2.200962603e-01 -2.395687401e-01 -1.029558063e+00 -1.904203743e-01 -4.151895046e-01 -2.332139760e-01 0.000000000e+00 0.000000000e+00 0.000000000e+00 1.000000000e+00
-7.043892145e-01 -1.402937472e-01 -1.206963658e-01 -1.459453702e-01 -7.596467733e-01 -1.228809282e-01 -1.595525295e-01 -1.208085269e-01 0.000000000e+00 0.000000000e+00 0.000000000e+00 1.000000000e+00
-9.008276463e-01 -9.997708350e-02 -1.085490286e-01 -2.810496390e-01 -4.976009130e-01 -6.992000341e-02 -4.322776496e-01 -1.933072954e-01 0.000000000e+00 0.000000000e+00 0.000000000e+00 1.000000000e+00
-2.542417645e-01 4.337254912e-02 -5.228030086e-01 -1.147315428e-01 -3.340767026e-01 9.548354894e-02 -3.793066144e-01 -1.886242628e-02 0.000000000e+00 0.000000000e+00 0.000000000e+00 1.000000000e+00
-4.370127618e-01 1.770436764e-02 1.925520450e-01 -1.884865761e-01 -9.969173372e-02 4.260143638e-02 3.093018234e-01 -7.370136678e-02 0.000000000e+00 0.000000000e+00 0.000000000e+00 1.000000000e+00
6.318920255e-01 1.037215143e-01 3.166283369e-01 7.304635644e-02 8.258047104e-01 6.753788888e-02 -6.924988329e-02 1.061993539e-01 0.000000000e+00 0.000000000e+00 0.000000000e+00 1.000000000e+00
2.116315067e-01 1.064988002e-01 -2.837772965e-01 -1.158325374e-02 3.633122891e-02 9.236856550e-02 -6.683771014e-01 -4.137118906e-02 0.000000000e+00 0.000000000e+00 0.000000000e+00 1.000000000e+00
7.611981034e-02 2.215465605e-01 5.442246050e-02 -1.267614067e-01 4.560335875e-01 2.099416256e-01 -1.659496576e-01 -2.617657185e-03 0.000000000e+00 0.000000000e+00 0.000000000e+00 1.000000000e+00
7.100301981e-01 1.935975254e-01 -1.936970353e-01 -4.842013121e-03 8.059369326e-01 1.618173420e-01 -2.767826617e-01 -6.316035986e-03 0.000000000e+00 0.000000000e+00 0.000000000e+00 1.000000000e+00
9.993472099e-01 2.096831948e-01 -1.986745596e-01 9.920658916e-02 4.902402759e-01 2.014905810e-01 -4.918569922e-01 -4.396110773e-03 0.000000000e+00 0.000000000e+00 0.000000000e+00 1.000000000e+00
3.966531456e-01 1.629491299e-01 -5.894694328e-01 2.048878931e-02 2.935673892e-01 1.888670176e-01 -5.662010908e-01 2.904494107e-02 0.000000000e+00 0.000000000e+00 0.000000000e+00 1.000000000e+00
5.762894750e-01 2.723969519e-01 -1.397089213e-01 2.134785950e-01 7.184255123e-01 2.724525332e-01 -3.737147450e-01 2.134878635e-01 0.000000000e+00 0.000000000e+00 0.000000000e+00 1.000000000e+00
8.976345062e-01 3.055926859e-01 1.704685390e-01 2.785064280e-01 1.132150054e+00 2.759690285e-01 2.243202329e-01 3.599009812e-01 0.000000000e+00 0.000000000e+00 0.000000000e+00 1.000000000e+00
2.268380523e-01 1.897274107e-01 7.873623073e-02 1.205885857e-01 4.384330511e-01 1.880706847e-01 6.145380810e-02 1.845490634e-01 0.000000000e+00 0.000000000e+00 0.000000000e+00 1.000000000e+00
3.826308250e-02 1.299990416e-01 -1.190309525e-01 1.099462658e-01 -4.317473620e-02 1.301072687e-01 -2.880587578e-01 1.180455387e-01 0.000000000e+00 0.000000000e+00 0.000000000e+00 1.000000000e+00
1.093834788e-01 2.367456555e-01 -1.519474387e-02 2.779531777e-01 5.048719049e-01 2.131356597e-01 5.077008009e-01 3.911769986e-01 0.000000000e+00 0.000000000e+00 0.000000000e+00 1.000000000e+00
5.251033306e-01 1.352427602e-01 1.571602464e+00 2.493323982e-01 1.642798930e-01 8.364456147e-02 9.381643534e-01 1.573151797e-01 0.000000000e+00 0.000000000e+00 0.000000000e+00 1.000000000e+00
1.102795750e-01 4.838205874e-02 -1.503066868e-01 1.011126339e-01 -1.110033393e-01 -2.443352714e-02 -5.710456371e-01 2.319142222e-02 0.000000000e+00 0.000000000e+00 0.000000000e+00 1.000000000e+00
7.406838238e-02 1.059449464e-02 2.671073675e-01 1.902528256e-01 -3.827878833e-02 -4.988738149e-02 5.318794250e-01 1.290819198e-01 0.000000000e+00 0.000000000e+00 0.000000000e+00 1.000000000e+00
2.467282116e-01 -5.453406274e-02 5.005298853e-01 1.792259812e-01 -5.275887996e-02 -1.124397740e-01 7.233719528e-02 6.125998497e-02 0.000000000e+00 0.000000000e+00 0.000000000e+00 1.000000000e+00
-1.208188236e-01 -7.878604531e-02 -8.676832914e-02 3.356190771e-02 -1.216893047e-01 -1.234896779e-01 -1.142689437e-01 1.200622320e-02 0.000000000e+00 0.000000000e+00 0.000000000e+00 1.000000000e+00
-6.064261496e-02 -7.577333599e-02 1.336735487e-02 3.022345901e-02 -6.135153770e-02 -1.140732989e-01 -1.567990333e-01 1.941554248e-02 0.000000000e+00 0.000000000e+00 0.000000000e+00 1.000000000e+00
-1.360351443e-01 -8.979734033e-02 2.277502418e-02 1.038040221e-02 -1.558311582e-01 -1.160977706e-01 2.176821530e-01 -6.429582834e-03 0.000000000e+00 0.000000000e+00 0.000000000e+00 1.000000000e+00
-1.491669565e-01 -8.308299631e-02 5.445966721e-01 5.963197351e-02 -7.842481136e-03 -1.220753416e-01 9.635411203e-03 7.025578618e-02 0.000000000e+00 0.000000000e+00 0.000000000e+00 1.000000000e+00
2.460366488e-02 -8.369405568e-02 -3.288201094e-01 1.149956882e-01 9.174036235e-02 -1.193006858e-01 -1.402300447e-01 1.081785411e-01 0.000000000e+00 0.000000000e+00 0.000000000e+00 1.000000000e+00
-5.810390413e-02 -8.534896374e-02 -1.550664008e-02 9.342676401e-02 2.064596117e-02 -1.240172833e-01 -1.047053635e-01 9.275008738e-02 0.000000000e+00 0.000000000e+00 0.000000000e+00 1.000000000e+00
1.247525215e-03 -8.313777298e-02 3.979338706e-02 1.077855304e-01 2.822404355e-02 -1.176508069e-01 -1.372828484e-01 1.048727483e-01 0.000000000e+00 0.000000000e+00 0.000000000e+00 1.000000000e+00
-2.514411509e-02 -9.112629294e-02 -1.834192276e-01 8.651973307e-02 2.016665041e-02 -1.173998863e-01 -1.650878936e-01 9.607039392e-02 0.000000000e+00 0.000000000e+00 0.000000000e+00 1.000000000e+00
-8.920995146e-02 -8.813235164e-02 -5.642822385e-02 5.008618161e-02 -5.693567544e-02 -1.046715975e-01 5.028621107e-02 7.040318847e-02 0.000000000e+00 0.000000000e+00 0.000000000e+00 1.000000000e+00
-1.309375316e-01 -2.331458032e-02 6.301368475e-01 6.653682142e-02 4.705965519e-02 -2.855256200e-02 6.136440635e-01 1.199048460e-01 0.000000000e+00 0.000000000e+00 0.000000000e+00 1.000000000e+00
-2.169525027e-01 7.008960098e-02 5.562667847e-01 9.673574567e-02 -5.474619567e-02 5.942066759e-02 2.011390030e-01 1.496926844e-01 0.000000000e+00 0.000000000e+00 0.000000000e+00 1.000000000e+00
-5.292372406e-02 2.794969082e-01 3.308133483e-01 3.329646587e-01 3.232981265e-02 2.641805112e-01 4.506043792e-01 3.644757867e-01 0.000000000e+00 0.000000000e+00 0.000000000e+00 1.000000000e+00
-1.148593426e-01 4.515406489e-01 4.176990986e-01 2.863655984e-01 -1.944397837e-01 4.657927155e-01 -2.987701073e-02 2.978209853e-01 0.000000000e+00 0.000000000e+00 0.000000000e+00 1.000000000e+00
-1.442551017e-01 5.874180794e-01 1.617959142e-02 4.926778674e-01 -4.076596200e-01 6.576595306e-01 1.752381474e-01 5.410695076e-01 0.000000000e+00 0.000000000e+00 0.000000000e+00 1.000000000e+00
-4.693573713e-01 8.288602233e-01 -2.898860872e-01 5.931563973e-01 1.431111991e-01 9.599475861e-01 -1.683446407e+00 8.177640438e-01 0.000000000e+00 0.000000000e+00 0.000000000e+00 1.000000000e+00
-5.385006070e-01 1.225050569e+00 -1.560202122e+00 1.058631897e+00 -7.081442475e-01 1.372269988e+00 -4.255796075e-01 1.201510191e+00 0.000000000e+00 0.000000000e+00 0.000000000e+00 1.000000000e+00
3.455117047e-01 1.408898234e+00 -1.840429008e-01 1.541083097e+00 2.814567089e-01 1.582396626e+00 -5.975518227e-01 1.760510087e+00 0.000000000e+00 0.000000000e+00 0.000000000e+00 1.000000000e+00
-1.114346758e-01 1.847892165e+00 -8.824732304e-01 2.035320044e+00 1.285303354e+00 1.983815551e+00 -1.129163623e+00 2.372894526e+00 0.000000000e+00 0.000000000e+00 0.000000000e+00 1.000000000e+00
6.827555895e-01 2.428349495e+00 -2.181505680e+00 2.892302513e+00 -6.553668380e-01 2.595272779e+00 -2.334122181e+00 2.918717861e+00 0.000000000e+00 0.000000000e+00 0.000000000e+00 1.000000000e+00
-1.482033968e+00 2.729055166e+00 -1.595851064e+00 2.814292431e+00 -1.074115276e+00 2.866534710e+00 -1.330895662e+00 2.610493898e+00 0.000000000e+00 0.000000000e+00 0.000000000e+00 1.000000000e+00
5.382378399e-02 2.948881865e+00 -1.591380119e+00 2.735699415e+00 2.715052068e-01 2.962618351e+00 -2.101614952e+00 2.914561987e+00 0.000000000e+00 0.000000000e+00 0.000000000e+00 1.000000000e+00
3.885451257e-01 3.239680290e+00 -7.818296552e-01 3.877325535e+00 4.046055079e-01 3.290513039e+00 2.746348083e-02 2.727943420e+00 0.000000000e+00 0.000000000e+00 0.000000000e+00 1.000000000e+00
-2.361274213e-01 3.332862854e+00 5.127393007e-01 4.499101639e+00 -1.486889124e-01 3.413817167e+00 5.372263491e-02 3.334421635e+00 0.000000000e+00 0.000000000e+00 0.000000000e+00 1.000000000e+00
-5.655086040e-01 3.361292362e+00 -1.247807860e+00 3.198446035e+00 -3.047709763e-01 3.383942127e+00 -1.864427924e+00 3.088974237e+00 0.000000000e+00 0.000000000e+00 0.000000000e+00 1.000000000e+00
6.655826569e-01 3.363875628e+00 -1.090402961e+00 3.234511137e+00 9.086252451e-01 3.326122284e+00 -1.160924911e+00 3.365538359e+00 0.000000000e+00 0.000000000e+00 0.000000000e+00 1.000000000e+00
-2.422947884e-01 3.295701742e+00 -8.516227007e-01 3.581190825e+00 -5.653647184e-01 3.165214777e+00 -2.951169014e-01 2.736110449e+00 0.000000000e+00 0.000000000e+00 0.000000000e+00 1.000000000e+00
-4.479685426e-01 3.153506756e+00 -2.010759339e-02 2.373756409e+00 -6.942446232e-01 2.916570902e+00 1.129261255e-01 2.972931385e+00 0.000000000e+00 0.000000000e+00 0.000000000e+00 1.000000000e+00
-4.161276519e-01 2.694309711e+00 -4.836212993e-01 2.093730211e+00 -7.085562944e-01 2.489118338e+00 -5.537066460e-01 2.289216518e+00 0.000000000e+00 0.000000000e+00 0.000000000e+00 1.000000000e+00
2.120107710e-01 1.901169777e+00 1.591744274e-01 1.823284745e+00 -2.667433918e-01 1.685079455e+00 -2.623632550e-01 1.499466062e+00 0.000000000e+00 0.000000000e+00 0.000000000e+00 1.000000000e+00
2.146741748e-01 1.159160256e+00 3.109082580e-02 1.277511716e+00 -2.151551992e-01 1.051461577e+00 -8.835043758e-02 1.095557451e+00 0.000000000e+00 0.000000000e+00 0.000000000e+00 1.000000000e+00
-2.971317172e-01 5.343799591e-01 -1.960098445e-01 7.094835639e-01 -2.277276665e-02 4.667458832e-01 3.413873911e-01 5.980269313e-01 0.000000000e+00 0.000000000e+00 0.000000000e+00 1.000000000e+00
-8.586208522e-02 5.169160366e-01 3.257281482e-01 7.163408995e-01 -1.098690629e+00 4.991405606e-01 4.787599444e-01 6.001437306e-01 0.000000000e+00 0.000000000e+00 0.000000000e+00 1.000000000e+00
-6.977348030e-02 3.246538341e-03 1.615101993e-01 2.136937082e-01 -5.901737213e-01 5.769369006e-02 -2.399551421e-01 1.399821341e-01 0.000000000e+00 0.000000000e+00 0.000000000e+00 1.000000000e+00
-2.956184149e-01 2.761006355e-03 -3.770378828e-01 1.243678927e-01 -8.957938552e-01 6.986691058e-02 -1.006689310e+00 2.854265273e-02 0.000000000e+00 0.000000000e+00 0.000000000e+00 1.000000000e+00
-9.423186779e-01 -1.966512501e-01 -1.109389067e+00 -1.019554138e-01 -6.511626840e-01 -1.783733666e-01 -3.732760251e-01 -1.108073369e-01 0.000000000e+00 0.000000000e+00 0.000000000e+00 1.000000000e+00
1.446810067e-01 -2.333857566e-01 2.556395829e-01 8.498474956e-02 -1.470992267e-01 -2.395329326e-01 7.414308786e-01 9.078383446e-03 0.000000000e+00 0.000000000e+00 0.000000000e+00 1.000000000e+00
-6.225252151e-01 -1.648492813e-01 1.634704828e+00 -1.029167101e-01 -1.126665831e+00 -8.384431154e-02 1.125744462e+00 -7.070733607e-02 0.000000000e+00 0.000000000e+00 0.000000000e+00 1.000000000e+00
-1.452208161e+00 -7.761114091e-02 -8.874152601e-02 -2.627580166e-01 -1.282622099e+00 1.631755382e-02 -2.320086241e+00 -1.403907835e-01 0.000000000e+00 0.000000000e+00 0.000000000e+00 1.000000000e+00
-1.125422001e+00 1.042830572e-02 -2.852235317e+00 1.733635068e-01 -8.867910504e-01 1.435872465e-01 -1.879181147e+00 1.314597875e-01 0.000000000e+00 0.000000000e+00 0.000000000e+00 1.000000000e+00
3.598834276e-01 -3.071819991e-02 6.449275017e-01 2.935769856e-01 5.255061984e-01 -4.700355232e-02 1.829455614e+00 2.512627840e-01 0.000000000e+00 0.000000000e+00 0.000000000e+00 1.000000000e+00
1.176141858e+00 -1.487096697e-01 2.482411385e+00 2.918936014e-01 6.445701718e-01 -2.189634144e-01 9.990604520e-01 1.771321297e-01 0.000000000e+00 0.000000000e+00 0.000000000e+00 1.000000000e+00
1.699421704e-01 -5.124289170e-02 4.625264406e-01 4.098647460e-02 -3.293495476e-01 -8.201151341e-02 -8.005085588e-01 -6.651069224e-02 0.000000000e+00 0.000000000e+00 0.000000000e+00 1.000000000e+00
-1.343415082e-01 -5.228027701e-02 -1.832678199e+00 2.903994322e-01 -6.810998321e-01 -1.923937351e-03 -1.764348865e+00 2.437149584e-01 0.000000000e+00 0.000000000e+00 0.000000000e+00 1.000000000e+00
-2.473851591e-01 -1.403672993e-02 -1.151631117e+00 1.911806017e-01 3.199884892e-01 -2.107639611e-02 3.572518528e-01 1.220061183e-01 0.000000000e+00 0.000000000e+00 0.000000000e+00 1.000000000e+00
4.157921374e-01 -7.392668724e-02 1.325107217e+00 1.960764080e-01 -2.516674399e-01 -2.945107967e-02 1.172636390e+00 1.373902261e-01 0.000000000e+00 0.000000000e+00 0.000000000e+00 1.000000000e+00
2.681902051e-02 3.229118884e-02 9.367036819e-01 2.371950001e-01 4.206660390e-02 8.589446545e-03 3.973018378e-02 1.068576723e-01 0.000000000e+00 0.000000000e+00 0.000000000e+00 1.000000000e+00
1.774045825e-01 -6.372049451e-02 -7.429715395e-01 2.259179205e-01 -7.177667618e-01 -6.169163808e-02 -9.593905807e-01 -2.379652113e-02 0.000000000e+00 0.000000000e+00 0.000000000e+00 1.000000000e+00
1.436673850e-01 -7.565988600e-02 3.495690823e-01 2.370876372e-01 6.509579420e-01 -1.348321885e-01 1.731662154e+00 1.355988383e-01 0.000000000e+00 0.000000000e+00 0.000000000e+00 1.000000000e+00
-2.283200175e-01 -7.740799338e-02 1.672343731e+00 9.812778234e-02 -2.695677876e-01 -6.752740592e-02 3.528006971e-01 6.497681886e-02 0.000000000e+00 0.000000000e+00 0.000000000e+00 1.000000000e+00
-1.517753899e-01 -8.824855089e-02 -4.975843132e-01 1.163447648e-01 -2.075065374e-01 -8.394242823e-02 -1.418222308e+00 -2.052621171e-02 0.000000000e+00 0.000000000e+00 0.000000000e+00 1.000000000e+00
-6.787932515e-01 -3.015940636e-02 -1.788779020e+00 2.024545521e-02 -5.212997198e-01 -4.074171931e-02 -1.270301461e+00 -1.334213316e-01 0.000000000e+00 0.000000000e+00 0.000000000e+00 1.000000000e+00
-5.602731705e-01 -3.990533203e-02 -3.461815417e-01 2.747954428e-01 1.437309384e-01 -3.521535546e-02 -8.433260024e-02 1.485201120e-01 0.000000000e+00 0.000000000e+00 0.000000000e+00 1.000000000e+00
1.610461712e+00 2.820194513e-02 3.154455125e-01 5.048279762e-01 3.561531007e-01 -3.075922281e-02 1.354272604e+00 2.637837231e-01 0.000000000e+00 0.000000000e+00 0.000000000e+00 1.000000000e+00
1.342314959e+00 -7.428750396e-02 9.976654053e-01 4.349858463e-01 6.179552674e-01 -8.295024931e-02 3.672620356e-01 2.255998999e-01 0.000000000e+00 0.000000000e+00 0.000000000e+00 1.000000000e+00
3.887475729e-01 5.857982486e-02 -4.804805815e-01 3.584543169e-01 -4.643610120e-01 4.410040379e-02 -1.103319883e+00 6.981301308e-02 0.000000000e+00 0.000000000e+00 0.000000000e+00 1.000000000e+00
8.326014876e-02 3.470052779e-02 -5.986912251e-01 2.139042616e-01 -1.381981373e-01 -9.122185409e-03 -2.905247211e-01 -4.354678839e-02 0.000000000e+00 0.000000000e+00 0.000000000e+00 1.000000000e+00
-5.763390064e-01 2.338747308e-02 -1.516149879e+00 8.220031857e-02 -9.165993333e-01 4.459261894e-03 -1.814205289e+00 -1.080635339e-01 0.000000000e+00 0.000000000e+00 0.000000000e+00 1.000000000e+00
-3.415926993e-01 -2.512651682e-02 -1.736779064e-01 5.307528377e-02 2.996815741e-01 -1.293856651e-02 1.642674685e+00 3.498956561e-02 0.000000000e+00 0.000000000e+00 0.000000000e+00 1.000000000e+00
3.464906216e-01 -6.669263542e-02 1.371752501e+00 1.031450704e-01 -9.220297933e-01 -4.204300046e-02 6.381372809e-01 -1.924159378e-02 0.000000000e+00 0.000000000e+00 0.000000000e+00 1.000000000e+00
-2.919072509e-01 4.878163338e-03 3.012932837e-02 4.433128983e-02 -5.050041676e-01 1.714240760e-02 -4.890921339e-02 -6.081838533e-02 0.000000000e+00 0.000000000e+00 0.000000000e+00 1.000000000e+00
1.041545272e-01 -1.071738452e-01 -5.423320532e-01 1.422301680e-01 -2.858510017e-01 -8.203698695e-02 -1.283318877e+00 -7.245621085e-02 0.000000000e+00 0.000000000e+00 0.000000000e+00 1.000000000e+00
2.206219137e-01 -6.339168549e-02 -8.326035738e-01 2.008539140e-01 -6.993149221e-02 -3.840453923e-02 -5.671917200e-01 6.514820457e-02 0.000000000e+00 0.000000000e+00 0.000000000e+00 1.000000000e+00
-2.753840685e-01 -3.983966634e-02 -1.707119346e-01 2.400010973e-01 -3.735719323e-01 3.910660744e-03 -2.459528446e-01 9.706687927e-02 0.000000000e+00 0.000000000e+00 0.000000000e+00 1.000000000e+00
1.235196590e-01 -2.036277950e-02 1.660307944e-01 2.950932980e-01 -4.478338957e-01 -3.399527073e-02 3.387402743e-03 1.030460820e-01 0.000000000e+00 0.000000000e+00 0.000000000e+00 1.000000000e+00
1.388875544e-01 2.672058344e-02 9.891225398e-02 2.665731609e-01 -4.629469514e-01 4.530134797e-02 -5.634719133e-01 1.038422883e-01 0.000000000e+00 0.000000000e+00 0.000000000e+00 1.000000000e+00
5.791658163e-01 -5.169359595e-02 5.076914430e-01 1.883936524e-01 -2.958201766e-01 -2.277202904e-02 1.363632441e+00 1.448232681e-01 0.000000000e+00 0.000000000e+00 0.000000000e+00 1.000000000e+00
4.583248496e-01 1.904535294e-02 1.262916446e+00 2.675998509e-01 1.962867528e-01 8.947916329e-03 -6.898891330e-01 1.500169635e-01 0.000000000e+00 0.000000000e+00 0.000000000e+00 1.000000000e+00
-8.197569847e-02 4.670590162e-02 -1.469628572e+00 1.511256099e-01 -1.057651997e+00 7.035318762e-02 -1.212531447e+00 -9.776745737e-02 0.000000000e+00 0.000000000e+00 0.000000000e+00 1.000000000e+00
-5.438629389e-01 -9.814560413e-03 -6.183849573e-01 3.713686392e-02 -1.215196371e+00 2.923148125e-02 -9.994522333e-01 -1.584429145e-01 0.000000000e+00 0.000000000e+00 0.000000000e+00 1.000000000e+00
5.273677409e-02 -7.627591491e-03 -1.728082001e-01 7.642748207e-02 3.114472628e-01 -1.817296445e-02 5.664736032e-01 1.238160729e-01 0.000000000e+00 0.000000000e+00 0.000000000e+00 1.000000000e+00
-6.156805158e-02 -1.716749370e-02 9.883011580e-01 1.673803926e-01 3.725986183e-01 -8.108366281e-02 4.861782491e-01 1.206332147e-01 0.000000000e+00 0.000000000e+00 0.000000000e+00 1.000000000e+00
-2.300282419e-01 -1.604362726e-01 -3.359757066e-01 -3.528630733e-02 1.334906220e-01 -1.282548308e-01 -1.040034294e+00 -1.275535673e-02 0.000000000e+00 0.000000000e+00 0.000000000e+00 1.000000000e+00
6.599444151e-02 -4.231133312e-02 -9.652214050e-01 4.533488303e-02 9.669572115e-01 -9.916641563e-02 -3.589850664e-01 2.546745166e-02 0.000000000e+00 0.000000000e+00 0.000000000e+00 1.000000000e+00
5.402402878e-01 -9.159383178e-02 8.940324783e-01 7.775579393e-02 8.307530880e-01 -1.119256169e-01 1.406084538e+00 6.534230709e-02 0.000000000e+00 0.000000000e+00 0.000000000e+00 1.000000000e+00
6.579986215e-01 -1.332895160e-01 4.738562107e-01 1.228787750e-01 3.234007359e-01 -1.159685999e-01 -4.747470319e-01 -1.731479913e-02 0.000000000e+00 0.000000000e+00 0.000000000e+00 1.000000000e+00
2.238499075e-01 -1.226916611e-01 -7.169198990e-01 2.215623856e-02 1.234018654e-01 -6.210127473e-02 -1.014692068e+00 3.758714721e-02 0.000000000e+00 0.000000000e+00 0.000000000e+00 1.000000000e+00
3.995826244e-01 -1.284448504e-01 -9.337224960e-01 7.548399270e-02 8.820825219e-01 -8.954086155e-02 -5.820708275e-01 8.467771113e-02 0.000000000e+00 0.000000000e+00 0.000000000e+00 1.000000000e+00
1.529180110e-01 -1.022587717e-01 1.708156168e-01 1.085293479e-02 -2.877500653e-01 -4.100652039e-02 -7.853291929e-03 1.490193605e-02 0.000000000e+00 0.000000000e+00 0.000000000e+00 1.000000000e+00
-2.784775198e-01 -7.557722181e-02 2.760843635e-01 -6.619654596e-02 -7.324715257e-01 -6.822016090e-02 -2.703413367e-01 -1.355875134e-01 0.000000000e+00 0.000000000e+00 0.000000000e+00 1.000000000e+00
-4.429174364e-01 -4.233780503e-02 -2.301198542e-01 3.970205039e-02 -4.680487812e-01 -2.345502377e-03 -7.212482095e-01 1.672692597e-03 0.000000000e+00 0.000000000e+00 0.000000000e+00 1.000000000e+00
-6.753903031e-01 -9.788846970e-02 -5.065463781e-01 -1.122934818e-01 -3.459812999e-01 -7.537744194e-02 8.028982580e-02 -1.183764562e-01 0.000000000e+00 0.000000000e+00 0.000000000e+00 1.000000000e+00
-9.871807694e-02 -1.158286035e-01 5.554080009e-01 -7.021329366e-03 4.147879407e-02 -6.604261696e-02 1.955438107e-01 2.568997443e-02 0.000000000e+00 0.000000000e+00 0.000000000e+00 1.000000000e+00
-7.542248964e-01 -6.270925701e-02 -5.692716837e-01 -1.540952474e-01 -4.683435857e-01 -4.243600368e-02 -5.345218182e-01 -5.977221578e-02 0.000000000e+00 0.000000000e+00 0.000000000e+00 1.000000000e+00
-6.325993538e-01 7.644452155e-03 -7.753782272e-01 -1.517768949e-03 -3.201446533e-01 9.534358978e-04 -4.351471066e-01 5.480819941e-02 0.000000000e+00 0.000000000e+00 0.000000000e+00 1.000000000e+00
-1.406302452e-01 9.978935122e-02 -3.723447919e-01 2.842073143e-01 2.592697144e-01 8.444637805e-02 -7.527806163e-01 3.061076999e-01 0.000000000e+00 0.000000000e+00 0.000000000e+00 1.000000000e+00
-1.944635808e-02 -1.029395312e-02 -5.884484053e-01 1.571822613e-01 -1.119068742e+00 3.229413182e-02 -7.421481609e-01 -1.450794190e-02 0.000000000e+00 0.000000000e+00 0.000000000e+00 1.000000000e+00
-5.020930767e-01 -1.184430867e-01 -3.168270290e-01 -6.622099131e-02 -3.848913312e-01 -8.566095680e-02 7.704438567e-01 -1.423633695e-01 0.000000000e+00 0.000000000e+00 0.000000000e+00 1.000000000e+00
1.396543980e-01 -1.099290550e-01 1.716176748e+00 -2.346712910e-02 -1.258940697e-01 -8.859000355e-02 6.164220572e-01 -5.567058176e-02 0.000000000e+00 0.000000000e+00 0.000000000e+00 1.000000000e+00
-1.197990030e-01 -1.549728513e-01 -3.380791843e-01 -8.743648231e-02 -2.111011744e-01 -1.289682686e-01 -1.148938656e+00 -1.378574073e-01 0.000000000e+00 0.000000000e+00 0.000000000e+00 1.000000000e+00
-1.256269217e-01 -2.598973215e-01 -9.517803788e-01 -1.199721768e-01 -3.771484494e-01 -2.474745363e-01 -6.717950106e-01 -2.327793837e-01 0.000000000e+00 0.000000000e+00 0.000000000e+00 1.000000000e+00
-4.790365100e-01 -5.020078421e-01 5.671923161e-01 -3.681949377e-01 -5.923601240e-02 -5.360128880e-01 8.706603646e-01 -3.828640878e-01 0.000000000e+00 0.000000000e+00 0.000000000e+00 1.000000000e+00
4.839782417e-02 -8.429434896e-01 7.101804614e-01 -5.439783335e-01 2.452047914e-02 -8.893454075e-01 -3.451108932e-05 -5.970206857e-01 0.000000000e+00 0.000000000e+00 0.000000000e+00 1.000000000e+00
2.399596870e-01 -1.321539164e+00 2.451315522e-02 -7.724264860e-01 -4.641273916e-01 -1.393303156e+00 -2.445294112e-01 -1.062747121e+00 0.000000000e+00 0.000000000e+00 0.000000000e+00 1.000000000e+00
-6.678937674e-01 -1.677946210e+00 -7.424738407e-01 -1.212248206e+00 -8.118865490e-01 -1.704725146e+00 -1.028517485e+00 -1.399715543e+00 0.000000000e+00 0.000000000e+00 0.000000000e+00 1.000000000e+00
-3.020414710e-01 -2.035167694e+00 -1.416437149e+00 -1.389977932e+00 1.286342740e-02 -2.069982767e+00 -1.067183733e+00 -1.297083139e+00 0.000000000e+00 0.000000000e+00 0.000000000e+00 1.000000000e+00
2.697879672e-01 -2.641548157e+00 -7.706815004e-01 -1.376399755e+00 -8.647108078e-01 -2.649920940e+00 -1.124736667e+00 -2.006992579e+00 0.000000000e+00 0.000000000e+00 0.000000000e+00 1.000000000e+00
-5.921542048e-01 -3.055656433e+00 -1.775894165e+00 -1.702479959e+00 -7.354338765e-01 -3.046218634e+00 -1.699062467e+00 -1.921530485e+00 0.000000000e+00 0.000000000e+00 0.000000000e+00 1.000000000e+00
-2.405088842e-01 -3.041017771e+00 -1.550021291e+00 -1.513296127e+00 -2.414114177e-01 -3.094181299e+00 -1.513229132e+00 -1.848568916e+00 0.000000000e+00 0.000000000e+00 0.000000000e+00 1.000000000e+00
-7.394942641e-01 -3.195341110e+00 -1.604992390e+00 -1.569267035e+00 -1.398682475e+00 -3.246667862e+00 -1.307598472e+00 -2.197284460e+00 0.000000000e+00 0.000000000e+00 0.000000000e+00 1.000000000e+00
-1.157661796e+00 -3.194347620e+00 -1.428356647e+00 -2.039819717e+00 -1.479110569e-01 -3.219003916e+00 -1.035470009e+00 -1.290729284e+00 0.000000000e+00 0.000000000e+00 0.000000000e+00 1.000000000e+00
4.743969440e-01 -3.523251772e+00 -5.615454912e-01 -1.760016918e+00 3.715713024e-01 -3.644936085e+00 -4.240528345e-01 -1.541356564e+00 0.000000000e+00 0.000000000e+00 0.000000000e+00 1.000000000e+00
2.226958573e-01 -3.454683065e+00 -9.701460004e-01 -2.247431040e+00 2.605651617e-01 -3.589105368e+00 -5.043406039e-02 -1.363817930e+00 0.000000000e+00 0.000000000e+00 0.000000000e+00 1.000000000e+00
9.258507490e-01 -3.876626730e+00 -4.686806500e-01 -8.393648267e-01 6.850900650e-01 -3.974899769e+00 8.108342886e-01 -2.750682831e+00 0.000000000e+00 0.000000000e+00 0.000000000e+00 1.000000000e+00
1.052745938e+00 -3.900627375e+00 1.655690074e-01 -1.461290359e+00 1.485306501e+00 -4.030534744e+00 8.886154294e-01 -1.565777898e+00 0.000000000e+00 0.000000000e+00 0.000000000e+00 1.000000000e+00
1.276250005e+00 -3.702608109e+00 1.230935603e-01 -1.390315413e+00 1.091781616e+00 -3.835018158e+00 5.154492259e-01 -2.117284775e+00 0.000000000e+00 0.000000000e+00 0.000000000e+00 1.000000000e+00
-3.129266798e-01 -3.742080212e+00 -7.526001930e-01 -2.247925997e+00 -1.170112491e+00 -3.672159672e+00 -5.269461870e-01 -2.326679707e+00 0.000000000e+00 0.000000000e+00 0.000000000e+00 1.000000000e+00
-2.113863945e+00 -2.727484465e+00 -1.134680033e+00 -1.894536734e+00 -2.039242029e+00 -2.605498314e+00 -6.048637629e-01 -2.045844793e+00 0.000000000e+00 0.000000000e+00 0.000000000e+00 1.000000000e+00
-1.651314974e+00 -1.629659891e+00 -1.819670796e+00 -1.287050962e+00 -7.685684562e-01 -1.526491404e+00 -2.077637434e+00 -1.123192549e+00 0.000000000e+00 0.000000000e+00 0.000000000e+00 1.000000000e+00
-1.337682724e+00 -8.691807985e-01 -1.397357702e+00 -6.830649376e-01 -8.594375849e-01 -8.309548497e-01 8.974876404e-01 -7.744272351e-01 0.000000000e+00 0.000000000e+00 0.000000000e+00 1.000000000e+00
-1.107557654e+00 -3.502209783e-01 2.645690918e+00 -3.399352133e-01 -5.482299924e-01 -2.940422297e-01 2.537379503e+00 -3.120158911e-01 0.000000000e+00 0.000000000e+00 0.000000000e+00 1.000000000e+00
7.844715714e-01 1.462341473e-02 1.396613121e+00 1.806894839e-01 -2.614338994e-01 -9.270615876e-03 -1.353150606e+00 -1.279652119e-03 0.000000000e+00 0.000000000e+00 0.000000000e+00 1.000000000e+00
-2.821131945e-01 3.892332315e-02 -1.939242721e+00 -9.108892828e-02 -5.665503740e-01 5.434065312e-02 -9.071947336e-01 -1.281990707e-01 0.000000000e+00 0.000000000e+00 0.000000000e+00 1.000000000e+00
-4.329060912e-01 -4.338316247e-02 -1.172014326e-01 -1.230842173e-01 -9.106054306e-01 -5.400115997e-02 -6.223876774e-02 -1.829264462e-01 0.000000000e+00 0.000000000e+00 0.000000000e+00 1.000000000e+00
-2.225377858e-01 4.131590575e-02 8.544787169e-01 1.679277420e-02 -4.184548259e-01 2.106956393e-02 5.940462351e-01 3.420811892e-02 0.000000000e+00 0.000000000e+00 0.000000000e+00 1.000000000e+00
8.021381497e-02 3.301892877e-01 1.654694676e-01 2.186135054e-01 -2.695799470e-01 3.131907582e-01 -9.512652755e-01 2.276795506e-01 0.000000000e+00 0.000000000e+00 0.000000000e+00 1.000000000e+00
-9.238905907e-01 1.924521029e-01 -1.357547879e+00 -6.070810556e-02 -1.019523442e-01 2.163100839e-01 -8.797848225e-01 7.422840595e-02 0.000000000e+00 0.000000000e+00 0.000000000e+00 1.000000000e+00
1.196567655e+00 1.045432910e-01 6.743896604e-01 6.476136297e-02 6.385178566e-01 1.276201010e-01 6.807419062e-01 3.015904129e-02 0.000000000e+00 0.000000000e+00 0.000000000e+00 1.000000000e+00
1.550185233e-01 1.252486557e-01 1.417289823e-01 -2.088804394e-01 -2.019885927e-01 1.849667877e-01 -1.507617354e+00 -2.311312258e-01 0.000000000e+00 0.000000000e+00 0.000000000e+00 1.000000000e+00
-3.083390594e-01 1.155912131e-01 -1.773455977e+00 -1.505314857e-01 8.347943425e-02 1.373398900e-01 -1.887607813e+00 -1.395899504e-01 0.000000000e+00 0.000000000e+00 0.000000000e+00 1.000000000e+00
2.322323620e-02 2.539288998e-02 -4.920828640e-01 -3.693404049e-02 -5.481078029e-01 3.637281060e-02 8.543512225e-02 -7.673133910e-02 0.000000000e+00 0.000000000e+00 0.000000000e+00 1.000000000e+00
-2.550148368e-01 -3.032901138e-02 1.474365950e+00 -5.190666020e-02 7.870553732e-01 -4.059275240e-02 9.880461097e-01 5.294358730e-02 0.000000000e+00 0.000000000e+00 0.000000000e+00 1.000000000e+00
8.970329165e-02 -1.026875898e-01 2.224242091e-01 -1.227856129e-01 -5.545973778e-01 -7.162451744e-02 -1.626508236e-01 -1.186324060e-01 0.000000000e+00 0.000000000e+00 0.000000000e+00 1.000000000e+00
1.496767849e-01 -1.186535731e-01 -3.546805680e-01 -8.436969668e-02 -1.566851139e-02 -1.100639552e-01 -2.226606160e-01 -4.999274760e-02 0.000000000e+00 0.000000000e+00 0.000000000e+00 1.000000000e+00
-6.329785287e-02 -1.270674020e-01 -4.873040617e-01 -8.516322821e-02 -4.196715951e-01 -1.016737744e-01 -4.036234915e-01 -3.235275298e-02 0.000000000e+00 0.000000000e+00 0.000000000e+00 1.000000000e+00
2.704316676e-01 -1.371276677e-01 -2.396333218e-02 -1.337191463e-02 3.718258739e-01 -1.100634411e-01 -2.734754682e-01 8.432746679e-02 0.000000000e+00 0.000000000e+00 0.000000000e+00 1.000000000e+00
-3.871806711e-02 -1.846050918e-01 3.852880895e-01 -1.140304729e-01 1.702089310e-01 -1.549865007e-01 4.753462970e-01 -4.490522668e-02 0.000000000e+00 0.000000000e+00 0.000000000e+00 1.000000000e+00
5.783283114e-01 -2.530001700e-01 3.736284971e-01 -4.926349223e-02 4.339817166e-01 -2.401919663e-01 -5.731965899e-01 -1.155729294e-01 0.000000000e+00 0.000000000e+00 0.000000000e+00 1.000000000e+00
-4.516796470e-01 -3.491880894e-01 -1.366268635e+00 -3.160684109e-01 2.304771543e-02 -2.652354538e-01 -9.292958975e-01 -2.615354061e-01 0.000000000e+00 0.000000000e+00 0.000000000e+00 1.000000000e+00
-1.317232966e+00 -3.507136703e-01 5.611880422e-01 -5.774089098e-01 -8.912085295e-01 -2.925339937e-01 1.768304408e-02 -4.871892035e-01 0.000000000e+00 0.000000000e+00 0.000000000e+00 1.000000000e+00
-2.822266519e-01 -3.181592226e-01 1.326921582e+00 -3.149996698e-01 4.848884940e-01 -2.739054263e-01 4.130289257e-01 -1.650107950e-01 0.000000000e+00 0.000000000e+00 0.000000000e+00 1.000000000e+00
2.790781856e-02 -1.497555822e-01 -4.465425014e-01 -1.297535896e-01 -4.827099144e-01 -2.951679006e-02 -9.916923046e-01 -1.869873703e-01 0.000000000e+00 0.000000000e+00 0.000000000e+00 1.000000000e+00
2.601527572e-01 -1.234786958e-02 -7.127828598e-01 -8.187145740e-02 -6.105009466e-02 4.373707622e-02 1.070914149e+00 -1.324723512e-01 0.000000000e+00 0.000000000e+00 0.000000000e+00 1.000000000e+00
-3.599271178e-03 1.532092392e-01 3.360762894e-01 -9.660771117e-03 -5.421882272e-01 1.997761130e-01 -4.250123203e-01 5.481845140e-02 0.000000000e+00 0.000000000e+00 0.000000000e+00 1.000000000e+00
-2.700980008e-01 1.533870101e-01 -8.868609071e-01 1.014605910e-01 -2.026331425e-01 2.097448707e-01 -8.047632575e-01 1.307478249e-01 0.000000000e+00 0.000000000e+00 0.000000000e+00 1.000000000e+00
-1.435396373e-01 1.679679304e-01 -6.119650006e-01 1.370228380e-01 -3.074858338e-02 2.103446722e-01 -5.391227603e-01 1.437521577e-01 0.000000000e+00 0.000000000e+00 0.000000000e+00 1.000000000e+00
-1.170785874e-01 1.936837137e-01 -3.577744961e-01 2.347339690e-01 2.145143747e-01 2.151811719e-01 2.550828755e-01 2.259291857e-01 0.000000000e+00 0.000000000e+00 0.000000000e+00 1.000000000e+00
-2.572396398e-02 2.259565443e-01 5.079569221e-01 2.812518775e-01 2.019543797e-01 2.074018121e-01 3.431861997e-01 2.968808115e-01 0.000000000e+00 0.000000000e+00 0.000000000e+00 1.000000000e+00
7.852248847e-02 1.052836329e-01 1.196019277e-01 1.507553160e-01 1.971133649e-01 1.240884811e-01 -3.050321341e-01 2.108324468e-01 0.000000000e+00 0.000000000e+00 0.000000000e+00 1.000000000e+00
1.565835476e-01 1.483731270e-01 -5.359177589e-01 8.049991727e-02 1.565783322e-01 1.325748861e-01 -6.322272420e-01 1.274965107e-01 0.000000000e+00 0.000000000e+00 0.000000000e+00 1.000000000e+00
2.739674747e-01 1.162354797e-01 -1.053913951e+00 1.219288409e-01 1.075802207e+00 1.233253479e-01 -8.762021065e-01 2.646323442e-01 0.000000000e+00 0.000000000e+00 0.000000000e+00 1.000000000e+00
5.036299825e-01 4.401497170e-02 -3.368536830e-01 -2.275595628e-02 4.572259784e-01 6.940563023e-02 9.705470502e-02 8.103612065e-02 0.000000000e+00 0.000000000e+00 0.000000000e+00 1.000000000e+00
1.068718553e+00 -2.490114048e-02 4.263505936e-01 -1.628237218e-02 9.386174083e-01 -3.292564675e-02 -3.341039419e-01 6.530068815e-02 0.000000000e+00 0.000000000e+00 0.000000000e+00 1.000000000e+00
4.950935841e-01 9.788885713e-03 -2.218603194e-01 1.768156886e-02 9.330262542e-01 6.872572005e-02 4.752582014e-01 1.698879749e-01 0.000000000e+00 0.000000000e+00 0.000000000e+00 1.000000000e+00
5.042328835e-01 -1.026657149e-01 -5.229815841e-02 -6.808553636e-02 9.008506536e-01 -1.167367250e-01 -2.545287609e-01 6.472761929e-02 0.000000000e+00 0.000000000e+00 0.000000000e+00 1.000000000e+00
4.406340122e-01 -2.301475257e-01 -9.831352830e-01 -3.212307990e-01 3.022081256e-01 -2.075630128e-01 -1.091873527e+00 -2.882854044e-01 0.000000000e+00 0.000000000e+00 0.000000000e+00 1.000000000e+00
1.998141706e-01 -3.449990749e-01 -6.593822837e-01 -3.681025505e-01 3.229442239e-01 -3.210952282e-01 -2.672398686e-01 -2.827105224e-01 0.000000000e+00 0.000000000e+00 0.000000000e+00 1.000000000e+00
8.255699277e-02 -3.919484913e-01 3.644900620e-01 -5.074332952e-01 2.313613296e-01 -4.196976125e-01 3.620084524e-01 -4.333317876e-01 0.000000000e+00 0.000000000e+00 0.000000000e+00 1.000000000e+00
-1.240108311e-01 -4.054260254e-01 -2.865763605e-01 -4.828002453e-01 2.983032465e-01 -3.782701790e-01 -5.135819316e-01 -3.930825889e-01 0.000000000e+00 0.000000000e+00 0.000000000e+00 1.000000000e+00
-5.040673614e-01 -3.430282474e-01 -2.253952026e-01 -4.810278416e-01 -1.684713960e-01 -3.222285211e-01 5.321670771e-01 -4.075447917e-01 0.000000000e+00 0.000000000e+00 0.000000000e+00 1.000000000e+00
-5.167118907e-01 -4.646890759e-01 1.023390770e+00 -5.258076787e-01 3.040097952e-01 -4.624271393e-01 5.360990763e-01 -2.865293622e-01 0.000000000e+00 0.000000000e+00 0.000000000e+00 1.000000000e+00
-2.920327187e-01 -4.318755865e-01 6.001844406e-01 -4.555061460e-01 -2.249336690e-01 -3.802571893e-01 3.375089169e-01 -3.687642813e-01 0.000000000e+00 0.000000000e+00 0.000000000e+00 1.000000000e+00
-1.248037815e+00 -4.932712018e-01 2.730948627e-01 -6.711988449e-01 -9.826712012e-01 -4.078637362e-01 -2.612606063e-02 -5.826311111e-01 0.000000000e+00 0.000000000e+00 0.000000000e+00 1.000000000e+00
-5.546632409e-01 -3.480997384e-01 8.146513999e-02 -4.048942327e-01 -2.641186118e-01 -2.261481732e-01 -3.087134063e-01 -2.955540419e-01 0.000000000e+00 0.000000000e+00 0.000000000e+00 1.000000000e+00
-7.275196314e-01 -3.459606171e-01 1.088547111e-01 -4.207291603e-01 -1.713285685e+00 -1.937831640e-01 6.011488661e-02 -5.194002986e-01 0.000000000e+00 0.000000000e+00 0.000000000e+00 1.000000000e+00
-1.676511288e+00 -2.809649110e-01 5.358096957e-02 -5.092126727e-01 -6.887121797e-01 -1.684623361e-01 -1.793780923e-01 -4.092775583e-01 0.000000000e+00 0.000000000e+00 0.000000000e+00 1.000000000e+00
5.257994533e-01 -2.342767268e-01 1.075550914e-01 -1.890305877e-01 -4.983150959e-01 -1.767737120e-01 -7.633237243e-01 -2.431971431e-01 0.000000000e+00 0.000000000e+00 0.000000000e+00 1.000000000e+00
-2.470751107e-01 -2.130844891e-01 -1.318430901e+00 -2.313778400e-01 -1.291855574e+00 -1.116206795e-01 -1.669928908e+00 -3.067525029e-01 0.000000000e+00 0.000000000e+00 0.000000000e+00 1.000000000e+00
-7.314361334e-01 -3.901697695e-03 -3.012238741e+00 1.810133457e-02 -1.359240294e+00 9.607926011e-02 -3.228103399e+00 -6.119869649e-02 0.000000000e+00 0.000000000e+00 0.000000000e+00 1.000000000e+00
-6.450165510e-01 -8.544303477e-02 -9.046977758e-01 -4.178947210e-02 -7.729012370e-01 8.597623557e-03 2.199332952e+00 -1.281376332e-01 0.000000000e+00 0.000000000e+00 0.000000000e+00 1.000000000e+00
-3.277226388e-01 8.215723932e-02 4.758709431e+00 -8.338646591e-02 -4.847420752e-01 7.079582661e-02 1.694108963e+00 8.154647797e-02 0.000000000e+00 0.000000000e+00 0.000000000e+00 1.000000000e+00
-7.045428157e-01 5.984874070e-02 -2.427748442e+00 3.797587007e-03 -1.218551636e+00 1.632830948e-01 -4.215424538e+00 2.656481415e-02 0.000000000e+00 0.000000000e+00 0.000000000e+00 1.000000000e+00
-4.151222855e-02 1.181542724e-01 -1.308545947e+00 3.025607020e-02 4.821375012e-01 1.084974036e-01 2.691788912e+00 6.773084402e-02 0.000000000e+00 0.000000000e+00 0.000000000e+00 1.000000000e+00
1.703957319e-01 7.515867054e-02 4.827504158e+00 9.974315763e-02 -3.139072061e-01 1.036372781e-02 2.940977573e+00 -5.052332580e-02 0.000000000e+00 0.000000000e+00 0.000000000e+00 1.000000000e+00
-1.364132881e+00 1.832386255e-01 -1.253791809e+00 -1.117253602e-01 -9.970078468e-01 1.795506328e-01 -2.902778149e+00 -4.984900355e-03 0.000000000e+00 0.000000000e+00 0.000000000e+00 1.000000000e+00
-9.086382389e-01 3.212410808e-01 -1.327847242e+00 -1.536756158e-01 -3.965836763e-02 2.897931337e-01 2.796819925e+00 2.544498444e-02 0.000000000e+00 0.000000000e+00 0.000000000e+00 1.000000000e+00
-2.518952489e-01 3.996466100e-01 4.045487404e+00 1.231645793e-01 8.369989395e-01 3.279309869e-01 2.721873045e+00 2.216552496e-01 0.000000000e+00 0.000000000e+00 0.000000000e+00 1.000000000e+00
-2.276802212e-01 4.253014326e-01 -9.652544260e-01 1.181939840e-01 -8.129166365e-01 4.148468673e-01 -2.930302858e+00 -7.795549929e-02 0.000000000e+00 0.000000000e+00 0.000000000e+00 1.000000000e+00
-1.098247543e-01 3.016637266e-01 -2.647665262e+00 8.787313104e-02 1.637956053e-01 3.025525212e-01 -1.526845992e-02 -3.196032345e-02 0.000000000e+00 0.000000000e+00 0.000000000e+00 1.000000000e+00
1.076880217e+00 2.354942411e-01 1.481338263e+00 2.796486914e-01 1.289564133e+00 1.211154461e-01 1.383648992e+00 1.439444423e-01 0.000000000e+00 0.000000000e+00 0.000000000e+00 1.000000000e+00
1.124633789e+00 9.442113340e-03 1.444526017e-02 9.551920742e-02 1.017297864e+00 -2.248467505e-02 -4.075067937e-01 1.292224079e-01 0.000000000e+00 0.000000000e+00 0.000000000e+00 1.000000000e+00
7.253827155e-02 -2.410698533e-01 -2.395807058e-01 -1.084681898e-01 -1.136445925e-01 -2.065178007e-01 -1.094244242e+00 -9.261944145e-02 0.000000000e+00 0.000000000e+00 0.000000000e+00 1.000000000e+00
1.296054572e-01 -2.739525437e-01 -1.501664162e+00 -1.004655808e-01 -5.034471750e-01 -2.546082139e-01 1.386379823e-02 -2.308648229e-01 0.000000000e+00 0.000000000e+00 0.000000000e+00 1.000000000e+00
1.136304289e-01 -1.430437863e-01 2.154652834e+00 -1.639033109e-01 7.500355840e-01 -1.775226891e-01 2.373224258e+00 -8.759555221e-02 0.000000000e+00 0.000000000e+00 0.000000000e+00 1.000000000e+00
7.464898825e-01 -2.442269772e-01 8.048960567e-01 -2.398115993e-01 -8.302156627e-02 -2.792723179e-01 -1.492202640e+00 -2.808817923e-01 0.000000000e+00 0.000000000e+00 0.000000000e+00 1.000000000e+00
-8.524392843e-01 -1.875410974e-01 -1.600939512e+00 -2.948762774e-01 -9.074951708e-02 -1.475530714e-01 -5.202813745e-01 -2.951659858e-01 0.000000000e+00 0.000000000e+00 0.000000000e+00 1.000000000e+00
-5.780889392e-01 -1.914744079e-01 8.587267399e-01 -1.933669001e-01 -6.281272769e-01 -1.663852334e-01 1.017628908e+00 -2.763055563e-01 0.000000000e+00 0.000000000e+00 0.000000000e+00 1.000000000e+00
-4.291595817e-01 -1.191654727e-01 6.873589158e-01 5.383183062e-02 -3.730001152e-01 -1.029306054e-01 2.993370295e-01 -2.532029152e-02 0.000000000e+00 0.000000000e+00 0.000000000e+00 1.000000000e+00
2.367269397e-01 -1.089968383e-01 -4.405668974e-01 6.424608827e-02 -1.329257637e-01 -9.043864906e-02 -1.521193504e+00 2.424001694e-03 0.000000000e+00 0.000000000e+00 0.000000000e+00 1.000000000e+00
-3.381599784e-01 -1.408279687e-01 -2.176217556e+00 -1.509509385e-01 -5.349046588e-01 -1.375338435e-01 -1.319792986e+00 -2.114657760e-01 0.000000000e+00 0.000000000e+00 0.000000000e+00 1.000000000e+00
-1.128397435e-01 -1.347240210e-01 1.777403653e-01 -1.144276187e-01 -5.372970104e-01 -1.447394341e-01 2.123142719e+00 -2.096041739e-01 0.000000000e+00 0.000000000e+00 0.000000000e+00 1.000000000e+00
-3.007047176e-01 -1.379140168e-01 1.773084164e+00 -1.054405570e-01 -2.336278856e-01 -1.391859353e-01 -3.277131319e-01 -9.191570431e-02 0.000000000e+00 0.000000000e+00 0.000000000e+00 1.000000000e+00
-4.267507792e-01 -1.215507537e-01 -1.780893445e+00 -1.825206578e-01 -1.797647029e-01 -6.296102703e-02 -1.610248208e+00 -1.088151783e-01 0.000000000e+00 0.000000000e+00 0.000000000e+00 1.000000000e+00
-1.959615946e-01 -1.536683291e-01 -6.155617833e-01 -3.367553353e-01 -9.678335488e-02 -1.590907574e-01 -6.922627687e-01 -3.150628805e-01 0.000000000e+00 0.000000000e+00 0.000000000e+00 1.000000000e+00
-5.610223114e-02 -1.641751677e-01 -5.168707371e-01 -2.919434309e-01 -1.182872951e-01 -1.708616018e-01 1.485328078e-01 -3.352259398e-01 0.000000000e+00 0.000000000e+00 0.000000000e+00 1.000000000e+00
-3.826958537e-01 -8.374291658e-02 3.533085585e-01 -2.430105954e-01 -5.808296204e-01 -9.865056723e-02 5.268188119e-01 -2.601981759e-01 0.000000000e+00 0.000000000e+00 0.000000000e+00 1.000000000e+00
-4.898373187e-01 -7.420030236e-02 1.076378226e+00 -2.586000264e-01 4.947794378e-01 -6.747026742e-02 1.009452701e+00 -1.097680926e-01 0.000000000e+00 0.000000000e+00 0.000000000e+00 1.000000000e+00
1.114369929e-02 -6.628879160e-02 3.471657336e-01 -2.401580364e-01 2.073807716e-01 -2.057284117e-02 -1.659638762e+00 -1.481990218e-01 0.000000000e+00 0.000000000e+00 0.000000000e+00 1.000000000e+00
1.296610385e-01 4.900264740e-02 -1.889522433e+00 -4.999354482e-03 2.262317538e-01 9.089577198e-02 -1.133403420e+00 1.641938090e-02 0.000000000e+00 0.000000000e+00 0.000000000e+00 1.000000000e+00
-5.187191069e-02 -7.224322855e-02 1.445749700e-01 -6.824657321e-02 2.202598751e-01 -5.446506664e-02 4.871825278e-01 -5.325438827e-02 0.000000000e+00 0.000000000e+00 0.000000000e+00 1.000000000e+00
-4.575931132e-01 -8.228123188e-02 7.243235111e-01 -2.891388237e-01 -5.084728003e-01 -6.956073642e-02 -1.984073222e-01 -2.365285754e-01 0.000000000e+00 0.000000000e+00 0.000000000e+00 1.000000000e+00
-4.164972603e-01 -9.645733237e-02 -1.155480623e+00 -2.088097483e-01 1.842059195e-01 -5.242700875e-02 -7.434149981e-01 -1.414734721e-01 0.000000000e+00 0.000000000e+00 0.000000000e+00 1.000000000e+00
8.895577788e-01 -8.886098862e-03 1.112153530e+00 1.549461484e-01 -1.632689238e-01 -6.796278059e-03 2.224401712e+00 -5.816771090e-02 0.000000000e+00 0.000000000e+00 0.000000000e+00 1.000000000e+00
-3.206970692e-01 -8.827681094e-02 1.433704734e+00 -2.371218950e-01 2.039390504e-01 -7.790379226e-02 -1.481250286e+00 -6.931020319e-02 0.000000000e+00 0.000000000e+00 0.000000000e+00 1.000000000e+00
7.043419778e-02 -1.413513422e-01 -2.381059885e+00 -1.274322867e-01 -8.143579364e-01 -1.045584753e-01 -1.281363606e+00 -2.898268700e-01 0.000000000e+00 0.000000000e+00 0.000000000e+00 1.000000000e+00
-2.600734830e-01 -1.965487599e-01 1.047522783e+00 -2.893204093e-01 -1.151564360e+00 -1.971300542e-01 2.682294130e+00 -4.234825969e-01 0.000000000e+00 0.000000000e+00 0.000000000e+00 1.000000000e+00
-7.929924726e-01 -2.769014537e-01 2.099825144e+00 -3.190263510e-01 -1.761455536e+00 -2.252177000e-01 1.824979633e-01 -4.362452626e-01 0.000000000e+00 0.000000000e+00 0.000000000e+00 1.000000000e+00
-1.304584265e+00 -3.906637728e-01 -7.823877335e-01 -4.855442345e-01 -9.657008052e-01 -3.147678673e-01 -1.543733835e+00 -4.142215848e-01 0.000000000e+00 0.000000000e+00 0.000000000e+00 1.000000000e+00
-8.502243459e-02 -4.309712946e-01 -5.965675712e-01 -2.159302533e-01 1.543473452e-01 -4.144094586e-01 -3.877561688e-01 -2.319766581e-01 0.000000000e+00 0.000000000e+00 0.000000000e+00 1.000000000e+00
-3.119816184e-01 -7.954332829e-01 1.486796886e-01 -5.000970960e-01 -6.899641156e-01 -8.092907071e-01 4.782079458e-01 -5.773825645e-01 0.000000000e+00 0.000000000e+00 0.000000000e+00 1.000000000e+00
-6.190071106e-01 -1.573946595e+00 4.689036012e-01 -1.158909082e+00 -4.280467629e-01 -1.652767181e+00 2.846419811e-01 -1.177850127e+00 0.000000000e+00 0.000000000e+00 0.000000000e+00 1.000000000e+00
-6.411839724e-01 -2.680665016e+00 2.062633038e-01 -1.517236233e+00 -7.260604501e-01 -2.703462362e+00 -4.767392576e-02 -1.879024506e+00 0.000000000e+00 0.000000000e+00 0.000000000e+00 1.000000000e+00
-7.103624344e-01 -2.951883316e+00 -7.865256071e-01 -1.866465449e+00 -6.214959621e-01 -2.994832516e+00 -5.076511502e-01 -2.241932869e+00 0.000000000e+00 0.000000000e+00 0.000000000e+00 1.000000000e+00
8.600447327e-02 -3.122306585e+00 -5.409731865e-01 -1.814188480e+00 -5.377285480e-01 -3.213981152e+00 -8.030864596e-01 -2.184472084e+00 0.000000000e+00 0.000000000e+00 0.000000000e+00 1.000000000e+00
-3.833809197e-01 -3.302193403e+00 -7.116773129e-01 -2.298422098e+00 -9.111703634e-01 -3.361767054e+00 -7.952368259e-01 -2.621174335e+00 0.000000000e+00 0.000000000e+00 0.000000000e+00 1.000000000e+00
-7.661867142e-01 -3.381350756e+00 -8.112800121e-01 -2.643228531e+00 -1.227613568e+00 -3.436800241e+00 -8.501661420e-01 -2.521641016e+00 0.000000000e+00 0.000000000e+00 0.000000000e+00 1.000000000e+00
-6.845157146e-01 -3.433382750e+00 -5.775387883e-01 -2.768029213e+00 -7.055350542e-01 -3.492818356e+00 -8.600704372e-02 -2.477305651e+00 0.000000000e+00 0.000000000e+00 0.000000000e+00 1.000000000e+00
-1.172094464e+00 -3.419514418e+00 -5.843567252e-01 -2.771956921e+00 -1.334840059e+00 -3.561582327e+00 -3.957652450e-01 -3.181324005e+00 0.000000000e+00 0.000000000e+00 0.000000000e+00 1.000000000e+00
-1.276827455e+00 -3.054133415e+00 -3.853040338e-01 -2.542020082e+00 -1.291468740e+00 -3.161357403e+00 -4.794821143e-01 -2.550796509e+00 0.000000000e+00 0.000000000e+00 0.000000000e+00 1.000000000e+00
-1.058478594e+00 -3.154488802e+00 -3.331315517e-01 -2.602121830e+00 -8.294835687e-01 -3.145626783e+00 -4.911302328e-01 -2.500182152e+00 0.000000000e+00 0.000000000e+00 0.000000000e+00 1.000000000e+00
-1.034102440e+00 -3.151214838e+00 -5.137890577e-01 -2.715630770e+00 -1.299474955e+00 -3.128011703e+00 -2.994175553e-01 -2.532135248e+00 0.000000000e+00 0.000000000e+00 0.000000000e+00 1.000000000e+00
-1.585960031e+00 -2.800944090e+00 -5.011981130e-01 -2.520662308e+00 -1.141120315e+00 -2.727671146e+00 -3.727604747e-01 -2.123307943e+00 0.000000000e+00 0.000000000e+00 0.000000000e+00 1.000000000e+00
-8.032647967e-01 -2.059452057e+00 -5.234798789e-02 -1.746595263e+00 -1.800966263e+00 -2.022134542e+00 -9.270498753e-01 -1.819950223e+00 0.000000000e+00 0.000000000e+00 0.000000000e+00 1.000000000e+00
-5.263941288e-01 -1.321344733e+00 -7.568272352e-01 -1.114979267e+00 -2.300663888e-01 -1.320197940e+00 1.981454492e-01 -1.082167387e+00 0.000000000e+00 0.000000000e+00 0.000000000e+00 1.000000000e+00
-2.040411085e-01 -1.068955302e+00 1.067180634e+00 -9.333306551e-01 1.391576827e-01 -1.112513542e+00 2.000248432e+00 -9.310312867e-01 0.000000000e+00 0.000000000e+00 0.000000000e+00 1.000000000e+00
9.214623570e-01 -1.036005735e+00 2.276512146e+00 -6.964172721e-01 1.129694283e-01 -1.124546409e+00 6.344435215e-01 -7.645936608e-01 0.000000000e+00 0.000000000e+00 0.000000000e+00 1.000000000e+00
-5.261886120e-01 -9.079502225e-01 -3.138438463e-01 -7.781624198e-01 -7.878854871e-01 -9.232278466e-01 -6.838935018e-01 -8.325369358e-01 0.000000000e+00 0.000000000e+00 0.000000000e+00 1.000000000e+00
1.258559972e-01 -5.340288877e-01 1.858046055e-01 -4.898167253e-01 -5.083557963e-01 -5.246680975e-01 -2.500233799e-02 -5.501949787e-01 0.000000000e+00 0.000000000e+00 0.000000000e+00 1.000000000e+00
-6.104354858e-01 -3.001416624e-01 1.275259405e-01 -4.206690490e-01 -5.060228705e-01 -3.162706494e-01 3.783447742e-01 -3.787001967e-01 0.000000000e+00 0.000000000e+00 0.000000000e+00 1.000000000e+00
2.657021284e-01 -3.505792320e-01 -3.240772784e-01 -3.767838776e-01 9.079358727e-02 -3.521240354e-01 -4.882098734e-01 -3.347681165e-01 0.000000000e+00 0.000000000e+00 0.000000000e+00 1.000000000e+00
-1.736390591e-01 -3.663967848e-01 -1.174420357e+00 -4.350836277e-01 -3.807332814e-01 -3.459944129e-01 -4.860241115e-01 -4.703066945e-01 0.000000000e+00 0.000000000e+00 0.000000000e+00 1.000000000e+00
-3.704010546e-01 -3.420457840e-01 -4.200184345e-01 -3.596376479e-01 -2.838045359e-02 -3.312308192e-01 5.295500159e-01 -3.504774570e-01 0.000000000e+00 0.000000000e+00 0.000000000e+00 1.000000000e+00
-6.221036315e-01 -1.824606210e-01 1.097905159e+00 -3.406798542e-01 -5.032357574e-01 -1.715996861e-01 1.070831895e+00 -2.881706059e-01 0.000000000e+00 0.000000000e+00 0.000000000e+00 1.000000000e+00
-7.235720754e-01 -1.518292725e-02 1.001595616e+00 -1.635720879e-01 -6.756283045e-01 1.298291981e-02 -4.817838073e-01 -8.811654150e-02 0.000000000e+00 0.000000000e+00 0.000000000e+00 1.000000000e+00
-4.897975922e-02 -2.174019814e-03 -6.486267447e-01 -7.652004063e-02 -5.369124413e-01 3.952968121e-02 -3.481259048e-01 -8.301977813e-02 0.000000000e+00 0.000000000e+00 0.000000000e+00 1.000000000e+00
1.665510833e-01 4.896219075e-02 4.162157178e-01 -6.180521101e-02 -1.027448624e-01 7.267943025e-02 -1.899195164e-01 6.086982787e-03 0.000000000e+00 0.000000000e+00 0.000000000e+00 1.000000000e+00
-4.170101881e-01 1.262289584e-01 -1.714606881e-01 7.802682370e-02 -3.350694776e-01 1.755168140e-01 -3.416775465e-01 1.482328176e-01 0.000000000e+00 0.000000000e+00 0.000000000e+00 1.000000000e+00
5.551058054e-02 4.404592514e-02 -7.533231974e-01 8.694753796e-02 -1.841947287e-01 5.330521613e-02 -2.019396782e+00 6.780564785e-02 0.000000000e+00 0.000000000e+00 0.000000000e+00 1.000000000e+00
-5.539920181e-02 3.021271527e-02 -1.106829643e+00 5.137990788e-02 -1.423893929e+00 1.003912687e-01 8.619349599e-01 -1.157254130e-01 0.000000000e+00 0.000000000e+00 0.000000000e+00 1.000000000e+00
-2.597570419e-01 4.883844405e-02 1.513565660e+00 7.888334990e-02 -1.585293412e-01 2.595549822e-02 5.714198947e-01 6.496608257e-03 0.000000000e+00 0.000000000e+00 0.000000000e+00 1.000000000e+00
-6.481782198e-01 -9.449098259e-03 -3.878462613e-01 -5.055443943e-02 4.965118170e-01 1.009894162e-02 4.352573305e-02 3.816382959e-02 0.000000000e+00 0.000000000e+00 0.000000000e+00 1.000000000e+00
-1.399596334e-01 -5.942475051e-03 6.514724493e-01 -3.672480583e-03 -2.867704630e-01 1.207161695e-02 2.304253727e-01 -3.793044388e-02 0.000000000e+00 0.000000000e+00 0.000000000e+00 1.000000000e+00
-7.916980982e-01 4.426059127e-02 7.257872820e-02 -3.754441440e-02 -8.989394307e-01 6.066837162e-02 5.440428853e-01 -6.491369009e-02 0.000000000e+00 0.000000000e+00 0.000000000e+00 1.000000000e+00
-2.140352428e-01 1.188882291e-01 9.377383441e-02 -6.582617015e-02 -9.369570017e-01 1.256882250e-01 -4.744860828e-01 -5.003286153e-02 0.000000000e+00 0.000000000e+00 0.000000000e+00 1.000000000e+00
-6.953778267e-01 -1.775578409e-02 -4.570599198e-01 -1.846543998e-01 4.547566175e-03 -5.171261728e-04 -7.437785864e-01 -7.754520327e-02 0.000000000e+00 0.000000000e+00 0.000000000e+00 1.000000000e+00
1.735588312e+00 3.659222275e-02 2.727548033e-02 2.349045426e-01 1.697631240e+00 7.569022477e-03 1.214336276e+00 2.205415368e-01 0.000000000e+00 0.000000000e+00 0.000000000e+00 1.000000000e+00
1.122476682e-01 -5.136714131e-02 1.177702308e+00 -3.890202940e-02 -5.395324230e-01 -1.807213575e-02 -1.336377740e+00 -1.207113490e-01 0.000000000e+00 0.000000000e+00 0.000000000e+00 1.000000000e+00
1.490965486e-02 -3.015941195e-02 -2.515940666e+00 -2.013035119e-02 1.517066360e-02 -2.232290059e-02 -4.486828148e-01 -8.062415570e-02 0.000000000e+00 0.000000000e+00 0.000000000e+00 1.000000000e+00
-5.038243532e-01 -2.318829112e-02 1.206650019e+00 -7.428210974e-02 -9.899195284e-02 1.752891392e-02 2.580535412e+00 -3.829300404e-02 0.000000000e+00 0.000000000e+00 0.000000000e+00 1.000000000e+00
1.298451543e+00 -1.190420017e-01 1.337782741e+00 6.533336639e-02 1.062966585e-01 -1.063716337e-01 8.268614411e-01 -1.163813472e-02 0.000000000e+00 0.000000000e+00 0.000000000e+00 1.000000000e+00
-1.119423136e-01 -3.410774097e-02 -3.514976799e-01 -1.148180142e-01 -2.037207186e-01 -1.046270877e-02 -3.264058828e-01 -1.256782115e-01 0.000000000e+00 0.000000000e+00 0.000000000e+00 1.000000000e+00
-2.813540399e-01 2.502072230e-02 -2.852912247e-02 -9.178058803e-02 -4.586089253e-01 7.667519152e-02 3.559010029e-01 -2.015805244e-02 0.000000000e+00 0.000000000e+00 0.000000000e+00 1.000000000e+00
1.018853486e-02 1.100419909e-01 6.087303162e-01 -1.030258834e-03 1.014962047e-02 1.576672047e-01 -6.577694416e-01 1.323565245e-01 0.000000000e+00 0.000000000e+00 0.000000000e+00 1.000000000e+00
-1.460104585e-01 1.463172883e-01 -7.308164239e-02 2.289801836e-03 -1.052376390e+00 2.188404649e-01 1.212306976e+00 -2.829379588e-02 0.000000000e+00 0.000000000e+00 0.000000000e+00 1.000000000e+00
9.251268208e-02 1.025198326e-01 1.165193796e+00 2.103636041e-02 -1.426040232e-01 8.579514176e-02 -1.149327278e+00 4.508726299e-02 0.000000000e+00 0.000000000e+00 0.000000000e+00 1.000000000e+00
-4.431247711e-02 -1.370955631e-02 -1.178193927e+00 -2.908182889e-02 1.284728795e-01 3.821693361e-03 9.925056994e-02 -6.067701429e-02 0.000000000e+00 0.000000000e+00 0.000000000e+00 1.000000000e+00
-5.072550178e-01 -9.998574108e-02 9.703961015e-01 -1.956543326e-01 4.498839378e-03 -8.845216781e-02 1.279071689e+00 -1.179871261e-01 0.000000000e+00 0.000000000e+00 0.000000000e+00 1.000000000e+00
2.697930038e-01 -1.929042488e-01 3.193159699e-01 -2.116291225e-01 1.362602264e-01 -2.077593356e-01 -5.084568858e-01 -1.659746766e-01 0.000000000e+00 0.000000000e+00 0.000000000e+00 1.000000000e+00
9.430941939e-02 -2.691908479e-01 4.221498966e-03 -2.962707579e-01 -1.050950050e+00 -2.112973332e-01 6.926422715e-01 -3.500804007e-01 0.000000000e+00 0.000000000e+00 0.000000000e+00 1.000000000e+00
-7.834928036e-01 -2.786648273e-01 1.254752636e+00 -4.599976242e-01 -3.649237156e-01 -2.496507168e-01 -1.079566002e+00 -3.509874344e-01 0.000000000e+00 0.000000000e+00 0.000000000e+00 1.000000000e+00
-1.093663573e-01 -8.103461564e-02 -1.176634550e+00 -1.326382309e-01 -4.173338711e-01 -5.305609107e-02 -9.624066353e-01 -1.263574064e-01 0.000000000e+00 0.000000000e+00 0.000000000e+00 1.000000000e+00
1.746754348e-02 5.667302012e-02 1.458088040e+00 -2.755220607e-02 3.071007431e-01 5.010433495e-02 2.348532200e+00 2.616152167e-03 0.000000000e+00 0.000000000e+00 0.000000000e+00 1.000000000e+00
-4.953975976e-02 -2.859755605e-02 1.574695826e+00 -1.488092840e-01 -1.308895111e+00 -7.392160594e-03 -1.328530550e+00 -3.173721135e-01 0.000000000e+00 0.000000000e+00 0.000000000e+00 1.000000000e+00
-1.383982450e-01 -8.104528487e-02 -1.808337808e+00 -1.189178228e-02 -6.254842281e-01 -2.627265453e-02 -7.220109105e-01 -1.185665578e-01 0.000000000e+00 0.000000000e+00 0.000000000e+00 1.000000000e+00
2.947894037e-01 1.090446189e-01 -5.073645115e-01 1.961132884e-01 5.424008369e-01 1.553265899e-01 1.470300436e+00 1.587700695e-01 0.000000000e+00 0.000000000e+00 0.000000000e+00 1.000000000e+00
4.873260856e-01 7.031404972e-02 4.329974651e-01 2.231528312e-01 -4.276372492e-02 1.270980537e-01 -4.237644076e-01 1.777006835e-01 0.000000000e+00 0.000000000e+00 0.000000000e+00 1.000000000e+00
4.068632126e-01 5.350107700e-02 -1.885871410e+00 2.335292846e-01 2.159814835e-01 1.156854257e-01 -3.589092493e-01 2.369389534e-01 0.000000000e+00 0.000000000e+00 0.000000000e+00 1.000000000e+00
-1.256445795e-01 -9.194195271e-02 2.701573670e-01 5.322579294e-03 -6.101018190e-01 -1.241179034e-01 8.765798211e-01 -1.233279109e-01 0.000000000e+00 0.000000000e+00 0.000000000e+00 1.000000000e+00
2.719601989e-01 -2.113728821e-01 1.614960581e-01 3.675092757e-02 -5.809000731e-01 -2.060633004e-01 -1.552091837e-01 -8.079728484e-02 0.000000000e+00 0.000000000e+00 0.000000000e+00 1.000000000e+00
1.890796125e-01 -3.509398997e-01 -8.938321471e-02 -3.625376895e-02 -6.069300175e-01 -3.579550982e-01 -1.098272443e+00 -1.850591004e-01 0.000000000e+00 0.000000000e+00 0.000000000e+00 1.000000000e+00
-1.716684252e-01 -1.182186455e-01 -1.028385401e+00 -6.225451827e-02 -1.844462752e-01 -1.407323480e-01 4.794233441e-01 -8.880864084e-02 0.000000000e+00 0.000000000e+00 0.000000000e+00 1.000000000e+00
9.196418524e-01 -1.683048457e-01 2.228182316e+00 9.320300072e-02 -3.961744308e-01 -2.530465126e-01 1.790103197e+00 -1.619823277e-01 0.000000000e+00 0.000000000e+00 0.000000000e+00 1.000000000e+00
-1.915009171e-01 -2.561668158e-01 -2.272568643e-02 -1.700521708e-01 -9.447125793e-01 -2.416103482e-01 -1.681418538e+00 -3.543349802e-01 0.000000000e+00 0.000000000e+00 0.000000000e+00 1.000000000e+00
-1.607675314e+00 -2.795718312e-01 -2.096679211e+00 -5.141450167e-01 -1.031708121e+00 -2.394703031e-01 3.772957996e-02 -3.807863593e-01 0.000000000e+00 0.000000000e+00 0.000000000e+00 1.000000000e+00
-4.541221857e-01 -1.559006572e-01 7.682476044e-01 -1.512646824e-01 -2.610303462e-01 -2.152239680e-01 4.182332993e+00 -2.087902129e-01 0.000000000e+00 0.000000000e+00 0.000000000e+00 1.000000000e+00
8.216490746e-01 -2.836100459e-01 2.779452324e+00 -2.672158182e-02 4.485202581e-02 -3.244812787e-01 -3.448377848e-01 -2.000403255e-01 0.000000000e+00 0.000000000e+00 0.000000000e+00 1.000000000e+00
-7.186817527e-01 -2.763140798e-01 -2.478422165e+00 -3.629067242e-01 -2.981358767e-01 -2.344649136e-01 -2.542112112e+00 -2.778853774e-01 0.000000000e+00 0.000000000e+00 0.000000000e+00 1.000000000e+00
-1.625498682e-01 -9.473420680e-03 -2.777590990e+00 -2.152441069e-02 -6.683696061e-02 5.574261025e-02 -5.029382706e-01 7.155675441e-02 0.000000000e+00 0.000000000e+00 0.000000000e+00 1.000000000e+00
-3.269531131e-01 3.594262898e-02 1.428622246e+00 -1.973463595e-02 4.093123376e-01 2.508390695e-02 1.577641964e+00 -6.327033043e-03 0.000000000e+00 0.000000000e+00 0.000000000e+00 1.000000000e+00
2.689358592e-01 -6.381547451e-02 9.656779170e-01 -2.589291334e-01 2.210069299e-01 -2.909366041e-02 1.245279670e+00 -2.510180771e-01 0.000000000e+00 0.000000000e+00 0.000000000e+00 1.000000000e+00
7.798416913e-02 -6.135298684e-02 5.647426248e-01 -1.385006011e-01 -5.670960546e-01 -4.031937569e-02 -8.491607904e-01 -1.800762117e-01 0.000000000e+00 0.000000000e+00 0.000000000e+00 1.000000000e+00
-2.088252306e-01 1.147586852e-01 -1.201579928e+00 -3.893744946e-02 -4.736749828e-01 1.416899860e-01 -4.087812901e-01 -5.749386922e-02 0.000000000e+00 0.000000000e+00 0.000000000e+00 1.000000000e+00
-2.905415297e-01 4.277507961e-02 6.778525114e-01 -1.260681152e-01 -4.020138383e-01 8.244214207e-02 3.638843894e-01 -1.448756307e-01 0.000000000e+00 0.000000000e+00 0.000000000e+00 1.000000000e+00
2.679943442e-01 5.056375265e-02 1.387856007e-01 -9.363655746e-02 9.729253501e-02 8.168587834e-02 -8.463480473e-01 -2.651850879e-02 0.000000000e+00 0.000000000e+00 0.000000000e+00 1.000000000e+00
1.303328127e-01 6.597988307e-02 -2.799551487e-01 -2.048607916e-01 1.022046685e+00 4.658617824e-02 -1.195908666e+00 3.288716078e-03 0.000000000e+00 0.000000000e+00 0.000000000e+00 1.000000000e+00
1.073266029e+00 -1.092614308e-01 -7.466873527e-01 -5.017647147e-02 1.246278733e-01 -8.289299905e-02 3.598737121e-01 -1.570702493e-01 0.000000000e+00 0.000000000e+00 0.000000000e+00 1.000000000e+00
1.078127265e+00 -4.081010818e-03 8.320358992e-01 -1.798006892e-01 8.494307995e-01 -8.558303118e-03 9.924234450e-02 -1.803128272e-01 0.000000000e+00 0.000000000e+00 0.000000000e+00 1.000000000e+00
-1.351199985e+00 -1.034970656e-01 4.263579249e-01 -5.246627927e-01 -1.223331451e+00 -5.668721348e-02 1.023097515e+00 -3.916370571e-01 0.000000000e+00 0.000000000e+00 0.000000000e+00 1.000000000e+00
5.634194016e-01 1.575693637e-01 2.024701834e+00 1.135154143e-01 6.616849899e-01 1.841635108e-01 -1.040434837e+00 2.038560957e-01 0.000000000e+00 0.000000000e+00 0.000000000e+00 1.000000000e+00
-2.805232108e-01 1.696969271e-01 -1.769268870e+00 1.315518469e-02 -2.116297781e-01 2.486025095e-01 -7.482786179e-01 -9.616240859e-02 0.000000000e+00 0.000000000e+00 0.000000000e+00 1.000000000e+00
7.314059138e-02 8.887293190e-02 -2.584391832e-01 -9.859225154e-02 1.028727740e-01 1.386958659e-01 7.305113971e-02 -1.491205990e-01 0.000000000e+00 0.000000000e+00 0.000000000e+00 1.000000000e+00
3.442443609e-01 -2.578214929e-02 -1.001111865e-01 -1.898398995e-01 -4.471816123e-01 3.771426901e-02 -4.000121057e-01 -2.111054808e-01 0.000000000e+00 0.000000000e+00 0.000000000e+00 1.000000000e+00
-1.610058248e-01 2.558000386e-02 2.251540273e-01 -1.933108270e-01 -1.304271370e-01 4.409736395e-02 -6.740958989e-02 -1.305083632e-01 0.000000000e+00 0.000000000e+00 0.000000000e+00 1.000000000e+00
1.903560758e-01 -4.900340363e-02 2.646082640e-01 -2.682921290e-01 3.418979794e-02 -5.450142920e-02 1.130746529e-01 -2.174863219e-01 0.000000000e+00 0.000000000e+00 0.000000000e+00 1.000000000e+00
2.607564628e-01 -6.045940146e-02 6.569631696e-01 -2.254809290e-01 -3.213184774e-01 -6.631561369e-02 3.925447464e-01 -2.229234725e-01 0.000000000e+00 0.000000000e+00 0.000000000e+00 1.000000000e+00
6.435824633e-01 -2.559790909e-01 4.424261451e-01 -1.678737551e-01 5.964803696e-01 -3.178428710e-01 3.551846743e-01 -1.655029953e-01 0.000000000e+00 0.000000000e+00 0.000000000e+00 1.000000000e+00
3.055953979e-01 -4.295833707e-01 2.288439125e-01 -2.500568926e-01 -7.484604120e-01 -5.101572275e-01 -2.248042822e-01 -4.211978614e-01 0.000000000e+00 0.000000000e+00 0.000000000e+00 1.000000000e+00
-3.799291253e-01 -6.863495111e-01 -3.104702532e-01 -5.852523446e-01 -1.996223330e-01 -7.750570774e-01 8.828398585e-02 -6.730941534e-01 0.000000000e+00 0.000000000e+00 0.000000000e+00 1.000000000e+00
5.737763047e-01 -1.052854896e+00 5.210644007e-01 -5.835987329e-01 9.902406484e-03 -1.206444383e+00 6.811773777e-01 -8.060387969e-01 0.000000000e+00 0.000000000e+00 0.000000000e+00 1.000000000e+00
2.015873641e-01 -1.370524526e+00 5.906983614e-01 -8.743052483e-01 -2.422499657e-01 -1.522374868e+00 1.554029584e-01 -1.078989267e+00 0.000000000e+00 0.000000000e+00 0.000000000e+00 1.000000000e+00
2.304546386e-01 -2.018690348e+00 -8.096718788e-02 -1.173047066e+00 -3.775461316e-01 -2.168348789e+00 -3.442991376e-01 -1.405192971e+00 0.000000000e+00 0.000000000e+00 0.000000000e+00 1.000000000e+00
-7.169628739e-01 -2.292659521e+00 -5.566817522e-01 -1.388453245e+00 -1.772193670e+00 -2.358484983e+00 -4.505060315e-01 -1.738203049e+00 0.000000000e+00 0.000000000e+00 0.000000000e+00 1.000000000e+00
-1.570383072e+00 -2.464912415e+00 -2.384873629e-01 -1.843433380e+00 -1.355429888e+00 -2.486481905e+00 9.746567160e-02 -1.809118986e+00 0.000000000e+00 0.000000000e+00 0.000000000e+00 1.000000000e+00
-5.197473168e-01 -2.459450722e+00 4.569730163e-01 -1.475766301e+00 -3.242515922e-01 -2.492012501e+00 1.680871844e-01 -1.485006809e+00 0.000000000e+00 0.000000000e+00 0.000000000e+00 1.000000000e+00
-5.458960533e-01 -3.014875889e+00 -1.907667220e-01 -1.730305672e+00 -1.296395183e+00 -2.999182463e+00 -8.919889927e-01 -2.501788855e+00 0.000000000e+00 0.000000000e+00 0.000000000e+00 1.000000000e+00
-5.515831113e-01 -3.312499762e+00 -1.137979627e+00 -2.039175749e+00 -3.426824510e-02 -3.396561146e+00 -1.013488531e+00 -2.238187790e+00 0.000000000e+00 0.000000000e+00 0.000000000e+00 1.000000000e+00
-2.956202924e-01 -3.494397163e+00 -5.611129403e-01 -2.186242819e+00 1.292412728e-02 -3.566983938e+00 -3.230445981e-01 -2.137494802e+00 0.000000000e+00 0.000000000e+00 0.000000000e+00 1.000000000e+00
-5.236533284e-01 -3.008776665e+00 -1.304188967e-01 -1.892783403e+00 -4.388935566e-01 -3.064397812e+00 -9.110830724e-02 -2.335735559e+00 0.000000000e+00 0.000000000e+00 0.000000000e+00 1.000000000e+00
-3.263196945e-01 -2.926028967e+00 8.886120915e-01 -1.846693754e+00 3.303172886e-01 -3.016364098e+00 5.600500107e-01 -2.028002024e+00 0.000000000e+00 0.000000000e+00 0.000000000e+00 1.000000000e+00
7.287656516e-02 -2.795537233e+00 -3.251506984e-01 -1.687701702e+00 -5.791956782e-01 -2.822185040e+00 -6.866466403e-01 -2.063102722e+00 0.000000000e+00 0.000000000e+00 0.000000000e+00 1.000000000e+00
-6.973305941e-01 -2.719301224e+00 -1.167855978e+00 -1.910081983e+00 -3.291552067e-01 -2.744695902e+00 -7.441784143e-01 -1.662811995e+00 0.000000000e+00 0.000000000e+00 0.000000000e+00 1.000000000e+00
-5.730204582e-01 -2.413583994e+00 -1.427860260e+00 -1.548903704e+00 -2.896303535e-01 -2.483555317e+00 -1.598411322e+00 -1.716038942e+00 0.000000000e+00 0.000000000e+00 0.000000000e+00 1.000000000e+00
-1.180854291e-01 -1.856110454e+00 -2.283116877e-01 -1.280490518e+00 -3.163662851e-01 -1.859448910e+00 1.018565536e+00 -1.453849792e+00 0.000000000e+00 0.000000000e+00 0.000000000e+00 1.000000000e+00
-1.182295918e+00 -1.413658857e+00 1.381691694e+00 -1.135468245e+00 -1.042753905e-01 -1.422318578e+00 1.742316723e+00 -1.055332422e+00 0.000000000e+00 0.000000000e+00 0.000000000e+00 1.000000000e+00
-7.972558737e-01 -5.480142832e-01 1.618448049e-01 -7.004251480e-01 -1.041735411e+00 -4.993789792e-01 -1.773919344e+00 -6.977571249e-01 0.000000000e+00 0.000000000e+00 0.000000000e+00 1.000000000e+00
-1.028509140e+00 -2.917595804e-01 -1.535344481e+00 -3.567322493e-01 -7.552272081e-01 -2.460982054e-01 -2.205737680e-01 -3.576260209e-01 0.000000000e+00 0.000000000e+00 0.000000000e+00 1.000000000e+00
-3.195105493e-02 -2.999109626e-01 9.090408087e-01 -1.090190858e-01 1.128266379e-02 -2.983095646e-01 3.201448679e+00 -2.299383283e-01 0.000000000e+00 0.000000000e+00 0.000000000e+00 1.000000000e+00
-5.931453705e-01 -2.482335269e-01 2.773043871e+00 -3.086852431e-01 -5.842551589e-01 -2.492408454e-01 4.320269525e-01 -2.932296097e-01 0.000000000e+00 0.000000000e+00 0.000000000e+00 1.000000000e+00
-7.419163585e-01 -1.587388963e-01 -1.458616495e+00 -2.283493280e-01 -1.020481586e+00 -1.203247607e-01 -2.880789757e+00 -2.743878663e-01 0.000000000e+00 0.000000000e+00 0.000000000e+00 1.000000000e+00
-5.845076442e-01 -1.315508634e-01 -1.158981562e+00 -1.229226440e-01 -2.905486822e-01 -1.222453862e-01 4.124402702e-01 -1.941583455e-01 0.000000000e+00 0.000000000e+00 0.000000000e+00 1.000000000e+00
-6.206437945e-01 -1.807096899e-01 8.925399184e-01 -2.924775481e-01 -5.641558766e-01 -1.650048494e-01 5.662178993e-01 -2.981368303e-01 0.000000000e+00 0.000000000e+00 0.000000000e+00 1.000000000e+00
-5.862463117e-01 -1.887257695e-01 3.325554729e-02 -3.510414362e-01 -1.475034833e+00 -1.451298296e-01 5.028463602e-01 -5.072203279e-01 0.000000000e+00 0.000000000e+00 0.000000000e+00 1.000000000e+00
-8.154217005e-01 -1.879281998e-01 2.969169319e-01 -4.568863213e-01 -8.272149563e-01 -1.658226252e-01 -2.662278414e-01 -4.522983432e-01 0.000000000e+00 0.000000000e+00 0.000000000e+00 1.000000000e+00
-1.943312883e-01 -6.712256372e-02 -1.321666479e+00 -1.655369699e-01 -9.640366435e-01 -2.763446420e-02 -1.465132594e+00 -2.514352798e-01 0.000000000e+00 0.000000000e+00 0.000000000e+00 1.000000000e+00
-3.883297145e-01 -1.609355509e-01 6.344480813e-02 -2.234819829e-01 2.304289937e-01 -1.800169349e-01 6.928545833e-01 -2.161969393e-01 0.000000000e+00 0.000000000e+00 0.000000000e+00 1.000000000e+00
7.901312411e-02 -1.940647811e-01 5.184545517e-01 -2.559442520e-01 -7.484388351e-01 -1.801213473e-01 -8.684160709e-01 -2.855863869e-01 0.000000000e+00 0.000000000e+00 0.000000000e+00 1.000000000e+00
-8.124280572e-01 -2.529589534e-01 -8.253752589e-01 -3.853981495e-01 -8.823307157e-01 -2.318553627e-01 -2.706415653e-01 -3.682883978e-01 0.000000000e+00 0.000000000e+00 0.000000000e+00 1.000000000e+00
-2.884621024e-01 -2.488815188e-01 1.471166015e-01 -2.956275046e-01 -1.444582105e+00 -2.428596318e-01 -1.377080202e+00 -4.716368616e-01 0.000000000e+00 0.000000000e+00 0.000000000e+00 1.000000000e+00
-8.720718622e-01 -2.529885471e-01 -1.310948968e+00 -2.190988511e-01 -8.522467613e-01 -2.506200671e-01 2.200858295e-01 -3.051773906e-01 0.000000000e+00 0.000000000e+00 0.000000000e+00 1.000000000e+00
-9.606341124e-01 -4.300498068e-01 2.085428953e+00 -3.668558598e-01 -8.766191006e-01 -4.086833596e-01 1.336228967e+00 -3.706757128e-01 0.000000000e+00 0.000000000e+00 0.000000000e+00 1.000000000e+00
-2.651615739e-01 -2.640222609e-01 -1.693828702e-01 -8.108068258e-02 -1.641893029e+00 -2.370375097e-01 -2.101475477e+00 -4.023175836e-01 0.000000000e+00 0.000000000e+00 0.000000000e+00 1.000000000e+00
-1.924333453e+00 -1.894289851e-01 -1.686073422e+00 -4.077263474e-01 -8.055240512e-01 -1.210014820e-01 5.930624902e-02 -3.446357846e-01 0.000000000e+00 0.000000000e+00 0.000000000e+00 1.000000000e+00
-1.289021015e+00 -1.177526414e-01 2.224041224e-01 -3.544380963e-01 -1.372786999e+00 -3.991781920e-02 3.281259909e-02 -3.772750497e-01 0.000000000e+00 0.000000000e+00 0.000000000e+00 1.000000000e+00
-1.208248377e+00 -1.249637902e-01 -3.523856997e-01 -3.549377620e-01 -1.624618888e+00 -4.849959910e-02 5.724735856e-01 -4.480377436e-01 0.000000000e+00 0.000000000e+00 0.000000000e+00 1.000000000e+00
-7.825629711e-01 -3.718343750e-02 2.423115671e-01 -3.131134808e-01 -9.493032098e-01 4.219327867e-02 1.376736879e+00 -3.215897977e-01 0.000000000e+00 0.000000000e+00 0.000000000e+00 1.000000000e+00
-1.051682472e+00 -8.268868923e-02 6.706433296e-01 -3.484257758e-01 -1.711103320e-02 -3.127910942e-02 2.849974632e-01 -1.498188078e-01 0.000000000e+00 0.000000000e+00 0.000000000e+00 1.000000000e+00
1.921529323e-01 -1.057177782e-02 -5.997216702e-01 -8.222585171e-02 -6.334015131e-01 3.767181188e-02 -8.500536680e-01 -1.248294115e-01 0.000000000e+00 0.000000000e+00 0.000000000e+00 1.000000000e+00
-3.148244023e-01 4.505871981e-02 6.360550225e-02 -1.905698031e-01 -1.113053322e+00 9.284192324e-02 -2.634418011e-01 -2.495185137e-01 0.000000000e+00 0.000000000e+00 0.000000000e+00 1.000000000e+00
-1.942696273e-01 8.999776840e-02 -6.936344504e-02 -9.439848363e-02 -2.162156999e-02 1.240692437e-01 2.025340796e-01 -6.449528039e-03 0.000000000e+00 0.000000000e+00 0.000000000e+00 1.000000000e+00
-1.131080464e-01 3.266853690e-01 8.298867941e-01 1.611318290e-01 3.189851642e-01 3.634982407e-01 8.202836514e-01 2.572183609e-01 0.000000000e+00 0.000000000e+00 0.000000000e+00 1.000000000e+00
3.679722846e-01 2.164915502e-01 3.591226041e-01 6.670896709e-02 3.735133708e-01 2.249539495e-01 5.116936564e-02 1.771427691e-01 0.000000000e+00 0.000000000e+00 0.000000000e+00 1.000000000e+00
3.637493551e-01 3.140974939e-01 4.265465736e-01 2.069085240e-01 5.881330371e-01 3.567442596e-01 5.748264194e-01 3.004757166e-01 0.000000000e+00 0.000000000e+00 0.000000000e+00 1.000000000e+00
4.518987983e-02 2.458198667e-01 7.184199691e-01 1.295176744e-01 4.543206096e-01 2.917362154e-01 1.155839205e+00 2.245556414e-01 0.000000000e+00 0.000000000e+00 0.000000000e+00 1.000000000e+00
3.188677132e-03 2.767787874e-01 7.472298741e-01 1.343115568e-01 -4.974657893e-01 3.366442621e-01 4.841520190e-01 1.535335183e-01 0.000000000e+00 0.000000000e+00 0.000000000e+00 1.000000000e+00
-6.260634661e-01 1.353319287e-01 1.116471142e-01 2.380631492e-02 -3.908745646e-01 1.681032628e-01 -1.017905831e+00 8.016413450e-02 0.000000000e+00 0.000000000e+00 0.000000000e+00 1.000000000e+00
-4.017271399e-01 4.652001709e-02 -2.269911528e+00 -1.324405670e-01 -9.490525126e-01 1.069623828e-01 -1.651587486e+00 -1.467380524e-01 0.000000000e+00 0.000000000e+00 0.000000000e+00 1.000000000e+00
6.489396095e-03 -1.582677662e-01 -9.105736017e-01 -1.669982374e-01 -1.388551950e+00 -1.103610024e-01 -2.255646229e+00 -3.466021121e-01 0.000000000e+00 0.000000000e+00 0.000000000e+00 1.000000000e+00
-7.447900772e-01 -3.230434358e-01 -1.524013042e+00 -3.982366323e-01 3.630798459e-01 -2.483762056e-01 3.316943347e-01 -2.817800045e-01 0.000000000e+00 0.000000000e+00 0.000000000e+00 1.000000000e+00
1.135146976e+00 -5.750396252e-01 8.531454802e-01 -2.099589705e-01 4.705885947e-01 -6.200554371e-01 1.676580667e+00 -3.529604375e-01 0.000000000e+00 0.000000000e+00 0.000000000e+00 1.000000000e+00
2.508437634e-02 -9.915183187e-01 2.883805275e+00 -7.070572376e-01 5.087434128e-02 -1.051589727e+00 1.020565748e+00 -7.946674228e-01 0.000000000e+00 0.000000000e+00 0.000000000e+00 1.000000000e+00
-4.919117987e-01 -1.391781569e+00 -4.161891043e-01 -1.126376152e+00 -1.073949218e+00 -1.384208083e+00 1.370218694e-01 -1.266515136e+00 0.000000000e+00 0.000000000e+00 0.000000000e+00 1.000000000e+00
-3.922752142e-01 -1.777687907e+00 1.089975119e+00 -1.293453217e+00 -4.031252563e-01 -1.868416548e+00 -1.326972842e-01 -1.476390839e+00 0.000000000e+00 0.000000000e+00 0.000000000e+00 1.000000000e+00
-6.924489737e-01 -2.408043146e+00 -3.784045875e-01 -1.762425303e+00 -1.325057864e+00 -2.436506510e+00 -7.919591069e-01 -1.946187258e+00 0.000000000e+00 0.000000000e+00 0.000000000e+00 1.000000000e+00
-1.109305978e+00 -2.865128040e+00 -1.576410532e+00 -2.234670639e+00 -1.058957338e+00 -2.866454840e+00 -1.216678500e+00 -1.792216778e+00 0.000000000e+00 0.000000000e+00 0.000000000e+00 1.000000000e+00
-6.138780117e-01 -2.694992542e+00 3.416428566e-01 -1.799432039e+00 -7.396791577e-01 -2.766749382e+00 -1.062517092e-01 -1.812220335e+00 0.000000000e+00 0.000000000e+00 0.000000000e+00 1.000000000e+00
-4.775702655e-01 -2.840238094e+00 3.741659820e-01 -1.912214518e+00 -7.561151385e-01 -2.897152901e+00 6.163420677e-01 -1.791483402e+00 0.000000000e+00 0.000000000e+00 0.000000000e+00 1.000000000e+00
-9.484454244e-02 -3.120008469e+00 1.329619527e+00 -1.792636395e+00 -3.909992576e-01 -3.176271677e+00 1.049012423e+00 -2.083836794e+00 0.000000000e+00 0.000000000e+00 0.000000000e+00 1.000000000e+00
-6.694015861e-01 -2.873152971e+00 5.768462420e-01 -2.143177032e+00 -6.742330194e-01 -2.936027288e+00 4.517961144e-01 -2.272869349e+00 0.000000000e+00 0.000000000e+00 0.000000000e+00 1.000000000e+00
2.238885909e-01 -2.960339308e+00 -1.781477332e-01 -1.529900312e+00 -1.325156093e+00 -3.040965080e+00 -1.213201046e+00 -2.578809261e+00 0.000000000e+00 0.000000000e+00 0.000000000e+00 1.000000000e+00
-5.277267694e-01 -2.702928543e+00 -1.451272130e+00 -1.737298727e+00 -1.301072240e+00 -2.719971418e+00 -1.225011587e+00 -1.718798518e+00 0.000000000e+00 0.000000000e+00 0.000000000e+00 1.000000000e+00
-1.372505873e-01 -2.493781567e+00 -4.717384279e-01 -1.400287867e+00 -5.424563885e-01 -2.531360865e+00 -2.887937427e-01 -1.637608171e+00 0.000000000e+00 0.000000000e+00 0.000000000e+00 1.000000000e+00
-2.433418781e-01 -2.577620029e+00 1.125827432e-01 -1.705034733e+00 -5.520065427e-01 -2.593097687e+00 -3.472542763e-01 -1.919717789e+00 0.000000000e+00 0.000000000e+00 0.000000000e+00 1.000000000e+00
-9.878823757e-01 -2.515855312e+00 -8.184627295e-01 -1.794186354e+00 -1.493774414e+00 -2.423731804e+00 -7.864340544e-01 -1.983964086e+00 0.000000000e+00 0.000000000e+00 0.000000000e+00 1.000000000e+00
-1.626003265e+00 -2.005049944e+00 -1.149045229e+00 -1.768548608e+00 -2.213968277e+00 -1.824306607e+00 -1.143554807e+00 -1.803005934e+00 0.000000000e+00 0.000000000e+00 0.000000000e+00 1.000000000e+00
-2.354366302e+00 -1.556097507e+00 -6.967586875e-01 -1.670995116e+00 -1.896632433e+00 -1.406879306e+00 -9.697450399e-01 -1.445640326e+00 0.000000000e+00 0.000000000e+00 0.000000000e+00 1.000000000e+00
-7.178113461e-01 -9.298990369e-01 1.665897965e-01 -9.642253518e-01 -6.805000901e-01 -8.721322417e-01 4.592287540e-01 -9.222716689e-01 0.000000000e+00 0.000000000e+00 0.000000000e+00 1.000000000e+00
9.679250419e-03 -3.767267168e-01 3.139243722e-01 -4.104872644e-01 -1.191400647e+00 -2.884399295e-01 6.059689075e-02 -5.821568966e-01 0.000000000e+00 0.000000000e+00 0.000000000e+00 1.000000000e+00
-1.011343479e+00 -3.673132509e-02 2.948748469e-01 -3.862928748e-01 5.442479849e-01 2.385345101e-02 7.228754163e-01 -6.652392447e-02 0.000000000e+00 0.000000000e+00 0.000000000e+00 1.000000000e+00
7.905174494e-01 4.706878960e-01 4.916798770e-01 4.954850674e-01 3.184438944e-01 5.737422705e-01 -4.252854586e-01 5.172530413e-01 0.000000000e+00 0.000000000e+00 0.000000000e+00 1.000000000e+00
-4.272564650e-01 1.093925238e+00 -4.679670930e-01 9.011186361e-01 -9.000400901e-01 1.221403122e+00 -9.422054887e-01 9.389674067e-01 0.000000000e+00 0.000000000e+00 0.000000000e+00 1.000000000e+00
-7.242448330e-01 1.757743597e+00 -1.928549767e+00 1.362181425e+00 3.612203002e-01 1.849968433e+00 -2.513442993e+00 1.716833830e+00 0.000000000e+00 0.000000000e+00 0.000000000e+00 1.000000000e+00
1.735136271e+00 2.599893332e+00 -7.403481603e-01 2.408965588e+00 8.220440894e-02 2.399004698e+00 4.225313962e-01 1.799473763e+00 0.000000000e+00 0.000000000e+00 0.000000000e+00 1.000000000e+00
4.409085810e-01 3.133517981e+00 2.094227314e+00 2.769219160e+00 -1.501352906e+00 3.055918217e+00 1.922302008e+00 8.596070409e-01 0.000000000e+00 0.000000000e+00 0.000000000e+00 1.000000000e+00
-2.417548180e+00 3.277618647e+00 1.050801754e+00 9.648367167e-01 -1.686585784e+00 3.252978325e+00 2.184638679e-01 2.802242279e+00 0.000000000e+00 0.000000000e+00 0.000000000e+00 1.000000000e+00
1.058844805e+00 3.213643789e+00 -1.874452353e+00 1.619234920e+00 3.097300291e+00 3.152418613e+00 -1.381321311e+00 3.201014757e+00 0.000000000e+00 0.000000000e+00 0.000000000e+00 1.000000000e+00
1.263570786e+00 3.492018938e+00 -9.581220150e-02 2.084081173e+00 6.319564581e-01 3.434136629e+00 1.647693217e-01 1.224022746e+00 0.000000000e+00 0.000000000e+00 0.000000000e+00 1.000000000e+00
3.345848024e-01 3.222303867e+00 7.297995090e-01 1.544055343e+00 -3.534424305e-02 3.088303804e+00 6.398527026e-01 2.253386259e+00 0.000000000e+00 0.000000000e+00 0.000000000e+00 1.000000000e+00
1.448464096e-01 2.694031000e+00 3.444201648e-01 1.288581610e+00 2.635587454e-01 2.620508432e+00 -3.829344511e-01 1.193892002e+00 0.000000000e+00 0.000000000e+00 0.000000000e+00 1.000000000e+00
-1.260648370e-01 2.322927952e+00 9.333463758e-02 9.756479859e-01 6.055308580e-01 2.282588005e+00 -7.478772402e-01 1.110306025e+00 0.000000000e+00 0.000000000e+00 0.000000000e+00 1.000000000e+00
6.080094576e-01 2.211186886e+00 -7.319555283e-01 1.719806194e+00 9.413461089e-01 2.112276554e+00 -1.099116325e+00 1.299012423e+00 0.000000000e+00 0.000000000e+00 0.000000000e+00 1.000000000e+00
4.895270169e-01 1.840447426e+00 -5.932462215e-01 1.598801970e+00 -2.636434138e-02 1.770158768e+00 3.344978690e-01 1.228944302e+00 0.000000000e+00 0.000000000e+00 0.000000000e+00 1.000000000e+00
2.228189707e-01 1.173983693e+00 8.031249046e-01 9.693973660e-01 -9.944872260e-01 1.162732840e+00 1.128138661e+00 7.589065433e-01 0.000000000e+00 0.000000000e+00 0.000000000e+00 1.000000000e+00
-8.279496431e-02 9.991844893e-01 1.117982745e+00 6.034885645e-01 -1.465009451e-01 9.749155045e-01 9.240940213e-01 4.549406767e-01 0.000000000e+00 0.000000000e+00 0.000000000e+00 1.000000000e+00
-4.962750375e-01 9.463441372e-01 6.961173415e-01 5.878075957e-01 -2.029217631e-01 8.716644049e-01 1.905544251e-01 4.883700013e-01 0.000000000e+00 0.000000000e+00 0.000000000e+00 1.000000000e+00
1.267452836e+00 5.322079062e-01 -1.013813615e-01 4.037978947e-01 1.190738320e+00 4.643844664e-01 -2.858182788e-01 3.447890878e-01 0.000000000e+00 0.000000000e+00 0.000000000e+00 1.000000000e+00
3.141945601e-02 5.893723667e-02 -6.667528749e-01 -9.407056123e-02 -3.238086402e-01 5.579910427e-02 -1.028355837e+00 -1.157395244e-01 0.000000000e+00 0.000000000e+00 0.000000000e+00 1.000000000e+00
-1.526955217e-01 -3.241595626e-02 -9.248757362e-01 -8.339665085e-02 -4.180304706e-03 -2.216509357e-02 -2.074037939e-01 -2.230116725e-02 0.000000000e+00 0.000000000e+00 0.000000000e+00 1.000000000e+00
-3.617420197e-01 3.070621192e-02 8.169981837e-02 6.105628610e-02 -2.725318372e-01 4.351160675e-02 3.497531265e-02 1.103230268e-01 0.000000000e+00 0.000000000e+00 0.000000000e+00 1.000000000e+00
3.201760054e-01 1.105481088e-01 7.305801511e-01 1.424550116e-01 1.707672700e-02 1.258668303e-01 9.078260660e-01 1.368167698e-01 0.000000000e+00 0.000000000e+00 0.000000000e+00 1.000000000e+00
1.243286654e-01 5.780705065e-02 6.086205840e-01 2.926192433e-02 -3.430443704e-01 2.430517972e-02 6.078065634e-01 -3.833269328e-02 0.000000000e+00 0.000000000e+00 0.000000000e+00 1.000000000e+00
1.161109954e-01 -7.731620967e-02 -5.625423789e-02 -7.657322288e-02 -2.021325678e-01 -9.493894875e-02 -1.633183956e-01 -1.562949270e-01 0.000000000e+00 0.000000000e+00 0.000000000e+00 1.000000000e+00
4.262107015e-01 6.058749557e-02 -3.911668062e-01 1.648683995e-01 8.681712747e-01 2.340740710e-02 -1.505455077e-01 1.538522989e-01 0.000000000e+00 0.000000000e+00 0.000000000e+00 1.000000000e+00
1.010899305e+00 3.270629048e-02 -1.759552062e-01 1.483299434e-01 6.529246569e-01 1.584652811e-02 -1.920085549e-01 -1.093350351e-02 0.000000000e+00 0.000000000e+00 0.000000000e+00 1.000000000e+00
8.816969395e-01 -2.243927866e-02 3.687837720e-01 1.315549016e-01 9.065009952e-01 1.593142748e-02 -8.668570220e-02 -9.131550789e-03 0.000000000e+00 0.000000000e+00 0.000000000e+00 1.000000000e+00
9.436566830e-01 -3.278531134e-03 1.082410514e-01 7.156917453e-02 1.013956740e-01 3.156063706e-02 2.229532301e-01 -1.006865650e-01 0.000000000e+00 0.000000000e+00 0.000000000e+00 1.000000000e+00
1.070610523e+00 1.194974408e-02 5.780332685e-01 3.063829988e-02 8.150766492e-01 1.744268090e-02 9.214478135e-01 5.499786139e-02 0.000000000e+00 0.000000000e+00 0.000000000e+00 1.000000000e+00
9.630654454e-01 -1.719871536e-02 5.043294430e-01 4.798939824e-02 2.430959791e-01 6.759673357e-03 5.198755860e-01 -6.255719066e-02 0.000000000e+00 0.000000000e+00 0.000000000e+00 1.000000000e+00
3.971884251e-01 2.028328180e-02 -7.800067961e-02 1.386844814e-01 6.358552575e-01 3.003534675e-02 -7.256685495e-01 -4.891775548e-03 0.000000000e+00 0.000000000e+00 0.000000000e+00 1.000000000e+00
9.336911142e-02 -1.135363653e-01 -5.370954275e-01 -7.115541399e-02 9.842183590e-01 -1.029785275e-01 -7.079584002e-01 -8.566427231e-02 0.000000000e+00 0.000000000e+00 0.000000000e+00 1.000000000e+00
6.597446203e-01 -3.290670514e-01 1.416772604e-02 -2.615826130e-01 1.517296731e-01 -3.095382452e-01 1.755447090e-01 -2.377749383e-01 0.000000000e+00 0.000000000e+00 0.000000000e+00 1.000000000e+00
-3.289234340e-01 -1.657914817e-01 5.378021002e-01 -3.486786485e-01 -6.845803261e-01 -1.633464694e-01 8.736891747e-01 -3.798927665e-01 0.000000000e+00 0.000000000e+00 0.000000000e+00 1.000000000e+00
-5.161272734e-02 -1.595299691e-01 9.555131197e-01 -2.667411268e-01 -2.764348388e-01 -1.085817367e-01 1.189234257e-01 -3.005225360e-01 0.000000000e+00 0.000000000e+00 0.000000000e+00 1.000000000e+00
-2.460064143e-01 -9.750652313e-02 4.731037617e-01 -1.261162758e-01 -5.372579694e-01 -7.658980787e-02 -1.256768554e-01 -1.594403535e-01 0.000000000e+00 0.000000000e+00 0.000000000e+00 1.000000000e+00
-6.340287328e-01 -2.203507125e-01 -5.257389545e-01 -2.483481914e-01 -5.692512989e-01 -1.656225622e-01 -2.120882750e+00 -2.393736839e-01 0.000000000e+00 0.000000000e+00 0.000000000e+00 1.000000000e+00
1.466693282e-01 -9.652617574e-02 -1.287535191e+00 -2.435643971e-02 -4.013443291e-01 -2.357222140e-02 8.196212649e-01 -7.041898370e-02 0.000000000e+00 0.000000000e+00 0.000000000e+00 1.000000000e+00
-8.890740871e-01 -6.081607565e-02 3.108401299e+00 -9.181046486e-02 5.364283323e-01 2.554088831e-03 2.875884533e+00 8.633074164e-02 0.000000000e+00 0.000000000e+00 0.000000000e+00 1.000000000e+00
1.074233174e+00 3.200139478e-02 9.040412903e-01 2.449553609e-01 -1.001002491e-01 6.227348745e-02 -2.372803211e+00 1.309619844e-02 0.000000000e+00 0.000000000e+00 0.000000000e+00 1.000000000e+00
-5.383026004e-01 1.213454828e-02 -2.698017836e+00 3.103470057e-02 1.780219823e-01 3.069917858e-02 -1.112802267e+00 8.971605450e-02 0.000000000e+00 0.000000000e+00 0.000000000e+00 1.000000000e+00
7.385372519e-01 1.042454690e-02 1.546462893e+00 2.838206291e-01 7.412831485e-02 2.500344813e-02 1.458865166e+00 1.883294433e-01 0.000000000e+00 0.000000000e+00 0.000000000e+00 1.000000000e+00
6.400595903e-01 -1.350665987e-01 -6.646169722e-02 1.858367324e-01 -3.020404577e-01 -1.173477471e-01 -1.179152250e+00 6.114843488e-02 0.000000000e+00 0.000000000e+00 0.000000000e+00 1.000000000e+00
-6.135184765e-01 -1.183987707e-01 -7.420102358e-01 -9.414505213e-03 -4.336067140e-01 -1.125718802e-01 3.099181950e-01 -1.999515295e-02 0.000000000e+00 0.000000000e+00 0.000000000e+00 1.000000000e+00
-3.451561034e-01 -1.188789159e-01 9.272954464e-01 2.781420201e-02 -5.740126967e-01 -1.060217768e-01 7.530559897e-01 3.422150016e-02 0.000000000e+00 0.000000000e+00 0.000000000e+00 1.000000000e+00
6.529495120e-02 -1.269559562e-01 -5.910643935e-02 -4.340521991e-02 -3.868857622e-01 -9.419015050e-02 -5.666958094e-01 -1.245191470e-01 0.000000000e+00 0.000000000e+00 0.000000000e+00 1.000000000e+00
-4.262473583e-01 -1.845450550e-01 -9.589732885e-01 -8.530873805e-02 -2.955713272e-01 -1.350458562e-01 -4.398811460e-01 -1.168991253e-01 0.000000000e+00 0.000000000e+00 0.000000000e+00 1.000000000e+00
-2.337320149e-01 -1.759153455e-01 -1.258953363e-01 -2.102187276e-02 -9.113989472e-01 -1.029422656e-01 -1.542629302e-01 -1.695143282e-01 0.000000000e+00 0.000000000e+00 0.000000000e+00 1.000000000e+00
-1.094198704e+00 -1.163887978e-01 -1.418151557e-01 -1.353427023e-01 -1.466778994e+00 -3.707795590e-02 -2.289810181e-01 -1.937971115e-01 0.000000000e+00 0.000000000e+00 0.000000000e+00 1.000000000e+00
-1.403213143e+00 -1.385161132e-01 -6.650584936e-02 -3.091167510e-01 -1.234051466e+00 -5.707155168e-02 1.047116369e-01 -2.632466257e-01 0.000000000e+00 0.000000000e+00 0.000000000e+00 1.000000000e+00
-1.252656937e+00 -3.102555871e-03 1.560847014e-01 -2.399774194e-01 -8.035790324e-01 3.388335556e-02 1.613086462e-01 -1.965270936e-01 0.000000000e+00 0.000000000e+00 0.000000000e+00 1.000000000e+00
-3.143796325e-01 -1.260287315e-02 8.700551093e-02 -1.038010418e-01 -1.363722682e+00 5.355647951e-02 -1.679811478e-01 -2.376107126e-01 0.000000000e+00 0.000000000e+00 0.000000000e+00 1.000000000e+00
-3.650328517e-01 1.482777297e-03 -4.968511760e-01 -1.667842865e-01 -4.393311143e-01 6.270325184e-02 -8.867585063e-01 -1.734321713e-01 0.000000000e+00 0.000000000e+00 0.000000000e+00 1.000000000e+00
3.270125091e-01 8.480512351e-02 -4.129841030e-01 -4.567546397e-02 -3.719452024e-01 1.431524456e-01 -8.062274754e-02 -8.666268736e-02 0.000000000e+00 0.000000000e+00 0.000000000e+00 1.000000000e+00
4.103714228e-02 1.117633283e-01 5.116688013e-01 -2.864269912e-02 1.115424410e-01 1.700091958e-01 9.055967331e-01 -1.130482554e-02 0.000000000e+00 0.000000000e+00 0.000000000e+00 1.000000000e+00
1.456826031e-01 9.584873170e-02 6.464890838e-01 6.678225473e-03 -1.468704790e-01 1.021628380e-01 8.734576404e-02 6.055429578e-02 0.000000000e+00 0.000000000e+00 0.000000000e+00 1.000000000e+00
-5.864397287e-01 2.136480659e-01 -1.759810448e-01 4.871389642e-02 5.657824874e-02 2.392534912e-01 -2.909808457e-01 2.033671439e-01 0.000000000e+00 0.000000000e+00 0.000000000e+00 1.000000000e+00
-1.145443395e-01 3.367151320e-01 -6.517159939e-01 2.046915293e-01 -3.508438170e-01 4.048391581e-01 -6.259642839e-01 2.672594786e-01 0.000000000e+00 0.000000000e+00 0.000000000e+00 1.000000000e+00
-2.982027531e-01 5.033981800e-01 1.324942261e-01 2.489847839e-01 -1.228944957e-01 5.617369413e-01 8.464680612e-02 3.786461949e-01 0.000000000e+00 0.000000000e+00 0.000000000e+00 1.000000000e+00
4.013618529e-01 4.615713656e-01 1.072522998e-02 3.481328785e-01 -4.601529241e-02 5.372849703e-01 -1.478230059e-01 4.103545845e-01 0.000000000e+00 0.000000000e+00 0.000000000e+00 1.000000000e+00
2.951426506e-01 5.010254979e-01 1.338865310e-01 5.966979265e-01 -9.509554505e-02 5.968677402e-01 2.749284208e-01 6.025544405e-01 0.000000000e+00 0.000000000e+00 0.000000000e+00 1.000000000e+00
3.483001590e-01 5.124214292e-01 2.051952481e-02 5.173107386e-01 1.641178578e-01 6.114285588e-01 -2.036400735e-01 5.929902792e-01 0.000000000e+00 0.000000000e+00 0.000000000e+00 1.000000000e+00
1.063831076e-01 4.927479625e-01 -2.939066291e-01 4.042365551e-01 1.174499765e-01 5.941494703e-01 -3.607106507e-01 5.164039731e-01 0.000000000e+00 0.000000000e+00 0.000000000e+00 1.000000000e+00
1.205809355e+00 5.679838657e-01 5.585001707e-01 7.515076399e-01 1.526160359e+00 6.827285290e-01 6.639940143e-01 8.724264503e-01 0.000000000e+00 0.000000000e+00 0.000000000e+00 1.000000000e+00
1.766098022e+00 6.413025260e-01 5.625553429e-02 8.961796165e-01 4.909385741e-01 7.347806692e-01 -5.537156463e-01 7.637102008e-01 0.000000000e+00 0.000000000e+00 0.000000000e+00 1.000000000e+00
9.029774368e-02 6.680477262e-01 -6.545796394e-01 6.805398464e-01 -1.111929893e+00 8.291651011e-01 -4.237222075e-01 5.430702567e-01 0.000000000e+00 0.000000000e+00 0.000000000e+00 1.000000000e+00
-3.741366267e-01 8.026897907e-01 -1.244034320e-01 5.920121074e-01 1.318234056e-01 9.319574237e-01 9.421746433e-02 7.545598745e-01 0.000000000e+00 0.000000000e+00 0.000000000e+00 1.000000000e+00
5.911651254e-01 7.089573741e-01 5.976575613e-01 8.051300049e-01 2.446598411e-01 8.281361461e-01 1.319093704e+00 7.851939797e-01 0.000000000e+00 0.000000000e+00 0.000000000e+00 1.000000000e+00
7.861247659e-01 7.824376822e-01 1.107903600e+00 7.973812819e-01 9.648451805e-01 8.055142760e-01 -4.201518372e-02 8.774117827e-01 0.000000000e+00 0.000000000e+00 0.000000000e+00 1.000000000e+00
9.113108516e-01 8.958175778e-01 -4.462573826e-01 9.015274048e-01 6.185504198e-01 9.188800454e-01 -4.502364993e-02 8.795961142e-01 0.000000000e+00 0.000000000e+00 0.000000000e+00 1.000000000e+00
5.183566213e-01 8.420438766e-01 3.471090198e-01 8.597065806e-01 3.084058166e-01 9.004173279e-01 6.357883215e-01 9.162523746e-01 0.000000000e+00 0.000000000e+00 0.000000000e+00 1.000000000e+00
-1.636599600e-01 9.017350078e-01 4.087218344e-01 7.579712272e-01 -2.658571005e-01 9.732410908e-01 6.615505815e-01 8.459645510e-01 0.000000000e+00 0.000000000e+00 0.000000000e+00 1.000000000e+00
-1.648588926e-01 9.345536828e-01 1.239809275e+00 8.474540710e-01 -3.089046180e-01 1.047916532e+00 1.573459625e+00 9.828626513e-01 0.000000000e+00 0.000000000e+00 0.000000000e+00 1.000000000e+00
2.523519397e-01 1.308395982e+00 7.695447803e-01 1.261193156e+00 2.348739803e-01 1.371219516e+00 5.008643866e-01 1.227307081e+00 0.000000000e+00 0.000000000e+00 0.000000000e+00 1.000000000e+00
6.233613491e-01 1.833279610e+00 -4.776105285e-02 1.862484574e+00 7.970973253e-01 1.851861835e+00 -3.732664585e-01 1.927850246e+00 0.000000000e+00 0.000000000e+00 0.000000000e+00 1.000000000e+00
-1.423557997e-01 2.064737320e+00 -6.772999167e-01 1.905571222e+00 2.985656857e-01 2.145609856e+00 -8.736155629e-01 2.196533203e+00 0.000000000e+00 0.000000000e+00 0.000000000e+00 1.000000000e+00
-4.459758401e-01 2.625342369e+00 -1.260961294e+00 2.381253242e+00 -8.303866386e-01 2.672651291e+00 -5.178294182e-01 2.232087851e+00 0.000000000e+00 0.000000000e+00 0.000000000e+00 1.000000000e+00
-1.655779839e+00 2.941001654e+00 -1.032557607e+00 2.042663813e+00 -8.783002496e-01 2.945929527e+00 -4.080923498e-01 2.545105934e+00 0.000000000e+00 0.000000000e+00 0.000000000e+00 1.000000000e+00
-3.881286383e-01 3.229946136e+00 -8.850072026e-01 2.447706699e+00 2.092368007e-01 3.264247656e+00 -5.661104321e-01 3.536927938e+00 0.000000000e+00 0.000000000e+00 0.000000000e+00 1.000000000e+00
-7.804874182e-01 3.342691183e+00 -9.829769135e-01 2.840384245e+00 7.348171473e-01 3.431087971e+00 -5.005034804e-01 4.448013306e+00 0.000000000e+00 0.000000000e+00 0.000000000e+00 1.000000000e+00
9.468699098e-01 3.313095570e+00 -5.605199188e-02 3.758418560e+00 -4.735952020e-01 3.352135420e+00 -6.293286681e-01 3.683105230e+00 0.000000000e+00 0.000000000e+00 0.000000000e+00 1.000000000e+00
1.819357872e-01 3.361209869e+00 -1.459923089e-01 3.852096081e+00 -1.565320194e-01 3.372872591e+00 -3.102716804e-01 3.505795002e+00 0.000000000e+00 0.000000000e+00 0.000000000e+00 1.000000000e+00
9.100981951e-01 3.215390444e+00 -6.934921145e-01 3.531858444e+00 7.326366901e-01 3.093936682e+00 -2.971913815e-01 2.744848728e+00 0.000000000e+00 0.000000000e+00 0.000000000e+00 1.000000000e+00
-7.823660970e-02 2.423584938e+00 -9.317182302e-01 2.102373362e+00 -6.974943876e-01 2.330279350e+00 -4.661947489e-01 1.825894475e+00 0.000000000e+00 0.000000000e+00 0.000000000e+00 1.000000000e+00
-3.443242013e-01 1.718246698e+00 -4.501319528e-01 1.254631281e+00 -1.750884205e-01 1.644085050e+00 -6.806817055e-01 1.279236436e+00 0.000000000e+00 0.000000000e+00 0.000000000e+00 1.000000000e+00
2.134615928e-01 9.738777280e-01 2.853113413e-02 7.225703597e-01 -4.728287458e-03 1.006288648e+00 -1.582786739e-01 8.120959401e-01 0.000000000e+00 0.000000000e+00 0.000000000e+00 1.000000000e+00
-4.179041088e-01 8.325346112e-01 -3.543610275e-01 4.979766607e-01 -8.736568689e-01 8.333289027e-01 1.555774510e-01 5.432305932e-01 0.000000000e+00 0.000000000e+00 0.000000000e+00 1.000000000e+00
1.433167309e-01 5.662531257e-01 -1.170130968e-01 4.449840784e-01 2.585376799e-01 5.859960914e-01 -8.378632069e-01 4.826472402e-01 0.000000000e+00 0.000000000e+00 0.000000000e+00 1.000000000e+00
6.033313870e-01 2.581149638e-01 -2.579223514e-01 2.381781340e-01 1.129287854e-01 2.184902132e-01 -3.207410276e-01 1.708846539e-01 0.000000000e+00 0.000000000e+00 0.000000000e+00 1.000000000e+00
-4.600071609e-01 1.045733914e-01 -1.095619053e-01 6.868158281e-02 -3.199738264e-01 4.864268005e-02 -3.931309283e-01 9.199617803e-02 0.000000000e+00 0.000000000e+00 0.000000000e+00 1.000000000e+00
1.843187362e-01 2.585396171e-03 2.973784506e-02 1.281433403e-01 -4.184233546e-01 -3.332792968e-02 -1.100692004e-01 4.185862839e-02 0.000000000e+00 0.000000000e+00 0.000000000e+00 1.000000000e+00
-9.678132832e-02 -6.139913201e-02 -9.781457484e-02 4.805805534e-02 -2.799148560e-01 -4.373485968e-02 2.476721853e-01 -7.715836167e-03 0.000000000e+00 0.000000000e+00 0.000000000e+00 1.000000000e+00
1.163848639e-01 -1.341973990e-01 3.588169813e-03 1.977863163e-02 6.167073175e-02 -1.066775173e-01 2.408645302e-01 -1.564073563e-02 0.000000000e+00 0.000000000e+00 0.000000000e+00 1.000000000e+00
3.249591887e-01 -1.360296607e-01 5.770763159e-01 4.833522439e-02 2.842004895e-01 -1.420914233e-01 2.424269319e-01 5.664777756e-02 0.000000000e+00 0.000000000e+00 0.000000000e+00 1.000000000e+00
2.901291847e-01 -1.801832318e-01 -2.820640802e-02 1.823400334e-02 4.278404117e-01 -2.157659084e-01 -3.735381961e-01 -2.949539572e-02 0.000000000e+00 0.000000000e+00 0.000000000e+00 1.000000000e+00
-6.184110790e-02 -2.041384727e-01 2.109755427e-01 -1.273787916e-01 -2.320993245e-01 -2.179789543e-01 9.574636817e-02 -2.068334371e-01 0.000000000e+00 0.000000000e+00 0.000000000e+00 1.000000000e+00
-2.388511002e-01 -1.559537798e-01 -4.274509549e-01 -1.775219738e-01 -6.436716318e-01 -1.773022413e-01 -3.781957626e-01 -2.881170511e-01 0.000000000e+00 0.000000000e+00 0.000000000e+00 1.000000000e+00
-2.800334096e-01 -1.757489741e-01 3.587425351e-01 -1.593225300e-01 -2.049487829e-01 -1.934455633e-01 -1.563156843e-01 -1.205927059e-01 0.000000000e+00 0.000000000e+00 0.000000000e+00 1.000000000e+00
-1.922494173e-01 -1.034253985e-01 -4.289416969e-01 -2.048200071e-01 -5.201338232e-02 -8.626057208e-02 -6.548805237e-01 -1.843233407e-01 0.000000000e+00 0.000000000e+00 0.000000000e+00 1.000000000e+00
-4.050587118e-01 -1.607428193e-01 1.268276870e-01 -1.532184184e-01 -3.720111549e-01 -1.768572778e-01 3.340931982e-02 -2.292021811e-01 0.000000000e+00 0.000000000e+00 0.000000000e+00 1.000000000e+00
-1.705613732e-02 -1.761039197e-01 3.215783089e-02 -2.039341033e-01 -5.648709536e-01 -1.807120144e-01 -1.739035994e-01 -3.004568517e-01 0.000000000e+00 0.000000000e+00 0.000000000e+00 1.000000000e+00
-2.059801519e-01 -5.773435533e-02 -1.979805231e-01 -1.756080240e-01 -2.856990099e-01 -8.241830021e-02 -3.869222403e-01 -2.557767332e-01 0.000000000e+00 0.000000000e+00 0.000000000e+00 1.000000000e+00
-2.356296778e-01 -1.727643758e-01 -1.868018508e-02 -2.458672076e-01 6.863436103e-02 -2.019379288e-01 -1.949155331e-02 -2.769348621e-01 0.000000000e+00 0.000000000e+00 0.000000000e+00 1.000000000e+00
1.889740676e-01 -2.890107036e-02 -2.225402445e-01 -1.029872149e-01 -2.773885131e-01 -2.203878015e-02 -5.599262118e-01 -1.417325139e-01 0.000000000e+00 0.000000000e+00 0.000000000e+00 1.000000000e+00
-3.097323179e-01 -7.922872901e-03 -4.172696769e-01 -1.525042504e-01 -8.788018823e-01 -3.969237208e-03 -2.633044422e-01 -2.581589222e-01 0.000000000e+00 0.000000000e+00 0.000000000e+00 1.000000000e+00
-5.138512850e-01 3.886228800e-02 -1.522877365e-01 -1.086297110e-01 -8.049995899e-01 1.274540275e-02 1.955979913e-01 -1.606795788e-01 0.000000000e+00 0.000000000e+00 0.000000000e+00 1.000000000e+00
-1.284052730e-01 -1.432184502e-02 4.795861542e-01 -5.964599550e-03 -3.802334964e-01 -2.749931812e-02 -3.805747032e-01 -4.064057022e-02 0.000000000e+00 0.000000000e+00 0.000000000e+00 1.000000000e+00
-2.184969187e-02 -3.387413919e-03 -7.408916354e-01 -2.817248926e-02 1.329787821e-02 -1.866172254e-02 -1.374526978e+00 -7.660947740e-02 0.000000000e+00 0.000000000e+00 0.000000000e+00 1.000000000e+00
-3.003653884e-02 1.136978343e-01 -6.111032963e-01 1.088922024e-01 -2.611433566e-01 9.392742813e-02 -1.330180168e-01 8.364360034e-02 0.000000000e+00 0.000000000e+00 0.000000000e+00 1.000000000e+00
-2.500437498e-01 2.870344371e-02 5.259850621e-01 -2.706822008e-02 1.459819674e-01 -1.383937895e-03 6.525303721e-01 5.414637923e-02 0.000000000e+00 0.000000000e+00 0.000000000e+00 1.000000000e+00
3.498100936e-01 -1.139537245e-02 3.195642233e-01 -8.244448155e-02 5.943228006e-01 -5.744171143e-02 3.516480923e-01 -9.970423579e-02 0.000000000e+00 0.000000000e+00 0.000000000e+00 1.000000000e+00
5.929675698e-01 -5.167335272e-02 4.936939180e-01 5.765532702e-02 6.169927120e-01 -9.286875278e-02 6.591897607e-01 3.693184257e-02 0.000000000e+00 0.000000000e+00 0.000000000e+00 1.000000000e+00
3.082287610e-01 -5.577863008e-02 4.869277477e-01 1.624196768e-03 -5.887204409e-02 -8.743570745e-02 -1.774841100e-01 -1.615239680e-01 0.000000000e+00 0.000000000e+00 0.000000000e+00 1.000000000e+00
-3.599902987e-01 -1.065225899e-01 -7.849711180e-01 -1.905630827e-01 -3.815545440e-01 -1.456918418e-01 -1.088765860e+00 -2.555834651e-01 0.000000000e+00 0.000000000e+00 0.000000000e+00 1.000000000e+00
-2.220848948e-01 -8.245553076e-02 6.390802860e-01 -1.879270673e-01 -1.424342096e-01 -1.336569190e-01 6.865187287e-01 -2.202912867e-01 0.000000000e+00 0.000000000e+00 0.000000000e+00 1.000000000e+00
1.454240084e-01 -1.100796759e-01 7.121223211e-01 -1.624121666e-01 1.698727906e-01 -1.012612730e-01 3.194437027e-01 -1.805472374e-01 0.000000000e+00 0.000000000e+00 0.000000000e+00 1.000000000e+00
-6.103061140e-03 -1.278870106e-01 -8.622163534e-01 -1.966234595e-01 -1.548675597e-01 -1.087694988e-01 -1.023192644e+00 -2.839738131e-01 0.000000000e+00 0.000000000e+00 0.000000000e+00 1.000000000e+00
-1.371057034e-01 -1.777789444e-01 1.986290365e-01 -1.857463121e-01 2.011715621e-01 -1.879324615e-01 3.868025541e-01 -1.668456495e-01 0.000000000e+00 0.000000000e+00 0.000000000e+00 1.000000000e+00
2.225207984e-01 -1.429188848e-01 2.398972809e-01 -1.440821290e-01 -3.510403633e-02 -1.673581004e-01 1.142982170e-01 -2.008654773e-01 0.000000000e+00 0.000000000e+00 0.000000000e+00 1.000000000e+00
-1.171832010e-01 -1.063669026e-01 8.251084387e-02 -1.773401946e-01 -2.841672897e-01 -1.209711283e-01 -4.436030984e-01 -1.817088425e-01 0.000000000e+00 0.000000000e+00 0.000000000e+00 1.000000000e+00
1.006942838e-01 -1.352345198e-02 -2.308044434e-01 -8.321488649e-02 -1.638120115e-01 -4.232691601e-02 -2.741044462e-01 -7.778169215e-02 0.000000000e+00 0.000000000e+00 0.000000000e+00 1.000000000e+00
7.690913975e-03 -3.722245619e-02 -3.700457215e-01 -1.865373552e-01 -3.274048865e-02 -7.166215032e-02 -2.925077379e-01 -1.159480661e-01 0.000000000e+00 0.000000000e+00 0.000000000e+00 1.000000000e+00
2.639608979e-01 -7.172835618e-02 -4.565550387e-02 -1.097442657e-01 4.537964240e-02 -1.030944958e-01 1.207327619e-01 -1.645596325e-01 0.000000000e+00 0.000000000e+00 0.000000000e+00 1.000000000e+00
4.378020763e-02 -1.278394461e-02 2.523925900e-01 -1.994292438e-01 -1.049528345e-01 -3.123743087e-02 -1.113066748e-01 -2.470605671e-01 0.000000000e+00 0.000000000e+00 0.000000000e+00 1.000000000e+00
1.345677376e-01 1.179469377e-02 -6.190592051e-02 -1.915098131e-01 1.005428284e-02 -1.553170010e-02 1.926802099e-02 -2.544848323e-01 0.000000000e+00 0.000000000e+00 0.000000000e+00 1.000000000e+00
2.222626805e-01 -4.203099757e-02 2.212312818e-01 -5.939616263e-02 1.541441679e-01 -3.154376894e-02 -1.047343135e+00 -4.929202422e-02 0.000000000e+00 0.000000000e+00 0.000000000e+00 1.000000000e+00
5.003871024e-02 -4.004025832e-02 -1.942578435e+00 -6.872791797e-02 -3.620702624e-01 -3.757306933e-02 -1.254255891e+00 -1.498613656e-01 0.000000000e+00 0.000000000e+00 0.000000000e+00 1.000000000e+00
1.839367598e-01 -1.087057143e-01 1.269921511e-01 -1.041565686e-01 9.347176552e-02 -1.373355091e-01 4.549756944e-01 -9.692242742e-02 0.000000000e+00 0.000000000e+00 0.000000000e+00 1.000000000e+00
3.468346596e-02 -1.429478228e-01 3.069344163e-01 -7.391992956e-02 1.055736765e-01 -1.719615012e-01 -2.808408141e-01 1.863926649e-02 0.000000000e+00 0.000000000e+00 0.000000000e+00 1.000000000e+00
5.932981968e-01 -9.771291912e-02 -3.189647198e-01 1.071841568e-01 1.667108536e-01 -1.298256814e-01 -4.647952914e-01 5.392739177e-02 0.000000000e+00 0.000000000e+00 0.000000000e+00 1.000000000e+00
4.805310667e-01 -8.976414800e-02 -1.313237697e-01 5.351111293e-03 -2.389674485e-01 -9.052728117e-02 2.253349870e-02 -1.026653647e-01 0.000000000e+00 0.000000000e+00 0.000000000e+00 1.000000000e+00
2.753582895e-01 -5.945245922e-02 1.261022806e+00 -7.787460089e-02 3.994654119e-02 -7.470895350e-02 9.994802475e-01 -1.005612761e-01 0.000000000e+00 0.000000000e+00 0.000000000e+00 1.000000000e+00
-4.340309799e-01 -2.059926093e-02 2.664472163e-01 -1.459932327e-01 -3.761540353e-01 -3.416138887e-02 1.954266429e-01 -1.607775837e-01 0.000000000e+00 0.000000000e+00 0.000000000e+00 1.000000000e+00
1.050183475e-01 9.486414492e-03 -5.135169625e-02 -4.306391999e-02 -6.849370003e-01 5.795851350e-03 1.826400608e-01 -1.297245920e-01 0.000000000e+00 0.000000000e+00 0.000000000e+00 1.000000000e+00
-3.666477203e-01 -1.929335296e-03 1.545982361e-01 -1.634092331e-01 -3.939528465e-01 -3.968086839e-02 -1.225965768e-01 -1.484044492e-01 0.000000000e+00 0.000000000e+00 0.000000000e+00 1.000000000e+00
-1.396695822e-01 -2.473363280e-02 2.435717881e-01 -1.534957290e-01 -4.428413510e-01 -6.101849675e-02 2.335809171e-01 -1.590582132e-01 0.000000000e+00 0.000000000e+00 0.000000000e+00 1.000000000e+00
8.020703495e-02 -6.243173778e-02 2.452136278e-01 -1.253294498e-01 6.919572502e-02 -1.095098555e-01 5.640731007e-02 -8.958053589e-02 0.000000000e+00 0.000000000e+00 0.000000000e+00 1.000000000e+00
5.595970154e-02 -3.735190630e-02 -1.126737893e-02 -4.921880737e-02 2.407665849e-01 -5.710448697e-02 4.853821173e-02 -7.413983345e-03 0.000000000e+00 0.000000000e+00 0.000000000e+00 1.000000000e+00
3.027870655e-01 -8.076585829e-03 -2.323407680e-01 6.648938358e-02 8.799964935e-02 -3.262635693e-02 -1.485422254e-02 3.718669713e-02 0.000000000e+00 0.000000000e+00 0.000000000e+00 1.000000000e+00
-2.003379762e-01 -7.198788226e-03 -2.946972251e-01 -5.809941888e-02 -3.514842689e-01 -5.059152842e-03 -1.489043236e-01 -1.127085909e-01 0.000000000e+00 0.000000000e+00 0.000000000e+00 1.000000000e+00
-2.012062222e-01 5.889929831e-03 -2.361874282e-01 -8.470436186e-02 -8.414248377e-02 1.319137961e-02 -5.227175951e-01 -8.477314562e-02 0.000000000e+00 0.000000000e+00 0.000000000e+00 1.000000000e+00
-5.967716873e-02 -7.889226079e-03 -4.612063766e-01 -1.019951925e-01 4.079184532e-01 -4.195931181e-02 -4.428974390e-01 -3.186738491e-02 0.000000000e+00 0.000000000e+00 0.000000000e+00 1.000000000e+00
6.112509966e-01 -1.514965147e-01 -3.637628555e-01 -2.171657979e-05 7.716774940e-01 -2.554900348e-01 -7.268442214e-02 1.357628405e-02 0.000000000e+00 0.000000000e+00 0.000000000e+00 1.000000000e+00
7.788713574e-01 -6.299421787e-01 2.834492922e-02 -2.045870423e-01 3.554540873e-01 -7.328877449e-01 -1.702893674e-01 -2.902748287e-01 0.000000000e+00 0.000000000e+00 0.000000000e+00 1.000000000e+00
2.045038640e-01 -9.913212061e-01 -7.197460532e-02 -5.590151548e-01 1.845168918e-01 -1.110088468e+00 -2.148429155e-01 -6.683877707e-01 0.000000000e+00 0.000000000e+00 0.000000000e+00 1.000000000e+00
-2.679435611e-01 -1.574674129e+00 -2.447996438e-01 -9.751815200e-01 7.908070087e-01 -1.676283240e+00 1.531950235e-01 -9.888703227e-01 0.000000000e+00 0.000000000e+00 0.000000000e+00 1.000000000e+00
1.934293956e-01 -2.033936739e+00 -8.764128387e-02 -1.119053125e+00 -4.128154814e-01 -2.155314922e+00 2.404996008e-01 -1.461180925e+00 0.000000000e+00 0.000000000e+00 0.000000000e+00 1.000000000e+00
-1.068645120e+00 -2.497000217e+00 -2.584141493e-02 -1.562204480e+00 -1.409683466e+00 -2.534855127e+00 -1.228407025e-02 -1.818172693e+00 0.000000000e+00 0.000000000e+00 0.000000000e+00 1.000000000e+00
-1.357963562e+00 -2.983262539e+00 -8.231936693e-01 -2.032774448e+00 -1.302297711e+00 -3.002205133e+00 -5.215107799e-01 -2.391841650e+00 0.000000000e+00 0.000000000e+00 0.000000000e+00 1.000000000e+00
-1.460730433e+00 -2.915411949e+00 -1.210568428e+00 -1.946944356e+00 -1.922731757e+00 -3.011256456e+00 -9.837345481e-01 -2.500289679e+00 0.000000000e+00 0.000000000e+00 0.000000000e+00 1.000000000e+00
-1.086868286e+00 -2.899947405e+00 -8.535666466e-01 -1.739285827e+00 -1.755724669e+00 -2.914479971e+00 -9.584012032e-01 -2.446294546e+00 0.000000000e+00 0.000000000e+00 0.000000000e+00 1.000000000e+00
-2.188483238e+00 -2.863019228e+00 -1.614447713e+00 -2.209769726e+00 -1.350546360e+00 -2.930972338e+00 -1.170778394e+00 -2.328586578e+00 0.000000000e+00 0.000000000e+00 0.000000000e+00 1.000000000e+00
-1.162381887e+00 -2.854245901e+00 -1.351538658e+00 -1.871459484e+00 -6.166483164e-01 -2.929741859e+00 -4.618124664e-01 -1.908708692e+00 0.000000000e+00 0.000000000e+00 0.000000000e+00 1.000000000e+00
-4.904485643e-01 -2.903578520e+00 -2.273247391e-01 -1.607597589e+00 -5.953863859e-01 -3.022065639e+00 -1.999064386e-01 -2.425743341e+00 0.000000000e+00 0.000000000e+00 0.000000000e+00 1.000000000e+00
-8.691455722e-01 -2.860470295e+00 -9.357440472e-01 -1.540650606e+00 -1.294412494e+00 -2.953283310e+00 -8.263925314e-01 -2.354291439e+00 0.000000000e+00 0.000000000e+00 0.000000000e+00 1.000000000e+00
-9.013762474e-01 -3.101840258e+00 -7.882562876e-01 -2.075237751e+00 -2.385831475e-01 -3.212348700e+00 -2.419162989e-01 -2.179742813e+00 0.000000000e+00 0.000000000e+00 0.000000000e+00 1.000000000e+00
-1.940947175e-01 -3.161590576e+00 -3.091184795e-02 -1.587003708e+00 -2.648240924e-01 -3.273457766e+00 2.514411211e-01 -2.208489418e+00 0.000000000e+00 0.000000000e+00 0.000000000e+00 1.000000000e+00
-1.380010247e+00 -2.489148617e+00 6.393837929e-02 -1.837277651e+00 -1.190074921e+00 -2.539248943e+00 -5.157115459e-01 -1.951819777e+00 0.000000000e+00 0.000000000e+00 0.000000000e+00 1.000000000e+00
-1.318524122e+00 -2.121318579e+00 4.580392241e-01 -1.684140086e+00 -2.117345035e-01 -2.123868942e+00 1.057698488e+00 -1.446711540e+00 0.000000000e+00 0.000000000e+00 0.000000000e+00 1.000000000e+00
-2.286359668e-01 -1.334749937e+00 1.157467127e+00 -1.220101357e+00 -4.862561226e-01 -1.327539086e+00 1.966292262e+00 -1.196255445e+00 0.000000000e+00 0.000000000e+00 0.000000000e+00 1.000000000e+00
-4.075018167e-01 -9.404304028e-01 2.478276491e+00 -7.608790398e-01 -3.241655827e-01 -8.911886215e-01 8.472478390e-01 -7.304550409e-01 0.000000000e+00 0.000000000e+00 0.000000000e+00 1.000000000e+00
1.703769416e-01 -6.717320085e-01 -4.879052937e-01 -3.819816113e-01 5.095019341e-01 -6.683713198e-01 -1.299010277e+00 -2.975386977e-01 0.000000000e+00 0.000000000e+00 0.000000000e+00 1.000000000e+00
-6.267964095e-02 -2.770819664e-01 -7.308130264e-01 -1.884343922e-01 2.604005933e-01 -2.109900415e-01 1.662663519e-01 -7.179056853e-02 0.000000000e+00 0.000000000e+00 0.000000000e+00 1.000000000e+00
8.038040996e-01 -1.151171625e-01 5.044261217e-01 5.680000037e-02 1.297160864e+00 -1.001411676e-01 2.890256643e-01 1.481062472e-01 0.000000000e+00 0.000000000e+00 0.000000000e+00 1.000000000e+00
8.191138506e-01 -3.477345780e-02 3.336037993e-01 2.258247510e-02 5.107947588e-01 -2.938869223e-02 9.774648398e-02 -8.430093527e-03 0.000000000e+00 0.000000000e+00 0.000000000e+00 1.000000000e+00
-3.244286478e-01 -8.163547516e-02 1.027518213e-01 -1.337196380e-01 4.028736949e-01 -7.962301373e-02 -1.738749444e-01 -4.971913248e-02 0.000000000e+00 0.000000000e+00 0.000000000e+00 1.000000000e+00
1.291387558e+00 -7.884776592e-02 1.407040954e-01 1.404891461e-01 1.048470974e+00 -1.068681777e-01 -4.779189825e-03 5.248346925e-02 0.000000000e+00 0.000000000e+00 0.000000000e+00 1.000000000e+00
7.244859934e-01 -2.119145989e-01 1.887036860e-01 -1.413064003e-01 4.308565855e-01 -2.296278775e-01 -1.352018565e-01 -1.950491667e-01 0.000000000e+00 0.000000000e+00 0.000000000e+00 1.000000000e+00
7.566871047e-01 -3.090887070e-01 2.320930362e-03 -2.290508747e-01 5.015036464e-01 -3.598312736e-01 -1.747210324e-01 -2.864440978e-01 0.000000000e+00 0.000000000e+00 0.000000000e+00 1.000000000e+00
5.033934712e-01 -5.715727210e-01 -4.671383500e-01 -4.587646723e-01 2.683983743e-02 -6.222664118e-01 -6.703944206e-01 -5.524797440e-01 0.000000000e+00 0.000000000e+00 0.000000000e+00 1.000000000e+00
-8.408350945e-01 -6.840882301e-01 -8.725833297e-01 -6.970717907e-01 -2.900543809e-01 -6.529759765e-01 -1.290059537e-01 -6.029128432e-01 0.000000000e+00 0.000000000e+00 0.000000000e+00 1.000000000e+00
-7.744073868e-01 -8.218748569e-01 1.622614563e-01 -6.751073599e-01 -7.550364733e-01 -7.527368069e-01 1.103630185e+00 -7.496697307e-01 0.000000000e+00 0.000000000e+00 0.000000000e+00 1.000000000e+00
-2.125652134e-01 -5.291108489e-01 1.451303244e+00 -1.662475169e-01 -1.879857779e+00 -4.970822334e-01 -1.849189401e-01 -3.976497054e-01 0.000000000e+00 0.000000000e+00 0.000000000e+00 1.000000000e+00
-1.560043097e+00 -2.426685393e-01 -8.311568499e-01 -2.501650751e-01 -1.366798401e+00 -1.935730577e-01 -6.878884435e-01 -2.115776092e-01 0.000000000e+00 0.000000000e+00 0.000000000e+00 1.000000000e+00
-8.993179202e-01 1.732315868e-02 -3.951643109e-01 3.803200647e-02 -5.991138220e-01 6.493584067e-02 2.764966711e-02 1.306870133e-01 0.000000000e+00 0.000000000e+00 0.000000000e+00 1.000000000e+00
-4.987298846e-01 2.416903675e-01 2.035578936e-01 3.160158694e-01 -3.279692531e-01 2.710720599e-01 4.027767181e-01 3.195693791e-01 0.000000000e+00 0.000000000e+00 0.000000000e+00 1.000000000e+00
-4.338402748e-01 5.384510159e-01 1.130547076e-01 5.489919186e-01 -2.485141158e-01 5.614008904e-01 -5.655991435e-01 4.632488489e-01 0.000000000e+00 0.000000000e+00 0.000000000e+00 1.000000000e+00
3.135063648e-01 5.720750093e-01 -6.150717735e-01 5.318634510e-01 -1.388482749e-02 5.954024792e-01 -8.525673151e-01 5.471753478e-01 0.000000000e+00 0.000000000e+00 0.000000000e+00 1.000000000e+00
4.726418853e-01 6.226040125e-01 3.823058903e-01 7.102831006e-01 -2.147917449e-02 6.827850342e-01 5.611168146e-01 6.378346086e-01 0.000000000e+00 0.000000000e+00 0.000000000e+00 1.000000000e+00
5.039146543e-02 6.543079019e-01 1.639658958e-01 4.913039804e-01 -4.301925302e-01 6.782034039e-01 -3.421500325e-01 4.250954986e-01 0.000000000e+00 0.000000000e+00 0.000000000e+00 1.000000000e+00
-1.134616211e-01 6.172240376e-01 -8.557059169e-01 6.298326254e-01 2.211694866e-01 5.967516899e-01 -4.493302107e-01 5.527788401e-01 0.000000000e+00 0.000000000e+00 0.000000000e+00 1.000000000e+00
-7.449943572e-02 3.871585131e-01 2.772543132e-01 3.630723953e-01 1.833840013e-01 3.714837134e-01 4.171180725e-01 2.998781800e-01 0.000000000e+00 0.000000000e+00 0.000000000e+00 1.000000000e+00
1.948548555e-01 1.236533225e-01 9.121801853e-01 1.851657182e-01 4.301175475e-01 6.221738458e-02 8.147667050e-01 1.465360224e-01 0.000000000e+00 0.000000000e+00 0.000000000e+00 1.000000000e+00
4.276810288e-01 -1.290589571e-01 5.150684714e-01 2.203035727e-02 3.429983258e-01 -1.219390035e-01 1.670993716e-01 -9.765799344e-02 0.000000000e+00 0.000000000e+00 0.000000000e+00 1.000000000e+00
1.287614703e-01 -1.578550041e-01 -2.923992276e-01 9.633788466e-02 1.036323383e-01 -1.767209023e-01 -6.709081531e-01 6.670288742e-03 0.000000000e+00 0.000000000e+00 0.000000000e+00 1.000000000e+00
-2.180444151e-01 -2.085795105e-01 -7.600726485e-01 -1.217542216e-01 -4.134998322e-01 -1.907096952e-01 -6.412273049e-01 -2.223376632e-01 0.000000000e+00 0.000000000e+00 0.000000000e+00 1.000000000e+00
-8.606246114e-01 -9.460581839e-02 -5.103945732e-01 -1.887993217e-01 -7.956215143e-01 -6.031323969e-02 -1.785933375e-01 -1.246091276e-01 0.000000000e+00 0.000000000e+00 0.000000000e+00 1.000000000e+00
-9.444034696e-01 7.321962714e-02 1.458813548e-01 -2.698545903e-02 -1.329028606e+00 1.382035315e-01 1.354573369e-01 1.134111732e-02 0.000000000e+00 0.000000000e+00 0.000000000e+00 1.000000000e+00
-1.665157080e+00 2.621064782e-01 8.866357803e-02 -4.350636154e-02 -1.674104333e+00 4.095316231e-01 4.923111200e-01 2.629794180e-03 0.000000000e+00 0.000000000e+00 0.000000000e+00 1.000000000e+00
4.179128259e-02 1.000629544e+00 1.364338160e+00 8.205032349e-01 -5.280647278e-01 1.068224788e+00 2.016565800e+00 7.112773061e-01 0.000000000e+00 0.000000000e+00 0.000000000e+00 1.000000000e+00
-9.997427464e-03 1.015922308e+00 9.828349948e-01 7.835571766e-01 3.603001535e-01 1.107573271e+00 -4.149453342e-01 8.453519344e-01 0.000000000e+00 0.000000000e+00 0.000000000e+00 1.000000000e+00
3.107790351e-01 1.127490878e+00 -1.252492309e+00 8.937566280e-01 6.745740771e-02 1.177732944e+00 4.155161977e-02 9.664496779e-01 0.000000000e+00 0.000000000e+00 0.000000000e+00 1.000000000e+00
7.592260242e-01 1.245691061e+00 4.249823391e-01 1.125717044e+00 2.619731128e-01 1.231878519e+00 8.569826484e-01 1.017357349e+00 0.000000000e+00 0.000000000e+00 0.000000000e+00 1.000000000e+00
8.630278707e-01 1.274017692e+00 -3.721998334e-01 1.442868948e+00 8.961213231e-01 1.158030152e+00 -2.954996377e-02 1.381312251e+00 0.000000000e+00 0.000000000e+00 0.000000000e+00 1.000000000e+00
9.161880016e-01 1.073546529e+00 9.909679741e-02 1.097339988e+00 1.795027852e-01 9.954427481e-01 6.719298363e-01 1.011169195e+00 0.000000000e+00 0.000000000e+00 0.000000000e+00 1.000000000e+00
-8.468570560e-02 8.109611273e-01 -5.147334337e-01 7.167663574e-01 1.135590449e-01 7.709755898e-01 -2.977995634e+00 7.518736720e-01 0.000000000e+00 0.000000000e+00 0.000000000e+00 1.000000000e+00
-7.414067388e-01 2.908906937e-01 -2.879841328e+00 2.312584966e-01 -2.938122749e-01 3.012996018e-01 -1.290681958e+00 2.511475980e-01 0.000000000e+00 0.000000000e+00 0.000000000e+00 1.000000000e+00
3.755378723e-01 6.931979954e-02 2.183757782e+00 9.897844493e-02 3.452402353e-01 6.548111886e-02 3.740227699e+00 1.782581508e-01 0.000000000e+00 0.000000000e+00 0.000000000e+00 1.000000000e+00
2.771311104e-01 -1.398125589e-01 3.231839180e+00 -2.338563651e-02 -3.117616475e-01 -9.303158522e-02 4.713085890e-01 5.344824493e-02 0.000000000e+00 0.000000000e+00 0.000000000e+00 1.000000000e+00
-5.081351399e-01 7.884636521e-03 -9.805942178e-01 -1.059675962e-02 -5.433882475e-01 2.641338855e-02 -1.839572072e+00 -3.167124838e-02 0.000000000e+00 0.000000000e+00 0.000000000e+00 1.000000000e+00
-2.207544148e-01 2.212757170e-01 -1.506836891e+00 3.121374547e-01 -3.225230277e-01 2.107951939e-01 -7.619755268e-01 2.114738226e-01 0.000000000e+00 0.000000000e+00 0.000000000e+00 1.000000000e+00
-2.358401418e-01 6.239555478e-01 5.878921151e-01 5.940133929e-01 -7.017149031e-02 5.792887807e-01 1.419186115e+00 5.888516903e-01 0.000000000e+00 0.000000000e+00 0.000000000e+00 1.000000000e+00
8.483705670e-02 1.031431913e+00 8.359537125e-01 6.855899692e-01 -2.444543093e-01 9.355186820e-01 5.271149874e-01 7.202184796e-01 0.000000000e+00 0.000000000e+00 0.000000000e+00 1.000000000e+00
7.673921436e-02 8.316857815e-01 1.158618808e+00 7.044942975e-01 7.258647084e-01 7.132183909e-01 2.836978912e+00 6.580862999e-01 0.000000000e+00 0.000000000e+00 0.000000000e+00 1.000000000e+00
1.016008139e+00 5.083791614e-01 1.367607474e+00 4.797351360e-01 -3.911409974e-01 4.857093394e-01 -1.027859569e+00 3.027543128e-01 0.000000000e+00 0.000000000e+00 0.000000000e+00 1.000000000e+00
-6.456148028e-01 1.462520063e-01 -1.995871305e+00 7.842342556e-02 -3.562408686e-01 1.593070030e-01 -6.008182764e-01 5.295888335e-02 0.000000000e+00 0.000000000e+00 0.000000000e+00 1.000000000e+00
1.524333656e-01 4.365380853e-03 -2.479198575e-01 2.404773235e-01 -1.365453303e-01 -5.610123277e-03 1.022767276e-02 1.118462384e-01 0.000000000e+00 0.000000000e+00 0.000000000e+00 1.000000000e+00
-7.193585634e-01 -4.923138767e-02 -4.386779070e-01 8.810782433e-02 -5.085176826e-01 1.366510987e-02 -2.450897545e-02 7.717978954e-02 0.000000000e+00 0.000000000e+00 0.000000000e+00 1.000000000e+00
-1.177076936e+00 -2.204204351e-02 -1.207934469e-01 3.638869524e-02 -9.111342430e-01 4.023265839e-02 1.070413515e-01 4.850720614e-02 0.000000000e+00 0.000000000e+00 0.000000000e+00 1.000000000e+00
-6.020272374e-01 2.111495286e-01 1.046765596e-01 2.983356118e-01 -1.121293426e+00 2.702493072e-01 -1.107074842e-01 2.655487657e-01 0.000000000e+00 0.000000000e+00 0.000000000e+00 1.000000000e+00
-1.621737123e+00 4.390036166e-01 -8.467878699e-01 1.797397137e-01 -3.937240839e-01 4.937688708e-01 -8.518954515e-01 3.409583867e-01 0.000000000e+00 0.000000000e+00 0.000000000e+00 1.000000000e+00
-1.823870838e-02 6.921336651e-01 -8.536413908e-01 5.795643330e-01 -6.551849246e-01 7.310783863e-01 -4.319384694e-03 6.145182848e-01 0.000000000e+00 0.000000000e+00 0.000000000e+00 1.000000000e+00
-1.606792212e-01 6.826052070e-01 -1.918006390e-01 4.842487276e-01 -6.126316190e-01 7.346321344e-01 8.093446493e-03 5.380203724e-01 0.000000000e+00 0.000000000e+00 0.000000000e+00 1.000000000e+00
-2.995448560e-02 8.072057962e-01 6.287861466e-01 6.259430051e-01 -4.615586102e-01 8.305833340e-01 9.948859215e-01 6.660017371e-01 0.000000000e+00 0.000000000e+00 0.000000000e+00 1.000000000e+00
1.191418841e-01 8.916407228e-01 5.152726173e-01 7.320578694e-01 -2.169799209e-01 8.930981159e-01 -6.647735089e-02 7.159624696e-01 0.000000000e+00 0.000000000e+00 0.000000000e+00 1.000000000e+00
2.267070115e-02 8.238684535e-01 -3.800577819e-01 7.120241523e-01 2.322724760e-01 7.811277509e-01 -1.531934440e-01 6.525402069e-01 0.000000000e+00 0.000000000e+00 0.000000000e+00 1.000000000e+00
2.429256439e-01 7.735092044e-01 2.294059098e-01 5.845819116e-01 5.035156608e-01 7.002349496e-01 6.062665582e-02 5.767514706e-01 0.000000000e+00 0.000000000e+00 0.000000000e+00 1.000000000e+00
1.625787139e+00 3.747012317e-01 -1.296243072e-02 5.065601468e-01 9.618061185e-01 2.570393682e-01 -2.456897646e-01 3.054804802e-01 0.000000000e+00 0.000000000e+00 0.000000000e+00 1.000000000e+00
1.011928797e+00 1.484511048e-01 2.095691562e-01 2.052687854e-01 6.272621751e-01 6.525708735e-02 4.823684692e-02 1.032066643e-01 0.000000000e+00 0.000000000e+00 0.000000000e+00 1.000000000e+00
1.022707820e+00 -8.371537179e-02 4.987542331e-02 1.976438016e-01 5.661647320e-01 -1.270590723e-01 -2.463240921e-01 7.550363243e-02 0.000000000e+00 0.000000000e+00 0.000000000e+00 1.000000000e+00
5.412023067e-01 -2.756245136e-01 -1.449801475e-01 5.198752508e-02 6.102510691e-01 -2.954400182e-01 -1.865638793e-01 1.419144869e-02 0.000000000e+00 0.000000000e+00 0.000000000e+00 1.000000000e+00
4.207806885e-01 -4.128363132e-01 3.932897747e-02 -2.080277354e-01 4.939804375e-01 -4.367364049e-01 -2.063585669e-01 -1.689569503e-01 0.000000000e+00 0.000000000e+00 0.000000000e+00 1.000000000e+00
-3.027881980e-01 -3.641301394e-01 -1.440677047e-01 -1.915575564e-01 1.317412406e-02 -3.607733250e-01 -3.742789626e-01 -1.274007857e-01 0.000000000e+00 0.000000000e+00 0.000000000e+00 1.000000000e+00
-1.081759334e-01 -2.626988292e-01 -2.949496806e-01 -9.987317026e-02 -3.629044592e-01 -2.196208090e-01 4.041852057e-01 -1.077568308e-01 0.000000000e+00 0.000000000e+00 0.000000000e+00 1.000000000e+00
-3.352483734e-02 -1.653285325e-02 9.553642273e-01 5.311650038e-02 1.983041763e-01 3.934918344e-02 1.453183532e+00 1.397376508e-01 0.000000000e+00 0.000000000e+00 0.000000000e+00 1.000000000e+00
5.769928098e-01 1.616803706e-01 1.646745682e+00 4.089041650e-01 2.212928534e-01 1.913996637e-01 1.425065398e-01 4.110653102e-01 0.000000000e+00 0.000000000e+00 0.000000000e+00 1.000000000e+00
7.830449939e-02 2.191520482e-01 -1.373628974e+00 2.856057286e-01 -2.412029207e-01 2.225064933e-01 -2.775861502e+00 1.979089975e-01 0.000000000e+00 0.000000000e+00 0.000000000e+00 1.000000000e+00
-1.562617421e-01 3.129671216e-01 -2.183805704e+00 2.736116052e-01 -3.049169183e-01 2.961207926e-01 2.514990568e-01 1.981345564e-01 0.000000000e+00 0.000000000e+00 0.000000000e+00 1.000000000e+00
6.371473894e-03 1.660433263e-01 1.636846066e+00 2.279127687e-01 -5.466083288e-01 1.995102167e-01 1.600090265e+00 2.204029709e-01 0.000000000e+00 0.000000000e+00 0.000000000e+00 1.000000000e+00
-3.675820231e-01 2.137652785e-02 9.710483551e-01 2.070549726e-01 -5.632611513e-01 2.012383938e-02 2.522925735e-01 1.120696217e-01 0.000000000e+00 0.000000000e+00 0.000000000e+00 1.000000000e+00
-8.270125091e-02 4.167654365e-02 3.456476033e-01 1.642071754e-01 -3.694822788e-01 5.848231167e-02 3.382916451e-01 1.078791469e-01 0.000000000e+00 0.000000000e+00 0.000000000e+00 1.000000000e+00
-9.115842730e-02 -3.808961064e-02 -1.929104328e-02 1.200240552e-01 9.442025423e-02 -5.773663521e-03 -1.976681709e+00 2.846495807e-02 0.000000000e+00 0.000000000e+00 0.000000000e+00 1.000000000e+00
-7.146735787e-01 -2.612261772e-01 -2.236571789e+00 -3.278396428e-01 -1.449398100e-01 -2.351723462e-01 -1.199367404e+00 -3.121174574e-01 0.000000000e+00 0.000000000e+00 0.000000000e+00 1.000000000e+00
-2.441609651e-01 -4.597820640e-01 -1.391032934e-01 -4.039457142e-01 -1.175957203e+00 -4.192854166e-01 9.912953973e-01 -5.576665401e-01 0.000000000e+00 0.000000000e+00 0.000000000e+00 1.000000000e+00
-1.038263798e+00 -4.857786000e-01 -4.010114670e-01 -5.770565271e-01 -1.582807779e+00 -3.939545155e-01 -4.174786210e-01 -6.231470108e-01 0.000000000e+00 0.000000000e+00 0.000000000e+00 1.000000000e+00
-1.531775355e+00 -3.720101118e-01 -4.407520890e-01 -6.166151762e-01 -2.025360823e+00 -2.550846040e-01 1.809078813e+00 -6.138388515e-01 0.000000000e+00 0.000000000e+00 0.000000000e+00 1.000000000e+00
-1.844856858e+00 -2.828656435e-01 2.478944302e+00 -5.473252535e-01 -1.988505840e+00 -2.367365956e-01 1.039037704e+00 -4.804525971e-01 0.000000000e+00 0.000000000e+00 0.000000000e+00 1.000000000e+00
-2.398533076e-01 -6.951247901e-02 3.244228661e-02 -8.674265444e-02 -4.974678159e-01 -6.560649723e-02 -1.011452317e+00 -1.063610315e-01 0.000000000e+00 0.000000000e+00 0.000000000e+00 1.000000000e+00
-5.743151903e-01 -1.374640167e-01 -7.146783471e-01 -1.412359923e-01 -2.853987217e-01 -1.076887101e-01 -3.624565005e-01 -1.513218284e-01 0.000000000e+00 0.000000000e+00 0.000000000e+00 1.000000000e+00
4.234152436e-01 3.703995794e-02 4.580560327e-01 2.596461773e-01 3.558789492e-01 9.259103239e-02 8.156083226e-01 2.261140645e-01 0.000000000e+00 0.000000000e+00 0.000000000e+00 1.000000000e+00
-2.762893438e-01 2.895960212e-02 -1.736876667e-01 1.118321121e-01 -6.558358669e-03 9.352230281e-02 -9.691658616e-01 1.698618829e-01 0.000000000e+00 0.000000000e+00 0.000000000e+00 1.000000000e+00
-1.303799450e-01 5.936197937e-02 -1.162198901e+00 1.864511669e-01 -1.119519830e+00 1.262254119e-01 2.230153084e-01 7.683154941e-02 0.000000000e+00 0.000000000e+00 0.000000000e+00 1.000000000e+00
-1.695439816e+00 5.209592730e-02 1.986411959e-01 7.649600506e-02 -6.365087032e-01 8.113509417e-02 4.247108400e-01 1.162588894e-01 0.000000000e+00 0.000000000e+00 0.000000000e+00 1.000000000e+00
-1.915958971e-01 8.378843963e-02 -7.056698203e-01 1.854730994e-01 -9.041678309e-01 9.878273308e-02 -2.000756264e+00 3.390345350e-02 0.000000000e+00 0.000000000e+00 0.000000000e+00 1.000000000e+00
-3.638516068e-01 3.079536557e-02 -2.183157921e+00 5.192927271e-02 -9.957686663e-01 3.668812662e-02 -1.471622944e+00 -1.046248302e-01 0.000000000e+00 0.000000000e+00 0.000000000e+00 1.000000000e+00
-1.309218645e+00 -1.263165176e-01 1.114739418e+00 -1.695871055e-01 -1.277298093e+00 -1.381182373e-01 1.575211048e+00 -2.165903449e-01 0.000000000e+00 0.000000000e+00 0.000000000e+00 1.000000000e+00
-1.213273764e+00 -1.716264188e-01 1.422512293e+00 -1.437094510e-01 -5.234532952e-01 -1.536931992e-01 -6.655611992e-01 -1.414968967e-01 0.000000000e+00 0.000000000e+00 0.000000000e+00 1.000000000e+00
1.275272518e-01 -1.942980289e-01 -4.664098620e-01 -6.815998256e-02 1.484269619e+00 -1.685837060e-01 -1.778821349e-01 6.666758657e-02 0.000000000e+00 0.000000000e+00 0.000000000e+00 1.000000000e+00
4.223396778e-01 -3.132619560e-01 5.593864322e-01 -1.517391950e-01 7.902280092e-01 -2.758022249e-01 5.302178264e-01 -8.673560619e-02 0.000000000e+00 0.000000000e+00 0.000000000e+00 1.000000000e+00
1.046668291e+00 -2.031250596e-01 -3.841946125e-01 -7.076907903e-03 -1.200590730e+00 -1.395665854e-01 2.864684165e-01 -3.509109318e-01 0.000000000e+00 0.000000000e+00 0.000000000e+00 1.000000000e+00
-5.344727635e-01 7.136201859e-02 -6.774840355e-01 -1.211171523e-01 -1.237309337e+00 5.223277211e-02 -1.775341988e+00 -2.883255482e-01 0.000000000e+00 0.000000000e+00 0.000000000e+00 1.000000000e+00
-1.817283750e+00 5.167458951e-02 -9.756079316e-01 -1.905612797e-01 -1.340478659e+00 9.545708448e-02 -6.696155667e-01 -1.482400447e-01 0.000000000e+00 0.000000000e+00 0.000000000e+00 1.000000000e+00
-5.747181773e-01 -4.938384145e-02 1.047820568e+00 -8.685362339e-02 -1.798529387e+00 -3.026205301e-02 -8.155274391e-01 -3.230527639e-01 0.000000000e+00 0.000000000e+00 0.000000000e+00 1.000000000e+00
-3.300805688e-01 9.553251415e-02 1.610745549e+00 8.376344293e-02 -4.728257060e-01 8.352463692e-02 1.456281662e+00 -2.095576376e-02 0.000000000e+00 0.000000000e+00 0.000000000e+00 1.000000000e+00
-9.825142622e-01 1.344131976e-01 2.428248405e+00 -6.889957190e-02 -1.616649330e-03 7.072031498e-02 -7.505508661e-01 -6.320461631e-02 0.000000000e+00 0.000000000e+00 0.000000000e+00 1.000000000e+00
-2.298635393e-01 1.010406986e-01 -1.257015586e+00 4.464839771e-02 -7.581583261e-01 9.868948162e-02 -1.819008946e+00 -2.960308641e-02 0.000000000e+00 0.000000000e+00 0.000000000e+00 1.000000000e+00
1.173306823e+00 5.830691010e-02 6.142483950e-01 2.436635494e-01 3.849733993e-02 1.815049350e-02 1.131709456e+00 9.793214500e-02 0.000000000e+00 0.000000000e+00 0.000000000e+00 1.000000000e+00
-2.347851247e-01 4.026450217e-03 1.853033662e+00 5.263498798e-02 -6.763178706e-01 -1.485997438e-02 -2.172405571e-01 -6.682895124e-02 0.000000000e+00 0.000000000e+00 0.000000000e+00 1.000000000e+00
-1.276924372e+00 1.390252411e-01 -7.720871568e-01 -2.978887409e-03 -1.560862958e-01 9.306975454e-02 -1.857089520e+00 7.129441202e-02 0.000000000e+00 0.000000000e+00 0.000000000e+00 1.000000000e+00
-1.394487917e-03 6.659983099e-02 -4.719605148e-01 1.260682940e-02 -3.763272166e-01 1.128378063e-01 2.952327013e+00 -5.854168534e-02 0.000000000e+00 0.000000000e+00 0.000000000e+00 1.000000000e+00
3.037051558e-01 2.266785651e-01 4.093007565e+00 2.102990150e-01 6.566035748e-01 2.354754210e-01 2.734306455e-01 2.925305367e-01 0.000000000e+00 0.000000000e+00 0.000000000e+00 1.000000000e+00
-4.981952310e-01 4.661362767e-01 -1.487428546e+00 2.994960546e-01 -5.214945078e-01 4.904499352e-01 -2.944382906e+00 3.245062232e-01 0.000000000e+00 0.000000000e+00 0.000000000e+00 1.000000000e+00
-1.191038847e+00 1.563112289e-01 -1.681362629e+00 6.377333403e-02 -3.544325829e-01 2.263886184e-01 1.307665944e+00 1.895283163e-02 0.000000000e+00 0.000000000e+00 0.000000000e+00 1.000000000e+00
5.593480542e-02 1.011671573e-01 2.732002258e+00 1.939531714e-01 -6.655221581e-01 1.456649005e-01 2.552474260e+00 1.557225138e-01 0.000000000e+00 0.000000000e+00 0.000000000e+00 1.000000000e+00
6.513773203e-01 -5.216065422e-02 8.257969618e-01 2.200212777e-01 5.980165005e-01 -1.172454655e-02 -4.559004605e-01 1.787541658e-01 0.000000000e+00 0.000000000e+00 0.000000000e+00 1.000000000e+00
1.427930236e+00 -4.496762753e-01 3.002914786e-02 1.147908904e-02 1.187692881e+00 -5.303667784e-01 -7.148727030e-02 -1.432375163e-01 0.000000000e+00 0.000000000e+00 0.000000000e+00 1.000000000e+00
3.497222066e-01 -1.336811900e+00 1.324361563e+00 -8.240798116e-01 6.891803741e-01 -1.483112574e+00 1.344162226e+00 -9.294003248e-01 0.000000000e+00 0.000000000e+00 0.000000000e+00 1.000000000e+00
3.667225242e-01 -1.999641657e+00 9.859977365e-01 -1.214533091e+00 -3.489495516e-01 -2.108318329e+00 -3.106491268e-01 -1.657687187e+00 0.000000000e+00 0.000000000e+00 0.000000000e+00 1.000000000e+00
-8.529869318e-01 -2.346693277e+00 -4.923510849e-01 -1.650971174e+00 -1.105076432e+00 -2.344266891e+00 -6.186057329e-01 -1.791678667e+00 0.000000000e+00 0.000000000e+00 0.000000000e+00 1.000000000e+00
-6.268146038e-01 -2.328233480e+00 8.061787486e-02 -1.612932682e+00 -6.544426084e-01 -2.325791836e+00 5.194993019e-01 -1.625389576e+00 0.000000000e+00 0.000000000e+00 0.000000000e+00 1.000000000e+00
-1.709815502e+00 -2.605777025e+00 4.131442308e-01 -1.944352150e+00 -1.001626730e+00 -2.585306406e+00 8.412503451e-02 -2.037851334e+00 0.000000000e+00 0.000000000e+00 0.000000000e+00 1.000000000e+00
-8.852277994e-01 -2.314897299e+00 -2.310354561e-01 -1.533723593e+00 -1.002676368e+00 -2.422071218e+00 -4.587920606e-01 -1.847320795e+00 0.000000000e+00 0.000000000e+00 0.000000000e+00 1.000000000e+00
-1.603098631e+00 -2.181540012e+00 -6.682255268e-01 -1.799920797e+00 -1.694554567e+00 -2.180941343e+00 -7.414913177e-01 -1.930161119e+00 0.000000000e+00 0.000000000e+00 0.000000000e+00 1.000000000e+00
-2.084620953e+00 -1.637511253e+00 -2.694782317e-01 -1.474168777e+00 -1.731930494e+00 -1.616119623e+00 -2.216258198e-01 -1.493409395e+00 0.000000000e+00 0.000000000e+00 0.000000000e+00 1.000000000e+00
-2.123610497e+00 -9.028941989e-01 -5.835068226e-01 -1.094327092e+00 -1.731998801e+00 -8.343575001e-01 -3.105741739e-01 -9.885892868e-01 0.000000000e+00 0.000000000e+00 0.000000000e+00 1.000000000e+00
-1.498301268e+00 -3.908631206e-01 1.279894471e+00 -5.320258141e-01 -6.045130491e-01 -3.556820750e-01 9.333620071e-01 -4.560922384e-01 0.000000000e+00 0.000000000e+00 0.000000000e+00 1.000000000e+00
-7.875884771e-01 -1.609267294e-02 8.916380405e-01 -2.352303416e-01 -9.118614197e-01 8.972026408e-03 -6.472524405e-01 -2.528244853e-01 0.000000000e+00 0.000000000e+00 0.000000000e+00 1.000000000e+00
-5.355253816e-02 2.192159444e-01 -4.570078254e-01 2.122277617e-01 8.435808122e-03 2.678050399e-01 -1.362700820e+00 1.247889102e-01 0.000000000e+00 0.000000000e+00 0.000000000e+00 1.000000000e+00
1.832163632e-01 2.482771575e-01 3.271213174e-01 2.952426970e-01 8.292106539e-02 2.417346388e-01 2.073278189e+00 1.385370791e-01 0.000000000e+00 0.000000000e+00 0.000000000e+00 1.000000000e+00
-8.159098774e-02 3.314679861e-01 3.378480196e+00 2.204361409e-01 5.818949640e-02 3.467352092e-01 1.319272041e+00 1.464283168e-01 0.000000000e+00 0.000000000e+00 0.000000000e+00 1.000000000e+00
8.076556772e-02 2.594503760e-01 -3.810996115e-01 3.000004292e-01 -1.225992739e-01 3.158597648e-01 -1.913004279e+00 1.658350527e-01 0.000000000e+00 0.000000000e+00 0.000000000e+00 1.000000000e+00
-1.681671143e-01 1.649395227e-01 -1.460333824e+00 2.135192007e-01 -2.888856828e-01 2.140793353e-01 -4.206600487e-01 1.149621904e-01 0.000000000e+00 0.000000000e+00 0.000000000e+00 1.000000000e+00
-7.735766172e-01 3.313565254e-01 1.446860671e+00 9.014156461e-02 -4.460507333e-01 3.137990534e-01 6.834958196e-01 -3.906495124e-02 0.000000000e+00 0.000000000e+00 0.000000000e+00 1.000000000e+00
4.777814150e-01 9.853693098e-02 5.829835534e-01 3.013250828e-01 -4.756249189e-01 1.086647362e-01 -4.351223111e-01 5.236543715e-02 0.000000000e+00 0.000000000e+00 0.000000000e+00 1.000000000e+00
-7.227250934e-01 -8.886843175e-02 -4.007739127e-01 -4.849887639e-02 -1.204394817e+00 -8.409103751e-02 -1.102470160e+00 -2.575484514e-01 0.000000000e+00 0.000000000e+00 0.000000000e+00 1.000000000e+00
-2.606369853e-01 -3.255640715e-02 2.214363217e-02 -4.821752384e-02 4.752560854e-01 -5.960357562e-02 2.705771662e-02 -2.733699232e-02 0.000000000e+00 0.000000000e+00 0.000000000e+00 1.000000000e+00
-4.869811535e-01 -5.222161114e-02 -1.092399061e-01 -1.140753850e-01 -3.715348244e-01 -7.091769576e-02 -6.913960576e-01 -1.188150644e-01 0.000000000e+00 0.000000000e+00 0.000000000e+00 1.000000000e+00
-2.971299291e-01 -5.468092114e-02 -8.886246681e-01 -2.524553612e-02 -5.546499491e-01 -5.864174664e-02 -1.030644655e+00 -9.099234641e-02 0.000000000e+00 0.000000000e+00 0.000000000e+00 1.000000000e+00
-4.372907877e-01 8.034028113e-03 5.813084245e-01 8.902049065e-02 9.933834523e-02 -3.438419849e-02 1.175535202e+00 1.295609176e-01 0.000000000e+00 0.000000000e+00 0.000000000e+00 1.000000000e+00
4.070263356e-02 -7.045365870e-02 1.413086891e+00 6.841011345e-02 -6.261491776e-02 -1.010381728e-01 6.367285252e-01 3.604739904e-04 0.000000000e+00 0.000000000e+00 0.000000000e+00 1.000000000e+00
3.443350196e-01 7.979223132e-02 -5.615794659e-01 1.914635152e-01 1.399829626e+00 8.952474594e-02 -6.282191873e-01 3.170495331e-01 0.000000000e+00 0.000000000e+00 0.000000000e+00 1.000000000e+00
-1.584492326e-01 1.486628950e-01 1.039177537e+00 2.512877584e-01 2.020438015e-01 1.829841733e-01 2.159854174e+00 2.613364756e-01 0.000000000e+00 0.000000000e+00 0.000000000e+00 1.000000000e+00
1.364599168e-01 1.298113167e-01 1.878996730e+00 1.488385499e-01 2.854481637e-01 9.357054532e-02 6.446206570e-01 8.351509273e-02 0.000000000e+00 0.000000000e+00 0.000000000e+00 1.000000000e+00
7.054635286e-01 1.489946991e-01 2.626884878e-01 2.830746174e-01 6.636298299e-01 1.261453927e-01 -3.319349587e-01 1.598403454e-01 0.000000000e+00 0.000000000e+00 0.000000000e+00 1.000000000e+00
1.298807144e+00 5.320072174e-02 -2.562837303e-02 2.939110100e-01 4.992971122e-01 8.588433266e-03 -1.192066550e+00 1.136455014e-01 0.000000000e+00 0.000000000e+00 0.000000000e+00 1.000000000e+00
-3.516625166e-01 -1.919379458e-02 -7.722939253e-01 -1.154940277e-01 7.948532701e-01 6.238654256e-03 -4.207776189e-01 -8.050762117e-02 0.000000000e+00 0.000000000e+00 0.000000000e+00 1.000000000e+00
5.466143489e-01 -1.178624034e-01 1.799895316e-01 -7.924163342e-02 4.146062434e-01 -8.023370802e-02 -1.163312495e-01 -1.071052402e-01 0.000000000e+00 0.000000000e+00 0.000000000e+00 1.000000000e+00
1.512419581e+00 -2.009167969e-01 3.145753145e-01 -1.431278419e-02 9.278354049e-01 -2.160017788e-01 -8.062934875e-02 -1.275989562e-01 0.000000000e+00 0.000000000e+00 0.000000000e+00 1.000000000e+00
-6.594061255e-01 -1.788578928e-01 2.432505935e-01 -3.144856691e-01 -1.437974930e+00 -1.426611841e-01 -7.710137963e-01 -3.913818896e-01 0.000000000e+00 0.000000000e+00 0.000000000e+00 1.000000000e+00
5.435348749e-01 -1.642696410e-01 -3.589280844e-01 -3.146193922e-02 4.035111666e-01 -1.844565123e-01 1.990220308e+00 -2.003013492e-01 0.000000000e+00 0.000000000e+00 0.000000000e+00 1.000000000e+00
-6.435148716e-01 -5.032157898e-02 3.136028051e+00 -5.967815965e-02 -2.864032388e-01 -7.933752984e-02 2.025340311e-02 -3.547490388e-02 0.000000000e+00 0.000000000e+00 0.000000000e+00 1.000000000e+00
-4.741733968e-01 -1.417777836e-01 -2.119635820e+00 -1.156379580e-01 -6.192497611e-01 -4.047733545e-02 -2.813402176e+00 -9.475078434e-02 0.000000000e+00 0.000000000e+00 0.000000000e+00 1.000000000e+00
1.243989393e-01 5.067285895e-02 -8.249706030e-02 1.143533215e-01 -1.735074669e-01 1.334800422e-01 1.925463200e+00 1.344244927e-02 0.000000000e+00 0.000000000e+00 0.000000000e+00 1.000000000e+00
-1.063076615e+00 -4.243832827e-02 1.735339642e+00 -1.825015247e-01 1.545254290e-01 -5.010806769e-02 4.112021327e-01 5.073897541e-03 0.000000000e+00 0.000000000e+00 0.000000000e+00 1.000000000e+00
4.096666873e-01 -1.783306524e-02 -1.442858458e+00 1.626212299e-01 3.453534544e-01 -1.952844672e-02 -2.154853582e+00 1.440139413e-01 0.000000000e+00 0.000000000e+00 0.000000000e+00 1.000000000e+00
7.753907442e-01 1.294464618e-02 -9.283727407e-01 3.198683858e-01 1.069437861e+00 5.581907928e-03 1.214602470e+00 2.715001404e-01 0.000000000e+00 0.000000000e+00 0.000000000e+00 1.000000000e+00
1.519045949e+00 -1.034355909e-01 1.577810764e+00 3.347046971e-01 1.462094665e+00 -1.582050472e-01 1.064442039e+00 2.203874439e-01 0.000000000e+00 0.000000000e+00 0.000000000e+00 1.000000000e+00
2.811702192e-01 -1.433639526e-01 -6.460949779e-01 7.064609975e-02 -1.068396047e-01 -1.356062591e-01 -1.407749653e+00 -2.018188685e-02 0.000000000e+00 0.000000000e+00 0.000000000e+00 1.000000000e+00
1.135891557e+00 -1.272382736e-01 -6.146703959e-01 1.363238990e-01 -8.135607839e-01 -2.894166112e-02 2.380482256e-01 -1.730177552e-01 0.000000000e+00 0.000000000e+00 0.000000000e+00 1.000000000e+00
-2.236865610e-01 -5.435596779e-02 6.610697508e-02 -9.889444709e-02 2.146519423e-01 -1.518014073e-02 -4.129700363e-01 -9.850642085e-02 0.000000000e+00 0.000000000e+00 0.000000000e+00 1.000000000e+00
4.457450211e-01 2.215952426e-02 2.170395404e-01 -1.911044419e-01 -4.875808209e-02 3.324614465e-02 -3.012031615e-01 -2.744887173e-01 0.000000000e+00 0.000000000e+00 0.000000000e+00 1.000000000e+00
5.521345139e-01 3.409168869e-02 -5.979289412e-01 -5.101938173e-02 6.121761799e-01 6.161018461e-02 -1.465437651e+00 -7.197509706e-02 0.000000000e+00 0.000000000e+00 0.000000000e+00 1.000000000e+00
4.355002940e-01 7.676228881e-02 8.990517855e-01 6.051278114e-02 1.547713399e+00 2.888569981e-02 1.780026793e+00 1.261293739e-01 0.000000000e+00 0.000000000e+00 0.000000000e+00 1.000000000e+00
6.473423839e-01 1.125622392e-01 5.101730227e-01 1.361288428e-01 -4.066716433e-01 1.013782024e-01 -2.545783997e+00 -7.918661833e-02 0.000000000e+00 0.000000000e+00 0.000000000e+00 1.000000000e+00
-2.787851691e-01 1.713706702e-01 -3.316539049e+00 3.755667806e-02 -2.355737984e-02 1.686135530e-01 -1.518567801e+00 -4.707817361e-02 0.000000000e+00 0.000000000e+00 0.000000000e+00 1.000000000e+00
-6.128501296e-01 1.575262696e-01 -9.440585971e-02 -2.602790669e-02 -8.330415487e-01 1.318835169e-01 1.656712055e+00 -5.181629211e-02 0.000000000e+00 0.000000000e+00 0.000000000e+00 1.000000000e+00
9.153701067e-01 1.298824549e-01 1.209901214e+00 3.805816770e-01 1.758711696e+00 9.978298843e-02 1.766518354e+00 3.995059133e-01 0.000000000e+00 0.000000000e+00 0.000000000e+00 1.000000000e+00
-5.385547280e-01 3.288815171e-02 -1.337777138e+00 1.983541995e-02 -4.380162358e-01 1.717610657e-02 -1.811115026e+00 -7.687743753e-02 0.000000000e+00 0.000000000e+00 0.000000000e+00 1.000000000e+00
-8.336848021e-01 -1.171685830e-01 -4.598644376e-01 -1.856992096e-01 1.024608374e+00 -1.159929559e-01 2.180339098e+00 5.346994102e-02 0.000000000e+00 0.000000000e+00 0.000000000e+00 1.000000000e+00
1.169066131e-01 -8.227185160e-02 1.281450033e+00 2.261512727e-01 -7.584598064e-01 -7.531283796e-02 -2.158267021e+00 -6.381049752e-02 0.000000000e+00 0.000000000e+00 0.000000000e+00 1.000000000e+00
-6.103765965e-01 -1.267278194e-01 -2.318959713e+00 -1.960610598e-02 -4.172213674e-01 -1.152126491e-01 3.725064397e-01 -3.805686906e-02 0.000000000e+00 0.000000000e+00 0.000000000e+00 1.000000000e+00
-1.382651925e-01 -1.413931847e-01 2.201460600e+00 1.837325096e-01 2.270702422e-01 -1.281639338e-01 1.040899634e+00 2.168860734e-01 0.000000000e+00 0.000000000e+00 0.000000000e+00 1.000000000e+00
-7.819607258e-01 -1.205406189e-01 -1.023506284e+00 6.355983019e-02 -1.014610648e+00 -7.123519480e-02 -2.248909235e+00 -8.189561963e-02 0.000000000e+00 0.000000000e+00 0.000000000e+00 1.000000000e+00
-6.276248693e-01 -1.608011425e-01 -1.158099890e+00 4.361561313e-02 -1.352527142e-01 -1.210289970e-01 -1.739219129e-01 8.208062500e-02 0.000000000e+00 0.000000000e+00 0.000000000e+00 1.000000000e+00
6.993047595e-01 -1.438434124e-01 9.365424514e-01 9.510522336e-02 -7.853491902e-01 -1.806146950e-01 4.499286413e-01 -1.611956507e-01 0.000000000e+00 0.000000000e+00 0.000000000e+00 1.000000000e+00
-3.141096830e-01 -1.508731693e-01 3.038656414e-01 -1.458363384e-01 -8.136709929e-01 -1.129220426e-01 -1.320960999e+00 -2.853599191e-01 0.000000000e+00 0.000000000e+00 0.000000000e+00 1.000000000e+00
-1.259286106e-01 -3.296438232e-02 -2.296199083e+00 -6.100644916e-02 -3.052045703e-01 -6.531499326e-03 -1.192600846e+00 -1.662449092e-01 0.000000000e+00 0.000000000e+00 0.000000000e+00 1.000000000e+00
-7.910360098e-01 -1.547287405e-01 3.666353524e-01 -2.835823298e-01 -1.141388297e+00 -9.689638019e-02 1.764891386e+00 -3.961587250e-01 0.000000000e+00 0.000000000e+00 0.000000000e+00 1.000000000e+00
-2.817116976e-01 -2.013289928e-02 1.343695402e+00 -2.032604516e-01 -8.071647882e-01 1.088081300e-02 1.376057863e-01 -2.926647365e-01 0.000000000e+00 0.000000000e+00 0.000000000e+00 1.000000000e+00
5.058220029e-02 4.664474726e-02 -9.575128555e-02 -1.696628332e-01 -2.641933560e-01 9.206224233e-02 -3.630515933e-01 -2.403045148e-01 0.000000000e+00 0.000000000e+00 0.000000000e+00 1.000000000e+00
-9.382881522e-01 2.542033792e-01 -5.146336555e-02 3.070601448e-02 2.635758221e-01 3.173725903e-01 6.907892823e-01 1.504442096e-01 0.000000000e+00 0.000000000e+00 0.000000000e+00 1.000000000e+00
-6.142171025e-01 3.854982853e-01 -5.496291816e-02 1.773302257e-01 -3.235484660e-02 4.757778645e-01 -5.064623803e-02 2.595155835e-01 0.000000000e+00 0.000000000e+00 0.000000000e+00 1.000000000e+00
-3.386867791e-02 6.452313662e-01 -1.006730199e+00 4.155600071e-01 2.493862510e-01 6.945197582e-01 -1.536288738e+00 4.569284320e-01 0.000000000e+00 0.000000000e+00 0.000000000e+00 1.000000000e+00
3.050303757e-01 7.001566291e-01 -1.293833971e+00 5.136448145e-01 1.849526763e-01 7.491320968e-01 -1.672657013e+00 5.304002762e-01 0.000000000e+00 0.000000000e+00 0.000000000e+00 1.000000000e+00
2.601104081e-01 6.043076515e-01 -8.325471878e-01 4.338586926e-01 6.692034006e-01 6.348226070e-01 -1.760514379e-01 5.160973072e-01 0.000000000e+00 0.000000000e+00 0.000000000e+00 1.000000000e+00
8.139236569e-01 5.477284193e-01 6.583176851e-01 4.359259307e-01 8.274033666e-01 5.655312538e-01 5.810168982e-01 4.366229177e-01 0.000000000e+00 0.000000000e+00 0.000000000e+00 1.000000000e+00
8.582525849e-01 4.529507458e-01 7.500717044e-01 2.542377114e-01 1.050372124e+00 5.000457764e-01 -2.646518052e-01 4.088273048e-01 0.000000000e+00 0.000000000e+00 0.000000000e+00 1.000000000e+00
6.548995376e-01 2.046428621e-01 -6.071618795e-01 -9.591458365e-03 8.968785405e-01 2.070279717e-01 -4.945669770e-01 1.531809270e-01 0.000000000e+00 0.000000000e+00 0.000000000e+00 1.000000000e+00
1.162381768e+00 7.541385293e-02 4.529781640e-01 1.494350135e-01 9.454639554e-01 2.209268510e-02 -9.154392779e-02 2.024039030e-01 0.000000000e+00 0.000000000e+00 0.000000000e+00 1.000000000e+00
1.066404343e+00 -1.858250201e-01 -4.159494638e-01 5.563103408e-02 3.917868733e-01 -2.420921028e-01 -1.062048972e-02 -8.084058017e-02 0.000000000e+00 0.000000000e+00 0.000000000e+00 1.000000000e+00
-1.354027987e-01 -5.661397576e-01 2.140050828e-01 -3.860052824e-01 -4.521286786e-01 -6.398812532e-01 5.016725659e-01 -4.737465680e-01 0.000000000e+00 0.000000000e+00 0.000000000e+00 1.000000000e+00
-2.520967126e-01 -9.438092709e-01 6.715091467e-01 -6.802489758e-01 8.244374394e-02 -1.068020225e+00 9.692608118e-01 -7.308881283e-01 0.000000000e+00 0.000000000e+00 0.000000000e+00 1.000000000e+00
2.366201729e-01 -1.158380866e+00 3.340236545e-01 -5.915527940e-01 -1.599643826e-01 -1.359343648e+00 -3.390958905e-01 -9.220313430e-01 0.000000000e+00 0.000000000e+00 0.000000000e+00 1.000000000e+00
-1.238648891e-01 -1.593222618e+00 -3.382069468e-01 -9.412631989e-01 -1.196973205e+00 -1.772715330e+00 -2.445462942e-01 -1.435413599e+00 0.000000000e+00 0.000000000e+00 0.000000000e+00 1.000000000e+00
-9.332505465e-01 -1.875847816e+00 -1.409173906e-01 -1.072173595e+00 -1.688570380e+00 -1.950082541e+00 -9.983102083e-01 -2.026785135e+00 0.000000000e+00 0.000000000e+00 0.000000000e+00 1.000000000e+00
-8.442537189e-01 -2.032552958e+00 -1.031400442e+00 -1.688151121e+00 -1.005737066e+00 -2.136548996e+00 -8.848745227e-01 -1.808389783e+00 0.000000000e+00 0.000000000e+00 0.000000000e+00 1.000000000e+00
-1.076870084e+00 -2.496412754e+00 -9.266320467e-01 -2.085981369e+00 -6.807409525e-01 -2.603992224e+00 -4.531327486e-01 -1.563960075e+00 0.000000000e+00 0.000000000e+00 0.000000000e+00 1.000000000e+00
-9.417594671e-01 -2.700000763e+00 -1.841530800e-01 -1.722224474e+00 -2.835273743e-01 -2.776662350e+00 2.745026946e-01 -1.660097957e+00 0.000000000e+00 0.000000000e+00 0.000000000e+00 1.000000000e+00
-6.825075150e-01 -2.884925127e+00 -5.641856194e-01 -1.899659514e+00 6.437137723e-02 -3.015476704e+00 7.417608798e-02 -1.595909953e+00 0.000000000e+00 0.000000000e+00 0.000000000e+00 1.000000000e+00
1.954868138e-01 -3.289458752e+00 9.908343852e-02 -1.121158123e+00 -2.306857258e-01 -3.437363386e+00 3.083310127e-01 -2.897848368e+00 0.000000000e+00 0.000000000e+00 0.000000000e+00 1.000000000e+00
-1.358882427e+00 -3.052366972e+00 -5.531683564e-01 -2.616437435e+00 -1.198807836e+00 -3.087244749e+00 1.586958170e-01 -2.969561338e+00 0.000000000e+00 0.000000000e+00 0.000000000e+00 1.000000000e+00
-1.497563124e+00 -3.162760496e+00 -3.191422522e-01 -3.563866615e+00 -7.368777990e-01 -3.255023003e+00 -4.691017866e-01 -3.223265171e+00 0.000000000e+00 0.000000000e+00 0.000000000e+00 1.000000000e+00
-1.519187450e+00 -3.128982544e+00 -7.622866035e-01 -2.515606403e+00 -6.968393326e-01 -3.154276848e+00 -7.425636649e-01 -2.833495617e+00 0.000000000e+00 0.000000000e+00 0.000000000e+00 1.000000000e+00
-1.517319679e+00 -3.089940548e+00 -1.441724181e+00 -3.014626980e+00 -9.905564189e-01 -3.057151556e+00 -1.342985392e+00 -2.521873236e+00 0.000000000e+00 0.000000000e+00 0.000000000e+00 1.000000000e+00
-1.696091771e+00 -2.824321985e+00 -1.356390119e-01 -2.396984100e+00 -1.386136532e+00 -2.816082001e+00 -2.277584523e-01 -2.404893160e+00 0.000000000e+00 0.000000000e+00 0.000000000e+00 1.000000000e+00
-1.426257849e+00 -2.628666162e+00 1.729089767e-01 -2.302658558e+00 -1.050176978e+00 -2.561194897e+00 3.658726513e-01 -1.731173515e+00 0.000000000e+00 0.000000000e+00 0.000000000e+00 1.000000000e+00
-1.085134029e+00 -2.055583715e+00 5.777971148e-01 -1.503618121e+00 -3.559077978e-01 -2.079191446e+00 2.514458299e-01 -1.331317902e+00 0.000000000e+00 0.000000000e+00 0.000000000e+00 1.000000000e+00
-5.532529354e-01 -1.870889306e+00 1.347034723e-01 -1.409419298e+00 -7.733328342e-01 -1.974299192e+00 6.212296486e-01 -1.531958222e+00 0.000000000e+00 0.000000000e+00 0.000000000e+00 1.000000000e+00
-9.733648896e-01 -1.921790481e+00 5.219826102e-01 -1.210644960e+00 -8.715277314e-01 -1.986063480e+00 -2.184489071e-01 -1.527076364e+00 0.000000000e+00 0.000000000e+00 0.000000000e+00 1.000000000e+00
-8.193835020e-01 -1.838962436e+00 -1.063084960e+00 -1.297441244e+00 -7.195807695e-01 -1.793136835e+00 1.249917507e+00 -1.086689472e+00 0.000000000e+00 0.000000000e+00 0.000000000e+00 1.000000000e+00
-9.646087289e-01 -1.163522720e+00 1.634053826e+00 -9.744910002e-01 -1.417648673e+00 -1.152844191e+00 1.779332042e+00 -1.045180917e+00 0.000000000e+00 0.000000000e+00 0.000000000e+00 1.000000000e+00
-9.368879795e-01 -7.891355753e-01 2.132903814e+00 -8.464251757e-01 -7.655208707e-01 -7.814490199e-01 -1.555553317e+00 -9.935404062e-01 0.000000000e+00 0.000000000e+00 0.000000000e+00 1.000000000e+00
3.161444664e-01 -4.753449559e-01 -3.218498230e+00 -4.514214694e-01 3.899148703e-01 -3.798050880e-01 -1.066371560e+00 -4.302000701e-01 0.000000000e+00 0.000000000e+00 0.000000000e+00 1.000000000e+00
-9.000593424e-01 -5.302513838e-01 6.574497223e-01 -5.098634362e-01 -1.748271108e+00 -4.514337778e-01 1.376218319e+00 -6.363371015e-01 0.000000000e+00 0.000000000e+00 0.000000000e+00 1.000000000e+00
-1.557571173e+00 -2.136085033e-01 1.368985295e+00 -3.895639479e-01 -1.251237154e+00 -2.133486420e-01 -8.006140590e-02 -3.832648695e-01 0.000000000e+00 0.000000000e+00 0.000000000e+00 1.000000000e+00
-5.709365606e-01 -4.202260450e-02 -1.293591559e-01 -4.844552279e-02 6.195348501e-01 -2.599831671e-02 8.806845546e-01 3.678686917e-02 0.000000000e+00 0.000000000e+00 0.000000000e+00 1.000000000e+00
1.747996509e-01 9.348557144e-02 4.502299726e-01 2.041254193e-01 -5.192729831e-01 1.416544020e-01 8.423146009e-01 6.075829268e-02 0.000000000e+00 0.000000000e+00 0.000000000e+00 1.000000000e+00
6.606458127e-02 6.978699565e-02 -1.067263722e+00 2.268799394e-02 9.378144741e-01 3.511929512e-02 -2.806929588e+00 3.883573413e-02 0.000000000e+00 0.000000000e+00 0.000000000e+00 1.000000000e+00
3.501470685e-01 4.067030549e-02 -1.359314919e+00 8.391103894e-02 -3.943218291e-01 6.153535098e-02 -2.063742280e-01 -3.814731911e-02 0.000000000e+00 0.000000000e+00 0.000000000e+00 1.000000000e+00
-1.169627756e-01 1.548747420e-01 4.906161726e-01 9.038355947e-02 -5.276109576e-01 1.756034195e-01 1.794837475e+00 1.010821164e-01 0.000000000e+00 0.000000000e+00 0.000000000e+00 1.000000000e+00
-2.220335007e-01 7.453966141e-02 2.137043953e+00 1.318756342e-01 -2.475495040e-01 6.243413687e-02 8.445933461e-02 1.511697024e-01 0.000000000e+00 0.000000000e+00 0.000000000e+00 1.000000000e+00
-1.647919118e-01 -1.674543321e-02 -2.024969339e+00 1.311581731e-01 9.764621407e-02 -7.284060121e-04 -2.382317066e+00 1.597322077e-01 0.000000000e+00 0.000000000e+00 0.000000000e+00 1.000000000e+00
-2.409871519e-01 -6.783127785e-03 -1.051607490e+00 -3.341701254e-02 -1.410557270e+00 -1.234987378e-02 2.042966783e-01 -2.265605628e-01 0.000000000e+00 0.000000000e+00 0.000000000e+00 1.000000000e+00
-1.546984315e-01 -1.569670439e-02 2.329291344e+00 -6.217487156e-02 -4.107400477e-01 -3.376179934e-02 2.061306715e+00 -3.362036496e-02 0.000000000e+00 0.000000000e+00 0.000000000e+00 1.000000000e+00
-6.623235941e-01 -1.056275815e-01 -2.093505859e-01 -2.823360562e-01 -1.175791621e-01 -1.120760590e-01 -2.133147717e+00 -2.426179945e-01 0.000000000e+00 0.000000000e+00 0.000000000e+00 1.000000000e+00
-5.802007914e-01 -9.084327519e-02 -1.409281135e+00 -2.362533510e-01 -1.748188496e+00 -7.831068337e-02 -1.432982385e-01 -3.254243433e-01 0.000000000e+00 0.000000000e+00 0.000000000e+00 1.000000000e+00
-7.604020238e-01 -6.309498847e-02 4.094900191e-02 -2.165921628e-01 -1.787033916e+00 -6.523057818e-02 -1.772966981e+00 -3.854628205e-01 0.000000000e+00 0.000000000e+00 0.000000000e+00 1.000000000e+00
-2.939336896e-01 -7.442542911e-02 -1.534154058e+00 -2.137301415e-01 -8.063396215e-01 -8.649988472e-02 2.665696144e-01 -3.208999038e-01 0.000000000e+00 0.000000000e+00 0.000000000e+00 1.000000000e+00
-1.302690357e-01 -2.266104817e-01 1.540737391e+00 -2.109777629e-01 -5.278760791e-01 -1.585043818e-01 1.000992116e-02 -2.117232829e-01 0.000000000e+00 0.000000000e+00 0.000000000e+00 1.000000000e+00
-6.063882262e-03 -1.259368062e-01 1.027670860e+00 -1.580656469e-01 -8.409289122e-01 -1.056887582e-01 2.621159554e+00 -2.921757102e-01 0.000000000e+00 0.000000000e+00 0.000000000e+00 1.000000000e+00
7.309477925e-01 1.086103171e-02 7.738476396e-01 1.669481769e-02 -9.577795863e-02 5.127057433e-03 -1.705749869e+00 -9.517779946e-02 0.000000000e+00 0.000000000e+00 0.000000000e+00 1.000000000e+00
-1.992055416e+00 -4.807108268e-02 -1.724815130e+00 -4.847437441e-01 -4.001195431e-01 -1.317563653e-02 1.127959937e-01 -2.873131633e-01 0.000000000e+00 0.000000000e+00 0.000000000e+00 1.000000000e+00
-1.181632757e+00 -3.368763626e-02 1.032354236e+00 -4.101096988e-01 -6.042635441e-01 4.817685485e-02 -1.411103308e-01 -1.553793997e-01 0.000000000e+00 0.000000000e+00 0.000000000e+00 1.000000000e+00
-1.387840390e+00 4.556435347e-02 -1.443622351e+00 -2.593722045e-01 -4.283384979e-01 1.751737669e-02 -2.555647612e+00 -1.995120496e-01 0.000000000e+00 0.000000000e+00 0.000000000e+00 1.000000000e+00
-4.001154900e-01 -1.445921138e-02 -1.310027719e+00 -1.050132513e-01 2.803524137e-01 -3.410682827e-02 1.000195026e+00 -3.086584806e-02 0.000000000e+00 0.000000000e+00 0.000000000e+00 1.000000000e+00
4.146052301e-01 -6.591749191e-02 2.128717422e+00 1.287546009e-02 -7.320290804e-01 -9.526135027e-02 4.222707152e-01 -1.795921624e-01 0.000000000e+00 0.000000000e+00 0.000000000e+00 1.000000000e+00
-4.832586348e-01 -1.486103535e-01 -2.242196798e+00 -4.306648374e-01 -1.245339751e+00 -1.858554631e-01 -1.873662472e+00 -4.583715796e-01 0.000000000e+00 0.000000000e+00 0.000000000e+00 1.000000000e+00
-9.772942066e-01 -1.474238634e-01 5.038445592e-01 -4.232851863e-01 -1.167904615e+00 -1.409240365e-01 3.251291037e+00 -4.661679268e-01 0.000000000e+00 0.000000000e+00 0.000000000e+00 1.000000000e+00
-6.705160737e-01 -2.355842739e-01 2.836196899e+00 -4.013127983e-01 -4.118002057e-01 -2.532210052e-01 -1.238904372e-01 -3.071138859e-01 0.000000000e+00 0.000000000e+00 0.000000000e+00 1.000000000e+00
-1.507363915e-01 -1.149156839e-01 -2.330245018e+00 -3.814645708e-01 -1.489975810e+00 -9.741333127e-02 -1.128356814e+00 -4.694530368e-01 0.000000000e+00 0.000000000e+00 0.000000000e+00 1.000000000e+00
-1.313056827e+00 -1.284392476e-01 1.222769395e-01 -4.787566364e-01 -3.786481321e-01 -5.629963428e-02 8.275061846e-01 -3.020975590e-01 0.000000000e+00 0.000000000e+00 0.000000000e+00 1.000000000e+00
-6.693538427e-01 -6.138493121e-02 7.888389826e-01 -3.000337183e-01 -3.381725550e-01 -4.409440607e-02 3.685510755e-01 -2.226915956e-01 0.000000000e+00 0.000000000e+00 0.000000000e+00 1.000000000e+00
6.295733452e-01 1.355797052e-03 -1.296618223e+00 -7.062615454e-02 6.344991326e-01 -8.539780974e-03 -1.296521783e+00 -4.525658488e-02 0.000000000e+00 0.000000000e+00 0.000000000e+00 1.000000000e+00
5.166022182e-01 1.254187152e-02 -4.402233958e-01 4.547226429e-02 -1.883596480e-01 1.714824140e-02 1.901517272e+00 -4.658988863e-02 0.000000000e+00 0.000000000e+00 0.000000000e+00 1.000000000e+00
-4.672767222e-02 -2.549320459e-02 1.526417255e+00 -1.203591675e-01 2.572177052e-01 -1.446084678e-02 -1.756989598e+00 1.794904470e-02 0.000000000e+00 0.000000000e+00 0.000000000e+00 1.000000000e+00
-3.504005671e-01 5.721295625e-02 -3.900225878e+00 5.324278772e-02 -4.310746193e-01 2.761126310e-02 -1.378278017e+00 -1.140959188e-01 0.000000000e+00 0.000000000e+00 0.000000000e+00 1.000000000e+00
3.814527690e-01 -8.472664654e-02 3.070035934e+00 -5.500619859e-02 -1.329957604e+00 -1.191494316e-01 3.779768944e+00 -2.436238378e-01 0.000000000e+00 0.000000000e+00 0.000000000e+00 1.000000000e+00
-1.520135403e-01 3.299544007e-02 2.001560450e+00 -4.829996079e-02 -2.206165493e-01 6.839713454e-02 -2.176156998e+00 2.037972212e-03 0.000000000e+00 0.000000000e+00 0.000000000e+00 1.000000000e+00
-2.565329671e-01 1.206897348e-01 -3.413982868e+00 3.194944561e-02 4.882448912e-01 1.170134246e-01 -2.286554813e+00 9.228150547e-02 0.000000000e+00 0.000000000e+00 0.000000000e+00 1.000000000e+00
2.476437390e-01 1.730908155e-01 -7.529792190e-01 7.223130763e-02 -1.008555740e-01 1.490314603e-01 1.162235975e+00 5.704894662e-03 0.000000000e+00 0.000000000e+00 0.000000000e+00 1.000000000e+00
-1.588090360e-01 2.415534258e-01 1.914813519e+00 1.170291901e-01 -6.848264933e-01 2.723646760e-01 2.575994134e-01 4.399751127e-02 0.000000000e+00 0.000000000e+00 0.000000000e+00 1.000000000e+00
-9.923900664e-02 2.845931351e-01 -2.373808026e-01 1.861604750e-01 2.042635977e-01 3.130811453e-01 -7.053783536e-01 1.983639002e-01 0.000000000e+00 0.000000000e+00 0.000000000e+00 1.000000000e+00
-1.252161503e+00 3.287652731e-01 -3.189114928e-01 -5.643920600e-02 5.495892167e-01 3.275749981e-01 -1.163446546e+00 2.037620246e-01 0.000000000e+00 0.000000000e+00 0.000000000e+00 1.000000000e+00
-9.138321877e-02 3.439289331e-01 -8.514169455e-01 1.204453558e-01 2.046930492e-01 3.568448722e-01 1.557333767e-01 2.358708978e-01 0.000000000e+00 0.000000000e+00 0.000000000e+00 1.000000000e+00
2.565654516e-01 3.249509633e-01 8.555240631e-01 2.041949332e-01 -1.850787401e+00 3.087424636e-01 -5.788837671e-01 3.570871055e-02 0.000000000e+00 0.000000000e+00 0.000000000e+00 1.000000000e+00
-1.139929295e+00 3.526081443e-01 6.891757846e-01 6.978493184e-02 -2.580167651e-01 3.426854610e-01 1.016061544e+00 1.195892841e-01 0.000000000e+00 0.000000000e+00 0.000000000e+00 1.000000000e+00
-1.812596172e-01 2.281128615e-01 2.223669142e-01 4.610017687e-02 7.830664515e-03 2.019727528e-01 -1.297688484e+00 6.139838696e-02 0.000000000e+00 0.000000000e+00 0.000000000e+00 1.000000000e+00
3.336067796e-01 1.065074280e-01 -7.963261008e-01 9.226951003e-02 6.521838307e-01 1.039190069e-01 1.834277362e-01 1.451472044e-01 0.000000000e+00 0.000000000e+00 0.000000000e+00 1.000000000e+00
8.123128414e-01 -1.138460413e-01 -6.392365098e-01 -7.456907630e-02 1.107816696e-01 -1.289786696e-01 -1.031893373e+00 -1.845811456e-01 0.000000000e+00 0.000000000e+00 0.000000000e+00 1.000000000e+00
-4.612778723e-01 -7.343836129e-02 -4.020866156e-01 -2.446285784e-01 2.203753889e-01 -4.603578895e-02 6.835713983e-01 -1.016684026e-01 0.000000000e+00 0.000000000e+00 0.000000000e+00 1.000000000e+00
7.988964915e-01 -5.863330886e-02 2.161199808e+00 -1.011524424e-01 5.612401962e-01 -9.942046553e-02 1.507638812e+00 -7.858663052e-02 0.000000000e+00 0.000000000e+00 0.000000000e+00 1.000000000e+00
4.137935638e-01 -2.278091945e-02 -5.769353509e-01 -1.541300714e-01 5.767623186e-01 -2.192554995e-02 -2.560052395e+00 -1.713007390e-01 0.000000000e+00 0.000000000e+00 0.000000000e+00 1.000000000e+00
1.301476002e+00 2.261727303e-02 -2.835175753e+00 2.145884633e-01 1.584571362e+00 3.849184141e-02 -1.560176849e+00 1.441595554e-01 0.000000000e+00 0.000000000e+00 0.000000000e+00 1.000000000e+00
7.171076536e-01 -4.357484356e-02 1.277301311e-01 -3.326119483e-01 -2.504033968e-02 3.193777800e-02 1.657497764e+00 -4.072276354e-01 0.000000000e+00 0.000000000e+00 0.000000000e+00 1.000000000e+00
-4.849438071e-01 1.604245752e-01 2.468388557e+00 -3.057594001e-01 1.829108596e-02 1.805559993e-01 6.381794810e-01 -1.406017840e-01 0.000000000e+00 0.000000000e+00 0.000000000e+00 1.000000000e+00
-2.290167511e-01 3.789849877e-01 -1.799652338e+00 5.369582027e-02 3.636587262e-01 3.835491836e-01 -1.609530687e+00 7.171642035e-02 0.000000000e+00 0.000000000e+00 0.000000000e+00 1.000000000e+00
1.123576164e-01 2.160361111e-01 -2.716566324e-01 -1.519367658e-02 8.504760265e-02 2.944285870e-01 2.364726365e-01 5.956447124e-02 0.000000000e+00 0.000000000e+00 0.000000000e+00 1.000000000e+00
8.863768578e-01 5.729982257e-01 4.486536980e-01 3.388058841e-01 3.846235871e-01 5.682884455e-01 5.730844736e-01 2.929081023e-01 0.000000000e+00 0.000000000e+00 0.000000000e+00 1.000000000e+00
4.742313921e-01 6.341459751e-01 5.524315238e-01 1.970498860e-01 -6.481939554e-01 6.691709757e-01 -3.810436726e-01 1.675213873e-01 0.000000000e+00 0.000000000e+00 0.000000000e+00 1.000000000e+00
-7.287609577e-01 5.098738670e-01 -9.201965332e-01 1.727856696e-02 -8.232481480e-01 5.833206177e-01 3.089240491e-01 3.699252009e-02 0.000000000e+00 0.000000000e+00 0.000000000e+00 1.000000000e+00
-5.676944256e-01 4.804924726e-01 1.850111961e+00 6.101444364e-02 -1.241611362e+00 5.569711328e-01 2.256593227e+00 -6.327319145e-02 0.000000000e+00 0.000000000e+00 0.000000000e+00 1.000000000e+00
-9.106982946e-01 3.458443880e-01 7.243345380e-01 -1.282037050e-01 -1.072711229e+00 3.873182833e-01 -1.790990710e+00 -4.996318370e-02 0.000000000e+00 0.000000000e+00 0.000000000e+00 1.000000000e+00
-3.947681785e-01 2.657825351e-01 -3.407398939e+00 3.540892899e-02 6.147868037e-01 2.992828190e-01 -2.369664192e+00 3.174374104e-01 0.000000000e+00 0.000000000e+00 0.000000000e+00 1.000000000e+00
1.953267217e+00 3.722592816e-02 -2.942439318e-01 3.182506561e-01 7.779560089e-01 -2.566328645e-02 2.864312232e-01 9.042033553e-02 0.000000000e+00 0.000000000e+00 0.000000000e+00 1.000000000e+00
-6.544926167e-01 -6.588608027e-02 1.021783590e+00 -1.676679850e-01 -1.027147770e+00 -9.429243952e-02 2.013969898e+00 -2.334190309e-01 0.000000000e+00 0.000000000e+00 0.000000000e+00 1.000000000e+00
1.409754515e+00 -3.666679561e-01 9.706388116e-01 5.019865930e-03 2.482879639e+00 -4.872832000e-01 -4.898046553e-01 2.035156488e-01 0.000000000e+00 0.000000000e+00 0.000000000e+00 1.000000000e+00
7.229908705e-01 -6.791307926e-01 -9.671254754e-01 -4.077723026e-01 -1.380409718e+00 -7.722121477e-01 -1.526753426e+00 -8.117598891e-01 0.000000000e+00 0.000000000e+00 0.000000000e+00 1.000000000e+00
-1.724171400e+00 -1.265212655e+00 -1.628165841e+00 -1.286542535e+00 -1.974281967e-01 -1.385404587e+00 -2.222655118e-01 -1.086159468e+00 0.000000000e+00 0.000000000e+00 0.000000000e+00 1.000000000e+00
2.461706102e-01 -1.863310695e+00 8.400473595e-01 -1.302066922e+00 -4.940935373e-01 -2.015359879e+00 1.173346043e+00 -1.539696097e+00 0.000000000e+00 0.000000000e+00 0.000000000e+00 1.000000000e+00
-4.128465652e-01 -2.214405060e+00 1.298609614e+00 -1.714461923e+00 -6.610973477e-01 -2.384494543e+00 8.200781941e-01 -1.877765894e+00 0.000000000e+00 0.000000000e+00 0.000000000e+00 1.000000000e+00
-6.030613184e-01 -2.678619623e+00 3.519097567e-01 -2.196888208e+00 -1.353370786e+00 -2.821988821e+00 -7.056182623e-01 -2.301217079e+00 0.000000000e+00 0.000000000e+00 0.000000000e+00 1.000000000e+00
-1.083726645e+00 -3.285296202e+00 -9.754010439e-01 -4.161980152e+00 -1.917405009e+00 -3.392823458e+00 -1.115953922e+00 -3.529215574e+00 0.000000000e+00 0.000000000e+00 0.000000000e+00 1.000000000e+00
-6.319535971e-01 -3.393123150e+00 -9.820010662e-01 -4.811743259e+00 -1.023101091e+00 -3.447050810e+00 -1.090651155e+00 -5.311530590e+00 0.000000000e+00 0.000000000e+00 0.000000000e+00 1.000000000e+00
-9.534959197e-01 -3.190625429e+00 -3.094868064e-01 -3.000041962e+00 -1.035027981e+00 -3.239716530e+00 -4.510797262e-01 -3.141537666e+00 0.000000000e+00 0.000000000e+00 0.000000000e+00 1.000000000e+00
-6.647821665e-01 -2.782568455e+00 1.657593250e-01 -2.254497528e+00 -6.477760673e-01 -2.794351339e+00 -6.924267411e-01 -2.355192661e+00 0.000000000e+00 0.000000000e+00 0.000000000e+00 1.000000000e+00
-4.963673949e-01 -3.003512144e+00 1.415108144e-02 -2.341200829e+00 -4.649068713e-01 -2.938457251e+00 -1.337707341e-01 -2.154949903e+00 0.000000000e+00 0.000000000e+00 0.000000000e+00 1.000000000e+00
-1.542213261e-01 -2.554943562e+00 1.806059778e-01 -1.890188456e+00 -9.686707258e-01 -2.579514027e+00 -7.389652729e-01 -1.790346265e+00 0.000000000e+00 0.000000000e+00 0.000000000e+00 1.000000000e+00
-1.559171677e+00 -2.959425211e+00 -6.837069988e-03 -1.846128225e+00 -1.281056166e+00 -2.906361818e+00 1.639291644e-03 -1.332179308e+00 0.000000000e+00 0.000000000e+00 0.000000000e+00 1.000000000e+00
-7.830931544e-01 -2.813575506e+00 9.251564741e-01 -1.948253989e+00 -4.474316239e-01 -2.748619795e+00 1.308474302e+00 -1.496232152e+00 0.000000000e+00 0.000000000e+00 0.000000000e+00 1.000000000e+00
-1.169691563e+00 -2.367537022e+00 1.636736155e+00 -1.953232646e+00 -1.963760853e+00 -2.335010529e+00 -3.572223186e-01 -2.271033049e+00 0.000000000e+00 0.000000000e+00 0.000000000e+00 1.000000000e+00
-1.368116379e+00 -1.635261059e+00 -1.009881496e+00 -1.717395186e+00 -1.466343403e+00 -1.520084977e+00 -1.602564454e+00 -1.683460474e+00 0.000000000e+00 0.000000000e+00 0.000000000e+00 1.000000000e+00
-1.332790852e+00 -7.231505513e-01 -1.625628710e+00 -8.574905992e-01 -1.225263476e+00 -5.872715712e-01 -8.373957872e-01 -8.370048404e-01 0.000000000e+00 0.000000000e+00 0.000000000e+00 1.000000000e+00
-7.242151499e-01 -1.084225997e-01 4.279032946e-01 -2.611824274e-01 -5.235589743e-01 -3.953900188e-02 1.036019623e-01 -1.485445201e-01 0.000000000e+00 0.000000000e+00 0.000000000e+00 1.000000000e+00
-1.070205271e-01 -6.574308872e-02 1.358343959e-01 -2.185109407e-01 -4.343427122e-01 -3.602644429e-02 5.078093708e-02 -1.430883110e-01 0.000000000e+00 0.000000000e+00 0.000000000e+00 1.000000000e+00
-7.963868380e-01 -4.382312298e-03 2.798505723e-01 -2.586938739e-01 -1.033300400e+00 6.449920684e-02 6.489485502e-01 -1.563027203e-01 0.000000000e+00 0.000000000e+00 0.000000000e+00 1.000000000e+00
-1.334756136e+00 -3.302209079e-03 1.228997827e+00 -4.336009324e-01 -7.996459603e-01 6.230418384e-02 6.258535385e-01 -1.948522776e-01 0.000000000e+00 0.000000000e+00 0.000000000e+00 1.000000000e+00
-1.417233646e-01 8.176831156e-02 -2.108460665e-01 -2.373001873e-01 -7.612062693e-01 1.116958559e-01 -8.807325959e-01 -1.489771754e-01 0.000000000e+00 0.000000000e+00 0.000000000e+00 1.000000000e+00
-6.823198795e-01 -1.486868411e-02 -8.239125013e-01 -3.994750381e-01 -7.940189838e-01 2.600509673e-02 -2.026427090e-01 -2.966045141e-01 0.000000000e+00 0.000000000e+00 0.000000000e+00 1.000000000e+00
3.864762187e-01 -6.383000314e-02 9.739326686e-02 -1.816246957e-01 -4.210699350e-02 -4.235873744e-02 4.402184188e-01 -1.659931391e-01 0.000000000e+00 0.000000000e+00 0.000000000e+00 1.000000000e+00
1.424873769e-01 -4.619810730e-02 4.388723969e-01 -1.511216313e-01 -7.560675144e-01 -3.546778113e-02 -1.116349339e+00 -1.651238501e-01 0.000000000e+00 0.000000000e+00 0.000000000e+00 1.000000000e+00
-7.302337885e-01 4.203854129e-02 -1.783099771e+00 -1.423079073e-01 -1.314667940e+00 9.997957945e-02 -1.298160315e+00 -1.273433566e-01 0.000000000e+00 0.000000000e+00 0.000000000e+00 1.000000000e+00
-1.007091105e-01 8.527126908e-02 1.192653179e+00 1.002478227e-01 -4.142552614e-01 1.010376811e-01 2.923408985e+00 5.020089447e-02 0.000000000e+00 0.000000000e+00 0.000000000e+00 1.000000000e+00
-6.832847595e-01 4.539351910e-02 2.075793266e+00 -1.020826846e-01 -1.325383782e+00 8.187446743e-02 -3.305879235e-01 -1.156141087e-01 0.000000000e+00 0.000000000e+00 0.000000000e+00 1.000000000e+00
-3.451351523e-01 1.177659929e-01 -1.451097250e+00 5.140051246e-03 -8.723594546e-01 2.378561348e-01 -1.067830205e+00 2.164974809e-02 0.000000000e+00 0.000000000e+00 0.000000000e+00 1.000000000e+00
-6.515660286e-01 3.344646990e-01 -1.367292106e-01 -3.994050622e-02 -5.258449316e-01 4.198754132e-01 8.370019197e-01 3.357138485e-02 0.000000000e+00 0.000000000e+00 0.000000000e+00 1.000000000e+00
7.987321168e-02 4.322811961e-01 9.810922146e-01 1.949438751e-01 -1.970589459e-01 4.536039531e-01 -4.077963233e-01 2.238899916e-01 0.000000000e+00 0.000000000e+00 0.000000000e+00 1.000000000e+00
-6.893587708e-01 2.582276464e-01 -2.950213850e-01 -5.648887157e-02 -4.157751203e-01 2.666167021e-01 -5.472286344e-01 3.207105398e-02 0.000000000e+00 0.000000000e+00 0.000000000e+00 1.000000000e+00
4.125054479e-01 1.686498374e-01 -5.222742558e-01 2.308856994e-01 -8.363617957e-02 1.746916920e-01 -5.650003552e-01 1.349722445e-01 0.000000000e+00 0.000000000e+00 0.000000000e+00 1.000000000e+00
4.633828402e-01 2.046574503e-01 1.534823477e-01 3.175019026e-01 1.381330967e+00 1.010028347e-01 8.339874744e-01 2.502533197e-01 0.000000000e+00 0.000000000e+00 0.000000000e+00 1.000000000e+00
1.561770678e+00 -5.058444291e-02 7.964049578e-01 2.232266366e-01 5.531378984e-01 -1.548521668e-01 -2.877810299e-01 6.983977556e-02 0.000000000e+00 0.000000000e+00 0.000000000e+00 1.000000000e+00
3.101473153e-01 -2.830193937e-01 -9.714599252e-01 -5.161180347e-02 4.162858427e-01 -3.176980019e-01 -5.038229376e-02 -1.502318978e-01 0.000000000e+00 0.000000000e+00 0.000000000e+00 1.000000000e+00
1.235307455e+00 -3.581044078e-01 -3.652372956e-01 -7.701762021e-02 -1.831033528e-01 -3.706170619e-01 1.010520570e-02 -2.610686421e-01 0.000000000e+00 0.000000000e+00 0.000000000e+00 1.000000000e+00
-5.431803465e-01 -4.115050733e-01 -1.891633123e-01 -2.319383770e-01 9.666766524e-01 -4.187600911e-01 1.219578266e+00 -6.972056627e-02 0.000000000e+00 0.000000000e+00 0.000000000e+00 1.000000000e+00
8.674315810e-01 -3.272475302e-01 1.405316472e+00 -8.423462510e-02 1.394163609e+00 -3.875535727e-01 3.984516859e-01 2.436777949e-02 0.000000000e+00 0.000000000e+00 0.000000000e+00 1.000000000e+00
-3.326610923e-01 -3.571337759e-01 -1.860158086e+00 -2.911700606e-01 1.174950480e+00 -3.536769450e-01 -1.777182221e+00 -1.883154511e-01 0.000000000e+00 0.000000000e+00 0.000000000e+00 1.000000000e+00
7.682392597e-01 -3.398524225e-01 -1.012575030e+00 -7.765519619e-02 6.984902620e-01 -3.378605247e-01 -4.110723138e-01 -1.414053142e-01 0.000000000e+00 0.000000000e+00 0.000000000e+00 1.000000000e+00
2.395170629e-01 -3.470274508e-01 -1.332309693e-01 -1.434166878e-01 1.323783159e+00 -3.334022760e-01 5.614800453e-01 -3.214864433e-02 0.000000000e+00 0.000000000e+00 0.000000000e+00 1.000000000e+00
1.494774938e+00 -3.320109844e-01 7.296018600e-01 9.798453003e-02 1.449381709e+00 -3.383485377e-01 2.977172658e-02 1.645043790e-01 0.000000000e+00 0.000000000e+00 0.000000000e+00 1.000000000e+00
6.549954414e-01 -1.555154026e-01 -8.753136992e-01 4.771847278e-02 9.952397645e-02 -1.196423918e-01 -1.705614209e+00 -4.842088744e-02 0.000000000e+00 0.000000000e+00 0.000000000e+00 1.000000000e+00
-5.978353620e-01 -2.533600926e-01 -7.272253036e-01 -2.580698133e-01 8.548630029e-02 -2.117151469e-01 -5.854182839e-01 -1.599819213e-01 0.000000000e+00 0.000000000e+00 0.000000000e+00 1.000000000e+00
-4.598498344e-01 -2.033732682e-01 -1.025530994e-01 -1.482087672e-01 -4.370026886e-01 -1.735149473e-01 8.793789744e-01 -1.982844472e-01 0.000000000e+00 0.000000000e+00 0.000000000e+00 1.000000000e+00
-1.855378151e-01 -2.332748622e-01 2.071925879e+00 -9.804210812e-02 -1.153366268e-01 -2.152315080e-01 1.376134276e+00 -6.416095048e-02 0.000000000e+00 0.000000000e+00 0.000000000e+00 1.000000000e+00
3.252097964e-02 -9.440419078e-02 -2.332584560e-01 8.867113292e-02 -2.862585187e-01 -1.804308221e-02 6.658514738e-01 1.121906191e-02 0.000000000e+00 0.000000000e+00 0.000000000e+00 1.000000000e+00
-1.392379403e+00 -5.572776124e-02 1.531641364e+00 -2.445690930e-01 -4.579221606e-01 -4.338616505e-02 1.121174932e+00 -2.185606062e-01 0.000000000e+00 0.000000000e+00 0.000000000e+00 1.000000000e+00
-8.039238453e-01 7.965414971e-02 -1.303368926e+00 -1.395284235e-01 -5.057382584e-01 9.759469330e-02 -1.460335493e+00 -2.607210726e-02 0.000000000e+00 0.000000000e+00 0.000000000e+00 1.000000000e+00
2.255867571e-01 -2.876442298e-02 -1.095909834e+00 2.257588878e-02 4.708012342e-01 -5.086914822e-02 -8.228691220e-01 9.696027637e-02 0.000000000e+00 0.000000000e+00 0.000000000e+00 1.000000000e+00
5.457551479e-01 -3.888063878e-02 -7.439621687e-01 1.870626956e-01 6.747436523e-02 -1.137828007e-01 1.044242084e-01 5.860902369e-02 0.000000000e+00 0.000000000e+00 0.000000000e+00 1.000000000e+00
3.616525233e-02 -1.600706279e-01 7.605251670e-01 -1.387155503e-01 -2.380220592e-01 -2.072411031e-01 1.249565840e+00 -2.037242651e-01 0.000000000e+00 0.000000000e+00 0.000000000e+00 1.000000000e+00
-7.133721113e-01 -7.023204863e-02 1.661596149e-01 -2.420312017e-01 -4.220790863e-01 -1.035112739e-01 -1.282322526e+00 -1.807096601e-01 0.000000000e+00 0.000000000e+00 0.000000000e+00 1.000000000e+00
5.016866326e-01 -1.053208262e-01 -1.529539943e+00 -6.950711459e-02 2.141876370e-01 -1.180942357e-01 -1.597862840e+00 -9.140440077e-02 0.000000000e+00 0.000000000e+00 0.000000000e+00 1.000000000e+00
-8.008638620e-01 -1.535563320e-01 -7.829673886e-01 -3.239501715e-01 -4.995986223e-01 -1.268772185e-01 1.420080781e+00 -2.859700918e-01 0.000000000e+00 0.000000000e+00 0.000000000e+00 1.000000000e+00
1.130001098e-01 -1.634234190e-01 3.144838572e+00 -8.434893191e-02 3.353300393e-01 -1.498320550e-01 4.109143019e-01 -3.922041506e-02 0.000000000e+00 0.000000000e+00 0.000000000e+00 1.000000000e+00
-7.568544149e-01 -2.415251732e-01 -2.151611805e+00 -8.085564524e-02 -3.515925407e-01 -1.422601938e-01 -3.676990271e+00 -4.937955365e-02 0.000000000e+00 0.000000000e+00 0.000000000e+00 1.000000000e+00
-3.149577081e-01 -1.365570724e-01 -1.295607805e+00 -1.032852307e-01 -1.923925430e-02 -1.481874585e-01 1.114335179e+00 -1.549323201e-01 0.000000000e+00 0.000000000e+00 0.000000000e+00 1.000000000e+00
-7.945499420e-01 -9.869326651e-02 1.469042778e+00 -2.699811161e-01 -8.315906525e-01 -9.912683815e-02 -5.930393934e-03 -2.335149646e-01 0.000000000e+00 0.000000000e+00 0.000000000e+00 1.000000000e+00
-2.052038312e-01 -1.442179829e-02 -1.340780616e+00 -1.968802512e-01 -4.124366343e-01 -1.283673197e-02 -1.178337097e+00 -1.207942367e-01 0.000000000e+00 0.000000000e+00 0.000000000e+00 1.000000000e+00
-1.074107289e+00 -3.087655455e-02 -1.124859214e+00 -2.528743744e-01 -5.940543413e-01 -2.201864868e-02 -2.315520525e+00 -2.387876511e-01 0.000000000e+00 0.000000000e+00 0.000000000e+00 1.000000000e+00
4.823199809e-01 3.604454175e-02 -1.342523575e+00 5.388705432e-02 7.621446848e-01 5.437009037e-03 3.195462525e-01 5.473244190e-02 0.000000000e+00 0.000000000e+00 0.000000000e+00 1.000000000e+00
-2.619542181e-03 1.387225091e-02 1.558018327e+00 -6.405448169e-02 -6.201639175e-01 5.851028115e-02 8.668111563e-01 -4.046007991e-03 0.000000000e+00 0.000000000e+00 0.000000000e+00 1.000000000e+00
-8.092370033e-01 1.658239067e-01 -1.266001761e-01 -2.629521675e-02 6.254585832e-02 2.344938666e-01 -8.550213575e-01 1.822797507e-01 0.000000000e+00 0.000000000e+00 0.000000000e+00 1.000000000e+00
-4.932897985e-01 2.668270767e-01 -9.498100281e-01 1.701942980e-01 -5.103614330e-01 2.994859815e-01 -2.791644037e-01 1.461364180e-01 0.000000000e+00 0.000000000e+00 0.000000000e+00 1.000000000e+00
1.075087711e-01 2.447136641e-01 3.159658909e-01 2.704459727e-01 -2.127456665e-01 2.823687494e-01 9.056317061e-02 1.851052642e-01 0.000000000e+00 0.000000000e+00 0.000000000e+00 1.000000000e+00
-3.312938809e-01 3.170908689e-01 -6.418321133e-01 1.410026252e-01 -7.213517427e-01 3.776687384e-01 -1.775928140e+00 9.137277305e-02 0.000000000e+00 0.000000000e+00 0.000000000e+00 1.000000000e+00
-5.826485157e-01 4.648437202e-01 -1.452677727e+00 2.800232172e-01 -1.070015907e+00 5.048989654e-01 -1.033856392e+00 1.583360136e-01 0.000000000e+00 0.000000000e+00 0.000000000e+00 1.000000000e+00
-1.095013857e+00 5.659916997e-01 -1.125336885e-01 3.116524220e-01 -6.770971417e-01 6.059565544e-01 1.438795030e-02 3.674963117e-01 0.000000000e+00 0.000000000e+00 0.000000000e+00 1.000000000e+00
-2.552746534e-01 4.462990165e-01 7.325854897e-02 5.231770277e-01 3.868539631e-02 5.099594593e-01 6.133390665e-01 5.419924259e-01 0.000000000e+00 0.000000000e+00 0.000000000e+00 1.000000000e+00
-6.819112599e-02 4.090185761e-01 1.081622601e+00 4.248099327e-01 -9.790346026e-01 4.742172360e-01 8.760073781e-01 3.416726291e-01 0.000000000e+00 0.000000000e+00 0.000000000e+00 1.000000000e+00
-8.851748705e-01 4.384711683e-01 6.243054271e-01 4.729055166e-01 -4.818379283e-01 4.638999104e-01 7.003661394e-01 5.191995502e-01 0.000000000e+00 0.000000000e+00 0.000000000e+00 1.000000000e+00
3.381984234e-01 4.369945228e-01 9.296949506e-01 7.670065165e-01 2.071591020e-01 4.243513346e-01 5.432239771e-01 7.074421644e-01 0.000000000e+00 0.000000000e+00 0.000000000e+00 1.000000000e+00
-3.561140895e-01 4.338360131e-01 2.460351437e-01 5.938648582e-01 -1.418608785e+00 5.066779852e-01 2.405434847e-01 4.472899437e-01 0.000000000e+00 0.000000000e+00 0.000000000e+00 1.000000000e+00
-1.402008653e+00 3.546374738e-01 -1.141979694e-01 2.961428761e-01 -1.611910701e+00 4.014454186e-01 -3.823104501e-01 2.097667307e-01 0.000000000e+00 0.000000000e+00 0.000000000e+00 1.000000000e+00
-1.520944089e-01 2.916526794e-01 1.307857871e+00 5.297939181e-01 6.114696860e-01 2.919725776e-01 2.725272894e+00 6.479685307e-01 0.000000000e+00 0.000000000e+00 0.000000000e+00 1.000000000e+00
6.202085018e-01 1.584270597e-01 2.111546516e+00 3.670631945e-01 -4.010590017e-01 1.769957244e-01 1.010962605e+00 2.760568261e-01 0.000000000e+00 0.000000000e+00 0.000000000e+00 1.000000000e+00
-9.234691858e-01 7.038849592e-02 -6.331179142e-01 1.087351143e-02 -7.446315289e-01 6.782659888e-02 -7.198172212e-01 4.944777489e-02 0.000000000e+00 0.000000000e+00 0.000000000e+00 1.000000000e+00
-5.436056852e-01 -2.040547132e-01 -2.040943205e-01 -1.096056327e-01 -8.835480809e-01 -1.779730469e-01 5.029805899e-01 -1.351436675e-01 0.000000000e+00 0.000000000e+00 0.000000000e+00 1.000000000e+00
-2.237558514e-01 -2.071874440e-01 -4.451878071e-01 -2.010851949e-01 5.355859995e-01 -2.543330193e-01 -7.643824220e-01 -3.477132320e-02 0.000000000e+00 0.000000000e+00 0.000000000e+00 1.000000000e+00
2.685144544e-01 -3.341052830e-01 -1.041254878e+00 -2.296893597e-01 -2.973850071e-02 -3.578909636e-01 -1.852255702e+00 -2.375002354e-01 0.000000000e+00 0.000000000e+00 0.000000000e+00 1.000000000e+00
-5.922451615e-01 -5.155200362e-01 -2.371848583e+00 -5.436121821e-01 -7.378479242e-01 -4.726145267e-01 -1.745116949e+00 -5.624228120e-01 0.000000000e+00 0.000000000e+00 0.000000000e+00 1.000000000e+00
8.187040687e-03 -5.463830233e-01 -1.366136789e+00 -3.813281059e-01 1.037678123e+00 -6.015504003e-01 -1.159824014e+00 -2.487580329e-01 0.000000000e+00 0.000000000e+00 0.000000000e+00 1.000000000e+00
5.306742787e-01 -7.813283205e-01 5.439435244e-01 -4.131935537e-01 1.036236286e+00 -8.354926705e-01 1.388000965e+00 -3.474738598e-01 0.000000000e+00 0.000000000e+00 0.000000000e+00 1.000000000e+00
3.708220720e-01 -6.422957182e-01 5.427628756e-01 -4.669851959e-01 9.756413102e-01 -6.573857069e-01 1.111824870e+00 -2.955276966e-01 0.000000000e+00 0.000000000e+00 0.000000000e+00 1.000000000e+00
1.167941332e+00 -5.701739192e-01 8.926847577e-01 -2.719651163e-01 1.488106728e+00 -6.295732260e-01 -1.072176471e-01 -1.798763275e-01 0.000000000e+00 0.000000000e+00 0.000000000e+00 1.000000000e+00
9.238834381e-01 -4.813131988e-01 8.758991957e-03 -2.516535223e-01 6.714599133e-01 -5.025529265e-01 -3.270376623e-01 -2.157506347e-01 0.000000000e+00 0.000000000e+00 0.000000000e+00 1.000000000e+00
-1.501066238e-01 -3.213989735e-01 -1.205482483e+00 -2.136856616e-01 7.010010481e-01 -2.839352787e-01 -2.046837568e+00 -7.114000618e-02 0.000000000e+00 0.000000000e+00 0.000000000e+00 1.000000000e+00
5.078421831e-01 -1.605997980e-01 -2.209236145e+00 -2.121049538e-02 3.630068302e-01 -1.551923603e-01 -8.532246351e-01 -7.550919056e-02 0.000000000e+00 0.000000000e+00 0.000000000e+00 1.000000000e+00
2.679135203e-01 -1.748332083e-01 3.304962218e-01 -2.321587354e-01 5.675916001e-02 -1.826839298e-01 8.786143064e-01 -1.587345898e-01 0.000000000e+00 0.000000000e+00 0.000000000e+00 1.000000000e+00
4.026641250e-01 -1.698792726e-01 -2.120125890e-01 -1.064115912e-01 -1.691558361e-01 -1.584918201e-01 -7.561089396e-01 -1.248007715e-01 0.000000000e+00 0.000000000e+00 0.000000000e+00 1.000000000e+00
-2.826117873e-01 -1.895141304e-01 -7.921019197e-01 -2.231053412e-01 -3.466169834e-01 -1.635969132e-01 4.472271502e-01 -1.803530604e-01 0.000000000e+00 0.000000000e+00 0.000000000e+00 1.000000000e+00
9.829699993e-04 -1.816654652e-01 7.641205788e-01 -1.775497347e-01 -2.541511059e-01 -1.266121417e-01 1.213523746e+00 -8.985042572e-02 0.000000000e+00 0.000000000e+00 0.000000000e+00 1.000000000e+00
-3.689232469e-01 -1.332319081e-01 4.380003214e-01 -1.658782959e-01 -3.571693301e-01 -8.564938605e-02 -8.693872094e-01 -4.093596339e-02 0.000000000e+00 0.000000000e+00 0.000000000e+00 1.000000000e+00
1.193932295e-01 -1.044551283e-01 -1.682114482e+00 -1.374188066e-01 -7.254659384e-02 -5.126016587e-02 -1.832208991e+00 -3.727500141e-02 0.000000000e+00 0.000000000e+00 0.000000000e+00 1.000000000e+00
1.088238135e-01 -1.840099692e-01 -1.509530783e+00 -1.458124518e-01 -1.228173614e+00 -1.154328436e-01 -1.886421815e-02 -2.741778493e-01 0.000000000e+00 0.000000000e+00 0.000000000e+00 1.000000000e+00
-5.076026320e-01 -1.078432649e-01 5.291681290e-01 -1.456101090e-01 3.012491763e-01 -1.112322807e-01 1.246214151e+00 -5.198992789e-02 0.000000000e+00 0.000000000e+00 0.000000000e+00 1.000000000e+00
1.484006643e-02 -1.770046353e-01 -1.732037365e-01 -1.663712561e-01 4.523722827e-02 -1.619380116e-01 -2.881881595e-01 -1.297584176e-01 0.000000000e+00 0.000000000e+00 0.000000000e+00 1.000000000e+00
1.136882454e-01 -1.623556763e-01 -7.993649244e-01 -1.471557468e-01 1.936804652e-01 -1.618937701e-01 3.823152930e-02 -1.077067852e-01 0.000000000e+00 0.000000000e+00 0.000000000e+00 1.000000000e+00
-5.622348785e-01 -1.947257817e-01 -3.630542457e-01 -3.487669230e-01 2.007115781e-01 -1.358295381e-01 -7.061593533e-01 -1.450850666e-01 0.000000000e+00 0.000000000e+00 0.000000000e+00 1.000000000e+00
7.494711876e-01 -1.059585512e-01 -3.379449248e-01 8.380834013e-03 5.156753063e-01 -8.360221982e-02 1.207674980e+00 -2.599179745e-03 0.000000000e+00 0.000000000e+00 0.000000000e+00 1.000000000e+00
2.299913168e-01 -3.224666715e-01 2.539003849e+00 -2.746900320e-01 2.185082585e-01 -2.927259207e-01 1.269371152e+00 -1.413312554e-01 0.000000000e+00 0.000000000e+00 0.000000000e+00 1.000000000e+00
-3.082273155e-02 -5.194760859e-02 -8.058877587e-01 -1.682135314e-01 -6.790562868e-01 -2.946235240e-03 -1.747990489e+00 -1.418634504e-01 0.000000000e+00 0.000000000e+00 0.000000000e+00 1.000000000e+00
-7.051964998e-01 -1.701258719e-01 -1.653422862e-01 -1.558975428e-01 -2.448975295e-02 -1.514680088e-01 6.344221830e-01 -8.573199809e-02 0.000000000e+00 0.000000000e+00 0.000000000e+00 1.000000000e+00
8.510026932e-01 -1.739038229e-01 3.668420613e-01 8.698268235e-02 -1.733695716e-01 -1.806499660e-01 -7.676550746e-01 1.448191702e-02 0.000000000e+00 0.000000000e+00 0.000000000e+00 1.000000000e+00
-2.189755738e-01 -1.698461920e-01 -7.300482988e-01 -2.281202823e-01 3.253502846e-01 -1.730736196e-01 1.130199879e-01 -1.252797097e-01 0.000000000e+00 0.000000000e+00 0.000000000e+00 1.000000000e+00
1.004623771e+00 -2.699436545e-01 1.757993549e-01 -1.096710861e-01 -4.368126392e-02 -3.327536881e-01 -5.685142875e-01 -2.329887748e-01 0.000000000e+00 0.000000000e+00 0.000000000e+00 1.000000000e+00
-2.033375204e-02 -4.543447793e-01 3.403128982e-01 -5.120268464e-01 -4.913864434e-01 -4.914111495e-01 -9.717122316e-01 -5.251834393e-01 0.000000000e+00 0.000000000e+00 0.000000000e+00 1.000000000e+00
-6.433751583e-01 -6.779471636e-01 -3.667915463e-01 -7.572486997e-01 -7.529469132e-01 -7.089414001e-01 5.086109638e-01 -7.724359035e-01 0.000000000e+00 0.000000000e+00 0.000000000e+00 1.000000000e+00
4.398460686e-02 -7.997184396e-01 1.670443773e+00 -7.421795726e-01 4.221479297e-01 -8.944765925e-01 1.913954973e+00 -6.290826797e-01 0.000000000e+00 0.000000000e+00 0.000000000e+00 1.000000000e+00
3.930880725e-01 -1.658100367e+00 1.303537369e+00 -1.227830648e+00 -6.625695229e-01 -1.833682060e+00 -4.894951582e-01 -1.530924320e+00 0.000000000e+00 0.000000000e+00 0.000000000e+00 1.000000000e+00
-1.140093803e+00 -2.379042864e+00 -1.843199015e+00 -1.950055361e+00 -1.298757553e+00 -2.454552650e+00 -1.893686891e+00 -2.035022259e+00 0.000000000e+00 0.000000000e+00 0.000000000e+00 1.000000000e+00
-1.153425336e+00 -2.538955688e+00 -1.696533918e+00 -2.431339741e+00 -1.283214688e+00 -2.582517385e+00 -1.345625639e+00 -2.003299236e+00 0.000000000e+00 0.000000000e+00 0.000000000e+00 1.000000000e+00
-1.156123519e+00 -2.343345642e+00 -9.459200501e-01 -1.828801036e+00 -1.400422692e+00 -2.329957962e+00 -8.378878832e-01 -2.013627768e+00 0.000000000e+00 0.000000000e+00 0.000000000e+00 1.000000000e+00
-8.305138350e-01 -2.289921761e+00 -7.431984544e-01 -1.821980000e+00 -9.405730367e-01 -2.230660439e+00 -5.905013084e-01 -1.654352546e+00 0.000000000e+00 0.000000000e+00 0.000000000e+00 1.000000000e+00
-1.222559333e+00 -2.354249954e+00 4.896458387e-01 -1.339799404e+00 -1.478065610e+00 -2.291638851e+00 -2.693388760e-01 -1.647851944e+00 0.000000000e+00 0.000000000e+00 0.000000000e+00 1.000000000e+00
-2.036664486e+00 -1.744928241e+00 -5.635786653e-01 -1.198371172e+00 -9.969355464e-01 -1.609230399e+00 -1.727725148e+00 -1.165671349e+00 0.000000000e+00 0.000000000e+00 0.000000000e+00 1.000000000e+00
-8.741427064e-01 -1.181488752e+00 -1.673979163e+00 -8.783154488e-01 -1.189153194e+00 -1.039197326e+00 -1.884698868e+00 -9.599018097e-01 0.000000000e+00 0.000000000e+00 0.000000000e+00 1.000000000e+00
-2.157322645e+00 -8.556365967e-01 -1.554748416e-02 -8.472849131e-01 -5.353056788e-01 -7.864354253e-01 -4.888459146e-01 -6.038190126e-01 0.000000000e+00 0.000000000e+00 0.000000000e+00 1.000000000e+00
8.521720767e-02 -2.932496369e-01 -1.545572877e-01 -1.780169308e-01 1.246825457e+00 -2.308937609e-01 -2.472617105e-02 8.023376763e-02 0.000000000e+00 0.000000000e+00 0.000000000e+00 1.000000000e+00
1.336023569e+00 -1.205652654e-01 -2.586950362e-02 1.815470606e-01 1.041268706e+00 -7.508007437e-02 7.015340924e-01 2.440695167e-01 0.000000000e+00 0.000000000e+00 0.000000000e+00 1.000000000e+00
8.359242082e-01 -5.348443985e-03 1.661893129e+00 3.770241439e-01 1.211874962e+00 1.628458500e-03 1.189429522e+00 4.893995523e-01 0.000000000e+00 0.000000000e+00 0.000000000e+00 1.000000000e+00
1.101060867e+00 5.233526230e-03 7.809297442e-01 2.964552641e-01 2.106568813e-01 -1.431328058e-02 -8.169794083e-01 1.219340563e-01 0.000000000e+00 0.000000000e+00 0.000000000e+00 1.000000000e+00
-1.227761954e-01 7.792088389e-02 -1.785203218e+00 1.808963865e-01 3.740077615e-01 9.676727653e-02 -1.467886448e+00 1.777748168e-01 0.000000000e+00 0.000000000e+00 0.000000000e+00 1.000000000e+00
5.545873046e-01 2.348246276e-01 1.123212457e+00 1.396721900e-01 9.453481436e-02 2.342204601e-01 2.764625788e+00 -1.835006475e-02 0.000000000e+00 0.000000000e+00 0.000000000e+00 1.000000000e+00
1.025112987e+00 2.375584543e-01 2.330548048e+00 3.332571089e-01 1.384146452e+00 2.252016813e-01 -3.074474931e-01 3.163241148e-01 0.000000000e+00 0.000000000e+00 0.000000000e+00 1.000000000e+00
9.588823318e-01 2.142368257e-01 -9.916717410e-01 2.524614334e-01 1.111210227e+00 2.012894154e-01 -1.362394810e+00 2.785358727e-01 0.000000000e+00 0.000000000e+00 0.000000000e+00 1.000000000e+00
6.367795467e-01 1.272072494e-01 -3.859322071e-01 1.680178046e-01 6.674401164e-01 1.109345853e-01 -1.546527863e+00 1.044045389e-01 0.000000000e+00 0.000000000e+00 0.000000000e+00 1.000000000e+00
3.299978375e-01 8.399492502e-02 -6.089239120e-01 1.040672883e-02 2.192744255e+00 4.237066209e-02 8.416384459e-01 2.650020719e-01 0.000000000e+00 0.000000000e+00 0.000000000e+00 1.000000000e+00
2.023159027e+00 9.812918305e-02 1.611452341e+00 3.731873035e-01 1.186962128e+00 6.776474416e-03 2.668996096e+00 2.035007030e-01 0.000000000e+00 0.000000000e+00 0.000000000e+00 1.000000000e+00
8.581802845e-01 1.029426381e-01 1.874104261e+00 1.753882766e-01 1.126104355e+00 4.931838810e-02 4.009761214e-01 1.165410280e-01 0.000000000e+00 0.000000000e+00 0.000000000e+00 1.000000000e+00
-1.014989853e+00 8.958445489e-02 -1.924369812e+00 -1.485382766e-02 -2.290157378e-01 1.095385700e-01 -3.233866930e+00 -1.294357777e-01 0.000000000e+00 0.000000000e+00 0.000000000e+00 1.000000000e+00
-1.876597106e-01 7.560033351e-03 -3.041147470e+00 -2.654121071e-02 -2.996847630e-01 -1.018322632e-02 -1.239808127e-01 -1.915855408e-01 0.000000000e+00 0.000000000e+00 0.000000000e+00 1.000000000e+00
1.576721907e+00 8.822919428e-02 2.410872698e+00 4.111074209e-01 3.448456526e-01 4.962672293e-02 2.721823931e+00 2.057937086e-01 0.000000000e+00 0.000000000e+00 0.000000000e+00 1.000000000e+00
6.191225648e-01 -1.198899746e-01 8.194085360e-01 1.104035825e-01 -2.011719495e-01 -9.527651966e-02 -1.019257665e+00 -1.990531385e-02 0.000000000e+00 0.000000000e+00 0.000000000e+00 1.000000000e+00
-6.341738105e-01 -1.328230351e-01 -1.643991709e+00 -1.125986129e-02 -6.137103438e-01 -1.375952959e-01 -2.649582148e+00 -5.242103338e-02 0.000000000e+00 0.000000000e+00 0.000000000e+00 1.000000000e+00
-6.251953840e-01 -1.049235761e-01 -3.074461460e+00 -1.532520354e-01 -1.086914420e+00 -1.670122147e-02 -2.000517249e-01 -1.815476269e-01 0.000000000e+00 0.000000000e+00 0.000000000e+00 1.000000000e+00
-1.917277575e-01 8.104957640e-03 1.690362334e+00 -7.556042820e-02 2.033871412e-02 -3.387011588e-02 1.983093262e+00 -6.640270352e-02 0.000000000e+00 0.000000000e+00 0.000000000e+00 1.000000000e+00
7.942545414e-02 3.729987144e-02 9.925566912e-01 -6.907081604e-02 2.855703831e-01 -1.229196787e-04 -1.444182396e+00 -7.039575279e-02 0.000000000e+00 0.000000000e+00 0.000000000e+00 1.000000000e+00
1.142596900e-01 -9.658397734e-02 -1.717111111e+00 -2.489837557e-01 7.557718456e-02 -7.077206671e-02 -3.605758399e-02 -3.100097179e-01 0.000000000e+00 0.000000000e+00 0.000000000e+00 1.000000000e+00
5.987281799e-01 1.060830429e-01 5.621916056e-01 2.012633234e-01 7.781330496e-03 7.253828645e-02 1.924311161e+00 7.806767523e-02 0.000000000e+00 0.000000000e+00 0.000000000e+00 1.000000000e+00
7.272692323e-01 1.079777107e-01 1.412398696e+00 1.865657866e-01 6.653472185e-01 2.498784661e-02 2.476895332e+00 9.992292523e-02 0.000000000e+00 0.000000000e+00 0.000000000e+00 1.000000000e+00
2.440448403e-01 2.979267389e-02 1.137879133e+00 -3.124048188e-02 4.025698006e-01 4.121127725e-02 -1.192038774e+00 2.701994777e-02 0.000000000e+00 0.000000000e+00 0.000000000e+00 1.000000000e+00
5.895094573e-02 3.394384310e-02 -1.868756771e+00 3.625781089e-02 -3.570769727e-01 4.708291590e-02 -1.816161275e-01 -1.490312517e-01 0.000000000e+00 0.000000000e+00 0.000000000e+00 1.000000000e+00
-2.359487265e-01 -8.239173889e-02 5.918389559e-02 -1.287259161e-01 1.289746642e+00 -1.168988198e-01 3.618559241e-01 3.106441721e-02 0.000000000e+00 0.000000000e+00 0.000000000e+00 1.000000000e+00
4.440688491e-01 -5.027614534e-03 3.729898930e-01 5.616040528e-02 5.366045833e-01 -4.520028085e-02 8.287354559e-02 5.925291032e-02 0.000000000e+00 0.000000000e+00 0.000000000e+00 1.000000000e+00
2.753794491e-01 -4.242023081e-02 -7.672429681e-01 8.441016078e-02 4.568815827e-01 -7.049775124e-02 -1.270505548e+00 9.260425717e-02 0.000000000e+00 0.000000000e+00 0.000000000e+00 1.000000000e+00
-3.953216672e-01 -9.062404186e-02 -8.129978180e-01 8.882907778e-02 1.445612609e-01 -1.313108057e-01 3.446539938e-01 1.284865737e-01 0.000000000e+00 0.000000000e+00 0.000000000e+00 1.000000000e+00
-5.164539814e-01 -3.361202776e-02 -1.131548434e-01 -1.087369323e-01 -9.177896976e-01 -6.782753766e-02 -1.388782024e+00 -1.459679604e-01 0.000000000e+00 0.000000000e+00 0.000000000e+00 1.000000000e+00
-8.667670488e-01 -8.188597858e-02 -9.162876010e-01 -1.522559226e-01 -2.871685028e-01 -1.346487701e-01 3.464115411e-02 -1.225810498e-01 0.000000000e+00 0.000000000e+00 0.000000000e+00 1.000000000e+00
-3.215551674e-01 -1.219960302e-01 5.940192342e-01 1.388985664e-02 -1.254414916e-01 -1.606643647e-01 -3.256482482e-01 -8.322989196e-02 0.000000000e+00 0.000000000e+00 0.000000000e+00 1.000000000e+00
-1.025317073e+00 -8.403826505e-02 -7.807222009e-02 -1.361750364e-01 -5.578957200e-01 9.794235229e-03 -5.639442801e-02 -1.476204693e-01 0.000000000e+00 0.000000000e+00 0.000000000e+00 1.000000000e+00
-1.536802500e-01 -1.242067814e-01 -2.618687749e-01 -5.497983843e-02 -1.206615448e+00 -1.175998896e-02 -7.568333745e-01 -3.153284490e-01 0.000000000e+00 0.000000000e+00 0.000000000e+00 1.000000000e+00
-1.096206903e+00 2.006255090e-01 -3.890237510e-01 2.500566840e-02 -7.402642369e-01 3.173445165e-01 -5.115194321e-01 4.879865795e-02 0.000000000e+00 0.000000000e+00 0.000000000e+00 1.000000000e+00
8.433336020e-02 2.376860380e-01 -3.544375300e-01 2.790747881e-01 -3.222310841e-01 3.368268013e-01 -4.551292360e-01 1.571870744e-01 0.000000000e+00 0.000000000e+00 0.000000000e+00 1.000000000e+00
-9.917979836e-01 3.838535547e-01 -7.946285605e-02 6.303527951e-02 -8.829755783e-01 5.245066285e-01 1.240664124e-01 8.324604481e-02 0.000000000e+00 0.000000000e+00 0.000000000e+00 1.000000000e+00
-6.106301546e-01 7.016189098e-01 6.117017269e-01 3.602989614e-01 -2.976888716e-01 8.833143115e-01 5.315999389e-01 4.477953911e-01 0.000000000e+00 0.000000000e+00 0.000000000e+00 1.000000000e+00
7.364574671e-01 1.196042538e+00 4.319304228e-02 1.139170408e+00 -1.531523764e-01 1.347479820e+00 -1.001967192e-01 1.164556026e+00 0.000000000e+00 0.000000000e+00 0.000000000e+00 1.000000000e+00
-3.783726692e-02 1.394337893e+00 -6.052565575e-02 1.315129757e+00 -5.351084471e-01 1.588268876e+00 -2.106987685e-01 1.378240228e+00 0.000000000e+00 0.000000000e+00 0.000000000e+00 1.000000000e+00
-4.925250113e-01 1.712036610e+00 -1.743718982e-03 1.659346342e+00 7.810993493e-02 1.885522962e+00 3.460251689e-01 1.922062755e+00 0.000000000e+00 0.000000000e+00 0.000000000e+00 1.000000000e+00
-1.397274256e+00 1.948127747e+00 1.111027956e+00 1.732294798e+00 -1.816667080e+00 2.067346334e+00 1.481944561e+00 1.694175839e+00 0.000000000e+00 0.000000000e+00 0.000000000e+00 1.000000000e+00
-1.789629459e+00 2.077680349e+00 1.023328185e+00 1.746076822e+00 -2.243564606e+00 2.256968260e+00 9.529078007e-01 1.332681775e+00 0.000000000e+00 0.000000000e+00 0.000000000e+00 1.000000000e+00
-2.525501728e+00 2.414120197e+00 7.377908230e-01 1.880128860e+00 -2.490470409e+00 2.588593960e+00 9.932861328e-01 1.516882896e+00 0.000000000e+00 0.000000000e+00 0.000000000e+00 1.000000000e+00
3.551355004e-01 2.632444382e+00 -1.031369805e+00 2.288804770e+00 5.549786687e-01 2.696369886e+00 -1.166835189e+00 2.862003088e+00 0.000000000e+00 0.000000000e+00 0.000000000e+00 1.000000000e+00
1.303297579e-01 2.645279646e+00 -2.158605337e+00 3.180908442e+00 6.077147722e-01 2.769335270e+00 -2.016274691e+00 2.124854565e+00 0.000000000e+00 0.000000000e+00 0.000000000e+00 1.000000000e+00
6.786581278e-01 2.871435165e+00 -8.845953941e-01 3.481569052e+00 1.704818755e-01 2.939003468e+00 -8.800732344e-02 2.290863276e+00 0.000000000e+00 0.000000000e+00 0.000000000e+00 1.000000000e+00
-7.592473030e-01 2.857142448e+00 1.157722831e+00 2.585474730e+00 -2.356105089e+00 2.989787817e+00 1.829665303e+00 2.393778563e+00 0.000000000e+00 0.000000000e+00 0.000000000e+00 1.000000000e+00
-1.523517609e+00 2.854927301e+00 9.076486230e-01 1.550104499e+00 8.169085979e-01 2.977421522e+00 -3.417112827e-01 3.359630346e+00 0.000000000e+00 0.000000000e+00 0.000000000e+00 1.000000000e+00
6.865333915e-01 2.737316847e+00 -1.329861641e+00 2.779264688e+00 -1.695909500e-01 2.760923862e+00 -1.392277956e+00 2.823800325e+00 0.000000000e+00 0.000000000e+00 0.000000000e+00 1.000000000e+00
-1.926721036e-01 2.660624981e+00 -9.263017178e-01 2.177547932e+00 2.427883744e-01 2.653090239e+00 -7.150391936e-01 2.963255167e+00 0.000000000e+00 0.000000000e+00 0.000000000e+00 1.000000000e+00
4.916997552e-01 2.364112854e+00 -5.306615233e-01 2.578680515e+00 -9.735500813e-01 2.243366003e+00 -3.125293255e-01 2.152378798e+00 0.000000000e+00 0.000000000e+00 0.000000000e+00 1.000000000e+00
-7.903053612e-02 2.370616436e+00 -1.270395219e-01 2.930511951e+00 6.052079797e-01 2.259824753e+00 6.222563386e-01 2.480081081e+00 0.000000000e+00 0.000000000e+00 0.000000000e+00 1.000000000e+00
4.637992084e-01 2.342690229e+00 7.260489464e-01 2.195905924e+00 -2.638587356e-01 2.328639984e+00 5.245546997e-02 2.131138086e+00 0.000000000e+00 0.000000000e+00 0.000000000e+00 1.000000000e+00
5.915327668e-01 1.254174829e+00 -6.286426187e-01 9.098500609e-01 5.767695904e-01 1.207247853e+00 -1.885872245e+00 1.037052155e+00 0.000000000e+00 0.000000000e+00 0.000000000e+00 1.000000000e+00
3.861947358e-01 8.463903666e-01 -1.529704213e+00 1.025275469e+00 4.419417977e-01 7.814297080e-01 -7.400524616e-01 7.265807390e-01 0.000000000e+00 0.000000000e+00 0.000000000e+00 1.000000000e+00
1.507038951e+00 3.711611629e-01 3.932082653e-01 4.736078978e-01 1.169847608e+00 3.524613082e-01 8.971198201e-01 4.114058018e-01 0.000000000e+00 0.000000000e+00 0.000000000e+00 1.000000000e+00
1.304880261e+00 1.094679460e-01 9.520818591e-01 2.767775357e-01 7.907996774e-01 1.127122268e-01 6.659272909e-01 1.403264701e-01 0.000000000e+00 0.000000000e+00 0.000000000e+00 1.000000000e+00
3.576005995e-02 -4.976735637e-02 -7.547601312e-02 2.676393092e-02 -6.187143922e-01 -5.158697814e-02 -9.521056414e-01 -1.030588076e-01 0.000000000e+00 0.000000000e+00 0.000000000e+00 1.000000000e+00
1.004507542e+00 4.963784665e-02 -5.533542633e-01 2.527330816e-01 1.419516683e+00 5.283840001e-03 1.478947997e+00 8.252263069e-02 0.000000000e+00 0.000000000e+00 0.000000000e+00 1.000000000e+00
4.427641034e-01 -2.940102667e-02 2.394390345e+00 1.179897189e-01 1.632129908e+00 -7.478030026e-02 2.316943645e+00 2.364438474e-01 0.000000000e+00 0.000000000e+00 0.000000000e+00 1.000000000e+00
1.624496937e+00 -2.618061006e-01 1.290714741e+00 5.438537896e-02 1.170008421e+00 -2.646464109e-01 3.380482197e-01 -7.771982253e-02 0.000000000e+00 0.000000000e+00 0.000000000e+00 1.000000000e+00
4.264414310e-01 -5.604557693e-02 -9.600102901e-01 8.953778446e-02 -8.013591766e-01 -7.168920338e-02 -2.145838022e+00 -2.558043599e-01 0.000000000e+00 0.000000000e+00 0.000000000e+00 1.000000000e+00
-1.314474106e+00 -1.707388163e-01 -2.377979279e+00 -2.106310576e-01 -1.468392730e+00 -1.742474735e-01 -1.432612181e+00 -5.278971195e-01 0.000000000e+00 0.000000000e+00 0.000000000e+00 1.000000000e+00
-1.403179049e+00 -5.415887386e-02 -1.158883095e+00 -3.146950305e-01 -1.018234611e+00 -4.230624437e-02 -7.122067809e-01 -4.901569784e-01 0.000000000e+00 0.000000000e+00 0.000000000e+00 1.000000000e+00
3.976791799e-01 4.421603680e-02 1.456812263e+00 7.547543943e-02 6.192704439e-01 -2.179200947e-02 2.555925608e+00 -3.915618360e-02 0.000000000e+00 0.000000000e+00 0.000000000e+00 1.000000000e+00
6.711480618e-01 -2.610575259e-01 1.803548694e+00 -3.939758986e-02 5.595738888e-01 -2.729415894e-01 1.655770391e-01 -1.797432303e-01 0.000000000e+00 0.000000000e+00 0.000000000e+00 1.000000000e+00
-7.572931051e-01 -1.032059193e-01 -1.843460798e+00 9.335815907e-02 -1.961542666e-01 -9.555419534e-02 -1.396767855e+00 -1.174412668e-01 0.000000000e+00 0.000000000e+00 0.000000000e+00 1.000000000e+00
-8.627338409e-01 -5.517802387e-02 -1.729542851e+00 1.198687404e-02 -1.074427247e+00 -5.476465076e-02 -1.459969640e+00 -2.515904307e-01 0.000000000e+00 0.000000000e+00 0.000000000e+00 1.000000000e+00
-5.084246397e-01 6.833378226e-02 -6.198533177e-01 1.111437008e-01 5.441356301e-01 -1.526951790e-03 1.819432020e+00 5.090660602e-02 0.000000000e+00 0.000000000e+00 0.000000000e+00 1.000000000e+00
1.227630377e+00 -1.061606705e-01 3.305526257e+00 2.360658944e-01 1.086843014e-01 -1.753219068e-01 6.353857517e-01 -4.188728333e-02 0.000000000e+00 0.000000000e+00 0.000000000e+00 1.000000000e+00
-1.216726661e+00 -4.935483634e-02 -3.057690382e+00 2.420707047e-01 -9.582442641e-01 3.655923903e-02 -3.319415808e+00 -7.464128733e-02 0.000000000e+00 0.000000000e+00 0.000000000e+00 1.000000000e+00
-4.313848615e-01 -1.067224592e-01 -7.291499376e-01 -1.254498363e-01 3.901264369e-01 -9.410269558e-02 1.497242212e+00 -1.544340253e-01 0.000000000e+00 0.000000000e+00 0.000000000e+00 1.000000000e+00
1.579180837e+00 -1.377034783e-01 1.561528921e+00 1.420874596e-01 6.306042671e-01 -1.518651247e-01 3.159222305e-01 -3.630846739e-03 0.000000000e+00 0.000000000e+00 0.000000000e+00 1.000000000e+00
3.426831365e-01 -2.239458263e-01 -7.231253386e-01 -2.152593434e-01 1.142507792e-01 -1.968039721e-01 -1.026574612e+00 -3.672142625e-01 0.000000000e+00 0.000000000e+00 0.000000000e+00 1.000000000e+00
-9.101375341e-01 -1.712104380e-01 -9.646438956e-01 -3.103684187e-01 -1.618250459e-01 -1.673178822e-01 -1.321511984e+00 -3.039998710e-01 0.000000000e+00 0.000000000e+00 0.000000000e+00 1.000000000e+00
1.821768582e-01 -1.505607367e-01 -9.191453457e-01 -1.619924158e-01 -4.588979483e-02 -1.513625383e-01 -8.513113111e-02 -2.183652520e-01 0.000000000e+00 0.000000000e+00 0.000000000e+00 1.000000000e+00
2.260146737e-01 -1.468862891e-01 1.041926622e+00 -7.731223851e-02 -5.310554504e-01 -1.339257658e-01 1.537768722e+00 -1.696546972e-01 0.000000000e+00 0.000000000e+00 0.000000000e+00 1.000000000e+00
-2.492081523e-01 -2.222415358e-01 4.586945474e-02 -1.251373887e-01 4.979468584e-01 -2.141996473e-01 4.370423555e-01 -1.200960502e-01 0.000000000e+00 0.000000000e+00 0.000000000e+00 1.000000000e+00
2.258833647e-01 -2.387652695e-01 1.431474090e+00 7.520772517e-03 1.248682812e-01 -2.806206644e-01 4.542494118e-01 -2.443888783e-02 0.000000000e+00 0.000000000e+00 0.000000000e+00 1.000000000e+00
-2.327060252e-01 -3.976924419e-01 -1.875891209e+00 1.456235349e-01 -8.284195662e-01 -3.463400900e-01 -2.470839262e+00 -4.779421166e-02 0.000000000e+00 0.000000000e+00 0.000000000e+00 1.000000000e+00
-6.202547550e-01 -4.030917212e-02 -2.713444233e-01 4.815947264e-03 -3.672274351e-01 3.038367629e-02 1.605115414e+00 -6.296309829e-02 0.000000000e+00 0.000000000e+00 0.000000000e+00 1.000000000e+00
-4.006511569e-01 -7.447816432e-02 8.154914975e-01 -4.526204988e-02 -4.147819877e-01 -4.436358064e-02 2.385845333e-01 -6.097355485e-02 0.000000000e+00 0.000000000e+00 0.000000000e+00 1.000000000e+00
-5.121152401e-01 -2.208137512e-02 -8.460549712e-01 4.782327637e-02 -9.171493351e-03 3.404259682e-03 -5.240086317e-01 -6.239449978e-02 0.000000000e+00 0.000000000e+00 0.000000000e+00 1.000000000e+00
-1.111801863e+00 -8.830960840e-03 -1.069219589e+00 -6.104047596e-02 7.078167796e-02 -1.767925173e-02 7.553732395e-01 -1.454341263e-01 0.000000000e+00 0.000000000e+00 0.000000000e+00 1.000000000e+00
3.675092459e-01 7.191114128e-03 1.169179201e+00 4.956725985e-02 -2.665350139e-01 4.622645676e-03 6.507593989e-01 -7.523235679e-02 0.000000000e+00 0.000000000e+00 0.000000000e+00 1.000000000e+00
2.066920400e-01 -1.423303783e-01 -1.063010454e+00 3.427490219e-02 -2.767223120e-01 -1.607316136e-01 -1.556873202e+00 -1.692598611e-01 0.000000000e+00 0.000000000e+00 0.000000000e+00 1.000000000e+00
-1.419149339e-01 -3.337922692e-02 -1.351641536e+00 1.137615591e-01 -7.623220235e-02 -5.128194392e-02 -1.785500050e-01 -5.736066401e-02 0.000000000e+00 0.000000000e+00 0.000000000e+00 1.000000000e+00
1.057081819e+00 4.545804113e-03 1.734501123e-01 3.638347089e-01 1.448570728e+00 -6.372371316e-02 8.178816438e-01 1.890035421e-01 0.000000000e+00 0.000000000e+00 0.000000000e+00 1.000000000e+00
1.205565095e+00 -1.742916852e-01 2.130115479e-01 2.200310677e-01 -8.244377971e-01 -1.946075857e-01 7.093839049e-01 -1.995572448e-02 0.000000000e+00 0.000000000e+00 0.000000000e+00 1.000000000e+00
1.025480390e+00 -5.030516386e-01 -2.816501856e-01 5.233342201e-02 -8.787590265e-01 -5.139131546e-01 -2.224168301e+00 -1.818670034e-01 0.000000000e+00 0.000000000e+00 0.000000000e+00 1.000000000e+00
-1.260679841e+00 -4.527338147e-01 -1.870252371e+00 -8.949339390e-02 -2.150140703e-02 -4.797313213e-01 -2.777108550e-01 -1.973607838e-01 0.000000000e+00 0.000000000e+00 0.000000000e+00 1.000000000e+00
1.893129945e-01 -2.260849178e-01 9.582400918e-01 2.555559278e-01 1.405385733e+00 -3.197256327e-01 2.405905008e+00 1.083638519e-01 0.000000000e+00 0.000000000e+00 0.000000000e+00 1.000000000e+00
9.409105778e-01 -3.741866350e-01 2.345387459e+00 2.102756798e-01 3.758980036e-01 -4.189109206e-01 -1.513132453e-01 4.872648418e-02 0.000000000e+00 0.000000000e+00 0.000000000e+00 1.000000000e+00
-3.102549613e-01 -2.170781493e-01 -1.110264301e+00 -6.108035147e-02 -1.065812707e+00 -2.204595208e-01 9.903101325e-01 -2.345340252e-01 0.000000000e+00 0.000000000e+00 0.000000000e+00 1.000000000e+00
-1.225671470e-01 -4.386723042e-01 1.854281306e+00 -1.841494739e-01 -9.266123772e-01 -4.170986116e-01 -4.272123873e-01 -3.199448586e-01 0.000000000e+00 0.000000000e+00 0.000000000e+00 1.000000000e+00
-5.072859526e-01 -2.301103175e-01 -2.170755625e+00 -1.752080917e-01 -1.671472192e+00 -1.873913407e-01 -1.217207789e+00 -3.825106919e-01 0.000000000e+00 0.000000000e+00 0.000000000e+00 1.000000000e+00
-3.419321775e-01 -3.014876842e-01 -4.442694783e-01 -9.774382412e-02 -8.987558484e-01 -2.740041912e-01 2.176092863e-01 -2.610331476e-01 0.000000000e+00 0.000000000e+00 0.000000000e+00 1.000000000e+00
-2.114721060e+00 -9.174162149e-02 -6.552501917e-01 -4.113135934e-01 -2.597136736e+00 -3.719387949e-02 -1.321869195e-01 -4.703021348e-01 0.000000000e+00 0.000000000e+00 0.000000000e+00 1.000000000e+00
-1.817326307e+00 -7.346700132e-02 -5.604748726e-01 -1.922075748e-01 -1.503471851e+00 -4.021290317e-02 7.950283885e-01 -2.667299509e-01 0.000000000e+00 0.000000000e+00 0.000000000e+00 1.000000000e+00
-5.994860828e-02 1.704970747e-02 7.235561609e-01 1.494721323e-01 -8.199363947e-02 4.069143534e-02 5.003919005e-01 1.392974555e-01 0.000000000e+00 0.000000000e+00 0.000000000e+00 1.000000000e+00
-7.902493477e-01 1.435043514e-01 -1.668178916e+00 8.033724129e-02 9.802134335e-02 1.959336698e-01 -1.243730187e+00 1.524336040e-01 0.000000000e+00 0.000000000e+00 0.000000000e+00 1.000000000e+00
-2.731514871e-01 2.126346827e-01 -1.858316898e+00 3.054323494e-01 -8.162773252e-01 2.645225227e-01 -2.135662556e+00 2.816057205e-01 0.000000000e+00 0.000000000e+00 0.000000000e+00 1.000000000e+00
-2.408239603e+00 2.488985062e-01 -1.455192327e+00 -1.440636814e-02 -1.586706638e+00 2.894005775e-01 9.947863221e-01 -1.258127689e-01 0.000000000e+00 0.000000000e+00 0.000000000e+00 1.000000000e+00
-9.522938728e-01 7.229929417e-02 2.168899059e+00 -1.368841827e-01 -5.716546774e-01 1.115164310e-01 1.276082754e+00 -6.543068588e-02 0.000000000e+00 0.000000000e+00 0.000000000e+00 1.000000000e+00
6.538050771e-01 1.267680675e-01 -5.933330655e-01 3.089368045e-01 5.498285294e-01 1.010567397e-01 -1.745202780e+00 2.790018022e-01 0.000000000e+00 0.000000000e+00 0.000000000e+00 1.000000000e+00
1.458841205e+00 1.373317987e-01 1.453362703e-01 5.173813105e-01 5.651027560e-01 1.089360714e-01 1.271632910e+00 3.726966381e-01 0.000000000e+00 0.000000000e+00 0.000000000e+00 1.000000000e+00
-1.003912210e+00 8.720926940e-02 -2.013359964e-01 6.302867830e-02 -7.037798166e-01 1.545963585e-01 -8.658103943e-01 5.918999761e-02 0.000000000e+00 0.000000000e+00 0.000000000e+00 1.000000000e+00
-8.089826107e-01 1.409614533e-01 5.584551096e-01 5.551210046e-02 -1.596910357e+00 1.228072643e-01 1.097614050e+00 -8.301657438e-02 0.000000000e+00 0.000000000e+00 0.000000000e+00 1.000000000e+00
1.681667566e-02 5.560797453e-02 -1.122706532e+00 2.685102522e-01 1.580391526e-01 9.911066294e-02 -2.208937645e+00 2.632412016e-01 0.000000000e+00 0.000000000e+00 0.000000000e+00 1.000000000e+00
-3.977739513e-01 -1.062381864e-01 -8.170851469e-01 -1.325585693e-01 -6.372870207e-01 -1.051022634e-01 1.714532733e+00 -1.891960204e-01 0.000000000e+00 0.000000000e+00 0.000000000e+00 1.000000000e+00
-6.106761098e-02 -9.130999446e-02 2.595731020e+00 1.524436846e-02 4.128402770e-01 -1.533502936e-01 3.027698398e-01 1.222537607e-01 0.000000000e+00 0.000000000e+00 0.000000000e+00 1.000000000e+00
-2.022980154e-02 -7.600234449e-02 -1.922337055e+00 2.263463661e-02 -1.879236102e-02 -1.302507371e-01 -1.067929506e+00 -4.872715473e-02 0.000000000e+00 0.000000000e+00 0.000000000e+00 1.000000000e+00
4.623925686e-01 -1.499849260e-01 5.264086723e-01 3.996503726e-02 -4.256473780e-01 -2.140631676e-01 -2.067298889e-01 -1.192396954e-01 0.000000000e+00 0.000000000e+00 0.000000000e+00 1.000000000e+00
-3.568570018e-01 -6.342989206e-02 -1.455698371e+00 1.944340169e-01 -4.809347093e-01 -5.891938135e-02 -1.196856976e+00 9.419514984e-02 0.000000000e+00 0.000000000e+00 0.000000000e+00 1.000000000e+00
1.816501170e-01 -6.017795950e-02 9.419544935e-01 3.351329267e-01 3.764559925e-01 -7.710401714e-02 7.356352806e-01 2.562727332e-01 0.000000000e+00 0.000000000e+00 0.000000000e+00 1.000000000e+00
9.835733771e-01 3.864553571e-02 3.299781084e-01 4.502549171e-01 2.720124125e-01 8.281022310e-04 -4.368248582e-01 2.738105357e-01 0.000000000e+00 0.000000000e+00 0.000000000e+00 1.000000000e+00
2.655788660e-01 -2.334370464e-02 9.327732027e-02 2.316009849e-01 -1.446189642e+00 2.060007304e-03 -6.191418767e-01 -1.911859214e-02 0.000000000e+00 0.000000000e+00 0.000000000e+00 1.000000000e+00
-1.010011196e+00 1.455989033e-01 -7.968909740e-01 9.606114775e-02 -8.626817465e-01 1.665816009e-01 -1.242242679e-01 3.894536570e-02 0.000000000e+00 0.000000000e+00 0.000000000e+00 1.000000000e+00
-6.681755781e-01 1.455292404e-01 1.356325626e+00 1.108354777e-01 1.772249639e-01 1.327770352e-01 6.989776492e-01 1.919508427e-01 0.000000000e+00 0.000000000e+00 0.000000000e+00 1.000000000e+00
2.057839036e-01 1.985903978e-01 -9.293478131e-01 4.257175028e-01 7.050671577e-01 1.840189844e-01 -2.275221109e+00 4.232496023e-01 0.000000000e+00 0.000000000e+00 0.000000000e+00 1.000000000e+00
9.360491633e-01 1.211801618e-01 -2.597269058e+00 3.456121385e-01 3.839492500e-01 8.688687533e-02 -9.990323186e-01 1.942234486e-01 0.000000000e+00 0.000000000e+00 0.000000000e+00 1.000000000e+00
-1.163811922e+00 -1.343864202e-02 1.241152763e+00 -9.487289190e-02 -4.746669531e-01 4.301622510e-03 1.248516679e+00 -1.032181680e-01 0.000000000e+00 0.000000000e+00 0.000000000e+00 1.000000000e+00
8.649215102e-01 -2.914804816e-01 7.793365121e-01 2.731196582e-04 1.144227266e+00 -2.849877477e-01 1.184833407e+00 -6.926998496e-03 0.000000000e+00 0.000000000e+00 0.000000000e+00 1.000000000e+00
-9.811661839e-01 -2.151181102e-01 1.831595540e+00 -3.778684437e-01 -7.475200891e-01 -1.962930858e-01 1.461488128e+00 -3.402993083e-01 0.000000000e+00 0.000000000e+00 0.000000000e+00 1.000000000e+00
-4.635873437e-02 -2.669844329e-01 7.117948532e-01 -2.826124728e-01 8.970066905e-01 -2.925769091e-01 -1.343426108e+00 -1.465839744e-01 0.000000000e+00 0.000000000e+00 0.000000000e+00 1.000000000e+00
5.942430496e-01 -3.951138258e-01 -2.195980549e+00 -1.740094125e-01 2.893710732e-01 -3.932217062e-01 -1.526217699e+00 -2.555222213e-01 0.000000000e+00 0.000000000e+00 0.000000000e+00 1.000000000e+00
5.649631023e-01 -7.208389640e-01 4.472519755e-01 -4.062483907e-01 -7.107211649e-02 -7.504450679e-01 6.631475687e-01 -5.327557921e-01 0.000000000e+00 0.000000000e+00 0.000000000e+00 1.000000000e+00
-4.382147491e-01 -9.059761167e-01 4.332541227e-01 -6.418603063e-01 5.991830230e-01 -9.472954273e-01 3.758810759e-01 -5.268180966e-01 0.000000000e+00 0.000000000e+00 0.000000000e+00 1.000000000e+00
-3.488160670e-02 -9.908259511e-01 -2.052185982e-01 -7.314776778e-01 -1.679454565e+00 -9.472091794e-01 -4.388865829e-01 -8.782514334e-01 0.000000000e+00 0.000000000e+00 0.000000000e+00 1.000000000e+00
-2.195646286e+00 -1.125354171e+00 -3.056610227e-01 -1.120642781e+00 -1.223951101e+00 -1.077400327e+00 -2.543118000e-01 -9.457145333e-01 0.000000000e+00 0.000000000e+00 0.000000000e+00 1.000000000e+00
9.575973451e-02 -9.724431038e-01 7.928637266e-01 -6.368547082e-01 -1.146280408e+00 -9.761661291e-01 5.485872030e-01 -8.025109768e-01 0.000000000e+00 0.000000000e+00 0.000000000e+00 1.000000000e+00
-1.447804093e+00 -5.816352963e-01 8.571269512e-01 -6.671442389e-01 -1.137741566e+00 -5.305450559e-01 8.477258682e-01 -5.497467518e-01 0.000000000e+00 0.000000000e+00 0.000000000e+00 1.000000000e+00
1.495683789e-01 -2.929490507e-01 1.280860007e-01 -2.110073566e-01 -6.107943058e-01 -2.475124300e-01 -1.228215694e+00 -2.289423347e-01 0.000000000e+00 0.000000000e+00 0.000000000e+00 1.000000000e+00
-7.110826969e-01 1.256193779e-02 -2.213581562e+00 -7.601595670e-02 -8.194172978e-01 5.146040022e-02 -1.404103279e+00 -1.303472519e-01 0.000000000e+00 0.000000000e+00 0.000000000e+00 1.000000000e+00
1.554873347e+00 2.126733959e-01 9.887848496e-01 4.087848067e-01 7.873938680e-01 2.217170000e-01 2.170058250e+00 3.259516060e-01 0.000000000e+00 0.000000000e+00 0.000000000e+00 1.000000000e+00
-1.102727532e+00 2.785919309e-01 1.090628147e+00 2.799561992e-02 -8.905135989e-01 3.651764095e-01 -9.492427707e-01 2.337310463e-01 0.000000000e+00 0.000000000e+00 0.000000000e+00 1.000000000e+00
-3.311336637e-01 1.740715653e-01 -1.638288498e+00 1.649424732e-01 -4.965178967e-01 2.654593587e-01 -6.627610326e-01 1.710636318e-01 0.000000000e+00 0.000000000e+00 0.000000000e+00 1.000000000e+00
-9.914081097e-01 3.091486692e-01 1.341224194e+00 1.989529729e-01 -8.754081279e-02 3.184314370e-01 1.948386788e+00 2.121132910e-01 0.000000000e+00 0.000000000e+00 0.000000000e+00 1.000000000e+00
3.222862482e-01 1.839597672e-01 1.992486954e+00 1.818100214e-01 -7.287463546e-02 2.178173959e-01 -6.625099480e-02 3.518168926e-01 0.000000000e+00 0.000000000e+00 0.000000000e+00 1.000000000e+00
-8.599077165e-02 -1.189312041e-01 -1.700757027e+00 6.151013076e-03 -1.516367793e-01 -6.913789362e-02 -1.385455012e+00 5.664028227e-02 0.000000000e+00 0.000000000e+00 0.000000000e+00 1.000000000e+00
2.280257344e-01 8.048370481e-02 -1.191516638e+00 2.819479704e-01 3.104881644e-01 1.305420697e-01 -1.072442979e-01 2.369481474e-01 0.000000000e+00 0.000000000e+00 0.000000000e+00 1.000000000e+00
-1.415667087e-01 -1.142404526e-01 5.373234153e-01 8.740942180e-02 5.992832184e-01 -1.297314465e-01 -3.461579978e-01 1.123875231e-01 0.000000000e+00 0.000000000e+00 0.000000000e+00 1.000000000e+00
1.031807512e-01 -3.393776417e-01 -1.287534952e+00 -6.046614796e-02 -1.664980799e-01 -3.254513144e-01 -4.432093501e-01 -2.122180164e-01 0.000000000e+00 0.000000000e+00 0.000000000e+00 1.000000000e+00
-9.292892218e-01 -3.690892458e-01 5.080513954e-01 -3.904280663e-01 5.799584091e-03 -3.983002007e-01 -2.904058993e-01 -3.224022985e-01 0.000000000e+00 0.000000000e+00 0.000000000e+00 1.000000000e+00
1.079281867e-01 -3.005489111e-01 -1.414710283e+00 -8.415511250e-02 3.712977469e-01 -2.955040038e-01 -4.740574956e-01 -1.150365770e-01 0.000000000e+00 0.000000000e+00 0.000000000e+00 1.000000000e+00
1.552866250e-01 -2.914646268e-01 1.586848021e+00 -3.437144309e-02 4.530082047e-01 -2.588320971e-01 1.581040621e+00 -2.445186675e-02 0.000000000e+00 0.000000000e+00 0.000000000e+00 1.000000000e+00
-1.345756948e-01 -2.634997964e-01 -3.009356558e-01 -1.315228641e-01 -7.635856271e-01 -2.522249222e-01 -1.840228319e+00 -2.355020046e-01 0.000000000e+00 0.000000000e+00 0.000000000e+00 1.000000000e+00
-7.321237326e-01 -3.204259872e-01 -2.226833105e+00 -3.838273287e-01 -6.395893097e-01 -3.043752909e-01 5.447266996e-02 -4.099365473e-01 0.000000000e+00 0.000000000e+00 0.000000000e+00 1.000000000e+00
-7.451633215e-01 -3.147550225e-01 1.051724792e+00 -4.607457519e-01 -4.981203675e-01 -3.107570708e-01 1.718704551e-01 -3.685105145e-01 0.000000000e+00 0.000000000e+00 0.000000000e+00 1.000000000e+00
-2.706103623e-01 -3.320812285e-01 -6.384996176e-01 -3.234829605e-01 -5.059728622e-01 -3.376442492e-01 9.354946613e-01 -4.100896120e-01 0.000000000e+00 0.000000000e+00 0.000000000e+00 1.000000000e+00
-5.513274074e-01 -1.729076803e-01 1.547091365e+00 -3.113059402e-01 -2.020272017e-01 -1.639068723e-01 1.443120390e-01 -2.106654793e-01 0.000000000e+00 0.000000000e+00 0.000000000e+00 1.000000000e+00
7.464626431e-02 -2.253623903e-01 -1.224537611e+00 -2.280564159e-01 -2.730303705e-01 -1.679678559e-01 -2.346609116e+00 -1.183571219e-01 0.000000000e+00 0.000000000e+00 0.000000000e+00 1.000000000e+00
2.779647708e-03 -1.538981646e-01 -1.951160908e+00 -1.323549300e-01 -1.368208677e-01 -1.217352897e-01 -3.307603598e-01 -1.707951874e-01 0.000000000e+00 0.000000000e+00 0.000000000e+00 1.000000000e+00
-4.171250761e-02 -1.922959387e-01 1.755422711e+00 -2.689355314e-01 -8.856514096e-01 -1.463156193e-01 1.496404529e+00 -2.579092979e-01 0.000000000e+00 0.000000000e+00 0.000000000e+00 1.000000000e+00
-8.287948966e-01 -1.507970393e-01 1.321515560e+00 -1.680289209e-01 7.721142471e-02 -1.104075834e-01 6.959125400e-01 -9.132357687e-02 0.000000000e+00 0.000000000e+00 0.000000000e+00 1.000000000e+00
7.357258201e-01 -7.209694386e-02 7.631627321e-01 1.247528642e-01 5.056812167e-01 -5.741897225e-02 -6.012405157e-01 9.259442240e-02 0.000000000e+00 0.000000000e+00 0.000000000e+00 1.000000000e+00
3.146687746e-01 -1.588646173e-01 -1.632242203e+00 1.540599763e-02 2.023202032e-01 -1.706477702e-01 -1.411021709e+00 -6.045959890e-02 0.000000000e+00 0.000000000e+00 0.000000000e+00 1.000000000e+00
6.187455058e-01 -1.675100476e-01 4.697452188e-01 9.838181734e-02 -2.350839674e-01 -1.908851266e-01 1.198477983e+00 -7.647827268e-02 0.000000000e+00 0.000000000e+00 0.000000000e+00 1.000000000e+00
-5.765599012e-01 -3.089157045e-01 8.286337852e-01 -2.623924911e-01 -2.961286306e-01 -3.520268202e-01 -1.826639473e-01 -2.734091878e-01 0.000000000e+00 0.000000000e+00 0.000000000e+00 1.000000000e+00
-4.863737226e-01 -5.529729128e-01 -9.369601607e-01 -3.530996740e-01 -7.926822305e-01 -5.376586914e-01 -5.199107528e-01 -4.504609108e-01 0.000000000e+00 0.000000000e+00 0.000000000e+00 1.000000000e+00
6.924052536e-02 -7.102556229e-01 -5.725606680e-01 -3.015554547e-01 1.959466636e-01 -7.156844139e-01 -1.088658094e+00 -3.265764117e-01 0.000000000e+00 0.000000000e+00 0.000000000e+00 1.000000000e+00
-1.206263900e-02 -6.417180300e-01 -1.708958983e+00 -3.019305766e-01 -7.372848988e-01 -6.015145183e-01 -1.329860091e+00 -4.518097639e-01 0.000000000e+00 0.000000000e+00 0.000000000e+00 1.000000000e+00
-8.401451111e-01 -7.988582253e-01 -1.544499099e-01 -7.054958940e-01 -4.453971982e-01 -7.714428306e-01 6.643446684e-01 -6.947220564e-01 0.000000000e+00 0.000000000e+00 0.000000000e+00 1.000000000e+00
-6.425849795e-01 -7.431369424e-01 7.232950926e-01 -7.356639504e-01 -5.659763217e-01 -7.192206383e-01 6.777969599e-01 -6.561189294e-01 0.000000000e+00 0.000000000e+00 0.000000000e+00 1.000000000e+00
-9.115649760e-02 -7.407944798e-01 4.596551657e-01 -6.369022727e-01 -4.745262265e-01 -7.284833789e-01 2.194444463e-02 -6.090035439e-01 0.000000000e+00 0.000000000e+00 0.000000000e+00 1.000000000e+00
-3.190794289e-01 -8.199690580e-01 -7.747282982e-01 -5.138451457e-01 -8.994681239e-01 -8.057013154e-01 -1.193082213e+00 -5.992783904e-01 0.000000000e+00 0.000000000e+00 0.000000000e+00 1.000000000e+00
-9.826788902e-01 -6.796673536e-01 -8.176214695e-01 -6.112823486e-01 -8.871791959e-01 -6.009646058e-01 -7.821375132e-01 -5.510867834e-01 0.000000000e+00 0.000000000e+00 0.000000000e+00 1.000000000e+00
-2.003247261e+00 -4.521821737e-01 -7.932484746e-01 -6.200261116e-01 -2.397651196e+00 -3.070865571e-01 -1.107708693e+00 -5.699155927e-01 0.000000000e+00 0.000000000e+00 0.000000000e+00 1.000000000e+00
-2.224430799e+00 2.028011978e-01 -7.001239061e-01 -1.489087343e-01 -1.652160048e+00 3.498729765e-01 -1.019419909e+00 2.629262209e-02 0.000000000e+00 0.000000000e+00 0.000000000e+00 1.000000000e+00
-8.920395374e-01 8.723756671e-01 4.844445288e-01 5.363993645e-01 -1.691798210e+00 1.084488034e+00 6.396597624e-01 7.014573812e-01 0.000000000e+00 0.000000000e+00 0.000000000e+00 1.000000000e+00
-1.608869672e+00 1.584935546e+00 4.060185850e-01 1.230454445e+00 -1.423749685e+00 1.928233862e+00 -5.458322763e-01 1.714200974e+00 0.000000000e+00 0.000000000e+00 0.000000000e+00 1.000000000e+00
9.996476769e-01 3.406343460e+00 -3.717772365e-01 7.026893139e+00 1.054827690e+00 3.629123926e+00 -3.833717406e-01 6.655291557e+00 0.000000000e+00 0.000000000e+00 0.000000000e+00 1.000000000e+00
7.107891440e-01 3.729318142e+00 -5.103828311e-01 6.623076916e+00 1.214517117e+00 3.807288885e+00 -2.337753773e-01 5.961050510e+00 0.000000000e+00 0.000000000e+00 0.000000000e+00 1.000000000e+00
1.458652020e+00 3.670621634e+00 -9.646887183e-01 6.195711136e+00 1.740572810e+00 3.650449753e+00 -7.641997337e-01 5.518744946e+00 0.000000000e+00 0.000000000e+00 0.000000000e+00 1.000000000e+00
1.594168663e+00 3.608475208e+00 -7.021296620e-01 4.285480499e+00 1.244904160e+00 3.586724997e+00 -8.104647398e-01 3.341817617e+00 0.000000000e+00 0.000000000e+00 0.000000000e+00 1.000000000e+00
1.462404251e+00 3.570974350e+00 -1.024228692e+00 2.913735151e+00 1.945221424e+00 3.614286184e+00 -7.725222111e-01 2.420208454e+00 0.000000000e+00 0.000000000e+00 0.000000000e+00 1.000000000e+00
1.385736108e+00 4.189104557e+00 -8.469136953e-01 2.227546215e+00 1.863191366e+00 4.088890076e+00 -7.591863275e-01 1.149557710e+00 0.000000000e+00 0.000000000e+00 0.000000000e+00 1.000000000e+00
1.674974680e+00 3.765506983e+00 -9.649704099e-01 -1.040639430e-01 1.425142288e+00 3.703470707e+00 -5.335520506e-01 7.503685951e-01 0.000000000e+00 0.000000000e+00 0.000000000e+00 1.000000000e+00
1.887838840e+00 4.134391785e+00 9.048895538e-02 -3.188964128e-01 2.003035545e+00 4.017052174e+00 -4.163895547e-01 -2.927759886e-01 0.000000000e+00 0.000000000e+00 0.000000000e+00 1.000000000e+00
-1.400293261e-01 3.613446951e+00 -1.524485707e+00 1.347394943e+00 -2.253290415e-01 3.521518707e+00 -1.755905628e+00 2.009674072e+00 0.000000000e+00 0.000000000e+00 0.000000000e+00 1.000000000e+00
-7.609900236e-01 3.374120474e+00 2.522123232e-02 1.281286836e+00 1.175756335e+00 3.140932083e+00 4.178299308e-01 3.285904408e+00 0.000000000e+00 0.000000000e+00 0.000000000e+00 1.000000000e+00
1.511308074e+00 2.953033686e+00 5.997873545e-01 1.725362062e+00 3.995936215e-01 2.729902267e+00 8.002717495e-01 2.929674625e+00 0.000000000e+00 0.000000000e+00 0.000000000e+00 1.000000000e+00
-3.406128585e-01 2.496303797e+00 1.034380078e+00 2.120325089e+00 -5.355498195e-01 2.327157021e+00 1.077593327e+00 1.851561308e+00 0.000000000e+00 0.000000000e+00 0.000000000e+00 1.000000000e+00
4.305456281e-01 1.783626556e+00 7.146366239e-01 1.543338418e+00 1.194561720e+00 1.692176104e+00 -1.914194822e-01 1.548540592e+00 0.000000000e+00 0.000000000e+00 0.000000000e+00 1.000000000e+00
1.454142570e+00 9.179511070e-01 -6.302801520e-02 9.754021764e-01 1.453753471e+00 8.613663316e-01 5.264998674e-01 8.418501019e-01 0.000000000e+00 0.000000000e+00 0.000000000e+00 1.000000000e+00
1.302332401e+00 1.835765690e-01 1.207043529e-01 3.427147269e-01 9.532218575e-01 1.155376583e-01 -4.417178929e-01 2.347219586e-01 0.000000000e+00 0.000000000e+00 0.000000000e+00 1.000000000e+00
-7.646574825e-02 -2.281482071e-01 -7.386062741e-01 -2.099447101e-01 -9.285398126e-01 -1.988343000e-01 -7.851626873e-01 -3.047678173e-01 0.000000000e+00 0.000000000e+00 0.000000000e+00 1.000000000e+00
-8.161906898e-02 -1.897227466e-01 -4.088781476e-01 -9.417048842e-02 -4.631710052e-02 -1.424556673e-01 -6.920479238e-02 -3.826058283e-02 0.000000000e+00 0.000000000e+00 0.000000000e+00 1.000000000e+00
-6.336273253e-02 -1.655832529e-01 -1.538510621e-01 1.714944467e-02 -3.677745461e-01 -1.291648746e-01 -5.684482455e-01 1.664179564e-02 0.000000000e+00 0.000000000e+00 0.000000000e+00 1.000000000e+00
3.346455097e-02 -1.067869291e-01 4.054476023e-01 2.049539238e-02 -3.467144370e-01 -9.825647622e-02 1.112645864e+00 -6.930209696e-03 0.000000000e+00 0.000000000e+00 0.000000000e+00 1.000000000e+00
-6.194560528e-01 -2.094543278e-01 1.770527244e+00 -1.362579018e-01 -1.082712889e+00 -1.739777327e-01 1.031285882e+00 -1.913500577e-01 0.000000000e+00 0.000000000e+00 0.000000000e+00 1.000000000e+00
-1.002718925e+00 -1.608872563e-01 -5.580725670e-01 -8.993249387e-02 -1.336329937e+00 -8.508914709e-02 -1.708326817e+00 -1.464166641e-01 0.000000000e+00 0.000000000e+00 0.000000000e+00 1.000000000e+00
-8.316583633e-01 -1.249668375e-01 -1.909690380e+00 -5.043938756e-03 -5.090819597e-01 -4.401183501e-02 -4.202240705e-01 5.936801434e-03 0.000000000e+00 0.000000000e+00 0.000000000e+00 1.000000000e+00
-1.510068178e-01 -1.229116023e-01 -2.098843455e-02 -5.580696091e-02 -3.094922751e-02 -8.447089791e-02 -6.882642508e-01 4.894389212e-02 0.000000000e+00 0.000000000e+00 0.000000000e+00 1.000000000e+00
-7.134296745e-02 -5.407897756e-02 -1.013641357e+00 -7.048903406e-02 -2.885458171e-01 1.265460998e-02 -5.682889223e-01 -4.183582962e-02 0.000000000e+00 0.000000000e+00 0.000000000e+00 1.000000000e+00
5.982984304e-01 -3.447228670e-02 9.909545779e-01 7.817302644e-02 -7.278851867e-01 -4.531894624e-02 2.696188450e+00 -7.235488296e-02 0.000000000e+00 0.000000000e+00 0.000000000e+00 1.000000000e+00
-1.963857114e-01 -7.592518628e-02 3.163611174e+00 -5.718258768e-02 1.242851764e-01 -2.588571608e-02 9.068312645e-01 -1.302585006e-03 0.000000000e+00 0.000000000e+00 0.000000000e+00 1.000000000e+00
-1.452081949e-01 -6.101784483e-02 -1.342750430e+00 -3.461918980e-02 -4.293233752e-01 5.133926868e-03 -2.654268980e+00 4.254425317e-02 0.000000000e+00 0.000000000e+00 0.000000000e+00 1.000000000e+00
5.629537106e-01 1.378016919e-01 -1.474899411e+00 2.569015920e-01 3.862175941e-01 1.926016510e-01 -6.200609207e-01 2.366499752e-01 0.000000000e+00 0.000000000e+00 0.000000000e+00 1.000000000e+00
6.234270334e-01 1.213974953e-01 -2.583698630e-01 1.828117669e-01 9.373338223e-01 1.197767556e-01 7.962728143e-01 1.815902293e-01 0.000000000e+00 0.000000000e+00 0.000000000e+00 1.000000000e+00
1.244871765e-01 7.241267711e-03 -1.770747900e-01 1.588988900e-01 -7.215236425e-01 4.628945142e-02 -5.720235705e-01 -6.927549839e-05 0.000000000e+00 0.000000000e+00 0.000000000e+00 1.000000000e+00
-5.696645379e-01 3.156423196e-02 -2.801896334e-01 5.092215911e-02 -8.145705462e-01 5.444073677e-02 -7.536388636e-01 -1.332521439e-01 0.000000000e+00 0.000000000e+00 0.000000000e+00 1.000000000e+00
-1.055469632e+00 8.246789873e-02 -2.950855494e-01 1.942676455e-01 -7.352053523e-01 9.786308557e-02 9.109315276e-02 5.736957490e-02 0.000000000e+00 0.000000000e+00 0.000000000e+00 1.000000000e+00
2.393514216e-01 3.042751551e-02 1.056919098e+00 3.177717924e-01 2.153066993e-01 -1.306860521e-02 7.903544307e-01 2.035809606e-01 0.000000000e+00 0.000000000e+00 0.000000000e+00 1.000000000e+00
-3.983612359e-02 1.078473777e-01 -3.539295197e-01 3.419401646e-01 -3.107860684e-01 1.254569590e-01 -2.396347374e-01 2.299968898e-01 0.000000000e+00 0.000000000e+00 0.000000000e+00 1.000000000e+00
-3.065416813e-01 1.031681672e-01 -1.105279684e+00 2.137459219e-01 3.157331944e-01 1.384459734e-01 -1.933149695e+00 2.396772802e-01 0.000000000e+00 0.000000000e+00 0.000000000e+00 1.000000000e+00
7.686443329e-01 1.837731153e-02 -1.775544047e+00 1.935621202e-01 -5.179586411e-01 1.091791168e-01 -6.665973067e-01 6.040046364e-02 0.000000000e+00 0.000000000e+00 0.000000000e+00 1.000000000e+00
-3.169051707e-01 1.277230084e-01 2.415265143e-02 1.694680899e-01 1.090359911e-01 1.459541917e-01 1.280187964e+00 1.213665903e-01 0.000000000e+00 0.000000000e+00 0.000000000e+00 1.000000000e+00
4.228473604e-01 1.491176635e-01 1.192015171e+00 2.453887165e-01 -3.045757711e-01 1.493473202e-01 4.109895229e-01 1.503082663e-01 0.000000000e+00 0.000000000e+00 0.000000000e+00 1.000000000e+00
6.694921851e-01 1.011976004e-01 -3.144007325e-01 2.791807353e-01 3.297837973e-01 1.074221581e-01 -5.373305678e-01 1.669525951e-01 0.000000000e+00 0.000000000e+00 0.000000000e+00 1.000000000e+00
-4.413740039e-01 2.908783406e-02 2.596896291e-01 1.901374757e-02 -9.732416272e-01 2.994060516e-02 1.468281388e+00 -7.353527099e-02 0.000000000e+00 0.000000000e+00 0.000000000e+00 1.000000000e+00
-7.674256563e-01 -2.024267614e-02 1.675940037e+00 -3.011267632e-03 -1.601154089e+00 -2.813512087e-02 2.521909952e+00 -1.956939101e-01 0.000000000e+00 0.000000000e+00 0.000000000e+00 1.000000000e+00
-7.037607431e-01 3.145558387e-02 8.999321461e-01 6.354255974e-02 6.569039077e-02 6.184007227e-02 -1.517093539e+00 7.979761809e-02 0.000000000e+00 0.000000000e+00 0.000000000e+00 1.000000000e+00
-5.479569435e-01 1.969591677e-01 -2.829396725e+00 2.504035234e-01 2.736525536e-01 2.292143106e-01 -2.268683910e+00 1.106756330e-01 0.000000000e+00 0.000000000e+00 0.000000000e+00 1.000000000e+00
7.537101507e-01 9.127099812e-02 9.025313854e-01 4.591434002e-01 1.246666431e+00 6.713156402e-02 8.142475486e-01 3.489579260e-01 0.000000000e+00 0.000000000e+00 0.000000000e+00 1.000000000e+00
3.167220056e-01 1.713012755e-01 1.863142729e+00 3.478880525e-01 -1.859757602e-01 1.004742756e-01 1.357341886e+00 2.384098321e-01 0.000000000e+00 0.000000000e+00 0.000000000e+00 1.000000000e+00
-5.479204282e-02 -1.167029887e-02 1.435696483e+00 6.678958982e-02 -1.003473043e+00 2.890761942e-02 1.008749247e+00 -1.067998111e-01 0.000000000e+00 0.000000000e+00 0.000000000e+00 1.000000000e+00
-8.447428942e-01 -7.322744280e-02 3.791721463e-01 -2.416810840e-01 -1.526181579e+00 -6.510106474e-02 -9.454646707e-01 -3.631827235e-01 0.000000000e+00 0.000000000e+00 0.000000000e+00 1.000000000e+00
-6.900581121e-01 -2.039943039e-01 -1.595072746e+00 -2.862545550e-01 -5.094245672e-01 -1.918826401e-01 -1.783712506e+00 -3.960331380e-01 0.000000000e+00 0.000000000e+00 0.000000000e+00 1.000000000e+00
4.369645715e-01 -3.909949958e-01 -3.880985379e-01 -1.540456265e-01 6.240355372e-01 -3.917889297e-01 -7.540735602e-01 -1.982088983e-01 0.000000000e+00 0.000000000e+00 0.000000000e+00 1.000000000e+00
7.456555963e-01 -5.859044790e-01 -3.095177114e-01 -3.774197996e-01 -3.954153359e-01 -5.652598143e-01 4.870291352e-01 -6.314306259e-01 0.000000000e+00 0.000000000e+00 0.000000000e+00 1.000000000e+00
4.375635087e-02 -7.134820223e-01 2.295509815e+00 -6.460815072e-01 -1.196807325e-01 -7.494713664e-01 1.584620476e+00 -5.773682594e-01 0.000000000e+00 0.000000000e+00 0.000000000e+00 1.000000000e+00
-4.010094106e-01 -7.844824195e-01 2.268683910e-01 -6.483373642e-01 -5.146077275e-01 -7.712495923e-01 -1.850388050e+00 -9.040822387e-01 0.000000000e+00 0.000000000e+00 0.000000000e+00 1.000000000e+00
-1.923292875e-01 -4.856701195e-01 -1.333461046e+00 -4.472364783e-01 -3.861412108e-01 -4.478558004e-01 2.428878248e-01 -5.332795978e-01 0.000000000e+00 0.000000000e+00 0.000000000e+00 1.000000000e+00
-4.270603657e-01 -4.292441308e-01 2.650811672e+00 -4.306114316e-01 -8.377981782e-01 -4.504739642e-01 9.897139072e-01 -4.109345376e-01 0.000000000e+00 0.000000000e+00 0.000000000e+00 1.000000000e+00
-1.890197694e-01 -3.364124298e-01 -4.830013514e-01 -3.200096488e-01 -3.864411712e-01 -3.262474537e-01 -2.731424809e+00 -3.082295060e-01 0.000000000e+00 0.000000000e+00 0.000000000e+00 1.000000000e+00
-4.724462628e-01 -4.137019515e-01 -2.635672092e+00 -4.003455341e-01 -3.372839987e-01 -4.326219261e-01 3.949083090e-01 -4.824949801e-01 0.000000000e+00 0.000000000e+00 0.000000000e+00 1.000000000e+00
2.494402230e-01 -4.365728199e-01 2.631517172e+00 -2.324894071e-01 1.114878535e+00 -4.826076031e-01 1.967129111e+00 -9.698216617e-02 0.000000000e+00 0.000000000e+00 0.000000000e+00 1.000000000e+00
-2.921005487e-01 -3.928326964e-01 -1.317847610e+00 -8.555570990e-02 -5.110116601e-01 -3.559078276e-01 -2.915921926e+00 -2.801489830e-01 0.000000000e+00 0.000000000e+00 0.000000000e+00 1.000000000e+00
-7.532368898e-01 -4.787651002e-01 -1.900034070e+00 -4.172539413e-01 4.480676949e-01 -5.020716786e-01 6.943297982e-01 -2.672806382e-01 0.000000000e+00 0.000000000e+00 0.000000000e+00 1.000000000e+00
3.695561886e-01 -4.662755132e-01 2.253262758e+00 -6.549707800e-02 9.404633641e-01 -5.388270020e-01 2.106838942e+00 -1.339430511e-01 0.000000000e+00 0.000000000e+00 0.000000000e+00 1.000000000e+00
-5.040295124e-01 -6.127973199e-01 8.523756266e-01 -7.234491706e-01 -1.413369894e+00 -5.237175822e-01 -6.809300780e-01 -7.411842346e-01 0.000000000e+00 0.000000000e+00 0.000000000e+00 1.000000000e+00
-2.313334942e-01 -3.779172003e-01 -1.555413842e+00 -1.598926038e-01 -3.896725178e-01 -3.261863887e-01 -2.223255396e+00 -2.651053667e-01 0.000000000e+00 0.000000000e+00 0.000000000e+00 1.000000000e+00
-9.165229201e-01 -2.651072145e-01 -2.479717493e+00 -3.713144362e-01 -1.344362617e+00 -2.629429400e-01 7.635144144e-02 -4.577610493e-01 0.000000000e+00 0.000000000e+00 0.000000000e+00 1.000000000e+00
4.927781224e-02 -4.487625957e-01 2.154585838e+00 -4.135325551e-01 7.696384788e-01 -5.456378460e-01 2.193458557e+00 -3.242148161e-01 0.000000000e+00 0.000000000e+00 0.000000000e+00 1.000000000e+00
-5.618136525e-01 -3.455106020e-01 7.748593688e-01 -4.450584650e-01 -1.253503680e+00 -2.992669642e-01 -1.418293357e+00 -5.351023078e-01 0.000000000e+00 0.000000000e+00 0.000000000e+00 1.000000000e+00
-5.365083218e-01 -2.609394193e-01 -8.942698240e-01 -3.325146735e-01 -1.964499354e-01 -2.212959081e-01 9.376078248e-01 -3.529848456e-01 0.000000000e+00 0.000000000e+00 0.000000000e+00 1.000000000e+00
-4.932237267e-01 -3.480004966e-01 2.112792969e+00 -4.472359121e-01 -2.901493311e-01 -3.728357553e-01 2.301158190e+00 -3.428825140e-01 0.000000000e+00 0.000000000e+00 0.000000000e+00 1.000000000e+00
-1.544233263e-01 -5.066039562e-01 7.784731686e-02 -5.723047256e-01 -1.013904095e+00 -5.463119149e-01 -1.044575214e+00 -6.045883298e-01 0.000000000e+00 0.000000000e+00 0.000000000e+00 1.000000000e+00
-7.618687153e-01 -4.637199938e-01 -2.188928425e-02 -5.364313722e-01 -1.040137291e+00 -4.749790430e-01 4.040847719e-02 -4.830996990e-01 0.000000000e+00 0.000000000e+00 0.000000000e+00 1.000000000e+00
-4.684247971e-01 -4.182054996e-01 4.017702341e-01 -3.648783565e-01 -7.601959705e-01 -4.181765318e-01 -4.296907187e-01 -2.702445984e-01 0.000000000e+00 0.000000000e+00 0.000000000e+00 1.000000000e+00
-8.236678839e-01 -3.831041753e-01 -3.318749964e-01 -2.902998924e-01 -7.959315181e-01 -3.902091682e-01 -1.218782961e-01 -2.152459174e-01 0.000000000e+00 0.000000000e+00 0.000000000e+00 1.000000000e+00
-6.014528275e-01 -6.412749887e-01 1.042119145e+00 -4.720965922e-01 -2.663416266e-01 -6.138915420e-01 1.485698223e+00 -4.259865582e-01 0.000000000e+00 0.000000000e+00 0.000000000e+00 1.000000000e+00
-5.265437365e-01 -5.374679565e-01 1.704293728e+00 -5.100045204e-01 -5.540367365e-01 -5.486752987e-01 -1.098427296e+00 -3.726259470e-01 0.000000000e+00 0.000000000e+00 0.000000000e+00 1.000000000e+00
-3.945930600e-01 -2.321280986e-01 -2.328246117e+00 -9.882532060e-02 -7.471407652e-01 -1.461151689e-01 -3.042219639e+00 -1.676625907e-01 0.000000000e+00 0.000000000e+00 0.000000000e+00 1.000000000e+00
-7.080195546e-01 -6.017040014e-01 -1.406733036e+00 -5.065935850e-01 -4.883282781e-01 -5.785109997e-01 7.288555503e-01 -5.479844213e-01 0.000000000e+00 0.000000000e+00 0.000000000e+00 1.000000000e+00
-9.809543937e-02 -8.224860430e-01 1.757823586e+00 -3.817943633e-01 -4.512688220e-01 -8.674085140e-01 9.886823297e-01 -5.132998824e-01 0.000000000e+00 0.000000000e+00 0.000000000e+00 1.000000000e+00
-6.178659797e-01 -7.654008865e-01 3.587420285e-01 -4.284617901e-01 -1.359606028e+00 -6.809235811e-01 6.805280596e-02 -6.820983887e-01 0.000000000e+00 0.000000000e+00 0.000000000e+00 1.000000000e+00
-5.800251961e-01 -3.313004076e-01 -3.511049449e-01 -2.443902791e-01 -3.064450026e-01 -3.279854655e-01 1.099892557e-01 -3.787832856e-01 0.000000000e+00 0.000000000e+00 0.000000000e+00 1.000000000e+00
8.129209280e-02 -1.144901291e-01 -1.222785860e-01 2.847295702e-01 -4.672852159e-01 -9.336677194e-02 2.224841714e-02 -1.175296307e-02 0.000000000e+00 0.000000000e+00 0.000000000e+00 1.000000000e+00
-2.266368121e-01 -4.629790038e-02 1.085207224e+00 -1.090748757e-01 -6.820453405e-01 2.747166157e-02 1.205295682e+00 -1.057030782e-01 0.000000000e+00 0.000000000e+00 0.000000000e+00 1.000000000e+00
-5.436175466e-01 8.426523209e-02 6.509165168e-01 -1.371209323e-01 -7.330977917e-01 1.649287790e-01 -3.984273598e-02 -6.746907532e-02 0.000000000e+00 0.000000000e+00 0.000000000e+00 1.000000000e+00
3.996367753e-01 4.658675790e-01 -1.217397332e+00 1.004200429e-01 2.211973965e-01 4.652130306e-01 -2.567544699e+00 1.605829149e-01 0.000000000e+00 0.000000000e+00 0.000000000e+00 1.000000000e+00
1.135364056e+00 6.809350848e-01 -1.570903778e+00 5.182666779e-01 1.203354836e+00 6.934386492e-01 -1.152871966e+00 5.685732365e-01 0.000000000e+00 0.000000000e+00 0.000000000e+00 1.000000000e+00
1.522980690e+00 7.777507305e-01 -2.302882224e-01 8.207640648e-01 1.053511620e+00 8.533827662e-01 6.595096588e-01 7.156938910e-01 0.000000000e+00 0.000000000e+00 0.000000000e+00 1.000000000e+00
9.139676094e-01 1.090841770e+00 1.880472064e+00 9.906101227e-01 -6.034503579e-01 1.231932402e+00 2.258577108e+00 6.932727695e-01 0.000000000e+00 0.000000000e+00 0.000000000e+00 1.000000000e+00
-7.528181076e-01 1.161805630e+00 1.728622794e+00 6.710692644e-01 -6.238094568e-01 1.311357379e+00 1.879127622e-01 7.576967478e-01 0.000000000e+00 0.000000000e+00 0.000000000e+00 1.000000000e+00
9.797852635e-01 1.500795007e+00 -5.930409431e-01 1.301750779e+00 1.306207061e+00 1.594136000e+00 -7.060098648e-01 1.393299460e+00 0.000000000e+00 0.000000000e+00 0.000000000e+00 1.000000000e+00
1.713791728e+00 1.940115213e+00 -8.483240604e-01 2.156043768e+00 1.910783648e+00 2.029508114e+00 -1.121200204e+00 2.547970772e+00 0.000000000e+00 0.000000000e+00 0.000000000e+00 1.000000000e+00
1.634192348e+00 1.890829444e+00 -7.187320590e-01 2.488908052e+00 8.073646426e-01 1.962987065e+00 1.409547627e-01 1.838478565e+00 0.000000000e+00 0.000000000e+00 0.000000000e+00 1.000000000e+00
-7.648985982e-01 1.956749201e+00 7.324268222e-01 1.817875624e+00 -5.275725126e-01 2.055035591e+00 6.494650245e-01 1.507366061e+00 0.000000000e+00 0.000000000e+00 0.000000000e+00 1.000000000e+00
5.865467191e-01 1.691511273e+00 -3.019269109e-01 1.851193666e+00 7.625595927e-01 1.749310374e+00 -3.695702255e-01 1.476427197e+00 0.000000000e+00 0.000000000e+00 0.000000000e+00 1.000000000e+00
1.030378461e+00 1.699748158e+00 -4.958466291e-01 2.648341656e+00 8.877416849e-01 1.782691717e+00 -2.551214933e+00 1.579892755e+00 0.000000000e+00 0.000000000e+00 0.000000000e+00 1.000000000e+00
-6.297637224e-01 2.194043875e+00 -2.983701229e+00 2.381829500e+00 -7.547681928e-01 2.317064524e+00 -3.127554655e+00 1.854196072e+00 0.000000000e+00 0.000000000e+00 0.000000000e+00 1.000000000e+00
-2.742948532e-01 2.542428732e+00 -2.329680681e+00 2.517702818e+00 3.774021268e-01 2.545671940e+00 -2.282814980e+00 2.631767750e+00 0.000000000e+00 0.000000000e+00 0.000000000e+00 1.000000000e+00
-1.146551073e-01 2.942625523e+00 -1.387457132e+00 4.032481670e+00 3.046974540e-01 3.007820368e+00 -1.597586870e+00 2.259295464e+00 0.000000000e+00 0.000000000e+00 0.000000000e+00 1.000000000e+00
-2.552187443e-01 3.289259672e+00 -6.614842415e-01 3.194736004e+00 7.253132761e-02 3.181194544e+00 -8.305542469e-01 2.780822515e+00 0.000000000e+00 0.000000000e+00 0.000000000e+00 1.000000000e+00
-1.233089685e+00 3.004444361e+00 -9.575024843e-01 2.393116474e+00 -3.494971991e-01 2.959241867e+00 -8.575006723e-01 2.013577461e+00 0.000000000e+00 0.000000000e+00 0.000000000e+00 1.000000000e+00
-3.058840632e-01 2.263011217e+00 -8.743863106e-01 2.149722099e+00 2.316821218e-01 2.201356411e+00 -6.329461336e-01 1.877862453e+00 0.000000000e+00 0.000000000e+00 0.000000000e+00 1.000000000e+00
2.442808822e-02 1.564195275e+00 -3.955832124e-01 1.286292076e+00 2.336636186e-03 1.547459722e+00 -3.979227543e-01 1.275655627e+00 0.000000000e+00 0.000000000e+00 0.000000000e+00 1.000000000e+00
-8.238710463e-02 8.839054704e-01 -2.583224773e-01 7.503365278e-01 2.605667710e-01 9.259376526e-01 -9.878032655e-02 7.082121372e-01 0.000000000e+00 0.000000000e+00 0.000000000e+00 1.000000000e+00
4.997212067e-02 5.965324044e-01 -1.234458685e-01 6.283556223e-01 2.007000744e-01 6.346445680e-01 6.598775089e-02 5.796045065e-01 0.000000000e+00 0.000000000e+00 0.000000000e+00 1.000000000e+00
4.242087603e-01 3.879567385e-01 1.348609328e-01 5.475169420e-01 3.514814973e-01 4.053900540e-01 -6.477964520e-01 4.316548705e-01 0.000000000e+00 0.000000000e+00 0.000000000e+00 1.000000000e+00
7.444775105e-01 1.030497551e-01 -8.861336112e-01 3.224379718e-01 6.837379932e-01 1.060412675e-01 -8.600213528e-01 2.576317191e-01 0.000000000e+00 0.000000000e+00 0.000000000e+00 1.000000000e+00
3.199504316e-01 -2.201113105e-02 7.158547640e-01 1.301205754e-01 -1.212897450e-01 2.696211636e-02 1.458909392e+00 1.171876192e-01 0.000000000e+00 0.000000000e+00 0.000000000e+00 1.000000000e+00
1.412927806e-01 -6.452052295e-02 1.219853520e+00 1.476861686e-01 5.119196177e-01 -6.935901195e-02 -6.597829461e-01 1.364383399e-01 0.000000000e+00 0.000000000e+00 0.000000000e+00 1.000000000e+00
2.020983249e-01 7.010238618e-02 -1.637300611e+00 2.171090841e-01 -3.596305847e-02 1.055838391e-01 -1.006358624e+00 2.131480873e-01 0.000000000e+00 0.000000000e+00 0.000000000e+00 1.000000000e+00
3.777527809e-02 4.593311250e-02 -4.733422399e-02 1.110636964e-01 3.580997586e-01 5.521802604e-02 1.073430628e-01 1.671386808e-01 0.000000000e+00 0.000000000e+00 0.000000000e+00 1.000000000e+00
7.985435724e-01 -3.852554783e-02 2.805178761e-01 1.583582759e-01 5.888105631e-01 -5.098339170e-02 5.346804857e-01 1.310671270e-01 0.000000000e+00 0.000000000e+00 0.000000000e+00 1.000000000e+00
8.303388953e-03 -1.596819162e-01 3.896394074e-01 -3.260172904e-02 2.056010664e-01 -1.512527168e-01 4.950756952e-02 -6.145578623e-02 0.000000000e+00 0.000000000e+00 0.000000000e+00 1.000000000e+00
6.626607180e-01 -1.313299239e-01 -4.551966488e-02 4.136305302e-02 2.654410005e-01 -1.342401803e-01 -7.640730143e-01 -7.900383323e-02 0.000000000e+00 0.000000000e+00 0.000000000e+00 1.000000000e+00
5.589565039e-01 -9.326688200e-02 -4.228365123e-01 1.749749482e-01 -4.200199842e-01 -4.103307426e-02 -2.651339769e-01 -4.331202805e-02 0.000000000e+00 0.000000000e+00 0.000000000e+00 1.000000000e+00
2.560439110e-01 -1.297582388e-01 2.434116006e-01 9.765604138e-02 2.516620159e-01 -9.520109743e-02 -1.156383157e-01 3.200933337e-03 0.000000000e+00 0.000000000e+00 0.000000000e+00 1.000000000e+00
1.931140721e-01 -7.581239194e-02 -1.141223609e-01 7.814967632e-02 6.148762703e-01 -7.475742698e-02 6.914013624e-01 3.587558866e-02 0.000000000e+00 0.000000000e+00 0.000000000e+00 1.000000000e+00
2.643845081e-01 -1.898605227e-01 1.009061337e+00 5.641452968e-03 2.293079793e-01 -1.564917564e-01 2.333854139e-02 -1.130625829e-01 0.000000000e+00 0.000000000e+00 0.000000000e+00 1.000000000e+00
-9.517487884e-02 -7.905615866e-02 -8.588867188e-01 -5.168204755e-02 -2.332230508e-01 -6.246112660e-02 -1.443485498e+00 -1.441263855e-01 0.000000000e+00 0.000000000e+00 0.000000000e+00 1.000000000e+00
-4.200703204e-01 -1.153537482e-01 -2.993182242e-01 -1.197462976e-01 1.867744327e-02 -7.087838650e-02 1.052140668e-01 -8.815997839e-02 0.000000000e+00 0.000000000e+00 0.000000000e+00 1.000000000e+00
-7.194712758e-03 -8.306252956e-02 6.141668558e-01 -3.819432482e-02 5.281363428e-02 -5.635104328e-02 1.034159586e-01 -6.491090357e-02 0.000000000e+00 0.000000000e+00 0.000000000e+00 1.000000000e+00
3.776529431e-02 -1.215058789e-01 -3.151699901e-02 -2.967827022e-03 2.283426225e-01 -6.798581779e-02 9.799081087e-02 2.532660961e-03 0.000000000e+00 0.000000000e+00 0.000000000e+00 1.000000000e+00
5.560559034e-01 -3.353385627e-02 2.235131413e-01 8.488729596e-02 7.723257542e-01 -5.870968848e-02 4.515273124e-02 3.610274196e-02 0.000000000e+00 0.000000000e+00 0.000000000e+00 1.000000000e+00
8.143458962e-01 1.036602631e-02 6.544562578e-01 2.686003745e-01 7.232053280e-01 1.657544076e-02 4.285870790e-01 1.909083724e-01 0.000000000e+00 0.000000000e+00 0.000000000e+00 1.000000000e+00
-3.073577285e-01 -1.187008098e-01 -6.102138162e-01 -1.782806218e-02 -9.082794785e-01 -6.559665501e-02 -1.490615010e+00 -1.648890376e-01 0.000000000e+00 0.000000000e+00 0.000000000e+00 1.000000000e+00
-7.672119141e-01 -1.503130198e-01 -1.107987523e+00 -2.320251465e-01 -1.438163072e-01 -8.973580599e-02 -2.815268040e-01 -1.965721697e-01 0.000000000e+00 0.000000000e+00 0.000000000e+00 1.000000000e+00
-2.370200753e-01 -2.962981462e-01 1.418318599e-01 -2.297132611e-01 -3.614831567e-01 -3.139300346e-01 6.305537224e-01 -2.510341704e-01 0.000000000e+00 0.000000000e+00 0.000000000e+00 1.000000000e+00
-5.014516711e-01 -2.175026685e-01 1.065584183e+00 -1.545949727e-01 -2.005513012e-01 -1.977329254e-01 1.923545264e-02 -4.529163986e-02 0.000000000e+00 0.000000000e+00 0.000000000e+00 1.000000000e+00
-4.050058126e-01 -1.201305315e-01 -3.803848624e-01 1.772830635e-02 5.385104567e-02 -1.061268598e-01 8.358569145e-01 2.772773057e-02 0.000000000e+00 0.000000000e+00 0.000000000e+00 1.000000000e+00
1.824513227e-01 -1.965928972e-01 1.013129354e+00 -3.194312379e-02 -3.803299069e-01 -2.023890615e-01 -5.296783447e-01 -7.973909378e-04 0.000000000e+00 0.000000000e+00 0.000000000e+00 1.000000000e+00
-6.698870659e-01 -1.490496099e-01 -4.116904438e-01 -1.142653599e-01 -9.325584769e-01 -1.434529424e-01 6.477093697e-01 -1.701830477e-01 0.000000000e+00 0.000000000e+00 0.000000000e+00 1.000000000e+00
-1.036950469e+00 -4.149226844e-02 6.563290358e-01 -6.538399309e-02 -1.265688300e+00 1.284670085e-02 -4.370262027e-01 -1.101646870e-01 0.000000000e+00 0.000000000e+00 0.000000000e+00 1.000000000e+00
-8.796324730e-01 -5.056753755e-02 -6.146660447e-01 -6.398800015e-02 -6.969131827e-01 1.570441574e-02 -7.574663162e-01 -6.446912885e-02 0.000000000e+00 0.000000000e+00 0.000000000e+00 1.000000000e+00
-2.597612143e-01 -7.377721369e-02 -4.210752845e-01 -3.299678862e-02 -6.279987097e-01 -2.292916179e-02 -1.179432124e-01 -1.457643509e-01 0.000000000e+00 0.000000000e+00 0.000000000e+00 1.000000000e+00
-1.824034750e-01 -1.162075847e-01 2.829778194e-01 -1.022310480e-01 -3.737775087e-01 -6.867838651e-02 2.876296937e-01 -1.682050526e-01 0.000000000e+00 0.000000000e+00 0.000000000e+00 1.000000000e+00
-1.517730355e-01 -1.531675607e-01 2.612117529e-01 -2.092325836e-01 -2.213119268e-01 -1.654168665e-01 9.302961826e-02 -2.430209219e-01 0.000000000e+00 0.000000000e+00 0.000000000e+00 1.000000000e+00
-4.079956412e-01 -1.417929232e-01 3.716461957e-01 -3.122158945e-01 -4.011343122e-01 -1.616995186e-01 1.297932714e-01 -3.197324872e-01 0.000000000e+00 0.000000000e+00 0.000000000e+00 1.000000000e+00
-2.843236625e-01 -9.986782819e-02 1.633223891e-01 -1.769466400e-01 -3.499053121e-01 -1.228840873e-01 5.117400885e-01 -2.161667347e-01 0.000000000e+00 0.000000000e+00 0.000000000e+00 1.000000000e+00
-9.956964105e-02 -1.475636959e-01 7.162166834e-01 -7.567614317e-02 -4.145006537e-01 -2.097865045e-01 5.147545338e-01 -1.672603488e-01 0.000000000e+00 0.000000000e+00 0.000000000e+00 1.000000000e+00
-1.089775190e-01 -1.293106377e-01 2.374194562e-02 -2.017597854e-02 1.443317533e-01 -1.633648723e-01 -2.895934582e-01 -2.810867131e-02 0.000000000e+00 0.000000000e+00 0.000000000e+00 1.000000000e+00
-5.171355605e-02 -6.583082676e-02 -2.568854094e-01 3.564456105e-02 2.030034065e-01 -7.474721968e-02 -3.481478393e-01 -4.390232265e-03 0.000000000e+00 0.000000000e+00 0.000000000e+00 1.000000000e+00
2.534540296e-01 1.819062978e-02 -3.165331781e-01 2.279553413e-01 1.436368674e-01 1.030733436e-02 -6.051034927e-01 8.677834272e-02 0.000000000e+00 0.000000000e+00 0.000000000e+00 1.000000000e+00
-4.163610339e-01 -9.900480509e-03 -5.571805835e-01 -6.672050804e-04 -2.472343892e-01 1.889261603e-02 -4.685596526e-01 5.426801741e-03 0.000000000e+00 0.000000000e+00 0.000000000e+00 1.000000000e+00
-1.188683361e-01 1.615092754e-01 5.373902619e-02 2.410977483e-01 4.680562615e-01 2.028479427e-01 1.630595028e-01 2.939798534e-01 0.000000000e+00 0.000000000e+00 0.000000000e+00 1.000000000e+00
8.807104826e-02 3.256000876e-01 -1.147562265e-02 5.223872662e-01 7.447735965e-02 3.538092077e-01 2.739951313e-01 4.478691220e-01 0.000000000e+00 0.000000000e+00 0.000000000e+00 1.000000000e+00
7.376377583e-01 5.156205893e-01 2.882212698e-01 5.952296853e-01 6.671772599e-01 5.149015784e-01 -2.914537191e-01 5.032351613e-01 0.000000000e+00 0.000000000e+00 0.000000000e+00 1.000000000e+00
9.671682119e-02 6.723721623e-01 -1.962617338e-01 4.759612381e-01 4.025191367e-01 7.414827943e-01 2.457278520e-01 3.768250942e-01 0.000000000e+00 0.000000000e+00 0.000000000e+00 1.000000000e+00
-1.995436847e-01 1.007465959e+00 3.112852275e-01 -2.771023810e-01 8.578377217e-02 1.195907116e+00 1.662788391e-01 -2.006583363e-01 0.000000000e+00 0.000000000e+00 0.000000000e+00 1.000000000e+00
1.508749723e-01 1.287661433e+00 5.642286539e-01 -5.559103489e-01 5.891825557e-01 1.569180369e+00 3.280602396e-02 -9.593860060e-02 0.000000000e+00 0.000000000e+00 0.000000000e+00 1.000000000e+00
2.761846781e-02 1.628238678e+00 2.644115388e-01 -9.753256440e-01 4.772177041e-01 2.053909779e+00 -2.100532353e-01 -3.439379930e-01 0.000000000e+00 0.000000000e+00 0.000000000e+00 1.000000000e+00
-5.812992156e-02 1.872081995e+00 -3.972120583e-03 -4.895055592e-01 1.321385145e+00 2.442735195e+00 -9.430488348e-01 1.382784247e+00 0.000000000e+00 0.000000000e+00 0.000000000e+00 1.000000000e+00
4.076842666e-01 2.903892994e+00 -1.326016784e+00 7.656390667e-01 1.243288517e+00 3.462218761e+00 -1.231954217e+00 5.080435276e+00 0.000000000e+00 0.000000000e+00 0.000000000e+00 1.000000000e+00
8.187820911e-01 3.513553858e+00 -5.251470208e-01 3.052510738e+00 7.642965317e-01 3.665806055e+00 -1.855045557e-02 3.558414221e+00 0.000000000e+00 0.000000000e+00 0.000000000e+00 1.000000000e+00
7.511719465e-01 3.735562563e+00 -1.169193983e-01 4.289787769e+00 7.262976170e-01 3.830716133e+00 -3.053094149e-01 3.873496056e+00 0.000000000e+00 0.000000000e+00 0.000000000e+00 1.000000000e+00
1.487221956e+00 3.481077194e+00 -5.409851074e-01 3.812052965e+00 1.514986396e+00 3.572289944e+00 -7.479038835e-01 3.594954252e+00 0.000000000e+00 0.000000000e+00 0.000000000e+00 1.000000000e+00
1.561102629e+00 3.382582188e+00 -5.287838578e-01 2.884508848e+00 1.504633188e+00 3.427525043e+00 -1.017671585e+00 3.366525412e+00 0.000000000e+00 0.000000000e+00 0.000000000e+00 1.000000000e+00
1.610167980e+00 3.204202175e+00 -1.328347445e+00 2.489201069e+00 1.207109809e+00 3.076914549e+00 -1.207472563e+00 2.148462534e+00 0.000000000e+00 0.000000000e+00 0.000000000e+00 1.000000000e+00
9.721807837e-01 3.255550146e+00 -7.096407413e-01 3.204031467e+00 8.614451289e-01 3.148931980e+00 -2.177371532e-01 2.017824173e+00 0.000000000e+00 0.000000000e+00 0.000000000e+00 1.000000000e+00
-2.161109447e-01 3.102910995e+00 -1.438716948e-01 2.307959557e+00 3.565473557e-01 2.953050852e+00 -1.118937433e-01 2.306665897e+00 0.000000000e+00 0.000000000e+00 0.000000000e+00 1.000000000e+00
2.299629599e-01 2.388778210e+00 -3.737908900e-01 1.867127299e+00 -7.581595778e-01 2.267160892e+00 -5.153792500e-01 1.592983603e+00 0.000000000e+00 0.000000000e+00 0.000000000e+00 1.000000000e+00
-4.535808563e-01 2.059451818e+00 -4.699345231e-01 1.355611324e+00 -9.802773595e-02 1.964096546e+00 -2.589536905e-01 1.336173534e+00 0.000000000e+00 0.000000000e+00 0.000000000e+00 1.000000000e+00
-8.529680371e-01 1.802680135e+00 3.422774374e-01 9.011176229e-01 6.297917366e-01 1.726098657e+00 1.726505756e-01 1.392227650e+00 0.000000000e+00 0.000000000e+00 0.000000000e+00 1.000000000e+00
3.090298474e-01 1.571333289e+00 1.000820547e-01 9.322097301e-01 6.313565969e-01 1.416496992e+00 3.681481481e-01 9.373511076e-01 0.000000000e+00 0.000000000e+00 0.000000000e+00 1.000000000e+00
8.385549784e-01 1.214941621e+00 7.984106541e-01 9.139443636e-01 2.939056754e-01 1.146477938e+00 6.338927150e-01 7.162631154e-01 0.000000000e+00 0.000000000e+00 0.000000000e+00 1.000000000e+00
3.978423774e-01 1.184558630e+00 3.723329306e-01 7.885885239e-01 1.102146626e+00 1.075908899e+00 5.716183782e-01 8.194042444e-01 0.000000000e+00 0.000000000e+00 0.000000000e+00 1.000000000e+00
9.821922779e-01 1.446951389e+00 1.142961144e+00 1.176473975e+00 8.767402172e-01 1.302027941e+00 2.312407345e-01 1.151360989e+00 0.000000000e+00 0.000000000e+00 0.000000000e+00 1.000000000e+00
1.231369376e+00 1.270903707e+00 1.703563631e-01 9.554988742e-01 1.218834996e+00 1.178344727e+00 -1.051286817e+00 9.077954292e-01 0.000000000e+00 0.000000000e+00 0.000000000e+00 1.000000000e+00
5.496574640e-01 8.072399497e-01 -1.364612460e+00 4.569177628e-01 6.127644181e-01 7.594515085e-01 -9.499526024e-01 4.129935801e-01 0.000000000e+00 0.000000000e+00 0.000000000e+00 1.000000000e+00
1.247719824e-01 7.356125116e-01 3.941612840e-01 4.823217690e-01 -1.338034421e-01 6.973632574e-01 1.142500401e+00 4.377520382e-01 0.000000000e+00 0.000000000e+00 0.000000000e+00 1.000000000e+00
4.374372363e-01 6.791989207e-01 8.594497442e-01 4.673109949e-01 -9.063546360e-02 6.110174060e-01 -4.885933399e-01 2.835605145e-01 0.000000000e+00 0.000000000e+00 0.000000000e+00 1.000000000e+00
5.443811417e-01 7.077006698e-01 -5.561616421e-01 6.066510081e-01 1.000193596e+00 6.594569087e-01 8.299583197e-02 5.849161148e-01 0.000000000e+00 0.000000000e+00 0.000000000e+00 1.000000000e+00
6.898028851e-01 4.635215104e-01 1.077850103e+00 2.606074810e-01 4.771460593e-01 3.992229700e-01 2.115955830e+00 2.670971453e-01 0.000000000e+00 0.000000000e+00 0.000000000e+00 1.000000000e+00
8.657999039e-01 3.100616932e-01 1.902555585e+00 3.168017864e-01 7.733931541e-01 2.658517957e-01 7.529462576e-01 3.233753145e-01 0.000000000e+00 0.000000000e+00 0.000000000e+00 1.000000000e+00
2.719083428e-01 9.640187025e-02 -3.113808930e-01 -2.366600931e-02 2.580419779e-01 1.092205495e-01 -5.605499148e-01 -1.700913906e-02 0.000000000e+00 0.000000000e+00 0.000000000e+00 1.000000000e+00
1.213519096e+00 8.990498632e-02 1.022676975e-01 7.265280932e-02 1.581215262e-01 5.857855082e-02 -2.908649296e-02 -6.703177094e-02 0.000000000e+00 0.000000000e+00 0.000000000e+00 1.000000000e+00
1.730272472e-01 3.422373161e-02 -1.287750155e-01 7.305003703e-03 7.478079796e-01 -9.844526649e-04 -3.359748125e-01 7.301901281e-02 0.000000000e+00 0.000000000e+00 0.000000000e+00 1.000000000e+00
1.023969769e+00 -2.210015804e-02 3.115428090e-01 9.933912754e-02 9.821307659e-02 -6.431573629e-02 3.770602643e-01 1.412697136e-02 0.000000000e+00 0.000000000e+00 0.000000000e+00 1.000000000e+00
9.447963536e-02 1.459419541e-02 -3.841795921e-01 4.053042084e-02 -5.709014833e-03 -2.113223821e-02 -2.110065967e-01 3.539578617e-02 0.000000000e+00 0.000000000e+00 0.000000000e+00 1.000000000e+00
1.936782002e-01 2.519813925e-02 5.188611746e-01 8.559948206e-02 6.664502621e-02 -1.004678011e-02 -3.383346498e-01 -1.675032079e-02 0.000000000e+00 0.000000000e+00 0.000000000e+00 1.000000000e+00
-2.312846780e-01 8.049142361e-02 -4.207154214e-01 9.879887849e-02 -6.278364360e-02 1.032588333e-01 -5.765183270e-02 -1.414377987e-02 0.000000000e+00 0.000000000e+00 0.000000000e+00 1.000000000e+00
3.525006175e-01 8.127285540e-02 2.903959453e-01 1.565309465e-01 -7.201114297e-02 1.127737910e-01 -2.817121446e-01 2.442395687e-02 0.000000000e+00 0.000000000e+00 0.000000000e+00 1.000000000e+00
-1.636025608e-01 -1.891158894e-02 -8.780611753e-01 8.007120341e-03 -3.170047402e-01 3.074854612e-04 1.847830266e-01 -4.082387686e-02 0.000000000e+00 0.000000000e+00 0.000000000e+00 1.000000000e+00
-2.054964453e-01 1.524938196e-01 3.312924802e-01 2.172706872e-01 -3.104537725e-02 1.795496047e-01 -3.075760007e-01 2.048126161e-01 0.000000000e+00 0.000000000e+00 0.000000000e+00 1.000000000e+00
-7.715684175e-01 1.417564452e-01 -5.199873447e-01 -4.789872468e-02 -4.807461798e-02 1.411696672e-01 -7.855004668e-01 -6.006646156e-02 0.000000000e+00 0.000000000e+00 0.000000000e+00 1.000000000e+00
-7.128350735e-01 1.547967046e-01 -2.633984685e-01 -2.322249413e-01 -4.167387187e-01 1.285180748e-01 -7.721670270e-01 -2.033069134e-01 0.000000000e+00 0.000000000e+00 0.000000000e+00 1.000000000e+00
-4.694521725e-01 -3.316216171e-03 -6.529781222e-01 -5.382367969e-01 -3.384404182e-01 -4.593224823e-02 -6.233827472e-01 -4.532913268e-01 0.000000000e+00 0.000000000e+00 0.000000000e+00 1.000000000e+00
-3.489019573e-01 -1.568464935e-02 -1.055079997e-01 -1.940892488e-01 -1.891977787e-01 -2.531802654e-02 -5.484206676e-01 -1.714880466e-01 0.000000000e+00 0.000000000e+00 0.000000000e+00 1.000000000e+00
3.434517682e-01 4.398976266e-02 -9.159553051e-01 5.119284615e-02 -7.996381074e-02 3.696266189e-02 -8.229767680e-01 3.499700129e-02 0.000000000e+00 0.000000000e+00 0.000000000e+00 1.000000000e+00
-3.606010079e-01 -7.286660373e-03 -5.983872414e-01 -1.292793751e-01 -1.935220808e-01 -2.205607295e-02 -9.442768246e-02 -1.459964216e-01 0.000000000e+00 0.000000000e+00 0.000000000e+00 1.000000000e+00
-3.186170459e-01 -6.425123662e-02 5.518446565e-01 -1.190890372e-01 -3.781225085e-01 -2.985934168e-02 2.775622010e-01 -1.286999583e-01 0.000000000e+00 0.000000000e+00 0.000000000e+00 1.000000000e+00
-3.056730032e-01 -1.008017510e-01 -3.201411366e-01 -8.059385419e-02 -6.595640182e-01 -4.121971130e-02 -9.043911695e-01 -8.763930202e-02 0.000000000e+00 0.000000000e+00 0.000000000e+00 1.000000000e+00
-1.097700447e-01 -1.266393065e-01 -6.854619384e-01 -1.546148062e-01 -4.835125804e-01 -3.236714005e-02 -5.590989590e-01 -2.154823542e-01 0.000000000e+00 0.000000000e+00 0.000000000e+00 1.000000000e+00
-4.554256797e-01 -1.141196042e-01 -1.308299601e-02 -8.164082468e-02 -7.308810949e-01 -6.430459023e-02 -1.499648094e-01 -1.428114176e-01 0.000000000e+00 0.000000000e+00 0.000000000e+00 1.000000000e+00
-3.725602031e-01 -1.340406537e-01 -2.933590114e-02 -4.565828666e-02 -6.807692647e-01 -1.331815124e-01 -4.439888000e-01 -1.507933140e-01 0.000000000e+00 0.000000000e+00 0.000000000e+00 1.000000000e+00
-5.446467996e-01 -9.861443937e-02 1.750762016e-01 -2.490308136e-02 -2.445024848e-01 -1.271418035e-01 -8.272930980e-02 -1.531375945e-02 0.000000000e+00 0.000000000e+00 0.000000000e+00 1.000000000e+00
-1.295550168e-02 -4.698899761e-02 3.808523118e-01 1.484697312e-01 -4.068594426e-02 -7.832156867e-02 1.728519797e-01 1.011944711e-01 0.000000000e+00 0.000000000e+00 0.000000000e+00 1.000000000e+00
-2.763071060e-01 -1.829256117e-02 1.067045480e-01 1.608466208e-01 -1.549015492e-01 -4.709410667e-02 1.767884642e-01 1.115989313e-01 0.000000000e+00 0.000000000e+00 0.000000000e+00 1.000000000e+00
-2.971492410e-01 7.071419805e-02 1.067492485e+00 1.618521065e-01 -5.225704908e-01 8.445921540e-02 8.278452158e-01 1.363817304e-01 0.000000000e+00 0.000000000e+00 0.000000000e+00 1.000000000e+00
2.301306278e-01 1.119919047e-01 6.378836036e-01 1.110390723e-01 -3.969690800e-01 1.342538744e-01 -3.609143496e-01 6.870158017e-02 0.000000000e+00 0.000000000e+00 0.000000000e+00 1.000000000e+00
-4.759758711e-03 1.575614065e-01 -5.645639896e-01 -3.583490849e-02 1.445212662e-01 1.299167126e-01 -9.263248444e-01 -2.282855660e-02 0.000000000e+00 0.000000000e+00 0.000000000e+00 1.000000000e+00
-6.507302821e-02 1.002918854e-01 -7.971373200e-02 -1.015141010e-01 1.653452814e-01 1.376848817e-01 -2.473256886e-01 -5.702483654e-02 0.000000000e+00 0.000000000e+00 0.000000000e+00 1.000000000e+00
-1.076528579e-01 2.652825117e-01 1.456706822e-01 6.320860982e-02 1.531109065e-01 2.773553729e-01 7.045533508e-03 1.114493161e-01 0.000000000e+00 0.000000000e+00 0.000000000e+00 1.000000000e+00
1.789676845e-01 1.085345596e-01 -3.424769938e-01 7.640084624e-02 2.369244844e-01 1.264828146e-01 3.775386810e-01 7.460618764e-02 0.000000000e+00 0.000000000e+00 0.000000000e+00 1.000000000e+00
6.179655194e-01 -9.220571816e-02 2.229840606e-01 5.647879839e-02 -1.278237998e-02 -1.128638089e-01 6.222620234e-02 -4.315689579e-02 0.000000000e+00 0.000000000e+00 0.000000000e+00 1.000000000e+00
3.601216972e-01 -3.072504997e-01 -6.483196020e-01 -1.473267078e-01 2.207682729e-01 -3.102954328e-01 -1.360686302e+00 -1.647729576e-01 0.000000000e+00 0.000000000e+00 0.000000000e+00 1.000000000e+00
8.720605969e-01 -4.458149374e-01 -5.192001462e-01 -1.789880544e-01 2.980377376e-01 -4.712023735e-01 1.441503763e-01 -3.820305765e-01 0.000000000e+00 0.000000000e+00 0.000000000e+00 1.000000000e+00
3.056209087e-01 -6.356280446e-01 1.860027909e-01 -3.670898378e-01 5.244697630e-02 -6.271473169e-01 -3.999558389e-01 -4.565891922e-01 0.000000000e+00 0.000000000e+00 0.000000000e+00 1.000000000e+00
7.929578424e-02 -9.336717129e-01 -7.041680217e-01 -6.019110084e-01 3.698708415e-01 -8.749523163e-01 -1.180534005e+00 -5.687951446e-01 0.000000000e+00 0.000000000e+00 0.000000000e+00 1.000000000e+00
1.581113040e-01 -1.653687954e+00 -7.154206634e-01 -9.789060354e-01 8.162036538e-02 -1.739810467e+00 -4.049464464e-01 -1.037240505e+00 0.000000000e+00 0.000000000e+00 0.000000000e+00 1.000000000e+00
-2.809398472e-01 -2.615999460e+00 -3.040007353e-01 -1.183524251e+00 -7.223588228e-01 -2.760335445e+00 -9.276019037e-02 -1.720910549e+00 0.000000000e+00 0.000000000e+00 0.000000000e+00 1.000000000e+00
-9.306211472e-01 -3.197955608e+00 -1.894841641e-01 -1.525215387e+00 -9.609839320e-01 -3.256770849e+00 5.362495780e-02 -1.958273411e+00 0.000000000e+00 0.000000000e+00 0.000000000e+00 1.000000000e+00
-1.213057518e+00 -3.537652493e+00 1.615149230e-01 -2.790677786e+00 -6.779348254e-01 -3.630028486e+00 -1.671328694e-01 -1.890578628e+00 0.000000000e+00 0.000000000e+00 0.000000000e+00 1.000000000e+00
-2.596530318e-01 -3.680161715e+00 -6.515190601e-01 -1.334639668e+00 -9.240933657e-01 -3.792356491e+00 -7.409831285e-01 -3.297302961e+00 0.000000000e+00 0.000000000e+00 0.000000000e+00 1.000000000e+00
-1.314436316e+00 -3.775659084e+00 -1.278566480e+00 -1.964504004e+00 -1.459553123e+00 -3.836761475e+00 -7.063447237e-01 -2.364373207e+00 0.000000000e+00 0.000000000e+00 0.000000000e+00 1.000000000e+00
-1.487754107e+00 -3.370654821e+00 -5.800954103e-01 -2.786081553e+00 -7.952594161e-01 -3.438250303e+00 -8.928385973e-01 -2.505426407e+00 0.000000000e+00 0.000000000e+00 0.000000000e+00 1.000000000e+00
-1.200851083e+00 -3.542214632e+00 -1.602496982e+00 -2.222975731e+00 -1.383398771e+00 -3.568383455e+00 -1.769754648e+00 -3.178412914e+00 0.000000000e+00 0.000000000e+00 0.000000000e+00 1.000000000e+00
-1.395220876e+00 -3.171588659e+00 -1.327656150e+00 -2.274381161e+00 -7.605758905e-01 -3.148498058e+00 -8.009197712e-01 -2.235617876e+00 0.000000000e+00 0.000000000e+00 0.000000000e+00 1.000000000e+00
-1.071050525e+00 -3.217554808e+00 -4.674011767e-01 -2.316717863e+00 -3.215924203e-01 -3.155812263e+00 2.346994877e-01 -1.690739393e+00 0.000000000e+00 0.000000000e+00 0.000000000e+00 1.000000000e+00
-9.353574514e-01 -2.996408224e+00 1.379356533e-01 -2.011062860e+00 -1.104568481e+00 -2.933213949e+00 4.939782619e-01 -2.120502949e+00 0.000000000e+00 0.000000000e+00 0.000000000e+00 1.000000000e+00
-2.229303122e+00 -2.208603621e+00 -1.890267730e-01 -1.886931896e+00 -2.094284058e+00 -2.086052418e+00 -7.201535702e-01 -1.907926798e+00 0.000000000e+00 0.000000000e+00 0.000000000e+00 1.000000000e+00
-1.406237125e+00 -1.503282666e+00 -7.217904329e-01 -1.227084398e+00 -1.361212879e-01 -1.444580913e+00 -7.146143317e-01 -1.008974552e+00 0.000000000e+00 0.000000000e+00 0.000000000e+00 1.000000000e+00
-2.629224062e-01 -1.083613396e+00 -2.030814588e-01 -8.795450926e-01 -3.245549500e-01 -1.118540764e+00 7.249163389e-01 -9.279327393e-01 0.000000000e+00 0.000000000e+00 0.000000000e+00 1.000000000e+00
-8.904114962e-01 -8.051335216e-01 8.486754894e-01 -8.426483870e-01 5.119878799e-02 -8.167591691e-01 5.881789327e-01 -6.735771894e-01 0.000000000e+00 0.000000000e+00 0.000000000e+00 1.000000000e+00
1.125100613e+00 -3.957232237e-01 5.155154467e-01 -1.455226690e-01 1.751917452e-01 -4.074557424e-01 2.112806290e-01 -3.180472553e-01 0.000000000e+00 0.000000000e+00 0.000000000e+00 1.000000000e+00
1.210923493e-02 -1.570486724e-01 1.460548490e-01 -1.057844013e-01 1.366347522e-01 -1.645001024e-01 5.022488236e-01 -1.282567531e-01 0.000000000e+00 0.000000000e+00 0.000000000e+00 1.000000000e+00
2.292214036e-01 -2.586915493e-01 7.118054628e-01 -9.946262836e-02 1.092644811e+00 -2.662872672e-01 4.278899729e-01 4.034301639e-02 0.000000000e+00 0.000000000e+00 0.000000000e+00 1.000000000e+00
4.816446602e-01 -3.068115711e-01 3.849850893e-01 -1.313987672e-01 -9.504600614e-02 -3.261146247e-01 -4.773926139e-01 -1.916815042e-01 0.000000000e+00 0.000000000e+00 0.000000000e+00 1.000000000e+00
-5.605076551e-01 -3.663792908e-01 -1.743936688e-01 -3.597767055e-01 -4.605702758e-01 -3.441908062e-01 -1.051483154e-01 -3.025059998e-01 0.000000000e+00 0.000000000e+00 0.000000000e+00 1.000000000e+00
-5.191535354e-01 -2.614433169e-01 2.323763818e-01 -2.617751956e-01 -7.036817074e-01 -2.899921536e-01 6.472456455e-01 -2.651974857e-01 0.000000000e+00 0.000000000e+00 0.000000000e+00 1.000000000e+00
2.265533507e-01 -1.147750914e-01 2.429689914e-01 -4.161678255e-02 7.562695742e-01 -1.496513486e-01 -6.620990038e-01 2.974107862e-02 0.000000000e+00 0.000000000e+00 0.000000000e+00 1.000000000e+00
-1.913731098e-01 -2.445277870e-01 -1.152872205e+00 -1.039924026e-01 -2.948969603e-03 -1.623724252e-01 -9.921199679e-01 -6.985715777e-02 0.000000000e+00 0.000000000e+00 0.000000000e+00 1.000000000e+00
3.060150146e-01 -1.995353699e-01 -4.628849030e-01 5.813486129e-02 -6.981048584e-01 -1.629019529e-01 -4.550282955e-01 -8.272844553e-02 0.000000000e+00 0.000000000e+00 0.000000000e+00 1.000000000e+00
-7.228800654e-01 -6.668163836e-02 -6.421973109e-01 -1.303521097e-01 -1.044765592e+00 -2.660510689e-02 -1.280266404e+00 -1.762387156e-01 0.000000000e+00 0.000000000e+00 0.000000000e+00 1.000000000e+00
-9.219834805e-01 -7.084522396e-02 -2.214522809e-01 -8.763770759e-02 2.898477614e-01 -5.985290557e-02 1.659839988e+00 -4.778993875e-02 0.000000000e+00 0.000000000e+00 0.000000000e+00 1.000000000e+00
6.613036394e-01 -1.641404331e-01 1.100879192e+00 2.414204776e-01 5.097869635e-01 -1.805226803e-01 2.433227748e-02 1.808509976e-01 0.000000000e+00 0.000000000e+00 0.000000000e+00 1.000000000e+00
1.204246283e-02 1.168995164e-02 -9.378635883e-01 3.672340512e-02 -8.861759305e-01 -3.257714212e-03 2.770101428e-01 -1.023378819e-01 0.000000000e+00 0.000000000e+00 0.000000000e+00 1.000000000e+00
-8.066472411e-01 -1.267044693e-01 -2.455354780e-01 -7.918439806e-02 -6.572958082e-02 -1.160975769e-01 -3.771502376e-01 -7.521200925e-03 0.000000000e+00 0.000000000e+00 0.000000000e+00 1.000000000e+00
-1.743554324e-02 -1.480330229e-01 2.245212793e-01 -7.207848877e-02 -1.500264555e-01 -1.460198909e-01 9.686164260e-01 -6.957244873e-02 0.000000000e+00 0.000000000e+00 0.000000000e+00 1.000000000e+00
-9.123216569e-02 -1.407575160e-01 7.651310563e-01 -7.957849652e-02 4.548233375e-02 -1.431647539e-01 7.445427030e-02 5.510911345e-03 0.000000000e+00 0.000000000e+00 0.000000000e+00 1.000000000e+00
-1.134358346e-01 -2.154096663e-01 6.453354955e-01 -4.912363365e-02 -5.210115910e-01 -1.827993393e-01 -1.348320127e+00 -6.829973310e-02 0.000000000e+00 0.000000000e+00 0.000000000e+00 1.000000000e+00
-6.075645685e-01 -9.374660999e-02 -1.003346682e+00 -1.124780253e-01 -7.570966482e-01 -5.450130999e-02 5.688017607e-01 -1.225067899e-01 0.000000000e+00 0.000000000e+00 0.000000000e+00 1.000000000e+00
-4.034681916e-01 -9.041379392e-02 1.444474697e+00 -6.788398325e-02 2.602297962e-01 -9.542170912e-02 2.993497252e-01 9.977174550e-02 0.000000000e+00 0.000000000e+00 0.000000000e+00 1.000000000e+00
-5.202432722e-02 4.212174565e-02 -1.833400846e+00 1.300766170e-01 -3.614280522e-01 7.706257701e-02 -1.664101243e+00 1.430288255e-01 0.000000000e+00 0.000000000e+00 0.000000000e+00 1.000000000e+00
-5.900274515e-01 -3.140527755e-03 -3.650071919e-01 2.788302302e-02 -4.946421683e-01 4.902732372e-02 1.152630091e+00 5.748730153e-03 0.000000000e+00 0.000000000e+00 0.000000000e+00 1.000000000e+00
-8.720129728e-01 -4.880718887e-03 1.356670737e+00 4.072245955e-02 -6.006942391e-01 3.233661503e-02 2.731230557e-01 7.975406945e-03 0.000000000e+00 0.000000000e+00 0.000000000e+00 1.000000000e+00
-5.757831335e-01 -1.571333408e-02 -1.444614649e+00 -6.631627679e-02 -9.172243476e-01 4.705194384e-02 -8.714925051e-01 -6.932647526e-02 0.000000000e+00 0.000000000e+00 0.000000000e+00 1.000000000e+00
3.133302927e-01 3.423400223e-02 9.578748941e-01 1.523814499e-01 4.115154743e-01 3.673797846e-02 1.447737694e+00 1.010762453e-01 0.000000000e+00 0.000000000e+00 0.000000000e+00 1.000000000e+00
8.097566962e-01 4.180356860e-02 6.764545441e-01 1.818509996e-01 -3.310749680e-02 4.986061901e-02 -1.250889301e+00 6.446351111e-02 0.000000000e+00 0.000000000e+00 0.000000000e+00 1.000000000e+00
6.325754523e-02 -8.275443688e-04 -1.430991173e+00 -8.764714003e-03 5.681825876e-01 1.347006857e-02 -3.997609615e-01 1.901959628e-02 0.000000000e+00 0.000000000e+00 0.000000000e+00 1.000000000e+00
7.521919012e-01 -1.466550305e-02 3.680855334e-01 7.210581750e-02 5.057363510e-01 -3.552284464e-02 -5.470304489e-01 3.186208010e-02 0.000000000e+00 0.000000000e+00 0.000000000e+00 1.000000000e+00
3.230252564e-01 1.238952950e-02 -7.311329246e-01 1.155249253e-01 3.913826048e-01 5.359120667e-03 -1.219140664e-01 6.622660160e-02 0.000000000e+00 0.000000000e+00 0.000000000e+00 1.000000000e+00
3.909704685e-01 -6.311144680e-03 8.543194532e-01 9.155216813e-02 3.856106997e-01 1.409079134e-02 1.329990983e+00 1.204819828e-01 0.000000000e+00 0.000000000e+00 0.000000000e+00 1.000000000e+00
4.542453587e-01 -9.997220337e-02 5.428137779e-01 -7.521100342e-04 -3.143007159e-01 -1.356219947e-01 -5.214920640e-01 -1.162128225e-01 0.000000000e+00 0.000000000e+00 0.000000000e+00 1.000000000e+00
-2.164153755e-01 -2.372596040e-02 -1.460900068e+00 -8.870762587e-02 -4.416843653e-01 -2.966295928e-02 -1.144105792e+00 -1.089674979e-01 0.000000000e+00 0.000000000e+00 0.000000000e+00 1.000000000e+00
-2.018877417e-01 6.144265644e-03 -1.393200517e+00 -9.622504562e-02 -1.480424106e-01 -2.658776939e-03 -8.837049603e-01 -7.344545424e-02 0.000000000e+00 0.000000000e+00 0.000000000e+00 1.000000000e+00
1.483370960e-01 6.892859191e-02 8.176482916e-01 6.678953022e-02 2.477288097e-01 2.661345899e-02 1.786910057e+00 5.483345687e-02 0.000000000e+00 0.000000000e+00 0.000000000e+00 1.000000000e+00
1.959420741e-01 -7.938604057e-02 -3.799366951e-02 -1.031658426e-02 -1.485857517e-01 -6.672906131e-02 -3.995740414e-01 -1.264590025e-02 0.000000000e+00 0.000000000e+00 0.000000000e+00 1.000000000e+00
-3.404588252e-02 -1.078012288e-01 8.974920511e-01 -1.246102601e-01 -7.049294561e-02 -1.352682412e-01 1.204559445e+00 -1.290770173e-01 0.000000000e+00 0.000000000e+00 0.000000000e+00 1.000000000e+00
-4.091286659e-01 -9.600535035e-03 6.221853495e-01 -2.268087864e-01 -2.047338337e-01 -3.269582242e-02 -7.440698147e-01 -1.492070705e-01 0.000000000e+00 0.000000000e+00 0.000000000e+00 1.000000000e+00
-3.785512149e-01 -6.336503476e-02 -1.150945187e+00 -2.470560074e-01 6.109149456e-01 -1.269322932e-01 -1.190131783e+00 -1.425082535e-01 0.000000000e+00 0.000000000e+00 0.000000000e+00 1.000000000e+00
-1.703093797e-01 -9.322676808e-02 2.807605267e-01 -1.161297709e-01 5.554425120e-01 -1.283695400e-01 2.589964867e+00 -9.945273399e-02 0.000000000e+00 0.000000000e+00 0.000000000e+00 1.000000000e+00
-6.455367804e-02 -1.580919623e-01 3.135920048e+00 3.056880087e-03 -3.700494394e-02 -1.382906437e-01 4.029408097e-01 5.249354243e-02 0.000000000e+00 0.000000000e+00 0.000000000e+00 1.000000000e+00
-3.184229136e-03 -3.996535018e-02 -1.509806871e+00 9.605470300e-02 -2.554293871e-01 -3.003433347e-03 -2.429032564e+00 1.021038145e-01 0.000000000e+00 0.000000000e+00 0.000000000e+00 1.000000000e+00
-9.305788875e-01 -6.253454834e-03 -1.799068689e+00 -8.530320227e-02 -3.831767738e-01 3.832255304e-02 -1.260651588e+00 -9.773786366e-02 0.000000000e+00 0.000000000e+00 0.000000000e+00 1.000000000e+00
-5.149328709e-01 4.642466456e-02 4.650922418e-01 9.755000472e-03 -6.884433031e-01 6.551391631e-02 -1.372137368e-01 -5.220872164e-02 0.000000000e+00 0.000000000e+00 0.000000000e+00 1.000000000e+00
-4.343085885e-01 3.627375886e-02 -3.215242326e-01 1.824454963e-02 -1.514867395e-01 5.229886621e-02 1.358843327e+00 1.909527183e-02 0.000000000e+00 0.000000000e+00 0.000000000e+00 1.000000000e+00
4.392043352e-01 7.772684842e-02 3.436747551e+00 9.643246233e-02 -3.173755407e-01 7.594883442e-02 9.060785174e-01 6.714934111e-02 0.000000000e+00 0.000000000e+00 0.000000000e+00 1.000000000e+00
-1.214217663e+00 1.116407439e-01 -1.169923186e+00 -8.937601000e-02 -2.044507980e+00 1.629698426e-01 -2.305320740e+00 -1.278885901e-01 0.000000000e+00 0.000000000e+00 0.000000000e+00 1.000000000e+00
-5.937035084e-01 5.333350599e-02 -2.314027309e+00 9.721037000e-02 2.858826816e-01 9.793461859e-02 -1.667307973e+00 1.936573386e-01 0.000000000e+00 0.000000000e+00 0.000000000e+00 1.000000000e+00
-5.078711510e-01 7.920122147e-02 -2.456705123e-01 2.657358050e-01 1.041903019e+00 5.537071824e-02 2.779601574e+00 1.760971248e-01 0.000000000e+00 0.000000000e+00 0.000000000e+00 1.000000000e+00
6.230683923e-01 1.114078537e-01 4.935494900e+00 1.395845711e-01 1.324911267e-01 7.425267994e-02 2.451806784e+00 6.340458989e-02 0.000000000e+00 0.000000000e+00 0.000000000e+00 1.000000000e+00
5.424569547e-02 1.826519147e-02 -1.989513755e+00 7.458221912e-02 -1.357936859e-02 5.632841587e-02 -3.759620190e+00 1.515452564e-01 0.000000000e+00 0.000000000e+00 0.000000000e+00 1.000000000e+00
-6.389494538e-01 -1.419245899e-01 -2.403335810e+00 -2.668265700e-01 -8.307195306e-01 -1.113354862e-01 -1.880410075e+00 -2.213900983e-01 0.000000000e+00 0.000000000e+00 0.000000000e+00 1.000000000e+00
-6.907228231e-01 -5.028511584e-02 -1.118030667e+00 -1.631592810e-01 -8.867409229e-01 -3.541827202e-03 1.262433290e+00 -2.402607501e-01 0.000000000e+00 0.000000000e+00 0.000000000e+00 1.000000000e+00
-7.289555073e-01 5.577059090e-02 2.462183714e+00 -8.019143343e-02 -2.976377606e-01 1.406161487e-02 2.866185427e+00 -7.317301631e-02 0.000000000e+00 0.000000000e+00 0.000000000e+00 1.000000000e+00
2.184775472e-01 2.750605941e-01 2.361142874e+00 1.898475736e-01 -3.725107014e-02 2.702367902e-01 2.230472803e+00 2.258155793e-01 0.000000000e+00 0.000000000e+00 0.000000000e+00 1.000000000e+00
-2.193315327e-02 2.350109816e-02 9.734560251e-01 -4.843945801e-02 -2.206555307e-01 4.827037454e-03 -1.375379920e+00 -9.584248066e-03 0.000000000e+00 0.000000000e+00 0.000000000e+00 1.000000000e+00
-2.338034362e-01 -5.042086244e-01 -2.463197231e+00 -2.800686657e-01 -4.880404770e-01 -4.688017070e-01 -2.325047016e+00 -2.087150216e-01 0.000000000e+00 0.000000000e+00 0.000000000e+00 1.000000000e+00
-4.459568262e-01 -2.209200859e-01 -1.263145089e+00 -1.528827697e-01 1.873838454e-01 -2.207854241e-01 4.783927500e-01 -9.051756561e-02 0.000000000e+00 0.000000000e+00 0.000000000e+00 1.000000000e+00
1.933146268e-01 -2.408989519e-01 1.491200805e+00 -6.337438524e-02 2.651033998e-01 -2.921970487e-01 2.905925274e+00 -6.046982110e-02 0.000000000e+00 0.000000000e+00 0.000000000e+00 1.000000000e+00
2.435907722e-01 -2.544961125e-02 1.505427241e+00 1.762944907e-01 2.564460933e-01 -1.449109614e-02 2.979260497e-02 1.756620109e-01 0.000000000e+00 0.000000000e+00 0.000000000e+00 1.000000000e+00
-5.525220931e-02 7.227195799e-02 -1.379178882e+00 2.301845327e-02 -1.854860783e-01 7.581277192e-02 -1.239728332e+00 -6.364844739e-02 0.000000000e+00 0.000000000e+00 0.000000000e+00 1.000000000e+00
4.127525091e-01 1.328876913e-01 5.823719501e-01 1.384924203e-01 6.557731628e-01 9.597206116e-02 2.133841276e+00 -9.326636791e-03 0.000000000e+00 0.000000000e+00 0.000000000e+00 1.000000000e+00
-1.393978596e-01 -9.181270748e-02 1.876087666e+00 -1.648867577e-01 -1.063845634e+00 -6.377284229e-02 3.041157722e-01 -1.924772710e-01 0.000000000e+00 0.000000000e+00 0.000000000e+00 1.000000000e+00
-9.061727524e-01 -2.436628342e-01 -1.234578788e-01 -3.461614549e-01 -6.525159478e-01 -2.212295234e-01 5.748223513e-02 -2.569418550e-01 0.000000000e+00 0.000000000e+00 0.000000000e+00 1.000000000e+00
-9.558238387e-01 -2.359810472e-01 -1.381416917e-01 -4.621433020e-01 -2.147074461e+00 -1.306818277e-01 -1.449479222e+00 -5.350699425e-01 0.000000000e+00 0.000000000e+00 0.000000000e+00 1.000000000e+00
-1.035601854e+00 -2.157841027e-01 -2.173736095e+00 -4.300910830e-01 -4.945909381e-01 -1.206490472e-01 -6.363751888e-01 -3.215299845e-01 0.000000000e+00 0.000000000e+00 0.000000000e+00 1.000000000e+00
1.870094836e-01 -1.475249231e-01 7.048430443e-01 -2.376620770e-01 -1.388989091e-01 -1.405669749e-01 1.630219698e+00 -3.358209729e-01 0.000000000e+00 0.000000000e+00 0.000000000e+00 1.000000000e+00
3.709046841e-01 -2.272897959e-01 2.021413326e+00 -1.854028404e-01 -6.436084509e-01 -1.705923229e-01 -5.171389580e-01 -2.695743144e-01 0.000000000e+00 0.000000000e+00 0.000000000e+00 1.000000000e+00
-4.584899843e-01 -9.288781881e-02 -1.205523610e+00 -1.805444956e-01 -1.663959742e+00 2.335644141e-02 -8.846511245e-01 -3.428204656e-01 0.000000000e+00 0.000000000e+00 0.000000000e+00 1.000000000e+00
-8.934569359e-01 3.619513288e-02 1.665715277e-01 -3.316410631e-02 -7.572265863e-01 1.318348050e-01 -3.168877214e-03 -5.736102164e-02 0.000000000e+00 0.000000000e+00 0.000000000e+00 1.000000000e+00
-4.651896358e-01 2.994273603e-01 7.698792219e-01 2.487223148e-01 -3.784722984e-01 4.329547286e-01 1.830500841e+00 2.178870142e-01 0.000000000e+00 0.000000000e+00 0.000000000e+00 1.000000000e+00
-4.167595208e-01 4.775709510e-01 1.911149621e+00 5.342642665e-01 -6.519913077e-01 6.614089012e-01 1.007226110e+00 4.985889196e-01 0.000000000e+00 0.000000000e+00 0.000000000e+00 1.000000000e+00
4.141368866e-01 1.020286679e+00 6.265760660e-01 1.180312395e+00 1.551708579e+00 1.246651769e+00 2.942948639e-01 1.258438706e+00 0.000000000e+00 0.000000000e+00 0.000000000e+00 1.000000000e+00
1.981861591e+00 1.543361068e+00 7.584977150e-01 1.833952546e+00 1.024136305e+00 1.766562223e+00 1.128124475e+00 1.670158982e+00 0.000000000e+00 0.000000000e+00 0.000000000e+00 1.000000000e+00
1.265619546e-01 1.678550720e+00 7.424805164e-01 1.537489057e+00 3.207692504e-01 1.890457869e+00 3.391882479e-01 1.703761220e+00 0.000000000e+00 0.000000000e+00 0.000000000e+00 1.000000000e+00
1.071450233e+00 1.814871430e+00 2.795855999e-01 2.078288794e+00 1.633867741e+00 2.008431196e+00 7.673622370e-01 2.115401745e+00 0.000000000e+00 0.000000000e+00 0.000000000e+00 1.000000000e+00
8.570263386e-01 2.221618176e+00 -6.980524957e-02 2.187405586e+00 6.302140951e-01 2.316449404e+00 -3.351604939e-01 2.166237354e+00 0.000000000e+00 0.000000000e+00 0.000000000e+00 1.000000000e+00
7.356089950e-01 2.118940353e+00 -1.030959189e-03 2.036483765e+00 9.900641441e-01 2.248745680e+00 -5.580132604e-01 2.170228958e+00 0.000000000e+00 0.000000000e+00 0.000000000e+00 1.000000000e+00
3.361650109e-01 2.180671215e+00 -9.203630686e-01 2.065346241e+00 8.624406457e-01 2.270662546e+00 -6.019874215e-01 2.033697844e+00 0.000000000e+00 0.000000000e+00 0.000000000e+00 1.000000000e+00
-1.456429064e-01 2.754970551e+00 -8.135515451e-01 2.317267656e+00 4.639722109e-01 2.792612076e+00 -8.817554712e-01 2.900674820e+00 0.000000000e+00 0.000000000e+00 0.000000000e+00 1.000000000e+00
-3.088666797e-01 2.954339266e+00 -1.007889032e+00 2.424144268e+00 2.203327417e-01 2.954680681e+00 -6.462286115e-01 2.840063334e+00 0.000000000e+00 0.000000000e+00 0.000000000e+00 1.000000000e+00
-8.309475183e-01 3.092274904e+00 2.874210477e-01 3.090575695e+00 -2.034610808e-01 3.167814016e+00 6.766452789e-01 3.021954775e+00 0.000000000e+00 0.000000000e+00 0.000000000e+00 1.000000000e+00
1.136560291e-01 3.038320780e+00 7.247419357e-01 3.253607035e+00 -1.500127017e-01 3.087757111e+00 4.552612305e-01 2.994503498e+00 0.000000000e+00 0.000000000e+00 0.000000000e+00 1.000000000e+00
-5.901964307e-01 3.185748339e+00 -3.514018655e-01 2.819166183e+00 -7.058008909e-01 3.260961771e+00 -7.849730849e-01 3.587695122e+00 0.000000000e+00 0.000000000e+00 0.000000000e+00 1.000000000e+00
-9.498801827e-01 2.736295938e+00 -2.011183202e-01 2.396697521e+00 -4.330292642e-01 2.682765961e+00 -4.420594275e-01 2.526204109e+00 0.000000000e+00 0.000000000e+00 0.000000000e+00 1.000000000e+00
-3.719323277e-01 2.759126663e+00 3.706642240e-02 2.326441765e+00 -9.792283177e-01 2.613327265e+00 8.748170733e-02 2.731490374e+00 0.000000000e+00 0.000000000e+00 0.000000000e+00 1.000000000e+00
-7.962583303e-01 2.183469057e+00 7.182521224e-01 1.586291194e+00 -5.319072008e-01 2.092876911e+00 6.406542659e-01 1.478717089e+00 0.000000000e+00 0.000000000e+00 0.000000000e+00 1.000000000e+00
-6.890542507e-01 1.582426429e+00 1.067491651e+00 1.301616669e+00 4.585303366e-01 1.561763048e+00 -4.244289920e-02 1.119493484e+00 0.000000000e+00 0.000000000e+00 0.000000000e+00 1.000000000e+00
5.913911462e-01 1.289748549e+00 -2.756747007e-01 1.315763235e+00 1.647943616e+00 1.234732866e+00 -7.265301347e-01 1.214657784e+00 0.000000000e+00 0.000000000e+00 0.000000000e+00 1.000000000e+00
1.660278738e-01 1.202445269e+00 4.517085552e-01 8.814431429e-01 1.190079212e+00 1.121454716e+00 -3.736013770e-01 8.801658154e-01 0.000000000e+00 0.000000000e+00 0.000000000e+00 1.000000000e+00
1.106540561e+00 6.500958800e-01 -1.517424881e-01 5.940803885e-01 9.131167531e-01 6.214113235e-01 -1.391884804e+00 5.272435546e-01 0.000000000e+00 0.000000000e+00 0.000000000e+00 1.000000000e+00
8.674328923e-01 3.736566901e-01 -5.766791701e-01 3.647860885e-01 5.870009214e-02 3.242555559e-01 1.519587636e-02 1.626704037e-01 0.000000000e+00 0.000000000e+00 0.000000000e+00 1.000000000e+00
1.245851040e+00 3.485378325e-01 1.127120733e+00 3.362419605e-01 1.744605303e+00 2.814878523e-01 1.155461192e+00 3.632903099e-01 0.000000000e+00 0.000000000e+00 0.000000000e+00 1.000000000e+00
2.133386731e-01 3.511685133e-01 2.447257042e+00 1.802223623e-01 9.273649454e-01 2.831455469e-01 1.427689791e+00 1.954468489e-01 0.000000000e+00 0.000000000e+00 0.000000000e+00 1.000000000e+00
8.394706845e-01 8.768283576e-02 1.017438173e+00 1.258995831e-01 -3.556378484e-01 8.482842147e-02 -1.180475235e+00 -1.432591677e-02 0.000000000e+00 0.000000000e+00 0.000000000e+00 1.000000000e+00
-6.297410727e-01 -3.433278948e-02 -1.561506748e+00 -5.359651521e-02 -2.086724192e-01 -3.182619438e-02 -3.002328634e+00 -1.903829873e-01 0.000000000e+00 0.000000000e+00 0.000000000e+00 1.000000000e+00
-7.670834661e-01 -5.610196665e-02 -2.214777470e+00 -1.165053993e-01 -2.555441558e-01 3.996267915e-02 3.329750299e-01 -1.594836116e-01 0.000000000e+00 0.000000000e+00 0.000000000e+00 1.000000000e+00
5.172592998e-01 8.042544127e-02 2.847963572e+00 2.131229490e-01 9.179042578e-01 6.302075088e-02 1.756252408e+00 2.653124034e-01 0.000000000e+00 0.000000000e+00 0.000000000e+00 1.000000000e+00
5.312588215e-01 -8.540190756e-02 2.455883622e-01 9.676126391e-02 1.264571249e-01 -1.051530540e-01 -1.338756084e+00 3.512927890e-02 0.000000000e+00 0.000000000e+00 0.000000000e+00 1.000000000e+00
-4.639236033e-01 1.169060171e-02 -8.318459988e-01 1.128538176e-01 -1.719127893e-01 -2.382689342e-02 -1.973379731e+00 6.982711703e-02 0.000000000e+00 0.000000000e+00 0.000000000e+00 1.000000000e+00
-4.712083936e-01 -1.760640293e-01 -2.226921082e+00 -2.079015672e-01 -9.679048657e-01 -1.271948218e-01 -6.974931955e-01 -2.729433477e-01 0.000000000e+00 0.000000000e+00 0.000000000e+00 1.000000000e+00
3.558719158e-02 -6.734412163e-02 1.369058371e+00 6.244324148e-03 -1.270376295e-01 -7.904960215e-02 1.471901417e+00 -5.640853196e-03 0.000000000e+00 0.000000000e+00 0.000000000e+00 1.000000000e+00
-1.342545301e-01 -3.769084811e-02 1.275438309e+00 -2.533900440e-01 -4.693472385e-02 -1.515449584e-02 -1.210273027e+00 -2.460583448e-01 0.000000000e+00 0.000000000e+00 0.000000000e+00 1.000000000e+00
-1.891629994e-01 -1.325274557e-01 -1.493764400e+00 -3.083375692e-01 -4.066881835e-01 -4.729856551e-02 -7.569026947e-01 -3.898308873e-01 0.000000000e+00 0.000000000e+00 0.000000000e+00 1.000000000e+00
3.032651544e-01 3.133542836e-03 6.838641763e-01 3.358405828e-02 -7.117952406e-02 -6.318762898e-04 1.525500059e+00 -4.442599416e-02 0.000000000e+00 0.000000000e+00 0.000000000e+00 1.000000000e+00
1.506481171e-01 2.462823689e-02 1.485645294e+00 6.930488348e-02 1.079310656e+00 -7.447732985e-02 2.032305956e+00 6.478182971e-02 0.000000000e+00 0.000000000e+00 0.000000000e+00 1.000000000e+00
3.570907116e-01 -1.491673291e-02 1.721005201e+00 1.465320587e-02 -6.421864033e-02 -6.194233522e-02 -1.553832531e+00 -8.489553630e-02 0.000000000e+00 0.000000000e+00 0.000000000e+00 1.000000000e+00
1.443396956e-01 8.899292350e-02 -1.721756458e+00 3.341325372e-02 -2.089634836e-01 8.180937171e-02 -2.747743428e-01 -1.299384087e-01 0.000000000e+00 0.000000000e+00 0.000000000e+00 1.000000000e+00
-3.237627745e-01 -1.311365068e-01 4.422775507e-01 -2.065785974e-01 3.884322643e-01 -1.715743840e-01 2.017559856e-01 -1.951684803e-01 0.000000000e+00 0.000000000e+00 0.000000000e+00 1.000000000e+00
3.889742494e-02 1.678268611e-02 1.242171973e-01 8.272279799e-02 1.830658913e-01 -1.435939223e-02 3.382610083e-01 8.254170418e-02 0.000000000e+00 0.000000000e+00 0.000000000e+00 1.000000000e+00
5.041799545e-01 -3.266774490e-02 -7.711562514e-02 5.981963873e-02 2.008702010e-01 -7.568261027e-02 -1.390059710e+00 7.085670531e-02 0.000000000e+00 0.000000000e+00 0.000000000e+00 1.000000000e+00
-2.144475579e-01 -4.243400320e-02 -9.691078067e-01 6.642546505e-02 -3.988768160e-01 -8.561050147e-02 3.035447598e-01 3.468241543e-02 0.000000000e+00 0.000000000e+00 0.000000000e+00 1.000000000e+00
-2.501956224e-01 -2.466690540e-02 -5.330675840e-02 -6.174158305e-02 -1.030972242e+00 -2.432853729e-02 -1.214389324e+00 -1.970722824e-01 0.000000000e+00 0.000000000e+00 0.000000000e+00 1.000000000e+00
-7.560481429e-01 2.493113279e-04 -8.467382193e-01 -4.611227661e-02 -3.502529263e-01 -5.520687625e-02 9.319321066e-02 -7.048778236e-03 0.000000000e+00 0.000000000e+00 0.000000000e+00 1.000000000e+00
-3.303790987e-01 5.125135183e-03 3.882717490e-01 5.132935941e-03 -2.298997790e-01 -9.878993034e-03 -2.000471652e-01 -4.106750339e-02 0.000000000e+00 0.000000000e+00 0.000000000e+00 1.000000000e+00
-1.058421731e+00 -5.144213885e-02 5.417048931e-03 -8.173248172e-02 -4.322212040e-01 1.360552758e-02 1.427928805e-01 -7.147297263e-02 0.000000000e+00 0.000000000e+00 0.000000000e+00 1.000000000e+00
-1.820074916e-01 -9.113157541e-02 4.197660089e-02 -1.874804497e-01 -7.386321574e-02 2.526868880e-02 -8.144307137e-01 -2.115122378e-01 0.000000000e+00 0.000000000e+00 0.000000000e+00 1.000000000e+00
-6.459146142e-01 8.741006255e-03 -2.102061212e-01 -2.332904786e-01 -1.200457364e-01 7.774805278e-02 -3.516847193e-01 -1.879844666e-01 0.000000000e+00 0.000000000e+00 0.000000000e+00 1.000000000e+00
6.821393967e-03 1.706838757e-01 -4.364110231e-01 1.670932770e-02 1.022971794e-01 2.633066177e-01 -6.110641956e-01 2.531919628e-02 0.000000000e+00 0.000000000e+00 0.000000000e+00 1.000000000e+00
-3.087085187e-01 1.373876184e-01 -3.847662210e-01 1.081091166e-02 -5.190536976e-01 2.822412848e-01 -2.844811082e-01 -5.412451923e-03 0.000000000e+00 0.000000000e+00 0.000000000e+00 1.000000000e+00
-5.292829275e-01 2.360512614e-01 4.623301327e-01 -9.598417580e-02 -3.286720514e-01 3.820387721e-01 6.940888762e-01 -2.392566204e-02 0.000000000e+00 0.000000000e+00 0.000000000e+00 1.000000000e+00
-2.917817235e-02 3.022113740e-01 8.343892694e-01 -1.104395762e-01 -4.963910580e-02 4.401897192e-01 5.489684343e-01 2.025848627e-02 0.000000000e+00 0.000000000e+00 0.000000000e+00 1.000000000e+00
-3.776416481e-01 4.716233611e-01 8.568778634e-02 2.568713427e-01 -1.338483334e+00 6.678663492e-01 -7.235521823e-02 3.127472699e-01 0.000000000e+00 0.000000000e+00 0.000000000e+00 1.000000000e+00
-5.618409514e-01 9.277635813e-01 3.095600903e-01 5.779941082e-01 -2.653545737e-01 1.068660617e+00 1.511586905e-01 8.361943960e-01 0.000000000e+00 0.000000000e+00 0.000000000e+00 1.000000000e+00
-1.036265939e-01 1.396216393e+00 -3.658880293e-02 1.109222412e+00 3.836339712e-01 1.521213889e+00 1.226131991e-01 1.541276217e+00 0.000000000e+00 0.000000000e+00 0.000000000e+00 1.000000000e+00
-3.755190074e-01 1.598425627e+00 3.055168390e-01 1.545616150e+00 -1.333265901e+00 1.785856247e+00 1.099690080e+00 1.546847939e+00 0.000000000e+00 0.000000000e+00 0.000000000e+00 1.000000000e+00
-1.593610883e+00 2.009861946e+00 1.046077967e+00 1.385345578e+00 -1.571524262e+00 2.111023664e+00 7.787063718e-01 1.486694455e+00 0.000000000e+00 0.000000000e+00 0.000000000e+00 1.000000000e+00
-1.497929811e+00 2.169566870e+00 5.080610514e-01 1.752134681e+00 -1.017584682e+00 2.287596941e+00 5.118744969e-01 1.991949797e+00 0.000000000e+00 0.000000000e+00 0.000000000e+00 1.000000000e+00
-1.388994694e+00 2.389898300e+00 9.157497883e-01 1.816688180e+00 -1.989601374e+00 2.541137457e+00 1.330842137e+00 1.885868907e+00 0.000000000e+00 0.000000000e+00 0.000000000e+00 1.000000000e+00
-1.172119141e+00 2.584650517e+00 1.622804999e-01 1.872409940e+00 4.634042382e-01 2.676714897e+00 -1.083073139e+00 2.533578873e+00 0.000000000e+00 0.000000000e+00 0.000000000e+00 1.000000000e+00
1.261378050e+00 2.693147421e+00 -1.290848494e+00 2.907859325e+00 6.680127978e-01 2.770980120e+00 -1.480402589e+00 2.674380779e+00 0.000000000e+00 0.000000000e+00 0.000000000e+00 1.000000000e+00
-1.820860803e-01 2.789671898e+00 -1.470355392e+00 2.432915449e+00 2.518736124e-01 2.869983673e+00 -6.151986718e-01 3.104233742e+00 0.000000000e+00 0.000000000e+00 0.000000000e+00 1.000000000e+00
-8.611835539e-02 2.857592583e+00 -6.716801226e-02 2.709828854e+00 2.077417523e-01 2.866055727e+00 4.063993096e-01 2.761123896e+00 0.000000000e+00 0.000000000e+00 0.000000000e+00 1.000000000e+00
-3.072960377e-01 2.729727030e+00 1.029537320e+00 2.565407753e+00 -1.570993304e+00 2.852869272e+00 1.613322973e+00 2.544858217e+00 0.000000000e+00 0.000000000e+00 0.000000000e+00 1.000000000e+00
-5.171358585e-01 2.888687611e+00 -3.783535212e-02 2.674636126e+00 1.040788770e+00 2.921452761e+00 -4.870361090e-01 2.599619627e+00 0.000000000e+00 0.000000000e+00 0.000000000e+00 1.000000000e+00
3.226136565e-01 2.520713806e+00 -5.713951588e-01 2.301863432e+00 -7.136550546e-01 2.511716366e+00 -8.136197925e-01 2.797607899e+00 0.000000000e+00 0.000000000e+00 0.000000000e+00 1.000000000e+00
-6.628077030e-01 2.347045898e+00 -1.373347282e+00 2.068983793e+00 -2.683103979e-01 2.278609753e+00 -8.853876591e-01 2.314904213e+00 0.000000000e+00 0.000000000e+00 0.000000000e+00 1.000000000e+00
3.923217952e-01 2.156930923e+00 -5.707951784e-01 2.153915167e+00 5.578236580e-01 1.989845037e+00 -1.103768125e-01 2.148627996e+00 0.000000000e+00 0.000000000e+00 0.000000000e+00 1.000000000e+00
-4.557509422e-01 1.975789785e+00 -2.188291103e-01 1.959870815e+00 -9.982100725e-01 1.934221506e+00 1.398763508e-01 1.713611960e+00 0.000000000e+00 0.000000000e+00 0.000000000e+00 1.000000000e+00
-2.220797241e-01 1.819430113e+00 1.261724234e-01 1.763440013e+00 7.881592512e-01 1.783781886e+00 5.375315547e-01 1.518122315e+00 0.000000000e+00 0.000000000e+00 0.000000000e+00 1.000000000e+00
5.197016597e-01 2.196017265e+00 7.084497809e-01 1.751117349e+00 1.017455459e-01 2.110188723e+00 -5.124210566e-02 2.204617739e+00 0.000000000e+00 0.000000000e+00 0.000000000e+00 1.000000000e+00
2.190811634e-01 1.241358042e+00 -8.069385290e-01 9.269064069e-01 3.331678510e-01 1.165792227e+00 -1.295637608e+00 9.930348396e-01 0.000000000e+00 0.000000000e+00 0.000000000e+00 1.000000000e+00
3.361856043e-01 8.737846613e-01 -1.547136068e+00 7.561783195e-01 -4.116101563e-02 8.509736657e-01 -1.106053591e+00 5.832132101e-01 0.000000000e+00 0.000000000e+00 0.000000000e+00 1.000000000e+00
-4.867024422e-01 2.436060607e-01 -8.803893328e-01 1.058438793e-01 -1.212315932e-01 2.830085754e-01 -4.644776285e-01 9.506738931e-02 0.000000000e+00 0.000000000e+00 0.000000000e+00 1.000000000e+00
1.627822161e+00 -6.640531123e-02 6.816074252e-02 2.844683528e-01 1.515341401e+00 -1.371628642e-01 3.697979152e-01 8.997283131e-02 0.000000000e+00 0.000000000e+00 0.000000000e+00 1.000000000e+00
1.237512946e+00 -5.827043653e-01 5.145719647e-01 -1.467455477e-01 -9.149011970e-01 -6.278986335e-01 1.499116421e-02 -5.410784483e-01 0.000000000e+00 0.000000000e+00 0.000000000e+00 1.000000000e+00
2.786016762e-01 -1.045527577e+00 -7.830932736e-02 -5.703595281e-01 3.697780371e-01 -1.132945538e+00 4.437713623e-01 -6.761087179e-01 0.000000000e+00 0.000000000e+00 0.000000000e+00 1.000000000e+00
8.405185342e-01 -1.517418623e+00 -3.545360565e-01 -5.875944495e-01 -7.155028582e-01 -1.617968798e+00 -8.704605103e-01 -1.165334940e+00 0.000000000e+00 0.000000000e+00 0.000000000e+00 1.000000000e+00
-1.719150096e-01 -1.750215530e+00 -8.095492721e-01 -1.083729148e+00 -5.068215132e-01 -1.835173607e+00 -5.047367513e-02 -1.272698283e+00 0.000000000e+00 0.000000000e+00 0.000000000e+00 1.000000000e+00
-4.911432266e-01 -2.432452917e+00 -3.589599729e-01 -1.230480194e+00 -8.919149637e-01 -2.537122726e+00 4.464890063e-02 -1.521390676e+00 0.000000000e+00 0.000000000e+00 0.000000000e+00 1.000000000e+00
-1.052443266e+00 -2.782169580e+00 -6.462268233e-01 -1.161457419e+00 -1.863690734e+00 -2.787163734e+00 -6.622686982e-01 -1.914414763e+00 0.000000000e+00 0.000000000e+00 0.000000000e+00 1.000000000e+00
-2.439650297e+00 -3.068418741e+00 -1.466640711e+00 -1.566637278e+00 -2.551586390e+00 -2.987954617e+00 -2.056829929e+00 -3.135762691e+00 0.000000000e+00 0.000000000e+00 0.000000000e+00 1.000000000e+00
-2.821323633e+00 -3.136981010e+00 -1.570085287e+00 -2.719978333e+00 -2.421564579e+00 -3.023473978e+00 -1.717401505e+00 -2.362811565e+00 0.000000000e+00 0.000000000e+00 0.000000000e+00 1.000000000e+00
-1.677386403e+00 -2.823333979e+00 -2.468864918e+00 -1.673821926e+00 -1.745695949e+00 -2.771889448e+00 -2.827757835e+00 -2.386935711e+00 0.000000000e+00 0.000000000e+00 0.000000000e+00 1.000000000e+00
-1.936681390e+00 -2.811842680e+00 -2.772572756e+00 -2.050256491e+00 -1.854602218e+00 -2.666275501e+00 -2.212252617e+00 -1.603393674e+00 0.000000000e+00 0.000000000e+00 0.000000000e+00 1.000000000e+00
-1.074465990e+00 -2.900806189e+00 -9.399423599e-01 -2.079316139e+00 -6.670065522e-01 -2.835480690e+00 -1.119793579e-02 -1.618370175e+00 0.000000000e+00 0.000000000e+00 0.000000000e+00 1.000000000e+00
-6.314446926e-01 -3.617593765e+00 -3.840860128e-01 -1.855374575e+00 -5.174840689e-01 -3.556102276e+00 -3.271993399e-01 -2.551543474e+00 0.000000000e+00 0.000000000e+00 0.000000000e+00 1.000000000e+00
-6.255303025e-01 -3.018325329e+00 -1.371348619e+00 -1.707690239e+00 -1.556265950e+00 -2.889090300e+00 -1.262690544e+00 -1.823119879e+00 0.000000000e+00 0.000000000e+00 0.000000000e+00 1.000000000e+00
-1.002034903e+00 -2.921742439e+00 -1.590762258e+00 -2.138066530e+00 -9.616879821e-01 -2.784406662e+00 -3.967389464e-01 -1.610725760e+00 0.000000000e+00 0.000000000e+00 0.000000000e+00 1.000000000e+00
-2.658604383e-01 -2.317004919e+00 2.040032893e-01 -1.617658138e+00 -5.586533546e-01 -2.126708984e+00 6.411167383e-01 -1.551374435e+00 0.000000000e+00 0.000000000e+00 0.000000000e+00 1.000000000e+00
-4.431768060e-01 -2.085828781e+00 5.054005384e-01 -1.464338541e+00 -1.186691284e+00 -1.962596536e+00 3.716433644e-01 -1.462061644e+00 0.000000000e+00 0.000000000e+00 0.000000000e+00 1.000000000e+00
-8.571727276e-01 -9.099868536e-01 4.432742894e-01 -7.783006430e-01 -8.145549297e-01 -9.087305069e-01 1.173681766e-01 -8.103007674e-01 0.000000000e+00 0.000000000e+00 0.000000000e+00 1.000000000e+00
3.668449819e-02 -6.535277963e-01 6.188673973e-01 -5.363010764e-01 -2.764702588e-02 -7.245644331e-01 5.918951035e-01 -4.819561839e-01 0.000000000e+00 0.000000000e+00 0.000000000e+00 1.000000000e+00
-6.369224787e-01 -5.969329476e-01 4.771961570e-01 -7.082959414e-01 -7.956652641e-01 -5.646862984e-01 -1.786472201e-01 -6.531759501e-01 0.000000000e+00 0.000000000e+00 0.000000000e+00 1.000000000e+00
-2.838069201e-01 -1.498443782e-01 -1.788413078e-01 -3.843024373e-01 5.618203878e-01 -1.773772687e-01 -4.172831178e-01 -2.837678194e-01 0.000000000e+00 0.000000000e+00 0.000000000e+00 1.000000000e+00
-8.391956985e-02 1.460075378e-03 2.615161538e-01 -6.007282436e-02 1.399130076e-01 -2.532108873e-02 3.854250610e-01 -8.280268312e-02 0.000000000e+00 0.000000000e+00 0.000000000e+00 1.000000000e+00
3.188505471e-01 -5.603331700e-02 8.106710315e-01 3.017083555e-02 -1.560537517e-01 -8.692768961e-02 2.601214945e-01 5.039674789e-02 0.000000000e+00 0.000000000e+00 0.000000000e+00 1.000000000e+00
-1.134461388e-01 -5.164932087e-02 2.381790578e-01 -2.125006914e-02 -2.118881196e-01 -5.201168358e-02 -1.255861968e-01 2.802525461e-02 0.000000000e+00 0.000000000e+00 0.000000000e+00 1.000000000e+00
2.060049027e-01 -6.479761004e-02 -5.074256063e-01 9.817411751e-02 3.315735161e-01 -1.259937882e-02 -3.087925315e-01 1.806139201e-01 0.000000000e+00 0.000000000e+00 0.000000000e+00 1.000000000e+00
4.755680561e-01 -1.378246993e-01 8.588597178e-02 1.018672809e-01 2.983698249e-01 -1.666458249e-01 -1.743865758e-01 7.059356570e-02 0.000000000e+00 0.000000000e+00 0.000000000e+00 1.000000000e+00
2.345880866e-01 -2.252901644e-01 -5.208303928e-01 -5.090992153e-02 2.479231954e-01 -2.866659164e-01 -7.573109269e-01 -1.132679284e-01 0.000000000e+00 0.000000000e+00 0.000000000e+00 1.000000000e+00
4.032804370e-01 -2.986647487e-01 -5.424647927e-01 -2.495645732e-02 1.240753233e-01 -3.354649544e-01 4.918482900e-01 -1.274481565e-01 0.000000000e+00 0.000000000e+00 0.000000000e+00 1.000000000e+00
2.694869936e-01 -3.046584725e-01 1.217110276e+00 -1.777082495e-02 -3.237574175e-02 -3.941517174e-01 8.732880950e-01 -1.246835887e-01 0.000000000e+00 0.000000000e+00 0.000000000e+00 1.000000000e+00
-1.845109761e-01 -3.113520443e-01 -8.055448532e-01 -1.696698517e-01 8.993361890e-02 -3.637031317e-01 -2.007209301e+00 -2.138345838e-01 0.000000000e+00 0.000000000e+00 0.000000000e+00 1.000000000e+00
-2.645700276e-01 -2.138682157e-01 -1.901055813e+00 -2.146490812e-01 9.501834959e-02 -2.207170129e-01 -9.588271379e-01 -1.847116649e-01 0.000000000e+00 0.000000000e+00 0.000000000e+00 1.000000000e+00
9.690578282e-02 -1.430429220e-01 4.413407445e-01 -9.045432508e-02 -1.323383212e+00 -2.002136558e-01 5.032635331e-01 -4.328532517e-01 0.000000000e+00 0.000000000e+00 0.000000000e+00 1.000000000e+00
-1.254518330e-01 -1.325573772e-02 2.319786102e-01 2.907413617e-02 -1.306124687e+00 -7.012861967e-02 -1.763373762e-01 -9.990729392e-02 0.000000000e+00 0.000000000e+00 0.000000000e+00 1.000000000e+00
-1.192315698e+00 -5.108233169e-02 4.615273476e-01 -1.838790178e-01 -5.957422256e-01 -1.663433015e-02 1.098708734e-01 -4.990316927e-02 0.000000000e+00 0.000000000e+00 0.000000000e+00 1.000000000e+00
-4.924631715e-01 -1.568932831e-02 -8.912062645e-02 -1.031670198e-01 1.668332964e-01 -4.919048399e-02 -2.357429564e-01 -5.829862505e-02 0.000000000e+00 0.000000000e+00 0.000000000e+00 1.000000000e+00
3.026019037e-02 -7.286196947e-02 3.230437636e-02 2.038408369e-01 -6.906652451e-02 -9.295462817e-02 -6.927258372e-01 1.337364018e-01 0.000000000e+00 0.000000000e+00 0.000000000e+00 1.000000000e+00
7.581366897e-01 -1.121971756e-01 -7.311956286e-01 3.308526576e-01 1.087090373e-02 -1.160162836e-01 -1.404106319e-01 1.205349565e-01 0.000000000e+00 0.000000000e+00 0.000000000e+00 1.000000000e+00
1.275216192e-01 -1.389191747e-01 -3.815727234e-01 1.296186745e-01 -4.101523012e-02 -1.211949885e-01 -9.080820680e-01 3.734886646e-03 0.000000000e+00 0.000000000e+00 0.000000000e+00 1.000000000e+00
-7.158462405e-01 -2.783350646e-01 -1.293584824e+00 -3.234842718e-01 -5.390821695e-01 -2.793083191e-01 -1.225724459e+00 -3.227825761e-01 0.000000000e+00 0.000000000e+00 0.000000000e+00 1.000000000e+00
-1.002230167e+00 -2.545350790e-01 -2.844752669e-01 -3.273969591e-01 -6.752904058e-01 -2.682209015e-01 7.917013764e-01 -2.706251144e-01 0.000000000e+00 0.000000000e+00 0.000000000e+00 1.000000000e+00
-9.107606411e-01 -1.907014996e-01 8.440015316e-01 -2.284154594e-01 -9.792841077e-01 -2.339776754e-01 1.110571325e-01 -1.830190569e-01 0.000000000e+00 0.000000000e+00 0.000000000e+00 1.000000000e+00
-1.103673697e+00 -9.067768604e-02 -8.300263882e-01 -1.707374454e-01 -1.182758570e+00 -8.430272341e-02 -1.694388628e+00 -1.185357720e-01 0.000000000e+00 0.000000000e+00 0.000000000e+00 1.000000000e+00
-1.116431952e+00 -1.406352967e-01 -8.184785843e-01 -3.213877678e-01 -1.334666610e+00 -1.580116749e-01 -1.510284692e-01 -3.942691386e-01 0.000000000e+00 0.000000000e+00 0.000000000e+00 1.000000000e+00
-1.439278126e+00 -1.183611825e-01 4.737049937e-01 -2.392001897e-01 -1.093898773e+00 -1.469011009e-01 -1.682705581e-01 -2.365808040e-01 0.000000000e+00 0.000000000e+00 0.000000000e+00 1.000000000e+00
-1.026487112e+00 -1.125079691e-01 9.609518945e-02 -2.019087970e-01 -1.007690787e+00 -9.044824541e-02 -2.772614658e-01 -2.014636695e-01 0.000000000e+00 0.000000000e+00 0.000000000e+00 1.000000000e+00
-7.074700594e-01 -1.304694116e-01 2.411557734e-02 -2.524712086e-01 -4.022088945e-01 -1.016777381e-01 -7.766522169e-01 -1.545827240e-01 0.000000000e+00 0.000000000e+00 0.000000000e+00 1.000000000e+00
-2.729532421e-01 -8.711872250e-02 -6.443908811e-01 -1.397911757e-01 -4.736943245e-01 -3.261072934e-02 -1.162636727e-01 -7.270362973e-02 0.000000000e+00 0.000000000e+00 0.000000000e+00 1.000000000e+00
-1.902270615e-01 -8.241203427e-02 3.517729342e-01 -1.253237426e-01 1.886459291e-01 -4.375001788e-02 4.009064436e-01 -1.437277347e-02 0.000000000e+00 0.000000000e+00 0.000000000e+00 1.000000000e+00
3.449406624e-01 -1.862843335e-02 2.065657824e-01 -7.892975956e-02 1.442897171e-01 -5.536703765e-02 -4.032404721e-01 -1.672318578e-01 0.000000000e+00 0.000000000e+00 0.000000000e+00 1.000000000e+00
-8.163086325e-02 4.321867228e-02 1.416414976e-01 -7.437200844e-02 1.752303541e-01 2.354577929e-02 -1.427982897e-01 -1.313237399e-01 0.000000000e+00 0.000000000e+00 0.000000000e+00 1.000000000e+00
5.526624918e-01 1.584125906e-01 -4.271899462e-01 -6.836714596e-02 6.120154262e-01 1.772588938e-01 -7.570186853e-01 -5.829839408e-02 0.000000000e+00 0.000000000e+00 0.000000000e+00 1.000000000e+00
3.592445254e-01 1.729509234e-01 -4.798446596e-01 -8.385083824e-02 1.692093015e-01 2.065480798e-01 -5.813950896e-01 -6.474442035e-02 0.000000000e+00 0.000000000e+00 0.000000000e+00 1.000000000e+00
1.320418417e-01 2.841022611e-01 -3.345941603e-01 5.160614848e-02 6.951825619e-01 3.129314780e-01 -4.427716881e-02 1.938393712e-01 0.000000000e+00 0.000000000e+00 0.000000000e+00 1.000000000e+00
8.357740641e-01 4.060594738e-01 4.872713685e-01 4.046658576e-01 3.776954412e-01 3.861478567e-01 4.653011262e-01 3.307539225e-01 0.000000000e+00 0.000000000e+00 0.000000000e+00 1.000000000e+00
3.874509335e-01 5.110079646e-01 4.447470307e-01 3.437056243e-01 4.192096591e-01 4.813410342e-01 2.729525268e-01 3.892106712e-01 0.000000000e+00 0.000000000e+00 0.000000000e+00 1.000000000e+00
2.569164038e-01 4.903896749e-01 8.731755614e-02 4.356599450e-01 3.769453466e-01 4.778319597e-01 1.317115068e+00 5.131614208e-01 0.000000000e+00 0.000000000e+00 0.000000000e+00 1.000000000e+00
5.630398989e-01 4.856179357e-01 1.542370796e+00 4.226220846e-01 1.865852326e-01 4.649264514e-01 6.314659715e-01 3.876069784e-01 0.000000000e+00 0.000000000e+00 0.000000000e+00 1.000000000e+00
-2.417973429e-02 5.344437361e-01 -8.116289973e-02 3.989851475e-01 -1.134049147e-01 5.703502893e-01 5.112249851e-01 4.541977346e-01 0.000000000e+00 0.000000000e+00 0.000000000e+00 1.000000000e+00
-4.312868118e-01 7.929093242e-01 9.435249567e-01 6.565511823e-01 -3.201564550e-01 8.404294252e-01 8.475599289e-01 6.951857209e-01 0.000000000e+00 0.000000000e+00 0.000000000e+00 1.000000000e+00
-5.296921730e-01 9.249842167e-01 8.731939793e-01 8.073847294e-01 -3.543425202e-01 1.012798905e+00 3.733822405e-01 8.629502058e-01 0.000000000e+00 0.000000000e+00 0.000000000e+00 1.000000000e+00
-1.601138711e-01 9.928499460e-01 1.732268035e-01 7.346433997e-01 3.450634480e-01 1.089938045e+00 -8.347879648e-01 9.431780577e-01 0.000000000e+00 0.000000000e+00 0.000000000e+00 1.000000000e+00
6.109341383e-01 1.087874055e+00 -1.514609098e+00 8.912460208e-01 1.592747569e-01 1.244059443e+00 -1.346626997e+00 9.290255308e-01 0.000000000e+00 0.000000000e+00 0.000000000e+00 1.000000000e+00
-1.017520189e+00 1.322513938e+00 1.068823189e-01 1.332544327e+00 -5.066680908e-02 1.463915706e+00 1.536842108e+00 1.548530221e+00 0.000000000e+00 0.000000000e+00 0.000000000e+00 1.000000000e+00
3.450436592e-01 1.748585105e+00 1.345571160e+00 1.798917532e+00 1.269316673e+00 1.892236352e+00 2.503483593e-01 2.319593668e+00 0.000000000e+00 0.000000000e+00 0.000000000e+00 1.000000000e+00
1.465005755e+00 2.042925596e+00 -1.324504018e+00 2.476284981e+00 8.987700939e-01 2.167446375e+00 -2.045364141e+00 2.920195818e+00 0.000000000e+00 0.000000000e+00 0.000000000e+00 1.000000000e+00
9.497025609e-02 2.319164991e+00 -2.595042229e+00 2.571170330e+00 -1.088579535e+00 2.449707508e+00 -1.889149427e+00 2.603929281e+00 0.000000000e+00 0.000000000e+00 0.000000000e+00 1.000000000e+00
-1.292294383e+00 2.433309555e+00 -2.064665079e+00 2.580987215e+00 3.290047348e-01 2.501550913e+00 -1.993856311e+00 2.527780056e+00 0.000000000e+00 0.000000000e+00 0.000000000e+00 1.000000000e+00
2.457445413e-01 3.034540653e+00 -1.540774345e+00 4.156020164e+00 9.802019596e-01 3.053427219e+00 -7.292993665e-01 2.952583551e+00 0.000000000e+00 0.000000000e+00 0.000000000e+00 1.000000000e+00
1.102595031e-01 3.164736748e+00 -4.501346052e-01 3.627809525e+00 2.954774797e-01 3.147125721e+00 3.906702399e-01 3.629047394e+00 0.000000000e+00 0.000000000e+00 0.000000000e+00 1.000000000e+00
-1.233937979e+00 3.318089724e+00 -4.680569768e-01 3.047036171e+00 -4.877902269e-01 3.331895590e+00 -6.190395951e-01 3.308663845e+00 0.000000000e+00 0.000000000e+00 0.000000000e+00 1.000000000e+00
5.933564901e-02 3.295029640e+00 -1.834791422e+00 3.379055500e+00 1.287804365e+00 3.293667793e+00 -1.574660897e+00 2.793400764e+00 0.000000000e+00 0.000000000e+00 0.000000000e+00 1.000000000e+00
2.730572224e-01 3.552287340e+00 -1.267581105e+00 3.517871141e+00 -1.981213093e-01 3.453272343e+00 -1.529645205e+00 3.027193546e+00 0.000000000e+00 0.000000000e+00 0.000000000e+00 1.000000000e+00
-5.467702746e-01 3.522611618e+00 -3.176569939e-02 3.092371225e+00 -9.689506292e-01 3.332879305e+00 -3.669325411e-01 3.065741301e+00 0.000000000e+00 0.000000000e+00 0.000000000e+00 1.000000000e+00
-9.131166339e-01 3.341092110e+00 -2.761548162e-01 2.608243704e+00 -4.086664617e-01 3.127774239e+00 -7.300437689e-01 3.121380091e+00 0.000000000e+00 0.000000000e+00 0.000000000e+00 1.000000000e+00
5.992228538e-02 2.556106091e+00 -1.195828468e-01 2.186870813e+00 2.488226295e-01 2.302988529e+00 -3.769062757e-01 2.113196850e+00 0.000000000e+00 0.000000000e+00 0.000000000e+00 1.000000000e+00
1.767590195e-01 1.333188415e+00 -7.892438769e-02 1.379281044e+00 9.353274852e-02 1.209062338e+00 -1.940184832e-01 1.291849017e+00 0.000000000e+00 0.000000000e+00 0.000000000e+00 1.000000000e+00
6.844220757e-01 5.121275783e-01 2.775699198e-01 8.331239223e-01 1.505320966e-01 4.544655681e-01 5.281612277e-01 6.552850008e-01 0.000000000e+00 0.000000000e+00 0.000000000e+00 1.000000000e+00
-4.558996856e-02 1.047336161e-01 1.207519546e-01 4.021947086e-01 -1.027325988e+00 1.284356862e-01 2.730798721e-01 2.657780647e-01 0.000000000e+00 0.000000000e+00 0.000000000e+00 1.000000000e+00
-5.312050581e-01 -5.274586007e-02 -1.222982109e-01 2.660545707e-02 -7.870759368e-01 -2.913241088e-02 -8.096709251e-01 4.366263747e-04 0.000000000e+00 0.000000000e+00 0.000000000e+00 1.000000000e+00
-6.812338233e-01 -1.425593793e-01 -1.265362620e+00 -5.721061677e-02 -1.316043735e+00 -1.835248321e-01 -9.576273561e-01 -2.270698398e-01 0.000000000e+00 0.000000000e+00 0.000000000e+00 1.000000000e+00
-4.392404258e-01 -2.387501746e-01 -1.051604301e-01 7.969044149e-03 7.304501534e-01 -2.730462551e-01 8.507269025e-01 5.597759783e-02 0.000000000e+00 0.000000000e+00 0.000000000e+00 1.000000000e+00
-2.624903917e-01 -1.059944183e-01 1.992372990e+00 1.780169457e-02 -9.243066907e-01 -6.489177048e-02 1.601260900e+00 4.805647582e-02 0.000000000e+00 0.000000000e+00 0.000000000e+00 1.000000000e+00
-1.221120596e+00 -1.582574546e-01 -9.950712323e-03 -2.522494793e-01 -1.492522240e+00 -7.469487935e-02 -2.642251492e+00 -2.004927546e-01 0.000000000e+00 0.000000000e+00 0.000000000e+00 1.000000000e+00
-6.467522383e-01 -8.457162976e-02 -2.638059616e+00 6.623070687e-02 -2.925704718e-01 -1.952389255e-02 -8.241862059e-01 5.235360563e-02 0.000000000e+00 0.000000000e+00 0.000000000e+00 1.000000000e+00
9.560660720e-01 -1.000719070e-01 1.947012305e+00 2.865329087e-01 2.190862000e-01 -2.099646330e-01 2.212604761e+00 9.428757429e-02 0.000000000e+00 0.000000000e+00 0.000000000e+00 1.000000000e+00
6.631708741e-01 -1.326037198e-01 1.824643254e+00 1.021453962e-01 -3.208371997e-01 -1.521393061e-01 -5.482778549e-01 -9.054088593e-02 0.000000000e+00 0.000000000e+00 0.000000000e+00 1.000000000e+00
-4.096710980e-01 -2.081077173e-02 -1.947805166e+00 3.924094439e-01 -3.938289881e-01 3.266843408e-02 -2.269850731e+00 3.535673022e-01 0.000000000e+00 0.000000000e+00 0.000000000e+00 1.000000000e+00
-3.079990745e-01 -6.891663373e-02 -1.550252676e+00 2.465110421e-01 -7.617479563e-02 -4.255645722e-02 2.937961817e-01 1.451561153e-01 0.000000000e+00 0.000000000e+00 0.000000000e+00 1.000000000e+00
-8.650407195e-03 -7.234759629e-02 1.575373173e+00 2.361473888e-01 8.830527663e-01 -8.937629312e-02 1.526660323e+00 2.033785284e-01 0.000000000e+00 0.000000000e+00 0.000000000e+00 1.000000000e+00
2.828411460e-01 6.687469780e-03 9.903739691e-01 2.250286788e-01 -5.531638116e-02 4.699908197e-03 -9.844207764e-01 1.057590023e-01 0.000000000e+00 0.000000000e+00 0.000000000e+00 1.000000000e+00
-3.020821214e-01 2.206870168e-02 -1.692975044e+00 1.693299413e-01 3.317405581e-01 2.971589565e-04 1.522334516e-01 1.435597241e-02 0.000000000e+00 0.000000000e+00 0.000000000e+00 1.000000000e+00
5.732707977e-01 -1.074599847e-01 1.685775280e+00 2.174579799e-01 2.632416189e-01 -1.017368585e-01 8.332418203e-01 6.283150613e-02 0.000000000e+00 0.000000000e+00 0.000000000e+00 1.000000000e+00
1.878213882e-01 -5.332527310e-02 2.998781800e-01 7.597835362e-02 -4.142781794e-01 -5.319982767e-03 -5.713026524e-01 -4.444676638e-02 0.000000000e+00 0.000000000e+00 0.000000000e+00 1.000000000e+00
-9.984860420e-01 6.778295338e-02 -1.667215466e+00 6.685768813e-02 -8.158565760e-01 7.743876427e-02 -1.374892116e+00 -7.852712274e-02 0.000000000e+00 0.000000000e+00 0.000000000e+00 1.000000000e+00
-2.325388938e-01 1.194154024e-01 -7.726809382e-01 3.574207425e-01 1.262216330e+00 9.663191438e-02 3.872067630e-01 2.712760866e-01 0.000000000e+00 0.000000000e+00 0.000000000e+00 1.000000000e+00
5.804611444e-01 8.894252777e-02 1.376912594e+00 4.345095158e-01 1.556891680e+00 1.613998413e-02 1.466243386e+00 3.232047260e-01 0.000000000e+00 0.000000000e+00 0.000000000e+00 1.000000000e+00
4.171027243e-01 1.206080914e-01 7.407133579e-01 3.335106075e-01 -1.278568059e-01 1.137435734e-01 -4.694527686e-01 5.737511814e-02 0.000000000e+00 0.000000000e+00 0.000000000e+00 1.000000000e+00
-2.986506820e-01 6.510331482e-02 -1.701167464e+00 2.680211961e-01 8.288612962e-02 1.607001573e-02 -9.444254041e-01 8.120846748e-02 0.000000000e+00 0.000000000e+00 0.000000000e+00 1.000000000e+00
-7.241250277e-01 1.117619425e-01 -2.012605906e+00 1.811204851e-01 -6.566938758e-01 1.294874847e-01 -1.759708166e+00 4.128348082e-03 0.000000000e+00 0.000000000e+00 0.000000000e+00 1.000000000e+00
8.145773411e-02 1.358607411e-02 1.093050838e-01 1.913193166e-01 6.368058920e-01 -1.170308143e-02 1.696348667e+00 1.373815238e-01 0.000000000e+00 0.000000000e+00 0.000000000e+00 1.000000000e+00
-1.774491370e-02 5.976034701e-02 1.453248262e+00 1.166098714e-01 -6.931030750e-01 5.649271607e-02 7.203686237e-01 1.768347621e-02 0.000000000e+00 0.000000000e+00 0.000000000e+00 1.000000000e+00
-1.125582933e+00 -1.036405042e-01 -2.060076445e-01 -9.100281447e-02 -8.665196896e-01 -2.842716500e-02 -1.409809113e+00 -1.596220583e-01 0.000000000e+00 0.000000000e+00 0.000000000e+00 1.000000000e+00
-1.846455038e-02 -7.086630911e-03 -1.424029827e+00 2.110936791e-01 -1.552615166e-01 2.181082964e-02 -8.516896367e-01 4.758559167e-02 0.000000000e+00 0.000000000e+00 0.000000000e+00 1.000000000e+00
-1.598393470e-01 -9.749016166e-02 -2.915037572e-01 1.135438532e-01 -7.782845497e-01 -7.297995687e-02 -3.444300890e-01 -5.450621247e-02 0.000000000e+00 0.000000000e+00 0.000000000e+00 1.000000000e+00
-4.620462954e-01 -5.476382375e-02 1.958590746e-01 4.864424467e-02 -8.564088345e-01 -2.203732729e-02 -2.215597630e-01 -1.013059393e-01 0.000000000e+00 0.000000000e+00 0.000000000e+00 1.000000000e+00
-7.475880384e-01 -4.246129096e-02 -2.496521771e-01 8.656328917e-02 -6.358003616e-01 -6.658129394e-03 6.430831552e-01 -8.335247636e-03 0.000000000e+00 0.000000000e+00 0.000000000e+00 1.000000000e+00
1.190421879e-01 -8.839933574e-02 1.745794296e+00 2.494234145e-01 3.046346903e-01 -1.063644290e-01 -3.882472217e-01 1.242480874e-01 0.000000000e+00 0.000000000e+00 0.000000000e+00 1.000000000e+00
-6.538676023e-01 4.381969571e-02 -1.258256555e+00 9.961970896e-02 -5.525409579e-01 4.378351569e-02 -1.152939558e+00 -3.236057237e-02 0.000000000e+00 0.000000000e+00 0.000000000e+00 1.000000000e+00
-3.853020370e-01 5.845382810e-03 -6.293689013e-01 1.532461792e-01 -1.669228077e-01 6.755143404e-04 -6.056286097e-01 7.710561156e-02 0.000000000e+00 0.000000000e+00 0.000000000e+00 1.000000000e+00
1.020377398e+00 -8.673178405e-02 8.560303450e-01 2.927348018e-01 -3.536448777e-01 -1.286620051e-01 8.037018776e-01 7.128608227e-02 0.000000000e+00 0.000000000e+00 0.000000000e+00 1.000000000e+00
8.486722708e-01 -1.148063019e-01 1.179649472e+00 1.872061044e-01 3.308889568e-01 -1.540072709e-01 -4.279849827e-01 7.365053892e-02 0.000000000e+00 0.000000000e+00 0.000000000e+00 1.000000000e+00
3.523174524e-01 -1.656862348e-02 -9.998194575e-01 1.406980306e-01 4.582033157e-01 -6.214769557e-02 -9.159325957e-01 7.057514787e-02 0.000000000e+00 0.000000000e+00 0.000000000e+00 1.000000000e+00
7.854218483e-01 -1.035009921e-01 3.761090636e-01 1.311625689e-01 1.161824465e+00 -1.300160736e-01 1.411946893e+00 6.002324820e-02 0.000000000e+00 0.000000000e+00 0.000000000e+00 1.000000000e+00
4.788798094e-01 -1.612345278e-01 7.660710812e-01 7.992471755e-02 3.395102322e-01 -1.233707070e-01 -3.300863802e-01 -1.221077889e-02 0.000000000e+00 0.000000000e+00 0.000000000e+00 1.000000000e+00
2.397467494e-01 -1.752998829e-01 -1.118981719e+00 -8.739071339e-02 -3.716816753e-02 -7.299322635e-02 -1.278619528e+00 -8.110832423e-02 0.000000000e+00 0.000000000e+00 0.000000000e+00 1.000000000e+00
8.698618412e-01 -1.046406180e-01 -7.157368660e-01 6.987252831e-02 4.085037708e-01 -5.113973469e-02 -1.026831567e-01 1.198217273e-02 0.000000000e+00 0.000000000e+00 0.000000000e+00 1.000000000e+00
-1.758089662e-01 -6.666325033e-02 3.904024959e-01 -9.618870914e-02 -8.355418444e-01 -4.761470109e-02 4.685127139e-01 -1.599589437e-01 0.000000000e+00 0.000000000e+00 0.000000000e+00 1.000000000e+00
-2.474112809e-01 -2.094031870e-02 5.377807021e-01 5.224182829e-02 -2.777001262e-01 3.556385636e-04 -1.245426089e-01 6.312978268e-02 0.000000000e+00 0.000000000e+00 0.000000000e+00 1.000000000e+00
-7.888774276e-01 2.640467137e-02 -5.926536322e-01 6.192924082e-02 -3.765852153e-01 4.605485499e-02 -2.162571996e-01 8.142389357e-02 0.000000000e+00 0.000000000e+00 0.000000000e+00 1.000000000e+00
5.090029240e-01 5.114141852e-02 6.283150911e-01 2.323523611e-01 3.213534057e-01 4.757493734e-02 -3.632295877e-02 2.256682962e-01 0.000000000e+00 0.000000000e+00 0.000000000e+00 1.000000000e+00
-8.842480183e-01 5.969822407e-03 -1.423288733e-01 -5.158751830e-02 1.872789115e-01 1.607264206e-02 -5.231115818e-01 3.832535073e-02 0.000000000e+00 0.000000000e+00 0.000000000e+00 1.000000000e+00
2.689063549e-02 1.204440445e-01 -3.275848329e-01 1.598189175e-01 -2.680290043e-01 1.140959561e-01 -3.858069181e-01 1.027580500e-01 0.000000000e+00 0.000000000e+00 0.000000000e+00 1.000000000e+00
5.421202183e-01 9.669414163e-02 -5.855370760e-01 2.184027284e-01 -1.213708878e+00 1.039599702e-01 -9.933251143e-01 1.637814194e-02 0.000000000e+00 0.000000000e+00 0.000000000e+00 1.000000000e+00
-2.359554619e-01 -1.055800766e-01 -4.420631528e-01 -5.936149880e-02 -1.349808276e-01 -1.088789627e-01 5.015859604e-01 -7.394955307e-02 0.000000000e+00 0.000000000e+00 0.000000000e+00 1.000000000e+00
-5.218335986e-01 -4.586717486e-02 1.660666227e+00 -2.039827704e-01 -8.931622505e-01 3.123432398e-04 4.311850071e-01 -3.289299607e-01 0.000000000e+00 0.000000000e+00 0.000000000e+00 1.000000000e+00
-2.193583548e-02 -7.658210397e-02 -2.624190152e-01 -7.829102129e-02 -5.368965268e-01 -5.703204125e-02 -1.490591407e+00 -2.126925886e-01 0.000000000e+00 0.000000000e+00 0.000000000e+00 1.000000000e+00
-2.688358128e-01 -2.542786002e-01 -5.731552839e-01 -3.294373155e-01 -8.920009732e-01 -1.990306377e-01 7.111158967e-01 -3.794607818e-01 0.000000000e+00 0.000000000e+00 0.000000000e+00 1.000000000e+00
-4.033077359e-01 -5.523813963e-01 9.720196724e-01 -4.717898369e-01 -7.893341780e-01 -5.252366066e-01 4.333415329e-01 -4.874258637e-01 0.000000000e+00 0.000000000e+00 0.000000000e+00 1.000000000e+00
-1.005661011e+00 -6.159172654e-01 -2.596889436e-02 -6.441196799e-01 -1.373867631e+00 -5.863407254e-01 -4.085614979e-01 -6.388313770e-01 0.000000000e+00 0.000000000e+00 0.000000000e+00 1.000000000e+00
-4.931318462e-01 -1.023025155e+00 -2.779781222e-01 -7.106405497e-01 9.676600993e-02 -1.057760358e+00 -3.734298348e-01 -6.841603518e-01 0.000000000e+00 0.000000000e+00 0.000000000e+00 1.000000000e+00
2.696723044e-01 -1.717131972e+00 -2.677452564e-02 -1.015375257e+00 -8.986099064e-02 -1.752916098e+00 -3.659999371e-01 -1.166362762e+00 0.000000000e+00 0.000000000e+00 0.000000000e+00 1.000000000e+00
-2.940262258e-01 -2.683209419e+00 -1.157279253e+00 -1.626002073e+00 -6.151999831e-01 -2.735882044e+00 -1.511437178e+00 -1.856449127e+00 0.000000000e+00 0.000000000e+00 0.000000000e+00 1.000000000e+00
-5.150654316e-01 -3.365106106e+00 -1.666718125e+00 -1.751495600e+00 -1.049944639e+00 -3.415613174e+00 -1.484032631e+00 -2.225960970e+00 0.000000000e+00 0.000000000e+00 0.000000000e+00 1.000000000e+00
-2.181066945e-02 -3.565963030e+00 -1.735224128e+00 -1.994501948e+00 -1.055757880e+00 -3.588940144e+00 -1.798515320e+00 -2.087325573e+00 0.000000000e+00 0.000000000e+00 0.000000000e+00 1.000000000e+00
-9.183294773e-01 -3.591554165e+00 -2.325966358e+00 -2.416046619e+00 -1.175967455e+00 -3.614925146e+00 -1.897035837e+00 -2.477826357e+00 0.000000000e+00 0.000000000e+00 0.000000000e+00 1.000000000e+00
-6.729326844e-01 -3.719384670e+00 -1.316762328e+00 -1.940117717e+00 -9.200125933e-01 -3.774049282e+00 -7.781161070e-01 -2.136965275e+00 0.000000000e+00 0.000000000e+00 0.000000000e+00 1.000000000e+00
-2.811439931e-01 -4.069664955e+00 -6.485037208e-01 -2.589006662e+00 -1.240580440e+00 -4.107120991e+00 -3.573655784e-01 -2.177032471e+00 0.000000000e+00 0.000000000e+00 0.000000000e+00 1.000000000e+00
-6.831534505e-01 -4.058997631e+00 -1.202414989e+00 -1.989618897e+00 3.647243977e-01 -4.188434124e+00 -6.150243282e-01 -2.505642653e+00 0.000000000e+00 0.000000000e+00 0.000000000e+00 1.000000000e+00
1.760228515e+00 -4.010536671e+00 2.284586430e-01 -1.592056274e+00 2.081873178e+00 -4.176890850e+00 1.253465652e+00 -1.096606016e+00 0.000000000e+00 0.000000000e+00 0.000000000e+00 1.000000000e+00
4.936237037e-01 -3.898038387e+00 -3.865822852e-01 -2.298701286e+00 5.757073164e-01 -4.002858162e+00 2.465989590e-01 -2.170730591e+00 0.000000000e+00 0.000000000e+00 0.000000000e+00 1.000000000e+00
1.766071469e-01 -3.576428652e+00 3.454435468e-01 -1.596237183e+00 7.072874904e-02 -3.597648859e+00 4.396544397e-01 -2.239943027e+00 0.000000000e+00 0.000000000e+00 0.000000000e+00 1.000000000e+00
-8.722556829e-01 -3.434389114e+00 -1.276392698e+00 -1.948136568e+00 -1.341150999e+00 -3.381459475e+00 -8.058726192e-01 -2.352245808e+00 0.000000000e+00 0.000000000e+00 0.000000000e+00 1.000000000e+00
-1.327298999e+00 -2.418040752e+00 -6.438717246e-01 -1.529733658e+00 -9.905481935e-01 -2.338452816e+00 3.405719995e-01 -1.535596371e+00 0.000000000e+00 0.000000000e+00 0.000000000e+00 1.000000000e+00
-1.734160781e+00 -1.353938222e+00 -5.921410918e-01 -9.639536738e-01 -1.603223324e+00 -1.249458671e+00 -2.025067329e+00 -1.009474516e+00 0.000000000e+00 0.000000000e+00 0.000000000e+00 1.000000000e+00
-8.622362614e-01 -4.152784050e-01 -1.514484286e+00 -4.620703161e-01 -6.582858562e-01 -3.575280309e-01 -7.178074121e-01 -4.678781629e-01 0.000000000e+00 0.000000000e+00 0.000000000e+00 1.000000000e+00
-5.031378269e-01 -1.003545448e-01 1.174718022e+00 -2.193041146e-02 3.231218457e-01 -1.160369813e-01 3.021432638e+00 2.175670862e-02 0.000000000e+00 0.000000000e+00 0.000000000e+00 1.000000000e+00
1.013772964e+00 4.695076495e-02 2.683558702e+00 3.720319271e-01 4.752890766e-01 -1.682229340e-02 1.167370379e-01 2.482885420e-01 0.000000000e+00 0.000000000e+00 0.000000000e+00 1.000000000e+00
-1.353683621e-01 7.683518529e-02 -1.183671117e+00 1.331351250e-01 -5.513171554e-01 7.419911027e-02 -6.693999767e-01 6.667114794e-02 0.000000000e+00 0.000000000e+00 0.000000000e+00 1.000000000e+00
-2.793800831e-01 1.865353733e-01 -4.213437140e-01 1.288302839e-01 -7.467197180e-01 1.957637668e-01 -9.569199383e-02 1.267804801e-01 0.000000000e+00 0.000000000e+00 0.000000000e+00 1.000000000e+00
-1.498221755e-01 5.205107927e-01 9.842584133e-01 2.820030451e-01 -5.243774652e-01 5.137754083e-01 1.062667519e-01 2.922936678e-01 0.000000000e+00 0.000000000e+00 0.000000000e+00 1.000000000e+00
-2.916776538e-01 6.449381113e-01 -3.805094957e-01 4.301970899e-01 -4.156000018e-01 6.509686708e-01 -1.408603191e+00 4.760801792e-01 0.000000000e+00 0.000000000e+00 0.000000000e+00 1.000000000e+00
-2.367676646e-01 5.490612984e-01 -1.233035445e+00 2.673428357e-01 4.558915198e-01 5.923297405e-01 -1.195904240e-01 4.415712953e-01 0.000000000e+00 0.000000000e+00 0.000000000e+00 1.000000000e+00
3.360304236e-01 2.841550112e-01 6.605944633e-01 2.531737089e-03 5.875058770e-01 2.701104879e-01 -7.449345589e-01 2.661754936e-02 0.000000000e+00 0.000000000e+00 0.000000000e+00 1.000000000e+00
-1.551094651e-02 2.049776763e-01 -1.021636605e+00 -3.418808803e-03 -3.994072080e-01 2.459314466e-01 -1.946948886e+00 -5.560589582e-02 0.000000000e+00 0.000000000e+00 0.000000000e+00 1.000000000e+00
9.709271789e-02 1.546642557e-02 -8.189615607e-01 -4.484801739e-02 -2.204442471e-01 5.600655451e-02 -4.979645014e-01 -6.131884456e-02 0.000000000e+00 0.000000000e+00 0.000000000e+00 1.000000000e+00
-1.261039972e-01 -1.180090010e-02 1.001898646e+00 -6.339821219e-02 4.213036597e-01 2.148618549e-02 9.577821493e-01 1.150207222e-02 0.000000000e+00 0.000000000e+00 0.000000000e+00 1.000000000e+00
3.439486623e-01 -4.276549816e-02 5.355651379e-01 4.758052528e-04 4.268890619e-02 -6.407279521e-02 -3.943293542e-02 -3.098805994e-02 0.000000000e+00 0.000000000e+00 0.000000000e+00 1.000000000e+00
-9.402543306e-02 2.305959165e-02 -4.391435385e-01 2.169289440e-02 -1.158138812e-01 5.863936990e-02 -3.680447638e-01 7.914924622e-02 0.000000000e+00 0.000000000e+00 0.000000000e+00 1.000000000e+00
-6.095669270e-01 -2.858410031e-02 -6.263343096e-01 -1.210036352e-01 1.208015308e-01 -7.723014802e-03 -5.218526125e-01 -1.293364912e-03 0.000000000e+00 0.000000000e+00 0.000000000e+00 1.000000000e+00
3.706945181e-01 -5.898625404e-02 -5.207926035e-01 3.364045173e-02 -1.552095711e-01 9.180232882e-04 4.971893132e-02 5.913120508e-02 0.000000000e+00 0.000000000e+00 0.000000000e+00 1.000000000e+00
9.123362303e-01 -1.312849224e-01 6.352657080e-01 5.991940200e-02 1.180421188e-02 -9.335730970e-02 1.197052374e-02 -7.363232225e-02 0.000000000e+00 0.000000000e+00 0.000000000e+00 1.000000000e+00
-4.131662846e-01 -1.256529987e-01 -1.060741782e+00 -1.022110432e-01 -3.725580275e-01 -9.950116277e-02 -1.420780659e+00 -1.801920235e-01 0.000000000e+00 0.000000000e+00 0.000000000e+00 1.000000000e+00
-3.276505172e-01 -1.546364576e-01 -2.852516770e-01 -1.306946576e-01 -2.772963047e-01 -1.603365839e-01 2.812566459e-01 -1.684516817e-01 0.000000000e+00 0.000000000e+00 0.000000000e+00 1.000000000e+00
8.302159309e-01 -1.896533966e-01 8.964987993e-01 -6.091564149e-02 3.157719970e-01 -1.669515967e-01 1.916007549e-01 -7.800113410e-02 0.000000000e+00 0.000000000e+00 0.000000000e+00 1.000000000e+00
2.333138883e-02 -1.097268015e-01 -1.033313870e+00 -9.843309224e-02 2.539201081e-01 -1.812241226e-02 -8.377390504e-01 -2.362914756e-02 0.000000000e+00 0.000000000e+00 0.000000000e+00 1.000000000e+00
4.647786021e-01 -1.119775176e-01 4.688842893e-01 -1.025265306e-01 -8.484587669e-01 -1.103290170e-01 -2.657098696e-02 -1.697658300e-01 0.000000000e+00 0.000000000e+00 0.000000000e+00 1.000000000e+00
-5.263118744e-01 -8.600890636e-02 -4.139643908e-01 -1.527122557e-01 -4.212199450e-01 -2.181551233e-02 -1.011795759e+00 -1.226843148e-01 0.000000000e+00 0.000000000e+00 0.000000000e+00 1.000000000e+00
-4.955331981e-01 1.538902521e-02 -7.022592425e-01 4.514813423e-02 1.233855560e-01 4.381224886e-02 -6.013023853e-01 4.595376551e-02 0.000000000e+00 0.000000000e+00 0.000000000e+00 1.000000000e+00
3.078585863e-01 6.504888833e-02 -4.838213325e-03 2.665233314e-01 5.405849814e-01 7.483828068e-02 6.950657964e-01 2.482174635e-01 0.000000000e+00 0.000000000e+00 0.000000000e+00 1.000000000e+00
-5.947688818e-01 1.041907519e-01 6.036882997e-01 7.936146855e-02 4.245270044e-02 1.279297173e-01 -4.422031716e-02 9.415526688e-02 0.000000000e+00 0.000000000e+00 0.000000000e+00 1.000000000e+00
-6.820008159e-02 1.296813637e-01 -4.507265687e-01 4.101347923e-02 -2.271562368e-01 1.401477754e-01 -1.026454091e+00 9.431168437e-02 0.000000000e+00 0.000000000e+00 0.000000000e+00 1.000000000e+00
3.802590072e-02 1.227419227e-01 -1.488735795e+00 -2.072603256e-02 2.572606504e-01 1.531878859e-01 -1.132000685e+00 9.885603189e-02 0.000000000e+00 0.000000000e+00 0.000000000e+00 1.000000000e+00
6.546289921e-01 1.066150218e-01 -8.078758419e-02 1.587041467e-01 5.353885293e-01 1.042903215e-01 1.059755564e+00 1.750604212e-01 0.000000000e+00 0.000000000e+00 0.000000000e+00 1.000000000e+00
9.562752247e-01 7.913616300e-02 4.912047982e-01 1.177151799e-01 7.894523144e-01 4.547206312e-02 3.208281472e-02 1.161469519e-01 0.000000000e+00 0.000000000e+00 0.000000000e+00 1.000000000e+00
1.001372218e+00 6.136518717e-02 4.563667178e-01 2.817606926e-02 7.420007586e-01 5.650462210e-02 1.279150546e-01 3.710316122e-02 0.000000000e+00 0.000000000e+00 0.000000000e+00 1.000000000e+00
7.794898748e-01 5.290873349e-03 -2.792972922e-01 5.591990799e-02 7.963007689e-01 2.303846180e-03 -4.727261662e-01 1.094158813e-01 0.000000000e+00 0.000000000e+00 0.000000000e+00 1.000000000e+00
3.060303032e-01 -6.835322082e-02 3.398886323e-01 -1.473110467e-01 1.279189944e+00 -9.182491153e-02 -2.824574113e-01 -2.427089959e-02 0.000000000e+00 0.000000000e+00 0.000000000e+00 1.000000000e+00
5.241016150e-01 -3.826118112e-01 -5.739213228e-01 -2.870468795e-01 6.135669947e-01 -4.158562124e-01 -1.013079286e+00 -3.203137815e-01 0.000000000e+00 0.000000000e+00 0.000000000e+00 1.000000000e+00
-3.681304455e-01 -6.764651537e-01 -2.145558596e-01 -6.909180284e-01 -5.553692579e-01 -6.390016079e-01 1.220216393e+00 -6.578100920e-01 0.000000000e+00 0.000000000e+00 0.000000000e+00 1.000000000e+00
-3.732559085e-01 -5.437551737e-01 1.379278421e+00 -5.837802291e-01 -4.941729307e-01 -5.311758518e-01 8.579856753e-01 -6.020522714e-01 0.000000000e+00 0.000000000e+00 0.000000000e+00 1.000000000e+00
-1.527890444e+00 -7.852132320e-01 8.364289999e-01 -8.765605688e-01 -1.359145284e+00 -6.624633670e-01 -2.601101995e-01 -8.373120427e-01 0.000000000e+00 0.000000000e+00 0.000000000e+00 1.000000000e+00
-9.373716712e-01 -3.536152244e-01 -2.755087018e-01 -3.951975107e-01 -1.570576429e+00 -2.193152755e-01 -2.608440220e-01 -4.267766476e-01 0.000000000e+00 0.000000000e+00 0.000000000e+00 1.000000000e+00
-1.531430602e+00 -5.034379289e-02 -9.065940976e-03 -2.704733610e-01 -8.710151911e-01 3.848410398e-02 8.595592529e-02 -2.678338587e-01 0.000000000e+00 0.000000000e+00 0.000000000e+00 1.000000000e+00
-9.660562873e-02 -8.795554936e-02 1.958527565e-01 -1.706926972e-01 -4.199767411e-01 -5.538463220e-02 -1.370346546e+00 -1.283097118e-01 0.000000000e+00 0.000000000e+00 0.000000000e+00 1.000000000e+00
-6.107676625e-01 -3.590212017e-02 -1.766279221e+00 7.514365017e-03 -1.504833817e+00 5.046249181e-02 -3.966035128e+00 -6.029735506e-02 0.000000000e+00 0.000000000e+00 0.000000000e+00 1.000000000e+00
-6.370706558e-01 1.293481737e-01 -1.777598143e+00 1.010624915e-01 -2.389321327e+00 2.126451880e-01 1.707217216e+00 -1.493010372e-01 0.000000000e+00 0.000000000e+00 0.000000000e+00 1.000000000e+00
-3.505448699e-01 1.633959413e-01 3.448517084e+00 1.389741898e-03 -9.498333931e-01 1.336539686e-01 -1.629200578e-01 -1.376262307e-02 0.000000000e+00 0.000000000e+00 0.000000000e+00 1.000000000e+00
-7.564895153e-01 2.986990511e-01 -3.442209482e+00 6.219168007e-02 4.249365628e-02 2.954156101e-01 -1.035411954e+00 1.156306118e-01 0.000000000e+00 0.000000000e+00 0.000000000e+00 1.000000000e+00
3.928538859e-01 1.113939732e-01 2.876220703e+00 1.245995760e-01 -9.644538909e-02 6.443477422e-02 2.610341072e+00 8.718349040e-02 0.000000000e+00 0.000000000e+00 0.000000000e+00 1.000000000e+00
-1.042310476e+00 5.722014606e-02 -6.132658720e-01 -1.132241338e-01 -8.149813414e-01 6.527747214e-02 -2.084746361e+00 -9.395875037e-02 0.000000000e+00 0.000000000e+00 0.000000000e+00 1.000000000e+00
-3.136047423e-01 2.065584809e-01 1.220788717e+00 1.307991594e-01 6.719878316e-01 1.509788036e-01 3.814931393e+00 1.047848463e-01 0.000000000e+00 0.000000000e+00 0.000000000e+00 1.000000000e+00
1.905566931e+00 3.683934212e-01 2.617165089e+00 3.729912043e-01 9.265075922e-01 3.641662896e-01 -1.396863222e+00 2.301720530e-01 0.000000000e+00 0.000000000e+00 0.000000000e+00 1.000000000e+00
-1.007467747e+00 3.907098770e-01 -3.097425938e+00 -2.926111221e-03 -6.802107692e-01 4.485220909e-01 -1.356541395e+00 -5.962785333e-02 0.000000000e+00 0.000000000e+00 0.000000000e+00 1.000000000e+00
1.445003152e-01 4.088009298e-01 3.014797866e-01 2.766390741e-01 1.110099673e+00 3.482304811e-01 1.049560070e+00 2.614082396e-01 0.000000000e+00 0.000000000e+00 0.000000000e+00 1.000000000e+00
9.835160971e-01 1.239762008e-01 5.274772644e-01 1.782685965e-01 6.360999346e-01 1.291975379e-01 1.511635035e-01 1.248101592e-01 0.000000000e+00 0.000000000e+00 0.000000000e+00 1.000000000e+00
-4.254925996e-02 -1.226211935e-01 -9.594957232e-01 3.876186907e-03 -2.397715002e-01 -4.569332674e-02 -1.531578422e+00 1.133124530e-02 0.000000000e+00 0.000000000e+00 0.000000000e+00 1.000000000e+00
5.522416830e-01 -2.611260116e-01 8.801922798e-01 -1.085795686e-01 1.150104165e+00 -3.209127188e-01 2.560050011e+00 -1.589216888e-01 0.000000000e+00 0.000000000e+00 0.000000000e+00 1.000000000e+00
6.184098125e-01 -3.859490752e-01 1.723854661e+00 -3.277034461e-01 7.904959321e-01 -4.155062437e-01 -4.911494553e-01 -2.144918442e-01 0.000000000e+00 0.000000000e+00 0.000000000e+00 1.000000000e+00
-1.760100424e-01 -3.383128643e-01 -1.534446478e+00 -3.290973306e-01 -4.723770618e-01 -3.009650707e-01 -4.929001033e-01 -4.452602565e-01 0.000000000e+00 0.000000000e+00 0.000000000e+00 1.000000000e+00
-5.727812052e-01 -2.668400109e-01 2.466921210e-01 -2.159657776e-01 -1.312237620e+00 -2.266793251e-01 4.627673030e-01 -3.379993141e-01 0.000000000e+00 0.000000000e+00 0.000000000e+00 1.000000000e+00
-6.411860138e-02 -8.643566072e-02 7.710866332e-01 1.423233896e-01 4.374662787e-02 -7.105875760e-02 -5.862187147e-01 1.366870701e-01 0.000000000e+00 0.000000000e+00 0.000000000e+00 1.000000000e+00
1.301085651e-01 -5.812078342e-02 -1.482960224e+00 -6.094549596e-02 -3.762490451e-01 -4.946861044e-02 -2.250485659e+00 -1.124844104e-01 0.000000000e+00 0.000000000e+00 0.000000000e+00 1.000000000e+00
-1.786787063e-01 -1.194841042e-02 -1.025085449e+00 -4.146120697e-02 -2.820076644e-01 4.890896380e-03 1.503499985e+00 -9.577307105e-02 0.000000000e+00 0.000000000e+00 0.000000000e+00 1.000000000e+00
9.048242122e-02 -2.807138115e-02 2.343058586e+00 1.753646508e-02 3.221105337e-01 -6.011813879e-02 3.440213203e-01 3.965446353e-02 0.000000000e+00 0.000000000e+00 0.000000000e+00 1.000000000e+00
1.535475254e-02 -2.022154927e-01 -1.414820552e+00 -2.136857212e-01 3.314976096e-01 -1.638193130e-01 -2.135497093e+00 -1.999622285e-01 0.000000000e+00 0.000000000e+00 0.000000000e+00 1.000000000e+00
-2.411005199e-01 -2.479162216e-01 -1.214374781e+00 -4.790620804e-01 6.458497792e-02 -2.093683630e-01 -1.023708582e+00 -3.436034322e-01 0.000000000e+00 0.000000000e+00 0.000000000e+00 1.000000000e+00
-3.797293007e-01 -2.627325952e-01 2.160636783e-01 -4.247091413e-01 -8.993113041e-01 -2.293218672e-01 4.438571334e-01 -4.546067715e-01 0.000000000e+00 0.000000000e+00 0.000000000e+00 1.000000000e+00
-8.461644053e-01 -2.560776472e-01 1.310281277e+00 -3.554736078e-01 -1.536051929e-01 -2.435317487e-01 1.167862535e+00 -2.422550917e-01 0.000000000e+00 0.000000000e+00 0.000000000e+00 1.000000000e+00
-3.832475543e-01 -1.840265244e-01 3.681380153e-01 -2.461041361e-01 -1.053555161e-01 -1.650466472e-01 -1.734169483e+00 -2.361744642e-01 0.000000000e+00 0.000000000e+00 0.000000000e+00 1.000000000e+00
-3.175393641e-01 -1.814577132e-01 -2.104855299e+00 -2.954467535e-01 -3.060629368e-01 -1.568575203e-01 -7.825022340e-01 -2.978444099e-01 0.000000000e+00 0.000000000e+00 0.000000000e+00 1.000000000e+00
-1.477880925e-01 -1.746152490e-01 5.189638138e-01 -2.670086622e-01 -2.921500504e-01 -1.783806682e-01 1.140713453e+00 -2.598428726e-01 0.000000000e+00 0.000000000e+00 0.000000000e+00 1.000000000e+00
-6.776343286e-02 -9.866365790e-02 -4.370509088e-02 -1.483995616e-01 2.233122885e-01 -1.125951931e-01 -6.015901566e-01 -9.115748852e-02 0.000000000e+00 0.000000000e+00 0.000000000e+00 1.000000000e+00
5.310263038e-01 -8.831977844e-02 3.382327557e-01 1.400774419e-01 -2.738004327e-01 -9.365984052e-02 2.637776136e+00 -8.407459408e-02 0.000000000e+00 0.000000000e+00 0.000000000e+00 1.000000000e+00
4.355396926e-01 -4.527577758e-02 1.068265676e+00 6.731857359e-02 2.597856522e-02 -8.239634335e-02 -1.536150217e+00 4.056328535e-02 0.000000000e+00 0.000000000e+00 0.000000000e+00 1.000000000e+00
-8.035595715e-02 -6.169240177e-02 -1.388713598e+00 -5.396917462e-02 -2.380434424e-01 -5.532936007e-02 1.135059118e+00 -1.311411411e-01 0.000000000e+00 0.000000000e+00 0.000000000e+00 1.000000000e+00
-1.393221021e+00 9.127625823e-02 1.995570779e+00 -1.264340430e-01 -6.756736040e-01 4.428936541e-02 3.552867770e-01 -1.169029623e-01 0.000000000e+00 0.000000000e+00 0.000000000e+00 1.000000000e+00
-9.758841395e-01 8.730645478e-02 -1.082845807e+00 5.630198866e-02 -1.236640215e-01 1.504982710e-01 -6.942297816e-01 3.952859342e-02 0.000000000e+00 0.000000000e+00 0.000000000e+00 1.000000000e+00
-1.430824101e-01 7.204166800e-02 6.043910980e-03 9.322677553e-02 1.527132094e-01 8.958007395e-02 4.809874296e-01 1.183887422e-01 0.000000000e+00 0.000000000e+00 0.000000000e+00 1.000000000e+00
5.925711393e-01 9.160158783e-02 6.686257720e-01 2.605190277e-01 1.786577851e-01 1.347801834e-01 6.446694136e-01 2.295916378e-01 0.000000000e+00 0.000000000e+00 0.000000000e+00 1.000000000e+00
5.215415955e-01 1.320997626e-01 1.112467289e+00 2.016539127e-01 -1.704394072e-02 1.819596589e-01 -1.660934687e+00 3.646204472e-01 0.000000000e+00 0.000000000e+00 0.000000000e+00 1.000000000e+00
1.907584816e-01 1.309060305e-02 -1.582967758e+00 1.990118027e-01 -1.227334589e-01 3.924664110e-02 -3.978239298e-01 1.268338114e-01 0.000000000e+00 0.000000000e+00 0.000000000e+00 1.000000000e+00
5.445631742e-01 -1.066606045e-01 8.364861012e-01 1.301266253e-01 1.750825047e-01 -1.307338774e-01 2.303697467e-01 4.030073434e-02 0.000000000e+00 0.000000000e+00 0.000000000e+00 1.000000000e+00
5.091007054e-02 -7.778303325e-02 -6.502406001e-01 -3.628334776e-02 -3.103961349e-01 -9.287536889e-02 -2.163027599e-02 -1.294140667e-01 0.000000000e+00 0.000000000e+00 0.000000000e+00 1.000000000e+00
-7.197377682e-01 9.038537741e-02 1.084816456e+00 -9.995561093e-03 -1.184242487e+00 9.077709913e-02 8.467360735e-01 -1.024343073e-03 0.000000000e+00 0.000000000e+00 0.000000000e+00 1.000000000e+00
-6.174008846e-01 1.174748540e-01 -7.491734624e-02 2.335807681e-02 -6.543515921e-01 8.411003649e-02 -5.599503517e-01 -1.299425960e-03 0.000000000e+00 0.000000000e+00 0.000000000e+00 1.000000000e+00
1.160782576e-01 9.291031957e-02 -5.349787474e-01 2.092848718e-02 2.543538809e-01 4.032161087e-02 -5.001755357e-01 8.096429706e-02 0.000000000e+00 0.000000000e+00 0.000000000e+00 1.000000000e+00
6.197972298e-01 -3.596352041e-02 -5.154613256e-01 -1.464578137e-02 1.814116687e-01 -1.806485653e-02 -2.853445709e-01 -3.803811967e-02 0.000000000e+00 0.000000000e+00 0.000000000e+00 1.000000000e+00
-1.570767909e-01 -9.750189632e-02 2.443247437e-01 -1.456766278e-01 1.155662388e-01 -5.337660015e-02 -3.667079210e-01 -2.105221897e-02 0.000000000e+00 0.000000000e+00 0.000000000e+00 1.000000000e+00
3.465154171e-01 -1.102035344e-01 -5.017288923e-01 -1.627536565e-01 -2.302417010e-01 -1.187418550e-01 -1.905549616e-01 -2.358647436e-01 0.000000000e+00 0.000000000e+00 0.000000000e+00 1.000000000e+00
1.031979322e-01 6.039485335e-03 8.033440113e-01 -7.756937295e-02 3.008150756e-01 1.745626330e-03 1.421508193e-01 -2.956764400e-02 0.000000000e+00 0.000000000e+00 0.000000000e+00 1.000000000e+00
7.372160554e-01 8.796741068e-02 -1.410133541e-01 1.620769352e-01 4.809268117e-01 1.406531334e-01 5.848520398e-01 5.895131826e-02 0.000000000e+00 0.000000000e+00 0.000000000e+00 1.000000000e+00
7.965084910e-02 9.515896440e-03 6.204440594e-01 1.393763870e-01 -4.424425960e-01 7.319593430e-02 -1.373782009e-01 1.190053225e-01 0.000000000e+00 0.000000000e+00 0.000000000e+00 1.000000000e+00
1.455672085e-02 1.684867740e-01 -8.346737623e-01 2.097660303e-01 1.170472652e-01 2.351545542e-01 -9.024223685e-01 2.955972552e-01 0.000000000e+00 0.000000000e+00 0.000000000e+00 1.000000000e+00
-2.033765316e-01 1.669284105e-01 -4.030681849e-01 1.384230405e-01 -3.249421716e-01 2.084921151e-01 -1.160274446e-01 1.049652398e-01 0.000000000e+00 0.000000000e+00 0.000000000e+00 1.000000000e+00
1.261191815e-01 2.445082366e-01 5.446017385e-01 2.335401177e-01 1.469383240e-01 2.521601617e-01 7.311903238e-01 1.955952048e-01 0.000000000e+00 0.000000000e+00 0.000000000e+00 1.000000000e+00
1.046832800e-01 1.368864477e-01 3.447269201e-01 1.511265934e-01 -4.691536725e-02 1.383496225e-01 -2.018657476e-01 1.126596034e-01 0.000000000e+00 0.000000000e+00 0.000000000e+00 1.000000000e+00
9.014640749e-02 6.806884706e-02 2.948166430e-01 1.574895382e-01 -2.009800076e-02 7.757416368e-02 5.077832937e-01 8.781573176e-02 0.000000000e+00 0.000000000e+00 0.000000000e+00 1.000000000e+00
-1.700112820e-01 5.086239427e-02 -1.851728261e-01 2.461332828e-02 -2.279641479e-02 5.416264385e-02 -1.529915094e+00 2.174387872e-02 0.000000000e+00 0.000000000e+00 0.000000000e+00 1.000000000e+00
1.105260104e-01 -1.914772764e-02 -1.020652771e+00 1.547681242e-01 3.826750219e-01 5.325890332e-02 2.517108679e+00 5.010066926e-02 0.000000000e+00 0.000000000e+00 0.000000000e+00 1.000000000e+00
-8.703142405e-03 -9.887290001e-02 3.418817520e+00 -3.314623609e-04 -7.620619535e-01 -1.970090717e-02 -9.303409606e-03 1.462930590e-01 0.000000000e+00 0.000000000e+00 0.000000000e+00 1.000000000e+00
-3.662123084e-01 1.097398326e-01 -3.246878862e+00 2.943006158e-01 -8.094478250e-01 1.924131364e-01 -2.112595081e+00 1.551957130e-01 0.000000000e+00 0.000000000e+00 0.000000000e+00 1.000000000e+00
-2.147851735e-01 1.668148339e-01 1.336239338e+00 1.330144405e-01 -3.423051909e-02 2.262142599e-01 9.714719653e-01 2.129886746e-01 0.000000000e+00 0.000000000e+00 0.000000000e+00 1.000000000e+00
3.023028374e-01 3.588616252e-01 1.405842602e-03 4.983643293e-01 4.927137792e-01 4.369050562e-01 1.012080193e+00 5.131562948e-01 0.000000000e+00 0.000000000e+00 0.000000000e+00 1.000000000e+00
-4.099842906e-01 6.277844310e-01 3.118977547e+00 2.949591279e-01 -4.387913942e-01 6.644674540e-01 2.591565609e+00 4.145130813e-01 0.000000000e+00 0.000000000e+00 0.000000000e+00 1.000000000e+00
-3.290550113e-01 6.791808605e-01 7.857031226e-01 3.123802245e-01 1.058163121e-01 7.360578775e-01 -1.750876784e+00 5.456443429e-01 0.000000000e+00 0.000000000e+00 0.000000000e+00 1.000000000e+00
3.685905635e-01 5.548855662e-01 -1.508079886e+00 4.825499654e-01 4.795666933e-01 5.613696575e-01 -5.921307206e-01 4.984404445e-01 0.000000000e+00 0.000000000e+00 0.000000000e+00 1.000000000e+00
5.380042195e-01 3.838405311e-01 -7.619586587e-02 3.863238692e-01 3.906033039e-01 3.726875782e-01 3.436309695e-01 3.691535890e-01 0.000000000e+00 0.000000000e+00 0.000000000e+00 1.000000000e+00
5.272003412e-01 8.400258422e-02 9.156698585e-01 1.973473281e-01 4.110289514e-01 7.489094883e-02 3.248437047e-01 2.170896232e-01 0.000000000e+00 0.000000000e+00 0.000000000e+00 1.000000000e+00
5.002972484e-02 -1.651928872e-01 -1.790746450e-01 -1.072179228e-01 7.308231294e-02 -1.940133274e-01 -3.621575236e-01 -1.037788689e-01 0.000000000e+00 0.000000000e+00 0.000000000e+00 1.000000000e+00
-1.482040584e-01 -4.803622365e-01 -2.167935371e-01 -3.593356609e-01 -5.583099127e-01 -5.002758503e-01 -2.958500087e-01 -4.300838113e-01 0.000000000e+00 0.000000000e+00 0.000000000e+00 1.000000000e+00
-4.483866692e-01 -7.660501599e-01 -1.856759787e-01 -6.420332193e-01 -6.323206425e-02 -8.066468835e-01 2.417682558e-01 -6.083314419e-01 0.000000000e+00 0.000000000e+00 0.000000000e+00 1.000000000e+00
8.157941699e-02 -8.562204838e-01 3.995795250e-01 -5.227033496e-01 -3.848938644e-02 -9.038136005e-01 3.852686882e-01 -6.620787978e-01 0.000000000e+00 0.000000000e+00 0.000000000e+00 1.000000000e+00
-2.646637261e-01 -1.336994290e+00 1.957306415e-01 -9.517810941e-01 -6.841398478e-01 -1.436193109e+00 -1.614100337e-01 -1.068913937e+00 0.000000000e+00 0.000000000e+00 0.000000000e+00 1.000000000e+00
-1.012907028e+00 -1.319047928e+00 -2.151801288e-01 -1.020882845e+00 -7.636476159e-01 -1.374697328e+00 -3.298192918e-01 -1.132886887e+00 0.000000000e+00 0.000000000e+00 0.000000000e+00 1.000000000e+00
-5.133974552e-01 -1.262132525e+00 -3.889811039e-02 -9.167200923e-01 -1.041641116e+00 -1.327737570e+00 -3.685667515e-01 -1.074626565e+00 0.000000000e+00 0.000000000e+00 0.000000000e+00 1.000000000e+00
-8.014309406e-01 -1.128541708e+00 -3.600844741e-02 -8.245103955e-01 -1.400164604e+00 -1.139315367e+00 -2.360213101e-01 -9.295844436e-01 0.000000000e+00 0.000000000e+00 0.000000000e+00 1.000000000e+00
-7.859937549e-01 -1.051805377e+00 -2.099234164e-01 -7.696629763e-01 -1.139891624e+00 -1.064009428e+00 7.733623683e-02 -8.401286006e-01 0.000000000e+00 0.000000000e+00 0.000000000e+00 1.000000000e+00
-1.567908525e+00 -7.404311895e-01 2.592813671e-01 -6.466335058e-01 -1.655750990e+00 -7.143034935e-01 -5.026621819e-01 -6.856767535e-01 0.000000000e+00 0.000000000e+00 0.000000000e+00 1.000000000e+00
-1.029357433e+00 -3.285399079e-01 -3.037965298e-01 -3.710265160e-01 -1.151344895e+00 -2.603130937e-01 -5.879264474e-01 -4.075506926e-01 0.000000000e+00 0.000000000e+00 0.000000000e+00 1.000000000e+00
-5.748111606e-01 -6.298199296e-02 -3.514028490e-01 -1.025459841e-01 -6.852326989e-01 2.564201504e-02 -4.309863448e-01 -1.629574299e-01 0.000000000e+00 0.000000000e+00 0.000000000e+00 1.000000000e+00
-1.326502681e+00 1.585947424e-01 -1.536775827e-01 -1.678702980e-01 -1.194222808e+00 2.193362117e-01 -2.343030274e-02 -2.070525289e-01 0.000000000e+00 0.000000000e+00 0.000000000e+00 1.000000000e+00
-1.541311890e-01 3.931385279e-01 3.526414633e-01 1.781382710e-01 -3.195010126e-03 3.853252530e-01 -4.700761288e-02 1.997781098e-01 0.000000000e+00 0.000000000e+00 0.000000000e+00 1.000000000e+00
-1.035012305e-01 4.753936231e-01 -3.460314870e-01 2.385615110e-01 -1.135266274e-01 4.675252438e-01 -7.560613751e-01 2.684800029e-01 0.000000000e+00 0.000000000e+00 0.000000000e+00 1.000000000e+00
-5.865193605e-01 4.825338125e-01 -5.011903644e-01 5.780287087e-02 -4.131688476e-01 4.944924116e-01 -1.296817541e+00 1.308916807e-01 0.000000000e+00 0.000000000e+00 0.000000000e+00 1.000000000e+00
-6.665135026e-01 4.963732958e-01 -6.998935938e-01 2.486594319e-01 3.156090081e-01 5.692916512e-01 1.765745580e-01 4.683166742e-01 0.000000000e+00 0.000000000e+00 0.000000000e+00 1.000000000e+00
9.087608457e-01 5.179806948e-01 4.482642114e-01 5.559068322e-01 -3.327977657e-01 5.492942333e-01 7.373023033e-02 4.316425920e-01 0.000000000e+00 0.000000000e+00 0.000000000e+00 1.000000000e+00
-9.220802784e-01 3.768025935e-01 1.640360355e-01 6.913211197e-02 -2.691040039e-01 3.960653841e-01 2.427369058e-01 1.415284872e-01 0.000000000e+00 0.000000000e+00 0.000000000e+00 1.000000000e+00
-3.337860107e-03 2.102525532e-01 7.306497097e-01 1.745045185e-01 1.351344824e+00 2.499820292e-01 7.716428041e-01 3.564001918e-01 0.000000000e+00 0.000000000e+00 0.000000000e+00 1.000000000e+00
1.609894872e+00 -2.420024574e-02 1.484203637e-01 2.243258059e-01 5.821091533e-01 -4.057528824e-02 -2.431291938e-01 9.178799391e-02 0.000000000e+00 0.000000000e+00 0.000000000e+00 1.000000000e+00
-1.503499895e-01 -6.198992729e-01 1.574774981e-01 -5.591194630e-01 -1.043256998e+00 -6.424630880e-01 2.325584441e-01 -6.810830832e-01 0.000000000e+00 0.000000000e+00 0.000000000e+00 1.000000000e+00
-6.635547876e-01 -1.317803860e+00 -1.685124040e-01 -1.092916012e+00 -8.423221707e-01 -1.363895178e+00 1.252050698e-01 -1.119455814e+00 0.000000000e+00 0.000000000e+00 0.000000000e+00 1.000000000e+00
-4.198687673e-01 -1.794117928e+00 -1.560722291e-02 -1.349672675e+00 -1.812086254e-02 -1.863035560e+00 4.868099988e-01 -1.362625837e+00 0.000000000e+00 0.000000000e+00 0.000000000e+00 1.000000000e+00
2.530144453e-01 -1.924491405e+00 6.309996247e-01 -1.236660242e+00 -3.793359697e-01 -2.075711489e+00 1.481707990e-01 -1.517447948e+00 0.000000000e+00 0.000000000e+00 0.000000000e+00 1.000000000e+00
-7.656800747e-01 -2.594347000e+00 -1.501174420e-01 -1.800379872e+00 -1.127708316e+00 -2.575620174e+00 -1.072358012e+00 -2.299028873e+00 0.000000000e+00 0.000000000e+00 0.000000000e+00 1.000000000e+00
-8.378068805e-01 -2.536888361e+00 -7.622538805e-01 -1.898366928e+00 -1.354947925e+00 -2.546066284e+00 -5.326477289e-01 -2.126892328e+00 0.000000000e+00 0.000000000e+00 0.000000000e+00 1.000000000e+00
-4.872222543e-01 -2.884311438e+00 -5.753243566e-01 -1.847965360e+00 -1.282348037e+00 -2.966888905e+00 -1.076287150e+00 -2.295734644e+00 0.000000000e+00 0.000000000e+00 0.000000000e+00 1.000000000e+00
-1.017556787e+00 -3.051634789e+00 -7.846662402e-01 -2.629857302e+00 -4.631387889e-01 -3.036112070e+00 1.688915491e-01 -2.054588795e+00 0.000000000e+00 0.000000000e+00 0.000000000e+00 1.000000000e+00
-8.006931841e-02 -2.954839468e+00 8.132802248e-01 -2.200746775e+00 -2.667753696e-01 -2.984144211e+00 5.012753606e-01 -2.411769629e+00 0.000000000e+00 0.000000000e+00 0.000000000e+00 1.000000000e+00
-8.055611849e-01 -3.302037716e+00 -6.139211655e-01 -2.482347727e+00 -8.155586123e-01 -3.293405294e+00 -5.781021714e-01 -2.527070999e+00 0.000000000e+00 0.000000000e+00 0.000000000e+00 1.000000000e+00
-4.938194156e-01 -3.309384823e+00 -9.955704808e-01 -2.848926306e+00 -2.257781774e-01 -3.216629982e+00 -7.078360319e-01 -2.444355726e+00 0.000000000e+00 0.000000000e+00 0.000000000e+00 1.000000000e+00
9.644724429e-02 -3.379619598e+00 -6.662377715e-01 -2.986383677e+00 -1.827040166e-01 -3.327083111e+00 -5.771729350e-01 -2.349215508e+00 0.000000000e+00 0.000000000e+00 0.000000000e+00 1.000000000e+00
2.407508045e-01 -3.027612209e+00 -1.792159230e-01 -2.308142900e+00 -2.732211351e-01 -3.022418976e+00 -2.245817780e-01 -2.100492001e+00 0.000000000e+00 0.000000000e+00 0.000000000e+00 1.000000000e+00
-5.838690400e-01 -2.840288877e+00 -4.177919030e-01 -2.152898550e+00 -8.753970861e-01 -2.856124640e+00 -4.967282712e-01 -2.086157322e+00 0.000000000e+00 0.000000000e+00 0.000000000e+00 1.000000000e+00
-4.719162881e-01 -2.534324408e+00 -6.037465334e-01 -1.742130876e+00 -7.196561098e-01 -2.518925428e+00 -7.214215994e-01 -1.735559344e+00 0.000000000e+00 0.000000000e+00 0.000000000e+00 1.000000000e+00
-4.294360876e-01 -2.352216244e+00 -8.702793121e-01 -1.450141311e+00 -6.726896167e-01 -2.345063448e+00 -8.721321225e-01 -1.542874336e+00 0.000000000e+00 0.000000000e+00 0.000000000e+00 1.000000000e+00
3.277734518e-01 -2.314740419e+00 -5.587500334e-01 -1.515547395e+00 1.108306170e+00 -2.362559080e+00 1.049739361e+00 -1.268534660e+00 0.000000000e+00 0.000000000e+00 0.000000000e+00 1.000000000e+00
1.281544447e+00 -1.741907239e+00 1.208640814e+00 -8.141681552e-01 1.017011642e+00 -1.805325627e+00 1.569066048e-01 -8.661164045e-01 0.000000000e+00 0.000000000e+00 0.000000000e+00 1.000000000e+00
5.353328586e-01 -1.437084436e+00 -5.429929495e-01 -5.817298889e-01 1.744441688e-01 -1.449583888e+00 -1.155843139e+00 -7.425835133e-01 0.000000000e+00 0.000000000e+00 0.000000000e+00 1.000000000e+00
-6.429189444e-01 -1.355235696e+00 -1.361585736e+00 -7.192280889e-01 3.546690643e-01 -1.337708712e+00 -7.524091005e-02 -6.970964074e-01 0.000000000e+00 0.000000000e+00 0.000000000e+00 1.000000000e+00
-3.406536579e-01 -7.953854203e-01 3.890076280e-01 -3.137035668e-01 -2.160905898e-01 -7.839126587e-01 9.924957752e-01 -3.401454687e-01 0.000000000e+00 0.000000000e+00 0.000000000e+00 1.000000000e+00
-4.110420346e-01 -2.277993858e-01 -2.560107410e-02 6.332495809e-02 3.450415134e-01 -2.307433188e-01 -2.911392748e-01 1.250027716e-01 0.000000000e+00 0.000000000e+00 0.000000000e+00 1.000000000e+00
2.372587621e-01 -1.432171762e-01 -3.006305099e-01 2.150197327e-01 1.029655576e+00 -1.899602562e-01 -1.919744611e-01 2.784470320e-01 0.000000000e+00 0.000000000e+00 0.000000000e+00 1.000000000e+00
6.211120486e-01 -1.906197965e-01 1.639857888e-03 2.710652947e-01 5.302785039e-01 -2.212872207e-01 -4.687711596e-01 2.349777073e-01 0.000000000e+00 0.000000000e+00 0.000000000e+00 1.000000000e+00
2.481527328e-01 -2.464562953e-01 -5.591415763e-01 8.275806904e-02 -2.266412675e-01 -2.306371927e-01 -4.338445961e-01 3.454101086e-02 0.000000000e+00 0.000000000e+00 0.000000000e+00 1.000000000e+00
-1.003161222e-01 -1.968871951e-01 -8.289594054e-01 3.007740527e-02 1.333885789e-01 -2.064790875e-01 -6.226136088e-01 3.257955611e-02 0.000000000e+00 0.000000000e+00 0.000000000e+00 1.000000000e+00
1.916890740e-01 -1.263577789e-01 2.311844975e-01 1.525665820e-01 6.141306758e-01 -1.788327098e-01 4.946311712e-01 1.501097381e-01 0.000000000e+00 0.000000000e+00 0.000000000e+00 1.000000000e+00
4.384782910e-01 -2.065598965e-01 1.960403025e-01 2.007829398e-01 2.354472280e-01 -2.266228795e-01 -7.187438011e-01 1.330775172e-01 0.000000000e+00 0.000000000e+00 0.000000000e+00 1.000000000e+00
9.419071674e-02 -1.786570698e-01 -8.261992335e-01 7.364612073e-02 1.604391038e-01 -1.686191708e-01 -1.505234957e+00 9.233955294e-02 0.000000000e+00 0.000000000e+00 0.000000000e+00 1.000000000e+00
4.783645570e-01 -1.792672724e-01 -2.286250114e+00 7.693254948e-02 3.445439637e-01 -2.074736506e-01 -1.157569170e+00 3.471872211e-02 0.000000000e+00 0.000000000e+00 0.000000000e+00 1.000000000e+00
6.863568425e-01 -2.217640877e-01 1.661183715e+00 6.783386320e-02 3.420929313e-01 -2.897931337e-01 3.724475622e+00 -9.121616185e-02 0.000000000e+00 0.000000000e+00 0.000000000e+00 1.000000000e+00
-3.462475538e-02 -2.112948895e-01 2.647626638e+00 1.161651462e-01 -4.405411482e-01 -2.253529727e-01 -2.322039306e-01 1.668383926e-01 0.000000000e+00 0.000000000e+00 0.000000000e+00 1.000000000e+00
-5.251780748e-01 -2.402428985e-01 -2.816171169e+00 5.788154900e-02 -6.101107597e-01 -1.950424165e-01 -3.000490189e+00 3.195422143e-02 0.000000000e+00 0.000000000e+00 0.000000000e+00 1.000000000e+00
-1.930361986e-01 -2.883066833e-01 -9.946043491e-01 5.213444307e-02 7.994804382e-01 -3.137364089e-01 -8.760463446e-02 6.991587579e-02 0.000000000e+00 0.000000000e+00 0.000000000e+00 1.000000000e+00
4.244055450e-01 -2.929630280e-01 -4.140024632e-02 4.956316203e-02 1.458941400e-01 -3.334959745e-01 -5.939779878e-01 -2.453057468e-02 0.000000000e+00 0.000000000e+00 0.000000000e+00 1.000000000e+00
-9.220643342e-02 -3.269990683e-01 -2.615668178e-01 -1.483740956e-01 2.266996950e-01 -3.460659385e-01 -5.295684934e-01 -9.831620008e-02 0.000000000e+00 0.000000000e+00 0.000000000e+00 1.000000000e+00
-1.201110631e-01 -2.775369883e-01 -4.598894119e-01 -9.316690266e-02 1.993137747e-01 -2.877588570e-01 -7.087600827e-01 -1.058237851e-01 0.000000000e+00 0.000000000e+00 0.000000000e+00 1.000000000e+00
3.370188475e-01 -2.527611852e-01 -1.005706117e-01 4.097376764e-02 4.472899437e-01 -2.550178766e-01 2.361491174e-01 6.196370721e-02 0.000000000e+00 0.000000000e+00 0.000000000e+00 1.000000000e+00
-1.536914855e-01 -3.630702198e-01 1.388639063e-01 -2.180390656e-01 -1.399933100e-01 -3.499395847e-01 3.904356435e-02 -2.029486299e-01 0.000000000e+00 0.000000000e+00 0.000000000e+00 1.000000000e+00
4.898068905e-01 -3.205614686e-01 5.647623539e-01 -1.333923489e-01 4.861996174e-01 -3.631805182e-01 8.197363019e-01 -1.691697389e-01 0.000000000e+00 0.000000000e+00 0.000000000e+00 1.000000000e+00
1.436336339e-02 -2.633078396e-01 -3.540025651e-02 -2.272199690e-01 1.223566979e-01 -2.837915421e-01 -5.543506145e-01 -2.254922092e-01 0.000000000e+00 0.000000000e+00 0.000000000e+00 1.000000000e+00
1.738179028e-01 -2.603789866e-01 2.689709961e-01 -8.494383097e-02 4.713005126e-01 -2.861072421e-01 -5.152691156e-02 -6.563319266e-02 0.000000000e+00 0.000000000e+00 0.000000000e+00 1.000000000e+00
1.081069410e-01 -2.406488657e-01 -6.694952846e-01 1.069675013e-02 2.917402089e-01 -3.084697127e-01 -3.465514779e-01 -1.721578836e-02 0.000000000e+00 0.000000000e+00 0.000000000e+00 1.000000000e+00
6.967272609e-02 -2.484732568e-01 1.549733579e-01 -1.725548804e-01 7.921166718e-03 -2.777643800e-01 5.231149793e-01 -1.449478567e-01 0.000000000e+00 0.000000000e+00 0.000000000e+00 1.000000000e+00
3.404711187e-01 -2.979014516e-01 5.217547417e-01 -6.432272494e-05 5.103425384e-01 -3.030867577e-01 1.454392821e-01 5.835492909e-02 0.000000000e+00 0.000000000e+00 0.000000000e+00 1.000000000e+00
4.582781792e-01 -2.991519570e-01 5.340859294e-03 1.462396234e-01 7.193316221e-01 -3.345999718e-01 3.304224461e-02 1.250641197e-01 0.000000000e+00 0.000000000e+00 0.000000000e+00 1.000000000e+00
8.556759953e-01 -2.832697630e-01 5.822420716e-01 3.152205944e-01 8.756970167e-01 -3.071683049e-01 1.880537122e-01 3.312134445e-01 0.000000000e+00 0.000000000e+00 0.000000000e+00 1.000000000e+00
4.169988632e-01 -2.986226380e-01 6.908118725e-03 2.063607424e-01 3.169818223e-01 -3.296608329e-01 -1.308549792e-01 1.642750800e-01 0.000000000e+00 0.000000000e+00 0.000000000e+00 1.000000000e+00
4.715880156e-01 -3.123286068e-01 6.475150585e-03 1.024219841e-01 5.819506049e-01 -3.588459790e-01 2.412609756e-02 8.872079849e-02 0.000000000e+00 0.000000000e+00 0.000000000e+00 1.000000000e+00
4.836561084e-01 -3.210885823e-01 -2.234267294e-01 7.638863474e-02 7.073088288e-01 -3.702901006e-01 -2.383427471e-01 1.355513930e-02 0.000000000e+00 0.000000000e+00 0.000000000e+00 1.000000000e+00
5.178748369e-01 -1.870441884e-01 -3.362113833e-01 2.007643133e-02 1.423163712e-01 -2.238356024e-01 -1.973492056e-01 -4.269598424e-02 0.000000000e+00 0.000000000e+00 0.000000000e+00 1.000000000e+00
-2.620004416e-01 -1.836095601e-01 -4.070630372e-01 -2.233781517e-01 -1.281751841e-01 -2.202217728e-01 -3.800846040e-01 -2.516077161e-01 0.000000000e+00 0.000000000e+00 0.000000000e+00 1.000000000e+00
1.457038075e-01 -1.674913168e-01 -5.656555295e-03 -2.635280788e-02 -4.689925164e-02 -2.161712348e-01 3.761825860e-01 -8.658826351e-02 0.000000000e+00 0.000000000e+00 0.000000000e+00 1.000000000e+00
1.306232810e-01 -1.842130572e-01 3.068116307e-01 6.473064423e-02 2.964707017e-01 -2.359158099e-01 -2.263821661e-01 2.238607407e-02 0.000000000e+00 0.000000000e+00 0.000000000e+00 1.000000000e+00
2.247347534e-01 -2.282837629e-01 -8.076726198e-01 -7.909983397e-02 3.370013237e-01 -2.780047953e-01 -7.776458859e-01 -1.182209253e-01 0.000000000e+00 0.000000000e+00 0.000000000e+00 1.000000000e+00
2.167416513e-01 -1.670612991e-01 -4.254503846e-01 8.417243138e-03 3.494965136e-01 -2.208545953e-01 1.500091553e-01 7.129311562e-04 0.000000000e+00 0.000000000e+00 0.000000000e+00 1.000000000e+00
1.503485441e-01 -2.559311688e-01 7.123289257e-02 -1.015520394e-01 1.406558901e-01 -2.828453183e-01 -4.792433083e-01 -1.201801151e-01 0.000000000e+00 0.000000000e+00 0.000000000e+00 1.000000000e+00
-1.918874085e-01 -2.991440892e-01 -1.021169662e+00 -2.067400813e-01 -1.984169185e-01 -3.005429506e-01 -9.979163408e-01 -1.247611791e-01 0.000000000e+00 0.000000000e+00 0.000000000e+00 1.000000000e+00
-6.992915869e-01 -2.269572914e-01 -4.265622497e-01 -3.377680779e-01 -6.622154117e-01 -2.409783304e-01 -1.054771841e-01 -3.062568307e-01 0.000000000e+00 0.000000000e+00 0.000000000e+00 1.000000000e+00
-9.061178565e-02 -3.114522398e-01 6.777994633e-01 -2.602962255e-01 -9.439528733e-02 -3.264145851e-01 3.990742266e-01 -3.006182313e-01 0.000000000e+00 0.000000000e+00 0.000000000e+00 1.000000000e+00
-1.960282177e-01 -3.521606028e-01 5.259028673e-01 -2.869112194e-01 -2.635007203e-01 -3.465004563e-01 -4.671063423e-01 -2.816738188e-01 0.000000000e+00 0.000000000e+00 0.000000000e+00 1.000000000e+00
-7.324757576e-01 -2.692594826e-01 -6.471221447e-01 -3.145897388e-01 -9.867436886e-01 -3.206445873e-01 -1.191552639e+00 -3.331724405e-01 0.000000000e+00 0.000000000e+00 0.000000000e+00 1.000000000e+00
-7.359005809e-01 -2.664653361e-01 -9.386051297e-01 -4.163383245e-01 -4.877287745e-01 -3.098445535e-01 5.584409088e-02 -4.299862981e-01 0.000000000e+00 0.000000000e+00 0.000000000e+00 1.000000000e+00
9.651884437e-02 -3.519191742e-01 8.700639009e-01 -2.831418812e-01 6.218720078e-01 -3.980683088e-01 6.018401980e-01 -1.995650977e-01 0.000000000e+00 0.000000000e+00 0.000000000e+00 1.000000000e+00
4.208292365e-01 -3.672150373e-01 4.187707603e-02 -1.467490494e-01 5.493115187e-01 -4.233533740e-01 -1.574179083e-01 -1.775196493e-01 0.000000000e+00 0.000000000e+00 0.000000000e+00 1.000000000e+00
-6.843984127e-03 -2.954619229e-01 -3.928503096e-01 -6.426753104e-02 -1.924089193e-01 -3.059283197e-01 -9.037831426e-01 -1.148566902e-01 0.000000000e+00 0.000000000e+00 0.000000000e+00 1.000000000e+00
-1.108560115e-01 -3.486111164e-01 -2.940763831e-01 -8.532851189e-02 3.015351892e-01 -4.040642977e-01 5.648604631e-01 -5.904107541e-02 0.000000000e+00 0.000000000e+00 0.000000000e+00 1.000000000e+00
7.305741310e-01 -3.238156438e-01 1.471502185e+00 4.491515085e-02 8.977782726e-01 -3.191668391e-01 9.915997982e-01 1.435982287e-01 0.000000000e+00 0.000000000e+00 0.000000000e+00 1.000000000e+00
2.447415888e-02 -2.852422595e-01 2.737662792e-01 -2.591758221e-02 -6.511635184e-01 -2.712959647e-01 -1.498188853e+00 -1.021244079e-01 0.000000000e+00 0.000000000e+00 0.000000000e+00 1.000000000e+00
-5.356135964e-01 -2.225523144e-01 -1.227425337e+00 -1.756787747e-01 -3.821527362e-01 -2.506009936e-01 -3.910636306e-01 -1.666440964e-01 0.000000000e+00 0.000000000e+00 0.000000000e+00 1.000000000e+00
-5.327914953e-01 -1.979084313e-01 3.790462017e-02 -1.449129581e-01 -3.761218786e-01 -2.082565427e-01 -6.483314931e-02 -1.690841019e-01 0.000000000e+00 0.000000000e+00 0.000000000e+00 1.000000000e+00
-5.288564563e-01 -2.143967748e-01 3.669388294e-01 -1.349766403e-01 4.549393430e-02 -2.317467928e-01 6.370658278e-01 -1.536940932e-01 0.000000000e+00 0.000000000e+00 0.000000000e+00 1.000000000e+00
2.279242426e-01 -3.128551543e-01 9.569230676e-01 -1.111181527e-01 -3.471029550e-02 -3.011116087e-01 -1.411762387e-01 -8.797966689e-02 0.000000000e+00 0.000000000e+00 0.000000000e+00 1.000000000e+00
-5.118448734e-01 -2.585977912e-01 -9.486737847e-01 -2.079832554e-01 -4.242027402e-01 -2.468211502e-01 -1.593542814e+00 -1.489064693e-01 0.000000000e+00 0.000000000e+00 0.000000000e+00 1.000000000e+00
8.341924846e-02 -2.755529881e-01 -6.995634437e-01 -1.245433539e-01 -9.934344888e-02 -3.205916286e-01 -1.875832677e-03 -1.892925203e-01 0.000000000e+00 0.000000000e+00 0.000000000e+00 1.000000000e+00
4.996893406e-01 -2.593239546e-01 5.097833872e-01 -6.709524989e-02 -1.527730823e-01 -2.922363877e-01 1.360321641e+00 -1.611487865e-01 0.000000000e+00 0.000000000e+00 0.000000000e+00 1.000000000e+00
-6.548831463e-01 -1.948536634e-01 9.270813465e-01 -1.685455143e-01 -5.665019751e-01 -1.773073971e-01 -1.342125088e-01 -1.666437089e-01 0.000000000e+00 0.000000000e+00 0.000000000e+00 1.000000000e+00
-4.420286417e-01 -1.875627339e-01 -8.729605079e-01 -5.320286751e-02 -6.484941244e-01 -2.053860128e-01 -9.004719257e-01 -1.138347983e-01 0.000000000e+00 0.000000000e+00 0.000000000e+00 1.000000000e+00
-4.659760892e-01 -1.568061113e-01 -1.684474349e-01 -7.657768577e-02 -3.225588053e-02 -1.712968051e-01 1.041845679e-01 -5.428002030e-02 0.000000000e+00 0.000000000e+00 0.000000000e+00 1.000000000e+00
-4.039447606e-01 -9.459382296e-02 3.201221228e-01 -1.861582547e-01 4.060763121e-02 -1.114371866e-01 -2.522347569e-01 -7.975767553e-02 0.000000000e+00 0.000000000e+00 0.000000000e+00 1.000000000e+00
-1.829342246e-01 -6.270025671e-02 -1.116241455e+00 -1.585673839e-01 -3.660552204e-02 -9.752994776e-02 -1.267792344e+00 -1.034715846e-01 0.000000000e+00 0.000000000e+00 0.000000000e+00 1.000000000e+00
-3.003224730e-01 -1.546403170e-01 1.580971479e-01 -1.622886360e-01 -6.089099497e-02 -2.252173275e-01 3.730529547e-01 -1.670625210e-01 0.000000000e+00 0.000000000e+00 0.000000000e+00 1.000000000e+00
-8.147509694e-01 -1.724352241e-01 4.186977744e-01 -1.426559091e-01 -5.814545155e-01 -2.095059752e-01 -3.125005364e-01 -2.187408805e-01 0.000000000e+00 0.000000000e+00 0.000000000e+00 1.000000000e+00
-4.128199816e-01 -2.418813407e-01 -5.828223228e-01 -1.176347360e-01 -6.846350431e-01 -2.657813728e-01 -1.218101382e+00 -2.166427076e-01 0.000000000e+00 0.000000000e+00 0.000000000e+00 1.000000000e+00
-5.227779746e-01 -2.407272011e-01 -6.805701852e-01 -1.057846695e-01 -1.013114929e+00 -2.382919788e-01 -2.446691096e-01 -1.789301187e-01 0.000000000e+00 0.000000000e+00 0.000000000e+00 1.000000000e+00
-7.348154783e-01 -2.265261114e-01 1.987398863e-01 -5.781782418e-02 -1.013705969e+00 -1.737060845e-01 3.471290767e-01 -1.370902210e-01 0.000000000e+00 0.000000000e+00 0.000000000e+00 1.000000000e+00
-2.879972458e-01 -2.344423831e-01 3.762646019e-01 -5.261356756e-02 -1.501858979e-01 -2.223985493e-01 -2.826694846e-01 -1.427347511e-01 0.000000000e+00 0.000000000e+00 0.000000000e+00 1.000000000e+00
-1.314892471e-01 -2.391536683e-01 -4.734251797e-01 -1.374012604e-02 -3.810512722e-01 -2.140281945e-01 -1.207049489e+00 -1.075952277e-01 0.000000000e+00 0.000000000e+00 0.000000000e+00 1.000000000e+00
-2.076536417e-03 -2.603842318e-01 -8.757284880e-01 4.170530662e-02 -2.617988586e-01 -2.668686509e-01 -1.097460985e-01 -8.220430464e-02 0.000000000e+00 0.000000000e+00 0.000000000e+00 1.000000000e+00
6.094285250e-01 -2.684363127e-01 4.251433611e-01 1.468816698e-01 7.620616555e-01 -2.450882941e-01 2.603741586e-01 1.581907570e-01 0.000000000e+00 0.000000000e+00 0.000000000e+00 1.000000000e+00
6.907926798e-01 -3.313443363e-01 -1.155702025e-01 4.314155877e-02 7.100645900e-01 -2.998020649e-01 4.109415412e-01 4.674401879e-02 0.000000000e+00 0.000000000e+00 0.000000000e+00 1.000000000e+00
1.610956639e-01 -3.306595385e-01 2.689867020e-01 -6.603921205e-02 1.920005679e-01 -2.923453450e-01 -2.240700647e-02 -7.560583204e-02 0.000000000e+00 0.000000000e+00 0.000000000e+00 1.000000000e+00
2.603865862e-01 -2.613320351e-01 -5.919575095e-01 -1.029867902e-01 9.431193471e-01 -2.432273924e-01 -6.915195584e-01 -1.000917330e-01 0.000000000e+00 0.000000000e+00 0.000000000e+00 1.000000000e+00
9.473835826e-01 -2.635802031e-01 -3.310982585e-01 -9.509442374e-03 7.567666173e-01 -3.092265129e-01 -8.013891429e-02 -2.809296548e-02 0.000000000e+00 0.000000000e+00 0.000000000e+00 1.000000000e+00
8.618878126e-01 -2.618071735e-01 -5.113448203e-02 9.137703106e-03 7.567929626e-01 -3.468430042e-01 -5.268794298e-01 -3.554871678e-02 0.000000000e+00 0.000000000e+00 0.000000000e+00 1.000000000e+00
9.497639537e-02 -1.571600139e-01 -6.299691796e-01 -1.156493425e-01 2.565158606e-01 -2.131246775e-01 4.215195179e-01 -1.119681597e-01 0.000000000e+00 0.000000000e+00 0.000000000e+00 1.000000000e+00
2.297476977e-01 -2.476331145e-01 1.358311534e+00 -1.708836108e-01 -1.961889267e-01 -2.886078954e-01 4.400117323e-02 -2.387385070e-01 0.000000000e+00 0.000000000e+00 0.000000000e+00 1.000000000e+00
-8.591821790e-01 -2.218071371e-01 -1.116746545e+00 -2.845942974e-01 -1.117821217e+00 -2.660642564e-01 -3.742194474e-01 -2.967618406e-01 0.000000000e+00 0.000000000e+00 0.000000000e+00 1.000000000e+00
-4.562283754e-01 -2.020429075e-01 6.016186476e-01 -9.018856287e-02 -7.600005865e-01 -2.811802030e-01 2.185966522e-01 -1.914232671e-01 0.000000000e+00 0.000000000e+00 0.000000000e+00 1.000000000e+00
-3.700561523e-01 -1.582936049e-01 4.417214692e-01 -8.125513792e-02 1.480096132e-01 -1.816544235e-01 9.900059104e-01 -1.255613565e-02 0.000000000e+00 0.000000000e+00 0.000000000e+00 1.000000000e+00
-1.813845336e-01 -2.445327044e-01 5.580686331e-01 -1.978035569e-01 2.468478680e-02 -2.812220156e-01 -4.167300761e-01 -1.912270337e-01 0.000000000e+00 0.000000000e+00 0.000000000e+00 1.000000000e+00
-5.512089133e-01 -2.686216831e-01 -3.639598191e-02 -2.509642541e-01 -1.553654969e-01 -3.212084174e-01 3.107867017e-02 -2.321789265e-01 0.000000000e+00 0.000000000e+00 0.000000000e+00 1.000000000e+00
-2.204612195e-01 -3.107369542e-01 7.221536636e-01 -2.293422818e-01 -6.283317208e-01 -3.053354025e-01 -1.733975857e-01 -2.514571548e-01 0.000000000e+00 0.000000000e+00 0.000000000e+00 1.000000000e+00
-9.812934399e-01 -3.381105661e-01 -1.099007010e+00 -3.652324080e-01 -2.721185684e-01 -3.707256913e-01 -1.295403361e+00 -3.408015966e-01 0.000000000e+00 0.000000000e+00 0.000000000e+00 1.000000000e+00
-5.276232958e-01 -3.301336169e-01 -8.292131126e-02 -1.815910041e-01 -7.137154341e-01 -3.079852462e-01 1.753315628e-01 -1.679101586e-01 0.000000000e+00 0.000000000e+00 0.000000000e+00 1.000000000e+00
-4.324817359e-01 -3.197274804e-01 3.270004988e-01 -5.815078318e-02 -5.467129350e-01 -3.118607998e-01 -7.207214236e-01 -1.295432746e-01 0.000000000e+00 0.000000000e+00 0.000000000e+00 1.000000000e+00
-1.418625861e-01 -2.320099473e-01 -4.056879878e-01 -4.711977392e-02 1.073677465e-01 -2.469981015e-01 -3.029244542e-01 -3.248497099e-02 0.000000000e+00 0.000000000e+00 0.000000000e+00 1.000000000e+00
-1.711378992e-01 -2.872265577e-01 -4.382103682e-02 -9.297393262e-02 -6.414489746e-01 -2.808434665e-01 -8.958705068e-01 -2.470417619e-01 0.000000000e+00 0.000000000e+00 0.000000000e+00 1.000000000e+00
-1.033641100e+00 -2.583019137e-01 -3.018811345e-01 -2.660082281e-01 -9.059948921e-01 -2.232662439e-01 -1.014951244e-02 -2.422509640e-01 0.000000000e+00 0.000000000e+00 0.000000000e+00 1.000000000e+00
-5.346820951e-01 -2.021764815e-01 -3.028621376e-01 -1.728039533e-01 -7.910762727e-02 -2.142724991e-01 -5.016471148e-01 -1.997753084e-01 0.000000000e+00 0.000000000e+00 0.000000000e+00 1.000000000e+00
9.024561048e-01 -2.313827574e-01 1.376552463e+00 1.037136465e-01 -1.474063545e-01 -2.875387967e-01 1.657057762e+00 -1.338823289e-01 0.000000000e+00 0.000000000e+00 0.000000000e+00 1.000000000e+00
3.095864058e-01 -3.491990566e-01 2.968252301e-01 5.016719922e-03 -1.647893041e-01 -3.789384663e-01 -1.410073638e+00 -2.241890281e-01 0.000000000e+00 0.000000000e+00 0.000000000e+00 1.000000000e+00
2.648773789e-02 -2.541096210e-01 -9.349746108e-01 -1.910679042e-03 4.852448702e-01 -3.291934729e-01 -2.058204263e-03 -7.699003816e-02 0.000000000e+00 0.000000000e+00 0.000000000e+00 1.000000000e+00
6.287270188e-01 -3.987952173e-01 4.945120215e-01 -6.597575545e-02 -4.284857512e-01 -4.672214985e-01 1.239769757e-01 -1.991623193e-01 0.000000000e+00 0.000000000e+00 0.000000000e+00 1.000000000e+00
-7.974438667e-01 -3.500053585e-01 -9.499357343e-01 -2.824108899e-01 -5.743592381e-01 -3.900159597e-01 -1.044723034e+00 -2.269866019e-01 0.000000000e+00 0.000000000e+00 0.000000000e+00 1.000000000e+00
1.999555528e-01 -4.048250318e-01 -5.870392323e-01 -2.139450610e-01 9.340945482e-01 -4.731674194e-01 4.814231694e-01 -1.364412755e-01 0.000000000e+00 0.000000000e+00 0.000000000e+00 1.000000000e+00
3.025988638e-01 -3.990411758e-01 2.441469431e-01 -2.482808828e-01 1.662291437e-01 -4.637850523e-01 -6.759241819e-01 -2.193310261e-01 0.000000000e+00 0.000000000e+00 0.000000000e+00 1.000000000e+00
-7.012482285e-01 -3.938152790e-01 -6.964318156e-01 -2.594364583e-01 -6.049001217e-01 -4.237577319e-01 -4.581159949e-01 -2.324023098e-01 0.000000000e+00 0.000000000e+00 0.000000000e+00 1.000000000e+00
5.530574322e-01 -2.933814824e-01 5.295277834e-01 9.929718077e-02 7.869215012e-01 -3.385439813e-01 9.000776410e-01 1.405263990e-01 0.000000000e+00 0.000000000e+00 0.000000000e+00 1.000000000e+00
8.680676222e-01 -3.508497477e-01 8.921013474e-01 4.276057333e-02 1.941166818e-01 -3.958996236e-01 -1.872176304e-02 6.810098886e-03 0.000000000e+00 0.000000000e+00 0.000000000e+00 1.000000000e+00
2.842142284e-01 -3.161035180e-01 -2.484508008e-01 -7.220618427e-02 -3.117256761e-01 -3.398343921e-01 -3.336449564e-01 -5.652673542e-02 0.000000000e+00 0.000000000e+00 0.000000000e+00 1.000000000e+00
1.928326786e-01 -2.949615121e-01 -4.663743079e-01 -5.624294281e-03 1.309681535e-01 -3.411011696e-01 -2.859874070e-01 -1.492053270e-03 0.000000000e+00 0.000000000e+00 0.000000000e+00 1.000000000e+00
6.760120988e-01 -3.638875484e-01 5.869351029e-01 -9.910435975e-02 4.220398664e-01 -4.445063472e-01 1.157788873e+00 -1.667365432e-01 0.000000000e+00 0.000000000e+00 0.000000000e+00 1.000000000e+00
1.146934777e-01 -3.455764055e-01 3.190830648e-01 -1.247491837e-01 -2.651310861e-01 -3.711559772e-01 -2.929324508e-01 -1.245881394e-01 0.000000000e+00 0.000000000e+00 0.000000000e+00 1.000000000e+00
-8.230049610e-01 -2.551906407e-01 -3.768057525e-01 -2.300599813e-01 -1.330180764e-01 -2.688337266e-01 8.827636391e-02 -1.581313610e-01 0.000000000e+00 0.000000000e+00 0.000000000e+00 1.000000000e+00
-2.324800789e-01 -2.592629492e-01 -3.865495920e-01 -1.295635700e-01 -1.765433848e-01 -2.794083357e-01 -7.522591949e-01 -1.423707753e-01 0.000000000e+00 0.000000000e+00 0.000000000e+00 1.000000000e+00
2.212564051e-01 -2.529703081e-01 -9.170938730e-01 -3.794163465e-02 -2.255197018e-01 -2.954753041e-01 8.071478456e-02 -1.714721173e-01 0.000000000e+00 0.000000000e+00 0.000000000e+00 1.000000000e+00
2.160181105e-02 -3.431991041e-01 2.279726863e-01 -1.543325633e-01 -2.821564674e-01 -3.470071256e-01 -5.250676870e-01 -1.970697194e-01 0.000000000e+00 0.000000000e+00 0.000000000e+00 1.000000000e+00
1.518994123e-01 -2.871887386e-01 -6.847702265e-01 -4.475598037e-02 -4.615958631e-01 -3.236260414e-01 7.089223862e-01 -1.965403110e-01 0.000000000e+00 0.000000000e+00 0.000000000e+00 1.000000000e+00
5.766316652e-01 -3.049378693e-01 1.119621158e+00 2.862838656e-02 -5.120247602e-03 -3.283747137e-01 3.214519918e-01 2.988789976e-02 0.000000000e+00 0.000000000e+00 0.000000000e+00 1.000000000e+00
-2.953946590e-03 -2.464947253e-01 -9.418589473e-01 -1.299374923e-02 -7.279949188e-01 -2.180256546e-01 -1.090545654e+00 -1.075199246e-01 0.000000000e+00 0.000000000e+00 0.000000000e+00 1.000000000e+00
-7.252694368e-01 -3.276936412e-01 -6.903180480e-01 -2.604475617e-01 -6.364383698e-01 -3.165574670e-01 2.865773141e-01 -2.913693786e-01 0.000000000e+00 0.000000000e+00 0.000000000e+00 1.000000000e+00
-4.906632304e-01 -2.897581458e-01 6.499266624e-01 -1.880552173e-01 -3.162801862e-01 -2.823948264e-01 1.431055069e-01 -1.919495314e-01 0.000000000e+00 0.000000000e+00 0.000000000e+00 1.000000000e+00
3.249019384e-02 -2.152289450e-01 -2.446326017e-01 -6.085529178e-02 -1.444050521e-01 -2.368503213e-01 -2.275445014e-01 -4.717143625e-02 0.000000000e+00 0.000000000e+00 0.000000000e+00 1.000000000e+00
6.404650211e-01 -1.137592047e-01 -3.613812625e-01 1.656128317e-01 3.331346512e-01 -1.346175969e-01 -5.248610973e-01 1.880813986e-01 0.000000000e+00 0.000000000e+00 0.000000000e+00 1.000000000e+00
-1.886921823e-01 -1.963894665e-01 -1.842593253e-01 -6.348251365e-03 -6.109324694e-01 -1.851538271e-01 -5.280708075e-01 -2.377132699e-02 0.000000000e+00 0.000000000e+00 0.000000000e+00 1.000000000e+00
-4.687944949e-01 -1.195952669e-01 6.987905502e-02 -3.689572215e-03 -9.523324370e-01 -1.519729793e-01 6.115559340e-01 -7.652027160e-02 0.000000000e+00 0.000000000e+00 0.000000000e+00 1.000000000e+00
-5.889603496e-01 -1.956796050e-01 -2.035917640e-01 -1.080294400e-01 -9.714935422e-01 -1.746127903e-01 -1.385540485e+00 -1.299894601e-01 0.000000000e+00 0.000000000e+00 0.000000000e+00 1.000000000e+00
-8.085154295e-01 -1.045971513e-01 -1.245167732e+00 -9.905879200e-02 -1.186888099e+00 -8.304788917e-02 -1.180471659e+00 -9.103424847e-02 0.000000000e+00 0.000000000e+00 0.000000000e+00 1.000000000e+00
-4.391250610e-01 9.667083621e-02 -4.060975313e-01 7.964003086e-02 1.049452305e+00 7.596403360e-02 6.409283876e-01 1.936461926e-01 0.000000000e+00 0.000000000e+00 0.000000000e+00 1.000000000e+00
1.055030465e+00 1.094058827e-01 1.082525373e+00 2.846353054e-01 1.646755219e+00 4.325031489e-02 2.201257497e-01 2.256054580e-01 0.000000000e+00 0.000000000e+00 0.000000000e+00 1.000000000e+00
1.409066558e+00 1.174969375e-01 -6.173248887e-01 4.161918759e-01 6.558767557e-01 7.005935907e-02 6.018917263e-02 2.980094552e-01 0.000000000e+00 0.000000000e+00 0.000000000e+00 1.000000000e+00
4.713754356e-02 6.969071925e-02 5.783054233e-01 1.338724494e-01 -9.321453571e-01 5.085196346e-02 -5.556157827e-01 3.693397343e-02 0.000000000e+00 0.000000000e+00 0.000000000e+00 1.000000000e+00
-6.639947891e-01 8.406046778e-02 -1.006631136e+00 8.461602032e-03 -8.398385644e-01 8.628949523e-02 3.155313134e-01 -5.571253598e-03 0.000000000e+00 0.000000000e+00 0.000000000e+00 1.000000000e+00
-3.288926482e-01 -3.713690490e-02 4.575434327e-01 3.162677586e-02 -5.180540085e-01 -5.111498013e-02 5.201984644e-01 -4.473313689e-03 0.000000000e+00 0.000000000e+00 0.000000000e+00 1.000000000e+00
9.607234001e-01 -8.212194592e-02 3.314960599e-01 2.735640109e-01 8.908739090e-01 -1.401803792e-01 1.005247951e+00 2.268516123e-01 0.000000000e+00 0.000000000e+00 0.000000000e+00 1.000000000e+00
1.256830215e+00 -9.707450867e-02 5.243371129e-01 3.040669262e-01 9.398140907e-01 -1.879903674e-01 -7.758001983e-02 2.255610675e-01 0.000000000e+00 0.000000000e+00 0.000000000e+00 1.000000000e+00
8.202604055e-01 -1.418901086e-01 -7.506194711e-01 2.297619879e-01 7.112433910e-01 -1.902171075e-01 -9.064196348e-01 1.586064547e-01 0.000000000e+00 0.000000000e+00 0.000000000e+00 1.000000000e+00
9.425153732e-01 -1.961030066e-01 1.088267788e-01 2.421992421e-01 7.969697714e-01 -2.569381893e-01 4.285654128e-01 1.673737615e-01 0.000000000e+00 0.000000000e+00 0.000000000e+00 1.000000000e+00
-3.880344927e-01 -1.102389693e-01 -1.144997478e-01 -2.223664895e-02 -5.282512307e-01 -1.377433836e-01 -7.370148301e-01 -7.053479552e-02 0.000000000e+00 0.000000000e+00 0.000000000e+00 1.000000000e+00
-1.104146481e+00 -2.284857258e-02 -8.403026462e-01 -2.246553004e-01 -1.047039390e+00 -4.803850502e-02 -3.592073917e-01 -2.140341550e-01 0.000000000e+00 0.000000000e+00 0.000000000e+00 1.000000000e+00
-7.583459020e-01 1.268468797e-03 4.374969602e-01 -3.062183037e-02 -8.007404208e-02 -1.308786869e-02 7.993157506e-01 -1.216718554e-02 0.000000000e+00 0.000000000e+00 0.000000000e+00 1.000000000e+00
-1.565928459e-01 -2.270531654e-02 3.637962937e-01 3.930457309e-02 -2.329639792e-01 -6.376008689e-02 8.636181056e-02 -2.705423534e-02 0.000000000e+00 0.000000000e+00 0.000000000e+00 1.000000000e+00
-4.509302080e-01 2.623070031e-03 -5.958091021e-01 -9.668048471e-02 -8.262652755e-01 -2.840964496e-02 -3.161047101e-01 -1.337811202e-01 0.000000000e+00 0.000000000e+00 0.000000000e+00 1.000000000e+00
-3.770106733e-01 -4.551589116e-02 2.717280090e-01 -2.766106091e-02 -5.811979175e-01 -6.681901217e-02 8.227738738e-01 -2.458032966e-02 0.000000000e+00 0.000000000e+00 0.000000000e+00 1.000000000e+00
-5.511425734e-01 1.761128753e-02 1.010019779e+00 -3.396385908e-02 -2.157134414e-01 -1.174101233e-02 4.411529899e-01 -5.588423461e-02 0.000000000e+00 0.000000000e+00 0.000000000e+00 1.000000000e+00
-5.316818953e-01 -6.242959201e-02 -3.017330468e-01 -9.134434164e-02 -7.836657763e-02 -1.124647558e-01 -6.911320686e-01 -6.785732508e-02 0.000000000e+00 0.000000000e+00 0.000000000e+00 1.000000000e+00
-2.510824502e-01 3.202191740e-02 -9.115768671e-01 -4.355201870e-02 -5.194261074e-01 2.261307091e-03 -1.085434675e+00 -1.047686338e-01 0.000000000e+00 0.000000000e+00 0.000000000e+00 1.000000000e+00
-1.109711409e+00 2.105443925e-02 -1.361753702e+00 -2.585341036e-01 -1.178647876e+00 -4.216052592e-03 -8.555202484e-01 -2.096093595e-01 0.000000000e+00 0.000000000e+00 0.000000000e+00 1.000000000e+00
-8.018721342e-01 -4.881763086e-02 6.415035725e-01 -5.193309486e-02 -5.644622445e-01 -5.879607797e-02 6.748682857e-01 -5.163048953e-02 0.000000000e+00 0.000000000e+00 0.000000000e+00 1.000000000e+00
-5.210047960e-01 -8.081409335e-02 7.848029137e-01 -4.266253486e-02 -6.228190660e-01 -7.767945528e-02 2.297503352e-01 -5.191380158e-02 0.000000000e+00 0.000000000e+00 0.000000000e+00 1.000000000e+00
-5.874504447e-01 -8.113928139e-02 1.112402380e-01 -1.046261564e-01 -3.000003099e-01 -5.059491098e-02 -4.378327131e-01 -7.166133821e-02 0.000000000e+00 0.000000000e+00 0.000000000e+00 1.000000000e+00
-3.762509227e-01 -8.848209679e-02 -7.564981580e-01 -9.388785064e-02 -2.484323680e-01 -8.836745471e-02 -4.048174322e-01 -8.942811936e-02 0.000000000e+00 0.000000000e+00 0.000000000e+00 1.000000000e+00
2.918390334e-01 -1.016836166e-01 7.574660778e-01 4.468876868e-03 3.104767501e-01 -1.494683325e-01 1.012665391e+00 4.196914285e-02 0.000000000e+00 0.000000000e+00 0.000000000e+00 1.000000000e+00
5.289604664e-01 -7.321989536e-02 4.123215973e-01 4.276280850e-02 3.571797907e-01 -1.444623023e-01 4.973618388e-01 -2.319484949e-03 0.000000000e+00 0.000000000e+00 0.000000000e+00 1.000000000e+00
-1.182860881e-01 -1.176443547e-01 8.451667428e-01 -9.639188647e-02 -4.687287807e-01 -1.357553601e-01 -8.157475591e-01 -9.405401349e-02 0.000000000e+00 0.000000000e+00 0.000000000e+00 1.000000000e+00
-7.879872322e-01 -4.709282517e-02 -1.730187297e+00 -5.108305439e-02 -2.944016457e-01 -5.033982545e-02 -1.237300396e+00 1.948484033e-02 0.000000000e+00 0.000000000e+00 0.000000000e+00 1.000000000e+00
2.822303772e-02 -7.336278260e-02 2.906839848e-01 1.689381897e-01 7.239614725e-01 -1.193330735e-01 9.407401681e-01 1.658658534e-01 0.000000000e+00 0.000000000e+00 0.000000000e+00 1.000000000e+00
4.301621318e-01 -1.077062637e-01 9.231730700e-01 1.633799076e-01 -1.059937179e-01 -1.132887453e-01 -5.767462254e-01 7.601660490e-02 0.000000000e+00 0.000000000e+00 0.000000000e+00 1.000000000e+00
-4.824952781e-02 -6.956132501e-02 -1.053509831e+00 3.246342391e-02 -3.285414577e-01 -6.495527178e-02 -9.780622125e-01 -4.300118610e-02 0.000000000e+00 0.000000000e+00 0.000000000e+00 1.000000000e+00
3.898736537e-01 -7.277780771e-02 -7.925333083e-02 1.692698151e-01 3.169680536e-01 -7.647118717e-02 1.675489545e+00 1.340123117e-01 0.000000000e+00 0.000000000e+00 0.000000000e+00 1.000000000e+00
-5.966484547e-02 -3.334427625e-02 1.881973743e+00 1.626974791e-01 -1.268215537e+00 -7.380579412e-02 5.775150657e-02 -9.266443551e-03 0.000000000e+00 0.000000000e+00 0.000000000e+00 1.000000000e+00
-6.226042509e-01 -6.659595668e-02 -1.048673511e+00 -1.085367054e-01 -9.855844975e-01 -1.021761298e-01 -1.144432902e+00 -1.939748228e-01 0.000000000e+00 0.000000000e+00 0.000000000e+00 1.000000000e+00
3.347620368e-01 5.058456957e-02 4.466566443e-01 1.727617532e-01 3.111934662e-01 -7.472701371e-03 1.205548286e+00 1.604716182e-01 0.000000000e+00 0.000000000e+00 0.000000000e+00 1.000000000e+00
2.879645526e-01 -6.535963714e-02 5.025703907e-01 3.088960424e-02 -4.414325356e-01 -1.281343848e-01 -1.961488724e-01 -5.956029892e-02 0.000000000e+00 0.000000000e+00 0.000000000e+00 1.000000000e+00
-3.583685458e-01 -7.760515064e-02 -1.486189812e-01 -1.236496642e-01 -4.975625277e-01 -9.220065922e-02 -1.377389312e+00 -1.266319156e-01 0.000000000e+00 0.000000000e+00 0.000000000e+00 1.000000000e+00
-5.370795727e-01 -3.097117506e-02 -1.584807277e+00 -8.592869341e-02 -2.240996063e-01 -5.351516604e-02 -3.086653948e-01 -8.684801310e-02 0.000000000e+00 0.000000000e+00 0.000000000e+00 1.000000000e+00
1.856035292e-01 -1.201434433e-01 1.089132071e+00 -9.195421636e-02 -2.662642598e-01 -1.340129972e-01 4.414216876e-01 -1.049664095e-01 0.000000000e+00 0.000000000e+00 0.000000000e+00 1.000000000e+00
-6.105337143e-01 -1.033342481e-01 -4.437597394e-01 -2.145558596e-01 -7.099757195e-01 -1.241955534e-01 -4.765971303e-01 -2.223047465e-01 0.000000000e+00 0.000000000e+00 0.000000000e+00 1.000000000e+00
9.029063582e-02 -8.387333155e-02 -4.457352459e-01 -5.855724961e-02 -5.652890205e-01 -1.218848601e-01 -5.842011571e-01 -1.443196237e-01 0.000000000e+00 0.000000000e+00 0.000000000e+00 1.000000000e+00
-1.296525449e-01 -8.534064889e-02 7.823616266e-03 -4.245736822e-02 -7.557377815e-01 -9.941937029e-02 9.709078074e-02 -1.285484135e-01 0.000000000e+00 0.000000000e+00 0.000000000e+00 1.000000000e+00
-5.961376429e-01 -1.261650324e-01 2.459211349e-01 -1.627994180e-01 -4.315799475e-01 -1.360839903e-01 -4.407674670e-01 -1.521238685e-01 0.000000000e+00 0.000000000e+00 0.000000000e+00 1.000000000e+00
-3.898535371e-01 -4.766713455e-02 -5.724665523e-01 -1.037855595e-01 -3.705061078e-01 -8.211947232e-02 -7.840090394e-01 -1.269316375e-01 0.000000000e+00 0.000000000e+00 0.000000000e+00 1.000000000e+00
-4.213622212e-01 -3.489498794e-02 -5.339578986e-01 1.647609100e-02 -7.030209899e-01 -5.206754059e-02 -6.882961988e-01 -5.284827203e-02 0.000000000e+00 0.000000000e+00 0.000000000e+00 1.000000000e+00
-5.150528550e-01 -4.201792926e-02 -1.316396743e-01 -1.576627418e-02 -5.176157951e-01 -7.055761665e-02 -1.356955618e-01 -5.036211014e-02 0.000000000e+00 0.000000000e+00 0.000000000e+00 1.000000000e+00
-3.587909043e-01 -7.473897934e-02 -6.216587126e-02 -8.661564440e-02 -4.028320909e-01 -7.916117460e-02 -5.512738228e-02 -6.293351203e-02 0.000000000e+00 0.000000000e+00 0.000000000e+00 1.000000000e+00
8.569078147e-02 -5.080406368e-02 4.750787914e-01 -8.353739977e-04 2.483440638e-01 -7.216425240e-02 4.499696493e-01 -3.723524511e-03 0.000000000e+00 0.000000000e+00 0.000000000e+00 1.000000000e+00
3.273501992e-03 -1.730490103e-02 6.080396175e-01 1.171147525e-01 -4.925505221e-01 -3.767435998e-02 1.467809081e-01 1.310798526e-02 0.000000000e+00 0.000000000e+00 0.000000000e+00 1.000000000e+00
-1.409727037e-01 -4.282264039e-02 -5.769906640e-01 2.014472336e-02 -7.184568048e-01 -4.942565411e-02 -1.099973679e+00 -8.785967529e-02 0.000000000e+00 0.000000000e+00 0.000000000e+00 1.000000000e+00
-3.145825118e-02 -1.032360047e-01 -1.286639571e-01 2.450157702e-02 8.038271964e-02 -1.220360175e-01 6.618797183e-01 -5.115704983e-02 0.000000000e+00 0.000000000e+00 0.000000000e+00 1.000000000e+00
2.296334356e-01 -8.712594211e-02 1.616278291e+00 1.093435958e-01 2.375235558e-01 -9.021583945e-02 9.760476947e-01 1.121482104e-01 0.000000000e+00 0.000000000e+00 0.000000000e+00 1.000000000e+00
-6.242829561e-02 -9.134456515e-03 -2.321176529e-01 1.276468635e-01 -5.549157858e-01 -3.878166527e-02 -9.245910645e-01 5.037787557e-02 0.000000000e+00 0.000000000e+00 0.000000000e+00 1.000000000e+00
-2.674742341e-01 -8.614073694e-02 -7.775510848e-02 1.128111258e-01 -6.312677860e-01 -9.039173275e-02 -2.232406139e-01 4.887618124e-02 0.000000000e+00 0.000000000e+00 0.000000000e+00 1.000000000e+00
-8.975374699e-01 -1.488435268e-01 -5.068291426e-01 -8.454225212e-02 -9.768222570e-01 -1.176570505e-01 -4.060678482e-01 -6.733684987e-02 0.000000000e+00 0.000000000e+00 0.000000000e+00 1.000000000e+00
-4.695670009e-01 -1.003754511e-01 2.157513201e-01 1.005690545e-02 -8.068869114e-01 -9.678393602e-02 4.207805693e-01 -7.250060141e-02 0.000000000e+00 0.000000000e+00 0.000000000e+00 1.000000000e+00
-1.104983449e+00 -1.753234267e-01 2.280633152e-01 -1.066902503e-01 -1.439945579e+00 -1.171566620e-01 -4.727559090e-01 -2.312173545e-01 0.000000000e+00 0.000000000e+00 0.000000000e+00 1.000000000e+00
-1.105597258e+00 -1.573657095e-01 -9.360519648e-01 -2.223237753e-01 -6.422992349e-01 -8.869548142e-02 -5.946558118e-01 -1.504914910e-01 0.000000000e+00 0.000000000e+00 0.000000000e+00 1.000000000e+00
-7.046030164e-01 -1.409152597e-01 5.101213455e-01 -1.174208894e-01 -5.431829691e-01 -1.162236333e-01 1.093034148e+00 -1.610124856e-01 0.000000000e+00 0.000000000e+00 0.000000000e+00 1.000000000e+00
-4.194070697e-01 -1.394934505e-01 7.502778769e-01 -1.744657755e-01 -4.002245665e-01 -1.228537410e-01 2.066347152e-01 -2.135491818e-01 0.000000000e+00 0.000000000e+00 0.000000000e+00 1.000000000e+00
1.735587716e-01 -1.657945067e-01 -5.066595972e-02 -1.204378530e-01 3.964257836e-01 -1.815553159e-01 4.468522668e-01 -1.753445268e-01 0.000000000e+00 0.000000000e+00 0.000000000e+00 1.000000000e+00
2.365911603e-01 -2.213988006e-01 1.732217073e-01 -6.568244100e-02 -1.101412103e-01 -2.203708887e-01 1.199228317e-01 -1.934036613e-01 0.000000000e+00 0.000000000e+00 0.000000000e+00 1.000000000e+00
-4.833154082e-01 -3.811646104e-01 -1.383849978e-02 -3.083675802e-01 -4.445208013e-01 -3.201459646e-01 6.480450630e-01 -3.516134024e-01 0.000000000e+00 0.000000000e+00 0.000000000e+00 1.000000000e+00
-5.808259249e-01 -2.925707996e-01 1.266348213e-01 -2.576911449e-01 -8.101106882e-01 -2.241020203e-01 -5.164407492e-01 -2.952417433e-01 0.000000000e+00 0.000000000e+00 0.000000000e+00 1.000000000e+00
-6.598761082e-01 -3.932393193e-01 -4.833635092e-01 -4.839885533e-01 -4.563584328e-01 -3.751440346e-01 3.076127917e-02 -5.269902945e-01 0.000000000e+00 0.000000000e+00 0.000000000e+00 1.000000000e+00
-7.619029284e-01 -5.714899898e-01 4.953727722e-01 -5.192685127e-01 -2.049263269e-01 -6.094725132e-01 4.848903418e-01 -4.792547822e-01 0.000000000e+00 0.000000000e+00 0.000000000e+00 1.000000000e+00
-1.886104643e-01 -8.393977284e-01 6.610397696e-01 -5.223997235e-01 -3.449060768e-02 -9.655064344e-01 4.714182019e-01 -6.285678148e-01 0.000000000e+00 0.000000000e+00 0.000000000e+00 1.000000000e+00
-1.628127098e-01 -1.085405231e+00 -5.099545717e-01 -6.583578587e-01 -3.580774367e-01 -1.183707237e+00 -4.123275876e-01 -7.467908859e-01 0.000000000e+00 0.000000000e+00 0.000000000e+00 1.000000000e+00
-2.928074598e-01 -1.600802302e+00 -4.305557013e-01 -9.261713028e-01 -9.687651992e-01 -1.704068542e+00 -2.384603322e-01 -1.331090927e+00 0.000000000e+00 0.000000000e+00 0.000000000e+00 1.000000000e+00
-7.694356441e-01 -2.096373558e+00 -5.637633801e-01 -1.173171401e+00 -6.028058529e-01 -2.151491404e+00 -3.685807884e-01 -1.279744625e+00 0.000000000e+00 0.000000000e+00 0.000000000e+00 1.000000000e+00
-8.295475245e-01 -2.511425257e+00 -8.827159405e-01 -1.479982257e+00 -7.025343180e-01 -2.564668417e+00 -1.651647836e-01 -1.841736078e+00 0.000000000e+00 0.000000000e+00 0.000000000e+00 1.000000000e+00
-4.825464487e-01 -2.752910137e+00 -2.739202976e-02 -1.304391026e+00 -5.445790887e-01 -2.907949209e+00 -2.668397725e-01 -2.157183170e+00 0.000000000e+00 0.000000000e+00 0.000000000e+00 1.000000000e+00
-9.266242385e-01 -2.681013107e+00 -7.362891436e-01 -1.756768227e+00 -8.048552275e-01 -2.819689274e+00 -3.136309981e-01 -2.131997824e+00 0.000000000e+00 0.000000000e+00 0.000000000e+00 1.000000000e+00
-1.914672136e+00 -2.710136652e+00 -5.548642278e-01 -2.399387598e+00 -4.491976500e-01 -2.908679247e+00 2.098616958e-01 -1.871454597e+00 0.000000000e+00 0.000000000e+00 0.000000000e+00 1.000000000e+00
-9.791926146e-01 -3.163627863e+00 -5.293195844e-01 -1.519716859e+00 -1.570411801e+00 -3.190762281e+00 -7.710701823e-01 -2.938766003e+00 0.000000000e+00 0.000000000e+00 0.000000000e+00 1.000000000e+00
-6.940684915e-01 -2.810315847e+00 -1.777107120e-01 -1.864202380e+00 -3.125078082e-01 -2.873671055e+00 2.972134650e-01 -1.589566231e+00 0.000000000e+00 0.000000000e+00 0.000000000e+00 1.000000000e+00
-6.838068962e-01 -2.497168064e+00 5.237019062e-01 -1.995088935e+00 -9.708677530e-01 -2.491292238e+00 1.206450701e+00 -1.694726706e+00 0.000000000e+00 0.000000000e+00 0.000000000e+00 1.000000000e+00
-5.918012857e-01 -2.109235764e+00 1.097423673e+00 -1.555011392e+00 -1.513747334e+00 -2.067960024e+00 1.579144150e-01 -2.126573563e+00 0.000000000e+00 0.000000000e+00 0.000000000e+00 1.000000000e+00
-1.435419679e+00 -2.244951248e+00 -2.074806988e-01 -2.182585478e+00 -1.221510053e+00 -2.175036430e+00 -4.878831804e-01 -1.834463716e+00 0.000000000e+00 0.000000000e+00 0.000000000e+00 1.000000000e+00
-1.070795178e+00 -2.134695530e+00 -1.492259502e-01 -2.154776573e+00 -1.481230497e+00 -1.977160692e+00 2.403091192e-01 -1.997688293e+00 0.000000000e+00 0.000000000e+00 0.000000000e+00 1.000000000e+00
-1.684341669e+00 -2.016414165e+00 7.709845304e-01 -2.079442024e+00 -1.769826412e+00 -1.883350253e+00 1.462402463e+00 -1.911977649e+00 0.000000000e+00 0.000000000e+00 0.000000000e+00 1.000000000e+00
-2.205579758e+00 -1.354873896e+00 1.605843544e+00 -1.704094291e+00 -1.462919354e+00 -1.151459932e+00 1.011174321e+00 -1.236669421e+00 0.000000000e+00 0.000000000e+00 0.000000000e+00 1.000000000e+00
-4.042884111e-01 -8.493158817e-01 2.530921698e-01 -9.563385844e-01 1.075943485e-01 -7.974019647e-01 -3.334853649e-01 -7.409614325e-01 0.000000000e+00 0.000000000e+00 0.000000000e+00 1.000000000e+00
-1.056034565e-01 -3.048259318e-01 -4.206157029e-01 -5.238773823e-01 3.561979532e-02 -2.301657498e-01 -4.980451465e-01 -4.570471644e-01 0.000000000e+00 0.000000000e+00 0.000000000e+00 1.000000000e+00
1.834488511e-01 -5.939074978e-02 -3.319830298e-01 -1.877549589e-01 2.179412842e-01 -2.105874568e-02 -2.960541248e-01 -1.752490401e-01 0.000000000e+00 0.000000000e+00 0.000000000e+00 1.000000000e+00
2.242667675e-01 3.369352967e-02 -4.418366253e-01 1.294159703e-02 4.558030665e-01 7.436352223e-02 -3.906824589e-01 8.532498777e-02 0.000000000e+00 0.000000000e+00 0.000000000e+00 1.000000000e+00
-2.771157026e-02 3.308683932e-01 -2.978528142e-01 2.472682297e-01 1.200519323e+00 3.367537856e-01 -4.642706513e-01 4.164375663e-01 0.000000000e+00 0.000000000e+00 0.000000000e+00 1.000000000e+00
9.814114571e-01 2.212635577e-01 -2.379395068e-01 4.285298586e-01 9.167290330e-01 2.511124015e-01 -1.175913513e-01 4.363447726e-01 0.000000000e+00 0.000000000e+00 0.000000000e+00 1.000000000e+00
5.913698673e-01 2.413388491e-01 1.181766316e-01 3.872638345e-01 -6.736931950e-02 2.983223796e-01 1.607463509e-02 3.058315516e-01 0.000000000e+00 0.000000000e+00 0.000000000e+00 1.000000000e+00
2.808969617e-01 2.153484821e-01 3.961446881e-02 3.070355654e-01 3.509992957e-01 2.470159233e-01 -2.165529504e-02 3.237191439e-01 0.000000000e+00 0.000000000e+00 0.000000000e+00 1.000000000e+00
8.177891374e-01 2.861449122e-01 -2.339768559e-01 4.742834866e-01 4.544382691e-01 3.057416081e-01 -4.648411870e-01 4.427088201e-01 0.000000000e+00 0.000000000e+00 0.000000000e+00 1.000000000e+00
3.833393157e-01 1.945573986e-01 -3.213238418e-01 3.192960918e-01 -8.822916746e-01 2.585254610e-01 -6.362771988e-01 1.881201863e-01 0.000000000e+00 0.000000000e+00 0.000000000e+00 1.000000000e+00
3.328306973e-02 1.740906686e-01 -3.140277565e-01 1.892753989e-01 -2.704961896e-01 1.913278252e-01 -3.458056748e-01 2.458614111e-01 0.000000000e+00 0.000000000e+00 0.000000000e+00 1.000000000e+00
5.602481365e-01 1.627444923e-01 -7.086420059e-02 3.376429975e-01 3.293341100e-01 1.638672054e-01 -2.006037831e-01 3.298280537e-01 0.000000000e+00 0.000000000e+00 0.000000000e+00 1.000000000e+00
2.118455619e-01 1.711238027e-01 2.315734327e-02 3.007912934e-01 -2.781149149e-01 1.780895591e-01 1.555223018e-01 2.315506637e-01 0.000000000e+00 0.000000000e+00 0.000000000e+00 1.000000000e+00
-3.997982740e-01 5.913974345e-02 6.180909872e-01 9.199242294e-02 -6.256645322e-01 5.216714740e-02 5.548102260e-01 7.480368018e-03 0.000000000e+00 0.000000000e+00 0.000000000e+00 1.000000000e+00
3.760907054e-02 -1.810810715e-02 9.844430089e-01 1.193507910e-01 5.117880106e-01 -5.986323953e-02 1.133248329e+00 1.008793563e-01 0.000000000e+00 0.000000000e+00 0.000000000e+00 1.000000000e+00
9.239686728e-01 -2.309671640e-01 5.841978192e-01 1.309957802e-01 2.955910563e-01 -3.274944127e-01 -4.273540154e-02 -8.988116682e-02 0.000000000e+00 0.000000000e+00 0.000000000e+00 1.000000000e+00
-1.693599671e-01 -6.272220612e-01 -4.553830922e-01 -5.359513164e-01 -7.048692107e-01 -6.704768538e-01 4.068156481e-01 -7.219651341e-01 0.000000000e+00 0.000000000e+00 0.000000000e+00 1.000000000e+00
-6.453714967e-01 -8.503745198e-01 1.045467496e+00 -7.399373651e-01 -1.101952493e-01 -9.225252271e-01 1.153615355e+00 -7.502431870e-01 0.000000000e+00 0.000000000e+00 0.000000000e+00 1.000000000e+00
-1.540553868e-01 -1.022741556e+00 6.920223832e-01 -7.860421538e-01 -1.172705144e-01 -1.088203073e+00 -7.345169783e-02 -8.226947784e-01 0.000000000e+00 0.000000000e+00 0.000000000e+00 1.000000000e+00
-6.547241211e-01 -1.205252290e+00 8.017852902e-02 -9.410577416e-01 -3.442365527e-01 -1.245457530e+00 3.330022395e-01 -9.730147719e-01 0.000000000e+00 0.000000000e+00 0.000000000e+00 1.000000000e+00
-1.386764050e-01 -1.398314118e+00 1.070960760e+00 -9.041640162e-01 9.021589160e-02 -1.529861569e+00 8.371446729e-01 -1.016522884e+00 0.000000000e+00 0.000000000e+00 0.000000000e+00 1.000000000e+00
-1.399521530e-02 -1.483608246e+00 3.319008946e-01 -8.575836420e-01 -8.227458000e-01 -1.568591475e+00 -9.247691035e-01 -1.348762989e+00 0.000000000e+00 0.000000000e+00 0.000000000e+00 1.000000000e+00
-1.522280574e+00 -1.547617555e+00 -1.608022213e+00 -1.312525630e+00 -9.294335246e-01 -1.562859416e+00 -2.163756371e+00 -1.311855316e+00 0.000000000e+00 0.000000000e+00 0.000000000e+00 1.000000000e+00
1.803173423e-01 -1.708238959e+00 -1.449892640e+00 -1.064638138e+00 -5.044310689e-01 -1.821386099e+00 -7.518553138e-01 -1.423710108e+00 0.000000000e+00 0.000000000e+00 0.000000000e+00 1.000000000e+00
-5.473990440e-01 -1.821571589e+00 -2.914398313e-01 -1.340670347e+00 -1.209837317e+00 -1.833122611e+00 -7.652711868e-01 -1.609028339e+00 0.000000000e+00 0.000000000e+00 0.000000000e+00 1.000000000e+00
-6.324779987e-01 -1.816033244e+00 -9.329124689e-01 -1.512612104e+00 2.917683423e-01 -1.827357411e+00 -7.210435718e-02 -1.267063618e+00 0.000000000e+00 0.000000000e+00 0.000000000e+00 1.000000000e+00
1.025224328e+00 -1.832489252e+00 3.961058855e-01 -9.855305552e-01 3.654985130e-01 -1.948477149e+00 -1.290620267e-01 -1.544067025e+00 0.000000000e+00 0.000000000e+00 0.000000000e+00 1.000000000e+00
1.020271033e-01 -1.937971473e+00 -1.211636782e+00 -1.433160424e+00 -7.467407584e-01 -1.992646933e+00 -1.323859930e+00 -1.969357252e+00 0.000000000e+00 0.000000000e+00 0.000000000e+00 1.000000000e+00
-2.983112931e-01 -2.023091555e+00 -6.902035475e-01 -1.589112043e+00 8.255685568e-01 -2.113836527e+00 -1.229087353e+00 -1.474802971e+00 0.000000000e+00 0.000000000e+00 0.000000000e+00 1.000000000e+00
3.611795008e-01 -2.141581535e+00 -9.064856768e-01 -1.372796893e+00 5.191338658e-01 -2.275559902e+00 -6.140722036e-01 -1.552067995e+00 0.000000000e+00 0.000000000e+00 0.000000000e+00 1.000000000e+00
-4.743485898e-02 -2.319616556e+00 -1.644909382e-01 -1.604286194e+00 -6.076674461e-01 -2.419430017e+00 1.764571965e-01 -1.860517621e+00 0.000000000e+00 0.000000000e+00 0.000000000e+00 1.000000000e+00
-3.952010870e-01 -2.101414204e+00 -6.022320986e-01 -1.600715160e+00 -3.395853639e-01 -2.121679306e+00 -1.155935749e-01 -1.519540071e+00 0.000000000e+00 0.000000000e+00 0.000000000e+00 1.000000000e+00
-1.534777582e-01 -1.753040671e+00 -8.050256968e-02 -1.214883089e+00 -6.694753468e-02 -1.771691084e+00 -5.199732780e-01 -1.119332314e+00 0.000000000e+00 0.000000000e+00 0.000000000e+00 1.000000000e+00
-1.297061443e-01 -1.435188293e+00 -1.645851433e-01 -1.112967372e+00 -9.167078733e-01 -1.400281310e+00 3.731006011e-02 -1.160638571e+00 0.000000000e+00 0.000000000e+00 0.000000000e+00 1.000000000e+00
-3.905548453e-01 -1.138069510e+00 -3.632715940e-01 -8.816570640e-01 -9.948564768e-01 -1.062307596e+00 -9.414909482e-01 -8.903256059e-01 0.000000000e+00 0.000000000e+00 0.000000000e+00 1.000000000e+00
-6.514651775e-01 -6.558164358e-01 -5.403202772e-01 -6.046112180e-01 -1.593055606e+00 -5.600080490e-01 -6.812670231e-01 -6.372523308e-01 0.000000000e+00 0.000000000e+00 0.000000000e+00 1.000000000e+00
-1.091735482e+00 -1.492252499e-01 3.793420196e-01 -2.495739311e-01 -1.739922464e-01 -9.485102445e-02 4.963061810e-01 -7.118955255e-02 0.000000000e+00 0.000000000e+00 0.000000000e+00 1.000000000e+00
5.724224448e-01 4.113316536e-02 2.257048488e-01 2.124548405e-01 1.143186018e-01 5.336409062e-02 -6.322475076e-01 1.437302828e-01 0.000000000e+00 0.000000000e+00 0.000000000e+00 1.000000000e+00
-4.324411452e-01 -1.696198434e-02 7.740871608e-02 -1.863004267e-02 -4.311537445e-01 2.593328804e-02 6.029918790e-01 1.888197660e-02 0.000000000e+00 0.000000000e+00 0.000000000e+00 1.000000000e+00
-2.139729857e-01 7.822513580e-04 6.369230151e-01 1.277252436e-01 -7.623494267e-01 -9.694844484e-04 -3.690660894e-01 3.424045444e-02 0.000000000e+00 0.000000000e+00 0.000000000e+00 1.000000000e+00
-1.546168029e-01 -2.920329571e-04 -6.749776006e-01 3.099337593e-02 3.255687356e-01 -1.707260311e-02 -5.969151855e-01 4.220300913e-02 0.000000000e+00 0.000000000e+00 0.000000000e+00 1.000000000e+00
7.598440349e-02 -1.043101251e-01 -4.990181923e-01 -4.675192013e-02 6.369556487e-02 -1.057077795e-01 2.458996624e-01 -6.550274789e-02 0.000000000e+00 0.000000000e+00 0.000000000e+00 1.000000000e+00
3.894705474e-01 -2.027504444e-01 5.615882277e-01 -6.340759248e-02 4.872418344e-01 -2.192377746e-01 2.508954331e-02 -4.329735041e-02 0.000000000e+00 0.000000000e+00 0.000000000e+00 1.000000000e+00
8.081287146e-03 -1.417065710e-01 -6.571692228e-01 -4.921145365e-02 1.297114342e-01 -1.363119483e-01 -1.457488418e+00 -6.723383069e-02 0.000000000e+00 0.000000000e+00 0.000000000e+00 1.000000000e+00
-5.784273148e-03 -1.759896278e-01 -1.454268336e+00 -9.620421380e-02 3.328335285e-01 -1.224571243e-01 -9.234092236e-01 -8.563647419e-02 0.000000000e+00 0.000000000e+00 0.000000000e+00 1.000000000e+00
8.290876448e-02 -2.480904758e-02 4.466347694e-01 1.448699646e-02 -2.705017626e-01 3.565915674e-02 1.563918233e+00 2.162553370e-03 0.000000000e+00 0.000000000e+00 0.000000000e+00 1.000000000e+00
6.249897480e-01 -8.973748982e-02 8.856587410e-01 1.756474376e-02 2.608148754e-02 -9.117107093e-02 -1.482442260e+00 -1.404915452e-01 0.000000000e+00 0.000000000e+00 0.000000000e+00 1.000000000e+00
2.596908808e-01 -4.329961166e-02 -1.923152328e+00 -6.777434796e-02 1.069353580e+00 -4.348221049e-02 -4.008758366e-01 1.870058477e-02 0.000000000e+00 0.000000000e+00 0.000000000e+00 1.000000000e+00
5.502691865e-01 -4.255250096e-04 8.750771880e-01 9.255494177e-02 3.839447498e-01 -1.414635032e-02 1.537879348e+00 9.698072076e-02 0.000000000e+00 0.000000000e+00 0.000000000e+00 1.000000000e+00
-1.397706568e-01 2.706711739e-02 4.081332386e-01 -2.470783703e-02 -7.805796862e-01 2.093307674e-02 -4.577400684e-01 -3.378525376e-02 0.000000000e+00 0.000000000e+00 0.000000000e+00 1.000000000e+00
-5.695849657e-01 -3.927574307e-02 -7.082773447e-01 -1.799451709e-01 -2.950098813e-01 -2.878837287e-02 -5.582196712e-01 -1.506226361e-01 0.000000000e+00 0.000000000e+00 0.000000000e+00 1.000000000e+00
-1.156475767e-01 -3.053599596e-02 -7.038973570e-01 -1.545160264e-01 -1.879066229e+00 2.642598003e-02 -1.596276402e+00 -2.926211953e-01 0.000000000e+00 0.000000000e+00 0.000000000e+00 1.000000000e+00
-4.660252631e-01 1.195848286e-01 -4.283088446e-01 -8.251488209e-02 -5.652763844e-01 1.405894160e-01 3.247933686e-01 -1.593606919e-02 0.000000000e+00 0.000000000e+00 0.000000000e+00 1.000000000e+00
-8.743599653e-01 6.387260556e-02 8.394975066e-01 -2.213085890e-01 -5.493386984e-01 9.933701158e-02 -9.679107368e-02 -1.377025694e-01 0.000000000e+00 0.000000000e+00 0.000000000e+00 1.000000000e+00
-3.811576366e-01 4.646194726e-02 -6.929926872e-01 -1.665638834e-01 -8.931219578e-01 1.085703000e-01 -2.212570906e-01 -1.308238804e-01 0.000000000e+00 0.000000000e+00 0.000000000e+00 1.000000000e+00
-1.024882674e+00 2.241951823e-01 1.358844399e+00 -3.479725122e-02 -8.715284616e-02 2.279154658e-01 9.371857643e-01 4.984396696e-02 0.000000000e+00 0.000000000e+00 0.000000000e+00 1.000000000e+00
-1.949218512e-01 -2.743568271e-02 -6.107349396e-01 7.163035125e-02 3.180315495e-01 -1.789644361e-02 -1.189542651e+00 1.103255749e-01 0.000000000e+00 0.000000000e+00 0.000000000e+00 1.000000000e+00
5.160967112e-01 4.585647583e-02 -3.491350412e-01 1.022339985e-01 9.015608430e-01 1.730212569e-02 2.671615481e-01 1.303645968e-01 0.000000000e+00 0.000000000e+00 0.000000000e+00 1.000000000e+00
-3.750765324e-01 1.886501908e-02 2.192204297e-01 -8.760851622e-02 3.089800775e-01 3.920048475e-03 -9.605907798e-01 -3.059604019e-02 0.000000000e+00 0.000000000e+00 0.000000000e+00 1.000000000e+00
-4.221282005e-01 4.112569615e-02 -1.760899544e+00 -7.734373212e-02 -3.423700333e-01 6.878423691e-02 -5.656246543e-01 -2.029889822e-02 0.000000000e+00 0.000000000e+00 0.000000000e+00 1.000000000e+00
-8.828116655e-01 4.506257921e-02 1.927153826e+00 -3.050875068e-01 -7.101384401e-01 5.246888101e-02 2.387203217e+00 -2.659539282e-01 0.000000000e+00 0.000000000e+00 0.000000000e+00 1.000000000e+00
-6.846662760e-01 -1.095595956e-02 7.051934600e-01 -2.267503142e-01 -7.483099699e-01 -9.667426348e-04 -7.800002098e-01 -2.952764928e-01 0.000000000e+00 0.000000000e+00 0.000000000e+00 1.000000000e+00
-5.833715200e-01 -4.174976796e-02 -5.124609470e-01 -3.730305135e-01 -4.195578694e-01 -6.631439924e-02 -1.176550984e+00 -3.620938063e-01 0.000000000e+00 0.000000000e+00 0.000000000e+00 1.000000000e+00
5.346749425e-01 -5.123618990e-02 -3.833835721e-01 -1.947334409e-01 1.939954162e-01 -9.413077682e-02 -6.686952710e-01 -2.546317875e-01 0.000000000e+00 0.000000000e+00 0.000000000e+00 1.000000000e+00
-4.967431128e-01 -3.271133453e-02 -1.387156725e+00 -2.723224163e-01 -2.315692753e-01 -5.397219583e-02 -1.026065230e+00 -2.471331954e-01 0.000000000e+00 0.000000000e+00 0.000000000e+00 1.000000000e+00
-2.429382503e-01 -7.321239263e-02 1.050617814e+00 -4.344434440e-01 1.286572516e-01 -6.024928391e-02 2.412138939e+00 -4.039204121e-01 0.000000000e+00 0.000000000e+00 0.000000000e+00 1.000000000e+00
-3.214316368e-01 -1.347790807e-01 1.437386394e+00 -2.320505083e-01 5.980832577e-01 -1.235862076e-01 -3.537819088e-01 -1.773907095e-01 0.000000000e+00 0.000000000e+00 0.000000000e+00 1.000000000e+00
1.566158175e+00 -1.405348778e-01 1.123229027e+00 4.663477838e-02 -9.035724998e-01 -1.734723747e-01 2.609339356e-01 -2.594827712e-01 0.000000000e+00 0.000000000e+00 0.000000000e+00 1.000000000e+00
6.579189897e-01 -6.917160749e-02 -1.503729701e+00 -7.078097761e-02 -7.063825727e-01 -2.040191740e-02 -1.912450075e+00 -9.124407172e-02 0.000000000e+00 0.000000000e+00 0.000000000e+00 1.000000000e+00
-1.001994848e+00 -1.398805082e-01 -1.716928005e+00 -3.068860173e-01 -7.928494215e-01 -6.605698168e-02 -9.480723739e-01 -1.695047617e-01 0.000000000e+00 0.000000000e+00 0.000000000e+00 1.000000000e+00
-1.635706067e+00 -9.813960642e-02 -8.215582371e-01 -4.420883656e-01 -1.628184557e+00 -2.797970548e-02 3.141368330e-01 -3.663791120e-01 0.000000000e+00 0.000000000e+00 0.000000000e+00 1.000000000e+00
-1.577195168e+00 -2.885275707e-02 1.873330593e+00 -3.337423503e-01 -1.927352786e+00 -1.248552650e-02 1.604398251e+00 -3.055043519e-01 0.000000000e+00 0.000000000e+00 0.000000000e+00 1.000000000e+00
2.657406628e-01 2.727881446e-02 1.079909056e-01 5.276327953e-02 1.271924675e-01 6.548424065e-02 -1.474763274e+00 1.583812386e-01 0.000000000e+00 0.000000000e+00 0.000000000e+00 1.000000000e+00
6.661223173e-01 -9.706184268e-03 -1.634970903e+00 -4.440938123e-03 2.855252028e-01 -1.871217042e-03 -7.843770385e-01 6.498175114e-02 0.000000000e+00 0.000000000e+00 0.000000000e+00 1.000000000e+00
9.189767838e-01 3.928009793e-02 2.730057538e-01 1.390300989e-01 1.044821620e+00 2.372872084e-02 8.488014936e-01 1.514309049e-01 0.000000000e+00 0.000000000e+00 0.000000000e+00 1.000000000e+00
-2.733777463e-02 1.284316480e-01 1.340077519e+00 1.882630214e-02 -1.144157350e-01 1.509664953e-01 1.133409381e+00 -2.877521515e-02 0.000000000e+00 0.000000000e+00 0.000000000e+00 1.000000000e+00
