0.9143996639675332 0.12172725003288351 0.3860773641842972 -137.67388831212102 -0.25963997827837215 0.9080676180039632 0.32863396478790036 87.49968705623122 -0.31058064365904875 -0.40074390542095645 0.8619419853170457 -40.18508258580861
0.9057709733516086 0.12563386519254605 0.40471604335689587 -136.6022114972925 -0.2681157575194332 0.9094851900865948 0.3177272880678193 88.32120207987467 -0.3281659403464353 -0.39629890351845765 0.8574697048098013 -37.83410710909674
0.895633130399753 0.1305724263745827 0.4251965865349735 -135.50278903727255 -0.27848562530253324 0.9100020321881095 0.3071515227267607 89.09301586753317 -0.34682423823919234 -0.3935062170845145 0.8513905125649678 -35.56758006803881
0.8840818486892393 0.13284144442777296 0.4480540541726636 -134.37266979247954 -0.28797262712167176 0.909951781135062 0.29842842029165173 89.80475111967043 -0.36806392222935924 -0.3928624525854706 0.8427265526264547 -33.370470788535876
0.871009121511808 0.1315827979994313 0.47331710038183666 -133.1817792478272 -0.2944768783227833 0.911028309492158 0.2886360813154335 90.45304457792896 -0.39322573463151855 -0.39078560180040134 0.8322620591190015 -31.258787873472937
0.8571628731589921 0.12988896640611314 0.4983980991975929 -131.91592860340432 -0.29879425812267774 0.9136010729110929 0.2757808385088036 91.07569297490345 -0.41951615009525045 -0.3853075861978997 0.8219149979332456 -29.15549933427902
0.8426793627658077 0.1285054856139457 0.5228554596977415 -130.61410919995737 -0.3036743391993104 0.915337625282825 0.26445968965697053 91.65583488945849 -0.444604754001208 -0.3816325089778426 0.8103599452161996 -27.11583041612278
0.8279252602599361 0.1271574913024989 0.5462332247576784 -129.3142337022472 -0.308695256538166 0.9164683421370222 0.2545447238727496 92.18867506767691 -0.46823818940188267 -0.37936361220638115 0.7980202050821602 -25.182562818416567
0.8128174919693758 0.12477502860311783 0.5689981695802765 -128.06097634099916 -0.3133498914512763 0.9170832457540775 0.24651605603822235 92.63885080055542 -0.49105964024351184 -0.37866807707312466 0.7845195454095804 -23.473920653099764
0.7967018232528075 0.12246348054756459 0.5918351972955213 -126.87989995689 -0.31791216806416084 0.9177475762043842 0.23805721952447306 93.0224046614158 -0.5140020021579654 -0.3778122315425413 0.7701037978574367 -21.963416479301554
0.7790181170284574 0.12034746580888075 0.6153432057111033 -125.78302087873256 -0.32290360548274133 0.918259183766338 0.22920151176426645 93.3227962253096 -0.5374607287120455 -0.3772486698480983 0.7542011709021388 -20.69313145802909
0.7592583229826511 0.11830946517482095 0.6399450518846288 -124.71726793423534 -0.32741778382062925 0.9192656282231281 0.21851384305239266 93.57117141375004 -0.5624272342441821 -0.37543784467949687 0.7366967021528286 -19.55879035967539
0.7379586496761454 0.11566325053559667 0.6648601686397675 -123.54901334646412 -0.3307986502374961 0.9207201691777933 0.20699425854420844 93.80737031384112 -0.5882085381641539 -0.3726880499087083 0.7177146599352927 -18.423981167403102
0.7144040824275047 0.11590827386257896 0.6900667207314902 -122.2166719283444 -0.337009382210288 0.9212650123656931 0.19415316967044133 94.09317712344172 -0.6132303672464001 -0.3712627762664023 0.6972176615991651 -17.113051676366688
0.6883553776082683 0.11282920785890228 0.7165447955094721 -120.66602077190296 -0.3403468741501575 0.9225803432027364 0.18168521016345235 94.37239919095062 -0.6405707450188426 -0.3689377727881137 0.6734642087269006 -15.760654168358123
0.6599833221121308 0.11136047962752622 0.7429810617444854 -119.04188513523746 -0.34542390994153904 0.9232020897980351 0.16846431026552836 94.64000498512644 -0.667161402491582 -0.3678270585066686 0.6477645544916737 -14.401819665474765
0.6314725962898399 0.1112094932598956 0.7673817881236472 -117.40676956302039 -0.34946538065362603 0.9242687801952597 0.15362672189753646 94.8768407148086 -0.6921822793596962 -0.3651844336294254 0.6225142741939097 -13.110274919353817
0.6044899409805324 0.10895574625726141 0.7891264515975089 -115.74239842673994 -0.34922819983684444 0.926583155196654 0.13958266706339376 95.0594951053778 -0.7159829437158882 -0.35996152831009126 0.598160615925684 -11.958998652625557
0.5782359776268284 0.10775107870926551 0.8087229805161563 -114.17287327847623 -0.3514813385015313 0.9274390869808393 0.12774039543276428 95.21292672655687 -0.7362771372676982 -0.3581151281042688 0.5741511405194151 -10.887340399575447
0.5517003910005803 0.1058759708983881 0.8272949639373677 -112.670225163957 -0.350614250526334 0.929449057720609 0.11486555806737256 95.31929182386496 -0.7567670222054229 -0.3534327770433803 0.5498990327448672 -9.985582584022886
0.5262702716764388 0.10501053503567441 0.8438082653548309 -111.26781681668834 -0.3483558223499497 0.9318732341508265 0.10129410895096241 95.41053100787303 -0.775685388662502 -0.3472536004202128 0.5269982113923174 -9.203814623415546
0.5002751413463822 0.10218179366539294 0.8598160640475266 -109.91335115147872 -0.3477520059673907 0.9331166714634206 0.0914429865144564 95.48614425385497 -0.7929648953746392 -0.34474941403916914 0.5023489984295145 -8.501856843493684
0.47517317486428745 0.0972539235560054 0.8745010738943412 -108.54011588210375 -0.34440781784778945 0.9351313208134603 0.08314245509363613 95.53640247399377 -0.8096874143116689 -0.3406920709183534 0.47784433021502576 -7.870538722009734
0.4478028953646001 0.09306385327614732 0.889275933620424 -107.14272199489454 -0.3410503141032375 0.9371543175386701 0.07366456657520516 95.56498259519964 -0.8265332722602057 -0.33627504268385094 0.4513998731887397 -7.30444036503097
0.4177649152856614 0.0922983893830131 0.9038547908119233 -105.79323820737861 -0.339494209389323 0.9386237564915807 0.061066566472602876 95.59791509900997 -0.8427432333442267 -0.3323649365786594 0.4234588428473081 -6.751140152562201
0.38405670576401135 0.08946315802629061 0.9189650646861708 -104.39409270017714 -0.33981548570481485 0.9391304723125442 0.05059043041147969 95.60808393498294 -0.8585021155669307 -0.3317081538491044 0.39108032197634596 -6.257789181636795
0.34933146619635375 0.084963154292588 0.9331392120888284 -102.89760689320316 -0.33814630425458553 0.9402007665507771 0.04098286832686352 95.58993891238846 -0.8738561687394959 -0.32985418140442885 0.3571716889199691 -5.810495534856017
0.3136377396282926 0.08202178153235111 0.9459935494680258 -101.3706555202035 -0.335997929395779 0.9413919689124549 0.029775028276747943 95.55321757524688 -0.8881085292477511 -0.32719044640910827 0.32281519799415287 -5.401192918825643
0.27872873338021786 0.08167288013947076 0.9568907115433731 -99.85298687201438 -0.3360756844504818 0.9416720119504345 0.017520166390799678 95.50505868832633 -0.899646279106071 -0.3264710746129663 0.28991931624446055 -5.018983288339555
0.24400363101563857 0.08173117123178825 0.9663240883369637 -98.25122864983422 -0.33586200805389715 0.9418971640413223 0.005142364914973278 95.43801837213994 -0.9097576268419997 -0.3258063044509654 0.25727672335992013 -4.660420029479589
0.2107744727136731 0.08096101759098745 0.974176285526857 -96.5320797591871 -0.33341942516681117 0.9427581416453402 -0.0062107393165418655 95.34494779951348 -0.9189154523533193 -0.32350023182689813 0.22570332614792576 -4.335419596589254
0.17869148860882314 0.07942504821398749 0.9806941488634304 -94.69836563213897 -0.33037087214415906 0.9437115913726163 -0.016233272857683636 95.23314527411783 -0.9267817643531132 -0.32109203357475297 0.19487295152832088 -4.024416384394854
0.14769062855727125 0.07696377831185316 0.9860345100777771 -92.81339119414915 -0.32844541027054447 0.9442050581317165 -0.024503482827864197 95.09771175479422 -0.9329046525280976 -0.3202395744227216 0.16472863826603568 -3.7496216303106706
0.11841757937905023 0.07532182976848051 0.9901029738639988 -90.82272627527175 -0.32603040609633904 0.9447872921507707 -0.03288079821218537 94.93807162522954 -0.9379133495129821 -0.3189100101137349 0.13643663091191854 -3.511378810762942
0.09179919210304752 0.07412982662383608 0.9930144395395002 -88.67367698543748 -0.3224549533011769 0.9457055964812416 -0.04078882047319998 94.7562859602919 -0.9421229810490573 -0.31645804396282823 0.11071853950652172 -3.2943064224275034
0.06898806154557843 0.07339421848183453 0.9949140345063104 -86.3014287017402 -0.3189343235788775 0.9465750647228214 -0.047713143768468275 94.55195641090488 -0.9452626855046519 -0.3140205973155704 0.0887103142487118 -3.0820452455871816
0.04986455424598135 0.07252349863726759 0.9961194046776016 -83.68689369697978 -0.3163356362585029 0.9471587306729163 -0.053123480147654736 94.31934125192937 -0.9473358915731931 -0.31245908701057257 0.07017141499030688 -2.8902567909110815
0.034917525627290294 0.07167872303170009 0.9968163958666671 -80.87003392571756 -0.31223338920952864 0.9482787586286542 -0.05725125847027269 94.0674092829854 -0.9493635115522387 -0.30924028941624665 0.05549203848262968 -2.7193783078995395
0.02247762370461308 0.07018626618012572 0.9972806247352278 -77.89603568472079 -0.30928172240776364 0.9490869029710446 -0.059823630726647474 93.7987607669703 -0.9507047767930273 -0.3070959762818848 0.043040547561518615 -2.5691423204103074
0.011222486768712448 0.06935179007962844 0.9975291399269883 -74.91464740144463 -0.30707076906118685 0.9496277838860249 -0.06256688309232444 93.52542807030157 -0.9516205118527534 -0.3056098841406617 0.03195309275538388 -2.4431828440850296
0.0006256354413598075 0.0684570982617955 0.9976538649641312 -71.9755862501335 -0.3045571996799404 0.9502725795854589 -0.06501489530185159 93.25394420272478 -0.9524938428690268 -0.3038019917406284 0.021443626349567788 -2.3501347710206417
-0.009919152240681673 0.06655312101645701 0.9977335779163669 -69.05458438182995 -0.3035353197794688 0.9505023201764273 -0.06642024529918789 92.97757626819399 -0.9527685553507741 -0.30350621315254434 0.010773045651100606 -2.2865087337848635
-0.019383422036720506 0.06606738539038284 0.997626875909939 -66.05552972458047 -0.3027345312434901 0.9505859606613504 -0.06883411208348539 92.68994270204954 -0.9528777920294553 -0.3033503452795402 0.0015752700889600062 -2.248915215172673
-0.0273406052720867 0.0679047451699231 0.9973171195195456 -62.830429200254855 -0.3004795170208554 0.9509914930040789 -0.07298794479080895 92.3780326577675 -0.9533963242819162 -0.30166890097801036 -0.005596697995254375 -2.235596366348382
-0.03424481027958194 0.07101244433910767 0.9968874187780186 -59.28946352606199 -0.29899709302214017 0.9510592917759432 -0.0780189841702063 92.03125652670914 -0.9536393612541505 -0.3007381855960871 -0.01133633058571121 -2.238594696460865
-0.04022221887365141 0.07324270584064628 0.9965027241056698 -55.505728415777895 -0.2970067028390302 0.9513555306013486 -0.08191259282255997 91.65387217667909 -0.9540278777779857 -0.2992626946937543 -0.01651205580976707 -2.266603485377779
-0.0448319545994736 0.0732391691954373 0.99630623803244 -51.585854213901456 -0.29508281949270676 0.9518381276954497 -0.0832484732920406 91.25379524837058 -0.9544193132407918 -0.2977250455718887 -0.021061143183397513 -2.317437568959214
-0.048373560770578375 0.0735504875085562 0.9961176257880536 -47.59463467615072 -0.2932476386582414 0.9522900069150176 -0.08455510127225685 90.84348449262751 -0.954811929669786 -0.29619937291805665 -0.024497151736671625 -2.3832169338384688
-0.050929123516658514 0.0745017513941986 0.9959195315973184 -43.515012172170856 -0.2907473267720949 0.9529132669665045 -0.08615275743761447 90.42053477108 -0.955443465806693 -0.2939486259168784 -0.026869852416297378 -2.467372752904751
-0.05331799964792495 0.07610639456889305 0.9956731429637278 -39.37833299766373 -0.2899551512820851 0.9529517946149056 -0.08836790924998791 89.98474071283597 -0.9555538714057555 -0.2934121569498357 -0.028742042299009545 -2.5560363360683596
-0.055440246843141285 0.07677823538111023 0.9955056411702218 -35.182109751975716 -0.28914728463363976 0.9530813545302478 -0.08960903657433951 89.5354338216587 -0.9556778886313968 -0.2928157000888978 -0.030638847277341917 -2.65196821626612
-0.057263446558785513 0.07580982364712047 0.9954766538331282 -30.924878905058065 -0.2890956715143479 0.9531339683509982 -0.08921508329395222 89.07340828694238 -0.9555859931999202 -0.29289675487118505 -0.032663444185382 -2.7580804899851117
-0.058667744861956056 0.07388916485127203 0.9955392945687248 -26.606747311721108 -0.28845653857173664 0.9534621704077697 -0.08776511241100923 88.60445742324764 -0.9556939473848441 -0.29231880014615275 -0.034623662618055495 -2.8764320027520967
-0.0599242668633329 0.07219152694677225 0.9955890043978918 -22.251582052641794 -0.28875991915389143 0.9534842414649847 -0.0865188440062655 88.1335834203469 -0.9555243541276858 -0.2926707787173769 -0.036290824650784315 -3.0010595588931395
-0.06082617699530815 0.07327027261913222 0.9954554954102437 -17.90610935201053 -0.2881026866458875 0.9535667457985552 -0.08779124816617706 87.66718900052595 -0.9556657460323447 -0.29213340866369897 -0.036892457263934336 -3.133465162826454
-0.06104233043746994 0.07279838166958943 0.9954768854780364 -13.59466720306628 -0.28795744801348955 0.9536468420586964 -0.0873968464249963 87.19964936294461 -0.955695737161322 -0.2919898906773395 -0.03724998944850953 -3.2684904211772334
-0.06047721997056285 0.07378979654873072 0.9954383817142722 -9.37409719080216 -0.28699421033683403 0.953868376528319 -0.08814444674717865 86.73737951189587 -0.9560213538921453 -0.29101578339417605 -0.03651006323884806 -3.4054244354011303
-0.059445212660452273 0.07411287129577024 0.995476543671447 -5.18918664764999 -0.2868560034730765 0.9539096265176857 -0.08814793082281527 86.27649243795805 -0.9561275542328068 -0.29079839536212376 -0.03544563854137727 -3.533820949362564
-0.05794483837161644 0.07566958620997652 0.9954478938793825 -0.9896421682761343 -0.2867823646261482 0.9538339824588167 -0.08919982761299994 85.81158085612516 -0.9562417429946903 -0.29064557046265954 -0.03356905308335199 -3.6585805097728894
-0.055787935567519986 0.07565443485790951 0.9955722538979502 3.2809146646846443 -0.28556850243686355 0.9542616578564564 -0.08851733593491257 85.34070059630446 -0.9567331585458311 -0.28924227704707584 -0.031631764217970204 -3.7827378271025935
-0.053101888473494674 0.07454647686564081 0.9958026974393417 7.548970029194749 -0.2855626234333599 0.9544323104481444 -0.086677291550174 84.87128040347257 -0.9568877559768474 -0.2889667585718766 -0.029394470603450407 -3.8936434011289762
-0.05007817273478659 0.07589421983481995 0.9958575420265737 11.713704407267102 -0.2839894924917994 0.9548675589417406 -0.08705120926725661 84.42020688967592 -0.9575187438216527 -0.2871724434487152 -0.026264861581576843 -3.9953717551771675
-0.047050503749955515 0.07684322999113821 0.9959324114122426 15.720270908023025 -0.28374501426696114 0.9549371523434402 -0.08708502714498786 83.98836952977622 -0.9577447556502298 -0.28668825068134596 -0.02312639067715189 -4.076233733674229
-0.043536804752073596 0.07795753515164036 0.9960056070851512 19.629550677752377 -0.2813035265203165 0.9556582354445852 -0.0870957116864848 83.56668217143869 -0.9586307279652653 -0.28397175870149904 -0.019676576449274008 -4.151263491339932
-0.040205677558285385 0.07803547879505796 0.9961395321646987 23.502274569036416 -0.27981236982059327 0.9561772043842733 -0.08619855863794429 83.15271571510388 -0.9592124588366561 -0.28219783462156756 -0.01660846011632687 -4.210641991953679
-0.037392344006147035 0.07685038364871016 0.9963412222440522 27.396287408376054 -0.27834812226247235 0.9567784921700356 -0.08424511709166724 82.74068330961938 -0.9597521218745403 -0.28047983074345834 -0.01438503053313532 -4.256109909568501
-0.035661766834728464 0.07506945194570047 0.9965404235507946 31.295592655063246 -0.2760781600193375 0.9576293203625476 -0.08201789037949087 82.32959660180225 -0.9604733665992844 -0.27804794940178434 -0.013425717370039471 -4.299141522343383
-0.034324400292271746 0.07566069298942749 0.996542670978486 35.15395251068756 -0.2746933925731213 0.9580121282538974 -0.08219672861560426 81.92638524238033 -0.9609190265684439 -0.2765650405506774 -0.012099699333338612 -4.335385674364453
-0.033101216348033674 0.07711396593233678 0.9964726517744814 38.96011483727074 -0.27321450732970265 0.9583449695601161 -0.08323912723838506 81.53715487282055 -0.9613834523544024 -0.2750061009814265 -0.010653729963016204 -4.366913459726611
-0.03199416125357236 0.07690490037244227 0.996524967045174 42.70191729882026 -0.2724542682350802 0.9586058086207627 -0.08272590524751433 81.15947372987446 -0.9616366493463985 -0.274154226626617 -0.009716720464958254 -4.385455955384991
-0.03203455208607134 0.07578823883971952 0.9966092164565902 46.38774569976451 -0.2719221019795219 0.9588485115525034 -0.08165722471764075 80.79335789428004 -0.9617859210487978 -0.2736159256094616 -0.010107785375358008 -4.398638933641749
-0.03291511868086504 0.07456938291182003 0.9966724648019405 50.00622796823717 -0.2715837055140996 0.9590236243019717 -0.08072161377191105 80.43929606484951 -0.9618518003629544 -0.2733369626721954 -0.011314547082560808 -4.407447352475721
-0.03374893801235723 0.07410696046995072 0.9966790695068013 53.60573466362749 -0.27084116981321 0.9592526157624991 -0.08049521654741756 80.08917098376021 -0.9620322603308328 -0.2726583531871138 -0.01230254120257724 -4.427825418403444
-0.03371535836738118 0.07292183445062653 0.9967676161826861 57.20028899879421 -0.27024600057038106 0.959516878958515 -0.07933762140009432 79.73573409952118 -0.9622007970199744 -0.27204735810896336 -0.012643621319099995 -4.452273941366236
-0.033457684766611887 0.07265652971211341 0.9967956721516456 60.79965769073647 -0.2697587741699684 0.9596813483392104 -0.07900578085274268 79.37772554873925 -0.9623465005331371 -0.27153772912806867 -0.012508979638546544 -4.474850103030128
-0.03357708872738238 0.07259239552446559 0.9967963298611272 64.36419420627007 -0.26827689672118205 0.9601006780046631 -0.07895691724376722 79.01893289191064 -0.9627565038981803 -0.2700685694541415 -0.012762523055721998 -4.499698152669012
-0.03406682465155619 0.07267626916118566 0.99677360085376 67.90702771157683 -0.26700583748329076 0.9604388370546005 -0.07915253013677737 78.65553234062612 -0.9630925885957216 -0.2688408454420903 -0.013314113337939979 -4.5274030612024845
-0.03527455589831498 0.07249672315683028 0.9967446668217987 71.37398098714235 -0.2656377679464219 0.9608072993020456 -0.07928373003556806 78.29767468805403 -0.9634273620499993 -0.2675697268740092 -0.014634183063928767 -4.562504679845773
-0.037415011368690035 0.0708862694039188 0.9967824505549221 74.78098719424054 -0.2642176333367595 0.9612811285665894 -0.07827920602347947 77.94163177613501 -0.9637370798917115 -0.2662963174205377 -0.017236942015850576 -4.613220387856131
-0.040209961227291896 0.069407120273664 0.9967777137724423 78.11933777672144 -0.26253934336305224 0.9617989290365061 -0.07756231875548814 77.59278618615735 -0.9640831147803587 -0.2648121442825985 -0.02045179786364044 -4.672928228121378
-0.042395527581259626 0.06743924781618867 0.9968222344506033 81.53238074987564 -0.2613362434427382 0.9622342692646527 -0.07621403358934821 77.24103010597281 -0.9643163314516381 -0.2637369122946335 -0.023170109817355955 -4.739575172205157
-0.045114737359149545 0.06673236587623688 0.9967504461085408 84.99772509922107 -0.26003401628588724 0.9625869439378936 -0.07621473436638154 76.88354248530453 -0.9645449553272502 -0.2626274294601904 -0.026074172046047082 -4.817261227179259
-0.04857777768589736 0.06663752049640334 0.9965940198381642 88.51492189851211 -0.2589978223109387 0.962803572793909 -0.07700265095096445 76.52084959793656 -0.9646555486562508 -0.2618562985253098 -0.02951188522160105 -4.904399731277401
-0.05325985125080687 0.06654886472809339 0.9963606961578443 91.98168302633826 -0.2566451866363363 0.9633480489734865 -0.07806269733604007 76.16023018314478 -0.9650371166028504 -0.25986878447089423 -0.03422832798250487 -5.008862755025156
-0.05858558517299285 0.06517371708695184 0.9961526568809667 95.44520824538512 -0.25475816759060876 0.9638503755357963 -0.0780431267017211 75.7975587940604 -0.9652284730859398 -0.2583502277540617 -0.03986420152983271 -5.129360314321659
-0.06487905486236797 0.06335190696936546 0.9958801354196756 98.89646502655114 -0.25269248811386397 0.9644126377802327 -0.07781240608411699 75.43551630446348 -0.965368952624328 -0.25669982464567387 -0.0465616294376575 -5.270870533815732
-0.06945510935441647 0.06260947472975853 0.9956184216147421 102.41397523378436 -0.24944738898272126 0.9652338217175626 -0.0781003811912103 75.06906900173423 -0.9658943979101807 -0.2537788862111526 -0.05142265064305644 -5.435949541960191
-0.07345370528589804 0.06229790823879707 0.9953509550951581 106.00421390673685 -0.24680538989820103 0.965866845746718 -0.07866597615540864 74.69647009444787 -0.9662772131727885 -0.2514362879863541 -0.05557103910018051 -5.618750736986442
-0.07799805099512805 0.0611219916652116 0.995078090491314 109.58205078846575 -0.244718070253908 0.9664078235387386 -0.07854288442833102 74.32202200012485 -0.966451949210185 -0.2496397819619233 -0.06042027085207894 -5.813897856411586
-0.08573320791970888 0.0589625166170227 0.9945718871423945 113.02755483394259 -0.2422408042599094 0.9670585016514565 -0.07821283229210378 73.95407353799493 -0.9664208243882731 -0.24763133084855768 -0.06862590014611027 -6.032467416081616
-0.09542074503708689 0.05609426265041732 0.9938552787575633 116.32549873011288 -0.24048406234702419 0.9675383425149471 -0.07769795055535232 73.59656621701289 -0.9659514983546749 -0.2464203511504992 -0.07883345333819082 -6.276322858984322
-0.10668307833965497 0.053480961411188854 0.9928537191160187 119.58377831321684 -0.23793533987640633 0.9681666985491695 -0.07771755180331504 73.24122463622973 -0.9654043167677859 -0.2445261347728231 -0.09056199301687767 -6.558231181935646
-0.11789208180632425 0.0507358283379442 0.9917294655147814 122.9197545790515 -0.23558004981950925 0.9687547137218334 -0.07756510019826378 72.8867481876368 -0.9646779240629538 -0.24277598803133682 -0.10225616099286935 -6.889565801791036
-0.12876677989166302 0.049023778286549 0.9904624099676087 126.287067802519 -0.23380246386430156 0.9691210405420634 -0.07836336305730664 72.54345311456852 -0.963719629501919 -0.24166314973777148 -0.11332871556452657 -7.257651444561013
-0.13895939821701225 0.04978267293652787 0.9890459903980506 129.6250959740584 -0.23216330015803294 0.969264327756558 -0.08140555876818263 72.20844397056455 -0.9626995833108578 -0.24093224859682771 -0.12313067805863552 -7.651933741922996
-0.14878746505540336 0.05030356006523415 0.9875889033839691 132.91322401050422 -0.23057809144040164 0.9694112916607783 -0.08411593991797456 71.8687330223121 -0.9616111656954132 -0.24023176194114262 -0.13263734980979178 -8.062928159328578
-0.15693591003729815 0.04913974131670838 0.9863855260313242 136.16817076757394 -0.22895777429187297 0.969741087591685 -0.0847381887215503 71.51431091298156 -0.9607025854717367 -0.23913909939577893 -0.14093627428060793 -8.491957834785417
-0.16417629114620014 0.048388615128500206 0.9852434660282828 139.3790670937493 -0.22840844948656122 0.9697869543115412 -0.08569039298714372 71.15481840938806 -0.9596226996213804 -0.23910626334977503 -0.14816365680653507 -8.92970460075896
-0.17024666113729198 0.04863216923272462 0.9842006840514409 142.5834504260674 -0.22637399770201616 0.9701387537060321 -0.08709541734279574 70.78843342067294 -0.9590468640978993 -0.2376251473927533 -0.15415382509221223 -9.40058636715473
-0.17471390555246796 0.04893498506325247 0.9834024702244057 145.7995014492715 -0.2245346105440681 0.9704679324847751 -0.08818276864870547 70.41807004123477 -0.958675784545761 -0.23621464657295618 -0.15856664488468614 -9.879329335921078
-0.18406320860345599 0.04805258398327425 0.9817391121938311 148.81735563120407 -0.22277582008696492 0.9707725872560856 -0.08928335688529682 70.06126906693208 -0.9573357139599379 -0.23514151697362443 -0.16797856343046141 -10.356549672413728
-0.19655450177034117 0.047366619381064096 0.9793481154330277 151.65428960252828 -0.22091731770842188 0.9710095856015464 -0.09130127822999491 69.72687229475699 -0.955281040621205 -0.23430063601775408 -0.18039219880955648 -10.820063305511482
-0.2155223164880384 0.04642720940645616 0.975394610053982 154.28436817923492 -0.21814514490669043 0.9713365469137136 -0.09443520732959328 69.40802140677071 -0.9518207955541167 -0.23313049319313256 -0.19921683235675078 -11.313213784713106
-0.23122424121917584 0.046192226375427484 0.9718032869336769 157.11379973152634 -0.21594956894921077 0.9715182870360379 -0.0975602461313715 69.06308122556638 -0.9486311896323403 -0.23241879480163583 -0.21466338737588303 -11.88853260168925
-0.24556966478261733 0.047970023869445017 0.9681913119567425 160.1448661244231 -0.2139850120830907 0.9714542499876684 -0.10240632199575116 68.68655621235723 -0.945465998512033 -0.23232631575192408 -0.2282948283837909 -12.554014344156634
-0.255467243698373 0.04931011157207077 0.9655594234918462 163.41353871880926 -0.2125754562906945 0.9713944596989407 -0.10585121184477442 68.26602285599068 -0.943158609556188 -0.23229575235667596 -0.23767734569598023 -13.327280665055316
-0.2661524937374523 0.05186634774668142 0.9625345355096389 166.66672093055465 -0.2104795762250177 0.9713285609774213 -0.11054037552709041 67.83560916012618 -0.9406706108247855 -0.23201445774122229 -0.2476047118484904 -14.137073563003131
-0.2780740477221348 0.05286116656093126 0.9591040199338369 169.91685796793948 -0.20731799532634784 0.9716483648082218 -0.11366047676907867 67.38005046116567 -0.9379200780435907 -0.2304455515633297 -0.2592311226827909 -15.01464670353025
-0.29080700869458276 0.05439312654449584 0.955234354218285 173.15541490891286 -0.2049987704115129 0.9716550319922519 -0.11773700749511562 66.9104017311907 -0.9345623509557186 -0.2300606150318899 -0.2714135692762461 -15.929610150212849
-0.30359315888805627 0.05586526234084157 0.9511625867011176 176.1872239902688 -0.20228444369036952 0.971743204825083 -0.12163941679059284 66.44879718233383 -0.931081198240654 -0.22933428949868503 -0.28371391566661647 -16.837066722374256
-0.31448642406265986 0.056350886164321407 0.9475879203054337 179.03695094622097 -0.20113866354200563 0.9716144162570252 -0.12453378718266485 66.00159375535125 -0.9277076733049155 -0.22976075328483972 -0.29422520140390085 -17.71758561754184
-0.3229139437998031 0.05603737719334971 0.9447679065553342 181.65774626796565 -0.19962095670126653 0.9717556236088012 -0.12586692031801774 65.5790112843764 -0.9251367782902871 -0.22923965700105492 -0.30260720598278845 -18.549254966335702
-0.33010695873422063 0.0564997163608007 0.9422511224967544 184.19652004246683 -0.1977062109726041 0.9719284666172727 -0.12754336486801077 65.16346951257668 -0.9230068525954198 -0.22839185149682403 -0.3096700053795213 -19.372816809122195
-0.33687451469276675 0.057160307869308556 0.9398128859271934 186.63036805921686 -0.19586123059058483 0.97206615470726 -0.12932814552209604 64.75699000360831 -0.92095273478179 -0.22764026462146023 -0.3162688258760523 -20.176221117337203
-0.34301605261809653 0.05852721452983207 0.937504428152571 189.01317148943193 -0.19401430651175655 0.9721215100382424 -0.13167466950682266 64.35074123390731 -0.9190747719935874 -0.22705579684374436 -0.3220981660993907 -20.9762893079301
-0.34781551324418314 0.06037011579530205 0.9356173458554239 191.41215341221948 -0.19311443566764233 0.9719135420298993 -0.1345023477700836 63.94036810071005 -0.9174590909045791 -0.22746321886792648 -0.326388266607101 -21.782528874868717
-0.3517348675942131 0.06150792445356237 0.9340767410378534 193.97310797448102 -0.19066483397276518 0.9722144793757146 -0.135815783980904 63.50089780617725 -0.9164766794657804 -0.22586673354353107 -0.33023433297244553 -22.660686703843698
-0.35473230086097207 0.06310417501322482 0.9328359222402308 196.7870140499211 -0.18889519813798608 0.9723081608409156 -0.13760612080343057 63.021939702639806 -0.9156875006498095 -0.22502156220695282 -0.3329890353985405 -23.633791952714994
-0.3569000861883684 0.0639594258559267 0.9319503851187124 199.8718734555711 -0.18728190501676886 0.9724984679152544 -0.1384637784973898 62.50541218971619 -0.915176385475515 -0.22395517798582906 -0.33510634389893335 -24.70980168134368
-0.35854680018719953 0.06545355191609596 0.9312142742769187 203.09522652655406 -0.18580309685950147 0.9725764520926183 -0.13990087216438213 61.96727251302203 -0.9148340840135671 -0.223183506058362 -0.3365527021887624 -25.84508062198997
-0.3592829295933621 0.06602973432280396 0.930889816620674 206.3560672819161 -0.18428021056719301 0.9728333193436816 -0.14012900045339305 61.42442994508858 -0.9148533109171796 -0.22189052922559777 -0.3373544316351302 -27.00400974602573
-0.3592364298860122 0.06626036034592135 0.9308913750215875 209.5954241545015 -0.18270166623738537 0.9731817469031436 -0.13977620916533046 60.88005304056862 -0.9151881165076602 -0.22028811166600826 -0.3374964581470283 -28.160448468646297
-0.35837156903473616 0.06633605208276862 0.9312192796015633 212.82525617674497 -0.18099115812599934 0.9736112026145411 -0.1390087293074727 60.3338573080016 -0.9158668130180251 -0.2183592323157893 -0.3369083354188022 -29.315725041870888
-0.3574173259611355 0.06655912864356711 0.9315700389648656 216.08347318178033 -0.1798850601971345 0.9738746320121556 -0.13859857950593746 59.78140781846078 -0.9164574295736098 -0.21711306620606552 -0.3361066739324522 -30.482864436053305
-0.3568774287697948 0.06803476745759605 0.9316704198651213 219.33822615297012 -0.17825735710145754 0.9740578381101868 -0.1394117737327607 59.22881020665728 -0.9169857226117897 -0.21583002208474567 -0.3354915588998248 -31.651144516084322
-0.3571832239906134 0.07141212524803761 0.9313004095710634 222.55995274436341 -0.17639625833485914 0.9739734576769075 -0.14233785085616735 58.67451525935422 -0.9172265284787261 -0.21511860009875822 -0.3352901480008286 -32.80731405030402
-0.35849486134221226 0.07388965056886673 0.9306028980881368 225.80384215789238 -0.17460970722562388 0.9739625976996732 -0.14459705538041903 58.10109560125452 -0.9170566419441126 -0.21432960089758205 -0.3362587361620114 -33.973727038537604
-0.36044546832205804 0.07708573770211863 0.9295896155879824 229.08074850864315 -0.17196937410442958 0.9740047235319338 -0.14744942491448954 57.50892309790448 -0.9167909242222163 -0.2130084213837638 -0.3378192026563526 -35.15079318368747
-0.3628392779870265 0.07958514064142305 0.9284470171953477 232.38238861974062 -0.17005740883779427 0.9739593960945845 -0.14994523152954584 56.903898830345085 -0.9162031085131894 -0.21229531353319764 -0.33985668126816715 -36.33869056213897
-0.3655992291943916 0.08052303863204735 0.9272827205668877 235.6168234664526 -0.1681601035773385 0.9741424932849169 -0.15089261857859804 56.30205995171536 -0.9154558335481444 -0.21109818337946273 -0.3426049821537408 -37.50695612025365
-0.36792829014621853 0.0801446418860784 0.926393873947271 238.81956942678457 -0.1665040856506907 0.9744976215941012 -0.1504352849868312 55.698526618004095 -0.9148252088632615 -0.20959776211685532 -0.3452008333476304 -38.676426349680405
-0.3699013241803635 0.07962956513059058 0.9256522795989467 242.05576055085191 -0.16528163802539794 0.9747874162020028 -0.14990488099413668 55.08825599536239 -0.9142510544162677 -0.20844333899488832 -0.3474138510874414 -39.86997939713426
-0.3718112949823345 0.07965676842942981 0.9248844036780702 245.42213904726404 -0.16375799714090133 0.9750590847318128 -0.149810212116404 54.45916944024092 -0.9137503375079884 -0.20715834650175585 -0.34949354812170463 -41.11966250227616
-0.373937368823992 0.08071950586637376 0.9239346327363631 248.921364879106 -0.16211793856357856 0.9751791270651514 -0.15080929723444358 53.81013786117788 -0.9131750205699279 -0.20617960982875927 -0.35156983701389233 -42.42562981837274
-0.37617118726877663 0.08156122654228116 0.922953413880526 252.52905405912614 -0.1608232460525393 0.9752506823068625 -0.15172999106678003 53.14232002822136 -0.9124862307990877 -0.20550881485941033 -0.3537442658435002 -43.777837081517305
-0.37812284526213014 0.08208011456156517 0.9221095209813372 256.1745081279472 -0.1589340659600875 0.9755172032483262 -0.1520070684013079 52.46578478048326 -0.9120104585849157 -0.20403196063393023 -0.35582001415267306 -45.147248971122984
-0.37954358961160406 0.0826204919644454 0.9214773561473397 259.8353336459035 -0.15735611926654364 0.9757277040401934 -0.15229740410731865 51.788101192471764 -0.9116938714909265 -0.20280360419876084 -0.3573303552874856 -46.52431027849965
-0.38082538379056163 0.0825156731805115 0.920957757305045 263.4879982741645 -0.1550815460364495 0.9762014261782673 -0.15159317137148198 51.11625220812823 -0.9115490887164106 -0.20055408050470055 -0.3589656246121597 -47.90576121115212
-0.3823835897957455 0.08159083441238618 0.9203943317919823 267.100185278982 -0.1528614141157602 0.9767826526136395 -0.1500967608830861 50.45915344955038 -0.9112717368213784 -0.19808731734504068 -0.36103356682945137 -49.28043522161475
-0.38392231032084934 0.0821849807202182 0.9197006516154692 270.61891773708146 -0.15014031239947515 0.9772194865591415 -0.14999987227220585 49.82733055408812 -0.9110771351705036 -0.19567244065812495 -0.36283708429046085 -50.635664290229684
-0.3851960456637344 0.08388837033502058 0.9190140084501197 274.02341996141325 -0.14725767770066137 0.9775118132069346 -0.15094976448839345 49.22254498554681 -0.9110099795080364 -0.19347712103354173 -0.36418047843526946 -51.95937194810124
-0.385932512337425 0.08467013034366591 0.9186332592218236 277.2809307221204 -0.1448562205654669 0.9778649853579475 -0.15098591250309462 48.63714667691012 -0.9110832954699668 -0.19134011455648797 -0.36512489544962257 -53.23982203298305
-0.38666424416131323 0.08613284989455361 0.9181894654461044 280.39794307438 -0.1428096257964722 0.9780267003174816 -0.15188543131575472 48.06955341335327 -0.9110961382132154 -0.18985495946944222 -0.3658673547856168 -54.47183051425471
-0.3873160805971155 0.08773717574972908 0.9177627371507028 283.42553670127063 -0.14013751614253636 0.9782918436491779 -0.15266481329663018 47.51573766679908 -0.9112341797146832 -0.18774252752361614 -0.366612892679397 -55.675768209389865
-0.3881071727602089 0.08859728000891552 0.917345815070358 286.43845414712575 -0.1388958501081622 0.9783766134866329 -0.15325516306200332 46.96860921401106 -0.9110876825392881 -0.1868949548742612 -0.3674091868308951 -56.877387771365484
-0.3886891647649425 0.08931184611647484 0.9170300580338676 289.49342083882 -0.13644984526579382 0.978736154969091 -0.15315671282468407 46.419044667630665 -0.9112091817586534 -0.18465896430877377 -0.3682375510171914 -58.10416411205375
-0.38921950033074576 0.0884878332202584 0.9168849894802885 292.5322589511973 -0.13379051662821037 0.9793896243297382 -0.15131444549550904 45.87319561973764 -0.9113771328174981 -0.18156504929980485 -0.36935870728888764 -59.33148028720799
-0.38955861406289255 0.08637848611859289 0.9169421155914144 295.45669783878907 -0.13193429353459762 0.9800903250844237 -0.14837889629404044 45.34939373771242 -0.9115028405874154 -0.1787783874291606 -0.3704063441536929 -60.51203519318891
-0.39014864512129604 0.08606598435942915 0.9167206123166752 298.1093722270332 -0.13013352675996653 0.9804734291660586 -0.14743513798401373 44.872874362788124 -0.9115093526251018 -0.17681770566205915 -0.37133030988780785 -61.59112530998074
-0.39091543160907055 0.08691924045828944 0.9163133585013636 300.500000356698 -0.1280670454774556 0.9807111289175808 -0.1476635143828083 44.44544955617356 -0.9114735087716875 -0.17507349101266192 -0.37224362392399685 -62.56711930713756
-0.3917096851253848 0.08704847990737734 0.9159618358451334 302.772757899756 -0.1265857192620084 0.9809492614151207 -0.1473587534150966 44.04258439640904 -0.9113394418425519 -0.17366953870770258 -0.37322823187315546 -63.496330251156536
-0.39238721639060337 0.08649840209070309 0.9157239206491165 305.088512214398 -0.12482730384278606 0.9813500150727783 -0.14618581371665582 43.6360672731067 -0.9112905226263337 -0.1716687925990484 -0.37427183839959205 -64.44394036883004
-0.3934079865122944 0.08685324146473761 0.9152522442449462 307.5778647114074 -0.12244510328368174 0.9817088172422643 -0.1457909284922948 43.20009221150614 -0.9111736128917436 -0.16942347120710552 -0.37557733501097246 -65.47027506542804
-0.39462058353297064 0.08728425139658147 0.9146890479885699 310.2659191180008 -0.11973719800295274 0.9821044159141432 -0.14537509984981511 42.72905671752086 -0.9110091099799725 -0.1668903103840376 -0.377107446006334 -66.58684796728366
-0.3958094975417092 0.08711859599681683 0.9141910040507527 313.1565063967953 -0.11802053250955602 0.9824092306912355 -0.1447178543194247 42.21664352960863 -0.910717297278328 -0.16517401031700132 -0.37856512088920535 -67.786904686914
-0.3966519988718785 0.0871980883154929 0.9138181904432998 316.12483471262624 -0.11659450538871374 0.9826301853605806 -0.1443732666784095 41.68706497960851 -0.9105344107193898 -0.16381212474159987 -0.3795954091971321 -69.02063094987771
-0.39733508288457997 0.08792497875084782 0.9134517119261243 319.0682534048841 -0.11494534631912656 0.9827913549585506 -0.14459847847856067 41.1614350692203 -0.9104462638007156 -0.16245107180441043 -0.3803909173480859 -70.24776453701361
-0.39808228693709335 0.08840154179212888 0.9130803142307409 321.931894824291 -0.11292373628988922 0.9830536435162002 -0.14440832300064355 40.65331643264891 -0.9103728481283191 -0.16059483608852793 -0.38135361019981645 -71.44422921837078
-0.3993153929065327 0.08809925013469697 0.9125709501806453 324.6937836188565 -0.11158746871392325 0.9833019367992765 -0.1437551317790558 40.16481836797682 -0.9099975020921335 -0.159235119281202 -0.3828168269206315 -72.59660037916807
-0.40097305077574974 0.08881786157235444 0.9117740948378069 327.4079366179932 -0.11050291315120037 0.9833321864734981 -0.1443846156290568 39.689293210790254 -0.9094007470508743 -0.15864803342924344 -0.38447507429266126 -73.73883910615055
-0.4026589027455862 0.08912236554173136 0.9110011042803222 330.097631343284 -0.10837589317530574 0.9836066637609101 -0.14412701614752577 39.22224030908967 -0.9089116974812114 -0.156764584538028 -0.38639926399573304 -74.87703924241089
-0.40452145351671004 0.08964451001873097 0.9101243077010028 332.75124541160454 -0.10640985878686993 0.9838108622463775 -0.14419822911187288 38.75883163896519 -0.9083167595050132 -0.15517747629583198 -0.38843354032932065 -76.00879811964225
-0.40645901110966937 0.09100960986966354 0.9091250316645788 335.3190817068018 -0.10377610406334545 0.9839889242470897 -0.1449010599840152 38.30487438370292 -0.9077563508525758 -0.15324179544246136 -0.3905065423477404 -77.11439086193153
-0.4086847454245651 0.09271128933399073 0.9079545119042515 337.7522048319879 -0.10113768271288553 0.9840996919285887 -0.14601015540546003 37.866958143088354 -0.907054545213642 -0.1515005385339868 -0.39280992710366436 -78.1728997742257
-0.4112392648001246 0.09286647956121001 0.9067844749776873 340.10534270791305 -0.09990225626817842 0.9842120794744323 -0.14610312046340168 37.43225808322457 -0.906036316203264 -0.15067315484360003 -0.39546908113061957 -79.20006806547651
-0.4137311098000707 0.09452152011408789 0.9054790174371373 342.45946598545686 -0.09769537254948849 0.9842428651659314 -0.1473824838723278 36.988161382882225 -0.9051420788837624 -0.14943782856185522 -0.3979775777964122 -80.2406190766095
-0.4163046813190866 0.09707029809189 0.9040286331417634 344.8887680676987 -0.09435211297367055 0.9843044392348063 -0.14913902802438886 36.5254367496013 -0.9043163667042736 -0.1473842872595562 -0.40061175816465416 -81.33249706219092
-0.4190540725162949 0.09772932366765046 0.9026863594864892 347.42242770051877 -0.09242262727759618 0.9844349828470438 -0.14948519162127477 36.04236519623373 -0.9032451174928182 -0.146071023281164 -0.4034990878341356 -82.46891797220081
-0.4218889823821305 0.09905922171815261 0.9012197052534769 349.9768394695574 -0.09039598777186883 0.9844645081551774 -0.15052640159631425 35.557488376478844 -0.9021298420622827 -0.14497207584697352 -0.4063801733417872 -83.6309911034533
-0.42437966842446995 0.0996484076797193 0.899984495352466 352.53441026798805 -0.08867014369625537 0.9845755829322629 -0.15082614862974617 35.076617504432434 -0.9011323446890713 -0.14380930547253656 -0.40899802079555886 -84.79951512478962
-0.4265826117016725 0.1015800002849327 0.8987261979801705 355.04264584867553 -0.08505198287507174 0.984764404525019 -0.15167474341334872 34.604105274136415 -0.9004406896641217 -0.1411402533744352 -0.4114437911484408 -85.96620318007119
-0.42883404785554396 0.10340232367481704 0.8974459977394055 357.4755271706899 -0.08214750322402348 0.9848485058589008 -0.1527259251782475 34.14088144780173 -0.8996405655115207 -0.13921702469935562 -0.41384232857450803 -87.10481668190917
-0.4307751281686815 0.10478099750480947 0.8963558063141852 359.87648081886516 -0.07997301789997144 0.9848970036639507 -0.15356499790559197 33.67781674139373 -0.8989088415179972 -0.13783626059811224 -0.4158894803972597 -88.22719655235906
-0.4321942086117869 0.10568407969121893 0.8955663243681349 362.32541077077383 -0.07734360112318456 0.9851052793064459 -0.15357589670214827 33.19891037118484 -0.8984576414098385 -0.13564093770831603 -0.41758280928443403 -89.37636706299514
-0.4330853483453111 0.10618032284119698 0.8950769911521353 364.8414254166844 -0.0748029945001484 0.9853776805159683 -0.15308605016389548 32.70244322428546 -0.898243615653589 -0.133253764608401 -0.4188100299124386 -90.55871195171298
-0.4340977118035741 0.10693997210645156 0.8944959580527866 367.32235554793726 -0.07172874065445942 0.9856737939009939 -0.15265044965851868 32.212717369526416 -0.8980056594315136 -0.13042627949418018 -0.42020806899235014 -91.73092658421723
-0.4356128458153532 0.10801932990223856 0.8936292704069854 369.73528502971146 -0.07028342736771032 0.9856608377101839 -0.15340453983474006 31.739265934564017 -0.8973860308685991 -0.12963231607871512 -0.42177455379618517 -92.8711672913058
-0.43723560016998453 0.10833532427115371 0.8927981224549352 372.11209381467967 -0.0690995579983309 0.9857369333661987 -0.15345341078724756 31.275898409655525 -0.8966885083619786 -0.12878724980706913 -0.423513356647347 -94.0032719957754
-0.4385329166904202 0.10831922468076809 0.8921635649047489 374.5524428831933 -0.06758556765199086 0.9859241874634103 -0.15292379677399642 30.801691596153958 -0.8961702249149726 -0.127359499603185 -0.4250393932762883 -95.17319122208197
-0.43967612256367805 0.10848551159282496 0.8915805073137326 377.06403845354987 -0.06674837209186499 0.985986603858977 -0.15288908343544072 30.318470427700774 -0.8956726869065826 -0.12673322683923993 -0.42627353559006964 -96.38088646072055
-0.44079174689027595 0.10966085832377327 0.8908855886280305 379.641193470372 -0.06743726337064598 0.9856582757895032 -0.1546931765681475 29.82688806568798 -0.895072539732115 -0.12826636160490107 -0.4270748050378807 -97.62097775733176
-0.44175256465450286 0.11308530141299444 0.889981115656676 382.2586665184362 -0.06656249817812332 0.9851581040833668 -0.1582180261384763 29.33389836560322 -0.894664241745169 -0.12913258521070675 -0.4276688788997197 -98.886892888213
-0.44280988683402606 0.11346551715758885 0.8894070949448282 384.9314501787876 -0.06647700226758665 0.9850755038273411 -0.15876731379231512 28.827695526353324 -0.8941477575275543 -0.1294288537207724 -0.4286583249313779 -100.18167410936971
-0.44399247562969874 0.11327232648047547 0.8888419778779085 387.60478810172583 -0.06598082000599709 0.9851512013496984 -0.15850439069812683 28.31857247734689 -0.8935979034082103 -0.12902127938037505 -0.4299259197716553 -101.47822597318725
-0.4457369049896244 0.11178357049492292 0.8881571059771335 390.2756823737457 -0.06592888547984221 0.9853784278155575 -0.15710740292910452 27.80933479749477 -0.8927328791915629 -0.12858377566065143 -0.4318497644403607 -102.7780532927957
-0.4475347521297472 0.111493672515889 0.8872890209086808 392.9023177500959 -0.06481767489346701 0.98554354655818 -0.15653302162461244 27.30730855515084 -0.8919144099394131 -0.12756597832669292 -0.43383822620417317 -104.06494968212303
-0.4491817297781518 0.11206021849118591 0.8863849508341255 395.5823359071416 -0.06286917196492131 0.9856793261429974 -0.15647278750867172 26.79474993280924 -0.8912256957976209 -0.1260110052574634 -0.4357040115767253 -105.38480002636953
-0.4508497008787501 0.11269304522504621 0.8854574099161672 398.3632284960265 -0.06195133138268777 0.9856553289031976 -0.15698918798644618 26.259132580432222 -0.8904474042622926 -0.12563379387186008 -0.43740092601629144 -106.75578275075061
-0.45162266795732176 0.11341052697945544 0.8849717612202963 401.35669780650466 -0.06108765938579058 0.9856302057940023 -0.15748458749109462 25.677864267060272 -0.8901153091919478 -0.12518446308035508 -0.43820495951712723 -108.23045112101005
-0.4512781136739671 0.11445732507084523 0.8850127597139452 404.5243162667735 -0.059804151473925204 0.9856320293961983 -0.15796507871937288 25.05927501034388 -0.8903771827632098 -0.12421361988912777 -0.43794913979672323 -109.79648724776439
-0.4506462397378354 0.11359534857709791 0.885445686302552 407.8217700985753 -0.05967819483732659 0.9858184476818205 -0.15684546939955307 24.41004350751095 -0.8907056077465259 -0.12352362118985855 -0.43747621116700425 -111.42404957463947
-0.45001641815920784 0.11327365950516463 0.8858071468719732 411.1256907215794 -0.059661878343203134 0.9858930190485264 -0.1563822728570754 23.76029250446888 -0.8910250746526263 -0.12322350852695269 -0.43690992582749894 -113.05085739089995
-0.4487264109839712 0.11501669527572222 0.8862368576702823 414.3879458280162 -0.05770437995959357 0.9858848378363547 -0.15716644380358563 23.125112887710273 -0.8918042456833918 -0.12166448262429941 -0.4357555978399348 -114.65519158099488
-0.4476660165128737 0.11648642602730636 0.8865811018800709 417.4692443353964 -0.0559609090939768 0.9858856567419642 -0.15779052089350598 22.530276594565493 -0.8924480457219184 -0.12025133837863572 -0.43482881839325704 -116.17208351164743
-0.44742943383774725 0.1173516681405077 0.88658642428151 420.3361187600481 -0.05376489239949525 0.9860306931634678 -0.15764773542567617 21.97976568584228 -0.8927016512143933 -0.11820346071166199 -0.4348697549782961 -117.57836669807942
-0.447836682692701 0.11778640214837541 0.8863231177757572 423.07427602915914 -0.05114256293314218 0.9862875080053819 -0.15691204481863533 21.455580080694162 -0.8926515243315429 -0.11559980545605159 -0.4356718272818392 -118.9272288096424
-0.4480097011649003 0.11884826873768668 0.8860938983427161 425.9042363367787 -0.0489968783116978 0.9863711438924251 -0.15707091523276964 20.913098756268212 -0.892685058448861 -0.11378512870496654 -0.4360806472520296 -120.31727612732838
-0.44763480448485166 0.11924270376555504 0.8862303647542714 428.9376160496688 -0.04646134133554197 0.9866290910891549 -0.15621901413686015 20.327200521498483 -0.893008636898385 -0.11110451932873983 -0.43610934432733617 -121.80343878313997
-0.44639329871680933 0.11953178617332105 0.8868174417290975 432.14935250706867 -0.04432051737716672 0.9868684172799729 -0.1553268126073022 19.697524998444152 -0.8937386164870278 -0.10864105609547048 -0.435233737582825 -123.37127510346699
-0.4448053960570723 0.12121514036546437 0.8873866403009975 435.50824856557256 -0.04314922436855689 0.9867482208448513 -0.15641640929235923 19.029461427326993 -0.8945872255263337 -0.1078649081291208 -0.4336805938930097 -125.00622123309631
-0.44321065857196296 0.12451959173329011 0.8877269757097515 438.9540730140509 -0.041807875831409186 0.9863563070109118 -0.1592273127898095 18.334134951652047 -0.8954420213764109 -0.1076852213368813 -0.43195772878715205 -126.67320231365393
-0.4418519199294307 0.12663691688193834 0.8881047078680042 442.47416157521195 -0.04104197261842471 0.9860959453385164 -0.16102901313281565 17.613518944788623 -0.8961486692163667 -0.10760054771968897 -0.4305109578072999 -128.36700866229216
-0.4403765290564828 0.12684394647663794 0.8888076990544113 446.012456581414 -0.04045691634842116 0.9861603407421842 -0.16078252475576554 16.88329497504155 -0.8969011933182731 -0.10676326891535914 -0.4291501530172922 -130.06462436999857
-0.4390024041690627 0.12639947444863783 0.8895504831053105 449.55482952916384 -0.03900791334773612 0.9864402554796359 -0.15941770624848542 16.154037196282133 -0.8976387201040512 -0.10468426447361134 -0.4281190639782124 -131.75039336083395
-0.43794424600447085 0.12764311273186854 0.8898944168628632 453.1067331030798 -0.03770631379159162 0.9863900188769175 -0.16004050912267992 15.427375492862652 -0.8982110393954342 -0.10364345822152027 -0.42717088182138374 -133.42927402609138
-0.4367250087699824 0.12912159043340266 0.890280226444914 456.65737858845944 -0.036583316086927165 0.9862777206572856 -0.16099043052043638 14.70459934452738 -0.8988508929176982 -0.10287795011089629 -0.42600845024721906 -135.09885256240545
-0.43557576042091667 0.12845614236584646 0.8909392664049699 460.1612038883882 -0.03564354644636053 0.9865277064298805 -0.1596640912758035 13.987918584764088 -0.8994461042944525 -0.10130204309236474 -0.42512892342776026 -136.74901738409852
-0.43459138882380616 0.12791403819133762 0.8914977978625525 463.5165917382727 -0.03463127468271199 0.986757188463759 -0.15846427303638644 13.300944625370391 -0.899961665613623 -0.09974091361464904 -0.42440635077395983 -138.3310019115252
-0.43342290748174095 0.1281683801476597 0.8920299600351994 466.68177216040357 -0.03303179933575057 0.9869103788334825 -0.15785057612627584 12.655169613798847 -0.9005850784366336 -0.09788141029367875 -0.42351593360368833 -139.82450044783337
-0.4313132330304543 0.12983622459223715 0.8928109821213286 469.6650307115346 -0.030099142409964252 0.9869690797200558 -0.15806984944236957 12.049572103725694 -0.9017000258617066 -0.09505046270367562 -0.42178486566117523 -141.23956991578368
-0.4288983207367282 0.13018071142345386 0.8939234938418936 472.56935523437 -0.027855249255680115 0.9871854788248011 -0.15712706796206266 11.461626636840819 -0.902923205792231 -0.092291997327689 -0.4197759779586576 -142.6025241581093
-0.4287777356079341 0.13006020736956536 0.8939988791413098 475.44238987255505 -0.026149255642474 0.9873812627247972 -0.1561872544394461 10.882221310374575 -0.9030314888619764 -0.09034702252411747 -0.4199661244014207 -143.93982189157964
-0.4328540074093236 0.13213246563098222 0.8917277722466462 478.32769426473044 -0.023467195397356422 0.9872126206305986 -0.15767223093446336 10.295806803909372 -0.9011585315636046 -0.08917540688971232 -0.4242181606157177 -145.3017950572928
-0.4398416499515982 0.13761079006903726 0.8874697704285094 481.1629014364173 -0.021321707445135618 0.9863121405766652 -0.16350457529593232 9.699186703716563 -0.8978222027547996 -0.09083849298427665 -0.4308870622713866 -146.67103327824617
-0.44524598641189583 0.14798688217329053 0.8830944990705846 483.8963031130769 -0.017375170503226234 0.9846342035882822 -0.17376302418539896 9.10031840159354 -0.8952396969717564 -0.09271120659715476 -0.43583312992155393 -148.01471222041715
-0.446705879371873 0.15703814360293092 0.8807910528543914 486.5168231585035 -0.010424670685578119 0.9834946924422747 -0.18063641985761175 8.514552873996692 -0.8946201336744549 -0.08987330744789201 -0.43769579051286056 -149.33597141498433
-0.44694210511155724 0.15503782072976813 0.8810255551468494 489.0919090518536 -0.007884116761518734 0.9841461656875334 -0.17718398704572388 7.935550899868872 -0.8945281411902821 -0.08613709250893437 -0.4386340227487683 -150.62711079956023
-0.45032824209616523 0.14463236753187847 0.8810709123746521 491.6076790544481 -0.008653486208682726 0.9860395221118141 -0.16628643363168227 7.378258026053487 -0.892821141969104 -0.08250781233090165 -0.4427898704321894 -151.86899791401606
-0.45671343172920686 0.1363300686849538 0.8791057693193054 493.98595412979495 -0.009280900152519811 0.9874040737414759 -0.1579463834695174 6.856793236873912 -0.8895654591824547 -0.0802951276921372 -0.4496954372666165 -153.07451479972238
-0.465675238622418 0.13221448750909665 0.8750233719316655 496.1277075892753 -0.009438559933772128 0.9879782042075785 -0.1543048333564036 6.387651279788713 -0.8849053541030996 -0.08011490063326415 -0.4588290716336441 -154.1899145085029
-0.47345697639528433 0.13132687601549733 0.8709717235011973 498.107746738115 -0.008071125985635919 0.9881342701088087 -0.15338031543147398 5.954648542709322 -0.880779965955153 -0.07964870289304538 -0.4667791080366563 -155.24651228034043
-0.48002642895945247 0.1329557656096171 0.867120171540022 499.94619482137693 -0.0035692574751606254 0.9881440221816236 -0.1534882791218975 5.55099369240196 -0.8772467656831305 -0.076773405668148 -0.4738606929052063 -156.2708136701097
-0.48554062281423954 0.13680089816425103 0.8634441602435071 501.6342961344044 0.0006439987604374142 0.9877361283764716 -0.15613111786398323 5.176379112952489 -0.8742138690633764 -0.07525194323945822 -0.4796741145568818 -157.23210792996798
-0.49224070896734684 0.13903829088527872 0.8592830954365535 503.2145357675562 0.0020840238109773868 0.987346180526204 -0.15856600091152567 4.81938981701316 -0.8704566280292662 -0.07626187427554637 -0.4863017430072628 -158.13469571670973
-0.49993102490233265 0.13864463761473161 0.8548956865026186 504.7359794299889 0.0024577841479982987 0.9873262686108496 -0.15868458843901723 4.464703732368875 -0.866061735465311 -0.07723019986804464 -0.4939357919721519 -159.0174020094757
-0.5083519563780237 0.13735843205527537 0.8501240789378648 506.2668645759456 0.0040796693292393105 0.9875700313281586 -0.1571266671213581 4.099852841009039 -0.8611397358993493 -0.07640742349941038 -0.5025935344683435 -159.93093393608257
-0.5166791576476014 0.13560083855572755 0.845372734736311 507.7954788169293 0.0050945374298722035 0.9878478260100353 -0.15534065255310667 3.732787352463646 -0.8561639409254174 -0.07595449447026048 -0.5110912061744232 -160.86199954785002
-0.5240230353041465 0.13541008108662586 0.8408709582395762 509.2995926190283 0.006984571935845896 0.9879306642848954 -0.15473919451929521 3.3714972961448098 -0.8516754512286374 -0.07521377869593199 -0.5186442068208006 -161.801630258739
-0.5301801556217702 0.13560975591184105 0.8369701289092739 510.7924159190739 0.0083192718781675 0.9879114114469796 -0.1547961008819525 3.0136309945019946 -0.8478442028464271 -0.07510683879893582 -0.5248992002902444 -162.74600165868924
-0.5358546931483623 0.13583275913140802 0.8333121920250679 512.2794696312124 0.009673204162191529 0.9878968545501232 -0.15481031584235994 2.658987673481903 -0.8442548057027047 -0.07489503532760705 -0.5306831038681802 -163.70151314541596
-0.5414527541128409 0.13427305897599634 0.8299395524355062 513.7823801128295 0.010511716858872588 0.9881680426646313 -0.15301445443170467 2.300974854078504 -0.8406654619242421 -0.0741260081859389 -0.5364577486047898 -164.67496269843105
-0.5469933074091082 0.13243375716127764 0.8265951981555381 515.2862194990894 0.012377814167375295 0.988578874393632 -0.15019520238362985 1.9425523195541246 -0.8370454655310451 -0.07192432875438814 -0.5423852685749753 -165.66980514183314
-0.5538320428140922 0.1301524524576651 0.8223930978988243 516.7592594421176 0.013975532364587706 0.9890211867459255 -0.1471114430043074 1.5905897331502672 -0.8325111127471494 -0.06998164964430598 -0.5495705740535657 -166.65847303577763
-0.5627773238761851 0.1297868731132502 0.8163559586958651 518.1453310680628 0.014871278486680267 0.9890266719404778 -0.14698669078020593 1.2541907494164093 -0.8264747599333764 -0.07058051967667367 -0.5585318804108138 -167.61682910735058
-0.573059709004705 0.13129724253551445 0.8089274405149162 519.4729378050405 0.015137095476115331 0.9886098121004612 -0.14973813061221178 0.9303900925702919 -0.8193738086221639 -0.07356407765521883 -0.5685199101374967 -168.55498753694042
-0.5829889218305062 0.13194055043386543 0.8016954584966245 520.8121585645738 0.015726569753928 0.9883739171992303 -0.151227229043007 0.6024395866799068 -0.8123278845556637 -0.07555587966174326 -0.5782860166231426 -169.52885525774008
-0.5924966914800643 0.13177870788573393 0.7947213616942381 522.1766410293922 0.01717610084441365 0.9883717170785398 -0.1510838523436683 0.26366171383082815 -0.8053897517009765 -0.07586646839801625 -0.5878704166972967 -170.5485894992695
-0.6016020181539764 0.13173073159695797 0.787859141030929 523.5634259986448 0.01812325833357928 0.9883053876938994 -0.15140676392614538 -0.08594692873489862 -0.7985903576054733 -0.07680803999675645 -0.5969539058683005 -171.61316297078122
-0.6104527663740839 0.13237271645684331 0.7809128529894133 524.9778953838573 0.01867296956312997 0.9880667152345098 -0.15289043937860414 -0.44523356750042353 -0.7918325203184847 -0.07875042973548979 -0.6056398513824476 -172.71743780009635
-0.6183976380909268 0.13303111738209308 0.7745237782093171 526.4246269280945 0.02012178790568042 0.9879252650788528 -0.15361895804346243 -0.8170391139876472 -0.7856077105369085 -0.07941279762703224 -0.613607474463933 -173.87959852238944
-0.6247648252765939 0.13224126955133841 0.7695330790320567 527.9412264742857 0.02108433296163781 0.9880515195293821 -0.15267496736283806 -1.2070635403254073 -0.7805282595785181 -0.07916085764524694 -0.6200880539215373 -175.11076740138554
-0.6282403577857132 0.129810479474629 0.7671136110563067 529.5611939750806 0.021966075905017896 0.9885491077615536 -0.14929217344915735 -1.6141353018373081 -0.7777091643786995 -0.07694089265407011 -0.6238978719942718 -176.42769303542818
-0.6287605188470998 0.12595913093776717 0.7673294646190311 531.349924187105 0.022686411830972586 0.9893446704358488 -0.14381394159962133 -2.044921965234124 -0.7772679953898541 -0.07301657629323743 -0.6249184290201822 -177.87164076410784
-0.6277028938863487 0.12199708272939366 0.7688340450397743 533.2769282383279 0.022948189930489943 0.9901141877863907 -0.1383736814680171 -2.4919731397903035 -0.7781146815127051 -0.06921421060458255 -0.6242971531768882 -179.4244807682403
-0.6271455936433433 0.12152746180799198 0.7693630355042061 535.2847174032577 0.022661724367306096 0.9901819919812804 -0.13793501732586227 -2.945479374583499 -0.7785723156023721 -0.0690702452760425 -0.6237422950185989 -181.0403590290841
-0.6283763659250646 0.12368890072018336 0.7680131500081512 537.2432945185252 0.022037043210968166 0.9897124732657743 -0.14136332264298287 -3.3847696411546053 -0.7775972681750678 -0.07190463198416863 -0.6246376649113422 -182.61862867811448
-0.6304105861738972 0.12377682267035542 0.7663300796716225 539.1351024590728 0.02122136344756459 0.9895846671310637 -0.1423792130633189 -3.8143475282946326 -0.7759717434116465 -0.07349479402471248 -0.6264713630150669 -184.15552744085267
-0.6312087971999183 0.12471011309596101 0.7655212877699914 540.949129759392 0.022401527807219046 0.9895083451286311 -0.14272843610402977 -4.233716188279402 -0.7752893820305652 -0.07294259806445241 -0.6273800694142849 -185.64761702375938
-0.6310855061952269 0.12472217105800494 0.765620966220814 542.7094936287248 0.024278234990510766 0.9896818657817159 -0.14121038151839027 -4.641368381708617 -0.7753332516899174 -0.07052789936898368 -0.6276019154165631 -187.09535421812961
-0.6328850613999693 0.12386597671584182 0.7642733273306015 544.4028907616446 0.02551538172049747 0.9899203673620154 -0.13930768671366334 -5.039867587828326 -0.7738252156349102 -0.06866502817362946 -0.6296663001570755 -188.49710889057204
-0.6369296017560296 0.12662945191034988 0.7604509611512045 546.0634899307229 0.027904670516529756 0.9895580303529324 -0.14140804053302974 -5.430566247873287 -0.7704167779651935 -0.06884683342690046 -0.6338123553204209 -189.88735415983547
-0.6424620866201495 0.12501055162395291 0.7560521339420712 547.8170693401471 0.026486942198142238 0.9896373220459733 -0.14112552110326873 -5.841128036061548 -0.7658595884029114 -0.07064228759285629 -0.6391156061738538 -191.35077530536455
-0.648598333065603 0.12207789619026725 0.7512770391848007 549.6648242733963 0.024564022668776803 0.9898968564141404 -0.13964534525623465 -6.279229461159275 -0.7607343893468008 -0.07211935193249741 -0.6450441751864658 -192.91839308137486
-0.6541962502051478 0.12201307708020012 0.7464181637922176 551.5688935929597 0.024093930570112998 0.9897627141822761 -0.1406742766969815 -6.731150727562039 -0.7559409690757652 -0.07404443690080581 -0.6504388308187301 -194.55485451889098
-0.6578229213349501 0.12298193667223681 0.7430642283266627 553.5064735342969 0.025454426625958343 0.9896454701780981 -0.14125832903272423 -7.189149077845599 -0.7527423704903932 -0.07400869278888494 -0.6541419089617977 -196.25395842691813
-0.6592888048200339 0.1229290542386459 0.7417726871912742 555.457222091132 0.0275842970018447 0.9898347265540175 -0.139521756965177 -7.647675223810097 -0.7513836426206559 -0.07152385428462238 -0.6559778653814374 -197.97709548989326
-0.6607356613698271 0.12141851148505314 0.7407333736662147 557.3693105862551 0.028698683313788553 0.9901952896252164 -0.1367101824301731 -8.095470129359796 -0.7500698443280017 -0.0690712202931893 -0.6577418909853454 -199.66984135572088
-0.6636768138621943 0.12002867855460653 0.7383266235658594 559.2405538405549 0.029227875477441684 0.9904493978309089 -0.13474316914585222 -8.533894162771105 -0.7474482042501689 -0.06784619857315116 -0.6608464839146617 -201.33353486987124
-0.667802767036892 0.12074105739882492 0.7344801300212861 561.0711178741255 0.03046680448630748 0.9903628239532882 -0.13510459191183646 -8.966952491136084 -0.74371448699233 -0.06784595779767838 -0.6650456283957156 -202.98739298812868
-0.6717187601760487 0.12264317029983735 0.7305837118403052 562.9079696066252 0.0324466334780151 0.9901250875098843 -0.13638008307480112 -9.403978697023803 -0.7400953473732261 -0.06790407839262186 -0.6690649541966414 -204.6721285082752
-0.674156923007952 0.124735764986667 0.727979005256087 564.7671894425745 0.034630586328839946 0.9898902473449187 -0.13754279589254745 -9.847243809045267 -0.7377758234389169 -0.06751508827372671 -0.6716610359432952 -206.39340816765184
-0.674596179950534 0.12509484751303454 0.7275103250963786 566.6793998315418 0.036509875768238664 0.9899846031949995 -0.136372704043843 -10.300562728606224 -0.7372835431281071 -0.06543519360812167 -0.6724070288671391 -208.1639957108977
-0.6741315888256111 0.12468013036593745 0.7280119958073433 568.621315029998 0.03764409205120445 0.9901684873140184 -0.13471929729593873 -10.759754156753502 -0.7376513561846805 -0.0634131833470285 -0.6721973258625022 -209.95402318951486
-0.6736963156959179 0.12429370861486982 0.7284808495880375 570.5299233274591 0.03768694414146878 0.9902503525866192 -0.13410418876141253 -11.210075588710225 -0.7380467251190974 -0.06289128080139972 -0.6718122642078932 -211.7057471535279
-0.6737256667331862 0.12372783687263988 0.7285500314787874 572.3481711465781 0.03778540333549149 0.9903620757715502 -0.13324872295163975 -11.637303256467135 -0.7380148977356071 -0.062244527922428294 -0.67190745602651 -213.37632123523173
-0.6739739155557742 0.12311587035943872 0.7284240822598173 574.0683472101647 0.03893016537334967 0.9905644798737729 -0.13140187759848634 -12.04045351309901 -0.7377286786986273 -0.06020376797212751 -0.672407542304172 -214.96306168461155
-0.6748626493343755 0.12270650888809573 0.7276699232549635 575.6951349747254 0.040328592694008875 0.990737337435126 -0.12966546503707313 -12.42378478998566 -0.7368405588352946 -0.05816047531146312 -0.6735602051538055 -216.46984998382305
-0.6762709776110808 0.12392357246962231 0.726154606834743 577.266302887753 0.04188770040572959 0.9906226614976222 -0.13004677267079487 -12.795243515641857 -0.7354610699389016 -0.057529911469910544 -0.6751202292115024 -217.93626540125774
-0.6776615790484166 0.12515102110720944 0.7246461248067435 578.8247878861216 0.0432370680378415 0.9904879480676999 -0.13062993791673863 -13.161179272227884 -0.7341017233524921 -0.05719131619802664 -0.6766267901306006 -219.39594133490044
-0.6783308447842539 0.12483437105650612 0.724074336527133 580.4034476162774 0.04423666217611319 0.9906124324774174 -0.1293449896234603 -13.529609432809366 -0.7334237402305697 -0.055708064264548496 -0.6774852240765848 -220.87357914887636
-0.6787480273427903 0.12348178687198638 0.7239153014608638 581.987856460323 0.044083098139732935 0.9908353771104244 -0.12767903478977452 -13.898613164773622 -0.7330469260809125 -0.05474946371743761 -0.677971017364297 -222.35132191008782
-0.6791461582682812 0.12271019624224877 0.7236730639229462 583.5610131120337 0.043919164637280295 0.990953616146451 -0.12681497397325828 -14.262508724533234 -0.7326879299449386 -0.05434278594683384 -0.678391670739359 -223.8194367166219
-0.6797822461229029 0.12195292101040772 0.7232036939294014 585.1332548290095 0.0441527478299821 0.9910947636622245 -0.12562525343410932 -14.625298074052665 -0.7320837607235693 -0.05346638662142161 -0.6791131811314562 -225.2922097714299
-0.6802371600952385 0.12269021844747105 0.7226510335721371 586.7211899757923 0.045735651668346006 0.991075350657462 -0.1252114191504236 -14.99015428740671 -0.7315638428681657 -0.052122544225153444 -0.6797775990656508 -226.79487095277153
-0.6804429477581267 0.12296170471530757 0.7224111115007422 588.3253242835935 0.04677319806267982 0.9910990565623519 -0.12463919136534937 -15.354454474028586 -0.7313068185031654 -0.05102038077792298 -0.6801376757363584 -228.30911864249418
-0.6805585971009026 0.12146910202486355 0.7225546714023279 589.9194002436786 0.04667974962086602 0.9913467346117633 -0.1226892527890292 -15.713420978966695 -0.7312051674375571 -0.049768554609012194 -0.6803396902171338 -229.79884337596138
-0.6809312075283294 0.1201007855673268 0.7224323441818782 591.4730309054551 0.046932147727911544 0.9915898368965681 -0.12061081573841412 -16.06276057042217 -0.7308420240542125 -0.0482223669011701 -0.6808410528212828 -231.25361858062126
-0.6820943252275156 0.11976417225651942 0.7213902373446236 592.9789461814996 0.04779642030337736 0.9916895405424058 -0.11944604382305071 -16.401137492730612 -0.7297005095918493 -0.04699359767570355 -0.6821501067059151 -232.6744595004888
-0.6836909715424473 0.11998990559702384 0.7198396196279857 594.4619757039809 0.04882023139184033 0.9917007556386289 -0.11893778320038695 -16.73413066732772 -0.7281368281018294 -0.0461739517541252 -0.6838747880578844 -234.08391951906276
-0.6850576354393535 0.12057397041366959 0.7184413363559523 595.9372190532778 0.05007888851076234 0.9916692185651456 -0.11867714976322558 -17.06590636556291 -0.7267655337533351 -0.045321944012584825 -0.6853887804298754 -235.49569798018254
-0.6861216987716476 0.12095025777169499 0.7173618679715771 597.4258588787786 0.05150088670541714 0.9916838543611227 -0.11794401921261813 -17.399583456247058 -0.7256615417281433 -0.043979178532927155 -0.6866448563211588 -236.9237779105066
-0.6874545370062782 0.12045050628292114 0.7161689291540599 598.9382851879936 0.05208956273165366 0.9917879093324304 -0.11680505278640502 -17.738934641821146 -0.7243569127190755 -0.04299323712164077 -0.6880833122216333 -238.37689649394747
-0.6889373900658281 0.12060889689765175 0.7147158642134777 600.4643303816731 0.05285936547329348 0.9917932621354651 -0.11641311208131294 -18.080063158758918 -0.722890835500802 -0.04242191853071986 -0.6896587712609238 -239.85145036075434
-0.6904326363115771 0.12096047692000439 0.7132119865363538 602.0018568657051 0.05346459491029762 0.9917571189309692 -0.11644463981147568 -18.42052159933658 -0.7214182641207008 -0.04226558970405481 -0.6912085851029669 -241.34654908017455
-0.6913119835071109 0.1201134584522646 0.712502981438044 603.5448393189955 0.05355712733253323 0.9918918414917782 -0.11524846590709642 -18.75956458506394 -0.720568786148382 -0.0415130326607 -0.6921396481548798 -242.84366251009283
-0.6914306872436784 0.11931097140128705 0.7125226290027689 605.0880884715325 0.054232440158895084 0.9920576997558026 -0.11349168599347167 -19.094709320647638 -0.720404363654294 -0.03982979360365896 -0.6924096622443563 -244.34349140801777
-0.6914966132198429 0.11789650792649775 0.7126940769532364 606.6206780447135 0.0543661623592267 0.9922875796605604 -0.11139874165231917 -19.424068944572554 -0.7203310032865579 -0.03828541066943242 -0.6925730813669094 -245.82658520371166
-0.6918498896582683 0.11867677929822765 0.7122215611979485 608.1329850728081 0.055946800838405114 0.9922454841433096 -0.11099033594489141 -19.747398306656947 -0.7198706034113296 -0.036942133839447944 -0.6931245148540042 -247.30996732126255
-0.6924237070578515 0.11954104302169533 0.7115190432711898 609.6352209901229 0.057499045595270803 0.992184797627235 -0.11073927538610182 -20.06508700387988 -0.71919626643907 -0.035766833668791576 -0.6938857715427038 -248.78615118994
-0.6930363113324826 0.11933446923782522 0.7109570701711841 611.1439305201152 0.05841146212426046 0.9922567164511895 -0.10961163145402311 -20.380288302274437 -0.7185323738476743 -0.03443679876575273 -0.6946404354942165 -250.2640169709917
-0.6938897298040945 0.11835582456017539 0.7102879287057349 612.6714174719605 0.05846389420479975 0.9924030199466491 -0.1082507232085948 -20.697439876571366 -0.7177039890838093 -0.03358786675951164 -0.6955378057731545 -251.75715171360795
-0.6948397770514785 0.1178968339822886 0.7094350010846702 614.2137277131762 0.0587333761780893 0.992478549080944 -0.10740912501696637 -21.01665527975453 -0.7167622163240587 -0.032964619687474495 -0.6965380528722643 -253.27311433509345
-0.695565212387568 0.11835285672589509 0.708647752145633 615.7564918407429 0.059585791772267305 0.9924433852127855 -0.10726444222696385 -21.333699400612687 -0.7159878272255131 -0.03238407713999747 -0.6973612426946891 -254.79858002610112
-0.6958660208868511 0.1166939692607634 0.7086275456918606 617.2975979405984 0.05913619000557441 0.9926702474673829 -0.10539777428709066 -21.64729617474606 -0.7157327657769534 -0.031437196618270824 -0.6976663318966013 -256.30927340441775
-0.6960900625518861 0.11561013323742746 0.7085851550162032 618.8102178942947 0.06001173614073285 0.9928653530485004 -0.10303874145803038 -21.953301503562585 -0.715441972728668 -0.029200818630715608 -0.6980616705201692 -257.79965919964377
-0.6974803546048001 0.11443007810079568 0.7074085892652207 620.3170399904031 0.060306503944034584 0.9930393042493035 -0.10117344413486293 -22.257202516610363 -0.7140618184179942 -0.027905150813206492 -0.6995262840206087 -259.2923163954259
-0.7000711501198922 0.11579689139156463 0.70462150457807 621.8160444281293 0.06183026511883799 0.992887769787607 -0.10173934795117104 -22.55943993667836 -0.7113911744498577 -0.027657847896127907 -0.702251835429861 -260.7978808923699
-0.7027560493623068 0.11839468743369155 0.701510251580234 623.347623988699 0.06370747118159556 0.9925666217184392 -0.10369599590193462 -22.86660820080408 -0.7085727155347792 -0.028181544278592208 -0.705074823945476 -262.3528490200366
-0.7046186023092867 0.11936667084268557 0.69947424768296 624.9326480139491 0.06478190561935487 0.9924541607313111 -0.1041059246701993 -23.181855194650154 -0.7066229050802375 -0.02804169643666532 -0.7070344639951587 -263.95921858331707
-0.7052749769792336 0.11725972079856613 0.6991690530373793 626.5746290991333 0.06486126233667852 0.9927625979155703 -0.10107146396497665 -23.507431453910158 -0.7059604971207923 -0.025934187054412194 -0.7077762319029881 -265.612902122386
-0.7053539819236443 0.1163360471240211 0.6992436516150994 628.2204337569173 0.06627659145087408 0.9929430083625864 -0.09834427064915235 -23.832317127397545 -0.7057500787177534 -0.023024037079045323 -0.7080866614380398 -267.28350870802774
-0.705836257017981 0.11665138073677901 0.6987042533511951 629.8366244026566 0.06741728272715364 0.992932910125865 -0.09766855163598492 -24.149113384775916 -0.7051596190002202 -0.021833262724269054 -0.7087123678688547 -268.9294011152192
-0.7069870990548507 0.11733732759318555 0.697424686488296 631.4281236433544 0.0685115591417303 0.9928654878530236 -0.09759246535644966 -24.458234145691193 -0.7039001406690996 -0.02121496131672207 -0.7099820542678198 -270.55500241408237
-0.7082135591937461 0.11845784852157448 0.6959894343291195 633.0248484297186 0.06991468758142941 0.9927449627567864 -0.09782318427357245 -24.76493701616883 -0.7025279290067546 -0.02061982164495646 -0.7113573869165992 -272.1962754272798
-0.7094613315573096 0.11826104890153084 0.6947509937651336 634.6461523982168 0.07062915372893072 0.9927880002890999 -0.09686851462424917 -25.073803796659007 -0.7011962219439482 -0.01965479062933373 -0.7126973744422327 -273.8605416465108
-0.7104821023329193 0.11767102426007285 0.6938074028966412 636.2894980519482 0.07166224258204151 0.9928933679626717 -0.09501201420798494 -25.38458828203784 -0.700056930008346 -0.01778454118977929 -0.7138655369479329 -275.5551678673922
-0.7117045581006378 0.11712863178778679 0.6926452956559359 637.9195816679362 0.0723694668494553 0.9929803799294394 -0.09355546666611742 -25.692275217368234 -0.6987412126436396 -0.016457481299104848 -0.7151851991355718 -277.24178447776654
-0.7130077886373012 0.11729525645693659 0.691275427131074 639.5298511277903 0.07317104676467079 0.992972351189318 -0.09301563142248404 -25.994088902711297 -0.697327678539946 -0.015739523063372285 -0.7165796369949602 -278.9188948520127
-0.7141918565012398 0.11755174944433269 0.690008390028622 641.1211859651028 0.07436142427853765 0.9929603743542443 -0.0921958434071174 -26.28898204276271 -0.6959887719543917 -0.014535513917958043 -0.7179055287073366 -280.58464148317256
-0.715371032435034 0.1170111999287253 0.6888778302747703 642.7144255679889 0.07527277987107353 0.9930468920888982 -0.09050899802265311 -26.582982989095285 -0.6946785548462808 -0.012893766083790503 -0.7192047387447202 -282.2570667886042
-0.7167639034524712 0.11606547627384581 0.6875887665784712 644.3048011707951 0.07516502440822226 0.9931651648880752 -0.0892926332826916 -26.875611707200022 -0.6932530027437966 -0.012319109958562169 -0.7205890047152677 -283.92530264791856
-0.7181950638642386 0.11498014080344762 0.6862764876213254 645.8946993749597 0.07488899866454021 0.9932972234209607 -0.0880469410214571 -27.16734823626308 -0.6918001793293116 -0.011840319464977711 -0.7219919104220639 -285.5980686321113
-0.7192579931444308 0.11562337610631987 0.6850541396091435 647.4710660836524 0.0759098640838198 0.9932294476053298 -0.08793723298120598 -27.455150833174287 -0.6905835444264689 -0.011247191088948505 -0.7231651739817023 -287.273012828417
-0.7200558931508091 0.11639667417576294 0.6840842966912876 649.04692091691 0.07741678621546774 0.9931520291299526 -0.08749678992471388 -27.739767945634384 -0.6895840427031809 -0.010042971466760808 -0.7241360278105611 -288.9575538319232
-0.7206123887261807 0.11710021147518544 0.6833778791319018 650.6403905356749 0.07870076739202203 0.9930789521581328 -0.08718018119053766 -28.02539086581106 -0.6888570057902131 -0.009040755110881593 -0.7248408724132279 -290.66482320929975
-0.7208616252275686 0.11678569790210022 0.6831688064013088 652.2663554025324 0.07954483745547053 0.9931285512681789 -0.08583879944497202 -28.311723160173045 -0.6884991910732026 -0.00753534481564605 -0.7251979608838246 -292.399703807721
-0.7209246053516135 0.11626631415966462 0.6831909378719448 653.9113441680604 0.08064375919304873 0.9932033418383341 -0.08392678871720155 -28.597447623100237 -0.6883053809914875 -0.0054098015577587755 -0.7254008798900583 -294.1539966785848
-0.7213671269892052 0.11724711815443663 0.6825559181369836 655.533843234893 0.0821424761523834 0.9930931687886231 -0.08377691637276757 -28.87593151988341 -0.6876642216306575 -0.004367080243603105 -0.7260157346085895 -295.8960100600531
-0.722173807445128 0.11773823755896781 0.6816177075580683 657.1384965754346 0.08287481412660305 0.9930367097441369 -0.08372489644080022 -29.148556431854416 -0.6867290273635528 -0.003974986421325655 -0.7269026361619976 -297.61417035317686
-0.7227093047855322 0.11783719690071792 0.6810327861439534 658.7367024103274 0.08320686076154041 0.9930260518103703 -0.08352172620414583 -29.41794948484352 -0.6861252648741522 -0.003695328468762138 -0.727474030772841 -299.32682761745787
-0.7228328818466748 0.11756881425354494 0.6809480147825149 660.35197367897 0.08365486527893551 0.9930608414489314 -0.08265608686543685 -29.689450859856777 -0.685940586666511 -0.0027819230325230593 -0.7276522331909976 -301.05499792685407
-0.7229256313755713 0.1177735957370872 0.6808141535304554 661.9616031127163 0.08483498983532309 0.9930396108411478 -0.0817028506241102 -29.95913945232732 -0.6856978605770003 -0.001308223078118731 -0.7278851094455118 -302.78536698118245
-0.7237271191062488 0.11698421351284245 0.6800983391090977 663.5544769328424 0.08463402996090019 0.9931333726583884 -0.0807662372823893 -30.22606672503929 -0.6848767320056582 -0.0008932530209176393 -0.7286584001137246 -304.49238704342724
-0.7248988383175945 0.11719256580660628 0.6788133592715069 665.110597597582 0.08529460537487094 0.9931091446091812 -0.080368259826678 -30.486801788805877 -0.6835543171539114 -0.00035974058371196493 -0.7298995589031171 -306.169233701458
-0.7261006196991123 0.11835256123281251 0.6773260376821493 666.6492563537597 0.08630368423694551 0.9929715749906062 -0.08098842724616734 -30.744619217021068 -0.6821506902141916 -0.00035001473031703867 -0.7312115380175513 -307.84250268568064
-0.7269429482014469 0.11816877943775803 0.6764540558133871 668.1973001507482 0.087005802376146 0.9929932593687367 -0.0799648497850079 -31.002129627569445 -0.6811636663923547 0.000725544241442444 -0.7321308169804637 -309.52497094762134
-0.7273375428706768 0.11767544681797573 0.6761158095674425 669.7433257654957 0.08837523576914219 0.993046984411409 -0.07776570229965424 -31.257942078622307 -0.6805658795690529 0.0031899792475240663 -0.7326799489537055 -311.2124522590045
-0.7279557794055449 0.11691952160371688 0.6755813856953325 671.2697493129469 0.08897560644702271 0.9931298714637196 -0.07600263063765228 -31.510233441524747 -0.6798262459536656 0.004783709273858294 -0.7333576149724853 -312.8745935272052
-0.7289651965290201 0.1178892677786739 0.6743232628287541 672.746578763216 0.09009599294620327 0.9930131272358946 -0.07620788143118673 -31.75455471213934 -0.6785959433303799 0.0052009306667349375 -0.7344933600896296 -314.4967085980603
-0.7300707106035832 0.11975738680601475 0.6727963479569251 674.1868607662601 0.09184644090685343 0.9927877206267569 -0.07705045791866105 -31.99285077224178 -0.6771713142267078 0.005541667449964149 -0.7358045264269242 -316.0893813966262
-0.7310874248855962 0.12110947758621594 0.6714489344789697 675.614198191527 0.09322521175344972 0.9926215514055504 -0.07753396403361512 -32.23015228291075 -0.6758847809114182 0.0059118629919221455 -0.7369835905963522 -317.67685335043984
-0.731844209249491 0.12123907447685559 0.6706005817235661 677.0445182740822 0.0941460638876114 0.9925986891367817 -0.07670958856893428 -32.46883181760546 -0.6749374578747733 0.006994937021930825 -0.7378417844047604 -319.26593363356204
-0.7324307925136322 0.12023152572244476 0.6701414137331824 678.4866745910438 0.0945111231807832 0.9927091117282123 -0.07480820200281146 -32.70963723595386 -0.674249791822707 0.008543987022442023 -0.7384539379763642 -320.8665332149535
-0.7326166571418005 0.12005749613369683 0.6699694256460389 679.9233319714313 0.09565516771911203 0.9927125650063141 -0.07329292030760032 -32.946346506238996 -0.6738864315053434 0.010390423508934599 -0.7387618808061918 -322.4637406628324
-0.7328416569362771 0.1196077063700031 0.6698037790545834 681.3576693364824 0.09621628593807299 0.9927525546675613 -0.0720054964660119 -33.17992896076572 -0.6735618250607576 0.01167740458924632 -0.7390386363667893 -324.0549136673727
-0.7333734769906559 0.119504961627172 0.6692397981240552 682.7794097457733 0.09649864200760955 0.9927595848491679 -0.07152914637263758 -33.40914636580672 -0.6729423120426645 0.01212315291494337 -0.7395956150668264 -325.63359676220887
-0.7340188218931308 0.11988954838975771 0.6684630620262593 684.1948528819713 0.09713310782806245 0.9927081314023225 -0.07138434850423725 -33.63486589475232 -0.6721469545198326 0.012532439292184672 -0.7403116975268627 -327.2133862038385
-0.7345707367320821 0.12002473742715333 0.6678322357766443 685.6157383548871 0.09805697900199559 0.9926769035545883 -0.07055064860283111 -33.859768218970146 -0.671409458978567 0.013661169599298417 -0.7409606675386288 -328.8011739334007
-0.7348560405659783 0.11992255771266636 0.6675366505259078 687.0534761164238 0.09880281031559857 0.992672429000667 -0.06956617982654273 -34.08650973498004 -0.6709877825396203 0.014833369595987356 -0.7413200164766869 -330.40889477371593
-0.7349841937481161 0.11934434247779996 0.6674991856616573 688.5027493600733 0.09896613531968348 0.9927288213068155 -0.06852146675801762 -34.3139039410467 -0.6708233292010062 0.015697619734390267 -0.7414510406860024 -332.0231100433273
-0.7350135394771125 0.1192889163699404 0.6674767795336516 689.9555234516871 0.09962103782910084 0.9927187223636402 -0.06771400955901163 -34.54169900316157 -0.6706942266094017 0.016724015665812164 -0.7415453874799771 -333.64513473176703
-0.7351298281994215 0.12004983824832416 0.6672122391173907 691.4038594727291 0.10028258059618 0.9926250277805437 -0.06810989834560427 -34.76794976190615 -0.6704681496689181 0.0168401472745634 -0.741747173718452 -335.26771084945284
-0.7348895217809248 0.12004386490670277 0.6674779856106621 692.8806969814435 0.10104774489091833 0.9926051130174829 -0.067263978948714 -34.996290715950806 -0.6706166893457595 0.018015551887587633 -0.74158525865953 -336.91524557087064
-0.734242197278811 0.11976809111092317 0.6682394780966109 694.3965267665642 0.10192947935562433 0.9926059944538353 -0.06590691172105467 -35.22852732881722 -0.6711920566972451 0.019721666409333982 -0.7410211055702558 -338.60440443986414
-0.7338973906892273 0.11946755397398777 0.6686719101973835 695.9306835142239 0.10268190080844417 0.992611373816531 -0.06464586465062305 -35.46151689765912 -0.6714544267378921 0.021217071370339347 -0.7407420527393849 -340.31248101909705
-0.7339646939703124 0.12054433796189866 0.6684047356133819 697.4666128035323 0.10376426351738108 0.9924726092094454 -0.06504688759421057 -35.69205908139526 -0.6712144259636885 0.02161440617564636 -0.740948049342134 -342.0277248891816
-0.7339966477817074 0.12194472797377459 0.6681155621332434 699.0127891605923 0.10481082361942157 0.9923017341868313 -0.06596938367173238 -35.92006141710087 -0.6710168494884738 0.021604435868861183 -0.7411272738560861 -343.75563883231416
-0.7333899076936183 0.1217390959288149 0.668818985836663 700.6093544223479 0.10512458108339176 0.9923096998051458 -0.06534739569918135 -36.15240145523549 -0.6716308999332817 0.022384195206857138 -0.7405476906045647 -345.5238567897545
-0.7322086098523504 0.1209125699642089 0.6702616668755124 702.2537757871082 0.10541137281715623 0.9923756615120529 -0.06386696265926756 -36.390278168614344 -0.672873683642698 0.023889262507828968 -0.7393715635578242 -347.3380853544507
-0.7309543965193005 0.12067991034722468 0.6716710723618315 703.9216756208903 0.10612928282329565 0.9923670350372311 -0.06280320930358935 -36.62956293688168 -0.6741233162682633 0.025377687246934677 -0.7381827195576167 -349.17669634885283
-0.7301524226844728 0.12015651203907945 0.6726364934068023 705.5908358337921 0.10633793383810158 0.9924047115993238 -0.061847653330657115 -36.86655586960475 -0.6749590235525718 0.026368561016256564 -0.73738389968516 -351.0098401983934
-0.7297038302648274 0.1197078167671698 0.6732030590406429 707.2476842013925 0.10671206408231071 0.9924290561843331 -0.06080381419260722 -37.10084914332748 -0.6753849683522245 0.027470111865696367 -0.7369535517778267 -352.8283871061256
-0.7293609576115245 0.12068418784497013 0.6734002675349939 708.89128905248 0.10850320366813793 0.9922649710416895 -0.06030988341381638 -37.331370289676784 -0.6754699462638978 0.02907841205838757 -0.7368139504966045 -354.6420496467913
-0.7293711238152855 0.12196229670534434 0.6731589425438743 710.5241220358824 0.11001664165076647 0.992084215817386 -0.06054128579648199 -37.56022787533203 -0.6752141158953338 0.029901620497255976 -0.7370154617016689 -356.4481433064319
-0.7291792973404837 0.122459990203969 0.6732763943056997 712.1820183918511 0.11100901228111215 0.9919941750617953 -0.06020428419840801 -37.79089008342214 -0.6752588774110364 0.030840029875382535 -0.7369357780939092 -358.27315125715165
-0.7288465113850646 0.12183259318791798 0.6737503855872218 713.8334964369209 0.11113893267040476 0.992042383947637 -0.05916118741518839 -38.02094552430722 -0.6755966995824558 0.03176047368347967 -0.7365869750577302 -360.0799243656349
-0.7282308034550121 0.12158061765756384 0.6744613037893831 715.470588128331 0.11177763478484981 0.9920311144386057 -0.0581380112113003 -38.24803703852575 -0.6761550541563489 0.033051798675801713 -0.7360176093974399 -361.87219639542155
-0.7281007712480181 0.1211243097234577 0.6746837544376321 717.0758643412341 0.11148123799915752 0.9920842836689459 -0.05779885527631562 -38.470771921084776 -0.6763439956724827 0.03313118909868901 -0.7358404200821608 -363.62598890939205
-0.7281657383534977 0.11940721517738381 0.6749196800002867 718.6588777793544 0.11060489114489525 0.9922729252074545 -0.056222770787913434 -38.690990602391764 -0.6764179296433043 0.033709922334918985 -0.7357461692684799 -365.34751198552084
-0.7282967695521545 0.11935361968433632 0.6747877658405976 720.2181385992603 0.11069721487941092 0.9922733136998125 -0.05603389632301098 -38.90773004392645 -0.6762617408059106 0.033887820635785215 -0.7358815621652165 -367.0589872457128
-0.7286481953113758 0.11887343169167613 0.6744930798068443 721.7698998735297 0.11060042860318905 0.9923193114781376 -0.05540694234795063 -39.11995541024916 -0.6758989219271393 0.03422705516696645 -0.7361991279758022 -368.7640362457098
-0.7290484827760044 0.11744349346033578 0.6743110080710831 723.3525528054447 0.11008734826239647 0.9924630586427836 -0.05383170981835533 -39.33235370098657 -0.6755509496067362 0.03498718441437898 -0.7364827298804734 -370.49845662642133
-0.7297724211169819 0.11646345611703132 0.6736976152298128 724.9461862134024 0.11035200957050004 0.9925290520251481 -0.05204339410354225 -39.54085212797341 -0.6747256089410076 0.036364051965376176 -0.7371723057493741 -372.25347838493224
-0.7310261348843315 0.11537001663240698 0.672525500913025 726.540454668973 0.11072014477013825 0.9925968122699032 -0.04992612355980802 -39.74494335980202 -0.6733066460819749 0.03796481968701598 -0.7383879961158482 -374.0143291433136
-0.7326862724394249 0.11462026199848051 0.6708450057339792 728.1559787382977 0.11100281224941871 0.992642442013626 -0.04836691003101895 -39.94846484703899 -0.6714530526042339 0.03902791119990889 -0.7400186621267271 -375.8036961464568
-0.7341444184512468 0.11501621092517926 0.6691810248963261 729.843360576855 0.11178825331946843 0.9925740785694542 -0.04795920111703783 -40.15567708220533 -0.6697278247741136 0.039597598114237964 -0.7415501810039026 -377.686624140421
-0.7348717755442716 0.11597801874121735 0.6682159626028651 731.6830038314083 0.11296104658338232 0.9924382496640256 -0.04802210489550629 -40.375383047632454 -0.6687325889047128 0.040192284989408134 -0.7424158570263257 -379.74501753081114
-0.7349093107922153 0.11713429208462733 0.6679729504469072 733.67137282904 0.11477030895252802 0.9922448990242305 -0.047726685861672835 -40.60893729838247 -0.6683831843290607 0.04158867608172484 -0.7426535537704759 -381.9760608094507
-0.7345353775744964 0.117978562435522 0.6682356155557272 735.765200483416 0.11634844834546154 0.9920833085364725 -0.04726253792310142 -40.85313225047659 -0.6685213666436536 0.04303217086060923 -0.7424469102985936 -384.32213218883663
-0.7342175394996967 0.11850174055565885 0.668492290289344 737.8411232422326 0.117781175722904 0.9919512510537764 -0.04647913702061679 -41.09530388262155 -0.6686196223087865 0.04461001029062939 -0.7422652811802049 -386.64440730401145
-0.7344398369004739 0.11945626512648501 0.6680780842803017 739.7357762509894 0.11930297263961645 0.991783206956563 -0.04618301763970517 -41.319193176581194 -0.6681054757244239 0.04578505346714362 -0.7426565842878221 -388.76681821893993
-0.7358758154805158 0.11964683033804482 0.6664618670118694 741.354504511978 0.11973120066163981 0.9917474093284877 -0.045842291373336674 -41.51557981058005 -0.666446714883501 0.046062045984679834 -0.7441283922420228 -390.5823437178538
-0.7382210345514969 0.11936516425630965 0.6639138963056758 742.7323218506269 0.11968385215525529 0.9917810895971693 -0.04523323834011256 -41.68847567679987 -0.6638565204010574 0.04606764460571583 -0.7464397446823723 -392.1361625258955
-0.7407328946814136 0.11955986323656587 0.6610750470557404 743.9801204223717 0.11983898640846774 0.9917689336224143 -0.04508879725667053 -41.847509148421494 -0.6610245048963675 0.0458238082694532 -0.7489638058826338 -393.555367719901
-0.742911600240522 0.11884147255944313 0.6587556896361287 745.1918743939946 0.11993215944640861 0.9918209827493126 -0.043673966029108 -41.99980455635915 -0.6585579939220164 0.04656009641413439 -0.7510882278822635 -394.9437107326245
-0.7442543669689727 0.11786092792543708 0.6574148149503249 746.4022826778127 0.1207810379352483 0.9918288375568594 -0.04107916583739635 -42.14865916825465 -0.6568846003088364 0.048829895137784685 -0.7524083088442977 -396.3353233946944
-0.7451625994021389 0.11695020742944601 0.6565480556931523 747.6341440701666 0.12165254970516778 0.991821902519912 -0.03860014031084946 -42.29636042025945 -0.6556930361094904 0.051107364087722706 -0.7532958779480521 -397.7531517350129
-0.7461357443250207 0.11695787769924576 0.655440543363498 748.8885167936268 0.12285529900502706 0.9917304873209033 -0.03711086127580815 -42.44271239869019 -0.6543607770541684 0.052834603834372385 -0.7543344603627313 -399.20751322544163
-0.7473693370889039 0.11769897519817296 0.6539006233492932 750.1585917837341 0.12418322795276915 0.9915860341489021 -0.036546720455961135 -42.5878412855418 -0.6527002373789406 0.053889591927898106 -0.7556972356753213 -400.6893928521945
-0.7487979995970524 0.11827604798299797 0.6521597444437812 751.4442838753548 0.12540036917276748 0.9914590366888528 -0.03582912194498711 -42.732724217310704 -0.6508273989398329 0.054952297873142764 -0.7572344034363969 -402.1982008258788
-0.7502909263314038 0.11881411500043873 0.6503435491656918 752.7690795435807 0.12642214532631896 0.9913495731569171 -0.03526279870759835 -42.88127222593076 -0.6489075180916442 0.055760468777297456 -0.7588213248755475 -403.7597362352254
-0.7519566426746027 0.11921422690528913 0.6483434087279024 754.1425245349294 0.12758807613251072 0.9912344885191203 -0.03428515129099036 -43.03488771046898 -0.646747624940631 0.05693994093442328 -0.7605756719485842 -405.3840202966303
-0.7535790497234728 0.11987952209089386 0.6463339044187056 755.5493544767457 0.12897182323535542 0.9910839176437538 -0.033450515680043036 -43.192176782639194 -0.6445811699306913 0.058151254252779505 -0.7623211573868411 -407.06073986657464
-0.7549704324131283 0.12045141031726468 0.6446015078593268 756.9634441916064 0.13034031166625992 0.9909361455571764 -0.03251089944975977 -43.347643408648 -0.642674917307871 0.05947279361920088 -0.7638271646664918 -408.7528858376618
-0.756132279061238 0.11967886435610055 0.6433824259241885 758.3545358093127 0.13054669921125817 0.9909602323154071 -0.030909178158649797 -43.49890344214626 -0.641265573601691 0.06062002470992489 -0.7649206996267425 -410.41266580552684
-0.7570679632075794 0.11920792185813817 0.6423687184561474 759.7055964620728 0.13083931219473108 0.9909587341963806 -0.029696153022243432 -43.64375573897311 -0.6401009088176172 0.06156507521456284 -0.765820193024896 -412.0310039520998
-0.757943588028346 0.11971664761906961 0.6412405489748526 760.9810336556455 0.1319139566335139 0.9908350386774742 -0.029062590633032848 -43.7787297988786 -0.6388428800667744 0.06256077374731955 -0.7667893610217402 -413.577995330294
-0.7586861507876084 0.12031578516604328 0.6402495110837357 762.1965399721937 0.13326326346306874 0.9906778743826599 -0.0282533505947814 -43.90786877496262 -0.6376803487753544 0.06388631346804541 -0.7676472573631773 -415.0639087117779
-0.7590651557661574 0.12128935026339246 0.6396162777903522 763.3878120087325 0.1347684828292241 0.9904846057358498 -0.027887306004908408 -44.03360964976588 -0.6369125099553399 0.0650318330741671 -0.7681883332552024 -416.52608880754326
-0.7590329343807637 0.12161078997457389 0.6395934804913892 764.5991156725656 0.135886605454714 0.9903552873105892 -0.02704136375923727 -44.159016635475666 -0.6367133067427793 0.0663869012511093 -0.7682375572431708 -418.00978168615404
-0.7591593077252029 0.11987160901334591 0.6397717896615509 765.8734591198406 0.13571074601941002 0.9904445334421158 -0.02454016278448079 -44.28983991017185 -0.6366001405191865 0.06819401386621193 -0.7681730518338754 -419.5483472673366
-0.7599624154142178 0.1185216729652766 0.6390694330002815 767.1791178914881 0.13555183652364006 0.9905145945592446 -0.022506389763973345 -44.42312833913013 -0.6356750952907139 0.0695230249820265 -0.7688196942225746 -421.13000076665645
-0.7610505440052818 0.11948976225355365 0.6375925549956298 768.475204868259 0.13634488062428166 0.9903975842312397 -0.022862604324073443 -44.55314952805605 -0.6342019733466752 0.06953288333959634 -0.7700344376309853 -422.7206055885234
-0.7617007125914597 0.12050785635857836 0.6366238143468435 769.7598536700017 0.13689632566454604 0.9903026806712267 -0.023664248877435734 -44.67709317460316 -0.6333019978313749 0.06912638578174657 -0.7708113402977053 -424.29985323183803
-0.7609745533657313 0.11955060774532066 0.6376718445388282 771.0688859449904 0.13716391983850149 0.9903045639846316 -0.021975660302934574 -44.79904198799392 -0.6341165415161194 0.07074265148365061 -0.7699946032516727 -425.8908464940675
-0.7592975774160322 0.11826238606188759 0.6399071784040985 772.3968822902184 0.1377660149408636 0.9902719557658781 -0.01954427667990377 -44.91755432002023 -0.6359934858608692 0.07331753996538537 -0.7682036346412107 -427.49546288363854
-0.7576845667601124 0.11758430698938019 0.6419408290826881 773.7452976283938 0.13908353341982893 0.9901312405764067 -0.017201661724528028 -45.032708343475264 -0.6376283149492321 0.07624996514397175 -0.7665612009425914 -429.11544101721654
-0.7572945872559054 0.11831137950970239 0.6422673318731228 775.0990649235825 0.14019004250846231 0.98997753987908 -0.017065242935393354 -45.14622336955543 -0.6378492455858081 0.07711606845190938 -0.7662907097780436 -430.7501435165568
-0.7577413300182946 0.11961513798115224 0.6414984766527954 776.4806306953607 0.14112232200110858 0.98983084407792 -0.017871495321096442 -45.26098009381852 -0.6371126799986973 0.076987783951393 -0.7669161063031166 -432.41761116595296
-0.7580239071760954 0.12056938006584712 0.6409857882512098 777.8905123470206 0.1417450281241474 0.9897295352400011 -0.018541684812887704 -45.37741118878435 -0.6366381257445802 0.0768015082153537 -0.7673287595185503 -434.12159404514523
-0.7575311244975221 0.12058934907280963 0.6415643415182275 779.3257412898371 0.14214028982426052 0.9896794006228486 -0.01818851262413962 -45.493838250557644 -0.6371363538726981 0.07741377702320995 -0.7668535542727875 -435.85005246272823
-0.7565343867997271 0.1190699876579064 0.6430225965148568 780.7821411894596 0.1419684561701278 0.9897379200289664 -0.016242139927034938 -45.610704748831836 -0.6383577986068886 0.07900118793970651 -0.7656749527455399 -437.586606450897
-0.755542704083949 0.11725214573946124 0.6445208736922396 782.2593536461117 0.14148956068725693 0.9898377421386365 -0.014210856920566395 -45.72873740987981 -0.6396373398434795 0.08045606600736721 -0.7644546388900898 -439.33888428917
-0.754505013290157 0.11730188940648621 0.6457262977931828 783.7409335136463 0.14189536894251853 0.989782601746548 -0.014003769224910256 -45.84408700245268 -0.6407713236347958 0.08105965717609709 -0.7634405299601323 -441.1046117236955
-0.753310005680524 0.11738040529499585 0.6471057686301314 785.236888691257 0.14257035766907936 0.989691864709196 -0.013553820219721346 -45.958237382380844 -0.6420262677303173 0.08204787249661127 -0.7622797505923011 -442.87827461891106
-0.752183713637262 0.11709308836994699 0.648466552410259 786.7157534970888 0.14293822183614424 0.9896475433514812 -0.012899793668997461 -46.071088302930264 -0.6432638072184539 0.08298764121463637 -0.7611338421910123 -444.6272341815507
-0.7516777488842479 0.11701959312559607 0.6490662344145097 788.1528941032225 0.14322202470541864 0.989610983906942 -0.01255197872917746 -46.1808134865075 -0.643791902303525 0.08352553714557692 -0.7606283397119474 -446.32309579948515
-0.751771277800322 0.11714424129641939 0.6489354148184233 789.5293619260834 0.14336750849280722 0.9895899224135232 -0.012551612094260367 -46.287005035423476 -0.6436502958773789 0.08360031213270763 -0.7607399584800834 -447.9526110587615
-0.751926350635433 0.1179027105572781 0.6486183115387111 790.8610797753477 0.14452938010412283 0.9894240144327453 -0.01230357470460286 -46.38901351993121 -0.6432091584444357 0.08449302046347018 -0.7610143940729129 -449.5386888604136
-0.7520490612261655 0.11695045602187319 0.6486484412569884 792.189622004166 0.14489770825743342 0.9893920836710484 -0.010390327752695272 -46.491546995619245 -0.6429827864341222 0.0861736363706474 -0.7610172407666425 -451.11392899524185
-0.7524489040174662 0.11504069738346175 0.648526240632129 793.5526530848803 0.14421459166678297 0.9895124337607012 -0.00820335195882732 -46.5970187639183 -0.6426684980558003 0.0873543437872672 -0.7611480934931126 -452.7204393105862
-0.7532347085498458 0.11374682213192953 0.6478419053215975 794.9535174975658 0.1436847919414411 0.98960087563889 -0.006692346336703792 -46.70252988981872 -0.6418661499102246 0.08804412183463883 -0.7617454156145573 -454.376594253029
-0.7541677418599874 0.11366714064800007 0.6467695093885586 796.3758259828593 0.14371966686769477 0.9895981756009162 -0.006333103724118272 -46.80558521565291 -0.6407617923169637 0.08817727589492275 -0.7626592250294395 -456.0683182524144
-0.7550447694517296 0.11400531961653822 0.6456858239288804 797.8058899408272 0.14385673862652096 0.9895771581913155 -0.006502825366272891 -46.90620671365829 -0.6396972994122508 0.08797633252832454 -0.7635754907273682 -457.7730749347681
-0.7556494429411669 0.11359164697157996 0.6450510500115398 799.2583763228919 0.14377370252512486 0.989593360048465 -0.005839881009848891 -47.006602265131335 -0.6390015976857357 0.08832847494594376 -0.7641171629199303 -459.50511139832815
-0.7557804861862766 0.11287598402295736 0.6450231537944097 800.7356404286727 0.14367082899047814 0.9896137103928564 -0.004837054855536815 -47.10654605913456 -0.6388697438423783 0.08901525955326833 -0.7641477173750117 -461.262638539357
-0.7554224234459047 0.11214677221433186 0.6455695652964327 802.2043939691999 0.14361945914445262 0.9896254719523134 -0.0038569700826917575 -47.203017463636684 -0.6393046324798319 0.0898027101209678 -0.7636917310962317 -463.0075840675207
-0.7547181206517963 0.11105298861754774 0.6465816205854706 803.6480961350474 0.14329083273243745 0.989676870410333 -0.002725698012692457 -47.2969063030844 -0.6402095716362471 0.09059208516157752 -0.7628399429050717 -464.7157325449069
-0.754017295835287 0.10960021917144712 0.6476462842777795 805.0691239207498 0.14306731221980606 0.9897125305290622 -0.0009225442881658497 -47.38929096520141 -0.6410847539564826 0.09196139881131543 -0.7619405746993823 -466.387431291415
-0.7538071027331228 0.10905401561991235 0.6479830812191544 806.4919418203726 0.14282293876834523 0.9897481639108773 -0.00042449572850394857 -47.48141968913157 -0.6413863578457764 0.09222686003666103 -0.7616546108684107 -468.0616218777942
-0.75411361779283 0.10913462295712556 0.6476127589319235 807.9111900506864 0.1425414677942226 0.9897884955461516 -0.0008148886779180686 -47.57182583375956 -0.6410885909283363 0.09169715457141936 -0.7619691925695079 -469.73609754946193
-0.7543320001469979 0.1102178767231632 0.6471748242977851 809.3294414786777 0.14250148505638296 0.9897915033023932 -0.0024711833434720165 -47.661922173478416 -0.6408405108222767 0.0903592808793271 -0.7623376155274096 -471.41754153527165
-0.7544457063464471 0.11046959868665562 0.6469993384397091 810.7727867930507 0.14186909689216992 0.9898789383567281 -0.0035842355893094813 -47.75398845743487 -0.6408469673193529 0.08908510068338443 -0.7624821370457289 -473.1269079979548
-0.7538743836461319 0.10953057319629735 0.6478244107915793 812.2589374699992 0.1411446598621807 0.9899840318959925 -0.0031307480490392336 -47.84995622009532 -0.6416787347844365 0.08907676535577452 -0.7617832573634047 -474.87855516265415
-0.7526329766599924 0.1084859169943949 0.6494416126626059 813.762996677942 0.14061208723727953 0.9900617827195176 -0.0024304981031214035 -47.94641066043707 -0.6432509956204472 0.08949006767311529 -0.7604075778299207 -476.6461884725913
-0.7508929881899212 0.10758385026082018 0.6516022064498169 815.2454999192315 0.1403700977954205 0.9900976236925825 -0.0017120757016778065 -48.039050394781555 -0.6453339878947307 0.09017987980343267 -0.758558918836582 -478.38079902364444
-0.7487270721988514 0.10644585048056947 0.6542759756188561 816.6958104748903 0.13986518778577306 0.9901700123684176 -0.001037232847937608 -48.12899015146343 -0.6479548600035253 0.0907338278802266 -0.7562551632061865 -480.063404789364
-0.7464094531547634 0.10617103477152692 0.656963195024464 818.1315965075428 0.13996502506054329 0.9901559466812022 -0.0009964997020379118 -48.2163393457904 -0.6506018137086693 0.0912080732577869 -0.7539219902427534 -481.7201249804262
-0.7441580270057788 0.10493057713804309 0.6597108494062721 819.5830523376753 0.13927769316806615 0.9902532832422389 -0.000399015977716799 -48.30568261812124 -0.6533227035919156 0.0915860743205299 -0.7515194182201194 -483.3769177411
-0.7417241586427841 0.10375943717114772 0.6626305544446178 821.0721966598867 0.13852829280563217 0.9903584764605238 -1.3969602938979087e-05 -48.39853012945784 -0.6562432358341015 0.09178271787607623 -0.7489464254012236 -485.0630788168466
-0.7388093036563491 0.10251078906255906 0.666072331625172 822.6017130228585 0.13779646099310403 0.9904604828356434 0.000408997264898292 -48.49156586071007 -0.6596763965525805 0.092084581047851 -0.745887043569364 -486.7811686412055
-0.735292684755307 0.1008199022699837 0.6702089338792828 824.1550042635838 0.13735100321611743 0.990521006554701 0.0016844849036374843 -48.58260911943509 -0.6636861981846993 0.09329245885994963 -0.742170564937068 -488.5044937317192
-0.7313461344868095 0.09921660998848507 0.6747509880493662 825.7423722040007 0.13700219292187782 0.9905666769147499 0.0028386124548373526 -48.66992146601331 -0.6681042064721635 0.09451837328511847 -0.7380400032557435 -490.2466575165353
-0.7270289668528821 0.09767723986526217 0.6796234532218088 827.3551651268881 0.13676322757019566 0.9905959622741982 0.003931807553933131 -48.75554138366226 -0.6728482005188204 0.09580603497881696 -0.7335506136049681 -491.9857429477569
-0.722498730345342 0.09723216462098558 0.6845009063635255 828.9771835887275 0.13709712348138867 0.9905495265146752 0.004001781438887686 -48.84208179689358 -0.6776429468256115 0.09673438729155875 -0.7290010253304382 -493.71902239379574
-0.7173095709736191 0.09677050820316928 0.6900017740062299 830.6044707626805 0.13789703959132554 0.9904365769209488 0.004448996411001049 -48.93055268725115 -0.6829724634724244 0.09834050965506053 -0.7237940026687106 -495.43353851622294
-0.7115626377432474 0.09619485522063467 0.6960065821505962 832.2346083523098 0.13897860129792716 0.9902816354805339 0.005218314984168915 -49.01655537096289 -0.6887405614229098 0.10044317925615126 -0.7180164390818458 -497.1257561205707
-0.7061478597954478 0.09417742854655484 0.7017733338184551 833.8839797694395 0.1387906285566352 0.990298684417891 0.006758480972214376 -49.09905995866325 -0.6943287128811282 0.1021720489789465 -0.7123682410637651 -498.79971371377286
-0.7016196191982835 0.09280171045783597 0.7064826625559593 835.5373146314289 0.1385597876119464 0.990325523799807 0.007519452611327804 -49.17408161552413 -0.6989499947871731 0.10316588315301572 -0.707690402181824 -500.45709539341965
-0.6979587561138495 0.08969699306622114 0.7104984336357738 837.2479591172586 0.1379667828413641 0.9903811876491396 0.010500951532472824 -49.246705439924256 -0.7027223787502523 0.10535441417217273 -0.703620427374041 -502.1474236348163
-0.6949671964533456 0.08702709258566214 0.71375547704369 839.0113524175315 0.13653348671157087 0.9905607975505621 0.012161963755059013 -49.31893350914984 -0.7059597742507427 0.10590368979447623 -0.7002893727793951 -503.87113956429675
-0.6925340829486553 0.08629660365093864 0.7162048869930862 840.7639395179207 0.13609306950706998 0.9906205180201336 0.012233793756226796 -49.386470290762105 -0.7084315213107122 0.10594284060680481 -0.6977828416760861 -505.5809519607313
-0.6902600572221232 0.08611399381033359 0.718418703454849 842.4430156018516 0.13592355841455006 0.9906484454171657 0.011850901251941603 -49.449104290197994 -0.7106798432991037 0.10583023038144945 -0.6955099730886489 -507.2120686546889
-0.6883227438585293 0.08458978863267247 0.720455666884609 844.0127871573895 0.13514495309862037 0.9907432503621595 0.01279271330871301 -49.509759520715534 -0.7127044562362708 0.10617146283680468 -0.6933829955659838 -508.7190092283854
-0.6866878968273361 0.0821128853786407 0.7222999421332148 845.5270146792147 0.1340136774813716 0.9908695296860466 0.01476175422081838 -49.569887114387484 -0.7144928737214739 0.1069347894492299 -0.6914223631086005 -510.15872741283994
-0.6853342396558595 0.08205405779113042 0.7235911218052197 847.0131366173594 0.13384824062295445 0.9908971347533622 0.014405444100093256 -49.625036277337415 -0.7158223441870657 0.10672394266326096 -0.6900785256946818 -511.57881570772577
-0.6837691209331584 0.08233628552515708 0.7250382923295962 848.547435066 0.13386698603199573 0.9909043454429334 0.013718900576411175 -49.674947611450506 -0.7173140311669682 0.10643925153925016 -0.6885719035966834 -513.0382002176316
-0.6819683802676909 0.08056043385637808 0.7269313205605711 850.1045730815065 0.1326547477363599 0.9910544993485622 0.014618386503905179 -49.72424207838435 -0.7192508923999092 0.10640016831681676 -0.6865545557084953 -514.5028133721544
-0.6796304099732796 0.07755984147370645 0.729442922256517 851.6854203972466 0.13153307692549485 0.9911631962437097 0.01716298594269422 -49.77334027146057 -0.7216658198321885 0.10761035917852313 -0.6838263340084284 -515.9728534807256
-0.6773245974783539 0.07507095910826567 0.7318440686029726 853.2371439746942 0.1310597360705831 0.9911802435099043 0.01962321219271218 -49.819831960338234 -0.7239162487690796 0.10920657477558832 -0.681189539551137 -517.4121533595446
-0.6753974347248274 0.07385664363305433 0.7337462104558934 854.7619946629828 0.131001629296253 0.9911635786155696 0.020816665143794988 -49.862337337097614 -0.7257250707319203 0.11018147129731815 -0.6791046790399178 -518.8244462914297
-0.6738703613652097 0.07238052153478378 0.7352957202213788 856.2434588434367 0.13039321139004434 0.9912198546861715 0.02192738240922598 -49.90475351884413 -0.7272526015745243 0.11065378338891924 -0.6773916103147472 -520.1800385873828
-0.6719787460657153 0.07219574808836915 0.7370429694352368 857.716869243215 0.1306511646994914 0.9911836569032249 0.022027969734432273 -49.944107136674376 -0.7289546199857824 0.11109784987080251 -0.6754868094607551 -521.5256283711371
-0.6692480684417303 0.07238823706340801 0.7395045409068605 859.1891654664636 0.13161854366876954 0.9910540066803957 0.02210237103233026 -49.98160665426039 -0.7312889865501367 0.11212447983197232 -0.6727886140333272 -522.8634421825915
-0.6658808074538451 0.0718835648589637 0.7425870342039267 860.6922776924741 0.1319941034280165 0.9909967041518957 0.02242964601412334 -50.019205805038695 -0.7342889805280004 0.11295258059580537 -0.6693738922395315 -524.2117734648798
-0.6626209144728215 0.07102728877370165 0.7455794041902316 862.2198123303234 0.1319358023685233 0.9909948876586895 0.02284899752111963 -50.05476013373618 -0.7372424755510067 0.11350884055351512 -0.6660249810327101 -525.5702712844648
-0.6594585710729584 0.06967720616276603 0.7485048296302201 863.7770710049502 0.13185241029474945 0.9909807721943995 0.023917588516855437 -50.08748532664083 -0.7400873833121855 0.11446482465084157 -0.6626978715672597 -526.9367624518906
-0.6564562831103208 0.06789340910901963 0.7513026243562174 865.3531674715601 0.13119760497227945 0.9910390146639876 0.02507707844577417 -50.11924605440498 -0.7428676442102733 0.11503111063270255 -0.6594812406521415 -528.3063282138286
-0.6536147044868882 0.06620461514082515 0.7539262344636737 866.9500937698971 0.13085006915480996 0.9910502583648784 0.026412966457671938 -50.14933435772451 -0.7454301291742238 0.11591520318305032 -0.6564279002223581 -529.6810811016109
-0.6507964662106369 0.06501128914195911 0.7564638073641391 868.5800147930776 0.12995974995161416 0.9911617361474705 0.026624728912250484 -50.17874835135126 -0.7480470726901229 0.11563712674239818 -0.653493406208894 -531.0752709504806
-0.6484237578174541 0.06400375814206474 0.7585843059552346 870.2342431629111 0.12910675421135873 0.9912705907019806 0.026721939045636633 -50.20647639826768 -0.7502520085377313 0.11526549766969707 -0.6510267189079562 -532.4847353812029
-0.646040874401675 0.06263332416619039 0.7607287659252894 871.9043879729253 0.12840683601674058 0.9913422255917217 0.027427654347880637 -50.23474076295179 -0.7524246627181288 0.11540215969707751 -0.648490145237969 -533.9037251426608
-0.6434016605189146 0.061193175656559184 0.763079090589285 873.5574346516921 0.12819410117083868 0.9913368868957441 0.028591066871667403 -50.26272775552377 -0.7547188719427288 0.11621777804159217 -0.6456724033134544 -535.2975346098144
-0.6406020633552263 0.06042868698536178 0.765491587291626 875.1747188996502 0.12784038794219013 0.9913787536094739 0.028722849832859276 -50.28909882348222 -0.7571564116058304 0.11626065835421606 -0.6428045019158068 -536.652661972433
-0.6372177424097261 0.059431974839086625 0.7683888267830157 876.802038319742 0.12775141514976124 0.9913743966167109 0.02926399938645796 -50.31253089190352 -0.7600217922438053 0.1168102996297129 -0.6393138737857428 -537.999026171763
-0.6332516149679308 0.05713770468061625 0.7718339684442109 878.5160480386405 0.1272110010632133 0.9913917775565135 0.03097909943552829 -50.33368389471576 -0.7634197753195833 0.11780333652818065 -0.6350689888144648 -539.3962988576786
-0.6289139637779149 0.05523933370819199 0.7755100529178378 880.3551418683405 0.12650474340286463 0.9914506696463905 0.03197060453453959 -50.35048518547205 -0.7671139263901596 0.11821245987290602 -0.6305252082740793 -540.8789787141212
-0.6246095940693899 0.05304854270123045 0.7791333050985232 882.2960534917511 0.12564556269498373 0.9915189339272005 0.03321740867276296 -50.36234234885683 -0.7707632889360604 0.1186425546806375 -0.6259775528302277 -542.4299264779002
-0.6208228137501146 0.051660824387357904 0.782246887594326 884.2497675722936 0.12523502813170173 0.9915474875873905 0.03390822301433721 -50.37169147648132 -0.7738832093127763 0.11901570939483835 -0.6220450460063183 -543.9790206542245
-0.6177335404073256 0.05125932278557296 0.784715078791912 886.1023930575453 0.12526128195654934 0.991546618178004 0.033836595903990185 -50.38160359441815 -0.7763471416179962 0.11919641692321292 -0.6189324114103545 -545.4456960288962
-0.6153231842666954 0.0492018606386864 0.7867379206658255 887.8368747316733 0.12365621920184403 0.9917184826591541 0.03469280335941399 -50.395257030962 -0.7785155864570729 0.11863232300650867 -0.6163114907102424 -546.8001478525752
-0.6131637622564544 0.04721484252471098 0.7885435684227463 889.4668756298613 0.12235940228670433 0.9918414917546887 0.03575796283177324 -50.41088183170791 -0.780421922633873 0.11841120672978833 -0.6139384405567437 -548.0660143685077
-0.6109525679177481 0.04615755164943042 0.7903204667604407 891.0789588985702 0.12172253876440048 0.9919050552437652 0.03616607441535069 -50.424511688615496 -0.7822535287945069 0.11829556968710936 -0.6116253550016919 -549.3167269273042
-0.6081902365729976 0.0466155329654795 0.7924213703728761 892.6912292772108 0.12193484413653521 0.9919124865413991 0.03523510789911072 -50.43428294039819 -0.7843701485412867 0.11805342489571113 -0.6089555475958113 -550.5643079110636
-0.604683831227685 0.04539943950905013 0.7951706452982744 894.306115443127 0.12227100456164286 0.9918307667980394 0.03635287438847323 -50.442280221525834 -0.7870243107396971 0.11920830895991019 -0.6052950630722383 -551.7978729829533
-0.6024036299052941 0.04137334014939256 0.7971186319499812 895.9151206178784 0.12150301840397526 0.9917707254774559 0.04034655629230571 -50.451598577216316 -0.7888896521032893 0.12115723177263299 -0.6024732707710321 -553.0059520957088
-0.6025285981916297 0.03851194577671129 0.7971675597976394 897.5187050378737 0.11930336948655534 0.9919584293274103 0.04225139660953231 -50.463904505090966 -0.7891298970324114 0.12056245070001326 -0.6022779267836607 -554.20326912874
-0.6042555488737982 0.04325602211824047 0.7956155781567709 899.120428700984 0.1191415016338555 0.9922046220517737 0.03654162787193832 -50.47147941128105 -0.7878328085600745 0.11687131611138568 -0.6046987359228887 -555.4275581901833
-0.60506745495597 0.04877560123945534 0.7946787499844428 900.7530451279295 0.12067500640680265 0.9922084667797055 0.030982273631681934 -50.46989449864117 -0.7869758050803237 0.1146442287007935 -0.6062390477722286 -556.6951692589961
-0.603802056856538 0.04345507871113521 0.795948950793972 902.4206860493274 0.1171445897209683 0.9925092059175374 0.03467883025780588 -50.47542789721666 -0.7884796898049565 0.11418026231863654 -0.6043696273489667 -557.9450071469012
-0.6011476549819305 0.035949569480599866 0.7983289581143147 904.0479376498071 0.11474893911668732 0.9925183789636927 0.04171268860770139 -50.48493305384841 -0.7908566101900655 0.11668288594925863 -0.6007752710000912 -559.1503311434695
-0.598067432061585 0.03196015303344428 0.8008082762592691 905.5847210077635 0.11407113022225693 0.992426252227977 0.04558411059297729 -50.48987780803276 -0.7932862812106853 0.11861147712938502 -0.5971835509590905 -560.2899285505357
-0.595870628119487 0.030926949386966204 0.8024847153348814 907.0432453534808 0.1144216461804784 0.9923331569647439 0.0467182242143081 -50.48931612913742 -0.7948873388284894 0.11965963977049615 -0.5948408940045726 -561.377220829964
-0.5940759785363872 0.03079987567229421 0.8038190712993857 908.4605161792363 0.11484577966299755 0.9922775847513997 0.046857674862622656 -50.48224590939526 -0.7961684360860034 0.12015224699731664 -0.5930255128760187 -562.4300036386305
-0.5928541832449207 0.028258487477270985 0.8048138761816278 909.9012226838056 0.1136176389053209 0.9923227637870513 0.048852477927045446 -50.47195614884083 -0.7972546328109849 0.12040344827092447 -0.5915133642665178 -563.4791310056554
-0.5917691599756729 0.02509296154082223 0.8057168265481359 911.3603457426057 0.11180030470605454 0.9924105238869021 0.051205897572079495 -50.46042325420291 -0.7983169503206856 0.12038145770690623 -0.5900833428178107 -564.5337550672219
-0.5900843239167769 0.023394718590257754 0.807002588477735 912.8426149337346 0.11091932580801972 0.9924505317997809 0.052333976464918774 -50.446503299631615 -0.7996858094464194 0.1203936421594548 -0.5882244274914192 -565.6030948159382
-0.5879092316525909 0.0238717196066634 0.80857459540891 914.3651098379707 0.11097310328037627 0.9924940449434582 0.05138619561808494 -50.427050053683956 -0.8012787939824586 0.11994045086957905 -0.5861455301878711 -566.7089842162526
-0.5850012497370062 0.023937070072667488 0.8106790699669497 915.9637934049648 0.11146683243994374 0.9924518315650059 0.05113225292391438 -50.40259076491145 -0.8033359714788992 0.12027625991693353 -0.5832537511482023 -567.8593311380705
-0.5814971093359028 0.02248215889777913 0.8132377661946631 917.6357063845905 0.11105771003124748 0.9924539722906214 0.051974012036656914 -50.377771136384865 -0.8059325634794792 0.12053906178441126 -0.5796059331196763 -569.042017746694
-0.5779792221029192 0.021196767748475537 0.8157761432245509 919.3500029933522 0.11064892046158434 0.9924662708387351 0.05260720148558812 -50.35289833565213 -0.8085152040734859 0.12067061897776266 -0.5759702826514007 -570.2404777280889
-0.5748092837259915 0.02198642663408433 0.8179919830819113 921.0790802460825 0.11167262253705393 0.9923941138419436 0.05179911377200003 -50.32655954587966 -0.8106315517657262 0.12112192144996653 -0.5728926316738242 -571.4551546620155
-0.5721141141999961 0.02157431937700946 0.8198902298945717 922.8613467793905 0.11114663260104396 0.9924717447148546 0.05144183126702945 -50.300402104312866 -0.8126080644410332 0.12055863588343918 -0.5702050060454776 -572.6888498059445
-0.56967815293439 0.019207891170185662 0.8216433891817408 924.720000761879 0.10991553644097365 0.9925265360686456 0.0530061321780137 -50.27332729890452 -0.8144847309300249 0.12050780935845712 -0.5675319294678249 -573.9615213053921
-0.566710298495075 0.01792521725847898 0.8237221158654542 926.5984694441356 0.10931143104129559 0.9925610614674776 0.053605506268132874 -50.241363305760785 -0.8166336073315422 0.1204210357238093 -0.5644540065690732 -575.2440910033471
-0.5627540579581332 0.01551525723474706 0.8264787638194919 928.4197032458881 0.10815139884272615 0.9926114639282321 0.055006877811946187 -50.20227585663713 -0.8195188498015261 0.12034017812516451 -0.5602741260747182 -576.4709178106804
-0.5584097624608078 0.009748986867598813 0.8295079833512886 930.1429462895452 0.10538743072287365 0.9926628630874247 0.05927840831798048 -50.16250552256503 -0.8228438652831389 0.12052135703740224 -0.5553400542584412 -577.5994920914752
-0.5553207883843644 0.005155201478948962 0.8316202534125066 931.7529916754634 0.10340476673428384 0.9926487590175339 0.06289590954571744 -50.12442250773421 -0.8251825714378589 0.12092090439070524 -0.5517715638527766 -578.6423220364081
-0.5541013446949488 0.0036169332141624544 0.8324413598574832 933.2888721554729 0.10191059351800963 0.9927634323257255 0.0635216369881686 -50.08762713791583 -0.826187588103366 0.1200320175243833 -0.5504601566262274 -579.6471553811092
-0.5536088154022951 0.00464532027561769 0.8327638924139339 934.7902190547898 0.10136246397909157 0.9929253674515869 0.06184549755013219 -50.04867327012249 -0.826585101731791 0.11864921268458928 -0.5501630975668701 -580.6341735564301
-0.5528293694078329 0.005316650952363028 0.8332775177231115 936.301806712209 0.10213139800271911 0.9928727923585199 0.06142308797358259 -50.00667364024645 -0.8270120107121472 0.11906028480081404 -0.5494322366962118 -581.6342586432179
-0.5519661009794947 0.005634409840433147 0.8338475141146889 937.8639067198169 0.10227762303149301 0.9928842095583085 0.06099372292954064 -49.962406200278224 -0.8275703663112417 0.11895040914401145 -0.5486146999196715 -582.6666390870146
-0.5511483552595081 0.003619247814365553 0.8343994196666241 939.4966913955333 0.10042712891543953 0.9930090095859326 0.06202820857457991 -49.91734864307932 -0.8283416458639162 0.11798308322140111 -0.5476587530579897 -583.721518175889
-0.550752429763301 0.001637502030770871 0.8346670472091978 941.1672794614442 0.09732379158500443 0.9933028326762563 0.06227007458521788 -49.87340772258614 -0.8289751749608305 0.11552835662480937 -0.5472233164935801 -584.7944938319733
-0.5506157023761974 0.0014715069361289773 0.8347575593932082 942.8263168750282 0.0958611830124812 0.993494270817762 0.0614798133027068 -49.82873348846641 -0.8292363848072605 0.1138725977556716 -0.5471746061287581 -585.8743064095352
-0.5498551855842426 0.0013069855522190033 0.8352589817983919 944.4750710383543 0.09585847614449167 0.9934902149292062 0.06154953607607827 -49.78372667964976 -0.8297411809940345 0.1139099847629294 -0.5464010321494058 -586.9550539559436
-0.5486512296440829 -0.0002101114704348428 0.8360513046836346 946.1335184806295 0.09596622317730624 0.9933744900013506 0.06322662907070842 -49.739310941451265 -0.8305253230450715 0.11492205387884208 -0.5449959718320403 -588.0340601909488
-0.5476039409670004 -0.0011111256396971608 0.8367369295287646 947.7887399899469 0.09568923436287427 0.9933553501750249 0.06394308958523776 -49.693055350193276 -0.8312481544427381 0.11508220400423175 -0.543858981774754 -589.1088867335127
-0.5467502368020649 -0.0018338260942798584 0.8372937451329394 949.4805346037075 0.09456911392768028 0.9934635067514045 0.06392920650328915 -49.640557931594856 -0.8319380152678569 0.11413543636865237 -0.5430029842617061 -590.1993690918998
-0.5451974799466915 -0.0033405801762634163 0.8383009891344901 951.2395122678921 0.093223924776389 0.9935480085077258 0.06458834755296644 -49.580725366960564 -0.8331080408380802 0.11336311267084448 -0.5413684484494043 -591.3265931534996
-0.5432603594612939 -0.005962032454159938 0.8395431114642078 953.0834022100642 0.09104618462926803 0.9936590657566966 0.06597160983322325 -49.51728843645316 -0.8346129486788714 0.1122769576028374 -0.5392727609373689 -592.4973047255094
-0.5413437186381655 -0.0081300022428928 0.8407620836803567 954.9715755194948 0.08934343382612323 0.9937356991594419 0.06713502102671459 -49.45191335719477 -0.83604110492437 0.11145969352026247 -0.537226216409075 -593.6943187566444
-0.539481508720336 -0.008101671617091036 0.8419584696799723 956.9006762029765 0.08922465305216962 0.9937734600274891 0.06673283624061915 -49.38124958171659 -0.8372566291386123 0.11112458351780741 -0.5353995367026803 -594.9210716971344
-0.5369910576307046 -0.009247097750244335 0.8435372518198923 958.9306107209209 0.08876002354506046 0.99377017011855 0.06739812462400918 -49.30185817684571 -0.8389053952889678 0.11106457655684177 -0.5328249220797697 -596.1976024597054
-0.5334737101434319 -0.010480484609776283 0.8457517129915539 961.063556510893 0.08873767246051986 0.9937114872156688 0.06828693624638815 -49.211033094777065 -0.8411488727164135 0.11147932372405661 -0.5291889400865598 -597.5249487325375
-0.5289689211008453 -0.013729732903264222 0.8485301261262411 963.2745187111076 0.08730417214153705 0.9936836825779777 0.07050333683560756 -49.11121711430627 -0.8441385324910187 0.11137429421854611 -0.5244291225239429 -598.8702001004813
-0.5247847233394067 -0.017038670679415654 0.8510644381308989 965.5118828234095 0.0856002706857682 0.993675339131346 0.07267677800186911 -49.004638483133704 -0.8469200598687621 0.11099100911194631 -0.5200071231129503 -600.2138458897444
-0.5219383928704416 -0.019870448527132226 0.8527517102434641 967.8013777767881 0.0831085914697614 0.9937873652706823 0.07402455438753264 -48.89206189320441 -0.8489247764506198 0.10950725046174359 -0.5170443752953673 -601.5772698030112
-0.520412317376497 -0.019895746109617835 0.8536833014704974 970.1757593406936 0.08117517320304993 0.9940484202745093 0.0726521121868628 -48.76994097429309 -0.8500480052198707 0.10710694392288139 -0.5157000013430505 -602.9925825215385
-0.5190562975057408 -0.01951804287269486 0.8545171771369218 972.6378684740785 0.07970248997664212 0.994278094556271 0.07112372162000036 -48.64105953992072 -0.8510159064971449 0.10502436235453017 -0.5145306698350156 -604.4627921911056
-0.5174955066155853 -0.02095519615562258 0.855429295960081 975.19512260331 0.07816690267552653 0.9943625027481624 0.07164599398801313 -48.510073956328995 -0.8521081715127461 0.10394273847890967 -0.5129401243407579 -605.9849923327666
-0.5156034846421019 -0.02360480975293805 0.8565021071669651 977.7694190814697 0.0751856246198116 0.9945181241884017 0.07266926799766837 -48.384596609473306 -0.8535222132290715 0.10186517372152154 -0.5110022680059594 -607.5017977168015
-0.5139747535642621 -0.02483938911913182 0.8574456002842084 980.3103052327926 0.0725618876945 0.9947390277352253 0.07231209549304185 -48.26276366347241 -0.8547307910405294 0.09938446281271729 -0.5094683536773028 -608.9952704771513
-0.5130452239488977 -0.026364413832128314 0.8579565932298181 982.7870172603156 0.07029950157587575 0.9948797741623696 0.0726100202507971 -48.146365487355126 -0.8554779823358465 0.09756614497829663 -0.5085649113856222 -610.4490046561217
-0.5130223539374243 -0.02828148366645522 0.8579092155013431 985.1457646565664 0.06762868389416946 0.9950185230845757 0.07324274594345476 -48.03933437591269 -0.8557069740718775 0.09559443707778698 -0.5085541054052508 -611.8344789729623
-0.5137676729295476 -0.028673119679435338 0.8574500746168305 987.3227973574594 0.06693543348741399 0.9950552080973117 0.07338106419419937 -47.94105953539156 -0.8553142264667479 0.09509461102644035 -0.5093079510054024 -613.1287084780768
-0.5150060011302074 -0.0298412062950367 0.8566669838430403 989.3083604926393 0.06565074317820077 0.995085254071576 0.0741304057014594 -47.8546650752474 -0.8546688240014517 0.09441842794799166 -0.5105157801124348 -614.3105842508567
-0.515665990799933 -0.03290657274631231 0.8561575459005296 991.2441163439648 0.0630567657773298 0.9950946966816683 0.07622590718205619 -47.770783944414916 -0.8544661668094461 0.09329363379200167 -0.5110615106539116 -615.450619674617
-0.5163209648774667 -0.03517986883479936 0.8556722725768146 993.2184168405055 0.0594381881033941 0.9952744162628656 0.07678501238916036 -47.679571493938624 -0.8543300082655348 0.09050532117717863 -0.511790019261444 -616.6059643558872
-0.5170436844620218 -0.038313795184105034 0.855101094290336 995.2933316299461 0.05498146527039355 0.9954480671166605 0.07784718460182893 -47.5769205843593 -0.8541913525871465 0.08726510626992412 -0.5125835877133036 -617.8182861941425
-0.5178728411397279 -0.03932097965447488 0.8545534395044472 997.3799524023142 0.05174259499019768 0.9956742936878988 0.07717126895931004 -47.46784243089269 -0.8538913421938107 0.08418171682807468 -0.5135981057970641 -619.0541732563984
-0.5187279078410282 -0.03891498897467839 0.8540532660554448 999.458633301812 0.049600225202503595 0.9959110822348702 0.0755045292789524 -47.353980105265975 -0.8534993704079293 0.08152754083667618 -0.5146766798664909 -620.2990278846635
-0.5196020939491599 -0.03953604030648061 0.853493154911353 1001.5413518870467 0.047409525509932465 0.9960556963297604 0.07500257795545945 -47.24050096525929 -0.8530920236730458 0.07943520205756416 -0.5156782405914597 -621.5484442917768
-0.5202054473949761 -0.04224726330429407 0.8529955810224884 1003.6355245582837 0.04399452231006412 0.99612406010758 0.07616652073913777 -47.12845559220841 -0.8529072484785807 0.07714937211730166 -0.5163305141811831 -622.7976920577604
-0.5205154205049971 -0.04458580657220254 0.8526874004398177 1005.6763249063656 0.04204240370682569 0.9960861573999199 0.07774833327358327 -47.01940578661248 -0.8528165883160692 0.07631823431247614 -0.5166037105987223 -624.0229935193454
-0.5207953819265787 -0.047088974112621584 0.8523818385447758 1007.6559369741207 0.03978657306346908 0.9960536974974369 0.07933511395060583 -46.9168255897589 -0.8527538910892264 0.07523071326733 -0.5168666568985422 -625.2037907693804
-0.5211878555553016 -0.04620553308473223 0.8521902768361208 1009.6032757490843 0.038710518786904874 0.9962257635733077 0.07768992037603445 -46.81662852596543 -0.8525636134370952 0.07347977072052958 -0.5174321292091789 -626.3728790832671
-0.5221060017509499 -0.04479453212816485 0.851703453572344 1011.5764194689127 0.03779138557050979 0.9964239017671389 0.07557260855507303 -46.7140472774592 -0.852042917999029 0.07164396610026574 -0.5185460519656153 -627.5662157596169
-0.5227493637539695 -0.045102557516350214 0.8512924656076235 1013.5202741010695 0.03643080551353134 0.9965052512969401 0.07516701768238354 -46.613865493640446 -0.8517076371058658 0.07030678091843501 -0.5192793635919232 -628.7444113243166
-0.523139611454454 -0.049285539910901593 0.8508207111271894 1015.3576956624349 0.03364120945085011 0.9963541570044676 0.07840065590674139 -46.52028014813254 -0.8515827710528019 0.06963712641697772 -0.5195743013953055 -629.8535009474801
-0.5226560521326825 -0.05492705304957994 0.8507723961274072 1017.0899379224325 0.030404323704659952 0.9960867044558348 0.08298707312818743 -46.43041067964049 -0.8520013076686813 0.06924085535007124 -0.5189407246316775 -630.8918765934876
-0.5222304918573483 -0.05940877416054473 0.8507325730963731 1018.8270597956235 0.02702038465464518 0.9959170730011525 0.086134096140486 -46.33574064664276 -0.8523762151700087 0.06796897275643399 -0.5184930149528427 -631.9285778241035
-0.5222619598161065 -0.06166201505031685 0.8505529032511597 1020.6317115723767 0.024241189206708924 0.9959059625876916 0.0870843179231135 -46.23105877887605 -0.8524405023665208 0.06609924040580084 -0.5186290392398912 -633.0127020814776
-0.5226711735838561 -0.06164976547451902 0.8503023878135435 1022.481157068966 0.022586461395257662 0.9960305129199257 0.08609918172733344 -46.1174247733685 -0.8522351178319967 0.06420688241468081 -0.5192039870652698 -634.1312679703765
-0.523215790784472 -0.061985256921553794 0.8499429770273715 1024.3178710198495 0.020962954075763596 0.9961133362390211 0.0855498446707551 -46.00138382742489 -0.8519423635611738 0.06257834522534028 -0.5198828328370362 -635.2446938458534
-0.5240647367827317 -0.062150253787825724 0.849407733432512 1026.1480274519424 0.019562883663871766 0.9961922826690749 0.08496016439095444 -45.88588732470265 -0.8514537246636497 0.06114149086089621 -0.5208534082174251 -636.3552317939483
-0.5254747687227119 -0.06211206401589389 0.8485389554637429 1027.9854926079133 0.01796818762444491 0.9962990942826436 0.08405509481930845 -45.77118788663796 -0.8506194282223439 0.059415538668564694 -0.5224139949268394 -637.4723179641974
-0.5268038239530676 -0.06274620135303015 0.8476677682230183 1029.8184118087001 0.016560335153351036 0.9963246007025719 0.08404192605167865 -45.65983633181645 -0.8498255623173712 0.05831127035687139 -0.5238285114246212 -638.5891574821325
-0.5275103382013073 -0.06308377754721059 0.8472032106296099 1031.6302111572732 0.01623730057004069 0.9963084134823722 0.08429647260973022 -45.54839164150292 -0.8493934266056824 0.05822355395043233 -0.5245386778917653 -639.705273907592
-0.5276010123721858 -0.06571040282552834 0.8469470554316567 1033.4249110497963 0.014231358183758092 0.9961801825102443 0.08615400407472834 -45.43766447226153 -0.8493730865692016 0.05750814667827103 -0.5246505245185035 -640.8036688150615
-0.5270627245369516 -0.07062925734572433 0.8468862924917842 1035.261672668383 0.010223058011657016 0.9959413059304805 0.08942261585519556 -45.3248703620759 -0.8497648930666517 0.05578909524528103 -0.524201491187442 -641.9134027201336
-0.5266074321890303 -0.07279769911028414 0.8469858956131012 1037.164376297764 0.007641953103536991 0.9958810779105903 0.09034643995427027 -45.203399721408005 -0.8500742396497152 0.054049733245371046 -0.5238820606014924 -643.0720693663669
-0.5259325228144025 -0.07200701025724622 0.8474726968580718 1039.1668131116328 0.0062583078140945325 0.9960551461668283 0.08851541887088787 -45.07138637988493 -0.8505032716159203 0.05185688255571813 -0.523407153850825 -644.2976909032559
-0.524804171381168 -0.07049402863402858 0.8482989883454259 1041.2726315975153 0.0053054577445526 0.9962746958491477 0.08607312315011684 -44.93114147916441 -0.8512064578109405 0.04967214851039958 -0.5224751131329751 -645.5812517636831
-0.5232565272238413 -0.07080003953329984 0.8492290392583917 1043.4576062085152 0.003507069038199917 0.996355402443104 0.08522682963250533 -44.78654659730921 -0.8521680040839416 0.04757379976972603 -0.52110116713654 -646.9035349340359
-0.5213573026533173 -0.07400743692697599 0.850123204158997 1045.6726089368728 0.00012846731703758385 0.9962253019392765 0.08680513390435157 -44.64222654896935 -0.8533384712212428 0.04536570351602237 -0.519379828717184 -648.2247710629194
-0.5194703412312742 -0.07523903730239544 0.8511695787837317 1047.8309872423388 -0.002396850795621519 0.9962403019849416 0.08659974484501787 -44.495747333797226 -0.8544851196406695 0.042945872523065975 -0.5176976263668844 -649.5131662009526
-0.5173415325870516 -0.08200648498190019 0.8518407568797096 1049.9540160715037 -0.007588345415087239 0.9957984904495231 0.09125668979487861 -44.346884864670756 -0.8557453801653527 0.04074681385545098 -0.5157902107313477 -650.7578874078996
-0.5155436722430573 -0.08881529347302371 0.8522479484606851 1051.997775446511 -0.011011896819978717 0.9952182636062135 0.09705331479689777 -44.20072932274394 -0.8567925420652138 0.04065035584026655 -0.5140565031506665 -651.9604068017936
-0.5143298469258547 -0.09201199578285932 0.8526421296143445 1053.9532918926718 -0.013109268335541102 0.9949550241580452 0.09946178656336585 -44.05464406588027 -0.857492248154428 0.03997865098680631 -0.5129412752161231 -653.1176383308404
-0.5136488577959616 -0.09214680295795175 0.8530379930516198 1055.8380443917945 -0.014824984184438977 0.9950209389900255 0.09855734785060383 -43.90767642164258 -0.8578724093528343 0.037977594395146086 -0.5124574436917896 -654.2353203595851
-0.5133344684016066 -0.0909207434344452 0.8533587416580268 1057.750332546073 -0.01670866227183493 0.9952423745981732 0.09598664703635118 -43.75671275198255 -0.8580259577401649 0.035014771418975965 -0.5124113792906557 -655.3671562041357
-0.5125208792663805 -0.09125228750648255 0.8538122559092566 1059.7782320791732 -0.018158706445707856 0.9952666471316087 0.09547021780445747 -43.59612221811 -0.8584827369820761 0.03342635385808962 -0.5117519605937236 -656.5656374197318
-0.5111705507874784 -0.09324690776141795 0.854406040592272 1061.8813482428757 -0.019882532121410917 0.9951141818715541 0.09670806561272277 -43.433562095777404 -0.8592492961440635 0.03244655961804377 -0.5105270490825015 -657.8029767015032
-0.5093881321166793 -0.09534318332881467 0.8552388018860065 1063.9781492207824 -0.02135768453644646 0.9949378661385888 0.09819619053119943 -43.26830362174758 -0.8602718059833903 0.03175405354165156 -0.5088458508367274 -659.0313535446762
-0.5071627950061736 -0.09712289623124686 0.8563603461097342 1065.9915443800062 -0.022351338571653195 0.9947780681285616 0.09958419972299082 -43.10465093298916 -0.8615603966209119 0.03136460103472832 -0.5066852521796468 -660.2023863382918
-0.5046013116738349 -0.10041890218002937 0.8574926007505874 1067.919267951463 -0.02519457614023332 0.9945023882958104 0.10163775384693258 -42.94720394562165 -0.8629847910537944 0.029682381287447268 -0.5043572212737202 -661.3070269896803
-0.5022890916957663 -0.10173357998155509 0.8586943269100955 1069.7988645689834 -0.02653428485721343 0.9944006420698034 0.10229024771836842 -42.794449920424086 -0.8642925431186828 0.028594435740288637 -0.5021760230777026 -662.3855700833169
-0.49997839764604407 -0.10155700455094083 0.8600626585975804 1071.6560318085476 -0.02671445641035214 0.9944364853168193 0.10189413373417106 -42.642780546786184 -0.8656257503713689 0.02796875931066589 -0.4999098006607087 -663.4535665487342
-0.49709585126210004 -0.10220284803082848 0.861655553288203 1073.5493367687445 -0.027712314452064735 0.9944023462626479 0.10196078351531601 -42.48527376414779 -0.8672529863227454 0.026805812834806264 -0.49714555827498697 -664.5299046140055
-0.4936789001788385 -0.10501122523514654 0.8632808268998157 1075.4870127987492 -0.0295858715725503 0.9941361423834721 0.10400964671705992 -42.32558679776173 -0.8691408514858262 0.02580645232356482 -0.4938908860233885 -665.6157617538953
-0.48947693508620704 -0.10751879507876273 0.8653623742244793 1077.4601065292477 -0.030862816181086827 0.9938838366459463 0.10603021187997796 -42.16320499646292 -0.8714699172065479 0.025191823251833945 -0.48980154700170553 -666.7079197283388
-0.4853619402679785 -0.10773139418911536 0.8676506979455364 1079.4144766431095 -0.030512163049751073 0.9938622140970684 0.1063339423519361 -42.00167143865116 -0.8737807475822128 0.025136549010334686 -0.48567001045825703 -667.7877617266071
-0.4813449182310558 -0.10854551242242974 0.869784422386429 1081.3177339680894 -0.03173037292718364 0.9938101855999117 0.10646360144095021 -41.84377471127095 -0.8759567644165105 0.023647129441601633 -0.48180967211351533 -668.8215992859778
-0.47750299398440554 -0.1100869162501193 0.871706235842369 1083.146557335594 -0.03256069951213825 0.9936553334897553 0.10765165616306008 -41.69225784688365 -0.8780265893372542 0.023020623317120736 -0.47805790373016865 -669.8019743617679
-0.4734054730868349 -0.11063312260535774 0.8738693095846892 1084.9238588482363 -0.03351836930631871 0.9936251517781041 0.10763631670115437 -41.545314633099224 -0.8802066671926984 0.021664947185117245 -0.47409582690948865 -670.744032668626
-0.46915093988256795 -0.11184987816445574 0.8760062787228774 1086.705191622805 -0.0343740225700542 0.9935081481573514 0.10844346968494734 -41.39851556911219 -0.882448764620167 0.02076449613049064 -0.4699500117254932 -671.6754807674263
-0.4642555427081387 -0.11357886515037936 0.8783886568347335 1088.536665908576 -0.03550285217460061 0.9933330013733419 0.10967723496744092 -41.24471434250472 -0.8849894567463741 0.01973296160708804 -0.46519272530207745 -672.6180324189656
-0.4590807868844153 -0.11558292975980866 0.880843582857779 1090.4072114491742 -0.03654015757844509 0.9931180766478717 0.11127130231726826 -41.08504786537634 -0.8876427479553531 0.018896353705880053 -0.4601448465634433 -673.5685244890083
-0.4537796853079768 -0.11772121353702349 0.8833038622609819 1092.316877488385 -0.03774198790829539 0.9928851531736543 0.11293633142645251 -40.917513748241845 -0.8903142925678134 0.017910569245728702 -0.4549941449719669 -674.5210132082324
-0.44902898197887653 -0.12044650073020245 0.8853618547265669 1094.3066659306078 -0.038602278286176184 0.9925626459863013 0.11545240536167187 -40.73594784979127 -0.8926829434094351 0.017664491346444322 -0.45033890381727176 -675.5044256036595
-0.4447805274776702 -0.12192881942918561 0.8873013272667262 1096.41837062409 -0.03957184161032351 0.9923980056870007 0.11653440547768784 -40.535310196908426 -0.8947649701057007 0.01672008675443426 -0.446224256367437 -676.5390858419205
-0.44107439654629016 -0.12277216239820148 0.8890333924276403 1098.6096799259221 -0.03997045637765556 0.9923033037507356 0.11720288384823888 -40.319399001639226 -0.896580023940022 0.016160120836539005 -0.442586840254273 -677.6098150603298
-0.437314157424198 -0.12527411579360337 0.8905406917308709 1100.7664336397816 -0.04142282455019111 0.9920050831369571 0.11920597567542313 -40.109520538176525 -0.8983543161373748 0.015241749984053699 -0.4390070748117581 -678.6475460673341
-0.434292218624597 -0.12704730966660227 0.891767486483224 1102.7304801864982 -0.04285496449898696 0.9917966614578642 0.12042771416427514 -39.92323978277352 -0.8997520329845988 0.014084155193702708 -0.4361741804744576 -679.5847500193296
-0.43123870474310705 -0.1278225608945897 0.8931374879926604 1104.4976488078255 -0.04399464791097493 0.991715066403459 0.12068843367771143 -39.75626021680398 -0.9011646078750982 0.01275225449632128 -0.433289429271688 -680.423053484643
-0.4289801754462706 -0.1302955067237816 0.8938674901805543 1106.1776150809608 -0.04522286794387417 0.991399408049043 0.12280922577292352 -39.59941617040744 -0.9021811909417201 0.01225947175073222 -0.4311830284964565 -681.2115539012658
-0.42738292777590664 -0.1310484763033739 0.8945222914518464 1107.8816010299481 -0.045098773459851055 0.991296946972277 0.12367887271424702 -39.43895075767671 -0.9029451443349779 0.01251638054766524 -0.4295735170373933 -682.0144231175991
-0.4265138336002478 -0.1303258805951798 0.8950425211098716 1109.636349865208 -0.045652827293626824 0.9914053220071682 0.1226022302242849 -39.268405284318874 -0.903328162467949 0.011430325584219081 -0.4287978294596665 -682.8416162604536
-0.42624045415654976 -0.13183180251268273 0.8949522060348691 1111.5339591963866 -0.04635204638452428 0.9912071987402865 0.12393456725792132 -39.08040205393996 -0.9034215865454998 0.011343060067651678 -0.42860328037932394 -683.732410817177
-0.4260541097605234 -0.1364023060464319 0.894355805293054 1113.6147829236909 -0.04858280964932915 0.9905918171714543 0.12793577435393227 -38.87287652237177 -0.9033922770107943 0.011057244601563265 -0.42867252207142587 -684.7040538657725
-0.42675209469615716 -0.1376489636330901 0.8938318703666716 1115.9176895208363 -0.04956487914302973 0.9904234043740643 0.12885962448972374 -38.63159394903755 -0.9030093977517519 0.01068844604383784 -0.429487816699368 -685.7871033095707
-0.42738157968696994 -0.13731183902623856 0.8935829251991705 1118.4043932041316 -0.051143780517847875 0.9904879449314029 0.12774171072877935 -38.360060714631004 -0.9026235644268408 0.008893245122299165 -0.43033894912334303 -686.9564349513946
-0.4280636581418427 -0.13559740581819835 0.8935182416233047 1120.9633020244298 -0.052262692849568 0.9907396818368833 0.1253135817454343 -38.07915925305349 -0.9022361750197881 0.006944520799362919 -0.43118633804485595 -688.165923531028
-0.4287869110176552 -0.13682312154754617 0.8929844446293154 1123.4884814740503 -0.053983024760161924 0.990578753014787 0.12585534201383758 -37.805719837698064 -0.9017913383802728 0.005759121952320534 -0.43213332958319484 -689.3636183541216
-0.4285707022132903 -0.13970135799304212 0.8926425285517774 1125.853177571002 -0.055213183085780465 0.9901768874707186 0.12845713655668353 -37.55082530423755 -0.9018196369662539 0.005767329859323489 -0.4320741606348977 -690.4876778246339
-0.4256876341266296 -0.14388837905850965 0.8933566882962208 1128.1124382737498 -0.05662972789792245 0.9895770948749565 0.1324018399307766 -37.30179840274826 -0.9030964024232864 0.005771279820141306 -0.4293990920569797 -691.5489069717701
-0.4217699881879925 -0.1474437516085672 0.8946342365321683 1130.333423716274 -0.057532528562699886 0.9890532001149445 0.1358814759250719 -37.05275701786587 -0.9048757291590296 0.005840158729428724 -0.4256357683805877 -692.5763273741055
-0.41891340681122785 -0.14892289548673943 0.8957307233726328 1132.6342729921762 -0.05824714520138602 0.9888346880966077 0.13716132724926275 -36.78957906480008 -0.9061560724674873 0.00528496137511042 -0.4229104414808946 -693.6352285970145
-0.4165531090588951 -0.14883913482265343 0.8968447018735274 1135.0831258692476 -0.05854153566581444 0.9888510418003372 0.13691787952010517 -36.502003855599355 -0.9072245565102717 0.004530902298425621 -0.42062224737774695 -694.7574369859419
-0.4135127814209956 -0.14856579552610738 0.8982958220993631 1137.7045303512568 -0.05806576234701449 0.9888926629036693 0.1368198395641372 -36.18613394438131 -0.9086448958996768 0.004416520688403425 -0.41754634174002514 -695.9507047998953
-0.4100124422260002 -0.14940956027117447 0.8997591791804342 1140.4220232641774 -0.05731863837819476 0.9887625649454685 0.13806941680522228 -35.857232503784644 -0.9102770846914379 0.005037207762124574 -0.413968906590364 -697.1767504910953
-0.40697668440150575 -0.1491580228068425 0.9011780415577793 1143.1375432898303 -0.056408473329461695 0.9887986023799729 0.13818613558551324 -35.52678153674577 -0.911695158751103 0.005404457768541038 -0.41083175308881903 -698.3946261665461
-0.40458679938897263 -0.14915963825890266 0.9022532483037479 1145.7557881409325 -0.05636120574602074 0.9888001843121366 0.13819410259177276 -35.20866027528302 -0.9127611605710688 0.005059428699374091 -0.4084623188669855 -699.5582306673516
-0.4024492502343278 -0.14857208634947633 0.9033055607841651 1148.2801673176564 -0.05573425793975145 0.9888883291387803 0.13781714329147376 -34.90267374305233 -0.9137441072191574 0.005119340863934563 -0.40625792161062796 -700.6792192262155
-0.3996398383130113 -0.14935363647633448 0.9044232918851932 1150.754573650247 -0.0555660779623906 0.9887702420067381 0.13872930296739908 -34.60402071498015 -0.9149865630778576 0.00518650105927404 -0.4034509754527002 -701.768366075059
-0.3965142823573305 -0.1505456470818648 0.9056005918899115 1153.256130855177 -0.054569674327768575 0.9885831689229938 0.14044738789290184 -34.30144385480901 -0.9164052458003583 0.006271065848849178 -0.4002025727087568 -702.8624050426073
-0.3931815140971081 -0.15141579328688498 0.9069076879791091 1155.7305848699145 -0.05411229434546641 0.9884482075127663 0.14156977313492944 -34.00023143287643 -0.9178671780671634 0.006587761995484109 -0.396833018811334 -703.9314319779593
-0.3904099370653005 -0.15216645222458444 0.9079787728014657 1158.1083883500282 -0.053146030927508914 0.9883265201708197 0.14278021194723461 -33.708353916015994 -0.9191058592117252 0.0074873456196623 -0.393939537515914 -704.9526143927383
-0.38759185870283336 -0.15414412123868826 0.9088521007044215 1160.3932508701332 -0.053445100045282745 0.9880195935404343 0.1447788108161939 -33.427392184028236 -0.9202804856935931 0.0075413969365217826 -0.39118659867614847 -705.9145127419238
-0.38516194525275477 -0.1552455195776268 0.909697259850875 1162.6308872171542 -0.053568027652783456 0.9878477108444326 0.14590190743376638 -33.149961437868626 -0.9212929731320584 0.007465174511924244 -0.3887975422080272 -706.849129380832
-0.3830314713593643 -0.15597069538313302 0.9104724235966657 1164.9063438685857 -0.05253891398659338 0.9877250289119859 0.14710176673967057 -32.86423982890403 -0.9222399657710528 0.008509373803347986 -0.3865243020717918 -707.7980748280867
-0.3811373402550565 -0.1559782478095389 0.9112656660236746 1167.1911947642693 -0.0512851774544274 0.9877145482393314 0.14761369099730462 -32.57683678349821 -0.9230948805170421 0.009526668181793818 -0.38445426796510607 -708.7478837323054
-0.38000308213741196 -0.15572957057729925 0.9117817493314292 1169.4119594300996 -0.051246392551435926 0.9877562561509815 0.1473478390919492 -32.29867199747707 -0.9235645428536841 0.00926710755375526 -0.3833310004435546 -709.6627305062175
-0.3796327010944374 -0.15542983523803414 0.9119871592175095 1171.5101163945778 -0.05131713964278922 0.9878059211778784 0.1469898406857148 -32.03856802579452 -0.9237129226326906 0.009001577850963782 -0.3829796445734026 -710.5265636948405
-0.3790303504510217 -0.15474638291670348 0.9123538515352344 1173.519483006033 -0.05110214586683909 0.9879146675090263 0.14633243115707514 -31.790674886045394 -0.9239721663149724 0.008841193060490582 -0.3823575148738258 -711.353343338583
-0.37770353098682713 -0.15520120916804858 0.9128267236189257 1175.5592018574237 -0.05134142583049467 0.9878458972247285 0.14671244435959963 -31.538167693509195 -0.9245020825686536 0.008547982747555138 -0.38108113482193456 -712.1845846516485
-0.3763986989376152 -0.15693147883971648 0.9130698387238809 1177.7328981324222 -0.051604638875469955 0.9875706191037967 0.14846290287301234 -31.267524761066625 -0.9250194488142429 0.008762604186474343 -0.3798186884334012 -713.0678850537579
-0.375559382476383 -0.15855904133624044 0.913134262112913 1180.0425516211653 -0.05211655029074941 0.9873107590879975 0.1500044338507341 -30.9781261298117 -0.9253318407035136 0.008746164852087568 -0.3790573692472304 -714.0041232429414
-0.3750439207462745 -0.1582333310585104 0.9134025785235081 1182.4697314198888 -0.05124187040539052 0.9873564889377877 0.1500047814898134 -30.669525628993256 -0.9255897191675275 0.009453924823977111 -0.3784102206294168 -714.9947003186757
-0.37490017996929753 -0.15733188601078044 0.9136172791181669 1184.9262636393219 -0.05073791585656784 0.9874991898916862 0.14923476088968274 -30.35726224179018 -0.9256757093893754 0.00959310208221359 -0.3781963160038986 -715.995344267058
-0.37502553281184486 -0.15654522004205396 0.9137009597352845 1187.3259828108194 -0.05036369361439813 0.9876232719992986 0.1485387860826933 -30.052632393860392 -0.9256453684347533 0.00968848220259777 -0.3782681392979108 -716.9717026249098
-0.37522384974633854 -0.15604115524900583 0.9137057625133467 1189.5633016886438 -0.049641266866756295 0.9876970065542532 0.1482914962755326 -29.76991239921 -0.9256040228982392 0.010284994522532453 -0.37835355381213404 -717.8874952903184
-0.37474053430874366 -0.15727497947379204 0.9136925701665299 1191.6560472630324 -0.04972621224578394 0.9874977352403439 0.1495845136064701 -29.50735932973754 -0.9257952450524296 0.010620909881705831 -0.37787611794290565 -718.7354860888238
-0.37344142669125363 -0.15857822816477996 0.9139991500996725 1193.672296793802 -0.05070126401498898 0.9872968637544516 0.15057982815739906 -29.25297471504291 -0.9262671767141958 0.00989183363934426 -0.37673766598147407 -719.5457330134199
-0.3716821800007689 -0.16008087762179032 0.9144541922314735 1195.6835010394059 -0.05043525941363103 0.9870482407244645 0.1522893794413296 -28.99422055343615 -0.9269890191786306 0.010482514134641241 -0.37494196246840905 -720.3502934818252
-0.3692913015356969 -0.16207641591789915 0.915071128390183 1197.747601734788 -0.050531901685051284 0.9867194498417569 0.15437374846805624 -28.72428575552135 -0.9279388242347483 0.010768598200071422 -0.37257693939727765 -721.1687444975298
-0.36634428839574806 -0.163834607114011 0.9159421836948084 1199.8566011857429 -0.05023876323421794 0.9864235415900884 0.15634789178485659 -28.441123403684287 -0.9291221281556654 0.011261354655222988 -0.36960147843700614 -721.9986381631697
-0.3625043696072567 -0.16709932828143098 0.9168797066701518 1202.0306610325379 -0.05055466837738931 0.9858725974305127 0.1596854631482541 -28.142664307919063 -0.9306099115746089 0.011534128641333519 -0.3658307755719687 -722.8409045424581
-0.35837680832843993 -0.17018196596981053 0.9179347262801285 1204.2176822762026 -0.0495120839504789 0.9853257018240038 0.16334569130503931 -27.83640108295225 -0.9322631692795791 0.013090446275461354 -0.361543943969621 -723.6808139391034
-0.3553364208962819 -0.17207744369080785 0.9187629625520723 1206.35673749281 -0.0479776327491091 0.9849710632607434 0.16592212418721747 -27.535209891449085 -0.9335063870913877 0.01487810175538773 -0.35825196070328064 -724.4982524149453
-0.354805821912015 -0.171296269868548 0.919113930188453 1208.4560319283214 -0.04668953421588712 0.9850923503860776 0.16556916562434923 -27.240155659061713 -0.9337734822386244 0.015831902600801695 -0.35751424409105204 -725.299546708394
-0.35652808537978536 -0.16770056245132559 0.9191105731569716 1210.5103869254517 -0.04644197573680914 0.9857236270807874 0.1618396549191968 -26.956161581117954 -0.9331296090174664 0.015015071368865762 -0.35922650292914404 -726.0888569516349
-0.3583309207116906 -0.16211586632768682 0.9194114406220641 1212.5939036698296 -0.04579521329416231 0.9866746565359072 0.15612789817677739 -26.669258971609338 -0.932470776861805 0.013840810474085419 -0.36098016879624667 -726.894693020792
-0.3592543921777203 -0.16062778837238034 0.9193122403751721 1214.6751859560397 -0.04506844780607394 0.9869130386909364 0.15482728788614739 -26.387370086493206 -0.9321508014872765 0.014190407479229561 -0.36179208894364473 -727.7015468516497
-0.3589785430351654 -0.16340876908766933 0.9189298013589539 1216.7553932318747 -0.04522525022872376 0.9864433580076291 0.157747197073002 -26.112200936477848 -0.9322494743265363 0.015069028764057357 -0.3615022019158519 -728.4998055010094
-0.3584942097542322 -0.16642447974551064 0.9185775928652561 1218.7871884839944 -0.0456916269208521 0.9859296411291283 0.16079495630249172 -25.83982813445016 -0.932413093431242 0.01567275612107455 -0.361054272808889 -729.2740485473233
-0.35703294420561316 -0.1705643873569076 0.9183873183561703 1220.837018870036 -0.04693210508108481 0.9852212440664657 0.16473153235731786 -25.557538986419843 -0.9329120292206191 0.01571273387080807 -0.35976138721349216 -730.0493242415556
-0.3552669236889169 -0.1737627897479005 0.9184725939469526 1222.943322417526 -0.046779135090296575 0.9846444643768574 0.1681873695977843 -25.256904155520658 -0.9335936618533894 0.016786055851356174 -0.3579400828017709 -730.8477837825953
-0.35348102277027127 -0.17569167556917034 0.9187946460863732 1225.1770078864824 -0.046004574871675974 0.984280577113964 0.17051488089631567 -24.928399036893552 -0.9343097696332641 0.018005017409205182 -0.3560071259342086 -731.6978154210702
-0.3522925893846619 -0.17655520715839879 0.9190855184855805 1227.5110577738976 -0.04495249645637389 0.9841031911402696 0.1718143831286664 -24.58076887903769 -0.9348097156785403 0.019213745413098726 -0.3546288587526564 -732.5851217750355
-0.35109877346939344 -0.17673289833953415 0.9195080934460549 1229.857701663975 -0.04432298683822372 0.9840614892746985 0.17221631213159666 -24.228797830359895 -0.9352887918210235 0.019709590837376167 -0.35333611182979524 -733.4719408671746
-0.35002069957701776 -0.1765449105895951 0.9199551099985969 1232.1441452472734 -0.043429358481199054 0.9840818854887503 0.17232740198478022 -23.88516125854602 -0.9357346849879673 0.020365097540262833 -0.35211626220986936 -734.3353846511767
-0.34843407637134505 -0.17589441954861249 0.9206817298040119 1234.3114612008112 -0.04243038629732504 0.9841881011987781 0.17196931056851303 -23.559649474031403 -0.9363724455268378 0.0208550864396832 -0.3503879401858552 -735.1509092130527
-0.3465799374850224 -0.17595163246718584 0.9213703761056211 1236.4160188242317 -0.041338752753338204 0.9841604991011936 0.17239263188922624 -23.2422709263692 -0.9371090942113837 0.021659525410966163 -0.34836390528482697 -735.9389344907494
-0.344853749916017 -0.17795157254405494 0.9216339452287783 1238.4818828755754 -0.041206784367468 0.9837885465355893 0.17453394119050847 -22.931723999817677 -0.9377515087116404 0.022211112860387405 -0.34659598147490034 -736.7040572270679
-0.34353496194757127 -0.18056861189574247 0.9216174403285393 1240.5896999753004 -0.04208376672288777 0.9833160850393055 0.17697014856012655 -22.612900268817327 -0.9381965074002876 0.02201029988492803 -0.3454024611969083 -737.479522320089
-0.3426643619592866 -0.18125990417286858 0.9218058267239805 1242.7692667353745 -0.04123673446447129 0.9831666837321719 0.17799663965872084 -22.276570169215347 -0.9385524315528384 0.022980842855133465 -0.3443707509181442 -738.2862225377054
-0.34176916800141177 -0.18224717782783723 0.9219434917484991 1245.0608219306996 -0.04018749700627583 0.9829532655894132 0.17940970640265058 -21.91728491060229 -0.9389242785698946 0.024266104774013253 -0.34326717767812265 -739.1357642549966
-0.3412026472346041 -0.18234333752483528 0.9221342964993795 1247.3760416276104 -0.03918334752421243 0.9829109727736363 0.17986296138445804 -21.55332297477173 -0.9391727310760778 0.02523740996010221 -0.34251664826926453 -739.9886723555074
-0.3407728547146357 -0.1819234830502776 0.9223761205736499 1249.604391457029 -0.0385881626848516 0.9829789548217238 0.17961995456575838 -21.203104844810298 -0.9393534027139353 0.025616804883768496 -0.3419926375191463 -740.8113075453273
-0.339876477194387 -0.18156835198241378 0.9227767410421259 1251.7157591751914 -0.03819461126741197 0.983042059413445 0.17935852668415303 -20.872469764931907 -0.9396941799969116 0.025714645293472227 -0.34104780470978957 -741.5852051485681
-0.3379738500664994 -0.18149654961049616 0.9234894039190245 1253.7752544660107 -0.0372963539006681 0.9830414159652523 0.17955098574709497 -20.548481502604034 -0.9404162156497234 0.026240750304099947 -0.33901145167462243 -742.3401044280793
-0.33454569272712065 -0.182959072362873 0.9244485693200304 1255.8420139464563 -0.03793885357127669 0.9827922167590162 0.18077638691931533 -20.22203157682293 -0.9416155387776011 0.025405442685019486 -0.335730160418379 -743.0768403959358
-0.3301024065095891 -0.18575112080818063 0.9254884776889909 1257.9404085470835 -0.03796686481580497 0.982266651326456 0.18360485524074613 -19.888064519809802 -0.9431812754675744 0.025470508640812073 -0.3313009731300866 -743.8096648566667
-0.32540570527110435 -0.1869195709428596 0.9269154227735967 1260.045968104772 -0.03628933492975134 0.9820134682681463 0.18529066978757805 -19.548771703369994 -0.9448778816055413 0.026657496853799145 -0.3263359721423898 -744.5433807813564
-0.3217229759458806 -0.1871051139655459 0.928162702911763 1262.1417593593699 -0.0354823462500905 0.9819743716117615 0.18565380847771876 -19.208369494194187 -0.9461687639386109 0.02679570535800324 -0.3225626455764097 -745.2644502065468
-0.31862620021196836 -0.18862043107950388 0.9289239352701962 1264.2609841166457 -0.03623390331804133 0.9817085796210474 0.18691005577221048 -18.861512208079716 -0.9471876523629441 0.025895900791711834 -0.31963252890368454 -745.9768521598821
-0.3164493656548738 -0.18979669242556285 0.9294283267261372 1266.4105530091908 -0.03573907587773545 0.9814695884390616 0.18825558537443535 -18.508963617954464 -0.9479359247502108 0.026356451080944976 -0.317368587063031 -746.7014475119537
-0.31471608155950087 -0.1902556968484142 0.929922877353042 1268.6196377602382 -0.03593561164234921 0.9813916605707194 0.18862407157662342 -18.148098277082568 -0.9485053609883961 0.025945681316498992 -0.31569669272467715 -747.4419476553402
-0.31334689948154965 -0.18879005782194103 0.9306836383287775 1270.8520397034838 -0.03625449408247594 0.9817034244586245 0.18693313795322708 -17.78382554478884 -0.9489464327579967 0.02483345472955284 -0.314458212298665 -748.1845056471666
-0.3117223845280915 -0.18774275483351857 0.9314407189894829 1273.0870779027955 -0.03612995475432934 0.9819182630470098 0.18582559313560704 -17.415442616821565 -0.9494860616952598 0.02427308596514849 -0.3128690396062834 -748.9285891882887
-0.3089661497210452 -0.18939660119317095 0.9320240585859524 1275.2929947041669 -0.035660597546654904 0.9815889441173946 0.18764718641408015 -17.051116908634924 -0.9504042508896792 0.024740093835312116 -0.31003175264455113 -749.6531574176595
-0.30568434432922126 -0.1916703458976129 0.9326411743728166 1277.4580424593637 -0.03415661265757447 0.9811053854954215 0.19043515527246335 -16.691815296179186 -0.9515200509940809 0.026357182235138832 -0.3064553662458035 -750.3589256810837
-0.3022777251832653 -0.19425706944551133 0.9332161420745332 1279.5816633849768 -0.03307400381749426 0.9805624384388341 0.19339962408022998 -16.33956626014873 -0.9526459400687721 0.027595204172750243 -0.30282704234786206 -751.0392780914109
-0.30011757898539737 -0.194804922074785 0.9337989511235187 1281.6945464773771 -0.033192434909755486 0.9804650819034983 0.19387234313520343 -15.99012371078777 -0.9533245517916282 0.027189437349998236 -0.30072085635666423 -751.7075923200276
-0.2995286702578254 -0.19385587823571662 0.9341854602631326 1283.8310761992007 -0.03187198982835027 0.9806270172725031 0.1932739746050195 -15.632620167481662 -0.953554797564337 0.02811674712158696 -0.29990447908182494 -752.392755057242
-0.299159906449635 -0.1936935876170373 0.9343372755536886 1286.0621809452177 -0.0310497740057733 0.980638325412505 0.19335042349670334 -15.257176804894584 -0.9536976784637986 0.028831733354159117 -0.29938181181320805 -753.1043681051234
-0.29842369810312214 -0.1936254135721419 0.9345868047589141 1288.4549210080907 -0.030633287636066542 0.9806444136704164 0.19338597577285008 -14.850018658929343 -0.9539417687149808 0.029081491640362445 -0.29857891543930104 -753.8612475454645
-0.29693553316524796 -0.19442331004520685 0.934895109440058 1290.9896062381017 -0.030245823381996384 0.9804765333528733 0.19429605686241552 -14.413514762216835 -0.954418398456263 0.029416730875530428 -0.2970188152841197 -754.6522423235673
-0.29547684890787834 -0.19590432774165228 0.9350480876038221 1293.6215482418368 -0.029905192224156274 0.9801663612116108 0.19590707957404813 -13.956327378947663 -0.9548817263082952 0.02992321375266266 -0.2954750243949661 -755.4706812359491
-0.2945546125724634 -0.1966876427375664 0.9351746101165429 1296.2381682429602 -0.02845012608326347 0.9799612016879067 0.1971462236824386 -13.499953480960812 -0.955211060728536 0.03146449396922257 -0.2942478803341305 -756.2841989325847
-0.2938203148206432 -0.19657390912909356 0.9354294847012296 1298.7411007303547 -0.027864594107706808 0.9799708987623212 0.19718164715354927 -13.064544827344776 -0.9554544400409228 0.03187061073592773 -0.2934128101794612 -757.0609604299523
-0.2928301739692878 -0.19768012230602 0.9355068457569918 1301.0496127419722 -0.028534738098797086 0.9797662554457784 0.1981006143640058 -12.665937677396357 -0.955738592887591 0.03131539453432719 -0.29254587354876516 -757.7642468409427
-0.29228149275225473 -0.19825222346715768 0.9355573658973799 1303.175510248136 -0.0283078932411141 0.9796412772042018 0.19875017277470725 -12.300875154471214 -0.9559132764925727 0.031607339148599034 -0.29194311763969105 -758.4192533812793
-0.29198135014226073 -0.19910747051663708 0.9354694577342285 1305.2224489609707 -0.028590459549204972 0.9794706537342719 0.19954905185475016 -11.949482204766923 -0.9559965882741792 0.0315190998892908 -0.29167973798380553 -759.0465621579475
-0.29179507888608863 -0.2005779032298265 0.9352134177147964 1307.2876036747898 -0.0286134413633376 0.9791578326865835 0.20107513436988061 -11.591527861226155 -0.9560527720325958 0.03191306040550135 -0.29145266110356083 -759.6800416669889
-0.2914744038357224 -0.20154027458378387 0.9351065124515525 1309.378510070722 -0.028790418158285203 0.9789586419522065 0.20201754668683813 -11.226983538462491 -0.9561452733402407 0.03196083646888548 -0.29114381532385036 -760.3194579030945
-0.29139826969568067 -0.20175137620547773 0.9350847184173001 1311.4643998863187 -0.02903623659644844 0.9789217585009984 0.20216104396652193 -10.860511944811208 -0.9561610457358531 0.03175803729002885 -0.2911142072878051 -760.9547300120034
-0.2918487635187222 -0.2014436184313571 0.9350105709701237 1313.533998765924 -0.027818573058088936 0.9789437660564628 0.20222569048517877 -10.494757293770704 -0.9560598444792077 0.03300865784120144 -0.2913074016943582 -761.59589461947
-0.29288189807611714 -0.201582814507768 0.9346574574005493 1315.5895908188586 -0.027175963943468218 0.9788832902755567 0.2026054564987073 -10.132380245947957 -0.9557623453364734 0.03393925329810854 -0.2921754033495856 -762.2313896820539
-0.29454911747221896 -0.20159677049407876 0.9341303760839258 1317.6453108745247 -0.0274244712165454 0.9788762434213039 0.20260601778796042 -9.771393871599741 -0.9552427522754787 0.034059392122590015 -0.2938558184440292 -762.8654117479907
-0.29712728786196185 -0.20128585348308753 0.9333806190377976 1319.7272784360464 -0.027446924689317642 0.9789243980515012 0.20237017869392446 -9.405321156030368 -0.954443314782442 0.03451127478226729 -0.29638982907652134 -763.5167840418129
-0.2996026106374117 -0.2004715869760658 0.9327643960371489 1321.8707760683262 -0.02806594497208026 0.9791035872838912 0.2014161565035082 -9.026796406881715 -0.9536511827875398 0.034165892101910234 -0.2989684153632444 -764.191062433375
-0.30121198374030567 -0.20103762558126026 0.9321240335662848 1324.0853815360574 -0.029549484249013103 0.9790213756633745 0.20160350685148562 -8.632255043822568 -0.953099243957233 0.03318160777974488 -0.30083352883830017 -764.8839821463915
-0.3018944049149842 -0.20217227614532457 0.931657737068312 1326.3282109920028 -0.030635784989205772 0.9788077539952021 0.20247673791566534 -8.229747485405994 -0.9528490000829747 0.03258452818582219 -0.30169029080132004 -765.5917405849481
-0.30185802647921095 -0.20381504888613847 0.931311525590454 1328.5754487179445 -0.03179205869472862 0.97848887417313 0.2038351984406947 -7.823059837479093 -0.9528226471143667 0.031920980043657565 -0.30184442048682286 -766.295687634711
-0.30164457405706957 -0.20446624838348532 0.9312379417817521 1330.821181223963 -0.03196224852805929 0.9783533910618 0.2044579586783378 -7.4113971461530355 -0.9528845499906909 0.03190917532411841 -0.30165019297055895 -767.0062060367763
-0.3011082003021362 -0.20570737651882992 0.931138188969044 1333.0883485631862 -0.03125961903220248 0.9780600005496333 0.20596473373570193 -6.990294972587833 -0.9530774826470155 0.032910645247358705 -0.30093222077509874 -767.7218824471806
-0.30056587254676653 -0.2071763607934213 0.9309877076463452 1335.351041536053 -0.031498632540682636 0.9777463271812424 0.20741252573473837 -6.569553109506046 -0.9532407840667907 0.033016287071545636 -0.30040295001837414 -768.4321623135279
-0.30074384771534474 -0.20708257929611262 0.9309510961449268 1337.6132409072163 -0.030289843600592947 0.9777231746205588 0.20770151464193382 -6.1462947633140175 -0.9532238265150652 0.034266589587689855 -0.30031672847513524 -769.1515605063319
-0.300397874195895 -0.20781781691039075 0.930898959153564 1339.900193702465 -0.02998552752313599 0.9775505815343527 0.20855629619125207 -5.7160709179493665 -0.9533425330476705 0.03473637166506388 -0.29988564348064484 -769.8720633641143
-0.2997185535393966 -0.20925000983900602 0.9307970896208421 1342.2677422461204 -0.03050788447707703 0.9772532001082781 0.20987008329647233 -5.270637871519682 -0.953539751478137 0.034505307715059275 -0.29928469070519514 -770.6136471179
-0.29877638348368607 -0.20866677591736765 0.9312308249304585 1344.7159725306435 -0.028579240971035424 0.9773211507536881 0.20982515405692242 -4.805597050259394 -0.9538951198417626 0.0360769305476909 -0.2979640169958928 -771.389281263317
-0.2974412497617643 -0.20851861215215378 0.9316913068856558 1347.2497354286043 -0.027184460361007468 0.9773125690276179 0.21005034524019128 -4.322221875056016 -0.954353031144682 0.03715011180040423 -0.2963615378860377 -772.1857251691089
-0.29574007488612103 -0.20853501280442022 0.9322290257983891 1349.8613648324415 -0.026224503028834056 0.9772862630999937 0.2102946394869489 -3.8242547503094784 -0.9549084163139645 0.0377453095194033 -0.2944914397092768 -772.9973399982553
-0.2946534147187317 -0.20744864344408967 0.932815322305439 1352.5320420822416 -0.024279213408921863 0.9774624606502911 0.20970850677959518 -3.3120989356418704 -0.9552957055230789 0.03914330533680821 -0.2930493416755524 -773.8232061853961
-0.293682051491132 -0.2079438585318662 0.9330113634521506 1355.2652299051124 -0.0237621849010069 0.9773386785475021 0.21034368539073822 -2.7871136904174705 -0.9556077705840886 0.03960377651066688 -0.2919680285329253 -774.6626953450038
-0.29276131916562836 -0.20876991761906905 0.9331162475799734 1358.0488203087282 -0.024134397980242417 0.9771760797282005 0.21105553781211767 -2.251229870739053 -0.9558809239829686 0.03926869878616135 -0.2911178944364461 -775.5095479102545
-0.29156495103006325 -0.21030145613069773 0.933146921379558 1360.8825775333753 -0.025004183006935576 0.9768750821832582 0.2123437417057853 -1.7033021752826585 -0.956224173592675 0.03857941625745487 -0.2900809515949676 -776.367738193059
-0.2908090217823237 -0.2106144338486932 0.9333122055907145 1363.7394484024665 -0.026177362949150074 0.976857245853868 0.2122844009620797 -1.151268846868561 -0.9564229495986795 0.03730256663280923 -0.2895922305649252 -777.2311777688518
-0.29083299707970045 -0.2093517489695359 0.9335887815376946 1366.6391529591235 -0.026927820930131463 0.9771719664611546 0.21073642405241721 -0.5897049499333207 -0.9563948244682188 0.03614959426939657 -0.28983123807582356 -778.1095960145067
-0.29118694057275046 -0.2087503714606602 0.9336131147616338 1369.6202124308802 -0.028292677449704984 0.9773549522307193 0.20970651337719634 -0.012558723729114263 -0.9562477137450366 0.03464938332971912 -0.2904991053209325 -779.0125313165847
-0.2913107547598718 -0.20928277975358722 0.9334552813390938 1372.6881736409846 -0.029224841206360874 0.9772676846862183 0.2099851926315431 0.5827560488950212 -0.956181966373398 0.03389086258351803 -0.290804842833899 -779.9483608706225
-0.2912072150498254 -0.20946070951314694 0.9334476788086066 1375.7758666868738 -0.029626630086436234 0.9772426348942169 0.21004546016216313 1.1854754556018747 -0.9562011402903927 0.03351184440257754 -0.29078572109388673 -780.8907248140531
-0.2904631773406984 -0.21125886878454042 0.9332742538873682 1378.8458353744898 -0.031198505239749152 0.9768965097304698 0.21142342005377898 1.7877687552832526 -0.9563774337989958 0.03229395665302981 -0.29034342507406874 -781.8263519561663
-0.29036590813464475 -0.21148135371352478 0.93325413281948 1381.8304688404048 -0.03139617729339417 0.9768534886176469 0.21159286809082123 2.375700776357405 -0.9564005015915173 0.03213874308421227 -0.29028465641239576 -782.7408041938361
-0.29084132083692976 -0.21118572392046794 0.9331730365296781 1384.6789789384272 -0.031459584894024284 0.9769189811513012 0.21128085285847523 2.938560494847536 -0.9562539519458872 0.032091965949392176 -0.29077222203879405 -783.6168082835507
-0.29144129979114664 -0.21221602061889555 0.9327520192252221 1387.4028497056017 -0.032291765982579435 0.9767084101543135 0.21212713966761806 3.4746502278850357 -0.9560435192112202 0.031702399381109414 -0.29150599864789706 -784.4546086619654
-0.2920367846074604 -0.212504208830036 0.9325001220727308 1390.0804182994289 -0.0323379041268268 0.9766398402634225 0.21243559580947413 4.001210639580961 -0.9558602284815607 0.031883908790526716 -0.29208669940176646 -785.2790137111497
-0.2927930026306607 -0.21305338788239375 0.9321376033195733 1392.7615150211716 -0.032807809995354154 0.9765244722728957 0.21289340679188912 4.529485412894871 -0.9556128427422017 0.031752306435634536 -0.29290934744761454 -786.1088653046006
-0.29367453161596263 -0.21337230875013313 0.9317872757978533 1395.4217096647346 -0.03262446216164866 0.9764386563077609 0.2133147789923676 5.054151395247629 -0.9553485824288481 0.03224605908537337 -0.293716321856064 -786.9361383758464
-0.2944059029043151 -0.21366459345657662 0.9314894555700202 1397.9929360185156 -0.03320154342380466 0.9763854641813366 0.21346916135516728 5.560912400325435 -0.95510356603322 0.031919693583070785 -0.29454763844273335 -787.7321183449468
-0.2951300494132779 -0.21471260874447895 0.9310191993613548 1400.4660484340122 -0.03382572253342708 0.9761599759333426 0.21440037752045374 6.047732294248476 -0.9548581436152749 0.03178359690094629 -0.29535695106029053 -788.4984217827393
-0.2958073755569972 -0.215861150183715 0.9305385324678646 1402.902532980626 -0.03447985039635865 0.9759113145097253 0.21542573228040726 6.526328913778173 -0.9546251287718797 0.03163969110577247 -0.2961246248862215 -789.2557289951626
-0.29641743920964175 -0.2162035361635738 0.9302648723254932 1405.3748108976833 -0.03412956130396605 0.9758154923621494 0.21591502474635643 7.014499190695176 -0.9544484662765186 0.032251446733242484 -0.2966276612287129 -790.0270777091041
-0.29660861622067874 -0.21671735069864606 0.9300843610607673 1407.9060571230636 -0.03480868727587527 0.975717418826526 0.21624956390392297 7.51498639987301 -0.9543645446441237 0.03176646824352147 -0.2969498399082737 -790.8155168998999
-0.29676988532019644 -0.21697664651050805 0.9299724566007819 1410.4389310359006 -0.03512684930216303 0.9756664144428129 0.21642816865281858 8.016198426758763 -0.9543027505069559 0.03156236045297928 -0.2971701158890242 -791.6043170376656
-0.2969327760392985 -0.21719250841418555 0.9298700666234779 1412.913280269414 -0.03596852679036511 0.9756424463986164 0.21639797102990227 8.505072359040753 -0.9542207247770965 0.030809593864275675 -0.29751231458847593 -792.3741330212495
-0.2975785031147365 -0.217364633618725 0.9296233917752885 1415.2905081671279 -0.03657961003419341 0.9756171623061891 0.21640953015837852 8.974556799114225 -0.9539963137317353 0.030393562894489634 -0.29827380830512107 -793.118602724161
-0.29867790331126665 -0.21753480294613803 0.9292309290917797 1417.5690731132765 -0.03690640299053238 0.9755797828970928 0.2165225268205741 9.4239490085983 -0.953640093269933 0.03037592319009874 -0.29941255117056076 -793.8364893681013
-0.2999624944320845 -0.21835113504615877 0.928625480889975 1419.8113070817153 -0.03806018892266033 0.9754162042227081 0.21705909462388318 9.866268154014278 -0.9531914413974001 0.029765926221481387 -0.3008987631794534 -794.5427124198328
-0.301416390504028 -0.21942150983754544 0.927902128759352 1422.096442122362 -0.03952024399246967 0.9752000063692852 0.21776845017615953 10.316020208155578 -0.9526732440088255 0.028968061688052937 -0.3026128575453111 -795.2660028736451
-0.30301416506045287 -0.2194231919649823 0.9273811937928313 1424.460620812374 -0.03964433226494435 0.9751919430233102 0.21778200380585216 10.784693455021227 -0.9521610907257152 0.029225623865439143 -0.3041958583177836 -796.0237134251073
-0.3047952172812322 -0.2206896240718184 0.9264966083853343 1426.8826986286963 -0.040604616477584066 0.974910224024184 0.21886370236708605 11.26775167911262 -0.9515519642369485 0.029088570266682268 -0.3061089911071645 -796.8046009959862
-0.30701929004290357 -0.22189794261962362 0.9254730998806673 1429.3117569813971 -0.04111312909506587 0.974623286452426 0.22004354142007795 11.754452164620943 -0.9508148432568584 0.02950851683591421 -0.3083510682267555 -797.5965990399848
-0.3095710584352103 -0.2222351680395773 0.9245416647537993 1431.7158640100015 -0.041906762384916973 0.9745488120874173 0.22022360483250342 12.240293014361328 -0.9499524109373679 0.029430306580622734 -0.3110052636352856 -798.3855627310663
-0.3130839257079394 -0.222315602875563 0.9233386313706269 1434.1204767081058 -0.04272097198374103 0.9745289307873215 0.2201551307857461 12.727908822735515 -0.9487641298110243 0.02948110880885607 -0.3146068820088511 -799.1882984815533
-0.31707684251156504 -0.22186031829797498 0.9220847439946175 1436.6387781069097 -0.044956142451574976 0.9746762426790272 0.21905516933634048 13.238490008770214 -0.9473337433021004 0.028003948325557082 -0.31902124957345757 -800.033530667542
-0.3207319494282712 -0.22138308227695913 0.920934605440308 1439.3446739251071 -0.04572816332419383 0.9747866960227456 0.218402912837856 13.79045138834175 -0.9460655113124762 0.027936143946822034 -0.3227686790356933 -800.9600478090666
-0.32373278633552527 -0.22191885249162266 0.9197549162468449 1442.226806834813 -0.045846381028038063 0.9746415451513375 0.2190250392344454 14.376895409642657 -0.9450371381052014 0.028738151885950747 -0.32569759935884013 -801.9638707824417
-0.32631759736455607 -0.22027059653357 0.9192375590417153 1445.1086484568393 -0.04530651764348298 0.9749973748488531 0.21754870373521112 14.962382062309587 -0.9441737896749965 0.029342517625372155 -0.3281384944656161 -802.9802145224681
-0.3286590082703778 -0.21791418752172687 0.9189649956116283 1447.9313689735257 -0.04526985656958088 0.9755338378231988 0.2151380285958647 15.535809014896017 -0.9433630777006814 0.029105637575757293 -0.3304829276867536 -803.9835781168306
-0.3302720188170898 -0.21797107206036775 0.9183730207989237 1450.7347217322724 -0.046335903705448656 0.9755415222432516 0.21487606289934524 16.10184638375108 -0.9427477804875933 0.028413907231813973 -0.3322939545967385 -804.9779720191457
-0.3314158513972726 -0.2192770381852257 0.917649777402762 1453.555525994541 -0.046724274230484975 0.975238557914426 0.21616335802959305 16.66992563051093 -0.9423271064976619 0.028763443495361196 -0.333455077451273 -805.9830260407285
-0.33256680026188734 -0.220282092127712 0.9169924335846019 1456.4122059187216 -0.04645582863728176 0.9749842982269536 0.21736484121523222 17.248661786377625 -0.9419348063158054 0.02968868637609301 -0.3344807954906667 -807.0119073667977
-0.3335753285956948 -0.21937821060783608 0.9168427896115999 1459.2858437224522 -0.046811347244669066 0.9752017140798925 0.21631069003815606 17.834049039576996 -0.9415605120869364 0.029237263314960016 -0.3355726218159626 -808.0455975137938
-0.33492259151269954 -0.21787365410794035 0.9167103842217963 1462.1851471567816 -0.04633756398468647 0.9755309019444598 0.21492391564318486 18.426216862037506 -0.9411055667981053 0.029504748720968643 -0.33682307216776386 -809.0950203896714
-0.33586991460013416 -0.21635424402848313 0.9167236451392342 1465.1076140350087 -0.045312984492778374 0.9758465607133507 0.213705927340087 19.02111896340847 -0.9408178005877953 0.030237907248900464 -0.3375611575142373 -810.1612743649642
-0.3360757230965027 -0.2168153535121627 0.9165392576570636 1468.0046549042413 -0.045128800987082274 0.9757313997230926 0.21426998603604616 19.608660217789918 -0.9407531555443391 0.03064862273928831 -0.33770425264949544 -811.21219066086
-0.3360175738327074 -0.21847765142636327 0.916165763332599 1470.7261821055783 -0.04444816575916982 0.9753186902266257 0.21628179085459207 20.159303995784285 -0.940806330036223 0.03195259491566965 -0.33743515086891795 -812.2018764377739
-0.33619734490747166 -0.21996854180727027 0.9157429693382046 1473.1589468701184 -0.043771759924619624 0.9749402401070165 0.21811822769585099 20.651877867575138 -0.9407738188907407 0.03324708762073847 -0.33740073037038854 -813.0863929393817
-0.336643253090862 -0.2216414747377098 0.9151755989013788 1475.2900614519897 -0.04378482434558817 0.9745366625388898 0.2199117607691611 21.081532336888074 -0.9406137407594192 0.03396100769500471 -0.33777572537249134 -813.8579318798686
-0.33786640890965863 -0.2220603190671656 0.9146231488576495 1477.2569015979982 -0.042868713187178886 0.9743911699739334 0.2207354101781336 21.475673498589856 -0.940217295714223 0.03537036291335377 -0.3387334856007177 -814.577250507989
-0.34005321130105387 -0.2194512591698893 0.9144424302997938 1479.1718096540128 -0.04059808561992306 0.9749101301267641 0.2188653321570542 21.86036187237181 -0.9395294614475046 0.03730124696267678 -0.34043062148871384 -815.2910405487919
-0.3421677267637997 -0.21670314366556812 0.9143090255962457 1481.1319102518883 -0.03824255711043478 0.9754484150597076 0.21688221776615016 22.257968608369026 -0.9388603482877254 0.03924458030058481 -0.3420542491039731 -816.0253334555902
-0.3429080070534754 -0.21781147234184428 0.913768166010884 1483.220154421383 -0.03794613247061235 0.9751646429829557 0.21820634753932316 22.684280543433147 -0.9386022532090664 0.04015073588625001 -0.3426568672574022 -816.7936395284144
-0.3422103221514626 -0.22225582920093093 0.9129591676516542 1485.4785098444836 -0.03914314570922672 0.9741510490324137 0.22248044366424388 23.148500290418554 -0.9388077063792022 0.04039901057277834 -0.3420643366207048 -817.6134846367617
-0.3409273577851599 -0.22643129406448298 0.9124129579208724 1487.8912450837038 -0.038883412454837896 0.9731254124438616 0.22696918709779826 23.65330579464461 -0.9392851627431876 0.04190227588392231 -0.3405694970578721 -818.4926509972158
-0.3403334856552526 -0.22753627091233702 0.9123597776979518 1490.3775139093445 -0.037583954212099924 0.9727972208893694 0.22858918044322735 24.181489184830355 -0.9395533858847662 0.04350646445335982 -0.3396271818085834 -819.401612174921
-0.3407624638342824 -0.22610947189756858 0.9125543545234961 1492.8513840951905 -0.03625935243580841 0.9730868345655943 0.22756816947027536 24.711410387333785 -0.9394499468319347 0.04445806016144971 -0.3397900503018835 -820.3083285242151
-0.34198074453477756 -0.22402538658523125 0.9126126212872466 1495.2562739646394 -0.03449938046276324 0.9735056664226677 0.22604537197352143 25.22806859316273 -0.9390734599141457 0.045818594569237425 -0.34064892965717053 -821.1941144948137
-0.34306412267449105 -0.2230599177934313 0.9124424808214335 1497.5079946697479 -0.033215696277521634 0.9736678002370998 0.22553876008848503 25.709848349382526 -0.9387245204288535 0.04706684454517562 -0.34143958014585807 -822.0252654241103
-0.3437840292182674 -0.224006824007214 0.9119394081037715 1499.5948662421467 -0.03317956556143892 0.9734223020450804 0.2266012760564578 26.15213793926074 -0.9384623901273867 0.0476441463294513 -0.3420794902313364 -822.7902449426815
-0.344442098595802 -0.22586850680180814 0.9112316161931849 1501.5426834187847 -0.034285255901768674 0.9730055397764793 0.22822081586051085 26.561763896111017 -0.9381813054749438 0.04736704761127497 -0.3428880296218022 -823.5011351591222
-0.3452970477765865 -0.22767483253278323 0.9104581920263803 1503.4330563822327 -0.035203548253335215 0.9725868192310758 0.22985993397797408 26.960217035288395 -0.9378329590002414 0.04731859770907065 -0.3438463193400492 -824.1936120223933
-0.34632697144170665 -0.2292071683499794 0.909682198808464 1505.3021251102914 -0.035980471063437214 0.9722246587119647 0.23126741814285354 27.35571186658558 -0.9374236153170391 0.047363350487405476 -0.3449546035010107 -824.8836597228333
-0.3477711096603797 -0.23081143870041335 0.9087251152304726 1507.161942493593 -0.03646000843168673 0.9718208010552508 0.23288408795256169 27.750244793794877 -0.9368702808130639 0.047858232326119354 -0.3463865853751708 -825.5766445367444
-0.34972440345339567 -0.2321307699049408 0.9076387757761941 1509.0338411939665 -0.03674290554124482 0.9714701561437713 0.23429830262805654 28.148237770990704 -0.9361318286019085 0.048590548312824444 -0.3482759797819916 -826.2806690013365
-0.35215076793204747 -0.23194320517725003 0.90674813824842 1510.9356550423245 -0.03678458825590997 0.9714880500656432 0.23421755409554973 28.555179543018653 -0.9352201509333039 0.04912553462063263 -0.3506421981686253 -827.0057237761229
-0.35451996019131543 -0.23159849988499875 0.9059126517920858 1512.8736472115793 -0.037444440672922574 0.9715795679629207 0.23373287526507858 28.97353550811613 -0.9342984061254945 0.04894157708949859 -0.35311642604579213 -827.7454470897203
-0.35666985568267956 -0.23233957367114305 0.904878409817369 1514.8277191470218 -0.03845262564479435 0.9714117099354702 0.23426627025944585 29.39704245520477 -0.9334388087219843 0.04876076605799201 -0.3554073410399971 -828.4972526839873
-0.35885612786695814 -0.23282422154548404 0.903888909852353 1516.7329534126054 -0.0391465223192034 0.9712927157706825 0.23464443330522228 29.811343917336785 -0.9325716215297594 0.04881948537783315 -0.35766860159203084 -829.2375048075701
-0.36110469855969946 -0.23403839244298763 0.9026790279721876 1518.5649885364182 -0.04016189561883343 0.9709991402512671 0.23568557820029334 30.210263635130502 -0.9316600339278325 0.04885386877215636 -0.3600317773302564 -829.953316287721
-0.36388037707645154 -0.23465227979397577 0.9014041151260582 1520.33498673391 -0.04037511479374328 0.9708113546658744 0.23642158056574805 30.5959097846482 -0.9305702129791663 0.04963487926150795 -0.36273331453921476 -830.6586462245621
-0.3667191271419327 -0.23425176023621772 0.9003572594334404 1522.0930168487557 -0.04055136206665777 0.9708859324904544 0.2360849277838051 30.980661944475457 -0.9294475072981785 0.05006614543161414 -0.3655416696613719 -831.3652026915493
-0.36959164833152763 -0.23458543449217126 0.8990949268056775 1523.8733773538072 -0.04152517769452385 0.9708101900730228 0.23622708241821952 31.372391743184266 -0.9282659495538024 0.04997248017164674 -0.3685445402179669 -832.0818035169472
-0.373100266416547 -0.2353342631938269 0.8974485922697318 1525.670982054067 -0.04249571957140846 0.9706155207057738 0.2368535935618725 31.76984392864398 -0.9268172986182389 0.05023241515280136 -0.3721376082175888 -832.8166259866604
-0.377660619096188 -0.23574603062955563 0.8954307710964012 1527.4685510436457 -0.04382661653949871 0.9705134983035977 0.23702906423731568 32.170438309418444 -0.9249063111832374 0.05027284210114508 -0.3768566794956545 -833.5648321340628
-0.3828806612119189 -0.23685503021472526 0.8929177419739786 1529.2750395900844 -0.04588800422487832 0.9702557950544957 0.23769304413766737 32.57639419731839 -0.9226574068082807 0.05003385678873323 -0.38236098498233845 -834.3274636334977
-0.3884595807585416 -0.23833492965466146 0.890109889521181 1531.08565392116 -0.0480362786967794 0.9698960493825964 0.23873451640054622 32.98554614753567 -0.9202128395354323 0.04998114342975035 -0.3882141358265978 -835.108180144216
-0.3937799020833006 -0.23999158385650982 0.8873226179881326 1532.9162849368429 -0.05071349003767106 0.9695174239298617 0.2397167216207691 33.4003681431704 -0.917804734485209 0.04939640042001486 -0.3939472870601868 -835.9075379356965
-0.3990284773142079 -0.24134805215563826 0.884605783393364 1534.730413443673 -0.052899364851483194 0.969190800479697 0.240563607937359 33.81216861182418 -0.915411345511194 0.0491966460869987 -0.3995018880095276 -836.7145886746712
-0.4045727857775181 -0.24236425166201858 0.8818052112142066 1536.4846140277461 -0.05516418501584361 0.9689541578107574 0.2410077856684077 34.20958430463571 -0.9128404974034381 0.048861125422583085 -0.405382309336117 -837.5078639915082
-0.41053522588803915 -0.24262763398016368 0.8789725021490989 1538.176838110336 -0.0574808417378892 0.9689186510953387 0.24060881195978442 34.59390644518942 -0.9100311978927758 0.04825431368057387 -0.4117216779246111 -838.290298383844
-0.41660070897519197 -0.24306671365831978 0.8759922499615593 1539.8567984500169 -0.06034502850708409 0.9688615319428272 0.24013706389452502 34.97663037398115 -0.907084520216196 0.04717949377376496 -0.4182962688710067 -839.0795409040478
-0.42241148496689135 -0.2428207251088524 0.8732735154724893 1541.5733239837639 -0.06252418421487643 0.9689592693796116 0.23918332022028516 35.36951724642279 -0.9042451347706162 0.04643306732218727 -0.4244816915989713 -839.9014512569672
-0.42816824903207645 -0.24355551869474906 0.8702601104463771 1543.3513661964396 -0.06543453161612028 0.9688254673917089 0.23894672168795675 35.777856626475966 -0.901326950996687 0.0453643367258354 -0.430757245279103 -840.7666436747731
-0.43378570041043574 -0.2440790403155271 0.867326575286427 1545.1981827301943 -0.0668629023306862 0.9686754796482986 0.2391592929828601 36.20702860793631 -0.8985317570410878 0.04575190932404949 -0.43651740444323645 -841.685280497239
-0.43899286265254245 -0.2455759386285916 0.8642787310276789 1547.1296843016255 -0.06844726796586806 0.9682682673677735 0.24035709666374405 36.66063376890827 -0.8958795890342264 0.04635753202341869 -0.44187186058467676 -842.6608677257432
-0.44361401716248755 -0.24695441472006247 0.8615219793059458 1549.112462267111 -0.07031037250191188 0.967913332126191 0.241247244566694 37.12969115410033 -0.8934556817747604 0.04644672800802652 -0.44674337841958756 -843.6742952849286
-0.4479869124505893 -0.2478058855401984 0.8590110414684021 1551.07233466223 -0.0724724113565669 0.9677228820696263 0.24137144220273107 37.59641634417676 -0.8910979047585915 0.04587664558901622 -0.451486276119605 -844.6851990577015
-0.45215802600291954 -0.24806269649829912 0.8567485151006325 1552.9321015869994 -0.07479530181166497 0.9677093311624525 0.24071625040288927 38.040766569509 -0.8887962546883533 0.044761020845347055 -0.4561114651758257 -845.657381963524
-0.4563221651164215 -0.24910244567242562 0.8542353617027807 1554.6992839941681 -0.07733587479638629 0.9674850033455671 0.24081513816808012 38.46326828234942 -0.8864475416475237 0.043826246262376356 -0.46074940699431355 -846.5932385269599
-0.46031347765667135 -0.2504206624300569 0.8517047575983804 1556.4029732536314 -0.07966946612676246 0.9671717213682246 0.24131232366521962 38.87014257598429 -0.884174348448708 0.04322445157226279 -0.46515305903710913 -847.50881394366
-0.46399215591977194 -0.2504573101068779 0.8496954837228171 1558.0768432803845 -0.08077869018066058 0.9671645835702001 0.24097193093840574 39.27228447302036 -0.8821485603103473 0.04317179752470912 -0.4689883937165904 -848.4219257774071
-0.4671304306568221 -0.2507176080373617 0.847897306148804 1559.7576354858247 -0.08120581099263346 0.9670677322124543 0.24121695125860199 39.6787942200873 -0.8804514620439902 0.043825589938873366 -0.472106492913527 -849.3467992121678
-0.4701902666770133 -0.2501875199048979 0.8463612219413402 1561.4560956479818 -0.0814216298553693 0.9671857364946729 0.24067045791488031 40.0907521765435 -0.8788012467639619 0.04424879665143039 -0.4751319950087628 -850.2913633523297
-0.47292321336000526 -0.24910786504505292 0.8451561428741707 1563.2104802801189 -0.08233747957030998 0.9674989888784594 0.23909463811882814 40.51747101004804 -0.877248068520675 0.04348537790867962 -0.4780636444919072 -851.2679385200267
-0.4755681497932227 -0.24889643794599137 0.8437330727665303 1565.0581347068758 -0.08389488310966639 0.967598453120814 0.23814886543132888 40.96652442929678 -0.8756692203624985 0.04247112779302448 -0.4810401436613406 -852.3014347617132
-0.47806515096156377 -0.24931979265697163 0.84219555474105 1567.0133314477343 -0.0857107576028063 0.9675322499123978 0.2377709221301297 41.439763482569845 -0.8741323569501646 0.04148477273583934 -0.48391283942855495 -853.4033601262581
-0.4806374430132355 -0.24924808221782752 0.8407514745062522 1569.0902171144835 -0.08652987699070752 0.9675569001876707 0.23737359854711046 41.94274613954451 -0.87263980470849 0.04134051777575126 -0.4866114803704922 -854.5883947507965
-0.48280391928406413 -0.24795958931141385 0.8398907176487102 1571.2798493735738 -0.08626887962184585 0.9678785180947234 0.2361543025641492 42.47655113366005 -0.8714689070372723 0.041559791617423514 -0.48868673788837247 -855.852391656566
-0.48421846836123694 -0.2492013514009436 0.8387080310560074 1573.543002355985 -0.08771714777797018 0.9675784259465996 0.23684951262015386 43.02789972524323 -0.8705390151415358 0.04111783193032592 -0.4903785751985449 -857.1537619733318
-0.4856054545062226 -0.2501526825576896 0.8376222167319827 1575.8160694280846 -0.08879899212645237 0.9673417759242594 0.23741235761651505 43.579314861834916 -0.869656300817243 0.040908727197236594 -0.4919597488494072 -858.4673751267678
-0.487247032292018 -0.25013577339420684 0.8366734275636505 1578.035254798799 -0.09086155413517125 0.9674201390775765 0.23631007699053003 44.117166152148684 -0.8685243275250052 0.03911993578229994 -0.4941003168604805 -859.7536847261957
-0.4885044362009568 -0.2515555805630756 0.8355137375887742 1580.1929612428476 -0.09345211569406636 0.9671172551750127 0.23653946143309493 44.640226082016056 -0.8675425741047456 0.037470049777523884 -0.49594947069775447 -861.004728977871
-0.4892383540023447 -0.2535304894920484 0.8344867427772609 1582.2299848566415 -0.09613949765901655 0.9666617202054231 0.23732323038289058 45.1327538060483 -0.8668350650284908 0.035880490345329585 -0.4973022827713859 -862.1905694851333
-0.489540168631329 -0.25589084733963774 0.8335888060334159 1584.1358791243256 -0.09752676118577777 0.9660411539249898 0.23927603259811203 45.5976077694329 -0.8665096388090683 0.03583801293435629 -0.49787215495536163 -863.3025014458192
-0.4897136554541184 -0.2592424606200254 0.8324505284240279 1585.9549988366216 -0.09811930453143136 0.965094161977276 0.24282887100930525 46.04509285827902 -0.8663446991469579 0.03723714716597509 -0.49805647986037405 -864.3648982485753
-0.49055189739497934 -0.2621971490276608 0.8310303791101479 1587.7311409233257 -0.09906420125401263 0.9642567777571805 0.2457542483442559 46.485565424698166 -0.8657627388563741 0.038229852093785266 -0.49899234304425766 -865.4066062377085
-0.49258839045968456 -0.2634148974550251 0.829439129401971 1589.4827917434486 -0.10057608704349463 0.9639358359034754 0.2463983664233469 46.921062905653685 -0.8644311009556268 0.037951232652358724 -0.5013168415690925 -866.4370572769716
-0.4959708876858515 -0.2601695791281107 0.8284471429514462 1591.2139077897982 -0.10126886044733718 0.96487954081394 0.24238830339433604 47.35136058217864 -0.8624137617592885 0.036321643891610966 -0.5048992391687728 -867.4770677156243
-0.4993928131323354 -0.25412002077008217 0.8282691792138528 1592.9523178752265 -0.10107175984640057 0.966576666704165 0.23561419045682203 47.78537902093973 -0.8604599453509295 0.033949409816452114 -0.5083857984049038 -868.5373548926309
-0.5013093831585635 -0.2510989216045173 0.8280327493077994 1594.7469164863653 -0.10068637602845937 0.9673941723596859 0.23240217074455266 48.231549738296394 -0.8593899906558354 0.03313377209997853 -0.5102460162578355 -869.6338509827661
-0.5017221930181277 -0.25382243014100636 0.8269516400554499 1596.596040384145 -0.10098271315610233 0.9666313742503585 0.23542786147459716 48.68201629360442 -0.8591142721877654 0.03461156269491472 -0.5106120905845295 -870.7538109599857
-0.5011645997831137 -0.25647783120914347 0.8264703055902791 1598.4545100387195 -0.10201457281010107 0.9659194248748701 0.2378921847892 49.13510613247206 -0.8593177938682551 0.034911126416383775 -0.5102490983762106 -871.8754891070225
-0.5002377590357059 -0.25940755974650315 0.8261173659845816 1600.31790310906 -0.1034791270141242 0.9651417417957882 0.24040276312013031 49.59814942704503 -0.8596826476714128 0.03477263564591315 -0.5096436098911743 -872.9928085911708
-0.4998033505214896 -0.26217436351863843 0.8255066407492393 1602.1663451559248 -0.10452096925047066 0.9643794984827627 0.24299701622259426 50.06109178746601 -0.859809268265024 0.035167968660966664 -0.509402823103511 -874.1023870355805
-0.4999498265255053 -0.2617046670688963 0.8255669798335441 1603.9893200881904 -0.10413480315136936 0.9645000591710113 0.24268411285403008 50.5211562253989 -0.8597709658564563 0.03535962518863167 -0.5094542012554 -875.2160332731873
-0.49978561785314746 -0.26124047285740926 0.825813387835526 1605.7669481085202 -0.10294193995579168 0.9645888070922951 0.24284025660999395 50.974514237874985 -0.8600100541187221 0.036357235504188845 -0.5089802139977623 -876.3012254205962
-0.4992779761435886 -0.2627317783077727 0.8256473310107663 1607.5474151811682 -0.10278223601814993 0.9641481698801905 0.244651013641462 51.428193601620194 -0.8603239590393104 0.03728698410868231 -0.5083821066078232 -877.3798203396746
-0.499066267178583 -0.26449043632369906 0.8252137117485014 1609.3477768164641 -0.10421833001717548 0.9636900951002867 0.24584535849602232 51.887225281945405 -0.8602740264897388 0.03669073042208659 -0.5085099700578427 -878.4620430550408
-0.49933395856274765 -0.265735232091851 0.8246516744972695 1611.1749224064158 -0.10551434027334738 0.9633700505330397 0.24654587754139157 52.3565546540986 -0.8599606513223369 0.03609615161017876 -0.5090822585950125 -879.5637283612061
-0.5000213506935365 -0.2655768855368027 0.8242860951873372 1613.0048392028093 -0.10608969922883757 0.9634327793777298 0.24605335872132209 52.830227656786064 -0.8594903283738263 0.03558366885357894 -0.5099119315556102 -880.6787965636408
-0.5004775981342531 -0.2659924938920655 0.8238750918427215 1614.8270917903642 -0.10681793915201099 0.9633330424136934 0.24612878187912232 53.302897430147425 -0.8591345073043498 0.03517730215725906 -0.5105393772980211 -881.7894842533367
-0.5005839484502106 -0.26715823946041234 0.823433170113042 1616.6592505535136 -0.10764845461512165 0.9630166938304447 0.24700335548907387 53.77853586379416 -0.8589688706658551 0.03500460672967176 -0.5108298706367206 -882.9037190430206
-0.5005776195850286 -0.2684185961146538 0.8230270372414438 1618.4909020032162 -0.10817284853084311 0.9626591521038912 0.2481652508135396 54.2524091124472 -0.8589066780572331 0.035196791479655654 -0.5109212309722787 -884.018141322728
-0.5007904422505786 -0.26887742291603206 0.8227477525928023 1620.321134692787 -0.1080983124870869 0.9625148912838426 0.24875658563001515 54.72650016228289 -0.8587919933184727 0.03563727687257384 -0.5110834537619019 -885.1335111125882
-0.501194352987376 -0.269072579585122 0.8224379413967827 1622.1372597621257 -0.10848615142344675 0.9624668726664785 0.24877353952730585 55.19829455224112 -0.8585074114315473 0.03546076613700805 -0.5115736101306267 -886.2396968240704
-0.5019364158563999 -0.26976208645148214 0.8217592415973052 1623.9633651408744 -0.1090565082013662 0.9622722981980979 0.24927635696046754 55.67271609648401 -0.858001464134041 0.03550268769967241 -0.5124188196289667 -887.3533865139851
-0.503028717335218 -0.2691522278031807 0.8212911711474037 1625.7956730375838 -0.10949563848049307 0.9624614568466597 0.24835186578393312 56.15013154456847 -0.8573055550326478 0.03500031932992298 -0.5136167471539159 -888.4778647662456
-0.5041303195058009 -0.2694228632465382 0.8205266246228822 1627.6663667526457 -0.1095286473188733 0.9623671613572828 0.24870247718434457 56.640698750705155 -0.856654012055905 0.035507288000762416 -0.5146679863051078 -889.6325604860823
-0.5048739040356173 -0.2705166594478672 0.8197091423090298 1629.574968379573 -0.10935244124685772 0.9620175662125715 0.25012845878028234 57.14277944808862 -0.8562385091884087 0.036646135670952595 -0.515279221513152 -890.8126832499764
-0.5050361110374146 -0.2722415442820314 0.8190378917456402 1631.487963975212 -0.1096626317023627 0.9615003411382816 0.25197460427409335 57.64832405415956 -0.8561031677060412 0.03743842354999766 -0.5154471172543071 -891.9923515539875
-0.5053496622436287 -0.27302971199351805 0.8185820027578125 1633.3427760420616 -0.1099087715964758 0.9612639815609967 0.2527679166343295 58.14269249246871 -0.8558865466850182 0.03776683892308985 -0.5157827886633617 -893.1435539195588
-0.5059140131372836 -0.27382255081881557 0.8179683502278128 1635.169317809664 -0.10974074402017492 0.9610032535009043 0.25383009250792377 58.63466889926872 -0.855574649234787 0.03865174541673627 -0.5162345030729867 -894.2839592270773
-0.5056287481872012 -0.2755019979644606 0.817580710464868 1636.9951131310577 -0.11106424250639993 0.9605441433901113 0.25498957358182883 59.12912985523053 -0.8555725001676512 0.03812607659534328 -0.5162771535138111 -895.4165572064271
-0.50496340214763 -0.2766548295026068 0.8176026344162415 1638.8522835414508 -0.11081824989133357 0.9601818601219794 0.2564568403917582 59.63621510885474 -0.8559972418077727 0.03889602557570204 -0.5155151027970977 -896.574872777165
-0.5038360326327246 -0.2775306028517902 0.8180012327017864 1640.7253627543112 -0.10980894380279246 0.9598761549213223 0.25803054678541226 60.15009216673093 -0.856791251170221 0.04018123559804904 -0.5140955360864199 -897.7409132349054
-0.503266665085294 -0.276211073558906 0.8187979644926867 1642.5967602548371 -0.10766743464588507 0.960198394400779 0.2577339071735537 60.66594373622439 -0.8573974500374388 0.041551007612436686 -0.5129747814812063 -898.9127973647571
-0.5030514567516021 -0.2732113481051882 0.8199358457383362 1644.4833335381845 -0.1053483126106784 0.9610281016624406 0.25559092480988876 61.190827729576654 -0.8578117304456587 0.04219652926056017 -0.5122289410294869 -900.0944663894794
-0.5020789555309104 -0.27250210194215313 0.8207675230234822 1646.4104840993493 -0.10476095254006343 0.9612348662566942 0.2550542583753102 61.73116348220151 -0.8584531817378804 0.04207298812289795 -0.511163377438684 -901.2855631126042
-0.5001280379436654 -0.27598884895225245 0.8207935799679686 1648.3784438225725 -0.10585039749096023 0.9602278360905668 0.2583760750298658 62.28238663927931 -0.859457758713962 0.042339792758633976 -0.5094503930075345 -902.4829405853877
-0.49741246717220516 -0.27927348714655625 0.8213325495063896 1650.3607052904804 -0.10738338015802179 0.9593055241728718 0.2611545920661839 62.84109982286469 -0.8608424055351241 0.041704084553189136 -0.507159858589068 -903.6788136389698
-0.4944775757871395 -0.2809720435125645 0.8225245514925686 1652.318138025059 -0.10727588113862607 0.9588040454198888 0.2630336248702685 63.40380723134314 -0.8625449625205671 0.04182718315683526 -0.504248623577259 -904.8571133182243
-0.4913121246608785 -0.28397613902806 0.8233893056288338 1654.3143079943668 -0.10729594852570765 0.957888545525306 0.2663402218617917 63.98077399736502 -0.8643494522420797 0.04250984373219663 -0.5010917456860398 -906.0457365915936
-0.48898601031669364 -0.2851261679371155 0.8243759761614002 1656.361338571286 -0.10616168745027585 0.9574965717441475 0.26819770919215646 64.57324084903712 -0.8658073560742445 0.043627783071186255 -0.4984719036335167 -907.2655782908295
-0.48678366682001845 -0.2847783184808927 0.825798384014195 1658.5407337835375 -0.10594542259156253 0.9576344659976938 0.267790584160857 65.20778703005368 -0.8670739467595332 0.0428665237278828 -0.4963317761279597 -908.5562523770993
-0.48465463688247157 -0.28522236374872717 0.8268966599073381 1660.8457266118633 -0.1048728412552686 0.9574713070463214 0.2687943142070936 65.88350706270273 -0.8683959754140782 0.0435534085991372 -0.4939549883177924 -909.9169512500483
-0.4824910593050024 -0.2870852578841436 0.8275170284630613 1663.2119300322668 -0.10384266194933117 0.9568465358867134 0.27140635276440994 66.57379768734643 -0.8697235648469088 0.04501956760340203 -0.49148159607740116 -911.3047933641911
-0.48050987810891127 -0.28597453165640974 0.8290529683220849 1665.446532399252 -0.10274314299566611 0.9571866654913008 0.2706243410579004 67.2279821274031 -0.8709501154527354 0.044858161459738255 -0.4893195701617925 -912.6123553383634
-0.4789142547566053 -0.28561493095425533 0.830099540902731 1667.441279416008 -0.10053178921673941 0.9572155447377296 0.27135172796453466 67.8172499356121 -0.8720862892786517 0.04650281850010618 -0.4871375492853536 -913.7839394179623
-0.47724576095292187 -0.28660481732033005 0.8307190634271312 1669.1982094596278 -0.0989071289186271 0.9568324158797525 0.2732930803565958 68.33753273570215 -0.8731860417468562 0.04826392659640255 -0.48499147403635556 -914.8133982702445
-0.4761755380311513 -0.2857082973347921 0.8316415248259317 1670.8140927710094 -0.09560189127030075 0.9569598778457578 0.27402202571870005 68.82430128318435 -0.8741379384092003 0.050976082896711516 -0.48299513828425117 -915.7726443305016
-0.47474556484013053 -0.2875055896923097 0.8318396387287069 1672.388031186593 -0.09368848413112263 0.9562784178367574 0.27704522288039257 69.30192058514956 -0.8751223437930489 0.05359219602993798 -0.4809249004978338 -916.6914663267844
-0.47340878389576635 -0.2896583699708727 0.8318546459785816 1673.8911048468399 -0.09251181217581805 0.9555120528823615 0.2800683513081892 69.75842800789985 -0.8759712825990811 0.055630436834149255 -0.47914461967068395 -917.564293096673
-0.47203474142849017 -0.291851470151294 0.8318689333393029 1675.3099962547994 -0.09373937591820006 0.9548782147475995 0.2818164729090713 70.19050011381705 -0.8765820739023849 0.055048291262956905 -0.4780936658668721 -918.3783447294052
-0.47112515250954884 -0.2932576258230569 0.8318900501685789 1676.653679033811 -0.09532322292321474 0.9545187356406841 0.28250215305807225 70.60356437342784 -0.876900549574686 0.05379542924393582 -0.4776520469422022 -919.1524521589079
-0.4704305096819869 -0.29406652510965536 0.8319976047863845 1677.9889018024974 -0.09673424590713134 0.95434378083026 0.2826135765659335 71.01723163717372 -0.8771189322031111 0.05246738797141026 -0.47739873478082595 -919.9253273568556
-0.46966503961752565 -0.29490358411093043 0.8321337792924872 1679.3686280618756 -0.09775357285813671 0.9541351517930939 0.28296704950619955 71.44731150563712 -0.8774160869020685 0.05155568049499809 -0.4769518028628901 -920.7218590121079
-0.4684748114068933 -0.29680621252134004 0.832128249301762 1680.8105327237533 -0.09830217983169331 0.953542203190314 0.28476999170436634 71.89922248411494 -0.8779909068536041 0.05160754735215095 -0.47588720148653174 -921.5491613522988
-0.4672914545786155 -0.29907993076864875 0.831979501844381 1682.320576980172 -0.09840870125771958 0.9527910305423177 0.2872368006277788 72.37410128823308 -0.878609369398353 0.05234928012431178 -0.47466317413076853 -922.4136952724157
-0.46625126485569907 -0.3015372230365866 0.8316760554109076 1683.8866799734767 -0.09960524088746345 0.9520319070389391 0.289333793338346 72.86983966550224 -0.879027049645352 0.05206295326996169 -0.47392076857698395 -923.3062847509536
-0.465659368851064 -0.30400488081950483 0.83110912919974 1685.514192639835 -0.10148456493900035 0.9512930342534933 0.29110555827728457 73.39015242992309 -0.8791258358621774 0.051211282142769265 -0.4738303169921946 -924.2320048312445
-0.4653111248171155 -0.3070849389108635 0.8301713060661304 1687.2242605204249 -0.1035183970231 0.9503340510801451 0.2935117252093581 73.94152756275423 -0.8790730905898555 0.0506362681456386 -0.47398994688609686 -925.2018953745762
-0.46543490631460765 -0.3089046133742386 0.8294264812628227 1689.03092935599 -0.10398784356144636 0.9497130436255967 0.2953500688316355 74.52961238246746 -0.878952146806272 0.05121596043738508 -0.47415192609660906 -926.2395161024187
-0.46555028398546916 -0.30935787228850853 0.8291927640387239 1690.9502480131428 -0.10274233768180654 0.9494751152570586 0.2965485079296111 75.1611467420654 -0.8790375106494195 0.052865039115919776 -0.47381256052425014 -927.350038901217
-0.46525614882640165 -0.3101723103146148 0.8290535892771482 1692.9567469670608 -0.10037176477992979 0.9490428135384187 0.29873608236376537 75.82600007407916 -0.8794670117828123 0.05577522734316909 -0.4726805466704026 -928.5069738113077
-0.46487113627620485 -0.31095034754261863 0.8289781107003958 1694.9756760122048 -0.09819100519326454 0.9486289834990533 0.3007683130994603 76.49652411343357 -0.8799166739847633 0.058420313493537546 -0.47152276065415 -929.6681323085834
-0.46521566134556863 -0.31017679193162073 0.8290746324582705 1696.9763257981754 -0.09519907032724953 0.9486978667135528 0.3015120141917852 77.16558040729592 -0.88006336445033 0.061340976843931694 -0.4708776477092538 -930.826219636627
-0.46584028830483204 -0.3081361857547401 0.8294847297091094 1698.949681683911 -0.09205418161156192 0.9491992968938068 0.3009098244061403 77.83023605733274 -0.8800675277726694 0.06381838140245244 -0.4705404985283147 -931.9760096166215
-0.4661759040465504 -0.30754614675018116 0.8295151560432759 1700.936797713808 -0.0894851186453546 0.9492145468050047 0.30163580303870136 78.50072593102072 -0.8801547818579468 0.06638608101772075 -0.47002175292182047 -933.1257877510834
-0.46662616014850894 -0.3066090835351015 0.8296088816778822 1702.9154969091649 -0.08661467447285784 0.9493219705532463 0.30213522533936343 79.16673784860211 -0.8802033428878923 0.06912789681938963 -0.4695353118246905 -934.2724454843346
-0.4675883728770155 -0.30497253856399575 0.8296703346944859 1704.871239539407 -0.0834082860629719 0.9496326400106107 0.3020610978635301 79.82617441975503 -0.8800023700912767 0.07203887664529307 -0.46947441771136167 -935.4098472332581
-0.468878926539321 -0.3034010309588799 0.8295181533037274 1706.8274841389386 -0.08076828992377472 0.9499455935720014 0.3017943879463846 80.48692657603442 -0.8795618429593935 0.07450626595282189 -0.46991465261645626 -936.5473279053457
-0.47019393545126775 -0.30240452178572164 0.8291376051466979 1708.7993108395945 -0.07820346246287266 0.950045836717848 0.30215414376425137 81.15549664949503 -0.8790915091864265 0.0772296143887749 -0.4703548714935293 -937.6952162991619
-0.470897647199698 -0.3021122539167086 0.828844733285528 1710.8284050574018 -0.07618245947997226 0.949949398208225 0.302972562637971 81.84515505275294 -0.8788922793661196 0.07952563660356987 -0.470344591117434 -938.8711063738319
-0.4715366521165638 -0.3017349282458679 0.8286188621961046 1712.9212768519706 -0.0740960992328242 0.9498745200284286 0.30372382896185063 82.55815736814588 -0.8787280317533884 0.08181949203722183 -0.4702580322903471 -940.0808419403376
-0.47231265918394433 -0.3010988593695608 0.8284082501164168 1715.0358830135128 -0.07209005840538205 0.9498917805002167 0.304152311872263 83.27965663178759 -0.8784781018635022 0.08393498808293948 -0.4703521471427735 -941.3009677580696
-0.4739227050137613 -0.3012614748493438 0.8274290262276522 1717.1259680566754 -0.07110875607493516 0.9496799216666572 0.3050435890044121 83.99386746571793 -0.8776906143293983 0.08572963405273315 -0.47149720610335544 -942.5068311071761
-0.4767736690340089 -0.30084625261942805 0.8259409184685667 1719.1595238715179 -0.070474432697263 0.949666770502781 0.30523168141400836 84.69200830510056 -0.8761964522022729 0.08731871098264721 -0.4739780795147398 -943.6916386972509
-0.4801799081903125 -0.30242123267518595 0.8233885193501105 1721.1576724662107 -0.07250720007394096 0.9491596062819458 0.3063311080189938 85.37981264518532 -0.8741681541372818 0.08739244721329203 -0.47769508942660455 -944.8574339565952
-0.4840875525592645 -0.3047032456721821 0.820253115528385 1723.14195697555 -0.07428951014464458 0.9483383509782726 0.30844033579654395 86.06679893156513 -0.8718602583784009 0.08837592511908376 -0.4817150461836296 -946.0322596798353
-0.48797069026932577 -0.30620997352351875 0.817386112894516 1725.0881019115932 -0.07528653301656307 0.9477212226344212 0.31009099005722335 86.74717636000025 -0.8696071201320891 0.08977714788880808 -0.4855136664734862 -947.2025907975441
-0.4917887612396833 -0.30856972051912623 0.8142042384421055 1726.9737447245805 -0.07830402373767548 0.9469833715350547 0.31159424561855387 87.40797062936645 -0.8671864241239188 0.08948308004787492 -0.4898780299220598 -948.3412158503697
-0.49692033840913097 -0.310083965507132 0.8105048498378832 1728.7943193847188 -0.08111894515593501 0.9464890856891692 0.312374978844456 88.05150335984911 -0.8639964664349878 0.08947818173531291 -0.49548336095291784 -949.468369809299
-0.5030446601982567 -0.3114776950380702 0.8061809445402406 1730.621188243638 -0.08492617831861124 0.9460992012500606 0.31254414988957663 88.69894122784126 -0.8600776790977765 0.08875779902506348 -0.5023827614777507 -950.621831078343
-0.5099188958368603 -0.3126363468638049 0.8013995472223419 1732.5203356071872 -0.08854451184794429 0.9457462332204899 0.3126082720768422 89.3756636782739 -0.8556533112716436 0.08844533322292575 -0.5099361077046413 -951.8467288878797
-0.5175861899637076 -0.31331276823044585 0.7962032687841908 1734.5193286303574 -0.09081383261225814 0.9454048326387096 0.31298969668289633 90.09524415217345 -0.8507980863666345 0.08969287422729588 -0.5177816185881082 -953.1658864380155
-0.5255761475435783 -0.31483581087944024 0.7903468386228535 1736.598193379087 -0.0926436679076453 0.9446595639695659 0.31469899745225266 90.85083501991858 -0.8456872140040137 0.09217765666754768 -0.5256580786798688 -954.5704861683294
-0.5331481977320511 -0.31610300982756323 0.7847495692467908 1738.6743113177881 -0.09451553992496875 0.9440237944800711 0.31604728786709335 91.6109492876468 -0.8407257650195805 0.09432901268119576 -0.5331812312889808 -956.0021700485078
-0.5415600365309704 -0.3179431007154597 0.7782190639787845 1740.6216839820831 -0.09766082524324299 0.9432480708995588 0.3174042217064468 92.33011946215481 -0.8349701132647708 0.09589192589423462 -0.5418760453303986 -957.3778276448791
-0.5512297102826543 -0.3204329671641805 0.7703690804127996 1742.4367520925427 -0.10231707866148274 0.9423045466409673 0.3187371280443281 93.00193700000784 -0.8280561707492327 0.09687546094922911 -0.5522120273499969 -958.7026843295871
-0.5631969791979698 -0.32270160472721415 0.760705486327504 1744.1658265136978 -0.10879623771234978 0.9415356269526912 0.3188636728108829 93.64497547820724 -0.8191291359010009 0.09682116238348265 -0.5653787414050799 -960.0087488989568
-0.5776977594159949 -0.32264071664403865 0.7497788118699824 1745.8694667942445 -0.11328573653897023 0.9413664316291829 0.31779802280468517 94.29205923446875 -0.8083511864669732 0.09865196077709437 -0.5803758695640892 -961.3731266930204
-0.5929034238120195 -0.32251119271956874 0.7378699482988774 1747.5752659413909 -0.1184967763203251 0.9412645143049067 0.31619555359309565 94.95116538188495 -0.7965074036276603 0.10003821610242092 -0.5962954899086276 -962.782391631915
-0.606787043999957 -0.3252945737373057 0.7252536959787664 1749.3150276917133 -0.12488983089004466 0.940108511966951 0.31717269092333056 95.63395657766944 -0.7849917282201458 0.10187946811971121 -0.6110716493191242 -964.2722002555948
-0.6192836219384764 -0.32748689476217274 0.7136106286749054 1751.1127568977095 -0.1298092632739949 0.9390609333833726 0.31829878818716384 96.35103500029572 -0.7743625447857263 0.10448395643439251 -0.6240558885875458 -965.8699381102816
-0.630469180669896 -0.32796804864875495 0.7035236821109576 1752.9359619423744 -0.13330368780517668 0.9386350164275827 0.31811072404673274 97.09566249101431 -0.7646821163352592 0.10677670626838309 -0.6354998001223177 -967.5494474741176
-0.640464840643776 -0.3291630634487503 0.6938706403647428 1754.7804062047562 -0.1379259954285986 0.9381017506096447 0.3177129605290841 97.85981828975514 -0.7555006338079231 0.10778118186473534 -0.6462213313963479 -969.2919377850737
-0.6499338600674285 -0.32890956926026993 0.6851309895099459 1756.5843962929468 -0.14105194010760497 0.9380409287691808 0.31651787650263724 98.61696192508202 -0.7467866681521127 0.10907662995748313 -0.6560578946003056 -971.0533404840754
-0.6590372112794909 -0.3271949429944279 0.6772100290366545 1758.336344639541 -0.14313604394379809 0.938520311586255 0.31415234785715523 99.36469466309234 -0.7383644270095028 0.1101049227733123 -0.6653531986156018 -972.813816263378
-0.6672619446387303 -0.3275936608859046 0.6689124685519866 1760.0262016929757 -0.14586393553531068 0.9381665132314232 0.31395430521231854 100.09393537219307 -0.7304007184738328 0.11191955503204015 -0.6737869126469731 -974.5559711108133
-0.6741418834690616 -0.3288263698657027 0.6613667208393025 1761.7181867549398 -0.14834799058842468 0.9374643512312533 0.31488643009654643 100.82915181771307 -0.7235506856061733 0.1141657069855681 -0.6807647146462006 -976.3184293157472
-0.6796273920795073 -0.3316175372734391 0.6543213407095234 1763.4843965050159 -0.15038469360472884 0.936024306542235 0.3181869599646485 101.605634103017 -0.717977055249414 0.11784865945284312 -0.6860179601151479 -978.1820361301577
-0.6843843446794456 -0.3337226144094544 0.6482648265866395 1765.2986015676136 -0.15242055247595335 0.9349429968728861 0.3203897123524356 102.41121294801849 -0.7130119521723403 0.12046082031129346 -0.6907265354894943 -980.1130273348194
-0.6910663296190314 -0.3326696383069454 0.6416839095813514 1767.0406550226012 -0.15312499250024514 0.9350180216917704 0.31983438805640074 103.19986982919363 -0.70638520988104 0.12276893279791279 -0.6970995082489885 -982.0309301639509
-0.6991673147066952 -0.32972253176831806 0.6343879870316911 1768.6666451181318 -0.15462328602239497 0.9360425652919134 0.3160948518742046 103.94844115560704 -0.6980377536104093 0.12291203360952513 -0.7054331481639529 -983.8842599862662
-0.7068433927172916 -0.32756302214949695 0.6269568443618734 1770.2575295666254 -0.15596169930232207 0.9366772772859433 0.3135468490782976 104.68683982281664 -0.6899625834222041 0.12384726374242067 -0.7131714301210296 -985.7361851997413
-0.7132219704241208 -0.3258686400221558 0.620583636872941 1771.910313374045 -0.15670913104478593 0.9370822551291461 0.31196008617973364 105.45443604107652 -0.683195922961725 0.12524566488381605 -0.719414243865305 -987.6894247410255
-0.7183878145462275 -0.32516134005593766 0.6149707723498113 1773.6544157375276 -0.15790375366611917 0.9371781381474638 0.31106838790948754 106.2701197350699 -0.6774845773075915 0.12636154601572674 -0.7246015506461954 -989.768865267937
-0.7233377820731681 -0.32521255988007247 0.6091134901820201 1775.5092178080797 -0.15892237537392537 0.9368690090922618 0.3114805586356828 107.14233464801964 -0.6719569417983421 0.12850389371041704 -0.7293563036474577 -991.992626784517
-0.7291854263291143 -0.32508956220157487 0.6021672446893952 1777.3974047545778 -0.16067137338794626 0.9366891699394629 0.31112394425976886 108.03085641629411 -0.6651866834226768 0.13011600772277415 -0.7352526781531827 -994.2945423350166
-0.7361907088238664 -0.3232788192009592 0.5945704712626153 1779.2878926097492 -0.16238006341173822 0.9372484407295923 0.3085418534921192 108.92577325140667 -0.6570052931657512 0.13059925499782188 -0.7424876290863036 -996.6457197015766
-0.7439559633617832 -0.3199957342378357 0.5866278672617175 1781.1699765529866 -0.16355386920484294 0.9383806190885312 0.30445351958411465 109.82493273028865 -0.6479040487962456 0.1305547539870463 -0.7504503979376754 -999.0508908053496
-0.7513328874768945 -0.3186715026074538 0.5778817920834168 1783.1019053332323 -0.165534616977613 0.9386910940047657 0.3024191141747099 110.75149936278785 -0.6388248451474854 0.1315579851702242 -0.7580206552332489 -1001.5690947100803
-0.758599697530114 -0.3184715569758492 0.5684209411207506 1785.059386588627 -0.16781742812668624 0.9384729612830053 0.301837392908262 111.69546551637563 -0.6295743083418872 0.1335828145312506 -0.7653703821926645 -1004.1778301493446
-0.7660433678004471 -0.3185180330036633 0.5583223274242469 1787.0013226056806 -0.17087523849452974 0.9382495306043189 0.3008146791468424 112.64347975315252 -0.6196605615321894 0.13503362904201877 -0.7731666751156283 -1006.8373235373349
-0.7737451376977609 -0.3174153741806701 0.5482389461930082 1788.8845993243472 -0.17307690273145565 0.9384113002935457 0.2990461790798674 113.5732285093136 -0.6093954771984785 0.13649802824629803 -0.7810284506052985 -1009.499111392438
-0.7810593675445752 -0.31525356615847533 0.5390375250344206 1790.7544230325796 -0.17493567874346447 0.9391097095987221 0.2957540559991908 114.50600853522258 -0.5994528944574654 0.13670458061737706 -0.7886495324063759 -1012.210893565838
-0.7877235734175164 -0.31384748791179595 0.5300861498037801 1792.6479161864913 -0.17626279349304264 0.9393422708423055 0.2942235983718079 115.46227339731911 -0.5902736649320969 0.1383323987368147 -0.7952616852001302 -1015.0258061737865
-0.7941788668226877 -0.3132819378714937 0.5207056317111572 1794.5116421270084 -0.17780898736510994 0.9391663680161882 0.2938545510954033 116.41028519564247 -0.5810885401592669 0.14078693330976605 -0.8015704260417829 -1017.8706239947373
-0.8003940664310015 -0.3124153971474891 0.5116306852087978 1796.297983537996 -0.1798641920838554 0.9392972035850562 0.2921808271316251 117.32771600135777 -0.5718550610321371 0.141835760520665 -0.8080002513671991 -1020.6672748003014
-0.8068924139691337 -0.31103193913237603 0.5021790170035181 1797.9511326443162 -0.18159698424785967 0.9395896327049258 0.2901617780230714 118.18408523699873 -0.5620917786190688 0.1429351424702185 -0.8146302090248505 -1023.3210483737622
-0.8134914615724684 -0.3100202716767333 0.49205596541265006 1799.4675594137357 -0.1832579227772797 0.9396147715376129 0.2890339337304202 118.9785384313592 -0.5519494321838253 0.14495348308270833 -0.8211822648195377 -1025.8468375519776
-0.8200146369616226 -0.3083446980772602 0.4821820634743097 1800.874598455948 -0.18500155969281828 0.9400437447270723 0.28651733090815346 119.72334796570874 -0.5416183324813926 0.1457439712892138 -0.8278938801277165 -1028.2606691283079
-0.8259557780388035 -0.30637491900326264 0.4732139703454037 1802.2463710454747 -0.18620082772990473 0.9405809222723096 0.2839661606777725 120.46278674920279 -0.5320961421369399 0.14643065820763262 -0.8339255109779686 -1030.6818406604193
-0.8308427523487859 -0.3048538111466511 0.4655797189513924 1803.6848086059315 -0.1872787305459498 0.9409787783804473 0.2819319345564517 121.25022176234052 -0.5240486599110744 0.14704792574874326 -0.8388980328850464 -1033.266808716192
-0.8351545305902367 -0.3028602114216677 0.4591215551160993 1805.168018739984 -0.18731936452631745 0.9414592914457163 0.2802960189228364 122.07336760590351 -0.517134765518679 0.14808813216513117 -0.8429955749609749 -1035.9921148824833
-0.8393391132657528 -0.3018634752844566 0.4520932373210763 1806.6326784276528 -0.18863454183290213 0.9417091907549515 0.27856921882209096 122.89369095787504 -0.5098302291643282 0.14853364042145256 -0.84735523547884 -1038.7208251330878
-0.8440552590875908 -0.301320625887809 0.44359508565938843 1808.011622483804 -0.18971056329709815 0.9414968286099412 0.27855632085975907 123.6699620474169 -0.501578131281736 0.15096225399750302 -0.8518390552727176 -1041.359904582671
-0.8485113361846129 -0.3004537776813076 0.4356099629751769 1809.3448784497411 -0.19112561544869555 0.9416181112707412 0.2771756332116586 124.425051210515 -0.49345669666705344 0.15193044462502653 -0.856398054943192 -1043.9684070466
-0.852799261659116 -0.29908984436668856 0.4281105982224422 1810.6528712513093 -0.1924286689543021 0.9420435732183847 0.2748183282141462 125.17627181103637 -0.48549420869681065 0.151984114810242 -0.8609275243405833 -1046.5868566496713
-0.8572020512022929 -0.2966037903380812 0.4209879273466949 1811.9357274431497 -0.19302487454458706 0.9429384153590759 0.2713089431757938 125.9210144215914 -0.47743694999615255 0.15130544073893526 -0.8655406532226946 -1049.2178758108212
-0.8620607644198763 -0.2928318036623717 0.4136432922357882 1813.1826627371697 -0.19295998657467392 0.9443514372817434 0.26639595808685224 126.65490972328564 -0.46863384643975586 0.1498328991501956 -0.8705931428074354 -1051.8425098605192
-0.8669455149568772 -0.2907323123390067 0.4048211909697539 1814.3994606980475 -0.19400489755994266 0.9450268996048132 0.2632228309742052 127.37203815681642 -0.45909429730602336 0.1496625590631584 -0.8756903245986882 -1054.4707513714302
-0.8718028374659722 -0.2902981131702363 0.3945716894001404 1815.5446034209713 -0.19695932758003645 0.9452366972046182 0.2602587357552659 128.04595818277778 -0.4485162604248588 0.14917972968037696 -0.8812369558677113 -1057.0063425121584
-0.8768729183661215 -0.2903272036309035 0.3831501009629805 1816.6269302002097 -0.19978057763016316 0.9450268390595697 0.258866750006333 128.68960606143298 -0.43724318844075816 0.15044729405656704 -0.8866701787436055 -1059.476070622138
-0.8816248067794429 -0.29101914003540547 0.371544829333102 1817.6374725666474 -0.20264901840245997 0.9444146203970636 0.258871396876508 129.29661433005276 -0.42622890025387783 0.15293425029511337 -0.8915941002917427 -1061.8647081067186
-0.8862699007683179 -0.28997700899807394 0.3611633941094356 1818.605614917289 -0.20383471779057005 0.9443849103912327 0.2580475709023176 129.8930490931955 -0.4159051223721044 0.1550821565425215 -0.8960873026144085 -1064.2581125929732
-0.8907594861669467 -0.2872571464132081 0.3521801664462931 1819.5109608353685 -0.20431927890226467 0.9453061136244552 0.25426361087086796 130.46105308339418 -0.40595710373444216 0.15453052571830084 -0.9007325610572594 -1066.5652294937734
-0.8950858757214157 -0.28617480649322435 0.3419433508822668 1820.3716032142252 -0.206339903752014 0.9456585799502063 0.2513039878039614 131.01091422754962 -0.3952785336995132 0.1543820918861048 -0.9054949201962614 -1068.830792352097
-0.8996279012295246 -0.2851050771184044 0.3307336304802865 1821.1830951908703 -0.20811699678637158 0.9458174210138639 0.2492322646755618 131.5348175166381 -0.38387101346413693 0.15538500927694632 -0.9102189538314507 -1071.0456180374051
-0.9044614780983165 -0.2831630473396012 0.31901116478512237 1821.9438286247175 -0.20894730494479624 0.946117512195686 0.24739174778669848 132.04098358650504 -0.371874250779099 0.15709978274333164 -0.9148929991367747 -1073.2328976652016
-0.9089451301345994 -0.2821061586156436 0.30697697906475413 1822.669714518454 -0.21091805637462357 0.9462784000621609 0.24509337622823096 132.53312816307516 -0.3596280354751954 0.15802944297480642 -0.9196164261545814 -1075.3957494797346
-0.9133826439406081 -0.28116212311702365 0.29441468419967276 1823.3432642821415 -0.21336397725321252 0.9465289713194709 0.24198908996812224 133.00044241543594 -0.3467101944834563 0.15821114681727472 -0.9245330032313652 -1077.515028177551
-0.918227624193161 -0.27892685219126195 0.2811722626705163 1823.9579109371148 -0.21490662429677854 0.9472306199950031 0.2378430057354015 133.43696851394043 -0.33267577760027445 0.15796823627097056 -0.9297165499911745 -1079.5610305963357
-0.9229928046637118 -0.2768154819684475 0.26731530349307 1824.519404797147 -0.21619810085620975 0.9476796165188709 0.23486533507697321 133.84902281190568 -0.31834362523095094 0.15898595339597504 -0.9345484486625555 -1081.563918653015
-0.927004564773599 -0.2761561895421033 0.2537721337469831 1825.0385405567881 -0.21892765249394933 0.947829278661859 0.2317117638032945 134.2335461815827 -0.30452129623788105 0.1592401252477887 -0.939100294243735 -1083.4829036457504
-0.930696462000352 -0.27602794033554984 0.24002639807767406 1825.5087786684082 -0.22196989996705746 0.9477324314579265 0.22919991682255536 134.59377674600978 -0.29074638282985116 0.16003691610677306 -0.9433211151852752 -1085.3404276724596
-0.9344151755188532 -0.27524838536583707 0.22606770249987285 1825.935864486813 -0.2243112325951309 0.9477609640585316 0.22678982767862632 134.9345715569193 -0.27668167754971484 0.1612063316385185 -0.9473435321718979 -1087.1403840143912
-0.9378795399123839 -0.2752829359932841 0.21119013652311738 1826.3254724320477 -0.22751545039438434 0.9475012064935341 0.22467350427930521 135.26548822028747 -0.2619516910530944 0.1626676637940695 -0.9512731167809819 -1088.9260870306782
-0.9413502968820097 -0.27460992206478824 0.19608418922423054 1826.6893113332442 -0.23002021495035258 0.9474006166339594 0.22253712570218975 135.59320003771734 -0.24688118452880609 0.16438206199330252 -0.9550016850354158 -1090.7218057739067
-0.9445289671571923 -0.27411798559723466 0.18089875669302652 1827.0347648426841 -0.23283675966138964 0.9473482574917582 0.21981429065854402 135.92602442448276 -0.23162917249636908 0.16550108458692714 -0.9586226147182206 -1092.5743219100123
-0.9477632869274607 -0.27227805643586706 0.16616080144234846 1827.3539936594082 -0.234357413776152 0.9477777688063379 0.21631898567772245 136.26185028313898 -0.21638242664461022 0.1660781771937312 -0.9620793545749735 -1094.4759208104178
-0.950676217047741 -0.27078772640117665 0.1512902428125443 1827.6467861459278 -0.23628089668987795 0.9481900810292336 0.21238386967283562 136.5946526321328 -0.20096285278434972 0.16616129955035464 -0.9654037260817431 -1096.3970357715802
-0.9533482557754 -0.2696585470459313 0.13568850804353466 1827.9074185419413 -0.23842627317488527 0.9483107484428347 0.20942692436200994 136.90987499758774 -0.18514863075361365 0.1673050877674485 -0.9683640803629534 -1098.2730220038666
-0.955685345774036 -0.2692305893745992 0.11908152509003135 1828.1226664691403 -0.24122203828812233 0.9480319856053064 0.2074783904732947 137.19976463383125 -0.1687526240296289 0.16955896913543583 -0.9709646275065035 -1100.0823961308438
-0.9572890178025393 -0.27042793102598284 0.1023057697085368 1828.3045909460998 -0.24583216823938978 0.9475282144014474 0.2043448750811495 137.46089335557474 -0.1521981650788538 0.17046705556856717 -0.9735382383411618 -1101.7724001092108
-0.9591490665415802 -0.26971340825286716 0.08536829365190549 1828.4376747788926 -0.24869195747961914 0.9477037864638133 0.2000246070040182 137.69737490226328 -0.1348531736273597 0.17062300703826339 -0.9760647576015893 -1103.3733015355513
-0.9608551187046516 -0.2684539431628258 0.06848299978388946 1828.5374031070357 -0.25103594120057776 0.948188297808139 0.19473034721185445 137.9314004045964 -0.11721090855636986 0.16991595657865705 -0.9784631677356843 -1104.997977631423
-0.9619046465584741 -0.26829981745914094 0.05248484429441136 1828.6233983380562 -0.2541824161511103 0.9483851906116185 0.18962286135419643 138.17951870941806 -0.10065162814778744 0.1690583868962468 -0.9804532174312235 -1106.720005350696
-0.9626100326265454 -0.268332891686476 0.03714006362265883 1828.6948918025935 -0.2572059069436503 0.9483755174005173 0.18555053066105875 138.44441823796194 -0.08501203750066934 0.16906015862550394 -0.9819325925161582 -1108.5738703904365
-0.9628532812927473 -0.2692051223354814 0.021027620220275087 1828.7363841935628 -0.2610132788696686 0.9478430469951706 0.18293612687662497 138.70107090221939 -0.0691782260360439 0.1706521619296248 -0.982899899619107 -1110.4408964428662
-0.9631335482852341 -0.268997354805378 0.0037671308982088966 1828.7346800193795 -0.2639462278620385 0.9475706299521462 0.18011743405206143 138.9339985996279 -0.0520207359126649 0.17248282337614906 -0.9836379001824281 -1112.2359881498298
-0.9633519389165028 -0.2679039611670532 -0.013435377806988516 1828.695499747516 -0.2660279369231251 0.9477860159922631 0.17587155729663861 139.14769040982424 -0.03438282365135159 0.17300039156175784 -0.9843214342668954 -1113.9387111106726
-0.9628893343948224 -0.26822827442309427 -0.029962017767587112 1828.6301498677146 -0.26931529970928997 0.9475953510214403 0.17184970196382077 139.35459341701755 -0.017703080274091648 0.173541474934865 -0.9846674349374209 -1115.615146980783
-0.9621952309552086 -0.2683576346135583 -0.04652437502717059 1828.5379670232442 -0.2723584731671274 0.9473586986804445 0.16832218549131184 139.5613458239361 -0.0010952721687720879 0.1746301118911534 -0.9846334975003436 -1117.3273222758637
-0.9611952327836982 -0.2685194120895482 -0.06325385209594239 1828.4160609679807 -0.2754261732826295 0.9470723707839789 0.16490708768426643 139.75669202032554 0.015625221431344122 0.1759296729625311 -0.9842787220226381 -1119.0368074399537
-0.9599093527293074 -0.2686559346734533 -0.07998764471801328 1828.266532605322 -0.2784122354726385 0.9469216818478122 0.1607045599404212 139.94835743514102 0.03256780130634611 0.17653134908919121 -0.983756078053305 -1120.760561243527
-0.9584257932499597 -0.26843285022586744 -0.0967667492106791 1828.0837544728497 -0.28096375021123937 0.9469750907147424 0.15587670971972523 140.13543426252306 0.04979327163805701 0.1765842079163042 -0.9830252527855783 -1122.477945717129
-0.9563408569235954 -0.26880681780843496 -0.11469551027981033 1827.8692644822781 -0.2842607632733836 0.9467147652233704 0.15141655051974212 140.31989778584023 0.06788213197798273 0.1774092669726341 -0.9817932410392506 -1124.2119113263504
-0.9537111326390508 -0.2692948996640372 -0.1338481695626601 1827.617447959107 -0.28798520443245545 0.946031046953471 0.14862631068596888 140.50021140980266 0.08660021656055433 0.18029285957869146 -0.9797932880340643 -1125.9754093105403
-0.9504976224756345 -0.2712518357175175 -0.15158070882550667 1827.3357072516687 -0.29288899100258214 0.9450119413630624 0.1454938817638417 140.6792143324276 0.10378009740627099 0.18268790956464137 -0.9776782799475734 -1127.7856954288452
-0.9479506973176922 -0.27158004984313966 -0.16623402775033436 1827.0132320466212 -0.29531365444216195 0.9450834679097685 0.14002529837021122 140.86415938370715 0.11907695392021156 0.18182825745975056 -0.9760938294212469 -1129.6683768574019
-0.9452692834494631 -0.2722901173090059 -0.17978897013662065 1826.6475565054338 -0.2980433091324372 0.9447976981792734 0.13611574264771475 141.05510413359264 0.13280123360995186 0.18225093012382815 -0.9742424907694563 -1131.6360474083976
-0.9426473442007526 -0.2726087161811177 -0.19261482895496676 1826.2481908670688 -0.30034466619728756 0.9444952965342407 0.13312293683487608 141.24723941332172 0.14563332708589705 0.18333881936672758 -0.97220255675199 -1133.6541143618026
-0.9400548280996716 -0.27269096128488896 -0.2047841785881428 1825.8169858459235 -0.3023354999766864 0.9442214381782787 0.1305339846108895 141.4390226972398 0.15776617387876243 0.18462262948531605 -0.9700640798738935 -1135.6993526060596
-0.9373063123730666 -0.27320954921058593 -0.21636408899295617 1825.3541515301783 -0.3046766018429414 0.9437996879887186 0.1281183719918454 141.62725127945737 0.16920119702602826 0.18600723419413495 -0.9678699622120769 -1137.7690296955027
-0.9351198310357375 -0.2725986567487025 -0.22636447146691696 1824.8553796438675 -0.30536344437127366 0.9440487427323259 0.12459991246880009 141.81582545463152 0.17973332591760866 0.18563928378531264 -0.9660403655491165 -1139.8832055842745
-0.9329894696979844 -0.2723182198285392 -0.2353156105788332 1824.323732638033 -0.30622414982349094 0.9441757353375132 0.12148642255310754 142.0114433428106 0.18909632333166487 0.18540487574302794 -0.9642964339626889 -1142.069074522673
-0.9310099396952994 -0.2720240910839655 -0.24335855452089056 1823.764901668901 -0.3068483974242125 0.944379988226294 0.1182814391014223 142.2086856174692 0.19764754788953773 0.18479537793909645 -0.9626973122978995 -1144.2941079922705
-0.9286672577862506 -0.2724344527795226 -0.2517073563773771 1823.190483407402 -0.3084448759841829 0.9441273453035182 0.11612628612523263 142.40213422813179 0.2060069969560925 0.1854805240149478 -0.9608111637654264 -1146.5042723983677
-0.9262667041081325 -0.2722360141643409 -0.2606099488748845 1822.6067198175422 -0.30937605342825336 0.9441652156834182 0.11330711830528972 142.58349000976 0.2152125703248193 0.18557908849168153 -0.9587721061278229 -1148.6444439981126
-0.9234950809060775 -0.27223867205147967 -0.27026457589170755 1822.0008793926088 -0.31066520032080286 0.9440648290256481 0.11058359691389807 142.75934053217043 0.2250421490563774 0.18608520638789944 -0.9564143072495623 -1150.7702933641033
-0.9200341016092521 -0.274231818819597 -0.2798824064191099 1821.3577149782448 -0.31391402777485217 0.9433328434219315 0.1076156572607781 142.9400933469418 0.2345106288470209 0.18686908804934999 -0.9539835999058786 -1152.9880201396709
-0.9169144680518165 -0.274940538867301 -0.2892672784201702 1820.6674223092216 -0.31592822477230775 0.942933783828009 0.10519142601951154 143.12391650913366 0.24383850202433577 0.18783923818829357 -0.9514511051690306 -1155.2959256921556
-0.9140878423815267 -0.27459042147155327 -0.2984016032905316 1819.9401198005974 -0.3170966835135729 0.942685501269123 0.10389292084488527 143.30210853152835 0.2527708640547358 0.18958941461237627 -0.9487690678726615 -1157.6422013366018
-0.9113438108638386 -0.2746569011475849 -0.3066203598135346 1819.199115877858 -0.3185094782952066 0.9423549859415248 0.1025611656879446 143.47486346516303 0.2607760929155326 0.19112997442358642 -0.9462902103691808 -1159.9815559019978
-0.9094633903568698 -0.2739066578643967 -0.3128122190358682 1818.4450883000086 -0.3184288933206237 0.9426131986710045 0.10041612216087031 143.64141302393796 0.26735628195198635 0.1909332356316747 -0.9444919893953732 -1162.2986009292945
-0.9073699249343904 -0.27398125929728634 -0.3187696486154725 1817.6852153483535 -0.3193591885954193 0.9424462350800997 0.09901920340533588 143.80443046618757 0.27329384915184907 0.1916490634916469 -0.9426458022388584 -1164.6055456342053
-0.9053231254552154 -0.2738374589675991 -0.32465841215371016 1816.9286746031644 -0.320120319124807 0.9423084725753073 0.09786584591280628 143.95911214904731 0.27912903790080845 0.1925299680022991 -0.9407545862878388 -1166.8626221537431
-0.9025163872834605 -0.2756249231822605 -0.3309003965026083 1816.1843551681607 -0.3227224158327439 0.9416247096046477 0.09588090832405827 144.10621950026552 0.28515682177336604 0.19332306634942037 -0.9387820721623152 -1169.0572688472485
-0.9000171636944968 -0.27658710285036564 -0.33685112378045323 1815.4285192998352 -0.3245630854545195 0.9411396223876436 0.09441935570788529 144.24877675277537 0.2909087633873456 0.1943084807950789 -0.9368117770798753 -1171.2319119108622
-0.8975889601308457 -0.27749618793320463 -0.34253455932761934 1814.6690763804781 -0.32635096046213347 0.9406490470071336 0.09313657160332295 144.38418195807583 0.296359763221442 0.1953848408836209 -0.9348773474077832 -1173.3783034930052
-0.8952859292428422 -0.27805764299862007 -0.34806185092571135 1813.9012027665813 -0.3277140852075791 0.9403106163297492 0.09175741481827565 144.51291065293776 0.301772403072811 0.19621389346227708 -0.932970270027955 -1175.5017072200717
-0.8933865908029353 -0.2783289306935348 -0.3526944934536147 1813.1416788941303 -0.3282640951583528 0.94034282271794 0.08943187123576929 144.63450493266157 0.30676225844027105 0.19567417331333548 -0.9314550631644918 -1177.5640833924172
-0.8913849695465995 -0.27944918565828814 -0.35684869160657917 1812.3910601353546 -0.32987464584097037 0.9399186356421466 0.08795269412534634 144.75284870230973 0.3108304265957589 0.19611504533699725 -0.9300125455577288 -1179.5899856967594
-0.8899631865283559 -0.27974578913327175 -0.36014971898711473 1811.6418524592195 -0.3305262371434393 0.9397993696847127 0.08677298715626874 144.86658990961826 0.31419410112873364 0.19626369557925527 -0.9288501647808871 -1181.578679745099
-0.8883473644870868 -0.2807698825549727 -0.36332799652505937 1810.9024819381252 -0.33209306300158803 0.9393082820327834 0.08610545169064904 144.9779353090396 0.3171011786718385 0.1971502583175957 -0.9276737670809908 -1183.535389477991
-0.8868591292706319 -0.28180090703504695 -0.36615452151183553 1810.176012276751 -0.3334270351830425 0.938939887966898 0.08496057317227618 145.08374678093855 0.3198551188247295 0.1974338764724557 -0.926667452424373 -1185.4272386605567
-0.8856935430108958 -0.2822622227769929 -0.3686122426911476 1809.4647630046138 -0.3342848130871747 0.9386834223890873 0.08442213140634053 145.18900517052668 0.3221810230415166 0.19799361132346793 -0.9257418205239588 -1187.2688533283026
-0.8845160177113333 -0.2828963418758268 -0.37094618769487236 1808.7610105518602 -0.3356515351545524 0.9381535260457704 0.08488821188060641 145.29381382238432 0.3239899093497754 0.19959364048278277 -0.9247664123000762 -1189.0835469967344
-0.8833385174854133 -0.28326581306828647 -0.37346156786667434 1808.055570439576 -0.3368296930327261 0.9376776229344279 0.08547767743409274 145.3982175883806 0.3259736514170291 0.2012986701267806 -0.9236990981845977 -1190.8891057950134
-0.8817524030428749 -0.28440433969477946 -0.37633345757571357 1807.3607652452715 -0.3389051493313069 0.9368784033579084 0.08603578951963575 145.50069373393842 0.32810973695524304 0.20340361079469427 -0.9224808787345359 -1192.6588606119174
-0.8800329756376772 -0.2855627542440041 -0.3794678842522425 1806.6825366558458 -0.3409018288951208 0.9361468477615729 0.0861105248041048 145.59980649873341 0.33064770503703184 0.20514139712563 -0.921188961255555 -1194.3718047219736
-0.878357788583666 -0.28668468789862267 -0.38249115670676714 1806.0088686283746 -0.34257154028899367 0.935598976651374 0.08543590973901982 145.69379212311435 0.3333651676741843 0.2060738814439554 -0.9200006632433401 -1196.0423849618242
-0.8766284880857086 -0.28794187196317333 -0.38550223377680637 1805.3248673838082 -0.3442552248168894 0.9350747660513661 0.08440096018566356 145.78883198964832 0.3361708405897754 0.20669944427678805 -0.9188386722775825 -1197.723510839437
-0.8747829696416356 -0.28865329501931847 -0.3891452573261697 1804.6143371353924 -0.34608464266438793 0.9343524652988877 0.0849169635688885 145.88539497440377 0.33908726920487997 0.20896111089001185 -0.9172540967468008 -1199.4505516971285
-0.8728231818433638 -0.2894641551788696 -0.3929251787597847 1803.9001561226523 -0.3479672518582494 0.9336309231779563 0.08515920925009413 145.9779566537078 0.34219655882408045 0.21105402661988576 -0.9156187596245995 -1201.1733374842177
-0.8711448280499361 -0.28964234809314826 -0.39650220523085916 1803.189462149946 -0.34884192183146323 0.9333532333007477 0.08462301968127695 146.06511938580354 0.3455662051398795 0.21203549721245873 -0.9141252352862206 -1202.8626588841726
-0.8689268046880411 -0.2921020966113409 -0.3995529667639693 1802.488201824287 -0.35133030237079815 0.9326332936423736 0.08223234294259296 146.147876223754 0.3486161595948665 0.21182895162145338 -0.9130143857159548 -1204.5237882086944
-0.8672604334170906 -0.2937804114749313 -0.40193582878715806 1801.7771297048032 -0.35279861782062183 0.9322890623466195 0.07981378009295381 146.2303704938015 0.35127265178641154 0.21102173836476718 -0.9121827393918687 -1206.1962181510435
-0.8660902705742584 -0.2948604575344565 -0.40366440739700926 1801.05530457905 -0.35354944065590677 0.9321882372028996 0.0776394450807873 146.31012327452402 0.3533984100537271 0.2099580934451653 -0.9116069124180491 -1207.8817551381076
-0.8649338645199914 -0.29545955686260317 -0.4057007028155943 1800.3426047346254 -0.35432742450366883 0.9319721192556369 0.07668145261248127 146.38440006921076 0.3554454757780845 0.21007527029309814 -0.9107836705607829 -1209.5367312170265
-0.8638877523784073 -0.2958323547176775 -0.40765324626792493 1799.6258326697628 -0.35503601241747484 0.9317400597435135 0.07622264070379026 146.45448792535046 0.35727773675011004 0.21057938876194743 -0.9099499655757801 -1211.1878159326066
-0.8629322330003172 -0.29520981152484166 -0.41012087051082124 1798.9028318056246 -0.35542643192586565 0.9314985625863302 0.07734648917730724 146.52536264198784 0.3591935588753416 0.21251257628449988 -0.9087455046289863 -1212.852940299237
-0.8609336948560635 -0.2966523858230645 -0.41326811520727086 1798.1694656771404 -0.3577951257136235 0.9305889661906239 0.0773745695939223 146.59523258472825 0.3616293974182103 0.21447969132241096 -0.907316174733585 -1214.539786627143
-0.8582339302714151 -0.29775177047162377 -0.41806507162389583 1797.4264475327586 -0.35968565675062 0.9299690234830137 0.07605158571608867 146.65907403879692 0.36614307211628894 0.21564206116402834 -0.9052280111652397 -1216.2018751008618
-0.8550208058786689 -0.29842875078378894 -0.42412227272358477 1796.6744844183377 -0.36115395774458103 0.9295653803058808 0.07400015231210855 146.71600793340951 0.37216560872817916 0.21644510722679272 -0.9025764650363788 -1217.8347497479913
-0.8510651778282521 -0.2997114230166582 -0.43111613980631164 1795.9053904571158 -0.36307860884291965 0.929059278418259 0.07087158094497914 146.77112886004943 0.3792914273864554 0.21684538293051353 -0.8995088065232401 -1219.4735211480745
-0.8472602121287238 -0.29926197687961903 -0.43885350874487944 1795.1092291208859 -0.36321092407204014 0.9292551692974673 0.06754742755040022 146.81689484094431 0.38759251486364327 0.2166266362385867 -0.896016151022754 -1221.096450721953
-0.8421005097808828 -0.30020938544756887 -0.44804135558670266 1794.3131124049257 -0.3655552667454088 0.9285235115849493 0.06491098049370414 146.85698332389188 0.39653004726183033 0.21844544701859703 -0.8916532444259794 -1222.6985297944318
-0.8369150701027033 -0.30045033990910497 -0.45749618433762956 1793.4969951514001 -0.36707380477086776 0.928124824492234 0.06197686675127234 146.89011001595532 0.40599259511230645 0.21980423883485511 -0.8870491019691098 -1224.3032650711477
-0.8309856344862533 -0.3015648087657711 -0.4674628770197081 1792.640006339611 -0.3691029581443941 0.9275933845644866 0.05773663656002492 146.91734271339965 0.41620413448995897 0.22052024629559802 -0.8821252402052626 -1225.9513354794885
-0.8244069060205566 -0.3029965623024575 -0.4780652011373614 1791.7314290855497 -0.37130548409587893 0.927010203749883 0.05276665257462915 146.93474285044806 0.42718320517775177 0.22100942372781357 -0.876737899168025 -1227.64685573699
-0.8173482208050705 -0.3059341828296644 -0.48820708897263154 1790.7920020205772 -0.37420567219054157 0.9261998018687786 0.046087329263762855 146.94614954639553 0.4380776196602718 0.2203592584725852 -0.8715100666992904 -1229.370353716834
-0.8108920924424907 -0.30745037649568896 -0.4979239705084481 1789.8255114802332 -0.37568412168192455 0.9258788815716836 0.04012153256862877 146.94693940187017 0.4486819086282831 0.21959636302141783 -0.8662920882805325 -1231.0758052048539
-0.8052624441822602 -0.30825986940233085 -0.5064861783954916 1788.8447860892486 -0.37602189958242616 0.9259770188509399 0.03426501998185055 146.94000384908793 0.4584320309751873 0.21804222865305545 -0.8615669791142025 -1232.756286751589
-0.7998891967199935 -0.30916193781069246 -0.5143891223381194 1787.861975834252 -0.37729067099339497 0.925596173005912 0.030388716625917855 146.92733392764524 0.46672156855238245 0.21838182324990962 -0.8570182942750102 -1234.4100801519635
-0.7945526631862923 -0.309762873853228 -0.5222384775232094 1786.8533903141654 -0.37927700860336433 0.9248447875825135 0.0284792841613955 146.9097658367374 0.47416770890524934 0.22070133860865426 -0.8523238251790771 -1236.0985739780253
-0.7891276487798299 -0.309646741878707 -0.530468141527009 1785.7818790158326 -0.3797714353287357 0.9247381728412931 0.025158867194391643 146.87862685809125 0.4827537786900983 0.22131020521895356 -0.8473314476793454 -1237.8371863200523
-0.7820817689207836 -0.311314650516663 -0.5398437691549528 1784.6427660590723 -0.3812469525536032 0.9242714396773568 0.01931494150504892 146.83979835584205 0.49294915345330265 0.22091965546424686 -0.8415436043005912 -1239.6512545900823
-0.7739219910059776 -0.31317569067972867 -0.5504232358872746 1783.4326685090716 -0.3833883257330185 0.9234867480682087 0.013624163608976142 146.78896142662325 0.504041807322543 0.22156988267742267 -0.8347746064425635 -1241.5246627903068
-0.7661302021213298 -0.3145271996621636 -0.5604615544979047 1782.176557956176 -0.3844306674465473 0.9231237911342882 0.007451722516840759 146.7258011842705 0.5150316255572386 0.22116759915173834 -0.8281469179809362 -1243.4166762260106
-0.7595754880220329 -0.31437670280059 -0.5693964934317036 1780.909233864754 -0.3835132496393405 0.9235338037814855 0.0017031218337242582 146.6497116505799 0.5253214876122646 0.2196647491272503 -0.8220612706141184 -1245.262935478483
-0.7526054712732672 -0.3159898893899359 -0.5776983593648846 1779.666459454824 -0.3848887950937427 0.9229566193264247 -0.0034196860720004663 146.56524952355653 0.5342711109734732 0.21977595101575803 -0.8162431692420395 -1247.0532179734985
-0.746198510021976 -0.3156725681286578 -0.5861216711332562 1778.40488301557 -0.3842456282246387 0.9231960151848251 -0.00802587921165876 146.4686867682675 0.5436387411059247 0.2192257906313172 -0.8101832952430199 -1248.8195723657468
-0.7388704860525425 -0.31479792491938335 -0.5957958302194886 1777.1082812853397 -0.3838235730444592 0.9233302708460333 -0.011860679355870152 146.3607304847976 0.5538500425348571 0.21991697843924912 -0.8030483503365701 -1250.5854881756431
-0.7297454262142795 -0.31449298018991007 -0.6070961854027813 1775.7760501709017 -0.38463948357706174 0.9229323602180839 -0.01575836716970927 146.24062604252572 0.5652646111273104 0.22201356686822943 -0.7944720860631513 -1252.356800400976
-0.7203279825463549 -0.31406438839558826 -0.6184586950657278 1774.4238636549508 -0.38455023472130917 0.9228706227527017 -0.020758868847640888 146.10953203457404 0.5772769825105474 0.2228752422359948 -0.7855430681138764 -1254.105242231165
-0.7101978421135692 -0.31436404696362563 -0.6299160825331269 1773.0016955361493 -0.3851860777151943 0.9224701148785559 -0.026087788145711083 145.9595175929918 0.589279823675996 0.22410741427405584 -0.7762249392255973 -1255.8830481883967
-0.7007987935202207 -0.31544521502590844 -0.6398244816493511 1771.4642815174698 -0.3843180840413314 0.9225779488847097 -0.03390484494123694 145.79411013185234 0.6009830790291866 0.22213564448090772 -0.7677728141655242 -1257.758355284261
-0.6910094351203728 -0.3169483321564369 -0.6496535348305861 1769.7976633336555 -0.38411404781751746 0.9223558230057372 -0.04142624816053564 145.61328927542115 0.6123417010492291 0.22091512060216711 -0.759100883048798 -1259.747324589955
-0.6814161237276791 -0.3164812491410857 -0.6599330915070419 1768.0648880987842 -0.38350485960940184 0.9223750241858544 -0.046350160885640784 145.4091986430849 0.6233747580548283 0.22150380064515912 -0.7498933106248065 -1261.7563501304319
-0.6718312480399897 -0.3161905276016942 -0.669825592532856 1766.3696944218107 -0.3830403512786059 0.9223121738426249 -0.05118928866531605 145.1929437174008 0.6339738665350415 0.2221796665688871 -0.7407518695986841 -1263.66873807794
-0.6621737644185577 -0.3168511820343592 -0.6790664431108235 1764.7854945985978 -0.3828975217535162 0.9220399103828961 -0.05684972731793497 144.98155830710573 0.6441392656489515 0.22236846022882412 -0.7318721707680174 -1265.4167611878083
-0.6519170995659779 -0.3157085741641876 -0.6894433925223286 1763.2560040593416 -0.3832356248443848 0.9217195145641373 -0.05969583169528894 144.76452474214625 0.6543199149831946 0.22530253587315557 -0.7218754852365529 -1267.0508108628676
-0.6404039233990197 -0.31527360712365243 -0.7003466052936809 1761.7675178339973 -0.38394393580477115 0.9211637064501328 -0.06359622691482919 144.5399748474813 0.6651840865909846 0.22816655883433556 -0.7109642412778673 -1268.600134329784
-0.6286622007353989 -0.31527618316200134 -0.7109041888309033 1760.2209451251433 -0.3829785569413088 0.921114234041895 -0.0698283092203496 144.2974673362894 0.6768391701797969 0.22836264181389426 -0.6998137191668234 -1270.1426414439818
-0.615227603414113 -0.31701123629350836 -0.7218025159702534 1758.5833930343717 -0.3829092853494163 0.920495256020449 -0.07790354829565978 144.03899501717945 0.6891120918910973 0.22845647223818627 -0.6877006362524007 -1271.7361466424304
-0.6011998126590847 -0.3178258418207557 -0.7331749583350545 1756.8016415490379 -0.38165700895654797 0.9202959241656593 -0.08598453045998022 143.74836469414856 0.70206603163308 0.2281274780358793 -0.6745821973577178 -1273.4002425075487
-0.5851527920102683 -0.31836754388489935 -0.7458138621688951 1754.9740650469118 -0.38108632229180633 0.9197854336734933 -0.09363744424201155 143.43470900710236 0.7157998497937053 0.22942724991327373 -0.6595405310005895 -1275.0407825704956
-0.5681040911158228 -0.31932440124315464 -0.7584785220612149 1753.2346226829318 -0.3806678104971474 0.919089015357736 -0.101820429679223 143.11727099282552 0.7296230257528682 0.23088375564221764 -0.6436947503838854 -1276.5372348566866
-0.55058893832007 -0.31999414352621774 -0.7710094481317981 1751.6769738534858 -0.3795849853885593 0.9185736684664005 -0.11017102372109026 142.80738675313694 0.7434830595697144 0.23200466311931955 -0.6272214731845094 -1277.7996604684602
-0.5342241387426856 -0.32075869367755316 -0.7821243059865257 1750.242750031764 -0.37829031713038824 0.9181169683721835 -0.11814257637476777 142.50492860526595 0.7559768551682147 0.2327554356343755 -0.611820154647284 -1278.917530253559
-0.5193794712465813 -0.32234439636684337 -0.7914158546418666 1748.8040165033485 -0.3773658472021516 0.9174489782139172 -0.12602535355890981 142.186728425296 0.7667072337033358 0.2331983329810532 -0.5981459314262987 -1279.9977392025341
-0.5068697130334081 -0.3249964147856471 -0.7984111875380412 1747.2755769636974 -0.37575083266510195 0.9168825893012457 -0.13467601563653614 141.85028717210866 0.7758185391964482 0.23174047512837836 -0.5868576883933285 -1281.1310411475072
-0.49462051803808993 -0.32527317790768867 -0.8059453473217423 1745.677875327972 -0.3745887340576244 0.9165568312133976 -0.14002448169219822 141.49345091972134 0.7842409218172921 0.23263906570027415 -0.5751914826014604 -1282.2881793567788
-0.48263174253250757 -0.3229612045227753 -0.8141023654757631 1744.062433758645 -0.37308240165042716 0.9167866885000546 -0.1425190842233427 141.12293227108398 0.792386346852836 0.23494303173814274 -0.5629614988246585 -1283.420990077354
-0.47120860102411133 -0.3218028634577851 -0.8212218770778511 1742.4689770116368 -0.3725759632949911 0.916544118835413 -0.14537547868548137 140.7551981999767 0.7994683270122134 0.23746535599660523 -0.5517794838571808 -1284.515800824748
-0.46035851948395756 -0.3221156215157042 -0.827231261446332 1740.8720074085081 -0.3721845647010781 0.9160281579881051 -0.14956959440740292 140.3837713862173 0.805945831515249 0.23902706990731898 -0.5415878289942587 -1285.5827102305357
-0.45060792806916095 -0.3235044455364919 -0.8320440907063424 1739.202528497376 -0.37076481114271553 0.9156634499847449 -0.1552221027442557 139.99442647923877 0.8120874029188746 0.23854836004502222 -0.5325492746594503 -1286.666300729552
-0.4397062689296561 -0.32671094263490597 -0.8366112341025378 1737.4583343424497 -0.3690367454107382 0.9149483308011126 -0.16334452087815798 139.59299051413143 0.8188224945619222 0.23691667718182496 -0.5228768597600324 -1287.777155387273
-0.425637975839913 -0.3259629147599946 -0.8441448286426146 1735.6440489252552 -0.3694146532960768 0.9141829862144704 -0.16674016206703204 139.1749628321711 0.8260539494809278 0.24086852413125737 -0.5095264729430549 -1288.909158807996
-0.4086763041662127 -0.32043831626193847 -0.8545776523431082 1733.7738687130186 -0.3684615174859402 0.914569843468066 -0.16672765682622243 138.72620256791447 0.8349968793624332 0.24674133599788106 -0.4918322118009128 -1290.0093044815942
-0.3898960429282954 -0.3156872063872975 -0.8650564510089732 1731.946874156265 -0.36506041414081486 0.9154187608794213 -0.16952694846934763 138.26650097183074 0.845406393243032 0.2496999798826119 -0.4721630547919121 -1290.9935143572663
-0.3723055232072179 -0.32104794232543465 -0.8708138814454003 1730.1926091262542 -0.36149922956984015 0.9143296250464868 -0.18253669160683803 137.81993946174202 0.8548139589465128 0.24683912876803626 -0.4564685532424174 -1291.9227432137154
-0.35819953084186074 -0.3321075732662471 -0.872581031127697 1728.3309373810428 -0.36058404743188777 0.9112904430928679 -0.19881869395318408 137.3580992018691 0.8612039484595434 0.24342203701969334 -0.44617650212766097 -1292.8963580582795
-0.34858803015135986 -0.3362136074580574 -0.8748981628711046 1726.1904507962213 -0.3594149117099248 0.9100397159038403 -0.20651546362975337 136.83205445110355 0.8656253846068405 0.24246262730100326 -0.43806913596663444 -1293.9960522097867
-0.3395072967303343 -0.33023520517259863 -0.8807266912791233 1723.8036548553912 -0.3586377176167297 0.9110567886141536 -0.20335809652614062 136.22766201838215 0.8695480337333426 0.24682025278466285 -0.4277452277300029 -1295.1945036056006
-0.32762610624690425 -0.32189248848778684 -0.8882828155270325 1721.338617819221 -0.3561690041276115 0.9128888871876324 -0.1994430248168103 135.5936040493317 0.8751027225441801 0.25103606415109814 -0.41373435860620583 -1296.3739253673727
-0.3152459138504228 -0.31673934364308065 -0.8945927576216801 1718.8402244459269 -0.35139019730357834 0.9146168165197868 -0.20000252042954347 134.95004069944844 0.8815582471054098 0.25130114828183553 -0.39962831460329146 -1297.5030263025833
-0.3036569826947975 -0.31809068709128485 -0.8981151104655157 1716.2727286394054 -0.34656299148073755 0.9149306887927285 -0.20687176617700304 134.28799347753682 0.8875170588763983 0.24843540305493023 -0.3880635524141905 -1298.6336637700003
-0.29165499877219003 -0.3230464129340531 -0.9003212630953656 1713.6173323089163 -0.3446134724001764 0.9135217847565054 -0.21614694866129586 133.59724344102744 0.8922885835487784 0.24722249870458446 -0.37775934111915166 -1299.784847952677
-0.2781129649442464 -0.32712340425216013 -0.9031298118877472 1710.8811190668569 -0.3429723562828954 0.9120638229596278 -0.2247432883848462 132.86541810325093 0.8972308184384203 0.24724453732843987 -0.3658510587733309 -1300.9318016559364
-0.2628233548550306 -0.33010219986194633 -0.9066181234616092 1708.0530063078854 -0.34058507733572474 0.910903881387819 -0.23292901057796822 132.09072296170018 0.9027323464011708 0.24756141968997775 -0.35183469732548867 -1302.0732232401172
-0.24503979622010919 -0.3299501235519485 -0.9116405071279251 1705.1260905861259 -0.3367669775482946 0.9107247745870434 -0.23909911707568515 131.26988314262712 0.9091443785787781 0.24842161927143247 -0.33428011902768945 -1303.1922100434674
-0.22532517366716995 -0.32778122606703336 -0.9174900729434905 1702.1347016952714 -0.3326872604665459 0.9109900033421592 -0.24375479591984256 130.41327212111526 0.9157225304835102 0.2503131671499776 -0.3143176188447341 -1304.2678783045994
-0.20428180881107783 -0.325202668634723 -0.9233158543541466 1699.162356514019 -0.3272198643692085 0.9116355917634101 -0.24869199462865788 129.53764893488494 0.9226028955900092 0.25132403813212717 -0.292643340785145 -1305.2362187905774
-0.18284485676255308 -0.325268670083862 -0.9277758622735107 1696.2539429896442 -0.32214352316198874 0.9114085864045296 -0.25604284624430473 128.67071691223725 0.9288656032173122 0.25206086743082495 -0.2714295677883266 -1306.136035043403
-0.16039942329547863 -0.3250083136440245 -0.9320094533151176 1693.425694195132 -0.3166116532708118 0.9112819574575859 -0.2632911981540595 127.80738085914152 0.934895227295337 0.25285329753543856 -0.2490705199453645 -1306.9309193727408
-0.13755108453326786 -0.3226612333164336 -0.9364664583734106 1690.6229114123519 -0.3105711513861935 0.9118249210331185 -0.2685532969628329 126.92662054687435 0.940545192465718 0.2538996689593591 -0.22563177753134056 -1307.6255495015187
-0.11582209834475507 -0.3204245367845475 -0.9401666648852347 1687.847147632486 -0.30492581400914265 0.912300989742667 -0.27336267496755734 126.04831262161815 0.9453070873985226 0.25501964697051377 -0.2033703276615232 -1308.262153636932
-0.09555834224285088 -0.3162406046139259 -0.9438540582215114 1685.0513792140925 -0.2999102496897635 0.913279976154997 -0.27563295754564293 125.15250540671889 0.949169344932094 0.25673247778135483 -0.1821153192167661 -1308.8292001146003
-0.07602507131404 -0.3129124835493698 -0.9467343693828061 1682.2976581023086 -0.294560307832457 0.9141539532676262 -0.2784901699788079 124.25596012192852 0.9526040171977763 0.2576981322480691 -0.1616702169681039 -1309.3197253157487
-0.0566066482391015 -0.31190833877042157 -0.9484244174316736 1679.6752414367093 -0.28924236947440607 0.914332797059364 -0.28343321598295 123.3869862606332 0.9555807339392963 0.25828032140889695 -0.14197442198139576 -1309.735561233179
-0.03758533354432832 -0.3125367818205163 -0.9491617895341318 1677.1526350230333 -0.2841702159926705 0.9139611878176637 -0.28969334736167307 122.53085492122818 0.9580368630929811 0.2588352896577432 -0.12316518088628789 -1310.0812394921181
-0.02001041263723457 -0.31374680056692605 -0.9492958066483302 1674.6544171223347 -0.2793664346983288 0.9134208880191066 -0.29600114272471567 121.67225138037998 0.9599760301955621 0.25927827997040426 -0.10592825395312161 -1310.381416657574
-0.004565362868927211 -0.3137115998078448 -0.949507340470771 1672.093614427326 -0.2751864287160418 0.9132505661973598 -0.3004094419133978 120.78969178880118 0.9613800429135111 0.2599200559522324 -0.0904984950228615 -1310.6506750479055
0.008990715572225846 -0.3103421378285128 -0.9505824133243402 1669.47598793991 -0.27149891820830624 0.9141537832606872 -0.3010169396593796 119.88252534316189 0.9623967500180044 0.2607884545722995 -0.07603865804032361 -1310.8877552181566
0.021744616434528657 -0.30583741664220554 -0.9518354092161818 1666.8372317234555 -0.26869723225959813 0.9152435466622257 -0.3002183333329068 118.958819767156 0.9629792152648704 0.2622836725280082 -0.06227604750683893 -1311.082972400581
0.03392298809600526 -0.3047623164658896 -0.9518241231136048 1664.2331482144 -0.26595294973825195 0.9152805735844431 -0.30254008022816115 118.03989057073818 0.9633889450290365 0.2634034967142333 -0.05000338503095647 -1311.2432546091702
0.0445482850582931 -0.30587826771616267 -0.9510278311581235 1661.581221117122 -0.2636415290756131 0.9146249884537885 -0.30651961542874634 117.09981219612416 0.9635915080805956 0.26438535480407044 -0.03989723950461191 -1311.379224503356
0.052707524565352354 -0.3069757646671677 -0.9502567004558294 1658.8113739164812 -0.26114283237766217 0.9142290717291683 -0.3098219254717168 116.12166003188247 0.9638601236444859 0.264482672990573 -0.03197776939995889 -1311.5008474195038
0.05832443119613423 -0.3049829970929522 -0.950570161645024 1655.9083180336472 -0.25991272838515117 0.9147135021242441 -0.30942621520322705 115.09873649132464 0.963869096064934 0.2651123922335739 -0.02591881816668995 -1311.6072731436757
0.061552652485467096 -0.30270253078961 -0.9510953941774545 1652.9233136618668 -0.2590008398944842 0.9154165106986246 -0.3081090340679953 114.05005347045142 0.9639138114509793 0.2652994342133573 -0.0220538953502043 -1311.7026289614691
0.0622127461197166 -0.3013394422278877 -0.9514852152177817 1649.9050339441199 -0.2588527536476171 0.9158392029252432 -0.3069752535861935 112.99819325810802 0.963911212793631 0.2653923415305126 -0.021025672585254673 -1311.791991665038
0.06138228760598634 -0.30093344297551694 -0.9516676298304763 1646.8563215609952 -0.259233633497743 0.9159388569493203 -0.3063558936823921 111.9503056545858 0.9638620949242751 0.2655090831389417 -0.021789647516768235 -1311.8817844399548
0.06038120963034872 -0.2985613376073129 -0.9524784707329121 1643.772062624901 -0.26045393294336744 0.9164506914918671 -0.3037793259562234 110.9050727362112 0.9635963150292277 0.2664193269082006 -0.022425073285809394 -1311.9783767501467
0.059828558889834085 -0.2944107597668766 -0.9538044076615789 1640.6830943181687 -0.2612481990283087 0.9175930096850213 -0.29962050510880633 109.866608022371 0.9634157576278426 0.26710554676135506 -0.022016013346812885 -1312.0757278236065
0.05969251289921351 -0.29221279220427554 -0.9544886002336316 1637.6580349538835 -0.2617287727588568 0.91815917356209 -0.2974588736513496 108.85234669733688 0.963293752400543 0.26757319760388687 -0.02167326717667825 -1312.168930256367
0.059611455269937885 -0.29178515473250244 -0.954624480033028 1634.703871102615 -0.26136846003829295 0.9183993563592225 -0.29703392118777294 107.86265071039224 0.9633965966816624 0.2672153545676287 -0.021516314402922343 -1312.2563346174202
0.059590050402421615 -0.29153462033655353 -0.9547023573021373 1631.7971740515413 -0.26045661415350924 0.9187315937728819 -0.2968073630273301 106.88496288814531 0.9636448401961822 0.2663453092298976 -0.021184858142165086 -1312.3392244097663
0.05974957354058384 -0.2921698948499786 -0.9544981618657369 1628.9142216546754 -0.2598716981120408 0.9186816361186043 -0.2974739517652189 105.91137852610757 0.963792866222863 0.26582099992627534 -0.021035850734228645 -1312.4220164534586
0.059584028621025215 -0.2910129653953385 -0.954861873521558 1626.032298750466 -0.2603536496925874 0.9189225909908514 -0.29630600543765107 104.94865389511483 0.9636730361616628 0.2662568792322188 -0.021013177686434265 -1312.5083836653841
