0.957048155236347 0.1850960986127584 0.22315524380359064 -9.851281036109846 -0.227442542912964 0.9566424425541408 0.1819481430994332 23.01500607402987 -0.17980188606349087 -0.22488813081704276 0.9576516122189886 2.796596907712337
0.9515741277271075 0.1856409741995227 0.2450389930983353 -9.735856636785869 -0.2324002660845899 0.9561754754146391 0.1780970986271262 23.079841143710677 -0.2012381568296771 -0.22641971847398948 0.9530148557719097 3.264287304138195
0.9449124702985162 0.18396656500861613 0.27073368174884577 -9.60524024520598 -0.23613000443974264 0.9559087522982245 0.17458831084278947 23.1420661842828 -0.22667828408923937 -0.22889901755704845 0.9466901263263372 3.715595101052075
0.936510277156256 0.1791810081594868 0.3014011730163994 -9.446194278665129 -0.2381615605357184 0.9559238862664057 0.17172243519273483 23.1997472031895 -0.25734718157365366 -0.23260199908917722 0.9379065721892642 4.153452925364933
0.925597013685498 0.17356637922791518 0.3363701536376239 -9.269211391781246 -0.24021589017279338 0.9561337890853805 0.1676439783521181 23.250107574214894 -0.2925175112108329 -0.23597222160869807 0.9266879821515308 4.560827061258744
0.9116830284216496 0.16976727113236967 0.37418328308490306 -9.078411799202048 -0.244703324728429 0.9558793308863633 0.1625268828566244 23.2992434778468 -0.33008232087584066 -0.23973689419133298 0.9130015788643041 4.956295971868675
0.896270644126763 0.16581437429990908 0.4113447772272378 -8.858370477311043 -0.24989290827717084 0.9550454399787568 0.15950467694885945 23.353345210408055 -0.366404785543767 -0.24575150223612513 0.8974150278880526 5.371768591663654
0.8792231540143327 0.1589062608641083 0.44912742702185937 -8.610531453215334 -0.2539561842082709 0.9539516601205752 0.1596323483996047 23.40632035386971 -0.40307927501604773 -0.25441114443236557 0.8790916150442748 5.775982211992195
0.8609900811230926 0.1504544843873241 0.48585957676616126 -8.35108389328858 -0.2571882701863856 0.9529096077428213 0.16067816637600915 23.455062067551545 -0.438805508039933 -0.2632996916047686 0.8591408490548276 6.142603670901936
0.8441226486610266 0.14321488379512348 0.5166686085655304 -8.090224056769186 -0.26036332476611856 0.9519047444101371 0.1615187193058548 23.507640214716773 -0.46868741516518764 -0.27086316587720105 0.8408122574253749 6.4991879296624795
0.8282506391789461 0.13694584181261468 0.5433660967615669 -7.800992412155834 -0.26509101509700483 0.9500651199979179 0.16462995316217793 23.564883331473116 -0.4936877883992129 -0.2803963340943952 0.8231951551193181 6.865090217371918
0.8128508720072685 0.12959913724886285 0.5678710447816235 -7.496055695295764 -0.26877563484480066 0.9483879892995614 0.16828511480849648 23.626736109242103 -0.5167524726508788 -0.289420602889091 0.8057310944927706 7.240411540719187
0.7912847794109715 0.12109647405694764 0.5993363344929993 -7.182164340437492 -0.2724380865993402 0.9473433445573596 0.16827975663449735 23.68212589412368 -0.547399202449748 -0.2964392543065953 0.7826096611105243 7.5861027305577755
0.764294380299483 0.1122749407813002 0.6350184547831534 -6.858042469078935 -0.2765923923276517 0.9466233552839078 0.16553208673094777 23.730247826699486 -0.5825381950989097 -0.3021565172283913 0.7545533051728773 7.908500011190935
0.7322790062981245 0.10404076174708309 0.6730103838947192 -6.518118164367195 -0.2809498041568198 0.9463945002097416 0.15938838576570535 23.772504620942165 -0.6203504368333078 -0.3057989042947005 0.7222550558167694 8.21251708130932
0.6969185122473107 0.095829765297051 0.7107188215955074 -6.169946992263103 -0.28510404298062636 0.946373438282709 0.15196381144556825 23.8117862253246 -0.6580427584611017 -0.3085352028473821 0.6868666221624319 8.497386849864302
0.6572275075127827 0.08891254916945855 0.7484293967828385 -5.828168948522109 -0.29022475833481054 0.946298358748826 0.1424394814606494 23.842123924328494 -0.6955728524159321 -0.3108278861837632 0.6477379347795663 8.745374733527342
0.6147153513101336 0.083425638031616 0.7843246775300882 -5.48498658331074 -0.29617113646517795 0.9460396299994495 0.13149781897594132 23.863856863592243 -0.7310319382821687 -0.31312805909008257 0.6062533495345767 8.96079330699313
0.5705423283997123 0.07799063328658384 0.8175566724232591 -5.148934449166898 -0.3000206752836672 0.9464704849027116 0.11908490924696524 23.88309823990709 -0.764505752696844 -0.3132268863421262 0.5634002766824396 9.156598392501316
0.5259226031195755 0.07257657186294196 0.8474302665969351 -4.801098147944378 -0.3027727807227761 0.9470605264578704 0.10679420620398301 23.89432135061833 -0.7948169970385182 -0.3127443052110851 0.5200547478647883 9.325837743449549
0.4820941904345782 0.06780353895021608 0.873491769655018 -4.450734982945413 -0.3052404428383443 0.9475332093012352 0.09491622267638358 23.900979690678934 -0.8212268039981894 -0.31238357411542605 0.4774966377031279 9.480196362436576
0.44018241860034807 0.06459422308591037 0.8955819475062432 -4.102452259159991 -0.30720432263694114 0.9480508857746573 0.08261369217669656 23.905153318577103 -0.8437208913546744 -0.3114917403813711 0.43715895640585767 9.625253116820158
0.4021504756244404 0.06267297998332816 0.9134260191909608 -3.7513310947797214 -0.3081920708094313 0.9487013494566242 0.0705931797652919 23.905509060614953 -0.8621442120928675 -0.30989973720413144 0.4008360143943899 9.757087664810037
0.36870767428033685 0.06201971086109542 0.9274741001189688 -3.398898064761248 -0.3075013481713998 0.9497331344977142 0.058735799219198706 23.90463511258492 -0.8772101069866652 -0.30685587610774645 0.3692450399106141 9.880737495403153
0.34041256510768964 0.06205455920084246 0.9382262611967286 -3.0414532141258928 -0.3063083142109149 0.9507084401370849 0.048256382970321615 23.901604428814686 -0.8889850967041407 -0.30381358352532584 0.34264092619450714 9.996580783524042
0.3161435923486975 0.06222951426221576 0.9466682188452029 -2.683464526445439 -0.30551170763419216 0.9513691554028315 0.03948831025180796 23.8969285055881 -0.8981736054434579 -0.3017022003612037 0.3197811076062934 10.105701429763783
0.29639772210309784 0.0616244135027534 0.9530744052761758 -2.3141228229901127 -0.3037670065369774 0.9521780494421516 0.032902399610114125 23.891768385179674 -0.9054689371103013 -0.29926475539391784 0.30094286851055296 10.212337578297431
0.2809962174190598 0.06001027178555279 0.9578308269607971 -1.9277057503871502 -0.3016656372444928 0.9529789258803171 0.02879253607919166 23.887295351707355 -0.9110647447366488 -0.2970352405157032 0.2858865103318518 10.319630470649699
0.26908124753676016 0.05754694551060291 0.9613967085893628 -1.521996563795076 -0.299802315453658 0.9536240307961232 0.026828707325927084 23.883675650566225 -0.9152670942805092 -0.2954480613416759 0.273855051399019 10.430639239276246
0.25870210147164957 0.054690692969296684 0.9644076683626537 -1.0886020262641924 -0.2991426475580198 0.9538499352428546 0.026152962531627064 23.880822944521157 -0.918469868371375 -0.2952612896059023 0.26312330142754164 10.547234485907598
0.2492059094340084 0.052103377175586274 0.9670479061505003 -0.618736637585311 -0.2984554904835835 0.9540826704600266 0.02550643307222722 23.877612259622754 -0.9213146774600808 -0.29497711100145224 0.2533135785580092 10.671266350498886
0.2403841428154644 0.049457589756202125 0.9694170468371088 -0.10866762894513471 -0.29714085831449877 0.9545067248295551 0.024984446667457583 23.874273514312396 -0.9240794198568636 -0.2940592781577608 0.24414415153007346 10.800982325345537
0.23133234950155634 0.04663659418146898 0.9717563337366226 0.4354362913253098 -0.2960807584377839 0.95484455663682 0.0246588147310743 23.87051293314415 -0.9267262425101581 -0.2934227338571227 0.2346946328717722 10.93397553684183
0.22263293502659118 0.044492232938142945 0.9738865526587905 0.9975825807821259 -0.29399997341781325 0.9555151074662916 0.023556210094298716 23.866347327282583 -0.929515245637085 -0.2915670087850472 0.22580984813858263 11.06473906783589
0.21434282702487667 0.042568611153237346 0.9758304493340365 1.5723222641747991 -0.2924337228495362 0.9560203742755883 0.02252913026117663 23.86181931612109 -0.9319547576161326 -0.2901946886392806 0.21736460715168593 11.193743075159082
0.20676922529736555 0.03968800071036713 0.977584446515768 2.1643451038936945 -0.2907048739163598 0.9565445655253751 0.022653265661820354 23.858312304683544 -0.9342040268331113 -0.28887256145831103 0.20932147401858686 11.324008360252387
0.1996114878575557 0.035174997619044995 0.9792435720788737 2.783332664323977 -0.2893581715542959 0.9569044624619024 0.024610938122147735 23.85497956475079 -0.9361768542695591 -0.2882647554991727 0.20118729648502887 11.455796902918777
0.19304658889104526 0.030886603047661554 0.9807033355045283 3.4220227221047566 -0.2875527989201349 0.9573994722126992 0.026450679387141435 23.852754806356774 -0.9381078841746977 -0.28711020246417773 0.1937042314722393 11.58715154233321
0.18566490841915986 0.027547179862881688 0.9822269058946137 4.060198920321872 -0.28599460333791904 0.9578452025560453 0.027196595411086433 23.85069774091757 -0.940072140127177 -0.28596104773547415 0.18571658659026344 11.714330339200668
0.17666915309419085 0.026409316508093722 0.983915930527886 4.700477741739611 -0.28527661255457953 0.9581057622505375 0.025506914194010133 23.847612610916325 -0.942021902438773 -0.2851944886281846 0.1768016939447778 11.837240290389142
0.16609242577081276 0.026465065913123947 0.9857549930828554 5.352062139131968 -0.2850791889981057 0.9582443540667588 0.022307261135392054 23.842769638705036 -0.9440037934784736 -0.2847233010931743 0.16670176877542883 11.955020073266258
0.15352711669144403 0.026618692694256874 0.9877858419919064 6.031285883104706 -0.28433100949137285 0.9585503298341638 0.018361432853471304 23.83444523498983 -0.9463536873083065 -0.28367712345916185 0.15473198810817118 12.067951803676841
0.1372686987006445 0.02790153753588842 0.9901408023913388 6.7173610649925735 -0.2844613068681962 0.958607021311254 0.01242350947207832 23.82243583540362 -0.9488092902432336 -0.28336210561029235 0.13952364621178834 12.171106802608286
0.11594650557362542 0.02897880902858349 0.992832632658974 7.406944671703373 -0.28439703151303686 0.9586923227018285 0.005230569676981323 23.805463129507007 -0.9516694469782233 -0.28296511979369127 0.11939851200205237 12.260963103992712
0.09115936563297465 0.02969423530562751 0.9953935013084054 8.08915491281871 -0.28370225782045655 0.958908829530838 -0.0026240341791901045 23.781394093766867 -0.9545695359506127 -0.2821561784498304 0.09583784220034833 12.33290043022051
0.06474879397460645 0.030514039209694088 0.9974349538140032 8.786193434361303 -0.28231353300707157 0.9592588993487038 -0.011019668841589142 23.750746577087725 -0.9571346105746559 -0.2808758754884843 0.07072538305784247 12.388705922639236
0.03627446107508621 0.03055631517699514 0.9988746042804948 9.497110624506378 -0.2807091262982804 0.9596016085186782 -0.019160880491807086 23.71366551814916 -0.9591071628793976 -0.2796981668355542 0.04338646773203065 12.42406266363835
0.00690702312909933 0.030619611779369227 0.9995072447991428 10.230948806134563 -0.27775630463582474 0.960257937179452 -0.027497805710895967 23.670940538451557 -0.9606267372223948 -0.2774295107921004 0.015137313999221379 12.438262788368451
-0.022241351614437348 0.03185847537404618 0.9992448948206855 10.98368142961463 -0.27535362916366446 0.96064006639168 -0.036756519821492445 23.623688773006435 -0.9610856887836595 -0.2759632228936133 -0.012593586677668394 12.435853848397404
-0.05104572564054676 0.03450478466363438 0.9981000720013724 11.776858417495358 -0.2729915062521241 0.9608588801225617 -0.047178914822331 23.56812519435094 -0.9606612157300958 -0.274881123988048 -0.039628225635788064 12.412012713502362
-0.07967383494498753 0.038523471945850624 0.996076313408965 12.592406158173121 -0.26921228698538563 0.9612895892681816 -0.05871175436578829 23.504486220359887 -0.959779570818871 -0.27283377297147005 -0.06621863608452766 12.36425917855308
-0.10746207467509222 0.04259233036256796 0.9932964290184524 13.463285886902263 -0.2651525920561085 0.9616678126767688 -0.06992224958770538 23.427160170158547 -0.9581993557879542 -0.27088911284096395 -0.09204935150115807 12.2884410043069
-0.13621584826546193 0.04718534111110309 0.9895548424749121 14.316492085824224 -0.2602349800427247 0.9620827639687733 -0.08169767705612965 23.33893045116421 -0.9558885907068261 -0.26864530306415924 -0.11877164349322916 12.192187043765069
-0.16449751987014619 0.05107082767619295 0.9850544840347858 15.204068668726686 -0.256331011037943 0.9621347762608747 -0.09268810651697508 23.238536807241257 -0.9524888339171415 -0.26774697546359866 -0.14517774758294835 12.071820883849874
-0.19071181822461317 0.05485064850838206 0.9801124469915026 16.075542636590434 -0.2519671745645053 0.9622517339384029 -0.1028792664948432 23.127880667989373 -0.9487578960574933 -0.2665764559947988 -0.16969221484149127 11.926862513313603
-0.21356376565374718 0.06303428750012639 0.9748934283290362 16.937639148326838 -0.24663923172654414 0.9621111827295824 -0.11623752165296634 23.006462956328317 -0.9452828187231218 -0.26527108901279706 -0.18992535891984838 11.763562712234902
-0.23345758888672008 0.07548820080951121 0.9694323523226058 17.758517588328594 -0.2411624086324401 0.9613371756841977 -0.13293429696707187 22.877374482119897 -0.9419863305026236 -0.26482516154261615 -0.20622654281185057 11.587285715515199
-0.25377208225744025 0.0884908797059888 0.9632077109718248 18.518449641214982 -0.23719779066445834 0.9597072192861396 -0.1506627404302909 22.743397339709396 -0.937729672331329 -0.26670473835109454 -0.22255705823552616 11.405485528009418
-0.2735834033003867 0.10178685983007243 0.9564473621713376 19.265463104122233 -0.23295487382151492 0.9577676414918356 -0.16856207068604945 22.596721733328042 -0.9332117381395171 -0.26892485953719497 -0.23831758584191787 11.212411745440482
-0.2949237620061399 0.11290950452361828 0.9488263373201524 20.01110323133831 -0.22944187765793106 0.9555733294522522 -0.1850298268289212 22.43832395707969 -0.9275647682943481 -0.2722701890177638 -0.25591511247146465 11.013080336980911
-0.3167392949261692 0.11846960449482964 0.9410851034101595 20.73391570765459 -0.2233374085801523 0.9549583090990794 -0.19538431311476773 22.272067757850934 -0.9218441413700985 -0.2720653978246156 -0.27601412704453787 10.801109203697811
-0.3403962321046411 0.1183719581497778 0.9328014176086725 21.417282141989666 -0.2165302505144179 0.9555137815775003 -0.20026997734964902 22.105308523199618 -0.9150109593776055 -0.27015087032851287 -0.299622181220984 10.582239281858662
-0.3647497001428128 0.11410687386448938 0.9240872672981704 22.034426072072918 -0.2094757395314023 0.9569636594063123 -0.20084936923837257 21.94664132366778 -0.9072362265658813 -0.2668336109124069 -0.3251495860276404 10.359966838352891
-0.38627569042459164 0.11127518693030651 0.915646724321465 22.64938868349724 -0.2016839010485158 0.9584861008827992 -0.20156388186463767 21.785024870825882 -0.9000637172138739 -0.2625304309753723 -0.3477974665908706 10.121128503108412
-0.40267771822387083 0.11197292241993057 0.9084672365532812 23.325403782920112 -0.19619599638621393 0.9588645651414177 -0.2051484260680093 21.608611823059437 -0.8940681105195714 -0.2608463347660864 -0.3641447560944152 9.853325226936892
-0.4136812578192559 0.11654497083181777 0.9029313853792477 24.062397174230114 -0.19093959544897585 0.9586093548762937 -0.2112112109558533 21.415953399918074 -0.8901740772561615 -0.25977947285624303 -0.3743056741002902 9.551951870664206
-0.422229946775206 0.11992013165218782 0.8985215824178777 24.835108487111643 -0.18767814607753155 0.9581695771287807 -0.21607400341030114 21.20994432364837 -0.8868476676019993 -0.25986577975827496 -0.3820615015668501 9.229091327802323
-0.43046902092697925 0.12264411368746209 0.8942342217786029 25.567843884031205 -0.18613468186116178 0.9573687071303592 -0.22090504479524486 21.009538532307516 -0.8832045642039056 -0.26154078073096393 -0.38928924694117334 8.917642421550093
-0.4384835836181522 0.12238789657221534 0.8903669747188573 26.275836461699505 -0.18414074724778257 0.9574333932182251 -0.22229143652796063 20.81214159545987 -0.8796728551571941 -0.2614239857458857 -0.39728222660512236 8.60990941844065
-0.44519686327713204 0.12299603330999641 0.8869451666919481 26.978312884606183 -0.1820828478570809 0.9573912085124906 -0.22416045676980678 20.61330353713798 -0.8767243520311593 -0.2612930340690309 -0.4038320949386547 8.29736185804091
-0.4494783360717938 0.12601841671393496 0.8843577240297296 27.69792004157823 -0.17853100176733339 0.9573533266880848 -0.22715917169951574 20.408806642908615 -0.8752690482417863 -0.2599883969106524 -0.40781138613548445 7.968687676174068
-0.4512687125548184 0.12913841258522968 0.8829948014932378 28.437104565583336 -0.17728580612203393 0.9567778351115022 -0.23053398271623254 20.197731949342348 -0.8746006471623351 -0.26057521876478357 -0.40886949427526137 7.630333072187596
-0.45042058122824774 0.13179637625112228 0.8830351155039525 29.20260758874502 -0.17685260829833274 0.956275801795932 -0.2329372143682163 19.97819069317765 -0.8751253938402667 -0.26108677888131504 -0.40741776955515274 7.281691288178882
-0.4470424884871968 0.13149303141801602 0.8847952283865878 29.990242305347582 -0.1768995718461151 0.9566055340815132 -0.23154350270582988 19.751568786852673 -0.8768463690794606 -0.2600296807157298 -0.40438225749782863 6.928308354645581
-0.44176946163008735 0.12924998238027216 0.887769218223836 30.80632268354038 -0.1803779781289913 0.9565623025650706 -0.2290247722791308 19.518613813676467 -0.8788080153123081 -0.2613101669780763 -0.39926616292484657 6.573729284978121
-0.4349793768051445 0.12733138877044572 0.8913919784180226 31.634363163320096 -0.18380101686070996 0.9565520953879207 -0.2263300134978735 19.285818904737937 -0.881481779706861 -0.2622876402783181 -0.3926767955991985 6.222552299033518
-0.4278378937274021 0.1264506466204127 0.8949664634276406 32.468660642428524 -0.18701860694067604 0.9563530612929437 -0.22452808914161312 19.054792821294875 -0.8842956391099455 -0.2634370059898476 -0.38551545562562883 5.875833014660056
-0.4216503009320064 0.12519653954034227 0.8980739670044281 33.29907938201824 -0.18941815117356223 0.9564102098973319 -0.22226172502284636 18.828539171727762 -0.8867535101311613 -0.2638282336886361 -0.37955615576459384 5.536586244291957
-0.4175245212675481 0.12341994673633287 0.9002448505200705 34.1335143074708 -0.19148861595855263 0.9565329519200654 -0.21994731607674678 18.603527734062578 -0.8882597503537918 -0.26422003829892887 -0.3757424480448411 5.201718176780876
-0.4159603203821591 0.12144878348370407 0.9012364866437103 34.98927366809911 -0.19291893867319132 0.9566996441209958 -0.2179634695080119 18.373665350535205 -0.8886840242565289 -0.26452974110502053 -0.37451932006524036 4.858997974948597
-0.4162717044593928 0.11928338619000715 0.9013819067662253 35.87692212719015 -0.19373440206682535 0.9569559402973318 -0.21610717198987106 18.13575774299938 -0.8883607654113725 -0.264587985571333 -0.37524438486008377 4.501495352015196
-0.4170849290604141 0.11846341315424577 0.9011140780692055 36.80024225444569 -0.19349415685783816 0.957165797692014 -0.21539184522744945 17.8895475164639 -0.888031628497849 -0.2641970012556122 -0.3762974505826456 4.12539462793305
-0.4172715893957398 0.11792735431880276 0.90109797457686 37.74678994150385 -0.19256757569365718 0.9575554827473015 -0.21448828931214534 17.638949336598934 -0.8881453425395075 -0.2630221218147834 -0.3768517134914323 3.737033154552569
-0.41729496404972427 0.11777524911679524 0.9011070434050633 38.71178759809675 -0.1913096034574478 0.9579614791790478 -0.21380000007961975 17.384926974829284 -0.8884061844695205 -0.26160809449359246 -0.3772209648094049 3.34010517557937
-0.41763615579950986 0.116964366809582 0.9010545922783145 39.67383754497063 -0.19048602796004485 0.9583716417363703 -0.21269430990870422 17.132731690365453 -0.8884228241783361 -0.2604671442089553 -0.3779705706356235 2.9434562299981266
-0.41807080129884105 0.116899028822967 0.900861488888048 40.62435207557014 -0.19011473787313668 0.9584657988165342 -0.21260220822562495 16.884457029866013 -0.8882979182373285 -0.2601498213707456 -0.3784823363064594 2.5508379443751785
-0.41803604169169073 0.1156215986781189 0.9010424594689517 41.55706716575691 -0.19031355976100223 0.9587105313281824 -0.21131698013063321 16.641844445649244 -0.8882717021372663 -0.259818711873397 -0.3787711976148799 2.1652138398359035
-0.41721516472337605 0.11495952215174447 0.9015075233138584 42.473612356424994 -0.19058504944214757 0.9588422410406927 -0.2104730284981828 16.40361956915516 -0.8885993727512856 -0.25962639515793756 -0.3781339573263875 1.7869006027323902
-0.4155809634134338 0.11405448581452675 0.902376881970025 43.37103404425246 -0.19113456266092882 0.9590033923194495 -0.20923688125233622 16.17317435138127 -0.8892468958645714 -0.2594302753831421 -0.3767437994311911 1.4187938616855027
-0.4134444871923963 0.11190084768632075 0.9036270559790126 44.25110698054595 -0.19214535611924397 0.9593482406218619 -0.20671505832316078 15.950214100837401 -0.890024616587667 -0.25909294375343755 -0.3751360131540996 1.0600385501814202
-0.4112151584487953 0.10853519508698904 0.9050537027653993 45.113648360505024 -0.1932919993093612 0.9599240651475088 -0.20293839497165517 15.73568643173003 -0.890808787824256 -0.25839098393347837 -0.3737563416946487 0.7117361102503237
-0.4088966981241105 0.10568184003396013 0.906440753138469 45.95854248881577 -0.1946538319943267 0.9603131059967307 -0.1997714297411836 15.528834232465178 -0.891579147329682 -0.2581280440749298 -0.3720974830725502 0.3728824261690773
-0.4063434996097107 0.10437994019925184 0.9077388327095696 46.79234120936648 -0.19508463405139825 0.9606355993504619 -0.1977908764771803 15.327135140849876 -0.8926516374722917 -0.2574569349319998 -0.3699851088536605 0.03957480331680663
-0.4042758529667601 0.10387651094602438 0.9087192664303302 47.61828800995061 -0.1957779040072808 0.9606746455292842 -0.19691429033897065 15.129406544449157 -0.8934383285994133 -0.2575148460008959 -0.3680408361562891 -0.28924494484085894
-0.40372247348297824 0.10365018777774605 0.9089910907035461 48.450928645859875 -0.19672927794200676 0.9604836538822005 -0.19689779538002516 14.93103216438155 -0.8934795776094725 -0.2583172259039954 -0.3673778098852211 -0.619628687457566
-0.40492692874318836 0.10542707641850367 0.9082506889270463 49.26105050259235 -0.19568802058390938 0.9603220469664118 -0.1987152855474188 14.737810876063119 -0.8931631323440075 -0.2581989497811482 -0.36822944118219536 -0.943955842799157
-0.4080406942997839 0.10835513638051997 0.9065108693310344 50.04024881069191 -0.19492999412701992 0.9596949788460405 -0.20245455037449234 14.5505904208442 -0.8919109199830377 -0.2593158537337372 -0.3704729393860674 -1.2603040639395882
-0.41283303447024616 0.10974592381808704 0.9041707349032049 50.7849678783572 -0.19400104637745813 0.9593384154255996 -0.20502048359408137 14.369840472730896 -0.8899058824699037 -0.2600492970457995 -0.374755765067658 -1.5674566021976282
-0.418273451163804 0.10901126938503469 0.9017559887234365 51.54538368586677 -0.191268933020425 0.9599416109295406 -0.20476400774361367 14.183488345628817 -0.8879546808890346 -0.2581252540009638 -0.3806676213367627 -1.8882340590599123
-0.42353150012632734 0.10776013321923888 0.899449177046326 52.347226517409865 -0.1880453596783628 0.9608132726025922 -0.20365853258366504 13.985913973824168 -0.8861489779400392 -0.2553930478287705 -0.3866708936764616 -2.231506884882915
-0.42791778647718953 0.10804993395045312 0.8973358233068396 53.171123870865785 -0.18468842064920096 0.9614256156491218 -0.2038405574261678 13.781404814942135 -0.8847466051331108 -0.25295453612657326 -0.39145554965848167 -2.589765830719312
-0.43175129935197193 0.11200041794739066 0.8950121350504093 53.99326384873626 -0.18140437804995935 0.9612048059341599 -0.20779261939101862 13.576376442205527 -0.8835628257980241 -0.25207385312380826 -0.39468405774635174 -2.9529623391755093
-0.43538673126308475 0.11423931923255702 0.8929657172486112 54.78246086490232 -0.17830048304562499 0.9613235078173544 -0.20991915363642533 13.37972479938486 -0.8824099568713746 -0.2506122328598874 -0.3981785739529922 -3.3060912537618847
-0.4381922414779488 0.11694255637366431 0.8912418291447736 55.54706230075233 -0.17586588396453984 0.961185667574898 -0.21258716637174485 13.18912145260646 -0.8815093592049377 -0.24989307905059993 -0.4006178961013957 -3.650025433823796
-0.43981444665630076 0.11926255291821929 0.8901346504792628 56.28904230853979 -0.17336997971322615 0.9612254239201126 -0.2144493752470137 13.004995837303293 -0.8811958367165865 -0.24864055960568468 -0.40208428155341336 -3.9848495154043917
-0.4407198378605529 0.11997969285275108 0.8895902977321222 57.010532890507044 -0.17044474562896422 0.9618124918380236 -0.21416189958022086 12.824851393351572 -0.8813141399090583 -0.24601138966984956 -0.4034399372261799 -4.313121263088446
-0.4409334165493187 0.11531235430178106 0.8901015577536778 57.734059953144 -0.16786994669420588 0.9636170805303725 -0.20799471894018204 12.644362053966594 -0.8817014251814654 -0.2411331230990498 -0.4055334927937139 -4.640386624421954
-0.44125798830383633 0.10828797147926855 0.8908227113129498 58.45362818821984 -0.16685733908632294 0.9654807082141823 -0.20001407565287022 12.466416219486508 -0.8817312607314552 -0.23689811586237972 -0.4079574322766669 -4.964624990911034
-0.442012421248253 0.10650101054106426 0.8906641085257604 59.16253470676995 -0.1645261679300396 0.9664563549250516 -0.19721372693410222 12.293776374801999 -0.8817914489994283 -0.23370846963410305 -0.4096635103261849 -5.287952211486533
-0.4437188314102791 0.11233773595989165 0.8890972003843564 59.83869146971438 -0.16158365897670635 0.9658231363300454 -0.20267311237876073 12.130461443425988 -0.8814784851620565 -0.2335934554070386 -0.41040197098382003 -5.601957745830759
-0.4458963097894342 0.11994272665800143 0.8870119634131253 60.499924385155836 -0.1579896452488977 0.9648754247360284 -0.20989208354436822 11.969887066138842 -0.8810310737484182 -0.23372881093761771 -0.4112846824614249 -5.912738001546306
-0.4482246539848923 0.122664467070109 0.8854648994051252 61.15462331498469 -0.1541192295068552 0.9651036685120583 -0.21171247511844862 11.80645210034397 -0.8805350206870453 -0.2313619189559351 -0.4136783047256534 -6.2216068130307125
-0.4500787019955073 0.12348465440990997 0.8844098044093038 61.82161249132088 -0.15082790003424146 0.9656515238440521 -0.2115846853364403 11.6373562223209 -0.8801591370776641 -0.22862343410710279 -0.4159942533206139 -6.537883495135306
-0.45124817899848263 0.12097658778723641 0.884160475342519 62.501403529702145 -0.14964115133771108 0.9664824341377067 -0.2086126322387426 11.46633950511299 -0.8797628127949462 -0.22644286191136562 -0.4180203625572715 -6.858712834560521
-0.4515594429614512 0.11686729135837269 0.8845541847071327 63.19057185664863 -0.1487756681538628 0.9676434086362932 -0.20379409777544297 11.295187536614215 -0.8797498906153463 -0.22362528911840995 -0.41956150923195046 -7.184969551084142
-0.45149353510792395 0.11208897221990301 0.885205993010912 63.88649764298798 -0.14789276957751968 0.9689551302675489 -0.19812542551345544 11.125325708677657 -0.8799325635879371 -0.22036791471283432 -0.4208998285847555 -7.513690292070915
-0.4515393117931457 0.11030465852718306 0.8854067608803162 64.59887386953517 -0.14841404607622324 0.969219712324123 -0.1964342642453926 10.953648187278183 -0.8798213005108796 -0.22010459229544865 -0.4212700412061097 -7.848023338160048
-0.4520414960293416 0.10817931067636585 0.8854127413862648 65.3349815661532 -0.14925573630319353 0.969450706281042 -0.19464853781053726 10.77795531645474 -0.8794209521316539 -0.22014214687963543 -0.4220855649262112 -8.191832603467487
-0.45219151598701507 0.10823383459577494 0.8853294696993087 66.09815154309858 -0.14701970488000868 0.9699871476323381 -0.19367534640494605 10.595672800359743 -0.879720432436555 -0.21773922585693004 -0.42270745235548496 -8.552842199736597
-0.4512538437069472 0.1112744991819601 0.8854309427456835 66.88208137130249 -0.1424709405210038 0.9704861634757825 -0.19457296217387743 10.40928450837357 -0.8809494875682519 -0.21394997624178547 -0.422082228978398 -8.926444717956098
-0.4494501054868908 0.1139430847955364 0.8860087900834279 67.69365116532254 -0.14097774281382255 0.9703554563563359 -0.19630477414114655 10.216044212068383 -0.8821110353628626 -0.21313672078448642 -0.4200629233154165 -9.309008046042216
-0.4462054463533344 0.11486259179828573 0.887528751449778 68.53905445198951 -0.13947034205841616 0.9706866106985629 -0.19574352478854778 10.012187864395607 -0.8839958842272564 -0.2111257654004287 -0.41710572742813445 -9.702071221144033
-0.4419614487217667 0.11544212385208333 0.8895747264194713 69.41759959398173 -0.13890713812590874 0.9709149578602166 -0.19501013199565612 9.797893357178385 -0.8862137918253281 -0.20975523984829028 -0.41307124631806486 -10.104478224225254
-0.43729557134983893 0.114397344001593 0.8920122370030577 70.3256586682674 -0.14068509827478234 0.970962846181809 -0.19349122579056505 9.575354600618741 -0.8882456227875439 -0.2101056853583496 -0.40850375099730174 -10.50936163390936
-0.4325479598229565 0.11220093779707603 0.8946022647022835 71.24018522968892 -0.14343100058463554 0.9710275252855606 -0.19113632100961414 9.352419099052032 -0.8901290976730776 -0.21098932365230397 -0.4039228822194345 -10.907812072282614
-0.42778177228991626 0.10769109377903008 0.8974438052698198 72.14959663240892 -0.14620472145602345 0.9715583235579308 -0.1862756112572697 9.13384469665931 -0.8919792232560486 -0.21089583268993026 -0.3998699951653739 -11.294462939176942
-0.42273016682945985 0.10577022523726239 0.900062145357528 73.05416187089182 -0.14906401705297495 0.9715236407448037 -0.18417853917867838 8.919987946365541 -0.8939122579271227 -0.21202470357772085 -0.3949258160723507 -11.673482131590385
-0.4176667096576507 0.10362723052552164 0.9026715442160353 73.9697517138473 -0.1507028579590177 0.9718131294450774 -0.18129503589770285 8.707749898689208 -0.8960151607237095 -0.21175608263229576 -0.39027707237485587 -12.054016792012058
-0.4127701958532805 0.10171509964061592 0.9051380026937019 74.89217269792564 -0.15233115282004753 0.9720397351353152 -0.1787007923837547 8.496412726777116 -0.8980066733024644 -0.21164307648294595 -0.38573465346151375 -12.431303938027884
-0.40816045814242546 0.10436497823245461 0.906925019903798 75.80768965585456 -0.15350597423774057 0.9714524704055536 -0.18087568553088992 8.288418563358501 -0.8999116380413617 -0.21304471141402834 -0.38048783772444805 -12.799790121057777
-0.40405020226012456 0.11060478738906458 0.9080253383359806 76.71315061722332 -0.15249913465048015 0.9706261031551119 -0.1860886396445975 8.079945200345726 -0.9019353901385655 -0.2136622308236578 -0.3753145389337467 -13.16217969024033
-0.3998486247695818 0.11442467519450294 0.9094108372878049 77.617370645949 -0.1520961541884484 0.9701385430580773 -0.1889390567199769 7.866325076397036 -0.9038737949243562 -0.21386491292351695 -0.3705050092363916 -13.517882419705934
-0.39566271472524356 0.11251459241418034 0.911477636955576 78.52171269092574 -0.15244278964951302 0.9706532590776451 -0.18599313569543474 7.651387341176438 -0.9056556807419276 -0.21253874267017064 -0.36689926519967053 -13.867478988742365
-0.39086443020253436 0.10968082602534572 0.9138900993034367 79.42517594521792 -0.1531329241912269 0.9712894444288197 -0.18206351273607474 7.439755231819362 -0.9076206832874026 -0.21110881446200397 -0.36284674964143615 -14.21151612204801
-0.3872234637355333 0.1122236508431506 0.9151305050778769 80.31099569795529 -0.1509664344617242 0.9714508159975306 -0.18300941987680833 7.235678568916921 -0.9095422611393982 -0.2090195308796924 -0.35922654538920595 -14.551313844067252
-0.3840796580455385 0.11907459293646618 0.9155894590877707 81.1951009951921 -0.14925205628021387 0.9705997537841674 -0.18883840088880666 7.032937013937296 -0.9111567592745768 -0.20918259791657795 -0.3550154936860097 -14.890400205010492
-0.3818696231128516 0.1255201254287137 0.9156529304578281 82.08751198963215 -0.14770206634259342 0.9697125501461681 -0.1945293543071166 6.82750320022684 -0.9123374871952681 -0.20952868109491748 -0.3517641841587168 -15.22905408627674
-0.38026068118744555 0.12862913881517088 0.9158910191668694 82.9975443500941 -0.14643220239820684 0.9694180135128544 -0.1969424412807006 6.6137829459323925 -0.9132137890131037 -0.209005405969461 -0.3497961060844881 -15.571593290576761
-0.3787600025830728 0.12954095382751324 0.9163841998445456 83.91232789163325 -0.14525088722275803 0.9695649714198773 -0.19709374915652308 6.394524248919183 -0.9140257327910802 -0.20775684700396996 -0.3484164926043209 -15.911381086304493
-0.3766247892819227 0.13172836931793863 0.9169522369323188 84.83348497432303 -0.14359859257640034 0.9695715508989826 -0.19826863568759062 6.170312088288686 -0.9151684065287784 -0.20634593382031638 -0.346248672614636 -16.250250101016896
-0.37449543011328223 0.12940953709862163 0.9181537695463585 85.77002324818478 -0.14428486630170043 0.9700176074546031 -0.19557023951600633 5.941698787224176 -0.9159339769768163 -0.2057158548483033 -0.3445953233627288 -16.588934561289452
-0.3729588544146121 0.12783688539774204 0.9189991423529972 86.72103761680931 -0.14349033891825813 0.9706007458242554 -0.19324780682461223 5.712656542317738 -0.9166854507140727 -0.20394097905326405 -0.34365078424460577 -16.930488658543588
-0.3724987309852665 0.12686819487740636 0.9193199424264189 87.67693248203042 -0.14262743348231516 0.9710162998082172 -0.19179353671332686 5.486228832163793 -0.9170071486267776 -0.2025630929742805 -0.3436074544186712 -17.276987602962546
-0.3725149726127887 0.12774851743417487 0.91919144440789 88.6319551084672 -0.14224826466838267 0.9709152405299988 -0.1925851160017526 5.261676442557942 -0.9170594453895158 -0.20249422707807033 -0.3435084593164015 -17.62085871880999
-0.3725005642315657 0.12950618008165665 0.918951293033435 89.57312376974772 -0.1416060306230264 0.9706878548112156 -0.19419789034176269 5.038306782823955 -0.9171646862686957 -0.2024678686672489 -0.34324291750739144 -17.958936825558826
-0.3712712438089251 0.1348238459231417 0.9186839467907699 90.49780685670632 -0.13892177655129292 0.9701998243525366 -0.19852717906155762 4.8151893271446795 -0.9180732016132515 -0.20133263867738913 -0.34147732733344616 -18.291465008534146
-0.3689619963448011 0.13937827070070447 0.9189345694388362 91.41127602741987 -0.13675238924886532 0.9697912222930348 -0.20199942870738127 4.589971468348111 -0.9193290103591778 -0.20019661041052317 -0.3387557938872063 -18.618810478288196
-0.3662086341477384 0.13885144879727576 0.9201149446903603 92.32784163520641 -0.13621257117175353 0.9701543452211862 -0.20061575686678162 4.361340507683256 -0.9205093001868192 -0.19879844470052888 -0.3363655848243438 -18.941092927515
-0.36357314478463854 0.13385683397122444 0.9218985390977726 93.24748976391552 -0.1364132395231303 0.9713049629036272 -0.19482837863511665 4.134211567494482 -0.9215237362511143 -0.19659353254363024 -0.3348805555534736 -19.261221391605858
-0.3610018968861374 0.13104429501634735 0.9233119858359243 94.17160098888685 -0.13644273104344784 0.9720015243561604 -0.1913019022244835 3.9102425836081025 -0.9225296806011261 -0.19503955853356789 -0.333014352569097 -19.580438982758896
-0.358442671461262 0.134390798306029 0.9238278868958119 95.10507875707904 -0.13425006651000407 0.9718778349927504 -0.19346936060230227 3.688966942261281 -0.92384834844133 -0.19337162971975094 -0.33032051389787187 -19.904698275225325
-0.35573709917539226 0.1375475790691814 0.924408881265473 96.04241311399 -0.13350518295289543 0.971487616721767 -0.19592900928901502 3.46864258604203 -0.9250013418341572 -0.19311259422541127 -0.3272308719490575 -20.22756176611289
-0.35221103021488337 0.1378494005599929 0.9257132023257636 96.97227326717416 -0.133727656483931 0.9715328678463978 -0.19555255197892285 3.2499613631357427 -0.9263176043270938 -0.1926692229169056 -0.3237503149871971 -20.544300973366656
-0.3478672420779658 0.13639330482912168 0.9275695382486746 97.88003046081373 -0.13568149935245463 0.9716219744068193 -0.1937556956150299 3.0369726740394434 -0.9276739258071988 -0.19325528517374266 -0.31948940847839613 -20.847104896480566
-0.3429923621044888 0.13467392993528626 0.929633891450698 98.78134896176184 -0.13653929627166128 0.9720100565133035 -0.19118961951592522 2.828238258055471 -0.9293617487887175 -0.1925081365365901 -0.31500374165331224 -21.142950776725534
-0.33787236415518745 0.13433271109013778 0.9315562185243345 99.68070504715413 -0.13596982086244938 0.9724128454987441 -0.18954014277632375 2.6223269734127648 -0.9313186744368537 -0.19070390829820294 -0.3102862323806401 -21.434941585819185
-0.3326446947580601 0.13434433769871507 0.9334340394358939 100.59557760017998 -0.1363383626591498 0.9725516376598496 -0.18856076726765603 2.4141141229038787 -0.9331448750953625 -0.18998660745810128 -0.305197855611441 -21.72523305843505
-0.32728730203172157 0.1347241184786777 0.9352713156239417 101.52062765215659 -0.13765468381848256 0.9724269961474613 -0.1882469792226663 2.204086727200707 -0.9348444843671222 -0.19035532318211812 -0.2997176020600074 -22.009960332108097
-0.3220569777537212 0.13381288394870106 0.9372157783400094 102.451843641005 -0.13811116655686095 0.9727289943991874 -0.18634271954506096 1.9944247271879618 -0.9365920183048981 -0.189452937545127 -0.29479310660712543 -22.29150057607319
-0.31743143873030333 0.13304877455640726 0.938901115823518 103.37027587288924 -0.13680711186634334 0.9733250383302178 -0.1841797597519085 1.790124602683111 -0.9383608558802949 -0.18691279610695283 -0.29076194868496996 -22.56670250884776
-0.31330783261658723 0.13282657012049692 0.9403165979026002 104.26720506806487 -0.13720392514724225 0.9734498612644347 -0.18322240727717645 1.5922966814070882 -0.9396878657007799 -0.1864201434241439 -0.2867651394092996 -22.830453174534316
-0.30893800834903823 0.13482839441893654 0.9414768244921065 105.1582399895272 -0.13526122636387747 0.9736099984751418 -0.18381504702220336 1.3999871357940563 -0.9414147373181863 -0.1841327644055959 -0.2825480798598422 -23.092225190104315
-0.3049068541016792 0.1322995726578303 0.9431482563183647 106.06304892222332 -0.13378972881094625 0.9745340723912663 -0.17995457819457675 1.2071866451364812 -0.9429380248916209 -0.18105293375985415 -0.2794417942800236 -23.354569517117664
-0.3014000850871826 0.12865469239023236 0.94477825908274 106.99091806210988 -0.1335416207962728 0.975393486164532 -0.17542571836223447 1.0128042322949753 -0.9440999016124003 -0.17904054645184792 -0.2768029235786356 -23.617560707991544
-0.29864011362652726 0.1267522676567448 0.945911171927368 107.92381294199785 -0.13442411175008825 0.9756734669334695 -0.17318038024621712 0.8206465217311987 -0.944851438435342 -0.1788718775154372 -0.27433667403533135 -23.87749449984158
-0.29599521583955546 0.12832799419927277 0.946529850614805 108.83938077384744 -0.1351546715831758 0.9753375875013871 -0.17449872537132793 0.6342721521453498 -0.9455792124139252 -0.17957871898353017 -0.27135113181797366 -24.1290906702139
-0.29390906666249234 0.12994571362279722 0.9469591184653345 109.72303768202732 -0.1363590365260228 0.9748821575383523 -0.17609938123418356 0.45517319818808843 -0.9460569082731112 -0.18088363780184644 -0.26880743271772245 -24.369141845073372
-0.29268865202958094 0.12916915391973638 0.9474432345258292 110.60065966329833 -0.13774788055970727 0.9748034462238473 -0.1754530211521586 0.276734270721672 -0.9462340484121335 -0.18186140576210968 -0.26752112948291323 -24.60488794262497
-0.29208310547251054 0.12781823663336445 0.9478132505306467 111.47984781516739 -0.1376205681312948 0.9750983045156413 -0.1739076644600282 0.0981971689933765 -0.9464396645982004 -0.1812340887213535 -0.267219322580884 -24.841508126390032
-0.2917793670446594 0.1234797503183518 0.948481708958235 112.3754231806738 -0.1371971904231668 0.9759745973833949 -0.16926463364303204 -0.08174509481403547 -0.9465948087259973 -0.17951695330424397 -0.2678281754583609 -25.083610326632673
-0.29184731086144966 0.11819808082547367 0.9491334789333447 113.27059925016613 -0.13642082846220616 0.977045172088737 -0.16362178724050197 -0.25660265635959334 -0.9466860644926732 -0.17723415412178778 -0.26902332595540585 -25.327381762098987
-0.2922315646020973 0.11515841931960319 0.9493888829715772 114.16683640010415 -0.13532498237338927 0.9777555538128596 -0.1602536306414003 -0.42805625300144 -0.9467248078485386 -0.17530720306912373 -0.2701472242245491 -25.574270145284576
-0.2924179435390816 0.11898077442026957 0.9488600116006185 115.06502257510465 -0.13389912612269303 0.977360851980355 -0.16381937931702129 -0.5973617980920558 -0.9468699859642578 -0.1749552523778236 -0.26986642871142447 -25.824097510229794
-0.29323485037625857 0.12160361418579758 0.9482752150835556 115.98237075589346 -0.13232074406570002 0.9771693825489756 -0.16622640734478245 -0.7707176779120566 -0.9468392383159417 -0.17421985772524834 -0.2704494369738664 -26.080735876281196
-0.2947516955649278 0.12066120731157892 0.9479252665752246 116.92068180693883 -0.1314567799341285 0.977444061508887 -0.16529434845257512 -0.9509260218882467 -0.9464885382142513 -0.17333199263587618 -0.2722415606734692 -26.34211832961846
-0.2961713383662926 0.12016184738434443 0.9475461301506638 117.86920689789024 -0.1301223409826926 0.9777294089393432 -0.16466140796284512 -1.1333067741458223 -0.946229736748694 -0.17206491021792975 -0.27393968672719315 -26.608696629649714
-0.297490248208172 0.11950533019787436 0.9472159353998091 118.81306665886142 -0.12819597405226096 0.9781501886602817 -0.16367040251874393 -1.314586799147282 -0.9460789314099708 -0.17011961814603488 -0.2756700402002635 -26.87715136497933
-0.2982709242659312 0.12238593789932387 0.9466024180943382 119.72777181360311 -0.1262263898766156 0.9779770941128529 -0.1662158292380635 -1.489363002797102 -0.9460979622831158 -0.16906355489898872 -0.2762537966592545 -27.141289430970744
-0.29819006733498665 0.12485845848466448 0.946304945082497 120.617551339504 -0.12459654167897334 0.9778330880156781 -0.1682799862828715 -1.659318075501627 -0.9463394663356253 -0.16808574397181034 -0.27602318223121564 -27.397774567636755
-0.29803616296253366 0.12659836542531597 0.9461222433904651 121.4889309487524 -0.12463736187653573 0.977519648667387 -0.1700613550858804 -1.8265358032162844 -0.946382572531335 -0.16860661416690229 -0.2755573190248186 -27.64679180446699
-0.29838418773389136 0.1292861061153737 0.9456489725452611 122.36056542410759 -0.12354246149276751 0.9772165130978364 -0.17258373833364019 -1.9944502095486243 -0.9464164710732237 -0.16832406035511013 -0.27561363171453473 -27.897883786895665
-0.2996103801622008 0.12993338323525888 0.9451724371881031 123.22258459081907 -0.12285333954216207 0.9771807298065381 -0.17327688321902662 -2.1626462252999765 -0.9461187436376047 -0.1680331432063371 -0.27681073989605015 -28.14412060885717
-0.3011451069141065 0.13187216467102203 0.9444158812550052 124.07626659962119 -0.12127403885088751 0.9770530243380833 -0.17509995754596602 -2.330671655726878 -0.9458352034485104 -0.1672636237105505 -0.27824206745337854 -28.391221464604673
-0.30260204483321035 0.13039718598403 0.9441549535697008 124.92757325951932 -0.11843036406262875 0.9777760922044724 -0.17299757911989733 -2.499334479996186 -0.9457305384361622 -0.1641660360756704 -0.2804340586812675 -28.64065514949857
-0.3045377010426016 0.12748887898028688 0.9439297507654022 125.78287209936065 -0.11655920807977209 0.9785659808671177 -0.16977211815075155 -2.668781717958005 -0.9453415994525489 -0.16172571479491513 -0.2831502313588498 -28.893085530353993
-0.305951685092504 0.1224915580084672 0.944134198409163 126.63670598191072 -0.11543226383939954 0.9795996048175716 -0.1644992605034125 -2.8377442413623903 -0.9450232583666757 -0.15931237383805677 -0.285570671967754 -29.144547187420393
-0.306142091212395 0.12230550823736805 0.9440965960339536 127.49511192485663 -0.11314963682758594 0.9800082801605993 -0.1636488023251324 -3.0076803534020904 -0.9452376313255241 -0.15692397353962223 -0.2861829604547565 -29.398434097373524
-0.30464197928109854 0.12753566383410178 0.9438897811238804 128.36828489622917 -0.11113376686724986 0.9794663114068278 -0.16821126799652625 -3.1801232048487478 -0.9459611780203198 -0.15614224050364628 -0.2842130370143333 -29.656472877051232
-0.3023813260588889 0.1305893676731673 0.944199105433588 129.26346802515985 -0.1104602625674252 0.979096004807654 -0.17079093583450672 -3.3583737893019503 -0.9467650521879247 -0.15594047075859924 -0.281635412431006 -29.913998839175072
-0.29924938454655114 0.13047561630509563 0.9452121028627984 130.161594042655 -0.10918184353203671 0.9794179850071109 -0.1697637643537548 -3.538550336904862 -0.9479077649705463 -0.15400170192052065 -0.27884466090303156 -30.168171209307456
-0.29583106268846 0.12638986113128345 0.9468419009274087 131.06290901586033 -0.11032888672565247 0.9800537391588133 -0.1652942984942536 -3.7187648586777513 -0.9488474688286284 -0.15336320081442045 -0.2759858864751256 -30.418072746683933
-0.29063028349954984 0.12366284359580736 0.9488105919659453 131.94314981814878 -0.1091088661455624 0.9808618767409599 -0.1612613843566767 -3.892694633434594 -0.9505941792591628 -0.15039108972941534 -0.2715754526620506 -30.660011084124893
-0.28340255489869687 0.12456063052149165 0.9508773008127687 132.81781075466827 -0.1100637702250361 0.9807524680929827 -0.1612779055338132 -4.06356380187345 -0.9526641372281955 -0.15036371122585282 -0.26423814256395034 -30.895797094938736
-0.2735218386914544 0.12522160381173425 0.9536799010662121 133.70296589425874 -0.11077005598601826 0.9807921922235466 -0.1605511456520456 -4.234426367298106 -0.9554662727986274 -0.14955342059661209 -0.25439727972632137 -31.124773472395447
-0.2633675342128089 0.12549812115821452 0.9564976547323157 134.62112638945052 -0.11219996221878023 0.9807883147139885 -0.15957897793443515 -4.411973981282237 -0.9581485847199117 -0.14934692265411054 -0.24422691557847925 -31.352731027031748
-0.25301049274127574 0.12644142447383128 0.9591653959249377 135.5386359008561 -0.11340069115205616 0.9807126276665841 -0.1591949282531967 -4.589091149454951 -0.9607944493017502 -0.14904800606627722 -0.23379204023793 -31.568721344140148
-0.24148227612699802 0.1326476660610325 0.9612964719612168 136.44237165856927 -0.11342463710834613 0.979965175916521 -0.16371654066630842 -4.764040936083902 -0.9637536832683781 -0.14856934636547317 -0.22159870781927296 -31.77162216580266
-0.2295636182797603 0.14124814937466892 0.962989878171382 137.3172346203897 -0.11445133576871253 0.9786313713385861 -0.17082602486950552 -4.935428199465193 -0.9665409649378875 -0.1494309182538568 -0.2084921191957792 -31.955211550664167
-0.21752850806659005 0.14958249862332074 0.9645239366049583 138.18879428609466 -0.11583948688255674 0.977246516145538 -0.17768078106592156 -5.110630565951965 -0.9691555919753599 -0.15038059311963872 -0.19525141678327457 -32.12748191622948
-0.20648345414566138 0.1513579881110128 0.9666723036267569 139.07216805355193 -0.11792048342120075 0.9769122513810393 -0.1781494111450848 -5.292335949850671 -0.9713183529377936 -0.1507753711208059 -0.18386800893465977 -32.29142781947594
-0.19619448629506214 0.1474914919430088 0.9694090897819351 139.94751302528311 -0.12034093910229186 0.9775278400905035 -0.17308200433313198 -5.47384939730177 -0.9731524967462174 -0.15061733516571485 -0.17403630777565732 -32.43837738719952
-0.18681763899211953 0.1459003162620249 0.9715000089943638 140.79734004632718 -0.123247322688951 0.9776161535042486 -0.17051907182941112 -5.648738070990607 -0.9746328884310324 -0.15159074550314564 -0.1646541182794545 -32.56948900146416
-0.1786703627544959 0.15225064973177987 0.9720579412408632 141.6089269904379 -0.12549171865574965 0.976360136964376 -0.17599065741036285 -5.813216131770531 -0.975873316584691 -0.1534295362801976 -0.15534042414915789 -32.68961897118602
-0.1724022096658142 0.16136505232512138 0.9717195058196851 142.41426028537347 -0.1256416114075148 0.9748304996889868 -0.18417296858943108 -5.977017992875492 -0.9769808921290474 -0.15384023129282987 -0.147788766997024 -32.80541512443142
-0.16955120165406695 0.16563328420492296 0.9715029620032821 143.22471580710408 -0.1259563735556314 0.9740493927453763 -0.18804992010920477 -6.145882940224361 -0.9774391960517943 -0.15425107991795495 -0.14428867719183047 -32.91988127020043
-0.1694547295315333 0.16100629118330578 0.9722973150424663 144.07658043182911 -0.12658744508087458 0.9748371385074859 -0.18348888831325402 -6.325775511845201 -0.9773743977551762 -0.15417369291138439 -0.14480938860023687 -33.03901774748388
-0.17051190459251062 0.1569062250697933 0.9727826719913238 144.97534406464277 -0.1264227901480095 0.9755971904782154 -0.17951991550300392 -6.513671448874767 -0.9772118340070531 -0.15359218230548308 -0.14651441229862713 -33.16794410500648
-0.17164022243150606 0.15434923030827247 0.9729932934747827 145.89079310174816 -0.12539504280500818 0.9761942137982902 -0.17697723070120794 -6.700916858458779 -0.9771467224954474 -0.1523849469271238 -0.1481995636512609 -33.30237851593762
-0.17290779306694534 0.1547045108596235 0.9727123980994593 146.7801297750721 -0.1233846740682032 0.9764054921953523 -0.17722453841338032 -6.881110617350661 -0.9771791633583902 -0.150661306015968 -0.1497399531446465 -33.436705002711925
-0.17546519626396181 0.15530525366039413 0.9721585483271377 147.63910062625985 -0.12155421568676904 0.9765051395516278 -0.17793899257338427 -7.0538872179378345 -0.9769526792781856 -0.14939207011999386 -0.15246465766346892 -33.56830647836529
-0.1790728219061714 0.15417882435038732 0.97167989305969 148.5033171382495 -0.11872335910649631 0.9770403861957051 -0.17690915110592104 -7.227248836757909 -0.9766461429079787 -0.14704072178985023 -0.15665675114239108 -33.7041173761229
-0.18360811257560342 0.15436741760226647 0.9708031527447929 149.39247074155003 -0.11577106785468345 0.9773237692138753 -0.17730005633775256 -7.403825670437264 -0.9761583482428517 -0.1449446463736811 -0.16157329186284913 -33.85060453218198
-0.18846050601067818 0.1540299519692776 0.9699264980247415 150.30316238837085 -0.11190886937067533 0.9778227858976589 -0.17702825857901422 -7.583434735555876 -0.9756838845806453 -0.14190621295659778 -0.1670436592449417 -34.004832409910875
-0.19345500350738257 0.15281759755677365 0.9691346364127805 151.2104239395062 -0.1087548256752691 0.9783672564540367 -0.1759826678708542 -7.763910618324829 -0.9750628438774099 -0.139442796069132 -0.1726503898464227 -34.1646271865331
-0.19871954468535288 0.15265782646804535 0.9680940711408659 152.07367274535187 -0.10601623111891782 0.9786495466451712 -0.1760841378163897 -7.93736561718071 -0.9743054455864382 -0.13762504448411017 -0.17829258490290667 -34.32424360900012
-0.20345239940054557 0.15448211272593929 0.9668207683050095 152.89618717049558 -0.1030833454037403 0.978605827216183 -0.17805745937450537 -8.104710533567271 -0.973643130247698 -0.1358893365436033 -0.1831751706296598 -34.482197652230454
-0.2075067982494785 0.15706004729557874 0.9655428888577445 153.65717096939062 -0.10026205804025248 0.9784143087211826 -0.18070130106665994 -8.261197964634412 -0.9730819330343078 -0.134304065586866 -0.18728045698645449 -34.63207427503263
-0.2110547659952767 0.1600083705334699 0.9642889645276983 154.39613356922138 -0.09852126616730124 0.9780048909564955 -0.18384774509894158 -8.414116450834744 -0.9724965017229998 -0.13380491255704113 -0.1906483661407343 -34.77911322503607
-0.21441539534825402 0.16255785714412416 0.9631204396742706 155.1059589154842 -0.09697388430685584 0.9776387669663062 -0.18659717866849213 -8.562459626773155 -0.971916716596692 -0.13340683792561447 -0.19385693589499464 -34.92312584304467
-0.21718291700211423 0.16260369309350434 0.962492399738722 155.79488785140563 -0.09513129874732229 0.9778083273331261 -0.18665720183438395 -8.708552676425768 -0.9714842338201388 -0.13210190759541557 -0.19689456429406962 -35.06443720044952
-0.21959849554105773 0.1601723661271193 0.9623519698558015 156.4771923563638 -0.09483334142872446 0.9782543036597311 -0.18445908685851636 -8.855364061172516 -0.970970204542636 -0.1317699908949484 -0.19963349265586147 -35.201083353309166
-0.22019687601901491 0.16115790597634036 0.9620506562197156 157.17556996582306 -0.0941062558062148 0.9781478300884233 -0.1853937299679905 -9.006658409457678 -0.9709054271192448 -0.13135810532521386 -0.2002191293452449 -35.34073517718032
-0.21840419871343153 0.16336339038592873 0.9620873186285931 157.9174579485193 -0.09459494811069642 0.9777012695590714 -0.18748872844657705 -9.168333257259377 -0.9712627871880399 -0.1319569254878058 -0.1980807109224086 -35.48578674567595
-0.21304625187931192 0.16549237789199822 0.9629244868731017 158.69834229835072 -0.09477786045054946 0.9774021775780386 -0.18895010038135418 -9.340095228538285 -0.9724342917280293 -0.13151903331974318 -0.19254685701420063 -35.63467681799809
-0.20547126029343202 0.1643509019884888 0.9647643972540634 159.5062218137854 -0.09632231472227108 0.9776157898551028 -0.1870544816691829 -9.51685184094599 -0.973911481028935 -0.1313626599972499 -0.18504128911806184 -35.78049253553935
-0.19623978973457676 0.16029291129621895 0.9673655604336495 160.3219522657653 -0.09988340644448204 0.9781486054693981 -0.18234201582552945 -9.69205546212029 -0.9754554064855947 -0.1324065262985693 -0.17594107465731382 -35.915371600728434
-0.1854763854326008 0.15340291536141898 0.9706008736888051 161.14168308898607 -0.10411946149915524 0.9791110286200544 -0.17464458586427617 -9.86299218624226 -0.9771170084406392 -0.13345088682056766 -0.1656297455858112 -36.037976821547254
-0.17280290352545566 0.14749126185938438 0.9738508531640231 161.9445276194681 -0.10933576498529918 0.9797418605046692 -0.16778431771154423 -10.023996339072518 -0.978869167472473 -0.13547034527886737 -0.15317616825659502 -36.145681155825436
-0.15775608904601998 0.14083233991078337 0.9773838899859945 162.73884967533675 -0.11497789398921265 0.9804258399015205 -0.15982883452995167 -10.175474758929802 -0.980761489997803 -0.1375915131418029 -0.13847554025400752 -36.2366181378643
-0.14024210894133737 0.13470796631628842 0.9809107577606704 163.53790773617 -0.11948301511795156 0.9811590427447852 -0.15182470793141548 -10.320817463823644 -0.9828814577445288 -0.13849439212858408 -0.12150449938551394 -36.31556920874491
-0.12142359163251847 0.13202242007603168 0.9837816790285963 164.36258784017173 -0.12380295647047194 0.9813614425662025 -0.14697804942763257 -10.466453581805542 -0.9848498054851971 -0.1396416830378704 -0.10281566512025754 -36.38406322385018
-0.10190958446224996 0.1307769489430867 0.986160142279065 165.2060942159647 -0.12698883629103322 0.9815009326857138 -0.14328208050737684 -10.612232303582804 -0.9866550927513533 -0.1398331461500119 -0.08341713963933639 -36.44063911018404
-0.08224374670177638 0.12928154107397619 0.98819140315325 166.04078653592524 -0.1311088621203515 0.9815293819650677 -0.13932170905059404 -10.753507315448992 -0.9879506224513254 -0.14101898977375205 -0.06377469812731061 -36.48160867210784
-0.0635440499877136 0.127023437739435 0.9898622126215406 166.8541103956809 -0.13565651570858672 0.9815611048394678 -0.13466665219024604 -10.887319765682626 -0.9887160681697076 -0.14283852327428576 -0.04514081093485513 -36.5053676627568
-0.04740996826280567 0.12291005889566396 0.9912847281843806 167.65311764334632 -0.139703510578619 0.9818306291771146 -0.12841940952083603 -11.016248943505282 -0.9890577455544899 -0.14457431664004144 -0.029377592255587406 -36.51597189949378
-0.034442454671725437 0.11853315302102806 0.9923525628278878 168.46862869154512 -0.14244910065751085 0.9822214626559028 -0.12226713385028859 -11.144054969521143 -0.9892026946172625 -0.1455709103254893 -0.016945177159176116 -36.51628940884697
-0.02330685029534884 0.11745656683576441 0.9928044851009 169.30065040655123 -0.14284550204885835 0.9824934457647114 -0.11959009814275079 -11.269302425493361 -0.989470541892845 -0.14460492362481583 -0.006120685398008354 -36.51191231475802
-0.0128787891409032 0.11996035111495909 0.9926951450221955 170.1561721810297 -0.14419842974603625 0.9821772118780507 -0.12056009840007331 -11.394196364445307 -0.9894649815173058 -0.14469774921481565 0.004648841051783816 -36.4986838895994
-0.002217620405702116 0.12650304842159218 0.9919637397101662 171.02434142030825 -0.14619706966086515 0.9812669180980991 -0.12546574141507247 -11.520771756992971 -0.9892530004919433 -0.14530042734383833 0.016318297441389715 -36.474200700707776
0.008675976694826483 0.1362954497418746 0.9906302427283596 171.90162842057475 -0.14666748879578623 0.980126938084165 -0.1335658375936626 -11.652980530629133 -0.9891478024839003 -0.14413443593194133 0.02849366982072405 -36.44265153166154
0.018754149710766953 0.14507386487143728 0.9892430720504884 172.7526939610846 -0.14610129043240241 0.9791941672943494 -0.1408303790760781 -11.786246530272809 -0.98909185357206 -0.14188853536487378 0.039559432875082186 -36.40746521132274
0.026983937213323705 0.1443850775641744 0.9891535859052691 173.56901435569517 -0.14712975714625565 0.9793109747796439 -0.13893469414882273 -11.914389748614731 -0.9887490590107034 -0.14178492181092625 0.047669007253334235 -36.36458516686024
0.033733838984861986 0.1369784465720067 0.9899994612534196 174.35229532185878 -0.14985852601353689 0.9800576934154768 -0.1304965124368649 -12.0343999245341 -0.9881317980352589 -0.14395771167900218 0.053588496524459066 -36.31569717596631
0.0386679577801646 0.12706317934328948 0.9911406244808473 175.14772140664806 -0.15273971582387055 0.9809781823454884 -0.11980143977508961 -12.14932153810712 -0.987509680079722 -0.14675406030947247 0.05734001684277072 -36.26080316950636
0.04131232636229931 0.11862103847340022 0.9920798057223141 175.9561872169961 -0.15433904085769706 0.9817673447524504 -0.11096098974346329 -12.261910230160879 -0.9871538644799307 -0.14853258904770705 0.05886695026179102 -36.20389879462243
0.04231881687561058 0.11875285973066511 0.9920216106738982 176.7548638718742 -0.15230845927127395 0.9820727061400374 -0.1110645446989897 -12.372162541466182 -0.9874265800416048 -0.14639316295705967 0.05964722010931205 -36.15246317169942
0.042247943113964986 0.12331363900632478 0.9914680316266655 177.53861168220922 -0.14970219000042317 0.981932538057543 -0.11574862855752777 -12.480180880475636 -0.9878281052955098 -0.14353479417510312 0.05994495182577594 -36.105620361457696
0.042713473818672784 0.12490497357325911 0.991248862158743 178.3435705555133 -0.1477069722444354 0.9820410378544735 -0.11737994002422109 -12.589927776432901 -0.9881083996731955 -0.141400663175148 0.06039571962403781 -36.05650512494009
0.04415468470076536 0.12223566795599217 0.9915184341696961 179.18993182027413 -0.1488792132534359 0.982208908075646 -0.1144580305521839 -12.703556161280652 -0.9878690923801667 -0.1425626261549611 0.061567474723160744 -35.99885854665934
0.04631367832009588 0.11787591162108772 0.9919477368591341 180.07144156760106 -0.14989864578910272 0.9825894427640699 -0.1097651263343109 -12.817664103188644 -0.9876160383423591 -0.14360799569693775 0.0631767708960556 -35.936115809768665
0.04929161347929566 0.11324092883308724 0.9923441080984081 180.96038188075113 -0.1513107163737773 0.9829309560945477 -0.10465086077769188 -12.927175476522287 -0.987256503625609 -0.144993888105938 0.06558481882921458 -35.87046929335874
0.05360772784406317 0.11002015203779585 0.9924826334304165 181.85377472362896 -0.1519154498731312 0.9832410884442272 -0.10079016859225243 -13.032606530588282 -0.9869386544285521 -0.14537031382160132 0.06942308156635182 -35.80210725624962
0.06048237306669248 0.10783000213730987 0.9923278556945212 182.75539950790636 -0.1520476828345243 0.9835416559404321 -0.09760795651279518 -13.135908423010008 -0.9865208485850024 -0.14497759023042017 0.0758822353262427 -35.72748347968527
0.06985727775441149 0.1049880618396995 0.9920168686145835 183.66475064969694 -0.1537718916375116 0.9836937002815707 -0.09327866513073622 -13.237758798865627 -0.9856338904922884 -0.14602811680458705 0.08486237691428235 -35.641781589405035
0.08087450029342508 0.10310294818264466 0.9913773737978555 184.559207193967 -0.154464477355771 0.9839156280981041 -0.08972603869290798 -13.33529480028325 -0.9846827105405563 -0.14587603936342555 0.09549942775819827 -35.5478070591221
0.09304276860972228 0.10449006177870257 0.9901640622638845 185.4236826673779 -0.15646756420509983 0.9836559386288378 -0.08910048121049713 -13.427049752835906 -0.983290874848923 -0.146638403529574 0.10787137733957743 -35.445069404899705
0.1059684339222115 0.10769326765303447 0.9885205365162036 186.2503456184873 -0.15850376359252683 0.9832364083744332 -0.09012614589534036 -13.51258568429995 -0.9816553610810046 -0.14713369889034855 0.12126181060732327 -35.335671099193426
0.11990446450421366 0.11018338481617151 0.9866521885154901 187.05775451252717 -0.1606738141117198 0.9828741070060297 -0.09023533252496607 -13.595289181656824 -0.9796973230803223 -0.14770955110469408 0.13555457816577013 -35.217794854908135
0.1343609359170756 0.11065832978321541 0.9847344174695397 187.8484131170018 -0.16287154637315848 0.9826965307206595 -0.08820650708193215 -13.676061726797066 -0.9774558804782459 -0.1485337084946312 0.15005911888095563 -35.090507061447816
0.1490948146700819 0.1073726830429641 0.9829760135296516 188.63741797710304 -0.16568862375920512 0.9827450124148811 -0.08221630331299956 -13.75623877520757 -0.9748425596963202 -0.1506099183647273 0.16431261757666743 -34.94835248102273
0.16405603809768915 0.10440078167976444 0.9809108487259892 189.41015887464886 -0.16827974504917975 0.9827699123900837 -0.07645408234338906 -13.832055751038617 -0.9719915348241833 -0.15252467369393358 0.1787978751123374 -34.79679850372801
0.17897418665242393 0.1019641886186126 0.9785558465164103 190.17406190382462 -0.17063246066842608 0.9827593581033166 -0.07119415303657009 -13.90216515821188 -0.9689441696394796 -0.15423147635844187 0.19328695719565414 -34.63626853205788
0.19304335468318648 0.09872130127414627 0.9762112311827791 190.93620931518652 -0.17487620032658466 0.9824576066521571 -0.06477164264283321 -13.967351451561733 -0.9654804906221548 -0.15821237564126894 0.20692091828026704 -34.46036769200476
0.20448182277449933 0.09754945647996481 0.9739975809493977 191.7201538923294 -0.17797273175304434 0.9821428227029315 -0.06100149641997561 -14.030492285249167 -0.9625553962797031 -0.16087131302249302 0.2181914978619529 -34.272370538687056
0.21228105123251034 0.09440858276791561 0.9726375351524177 192.52393325618485 -0.1813024606020751 0.9818468751926749 -0.05573267851101667 -14.092497103166302 -0.9602427677765932 -0.16451058681474898 0.22554399517303564 -34.072048596278286
0.21682585293037085 0.09086775923384288 0.9719720159720824 193.3368139912161 -0.18145316313335885 0.9820589206846135 -0.05133250327686961 -14.154805357977992 -0.9591982584898259 -0.1652371829691841 0.22942400544514358 -33.869389865019386
0.21888860760003334 0.09253693922804744 0.971351991989114 194.1413367759292 -0.18018901660756478 0.9822049125279502 -0.05296629211073438 -14.215597489768228 -0.9589680368797058 -0.1634332422864628 0.23166760576053302 -33.670913163393095
0.2189916412258572 0.09368577281105811 0.9712186350384742 194.917639559336 -0.17865929967311428 0.982401529955968 -0.05448016685441462 -14.275725699411275 -0.9592306895181769 -0.1615865400117454 0.23187555794761028 -33.478790196054135
0.2186353251059341 0.09565964663191007 0.9711064960250636 195.67249967430234 -0.17620568377105916 0.9826941089953858 -0.057130072225906714 -14.33680671789979 -0.9597656753721687 -0.15862383223217758 0.23170741944396767 -33.29423365838825
0.21825357914159788 0.09481452061382241 0.971275234870451 196.40642064837252 -0.1741038629165155 0.9830852007594646 -0.056844814761500925 -14.397264323510335 -0.9602360231263086 -0.15669618606875313 0.23106943796633508 -33.11401649735161
0.21805733011917414 0.09078010642418126 0.9717046737866954 197.1415844331751 -0.17336617553434308 0.98343186329294 -0.052971118930700695 -14.459114856633938 -0.9604140617264474 -0.15690998227579245 0.2301827263291457 -32.93093737010021
0.21726579912248425 0.08750409499256238 0.9721823933250373 197.87868736486652 -0.17229774615997595 0.9837729945473097 -0.0500418012026983 -14.520355107762335 -0.9607856468535843 -0.15663246329848285 0.22881698416242913 -32.7487929163276
0.21607717793794384 0.08520435209781627 0.9726514645842889 198.60760426957688 -0.17075534680012805 0.9841300871099864 -0.04827611401156526 -14.579944635496958 -0.9613289055851497 -0.1556540716733137 0.22719715063789309 -32.57116900449304
0.21453952467216555 0.08481647515240104 0.9730256717559717 199.32053064222055 -0.1693340673710451 0.9843661544835075 -0.04846903686818044 -14.637495316995583 -0.9619245115813503 -0.15436787052386539 0.22554776560389198 -32.39935425257984
0.21303283071663334 0.08366272268303343 0.9734565022999828 200.03638857346675 -0.16710144625274792 0.9847673633589721 -0.04806606623448097 -14.69496209734826 -0.9626495310844431 -0.1524263392471243 0.22376794097149616 -32.229370683331254
0.2122621329870086 0.08453326791603856 0.9735496461481753 200.78590911345427 -0.16533093787038533 0.9849961367478941 -0.04948021397106038 -14.754912146851744 -0.9631253645723925 -0.15045510030290915 0.22305334543587982 -32.05128607653776
0.21245006126661284 0.08823989507045865 0.9731796814493014 201.5798746572713 -0.16309120899915214 0.9851473343470366 -0.0537213847189555 -14.817353375687013 -0.9634657383711198 -0.14730393934610725 0.22368576270766916 -31.86386411298431
0.2128998375530764 0.09474794958824533 0.9724692721205611 202.4093629222536 -0.16145505177161085 0.9850162710161765 -0.06062352753520581 -14.882766367461883 -0.9636420110327798 -0.1441033375123864 0.2250073391925066 -31.667089911369064
0.21332761442712553 0.09700136112443342 0.9721533134556689 203.26534971978924 -0.15974790943746606 0.9851300087007563 -0.06324137401737774 -14.95228453013575 -0.9638319015021192 -0.14180832802502819 0.2256511993089242 -31.46430698112589
0.21341376273803564 0.09434091528787318 0.9723961937279665 204.13000737801198 -0.15804129976809608 0.9855507588050287 -0.060931513902429374 -15.025047633138577 -0.964094141379152 -0.14067513469507503 0.22523985667931612 -31.25828491904354
0.21340964618516903 0.09031235326473945 0.9727795237169123 204.99821480938485 -0.15670517334473222 0.9859899354192965 -0.057160614927130815 -15.097877782646691 -0.9643131294149835 -0.14024095728293937 0.2245721762334928 -31.050719609663297
0.2131085066859601 0.08966094955320897 0.9729057911757408 205.86912096398615 -0.1557482751703147 0.9861642658592952 -0.05676720464905881 -15.168709875570194 -0.9645347267773993 -0.139430824667335 0.2241245322873769 -30.8439343240945
0.21146844168647286 0.08881628000529791 0.9733410330283587 206.74643691719413 -0.15387067915557462 0.9864694818067409 -0.0565842342012465 -15.237708212308398 -0.9651968256614282 -0.13780286597150232 0.22227338541342218 -30.63889917465462
0.2079455833131822 0.08753702588387804 0.9742155323540795 207.62422716117194 -0.15215727012895375 0.9867579648006602 -0.05618615531750416 -15.30655403780628 -0.9662333049152494 -0.1365503130785989 0.2185113554731017 -30.43872277938938
0.202048315113731 0.0876702456262285 0.9754436971919683 208.48151063315285 -0.150669282358037 0.9869110554060212 -0.05749205224277859 -15.373669347740098 -0.9677165110265593 -0.13535322954850043 0.21261292890455868 -30.248814313117766
0.1938204267437727 0.09046366869364265 0.976857188550786 209.31120774712906 -0.14880796726204687 0.9869286520380726 -0.06187103252451512 -15.439178204679664 -0.9696854289181621 -0.13337226260658136 0.2047486471530452 -30.075190016261406
0.18464285172433456 0.09503815226908341 0.9781997581886742 210.12238960307766 -0.14732653783212668 0.9867435516414246 -0.06805919882326912 -15.50408147659897 -0.9717005241109553 -0.13154813912535923 0.19619678523143871 -29.914738232897605
0.17495522532901928 0.09607208168666878 0.9798779639579916 210.92964839991916 -0.14595286553387476 0.9867629069618402 -0.07068752709402377 -15.57026420291725 -0.973698326060245 -0.13064884448248182 0.186661322353802 -29.764246580055516
0.16492265265880016 0.08922646058888804 0.9822622650650698 211.74313990266555 -0.14481385830408167 0.9872972098932171 -0.06536945601848787 -15.638605182353444 -0.975617478873288 -0.1314642843811477 0.1757489028389168 -29.619313270857738
0.15609798026470212 0.08222361720478413 0.9843133125844834 212.557640084475 -0.14417437834372815 0.9877529999812502 -0.059646958491096455 -15.70485206248479 -0.9771628161092095 -0.1326019901879312 0.16604078719314727 -29.48005497521346
0.1496009935204984 0.07709724689022907 0.985736048473233 213.3687306125792 -0.14406896697457966 0.9880150710861796 -0.055410757632865834 -15.766533542661591 -0.9781940888660888 -0.13372446981954283 0.15891535696377904 -29.345862032517285
0.14564912579857092 0.07500897374395504 0.986488715602965 214.17021386679048 -0.14441600319857748 0.9880531144999458 -0.053805770574395104 -15.824969489618717 -0.9787391635028513 -0.13462799406079953 0.1547415685616027 -29.216541297729517
0.14308973747628254 0.0734393480122505 0.9869812506793133 214.9519850768688 -0.14373102358897313 0.9882129381343645 -0.05269328004510647 -15.880542646150694 -0.9792174017484754 -0.13431995781484432 0.15195864254982083 -29.093278779338387
0.14141166466094804 0.07232251466373943 0.9873055226071261 215.7189530841672 -0.1427751333095073 0.9883907201022972 -0.05195234089157094 -15.935552648040371 -0.9796009403865802 -0.13361601059893535 0.1500958337374944 -28.97323816061731
0.14022133102545378 0.07452910362611051 0.9873111926024825 216.4642902737306 -0.14246973894316053 0.9883047454539541 -0.054370061602521 -15.988511265933134 -0.9798164888441703 -0.13303812545989502 0.14919954880360672 -28.858483943823668
0.13925240044463583 0.07605088425340173 0.9873322804277597 217.17949267389096 -0.1427295125209309 0.9881770629217521 -0.05598552108247469 -16.038224875029172 -0.9799168613846505 -0.1331253368807551 0.14846073371245888 -28.74884078066773
0.13877278346125857 0.07511558816700624 0.9874713985654152 217.88320008291248 -0.14334725710931084 0.988141790847761 -0.05502149633930217 -16.088605343433365 -0.9798947282487298 -0.13391583026103918 0.14789480030023075 -28.640178157326382
0.13902981937668718 0.07298510501704265 0.987594999870764 218.5972129793993 -0.14253515974324776 0.9883709709910974 -0.05297690005163762 -16.14114512753288 -0.9799767535819678 -0.13340164222289638 0.1478159811765363 -28.529011729733952
0.139870417956692 0.07120898308931314 0.9876059674323581 219.34351802112786 -0.1413026305936794 0.9886378612539922 -0.051271296867128585 -16.196822713722597 -0.9800356283155867 -0.1323799834662212 0.1483432074938279 -28.410618768909956
0.14108811208738367 0.07067221940208825 0.9874713069413199 220.11559992276784 -0.13939118174852036 0.9889303763657682 -0.05086068375287742 -16.253443041556288 -0.980134808625002 -0.1304689545671398 0.14937740396656096 -28.28921879070204
0.14309624004701083 0.06938500887189993 0.9872736128491694 220.92281054014956 -0.13753272220290302 0.9892550563200166 -0.049590158990859515 -16.312056458299807 -0.9801062271039132 -0.1286862622393161 0.1511013881571145 -28.160187246270983
0.14570555194546067 0.06737236080321987 0.9870313354357431 221.74795889619014 -0.1369249491721175 0.989450321658258 -0.04732461584188008 -16.370852000723794 -0.979806843427051 -0.12825375616397866 0.1533933623184177 -28.02652074642308
0.14889895196750458 0.06260600892507277 0.9868685777495653 222.58237431565644 -0.13661168933554468 0.9897264721463265 -0.04217530876797536 -16.428336371098567 -0.9793703836852876 -0.12853792428407726 0.15592194707889523 -27.888048987738717
0.1524047483609111 0.05789138857108077 0.9866211936738214 223.41195704727406 -0.13653102927504615 0.9899447229753313 -0.03699626330306004 -16.483879752625008 -0.9788422093075798 -0.1290660008778649 0.15877624726403985 -27.74591227822732
0.15586661691913756 0.05641728418308101 0.9861656492575602 224.25051057109476 -0.13510576329991003 0.9902023749588393 -0.03529432460072354 -16.538663128516163 -0.9784947779387132 -0.1277354558111336 0.161961794492994 -27.60163804835767
0.15973470649992308 0.05927330388859324 0.9853788606345839 225.1111957843054 -0.13450162059837495 0.9901936828388636 -0.03775956199980393 -16.59433237572258 -0.977954056996439 -0.12650354110512774 0.16614065273758086 -27.451471796161577
0.164678348411553 0.0630531565428273 0.9843298944024943 225.9848081577005 -0.13434166781893492 0.9900887255701561 -0.04094669445130841 -16.65095991649943 -0.9771557490247244 -0.12549348568291352 0.1715168423190058 -27.294828181743455
0.170139993185592 0.0638478994722284 0.9833492911736845 226.86330130508463 -0.13454787951488145 0.9900583553752934 -0.04100391529617918 -16.708930732883914 -0.9761911958406795 -0.1253311560808067 0.17703912132235977 -27.130019611925757
0.1752531752885132 0.061937577272407535 0.982573183571033 227.72687191267784 -0.13456260607996254 0.9901601834589165 -0.03841505092501661 -16.766681102210903 -0.9752841788916001 -0.1254852485921248 0.18186319800748735 -26.962214017547545
0.18000817274909675 0.06322113870781504 0.9816313693867039 228.58161264783342 -0.13468948817617243 0.9901173528307635 -0.039068777793017234 -16.821866718948044 -0.9744002255328003 -0.1251827274183091 0.1867444383047102 -26.792894478490936
0.18496858939966362 0.06506872956685746 0.9805879263829689 229.43415206588497 -0.1334873588378876 0.9902214844284051 -0.04052822235046781 -16.87364882285292 -0.9736363520154654 -0.1233996442821418 0.19184572402078098 -26.62082758250277
0.1903948980370587 0.06470563554994481 0.9795728474848273 230.3021997848485 -0.1326490516102265 0.9903702224690218 -0.03963649270010822 -16.925441110097076 -0.972704483339295 -0.12239282321580794 0.19714457871546698 -26.43989282407569
0.19640184373768252 0.06260990545511998 0.9785225166113127 231.17615119114382 -0.1322337840688202 0.9905338101298072 -0.0368374448159155 -16.97739091669098 -0.971566025613946 -0.12215879308762823 0.2028218113125286 -26.249749114391477
0.20286800462074064 0.06270027148142066 0.9771966274283556 232.06047662864935 -0.13108455068449362 0.9907044258112144 -0.03635355897177707 -17.02897641825119 -0.9703924016979127 -0.12072040686738193 0.20920126694819682 -26.05293340141401
0.20952029444909945 0.06321623439889479 0.9757586555713375 232.9532891053629 -0.13025119802480956 0.9908190901677781 -0.03622369351952487 -17.079345116228026 -0.9690902288368533 -0.11950413493899971 0.21583069778281622 -25.847821352510383
0.21610355847037263 0.06414302958296861 0.9742612194747144 233.85872330696367 -0.1298706686052798 0.9908615133350439 -0.03642898334297118 -17.128731988871245 -0.9676946116686088 -0.11865552303750267 0.22245899712135134 -25.635321363366835
0.22282178860870624 0.06173208037125791 0.9729026676776309 234.76193502561162 -0.13072006179331289 0.9908721584207149 -0.03293373819390068 -17.175657865077127 -0.9660552344281197 -0.11983954238776334 0.22885752798263495 -25.412967386408408
0.22962904874576126 0.0591058900633247 0.9714818545561908 235.6476332646287 -0.13170733372216922 0.9908598629468323 -0.029153220144263567 -17.22114020130291 -0.9643255042857227 -0.12125685861346136 0.23531488695635405 -25.18700877121999
0.2359680382407042 0.06140315544384513 0.9698189199177182 236.51915880336537 -0.13171192706392928 0.9908129880014156 -0.03068535606459208 -17.26607016556514 -0.9627933595522662 -0.12049595557214215 0.24188772497342076 -24.96148764775069
0.24100781922271558 0.06692898819556599 0.968212653094673 237.38651794490463 -0.13197940173271872 0.9906120811740575 -0.03562502140734719 -17.31250962368722 -0.9615074979384113 -0.1191982179863363 0.24757850520006386 -24.73299525623227
0.2448090372303279 0.07087070187735724 0.9669777034170787 238.26575204478962 -0.13285272238552379 0.9903701224211169 -0.03895092772110681 -17.362019156019024 -0.960426306098034 -0.11893008127042853 0.2518669218533769 -24.49753751406373
0.24691294339108782 0.06779272524282075 0.9666634082192715 239.1722580099535 -0.13388207146331577 0.9903698610470559 -0.03525803837885533 -17.413619279551817 -0.9597445437858143 -0.12071323346586603 0.253611367922605 -24.24974225198451
0.2476335790705689 0.058743818156337016 0.9670712354036348 240.10340474340546 -0.13425499517121514 0.9906110139013427 -0.025795647092660023 -17.460900372229545 -0.9595067518200572 -0.12344627562533968 0.2531952018620338 -23.99402209384097
0.24703790061308117 0.049473611420386976 0.9677420304160108 241.0453312171436 -0.1342411000436209 0.9908132307805976 -0.01638501660637208 -17.498206678502825 -0.9596622336633653 -0.12586303461754422 0.25140981245190797 -23.737853283161083
0.2468233132679192 0.04169853491780523 0.9681629430076079 241.97397646704985 -0.13490850706868937 0.990823455701346 -0.008280963261529606 -17.526158721033184 -0.9596238569084989 -0.12856948245112465 0.25018381529248973 -23.488843906223575
0.248455397476409 0.03883489595262299 0.9678645392415127 242.87971096462456 -0.13501412876763866 0.9908305603023797 -0.005097627289861836 -17.550132672650385 -0.9591877295388814 -0.12940885451629602 0.2514204603345275 -23.244655105683492
0.2519349128369404 0.0418106867002829 0.9668405588159256 243.76905227360945 -0.13355218415603004 0.9910090434750691 -0.008055424121727703 -17.573219325532158 -0.9584845401992648 -0.12709422578653184 0.25525368551839894 -23.006031870648094
0.2565461646429274 0.04785192616504272 0.9653467038164562 244.63817518861623 -0.13269796301734874 0.991059592087353 -0.013861296573335069 -17.59652219588022 -0.9573794002473884 -0.12454347872908872 0.2606023904111538 -22.769801266789614
0.2612705884715576 0.052125379614133355 0.9638571597492057 245.48949403021612 -0.13318797721416606 0.9909365127258506 -0.017486865709068697 -17.622453824561028 -0.9560327621610694 -0.12380538173605683 0.26584503969016454 -22.53196772513589
0.2652537084525383 0.05487605164248974 0.9626157536152751 246.32553618389278 -0.1325722208186642 0.9909723203909321 -0.019961625340063557 -17.651914703464477 -0.9550209821880261 -0.1223212131036174 0.2701341229935178 -22.295184630034896
0.268275039569853 0.05742840570659384 0.9616290768075756 247.1583728401706 -0.1320928606739096 0.9909857877425099 -0.022330352691752 -17.684576155198833 -0.9542431447502129 -0.12103365941073514 0.2734426338135113 -22.056620469178338
0.2704952633753617 0.05648797274467654 0.9610626521859477 247.9976988116533 -0.1316242575466356 0.9910728405472102 -0.021205649128911375 -17.720570686856398 -0.9536809567757917 -0.12076313040360576 0.27551569650081986 -21.811488885592073
0.27159641903081055 0.05220242644846737 0.960994428622003 248.83700925507944 -0.1322551783071015 0.9910790481665591 -0.01645867844699332 -17.757376116911757 -0.9532806265631313 -0.12262637138135146 0.27607756167650876 -21.56280148033813
0.27232076508257086 0.0470904244926508 0.9610535327576412 249.6684510795567 -0.13286848171054996 0.9910736047156944 -0.0109122226778096 -17.790827752912712 -0.9529886502329267 -0.12472209891169586 0.27614675549476486 -21.315354969559472
0.2726360260128729 0.041396062167212866 0.9612262810373807 250.5011446262902 -0.13359445658456945 0.9910245209941364 -0.004787479317328647 -17.81926009367521 -0.9527969975234917 -0.1271092633343005 0.2757192715151239 -21.06683186802268
0.272944281740992 0.036762709083942136 0.9613271671422279 251.33427824749822 -0.13424208562363593 0.9909485427755523 0.00021913106374429892 -17.84261550510373 -0.9526176995585949 -0.12911037445463547 0.2754088409907609 -20.8186286150297
0.27360060228854494 0.030642693533232374 0.9613551558921246 252.1729114907083 -0.13461877839639355 0.9908746179629152 0.00672874281773872 -17.861532455653858 -0.9523762360172618 -0.1312574447788506 0.2752289742373059 -20.567407869602814
0.27489226968380936 0.028731468402875937 0.9610456507323134 253.02741131108007 -0.1344843059675251 0.9908762573342811 0.008843873565244853 -17.878125129601656 -0.9520232200511267 -0.13167666981899073 0.27624815494200927 -20.311524376657484
0.27702347879112266 0.03497060974302793 0.9602265611055875 253.9040439470618 -0.13471866198705865 0.990879992116995 0.0027790888143834763 -17.894562021502594 -0.9513721008684667 -0.13013031036780964 0.27920821623422415 -20.047395146370302
0.27940848354410813 0.046200172112972115 0.9590601875900757 254.7854453474482 -0.13483489419786834 0.9908320617206681 -0.00844847755618898 -17.913646107068708 -0.9506579041012759 -0.1269542026208646 0.28307627913103167 -19.78315480777008
0.281245690373928 0.053818141368873945 0.9581254976805962 255.63652353692552 -0.1350300494301954 0.9907121157365271 -0.016012166740664205 -17.936973729564585 -0.9500882840015293 -0.12487238042278115 0.2859005792414164 -19.527473868686474
0.2820687718491336 0.05263027078857968 0.9579495093919302 256.4623110210112 -0.1343726809628581 0.9908192894929537 -0.014870043023807553 -17.96370178661344 -0.9499374666568187 -0.12452786903097929 0.28655125069737303 -19.27863339432065
0.2825896155791324 0.04657301731335431 0.9581096300659783 257.2866707908322 -0.13500201637125628 0.9908101869319 -0.0083444021754749 -17.99217277723985 -0.9496934056539154 -0.12698869056062065 0.286280121082772 -19.025470357813575
0.284301953646546 0.04498451881867216 0.9576788565168426 258.1099309094322 -0.13441560622602958 0.990902786317352 -0.006641752132919204 -18.019380807519134 -0.9492654233435689 -0.12683872096153748 0.2877622193916288 -18.77160601351035
0.28648190402511625 0.04592169345838759 0.9569844913769793 258.92510315228986 -0.1335975571313812 0.9910068260266652 -0.007560654540443801 -18.044940709410817 -0.9487253614163956 -0.12568479955215953 0.2900405484873847 -18.519745334628524
0.28899024599946915 0.04524994121279208 0.9562620354993724 259.7316388413098 -0.1324186996851828 0.991169966222051 -0.0068837513799702155 -18.069688797889334 -0.9481296987706115 -0.12463763829443654 0.2924303907420267 -18.269387006295748
0.29093189843694783 0.0413722426321127 0.9558488206884291 260.5360420935653 -0.13240429556043953 0.9911923786880693 -0.0026021044999425674 -18.093621166831838 -0.9475377211430774 -0.125801454563429 0.2938473430894162 -18.01607536689607
0.29242674267091556 0.03837866588822761 0.9555174923440781 261.33527498641456 -0.13241501819709697 0.9911941056286007 0.0007126871535506896 -18.116483006196688 -0.9470759542543248 -0.12673327491924213 0.29493357540555476 -17.76180404961558
0.29365726590478536 0.038594948962464126 0.9551313208642611 262.13163541821905 -0.13190923899942011 0.9912616716986604 0.0005008869817620387 -18.1379994850237 -0.9467657381041624 -0.12613773478130746 0.29618222265409744 -17.507573012520346
0.2946507169570094 0.04180426739279189 0.954690189655508 262.94149701935623 -0.13041826432459314 0.9914540206930397 -0.0031624645711186977 -18.159267200513177 -0.9466636315647077 -0.12357721504935698 0.2975846780218447 -17.250134375785198
0.29566288787010864 0.043459078259915185 0.9543032878771317 263.7677068847293 -0.1292321972451338 0.9916011480790355 -0.0051188205214708765 -18.181360663437175 -0.9465106950962054 -0.12181326547275055 0.2987959712301418 -16.98614656413725
0.29688770683571675 0.04047735743563005 0.9540541248088893 264.6097713782258 -0.1274886921974157 0.9918371016069136 -0.002407745374139056 -18.206484268586635 -0.9463637370966947 -0.12091628265466309 0.299624648013738 -16.716418627523375
0.2991007238904497 0.03661067271060603 0.9535189644741648 265.45141227614926 -0.1266391815041923 0.9919474956756186 0.0016381485934830742 -18.23081583260427 -0.9457807751673518 -0.12124283263988438 0.3013285596442871 -16.441182873311636
0.3022076198245672 0.03362545737144221 0.9526488771507208 266.28655287358777 -0.12588030968200387 0.9920332495647676 0.004917254551850464 -18.25168804129902 -0.9448940163607411 -0.12140576746813245 0.3040327901249172 -16.162953210646357
0.3066481168802962 0.033503786583348794 0.9512331095469414 267.1114217859512 -0.12391752862834926 0.9922799350347202 0.004997662066520636 -18.269422431454686 -0.9437220875408238 -0.11940697974601965 0.30843247992960154 -15.88656804828767
0.31198079331142137 0.034276956837968886 0.9494698914840334 267.9284571848142 -0.12416464500209329 0.992249146330386 0.004977201836616277 -18.28590785495728 -0.9419400859589108 -0.11944338339374984 0.31381866201227465 -15.60558357402288
0.31804885800232324 0.03640656604414455 0.9473750502690522 268.75284945601294 -0.12533038372317315 0.9921071987285671 0.003949828699523872 -18.301724478208165 -0.9397538075683546 -0.11999111708716935 0.32010141046386215 -15.313709391209397
0.32445829272434945 0.039680691903390436 0.9450673303910503 269.5873392641996 -0.12536953923970312 0.9921091464046968 0.0013857312026543944 -18.31733527097044 -0.9375549556763191 -0.11893226774181051 0.326872789899322 -15.015548833363194
0.33202676243958545 0.040799598506490536 0.9423871931353874 270.4256423001478 -0.12432919251223931 0.9922406641357225 0.000846359706313804 -18.333348566517984 -0.9350403632534486 -0.11744725282954532 0.3345230364110252 -14.711305036730451
0.3405794597703445 0.04046748368586614 0.9393444599009843 271.2632924857712 -0.12368349308002724 0.9923195084930372 0.0020944220342809378 -18.34902262852082 -0.9320450767651007 -0.11689472113089204 0.34296880186056095 -14.398255700459169
0.350093950577449 0.03883504046747832 0.9359092185682121 272.09550656510334 -0.1232100703875176 0.9923684591602605 0.004911193234944128 -18.363006295941773 -0.9285760627563995 -0.11703281973778709 0.35220706236537325 -14.077515949766196
0.36066602662750546 0.037631648506428333 0.9319355537092753 272.9181592575098 -0.1239382002880629 0.9922585105559366 0.007897514714630932 -18.37426596708564 -0.9244237879598742 -0.11835078056354541 0.3625379331792977 -13.745455614996104
0.37162945867805647 0.0360271100872199 0.9276818381220016 273.73456633866687 -0.12500545277053646 0.9920888377169101 0.011548803190843449 -18.383145475794933 -0.9199267265496132 -0.12025716367963706 0.3731930229297462 -13.403856770022838
0.3838149154891841 0.032437797831880166 0.9228401269558264 274.5422625386953 -0.12648518653928784 0.9918097861339371 0.017743892331527913 -18.38702108219443 -0.9147062961596749 -0.12353597613962258 0.38477429015603387 -13.052184266870018
0.3975351864471409 0.028842234922616644 0.9171335240961935 275.33903544072297 -0.12841015086361382 0.9914189269475336 0.02448151231812158 -18.38595868538451 -0.9085574327975198 -0.12750151675516272 0.3978275437089711 -12.688223689861205
0.4112309350341079 0.029020079603386317 0.9110691263843728 276.1380349457783 -0.13106984122016185 0.9909889938656287 0.02759548440792209 -18.381359035185547 -0.9020586537434768 -0.13076180259158046 0.41132898778168664 -12.309668606044617
0.4231543125462884 0.03133339111654301 0.9055156798060502 276.9503602655861 -0.1325579755391836 0.9907891998289022 0.027661247682525397 -18.375337898693772 -0.8963084351351548 -0.13173830158134947 0.42341021362507486 -11.91548109179983
0.4319165702818319 0.03292702353449589 0.9013123140383336 277.78295402009775 -0.1330535379131259 0.9907254018685838 0.027566903002164855 -18.36818881873419 -0.8920453084708077 -0.13182939434545388 0.4322917746403839 -11.506274403649485
0.4362224766866387 0.03369410585612648 0.899207794708169 278.61470801031027 -0.1340345727388174 0.9905836990919475 0.02790463051240409 -18.36008706851012 -0.8898003619599714 -0.13269755960027035 0.43663104966554606 -11.094702909869252
0.43628096019416085 0.035744711164415466 0.8991002387919999 279.4388480557673 -0.13424129281483144 0.9906138883853846 0.02575654172028717 -18.35180327102197 -0.8897405234535865 -0.1319334671785698 0.43698439464445293 -10.690401841499279
0.4335820202364868 0.039873268680795326 0.9002315003221968 280.2497006586789 -0.13527051321955375 0.9905802473677632 0.021275849645476935 -18.34497394202412 -0.8909032046080896 -0.1309996029365263 0.4348914623782682 -10.298935690736334
0.42851765459258273 0.04510262141714469 0.9024069886939992 281.04374256010675 -0.13664358680460478 0.9905008592742719 0.015381091056831442 -18.33886934948257 -0.8931411701895969 -0.12989919675743905 0.43061008905288 -9.921456099685537
0.4214494073332 0.04481869846367914 0.9057437172437435 281.83253952194394 -0.13712336215203474 0.9904434873040687 0.014794661505898199 -18.336113123321212 -0.8964248884377399 -0.1304338250799003 0.4235675113419478 -9.55349896447815
0.41339959196562637 0.04168325918765525 0.9095951205157966 282.6203958975591 -0.13687772103494245 0.990445125505648 0.0168209050404233 -18.33633518813862 -0.9002029031540236 -0.13145706244090977 0.4151551202712957 -9.194122995400992
0.40563326534737115 0.0400439335527186 0.9131583309751122 283.4092467616628 -0.13651989150462496 0.9904878549137964 0.01720838434684939 -18.33664747912419 -0.9037831450448679 -0.13164456940523211 0.4072416163396342 -8.844273009590658
0.39749842420545806 0.03864654077642676 0.9167886602921045 284.18788094532323 -0.13594774780277213 0.9905669134347111 0.017187200929196636 -18.33833408549524 -0.9074762876359524 -0.13146723886369083 0.39900269733928756 -8.503926621154797
0.3899182865501571 0.03890059009919733 0.9200274310604667 284.9703226508945 -0.13439948400162047 0.9908126858578412 0.015066527246387823 -18.342639424262707 -0.9109887532312821 -0.1295259264900362 0.3915642039985415 -8.16970982522831
0.38335148962809357 0.03871048564466947 0.9227909479947631 285.7713902280085 -0.13217359078938434 0.9911369387758817 0.01333080987080637 -18.349034148662376 -0.9140961532014892 -0.12707897896633058 0.38507032579402195 -7.83482001411304
0.37792995904043886 0.03946426464543301 0.9249927123365271 286.6037623958021 -0.13144544476632702 0.9912576932613706 0.011414052756408277 -18.356152548149012 -0.9164556951156303 -0.12589979096940096 0.3798133772314869 -7.490708979402884
0.37381547081062716 0.03695255359009672 0.9267666926286238 287.47261682764355 -0.12992395723939723 0.9914403772533303 0.01287414801166907 -18.361643854408563 -0.9183581867212176 -0.1252217518442469 0.3754167733961481 -7.136562038751982
0.3705495056735799 0.03220515299403548 0.9282542173164063 288.35794953971543 -0.12905814492373013 0.9914892402256876 0.01711963041457716 -18.365120963616057 -0.9198027283466328 -0.12614243789192064 0.3715521851486993 -6.780079229127907
0.3672198699838402 0.025557864997779595 0.9297829653342788 289.2277159826606 -0.12871267911730166 0.9914014595532132 0.023583728081081154 -18.36540239633935 -0.9211854391616795 -0.12833527002547332 0.3673519363553052 -6.431833270167828
0.363607133627243 0.020637134050236317 0.931323768124475 290.0466394575874 -0.12754453209125655 0.9914424203189561 0.027826597451181184 -18.363758440049644 -0.9227796295481393 -0.12890320356872537 0.3631276902147762 -6.108266678531099
0.36043827899002884 0.02131897737117594 0.9325394084126158 290.834480627985 -0.12614872192385032 0.9916682663677424 0.02608734245132674 -18.36163834192923 -0.9242135829967462 -0.12704153133145488 0.36012456500671436 -5.798948948239759
0.35770981349146647 0.0272064066147564 0.9334363935325273 291.6214166783684 -0.12509260895542468 0.9919626347203864 0.019025522418887206 -18.36082868108457 -0.9254164081734361 -0.12357160983696434 0.35823808944007746 -5.492363568597606
0.3553939157577352 0.036569932870132354 0.9340009660874318 292.4171455567488 -0.12392493844715025 0.9922568532600284 0.008303420341853662 -18.362720918354228 -0.926465204027249 -0.1186969973014378 0.35717397519747995 -5.185673517776467
0.3535962117089342 0.04316796425242472 0.934401544266377 293.215123590991 -0.12291494977915268 0.9924169852042423 0.0006652810746313464 -18.370157823090487 -0.9272872447013802 -0.11508715975477582 0.3562208745619787 -4.8802065512335595
0.35224783556084527 0.04230204656149028 0.9349502656288231 294.014266186709 -0.12164520234862247 0.9925732194302701 0.0009213117759335337 -18.384149500150734 -0.9279676217887458 -0.11405674432726594 0.3547776091937083 -4.575056896549974
0.3511102492920801 0.03840064306334259 0.9355463555882055 294.804399759362 -0.12187650489825866 0.9925326758252113 0.005000497278048535 -18.400438460238156 -0.9283683053593744 -0.11577684583527399 0.3531685314019333 -4.270713106323269
0.35043276510139904 0.035173954466601515 0.9359271713496552 295.5716528790699 -0.121021277408834 0.9926176059165951 0.008008672720138235 -18.41488786154943 -0.9287360914477913 -0.1160736031644822 0.3521025292307537 -3.9778110919603438
0.350719294468938 0.032879405229100434 0.9359032648724913 296.32240097308573 -0.11979814101872804 0.9927477389679212 0.010016595356419342 -18.425441842848095 -0.9287865103971233 -0.11563248456146703 0.3521146782207127 -3.6927160660219944
0.3521383355213985 0.029380873033066163 0.9354866952319693 297.07213706031183 -0.11881635626854187 0.9928238751958132 0.013543497488925332 -18.43310425531189 -0.9283756061741844 -0.11592030512805103 0.35310227515513826 -3.4056085590904117
0.3549978158547484 0.027584918223283517 0.9344600703213437 297.8302063164488 -0.11727870717574285 0.9929820787016611 0.015241267024484681 -18.438683354415346 -0.9274816739869004 -0.11500288545919217 0.3557415926687753 -3.1144402745038358
0.358829536351287 0.02690333896078495 0.9330153129475847 298.6007682355021 -0.11673256967765183 0.9930302635929162 0.016260466322722475 -18.442062720000614 -0.9260749813154284 -0.1147480106204084 0.35946908495764623 -2.8134983932779827
0.36315190905805567 0.026300033847827975 0.9313586844857842 299.3856551507796 -0.11639028443796384 0.9930521715092274 0.0173403099526816 -18.44440502145254 -0.9244317133438998 -0.11469826886404312 0.3636898602981028 -2.5016784018664744
0.3677193614375508 0.0251347086290879 0.9295970727396298 300.17837433940906 -0.11705230821424337 0.9929351751740798 0.01945494908074652 -18.447139794240982 -0.9225406377854993 -0.11596544452614992 0.36806356422522496 -2.1789596556951354
0.37228618056677926 0.027077235353040574 0.927722923660202 300.95648012805805 -0.11762957573697919 0.9928903042250457 0.018224343275740865 -18.4494386861292 -0.9206336310774966 -0.11591232506308312 0.3728244227884405 -1.8564934991012232
0.3772206476783153 0.02992322629699609 0.9256398778645661 301.7131124752355 -0.11623020351710914 0.9931050284914864 0.015262443293673947 -18.45170314779788 -0.9188009157350261 -0.11334462013214398 0.378097704742541 -1.5413613407615854
0.38354472779778914 0.034077789546387766 0.9228933557232656 302.46698852304206 -0.11512955669770167 0.9932876857970763 0.011169530808259734 -18.45490463442335 -0.9163179726236462 -0.11053631757715698 0.38489361587765125 -1.2221425641105519
0.39137153174602646 0.03621914290137174 0.9195197104066105 303.2443163656001 -0.11493290329913833 0.993324992784408 0.009792162635706841 -18.459327392046895 -0.913027245966953 -0.10951544364765757 0.39292189519630777 -0.8842099268831025
0.40023868053117123 0.03472376284867873 0.9157528372330024 304.0418805385441 -0.1160388907474598 0.9931588437911599 0.013057060676242183 -18.46418633387936 -0.9090346387463819 -0.11148888416803142 0.40152989212037826 -0.5267167830635502
0.4092027528334335 0.02954334239801873 0.9119650749856002 304.840564665133 -0.1181545205354955 0.9927761929397345 0.020855215393549828 -18.46441593340422 -0.9047610824690494 -0.11628680773001569 0.4097374305544915 -0.15664655047554388
0.4165568665431283 0.024405681978998256 0.9087820088574092 305.6223125367065 -0.12090645031047523 0.9922468302684029 0.028772523275257075 -18.457614501155135 -0.9010338546409283 -0.12186299893505266 0.41627803482944664 0.21202058411504376
0.4224394059931113 0.018588382742895565 0.9062005408799914 306.38559381697263 -0.1227910352708344 0.9917463958487028 0.036897804517638175 -18.44395392394364 -0.8980352498211318 -0.1268603892005254 0.4212352451191482 0.5780035029964128
0.42812342591878105 0.015246109042252043 0.9035916601754554 307.15111663149435 -0.12477448820429962 0.9912790636815005 0.04239274702210065 -18.42700848338219 -0.8950651704054402 -0.130894515033276 0.426292114237742 0.9511722453300564
0.43337489045873906 0.01747298354882021 0.9010443380687637 307.92264958341696 -0.12563593753180988 0.9912203221033589 0.0412053910285243 -18.407858103128078 -0.8924134778903653 -0.13106093199429458 0.4317652331816557 1.3308509874873997
0.4372584223817023 0.024700861666568208 0.8989966292980146 308.7003870846221 -0.1291871522854791 0.9909807562963724 0.035606464787105135 -18.388710171847407 -0.8900088492484959 -0.13170804107265446 0.43650571608648203 1.7174353253394226
0.44032710147877585 0.03352609803668613 0.8972112596561259 309.4754643720594 -0.1339540583638234 0.9905711010240084 0.028726365310329294 -18.373269630943156 -0.8877884623890759 -0.1328340866137742 0.44066625861566133 2.1067870243139577
0.44445219887604115 0.03881548414504535 0.8949612288277273 310.2631955502095 -0.13478667332516012 0.9905845637142711 0.023974461932257315 -18.362765711930024 -0.885604198052486 -0.13128434911134867 0.44549929749689043 2.503399960011553
0.44991471959352963 0.043118709824853024 0.8920300005919719 311.05359104586853 -0.13502366538800342 0.9906360997278988 0.02021701513780394 -18.354716956747843 -0.8828053890174561 -0.12954109301273437 0.4515238092756616 2.9048627616480234
0.4559349031057746 0.042790753171896956 0.8889838668799942 311.8356548225018 -0.13501304394833333 0.9906091859524555 0.021561972785814093 -18.34613518923824 -0.8797129316394818 -0.1298552738612977 0.45743061305150523 3.3086034227454952
0.4617319244978116 0.03987990201813857 0.886122578041305 312.6051072221193 -0.1373133405180377 0.9901599400255451 0.02698776916278725 -18.33518103030689 -0.8763268091387614 -0.13413756589274378 0.4626644972342779 3.714892897827993
0.4677163679637826 0.03470239277966605 0.8831971145073623 313.37281349101556 -0.1390979916569658 0.9896677921599458 0.03477657082367846 -18.32016418103118 -0.8728649081362845 -0.13911651626108776 0.46771085838113075 4.129616766247407
0.47319103915457833 0.032216221367309755 0.8803705785319161 314.14921578354864 -0.1409078590815428 0.98923294571971 0.039536746853516866 -18.300841803085802 -0.8696178561373179 -0.14275956774771892 0.4726356843316213 4.5501760366800275
0.4787207420247794 0.03049680064803187 0.8774374030695732 314.9343250823784 -0.14239398040103804 0.9888616720042941 0.04331914110896307 -18.277885357108588 -0.8663431222678413 -0.14567957575138574 0.4777311542155324 4.983170255801248
0.48361627978676214 0.030613255345508045 0.8747446041687601 315.72119227905887 -0.14488631018984227 0.9884010485885286 0.04551180361914393 -18.25344776358323 -0.8632052195421338 -0.14874876720916208 0.4824422796656317 5.4226838659111
0.4877530689582078 0.029494175914519666 0.8724832590422414 316.50401398747454 -0.14666533267891416 0.9879919098434924 0.04859286237699448 -18.22724752883545 -0.8605731949764829 -0.15166436519805676 0.4862218592546403 5.866609515451161
0.4916753347062479 0.027526433003782436 0.8703434153985339 317.2823906452681 -0.14674134728847635 0.9878252443918961 0.05165523727610795 -18.1995321761636 -0.8583253125927602 -0.1531129714562962 0.48972857353269056 6.310342055858687
0.49658922075266726 0.02756611580913909 0.8675478402321416 318.0664625958414 -0.14668324947829414 0.9877853118781034 0.05257567841087868 -18.171239048417014 -0.8555017066930639 -0.1533632514557279 0.4945670257388602 6.763962145723867
0.5022615216532418 0.030235304289265463 0.8641870111504241 318.8643794703653 -0.14560670366373646 0.9880754367571045 0.050056159715216965 -18.142872248799726 -0.8523684952617316 -0.1509727049893128 0.5006747353656478 7.230027170424973
0.5081868432531823 0.03290116093509593 0.8606181766343807 319.6825244663153 -0.1452704805487712 0.9882268813021051 0.04800123491162941 -18.116608028743343 -0.8489067203323886 -0.14941601213067945 0.5069834666865112 7.717747409756719
0.5132605703825718 0.03323996206050572 0.857588882747888 320.50956443806496 -0.1465830991739645 0.9879623008367096 0.04943568712972218 -18.090146051197763 -0.8456222454069608 -0.15108142522377893 0.5119545106991849 8.221107558827445
0.5184555646832357 0.03074573387184859 0.8545516527967553 321.3272803668293 -0.1488304680922842 0.9873446914652789 0.05477181759592752 -18.0621323987938 -0.8420530382442759 -0.1555800761152003 0.5164702515146178 8.728623399006118
0.5239420294667916 0.02895400139082277 0.8512616610429943 322.1321640598611 -0.1505326795770684 0.9868377667764984 0.059085822689694166 -18.03001062375624 -0.8383463855337868 -0.1591002447107818 0.5214043056931968 9.234134943431513
0.5295698026235309 0.029968901602672265 0.8477368041355772 322.93683883375076 -0.1507833853386038 0.9867861734238689 0.059307829544716306 -17.994046648646425 -0.8347575665156335 -0.15923226078971697 0.5270909715302411 9.742675374879784
0.5345930470527193 0.03270026652292249 0.8444767413092068 323.7567387686718 -0.14958943362437616 0.9871341500517841 0.056472746962385245 -17.956792555571838 -0.8317651563938134 -0.15651473531546212 0.5326066674745126 10.264353843341805
0.539875105885569 0.035663747720036165 0.840989278851761 324.5805144284004 -0.147845840231088 0.9875877093172925 0.05302946286531779 -17.92146107876006 -0.8286594460762555 -0.152966053436644 0.538446755886421 10.796336061341588
0.5454742728321762 0.03626930766281264 0.837342435924435 325.393128501045 -0.14713360890255214 0.98769209055912 0.053066329986754285 -17.88874961888522 -0.8251118220032464 -0.15214753224621358 0.5440970590086576 11.33198125384769
0.5509728966270916 0.03619913350949788 0.8337376625267156 326.19229334262957 -0.1474971477398442 0.9875545171341015 0.05459548604637139 -17.855558835159435 -0.8213850854446775 -0.1530545602757089 0.5494550418258524 11.865319003195482
0.5557113361471986 0.034146311666877316 0.8306737869206187 326.9794465040052 -0.14552735553521623 0.9877250507472642 0.05675396829507871 -17.819704261554904 -0.8185393696508554 -0.15242458307589563 0.5538592301349866 12.395702721090272
0.5598217762189622 0.03368187466246153 0.827928203523872 327.7574563623363 -0.1444990749618099 0.9878317508086875 0.05751912229356343 -17.782412453727048 -0.8159164149630922 -0.15183531675293133 0.5578767250749151 12.926134409193747
0.5631327924195983 0.03284163214802302 0.825713561290813 328.5343344801366 -0.1439105810466016 0.9878388882203758 0.05885639797302361 -17.745064135329763 -0.8137390262022169 -0.15197288612572796 0.5610107299491555 13.463781365978056
0.5662940600678633 0.03080984935723005 0.8236272158655501 329.31937626918176 -0.14449906083290115 0.9875347711567408 0.062410713622026145 -17.708246936638126 -0.8114376494532786 -0.15435617557773945 0.5636870693130651 14.01420024655651
0.5694663224730179 0.03108075270685659 0.8214268649004789 330.1010682386993 -0.1451800165999261 0.9873790374683913 0.06328822282254132 -17.670316448764297 -0.8090926216133101 -0.1552952773884827 0.5667914135479956 14.565533872366824
0.5726457266537265 0.033194647178781705 0.8191306288644681 330.87612883858475 -0.145844709882584 0.9873661841721868 0.06194625858369021 -17.63089837693895 -0.8067255991627433 -0.15493912918281433 0.5702522896960464 15.114271291193823
0.5756150424273084 0.034156517638335326 0.8170071329151464 331.6335727439351 -0.14700978431012166 0.9871708810751934 0.06230389132562396 -17.592665348427964 -0.8043975672815626 -0.1559710994384724 0.5732517508839006 15.65629547509228
0.5785107084786337 0.03513197161754275 0.8149178515321717 332.38640540190903 -0.14794364187571798 0.9870206205154867 0.06247378254732234 -17.55543505954087 -0.802145896333139 -0.1567036669879971 0.576199550284812 16.198863900223337
0.581549731719802 0.03456012480239751 0.8127764190171036 333.12975410683396 -0.15003589044517712 0.9865148146428433 0.06540452636107498 -17.517838459550106 -0.7995555897590522 -0.15998161851861778 0.5788926848917832 16.743392769705068
0.5846998285980607 0.036909378835000284 0.8104096545521963 333.8751659763095 -0.15044891974860478 0.9865689621834318 0.0636145062291722 -17.477539905093245 -0.7971770399251804 -0.15912064796976555 0.5823996792631407 17.289874799708624
0.5879471166735618 0.03626975710148389 0.8080858201422927 334.62738206903856 -0.1505348897509913 0.986448971326128 0.06525085391991711 -17.434868192042444 -0.7947687934002556 -0.16000916126716283 0.5854396923233687 17.84431712459616
0.591744503944339 0.03461803229884877 0.80538191803108 335.37923876183737 -0.15177580400511836 0.9859942127958669 0.0691340556575157 -17.390992802585295 -0.7917086252973781 -0.1631471856110689 0.5887108360281157 18.406288563064766
0.5957443544317274 0.03237000343954183 0.8025215554986954 336.1363416432092 -0.1529166551211289 0.9854821185233347 0.07376646024666893 -17.342733622894926 -0.7884828221015893 -0.16666486416783177 0.5920453211559329 18.978521222510828
0.6000449280670175 0.031515905097664526 0.7993452520825529 336.9044929190082 -0.15247846745674043 0.9854103562674058 0.07560917089206459 -17.29044599305849 -0.785300198180981 -0.16725183851550565 0.5960959832527771 19.563258159328974
0.6040091333361025 0.027498633923896815 0.7965028512057486 337.6885380326615 -0.15279141781032002 0.9848619387709976 0.08186418144549755 -17.235205516599358 -0.7821941891180723 -0.1711455132118536 0.5990671613578668 20.16739666365325
0.6067190320698338 0.027926266914474696 0.7944256665922007 338.48442051719104 -0.15384136651254762 0.9846135074933849 0.08287988182377688 -17.177501865600846 -0.7798877163244666 -0.1725003318193703 0.6016799692929913 20.785464284743323
0.6085775029821119 0.03134200689001057 0.7928752117881863 339.2843667118102 -0.15361039348471353 0.9849709050799231 0.07896938115184673 -17.119742650690682 -0.7784839560822849 -0.16985286206049285 0.6042455919345494 21.406847889589734
0.6104075543513873 0.03809927241573666 0.7911706914643304 340.0788754228818 -0.15384718187830665 0.985523277221107 0.07123843543670441 -17.065094398040074 -0.7770030001350428 -0.16520386041723684 0.6074323190976789 22.023535175323993
0.6124101034961625 0.03886242978728119 0.7895844329055918 340.87140425676944 -0.15392954434628642 0.985536084199975 0.07088245281536028 -17.012520560787173 -0.7754092858053482 -0.16494950224479582 0.6095343314334589 22.645130509488013
0.613694910242098 0.03801053667810492 0.7886277678628762 341.6673801585401 -0.15538670447829364 0.9851202276572822 0.07343779089703878 -16.960711035969346 -0.7741017563694805 -0.16761066840122174 0.6104696017196767 23.273970920434746
0.6142171742653065 0.03431491134353412 0.7883906073115182 342.4692158026245 -0.15617336039498964 0.9845799924435621 0.07881700313237922 -16.90509630293348 -0.7735290197144997 -0.17153636739571676 0.610105015813021 23.910118324250664
0.6136803861606551 0.033175469727902224 0.7888572569546657 343.27687672559017 -0.1569630580548894 0.9843008270243169 0.08071233068931162 -16.847031413488757 -0.7737951809411601 -0.1733530216857397 0.6092534348074375 24.546894117669392
0.612540205780929 0.03291783486878763 0.7897537036629872 344.06898404146585 -0.15671935997218184 0.9843550879372971 0.08052392850490926 -16.787689907631496 -0.7747474030364755 -0.17309383871040998 0.6081159301389262 25.16870007545596
0.6110227686261708 0.03595490899228035 0.7907960677316009 344.8529103659671 -0.15684378065219384 0.9846624794470172 0.07641878067580399 -16.72881559643406 -0.7759195864850503 -0.17072505993147905 0.6072904982133847 25.78165928093532
0.6088589631773204 0.03850251836492774 0.7923435612398161 345.62568401398846 -0.1562845212543216 0.9850678065831485 0.07222579075212947 -16.673911647444946 -0.7777312590959311 -0.16780635420931297 0.6057847110253246 26.383018690158956
0.6056672312186305 0.04064986741024243 0.7946790505024559 346.39101894880355 -0.15653142157748837 0.9852666773581025 0.06890202135390017 -16.622997989869866 -0.780169929622313 -0.16612393797178224 0.6031067220201267 26.974844528925907
0.6023043131821622 0.039547558797033394 0.7972863380965187 347.1505189477296 -0.15648344925331759 0.9852433192535659 0.069343579198065 -16.57513582732384 -0.7827786688662028 -0.16652805307037388 0.5996048391304443 27.555560452973335
0.5994830244510807 0.03888779486186089 0.7994422072956644 347.91249598262414 -0.1551937404672838 0.9855106478543313 0.06843731354683244 -16.526857539329548 -0.785197431423941 -0.16509543414799832 0.5968320461475984 28.1307360245941
0.596989164823 0.036218478613982225 0.8014313188856687 348.70092663963885 -0.15486669229300964 0.9853931246550237 0.07082864887055894 -16.475249413705647 -0.7871596056087709 -0.16639895339062474 0.5938780544929649 28.723749761860006
0.5945211280009645 0.03016128084051037 0.8035141103294439 349.5180618611512 -0.15327659680560962 0.9852233867847869 0.07642750162083335 -16.420081017474672 -0.7893357417678156 -0.1685976727904982 0.5903591377267572 29.334770368222102
0.5916485746751691 0.025527918605835115 0.8057917159269458 350.3372052741685 -0.15354015703169163 0.9847725521539332 0.08153797092710903 -16.361654163269137 -0.7914400699127637 -0.17196321087918948 0.5865588374925388 29.947217176051183
0.5889665446360322 0.026820268160248156 0.8077122522998533 351.1532306557299 -0.15272139721371655 0.985134722245357 0.07864956363293467 -16.301106449462992 -0.7935959829362664 -0.16967690544789335 0.5843074221889085 30.551769770711743
0.5864613214060563 0.03262864373205662 0.8093197699938296 351.9670447370866 -0.15221995188158335 0.985824771309206 0.07055924122549438 -16.242712342979978 -0.7955452248262359 -0.1645748822917876 0.5831148286356791 31.15141119170709
0.5845408251474352 0.03774048256802914 0.8104860761984035 352.8085382459366 -0.15105499310916767 0.9865153394222026 0.06300693724887138 -16.187467102236532 -0.7971790343409318 -0.1592580957446947 0.5823593788607104 31.76757145224217
0.5822997984505133 0.03644529965962712 0.8121568105096504 353.6738735373089 -0.1495462800954476 0.9867493469857171 0.06294153106552157 -16.136777027625946 -0.7991012794596822 -0.15810587071952203 0.5800342048620235 32.39751348710097
0.5799906886203338 0.03341014176213811 0.8139376902080044 354.5567990259904 -0.14876888452093245 0.9866998655757331 0.0655072077807106 -16.08945125387394 -0.8009236044168659 -0.15908217279211928 0.5772471240185031 33.035823747782096
0.5780928591512796 0.03153964103212212 0.8153612066083719 355.4456712091848 -0.14784019986195843 0.9867629667687281 0.06664925144779557 -16.04054914473449 -0.8024661497552846 -0.15907262007441852 0.5751034515977 33.673804988795574
0.5765176126119087 0.030518121536875054 0.8165145966889524 356.3281625973904 -0.14773873814734734 0.9867248329532478 0.06743418483241226 -15.990482259862098 -0.8036172643733401 -0.15950783144172903 0.5733729537655796 34.30440441306385
0.5750547022302571 0.02888231783745343 0.8176049786780921 357.2027332210476 -0.14761017247354113 0.9866381452119857 0.06896671222395127 -15.939898263530722 -0.8046883411763821 -0.16034644407964374 0.5716342287213174 34.92855926395001
0.5736346526202709 0.027962367142519567 0.818633856700909 358.06111816838654 -0.14805827888385023 0.9864945591020385 0.07005163035950038 -15.889880500471612 -0.805619036125121 -0.16138956250594128 0.5700275236749287 35.540328214355554
0.5723334780333608 0.028230003341802368 0.8195349027549436 358.9058997493959 -0.14910538456581432 0.9863295367654931 0.07015432415358473 -15.839647389196557 -0.8063510241921401 -0.16234873518228465 0.5687186597686055 36.141336991389906
0.5709868804137159 0.028121844939857032 0.8204773880080962 359.73581950904605 -0.14942577698213114 0.9862789561530045 0.07018374329589257 -15.790181629699795 -0.8072458854455038 -0.16267446783965858 0.5673544729218128 36.729993962308235
0.5695865841209435 0.0283852054486447 0.821441052846198 360.54848475320574 -0.14929647802009266 0.9863512971353372 0.06943832004182646 -15.741320726437955 -0.8082584270146692 -0.16218939161077553 0.5660502772799415 37.304909087329804
0.5678637998899583 0.02819532122445642 0.8226394888622742 361.3588459997734 -0.14913312340749202 0.9863971159592912 0.0691378415190689 -15.692197056622248 -0.8094998556375776 -0.16194367381358243 0.5643440707888233 37.87486888458006
0.5664379904966176 0.02760833999215362 0.8236417804391832 362.16350759506554 -0.14800722677617928 0.9865960472839141 0.06871754001547642 -15.643814018041596 -0.8107045477510127 -0.16082916105803619 0.5629317162935426 38.43566108193522
0.5653379449430693 0.026984770145585202 0.8244178735251521 362.96811285181576 -0.14819383162706082 0.9865250519450021 0.06933188409814528 -15.597428327504687 -0.8114379805476407 -0.16136958841460297 0.5617190219848958 38.99303726834259
0.5647366043066251 0.02583048900631746 0.8248668702244706 363.7689059044975 -0.14728138497094503 0.986618839082013 0.0699389734661501 -15.550652554506904 -0.8120226360128506 -0.16098463344727412 0.5609841231234516 39.54609739187875
0.5642531351493415 0.024938875990869053 0.8252250916801109 364.57698120315075 -0.1472582305337924 0.9865555398350178 0.07087439848697585 -15.502143618318875 -0.8123628579730802 -0.16151228834100018 0.5603395111007808 40.10503935234914
0.5636690530581532 0.023336407434927126 0.8256710063412379 365.402737448096 -0.14740571104603822 0.9863968406154975 0.07275183279323139 -15.451767006074455 -0.8127415056311156 -0.16271657847863447 0.5594412928205008 40.67524979839862
0.5635423307579751 0.023339602833708867 0.8257574125513075 366.2406941936962 -0.14727311979460372 0.9864258834461341 0.07262647350295619 -15.400109209355513 -0.8128534121413462 -0.16253996249253955 0.5593300376013203 41.254091447147836
0.5638877433516627 0.024712997923378444 0.8254816052653173 367.0922380019481 -0.1455644208682154 0.9868770545325973 0.06989047584874226 -15.34705591935186 -0.8129216519905631 -0.15957113451593244 0.56008520847656 41.84064045366917
0.5642723382884889 0.023956220702770564 0.8252410724946244 367.94746440156484 -0.14427806848313177 0.9870582546036674 0.06999886408746793 -15.294294897403688 -0.8128841044067805 -0.1585626106886468 0.5604260266033213 42.42965056365445
0.5647417244295484 0.019593782340623783 0.8250350710011816 368.79948999128453 -0.1440154787665592 0.9867181128993224 0.07514590841846218 -15.24040768166654 -0.8126046557607055 -0.16125585065350517 0.5600626965492699 43.01773210837222
0.5650251779256106 0.012868704631620292 0.8249732994171587 369.6349744770784 -0.1438696321333739 0.9860967860137364 0.08315441998585602 -15.18161085603024 -0.8124334294327973 -0.16567294605481217 0.5590209277706724 43.5937728785637
0.5658562582791669 0.00687403742325679 0.8244752528583262 370.4676708874761 -0.14364256698823563 0.9854949618834128 0.09036865082227488 -15.116705751202993 -0.8118950104017928 -0.16956540835887424 0.5586358960653719 44.16865166129933
0.5672268149830895 0.0074996746761895605 0.8235274708495691 371.28683534118534 -0.14267212999395407 0.985734002807858 0.0892924354656288 -15.049215427713698 -0.8111093660457414 -0.16814348214589417 0.5602047533935505 44.732541054191174
0.5696357716971281 0.011523000364558528 0.8218164686020916 372.09838383753345 -0.14087170760275006 0.9864738418106639 0.08381241805598749 -14.982574736067441 -0.8097346785213654 -0.16351324070516368 0.5635540528769146 45.29231940224099
0.5719292085871329 0.016514023521585708 0.8201367370091536 372.8914176274308 -0.13910021687358545 0.9872705420403599 0.07712331998204344 -14.92019537851968 -0.8084232245739934 -0.15819027734491067 0.5669459640238447 45.84160312963855
0.5729961300323781 0.018116353937569468 0.8193578172495359 373.6760760184931 -0.13787477928169603 0.9876376231250938 0.07458197252577874 -14.861884555351494 -0.8078774537056582 -0.15570395983346477 0.5684103242255902 46.38821975293414
0.572559978503825 0.015519268510969464 0.81971594062857 374.46525480159687 -0.13725231262937979 0.987525296494316 0.07717247865461843 -14.805622790081664 -0.8082925668924481 -0.15669378127001427 0.5675475180262196 46.93904581878599
0.5714496584862653 0.010717155496006964 0.8205671394797641 375.2662433203718 -0.13702504452099618 0.9871233269517974 0.08253286958316157 -14.74740832887732 -0.8091164471137303 -0.15960162895687077 0.5655598067794133 47.49790870267377
0.5706139399239946 0.007195537481578224 0.8211869189196601 376.0718070178873 -0.1370164418818686 0.986779418072344 0.08656139279630413 -14.685047828167697 -0.8097074942338404 -0.16190924713911445 0.5640559985253243 48.05905649417581
0.569672583479719 0.004204292971167756 0.821860980672615 376.8637066593829 -0.1374260144556328 0.9863955099351808 0.09021080052051304 -14.6206080837948 -0.8103007084918407 -0.16433569880073004 0.5625002577042046 48.61072415580761
0.5686848351778568 0.0027123314395728626 0.8225510327614287 377.6458695467959 -0.13734686791403858 0.9862687472644043 0.0917049401270347 -14.554533856764671 -0.8110076424503863 -0.16512601681037836 0.5612486102071031 49.15284577706251
0.5678647960944841 0.0037789773644319458 0.8231131712508594 378.4146558095456 -0.1361542079085905 0.9866454076610512 0.08940285907139156 -14.488394282833973 -0.8117829790192392 -0.16283905818762887 0.5607957169087648 49.68010135671088
0.5673509325816939 0.00481451549132586 0.82346204511153 379.1799584789061 -0.13466192291398718 0.987064161552766 0.08700866333440208 -14.422452850426936 -0.8123909685710359 -0.16025342872686316 0.5606601044888948 50.203271360974306
0.5673572737853187 0.0033310512663455583 0.8234650132096379 379.9405036152989 -0.13265998375039292 0.9873000006426846 0.08740730771678916 -14.358120320598722 -0.8127158498480468 -0.15883202708652 0.5605937339797463 50.723824467490445
0.5672273829893653 -0.0004930356788077628 0.8235610802501857 380.6988710067241 -0.13140271296486447 0.9871348001155512 0.09109453016675202 -14.294944468030558 -0.8130107151892318 -0.15988947218828173 0.5598651031014944 51.24673644182767
0.566893685356003 -0.0027929471832732755 0.823786227700802 381.4598612874083 -0.13005684496142658 0.9871498321251082 0.09284624932676125 -14.231029113562002 -0.8134597510523588 -0.15977299014977203 0.5592457644331659 51.77054988037323
0.5663196917714424 -0.003070421925144007 0.8241799434717503 382.2245666692653 -0.12790283649207243 0.9875508608158509 0.09156506822555906 -14.164981037247905 -0.8142007560357445 -0.1572700537644428 0.5588767834324058 52.293367419041424
0.5657215349982991 -0.002261774163813457 0.8245932507708253 382.98755882648356 -0.12717648483905467 0.9877921288908573 0.08996027904162285 -14.097672972429542 -0.8147301924828534 -0.15576133820334515 0.5585276349277238 52.815381877970424
0.5656766417974263 -0.003848934733122117 0.8246181677759735 383.74646144044897 -0.12630991270514946 0.9877843380493144 0.0912573693292335 -14.030596208902452 -0.8148961546584945 -0.15577961100829216 0.5582803685576854 53.33526607093591
0.5663750642584275 -0.006047660158948781 0.8241254227317958 384.5027242857459 -0.12616405285237026 0.9875502937537952 0.09395237663121701 -13.965287676731585 -0.814433495353748 -0.15718728674225418 0.5585608637673117 53.853595472711426
0.5674646944542313 -0.008160820257984563 0.8233572866992067 385.27180211053786 -0.12521861156282582 0.9874650287418868 0.0960891061986725 -13.897049470469355 -0.8138206926997132 -0.15762683155002044 0.5593296542373388 54.38126360913499
0.5686435125361272 -0.010069751510567465 0.8225224348035061 386.0624765025915 -0.12404902595106498 0.9874398332486112 0.09784893905681243 -13.824812265259567 -0.8131767303674918 -0.15767427126347291 0.5602521123301267 54.922184893358825
0.5699427918275847 -0.012871062490616814 0.8215835622711413 386.87646732748453 -0.12150464491996832 0.9875649016487266 0.09976064501801495 -13.747489963999328 -0.8126511153666424 -0.15668407954192615 0.561291603278948 55.47669704857622
0.5712825184173418 -0.015140183091181342 0.8206138306211409 387.700946720606 -0.11989836068902168 0.9875645016303716 0.10168942041155644 -13.66743689129364 -0.8119486851118253 -0.1564836412393275 0.562363052457805 56.041812077168345
0.5728154235306048 -0.016725509296555086 0.8195137264892042 388.5345553305765 -0.11751621304204116 0.9877877429664313 0.10230011983149254 -13.584149364712452 -0.8112166358240619 -0.1549052361414907 0.5638545358319298 56.61569207868861
0.5751989897107999 -0.019222420826659065 0.8177876379435162 389.3769158280746 -0.11582585029412909 0.9877375895759941 0.10468441403687581 -13.497584102359482 -0.8097718781479848 -0.15493531771731345 0.5659192103865368 57.20355584082104
0.5784872878716116 -0.020467203832416958 0.8154345782085937 390.2118602261868 -0.11424653415500019 0.9877981043805683 0.10584249815515223 -13.40917265529174 -0.8076510305846919 -0.1543891140898066 0.5690903392661402 57.79078977814346
0.5817671860324879 -0.022630638447570905 0.81304046360516 391.01937610011953 -0.1128151072760295 0.9877053731408559 0.10821666895158594 -13.321066972707264 -0.8054934467927942 -0.15468015409914257 0.5720614976571403 58.36598360257525
0.5844282854552325 -0.02272787517923755 0.8111270078413688 391.77843576614924 -0.11315269881837337 0.9875585622750591 0.10919960085702417 -13.237871704606455 -0.8035172965841951 -0.1556005455229893 0.5745854369221132 58.91035138169064
0.5866880302840612 -0.023366483144574374 0.8094758567041147 392.50554940506015 -0.11263390160937961 0.9875134341838508 0.11014000869194912 -13.156601845610446 -0.8019418677994399 -0.15579224875412873 0.5767304534169131 59.43353963850265
0.5890525426646418 -0.023604127630177524 0.8077499285912295 393.2147357962492 -0.11313411943473195 0.9873200074255828 0.11135472130480949 -13.075101271871986 -0.8001360965486095 -0.15697785861694719 0.5789129286032513 59.94714578268947
0.5918359524718457 -0.024492346431803397 0.8056862480693121 393.9333489948782 -0.1138809119301876 0.9869717173452258 0.1136572349591589 -12.989305759062304 -0.7979732722715024 -0.15901872256711505 0.5813361356508252 60.47098351083541
0.5945629044634984 -0.0281151344679004 0.8035573979808652 394.6759586508989 -0.11389715009188423 0.9863657970323298 0.11878532588548346 -12.895409733227126 -0.795941198730706 -0.16214824593138707 0.5832542794566554 61.0166939448002
0.5969362743579356 -0.03239685907230391 0.8016342856177713 395.4378802248665 -0.11587351158216291 0.9852267351115913 0.1261015849819879 -12.79524379178882 -0.7938768252501665 -0.16816279000896853 0.5843636388304094 61.58079832075928
0.5989855205498962 -0.03698237507209465 0.7999054007228571 396.204672913383 -0.1174629930856145 0.9840691293066323 0.13345558812223868 -12.689146346688503 -0.7920977158324194 -0.1738972474759467 0.5850990992074369 62.15260099163189
0.6012781962140279 -0.03878046343765118 0.7980981182869457 396.9678600483678 -0.11863768952780651 0.9834178562455154 0.13716566130404473 -12.578611741737014 -0.7901832884724317 -0.17715923818145402 0.5867068901469129 62.722022557681065
0.603732478515524 -0.03978699543203665 0.7961934999609023 397.72211866905826 -0.11963527424426745 0.9829210367747846 0.13983431847039077 -12.465041249535084 -0.7881589278451389 -0.1796753473909842 0.5886614256072258 63.287710373148585
0.6063114655145069 -0.03894731743027366 0.7942729463167146 398.45504515363064 -0.12128605140111942 0.9825857604941876 0.14076546810060026 -12.351542966620983 -0.7859237243659041 -0.18168194665139847 0.591029246095137 63.83994299487369
0.6088400881805901 -0.03824894754195868 0.7923703458839064 399.16124353277735 -0.12254446102929367 0.9823128078955231 0.14157825580028097 -12.239419770227443 -0.7837707586375553 -0.1832991147178359 0.59338421991857 64.37580446287258
0.6110723490905454 -0.036739333982478195 0.7907216991555781 399.848183659443 -0.12300039505049806 0.9823820711491509 0.14069957036936104 -12.129593294419855 -0.7819600290260249 -0.18323669835277342 0.5957875673278137 64.89797918212086
0.6134092824826572 -0.03535050026381048 0.7889736334600849 400.5286858081091 -0.12314720457262215 0.9824969893741876 0.13976563195794284 -12.019668539811164 -0.7801050045795491 -0.18289343345717124 0.5983194580056628 65.41830454213354
0.6158059491190073 -0.03688307801915944 0.7870340981085061 401.2164392061381 -0.12123816932720985 0.9825712333943937 0.14090804662617273 -11.909109754454654 -0.7785141869791606 -0.18219058664390286 0.6006015740992761 65.94434027628449
0.6179043502483136 -0.03692652514332298 0.78538566684467 401.9075849068329 -0.12147640240425889 0.9824189132326142 0.14176234542982447 -11.798139037054675 -0.7768125241029048 -0.18300139525065334 0.6025552188249549 66.47693481751757
0.6193174724717239 -0.036800191865375725 0.7842777659540691 402.5956558353111 -0.12182975321728962 0.9822979148759157 0.14229658344963766 -11.687862052153555 -0.7756309557529585 -0.18367512708338307 0.6038709035618923 67.00939159871696
0.6198053042255748 -0.03746276806721399 0.7838609097681701 403.269912167669 -0.12163264230263104 0.9822030036655879 0.14311799298751532 -11.580293718610797 -0.7752721362078744 -0.18404836483662768 0.6042179360302404 67.53045609538528
0.61922546885254 -0.03849023082138611 0.7842692910318922 403.9339903743213 -0.12254393209042241 0.9818223100000023 0.14494114769131056 -11.47496043089123 -0.7755919052131527 -0.18585869287599324 0.603252636007718 68.04376059087052
0.6177738868218982 -0.03969016736488129 0.7853534970798249 404.59845325039095 -0.12282185355772421 0.9815976455529444 0.14622193588363627 -11.369298748957533 -0.7767047167679668 -0.18679066587884155 0.6015305728646985 68.55539372555484
0.6160068870346785 -0.03936426319882172 0.7867566141499268 405.2887159896463 -0.12329665308465182 0.9816228977923224 0.1456517142635953 -11.259829051751083 -0.7780317798547599 -0.18672691641168104 0.5998329836074541 69.0833142611571
0.6141069077921651 -0.037018393013297346 0.7883541998243279 406.0029428046221 -0.12151451438166072 0.98255346109841 0.14079388792885103 -11.14664910578891 -0.7798121110860822 -0.18225897690441964 0.5988945956854369 69.62440425465563
0.6116468665035046 -0.033814595766836486 0.79040792241068 406.7290048231167 -0.1201350389179538 0.9835300498532962 0.13504152494603994 -11.034236834489775 -0.7819563179108049 -0.17755341210096653 0.5975107553263638 70.17123177136271
0.6077831536943283 -0.03192125497187534 0.7934611972657487 407.45319313734365 -0.11980996010749592 0.9840677981236481 0.13136263606944054 -10.926254783268135 -0.7850128734896102 -0.17490455161914045 0.5942753455078661 70.7106940098519
0.601738603735062 -0.032378629420510424 0.7980365136582571 408.1642851979708 -0.12077663695901744 0.9839990169184417 0.13099213208588933 -10.82362053667304 -0.7895084906065583 -0.1752071889517854 0.5881996125464285 71.23786254396964
0.5941656558291886 -0.03545798624211441 0.8035607659939121 408.8662420647673 -0.12345984516884428 0.9831689754144812 0.1346715724023507 -10.724519569373804 -0.7948111977469576 -0.17922471089135733 0.5797876015766094 71.75370458030139
0.5856726929644834 -0.03903883396495539 0.8096069825281801 409.5677162156926 -0.12494957946531063 0.9825516887104424 0.13776712816814185 -10.625194259188177 -0.800858975917215 -0.1818464969552942 0.5705758076171116 72.25750057064644
0.5778018751977635 -0.042415893079318645 0.8150741592224784 410.2783385119115 -0.12542277582946 0.982172413734289 0.1400231302413663 -10.521709295679145 -0.8064825604569386 -0.18313449078106883 0.5621811433738955 72.75458974821301
0.5712974589896882 -0.044478064498125525 0.8195370126665569 411.007109848889 -0.1256795278169396 0.9820131845760809 0.14090692533176793 -10.414568212585792 -0.8110634189997937 -0.18349879317652715 0.5554316548983542 73.25324910947683
0.5660239162724605 -0.04478031632603541 0.8231717010911667 411.75085329627046 -0.1240515158407319 0.9825273620328521 0.1387487090908557 -10.305196505098401 -0.8150019310561182 -0.1806507850149078 0.5505789191826156 73.75027369198897
0.5615668914169906 -0.04340921895446426 0.8262918771076112 412.49765637920945 -0.1218998966145653 0.9833859781733155 0.13450811550782737 -10.195997580891536 -0.818402738063366 -0.17626019868896123 0.5469454275231802 74.24371927030158
0.5578969184142235 -0.041886513407567216 0.8288525492622131 413.2449399982406 -0.11946978545338569 0.9842695777057002 0.13015517187865328 -10.088585831919069 -0.8212660949945723 -0.17163600553962283 0.5441167915206899 74.73280675043041
0.5553632205141634 -0.04197463819792993 0.8305479053301428 413.98022963753607 -0.11707584139900776 0.9848322773808497 0.128057146577459 -9.984422007240902 -0.823325537476428 -0.1683553241718221 0.5420254091480883 75.21090630688474
0.5533631789165946 -0.04585214474990454 0.8316770845954293 414.7213231444957 -0.11669625193588584 0.9843680116624364 0.131915133323873 -9.880893508093159 -0.8247249098962849 -0.1700505761165563 0.5393622387218007 75.69348031894883
0.5515233251916712 -0.055275500623329255 0.832326042365827 415.4596959869032 -0.11833180145600927 0.982526961816381 0.1436605515374514 -9.775636456723639 -0.8257236865524057 -0.17772278507470404 0.5353456875063026 76.17566937613145
0.5491558614649366 -0.06525570573989622 0.8331683699511698 416.18972882607176 -0.12038816667962635 0.9803716454790216 0.15613496105700259 -9.663338410015271 -0.8270033428845494 -0.186046041637927 0.5305208207494214 76.64856722524267
0.5461172335574729 -0.07398333702240883 0.8344353977717864 416.89289076846296 -0.12162370482831095 0.9785357614140191 0.1663593642020767 -9.545582400099008 -0.8288326982180217 -0.19233884027130865 0.5253971154162557 77.09710720799836
0.5439523953097137 -0.0775372202710603 0.8355260445428737 417.58692056685817 -0.12020473962453243 0.978251807390308 0.16903911354888154 -9.422687085090544 -0.8304616861774065 -0.19238342134973688 0.5228020724721251 77.53314807820234
0.5418491431104384 -0.07657407628149013 0.8369802368945868 418.26313617706177 -0.11981502045035147 0.9786326617883198 0.16710019196753667 -9.298365952156772 -0.8318917399427426 -0.19082590003126487 0.5210965446942579 77.95548981284695
0.5393764960085838 -0.07562062765793817 0.8386623374315315 418.89967054274183 -0.11935343606925344 0.9790387619819917 0.16503896459693823 -9.17999117791684 -0.8335632866507274 -0.18911537010350665 0.5190449151457429 78.34893469036678
0.5366195692544837 -0.07942443681340111 0.8400780896619104 419.4935754762338 -0.11910010291560708 0.9784650707452791 0.16858609318957957 -9.070549375207634 -0.8353769229387548 -0.19051998364556896 0.5156040461954019 78.71247536805747
0.533580719180238 -0.0852803450899843 0.8414385769980075 420.08766354582235 -0.11768095660957242 0.9777386025093819 0.1737193645350299 -8.96202647947451 -0.8375218257278756 -0.19171460013345848 0.5116665941070555 79.07293582035663
0.5313310095335537 -0.09016722691497367 0.8423522003880068 420.72423591843614 -0.11732868596960136 0.9769053325937922 0.17857757585558293 -8.842427993666568 -0.8390002012852555 -0.19371588045452925 0.5084808943343175 79.4580322005714
0.5296953324119146 -0.09271192117449731 0.8431057789466062 421.39947254334635 -0.11631726667779446 0.9766769534774402 0.18047831453842425 -8.711151849397702 -0.8401744749119889 -0.19366628053989518 0.5065572262718264 79.86670444663378
0.528824991882491 -0.0926356867139965 0.8436603330176832 422.0971700650967 -0.11561650800351345 0.9768969605270058 0.17973633909192846 -8.571938188139754 -0.8408192142414176 -0.19259012970586398 0.5058973126063468 80.28908638361094
0.5284399352809407 -0.09323637704958482 0.8438354180733001 422.8002533874843 -0.11476440322635165 0.976982490730571 0.17981753128654163 -8.432413771267562 -0.8411779636630843 -0.1918650327718802 0.5055763470011949 80.71451272755827
0.5280082124876347 -0.09465808982451171 0.8439473760705616 423.51283203202996 -0.11436957826450775 0.9767896351488872 0.18111214269976444 -8.292422958604021 -0.8415027790288097 -0.19215060420533642 0.5049269434188619 81.14530071651573
0.5272077552128539 -0.0967765725604848 0.8442074850692022 424.2339943751792 -0.1132914541673983 0.9766184016681386 0.1827061683025615 -8.149146007310272 -0.8421502414985453 -0.19196560245682776 0.503916836608313 81.57883488655008
0.5267268964969433 -0.09791313729136478 0.8443765712361159 424.97895639649 -0.11313447463137269 0.9764313316603616 0.18380001415085293 -7.997731770408663 -0.8424721758945988 -0.19234051080761116 0.5032352936208742 82.02606784649798
0.5263526553779141 -0.09914789369499691 0.8444658532779542 425.7580131176036 -0.11185412431622199 0.976472337637597 0.18436493349337119 -7.837944025023148 -0.8428769406325387 -0.19149796083616555 0.5028787069915791 82.49098037074262
0.5260718547433751 -0.10056668279530984 0.8444730581601828 426.56999059816604 -0.11073602449619477 0.9764294042930735 0.1852650838950745 -7.671921905063385 -0.8431998200460205 -0.1909763355586717 0.5025356730929063 82.97546484839052
0.5258366089195577 -0.10309833997322923 0.8443142738428289 427.3861720884202 -0.11014715171527623 0.9760155884918222 0.18777959417884277 -7.505358352556229 -0.8434236572974403 -0.19174019744363305 0.5018687388105447 83.46568002674321
0.5244084494665892 -0.10295911788567003 0.8452190237874744 428.1900222443554 -0.10925222041590663 0.9763206331071155 0.18671361413542567 -7.342497994043718 -0.8444286414269948 -0.19025625196960846 0.5007422771488714 83.94580405698365
0.5222408080994341 -0.1003345020877538 0.8468751537543485 428.97857676063296 -0.10856565104573096 0.9771527714631183 0.18271825479398804 -7.184226295742391 -0.8458593486914149 -0.18736448145992526 0.49941617246399717 84.41513620077296
0.5185405885625867 -0.09586417825432064 0.8496621195162163 429.75768586522577 -0.10792568603803596 0.9784098134063318 0.17625630009563767 -7.032910274225102 -0.8482144211851054 -0.1830964127387755 0.4969989932945626 84.87396815741606
0.5123602206458938 -0.09068203662159732 0.8539694213107688 430.52949785137673 -0.10710375410808276 0.9798975769750525 0.16831376798816425 -6.889868536301869 -0.8520656020258325 -0.1777006102200482 0.49234815219697764 85.32440426104442
0.4996872568693453 -0.08630995155607118 0.8618951430335227 431.2719014030115 -0.1072393041271115 0.9812043396169978 0.16042997091286104 -6.761324184042941 -0.8595419576569371 -0.17259384745452885 0.48103948574739996 85.74522420175785
0.4822150218014054 -0.08546648711097546 0.8718739314430605 432.00874827989105 -0.10776304739753198 0.9818845752688239 0.15585187347207655 -6.6436046587465825 -0.8693996769982522 -0.1691099063628986 0.46426936276828157 86.14257813190136
0.46099109740436334 -0.08458741318199603 0.8833641251743801 432.7293173224734 -0.10837207979989283 0.9826295352113043 0.1506475650326276 -6.535198291434995 -0.8807625675707184 -0.1651791937914469 0.44381655388757557 86.50672348259054
0.4405983877297954 -0.0813991717338306 0.8940062838542862 433.4419394957209 -0.10874566707173852 0.9837070405701442 0.14316018380069623 -6.433835151014492 -0.8910933961280522 -0.16029545587374858 0.42456792884437417 86.84120972505158
0.4208980257086558 -0.07459148054868764 0.904035930140008 434.1208035651013 -0.11231615659902017 0.9846590126705668 0.13353542501316604 -6.342336259856566 -0.9001277314478087 -0.15774263785095416 0.4060632060190194 87.14909768496446
0.4022738004047861 -0.0714885234042473 0.9127240440184372 434.8092321631485 -0.11376181063207333 0.9853169436484037 0.1273136716974197 -6.256217827518455 -0.9084239318454798 -0.15504809441217407 0.388234527662794 87.44319242519329
0.384796440624592 -0.07199951930854948 0.9201889852100936 435.5352213467323 -0.1153960845857109 0.9853779702899573 0.12535549182037975 -6.170699754180582 -0.9157594896832523 -0.15442255303737099 0.3708614730172032 87.74295516507146
0.36934563159118083 -0.07755715561789567 0.9260500483434859 436.2966127368502 -0.11516548230898985 0.985009270651882 0.12842759989341546 -6.081997527842631 -0.922128362056524 -0.1540831734561141 0.35487696395884183 88.03779169930334
0.3569716305556092 -0.08590787139383713 0.9301564882378928 437.0723675605529 -0.1158396251779279 0.9840045231299075 0.1353376507056287 -5.988220953200901 -0.9269047611362806 -0.15606068080224927 0.3413101634736845 88.32487919261824
0.34723038134176093 -0.09546533443314445 0.9329080513077498 437.83722737551835 -0.11377204312089625 0.9831682833629103 0.14295470888824713 -5.890108570511501 -0.9308528264324877 -0.1557770731230833 0.33052461180955156 88.59837215176371
0.3386707356462714 -0.10243755013893868 0.935312076869718 438.57567554305245 -0.11294157561508097 0.9824426099815801 0.14849484364839766 -5.791574779161579 -0.934101885938785 -0.1559264775915609 0.3211551031378663 88.8547312203119
0.33038734817608817 -0.10631873263826044 0.9378382201933155 439.3119114158415 -0.11071536098606397 0.9824100110978025 0.1503751273866109 -5.6897888061655095 -0.9373293492721203 -0.15351513666413483 0.3128047215246208 89.10251521438288
0.32224162677494295 -0.10928027540522953 0.9403287485665824 440.073464889257 -0.10960866177771711 0.9823268785015101 0.15172292192274603 -5.5808741411799545 -0.9402905270376465 -0.15195961694093216 0.3045685466072131 89.35524892448996
0.31448869411593566 -0.11513888872130981 0.9422525657047979 440.8684805795314 -0.10880244657503957 0.9817028830001004 0.1562737250102363 -5.465370470846921 -0.9430052433006603 -0.1516657041433926 0.29620706489574333 89.61323575849735
0.3068704795037433 -0.11798346853109132 0.9444100856950413 441.6746366159583 -0.10939501649194563 0.9813376399576271 0.1581428682208577 -5.34995347482382 -0.9454434087643047 -0.151843134700801 0.2882367486431355 89.86689992596148
0.3000623890566656 -0.11100970007554564 0.9474383405598188 442.46883160229305 -0.11018570698451405 0.9825242324753388 0.15001747423239384 -5.238379200137246 -0.9475345231968741 -0.14940876509723755 0.2825868862176564 90.10506205201835
0.29391902206678205 -0.10070461717714488 0.9505104883937425 443.2563744627762 -0.10821002352054024 0.984535371872724 0.13777043347946288 -5.132731175757634 -0.9496853159215368 -0.14334811338360764 0.278476424697623 90.33261683019893
0.29037453982512806 -0.08971105938573504 0.9526985632639707 444.03803568592065 -0.10780667907119754 0.9861903209262277 0.12572339026235882 -5.031124127703933 -0.9508208803812543 -0.1392141398540775 0.27669310923061596 90.55828365148486
0.29063374341561155 -0.0910832321497137 0.952489302832 444.83547765770624 -0.1083043116987403 0.9859298928269951 0.12732801144135403 -4.92947325661823 -0.9506851230852879 -0.14016451495049947 0.27667978873239335 90.79063715060207
0.2947578778165012 -0.10254962267228138 0.9500533502677021 445.639214410727 -0.11053518456020786 0.9838916635575408 0.14049614712230707 -4.826852676735278 -0.9491573981376071 -0.14642666858105058 0.27867447728290984 91.03425174043348
0.2989917226675276 -0.10882740458115855 0.9480298232589693 446.4564918806956 -0.10995935419812203 0.9829287452437627 0.14751278655713576 -4.718186022462959 -0.9478991983331535 -0.14834984929432155 0.2819209676730645 91.27891111547207
0.3016439541997519 -0.10079029752067128 0.9480781828628018 447.2758023495429 -0.10635735547020844 0.9846327145922917 0.1385154514557691 -4.607951934736292 -0.9474698084013657 -0.14261743680317035 0.2862887159627029 91.51030742950883
0.30380487946819545 -0.08698234776517741 0.9487553248275198 448.09164424330396 -0.10445605746524605 0.9867793970196814 0.12391672072923934 -4.502693938004022 -0.946990774648904 -0.13674974513588234 0.2907025626566438 91.7462815964782
0.3053015219866555 -0.07356084226336518 0.9494102291202342 448.87803336461116 -0.10354936485414243 0.9885350712330275 0.10989059095579476 -4.408209519314298 -0.9466089529002639 -0.1318605908822433 0.2941840832901254 91.98196091661627
0.30671624483232557 -0.07450504736241381 0.9488804682748407 449.6541857508821 -0.10436850416277613 0.9882872374024492 0.11133531212628286 -4.321598543331483 -0.9460614993195635 -0.13318158395572807 0.29534776992600265 92.222440442848
0.307869256366848 -0.0865086029947067 0.9474876160626206 450.42351443941686 -0.10688907369227124 0.986408238404521 0.12479388259404056 -4.238232878389688 -0.9454053347159257 -0.13969627344919094 0.29443794639121795 92.46803323210108
0.3091245091005808 -0.09527757849551494 0.9462368735730791 451.197148381162 -0.10810813844232608 0.9849989116984014 0.13449823179319853 -4.150679287328515 -0.9448569565155666 -0.143872606805441 0.2941870233969341 92.71516306795206
0.3094408194874039 -0.09367330477609578 0.9462936601326715 451.9847342365964 -0.10758825556526566 0.9852975389999225 0.13271596326409485 -4.057893670983283 -0.9448127573754422 -0.14287782057764636 0.2948131304531669 92.96361829090743
0.3094951761921166 -0.0854521178549982 0.9470536792959023 452.8106249799929 -0.1074277142240447 0.9864356680948232 0.1241126864059995 -3.9611595524633643 -0.9448132207639808 -0.14015208976113208 0.29611715520243176 93.22254936802588
0.31024760380149424 -0.07942467659917418 0.9473321197354955 453.68358632349947 -0.10818843601958095 0.9870799130938313 0.1181884405443645 -3.8663287412278606 -0.944479585087506 -0.1391580609012222 0.2976463462553251 93.50032189116598
0.31096532167557983 -0.07914075567793394 0.9471205358907219 454.5930387740236 -0.10737296236339386 0.9872219352465378 0.11774505306545653 -3.77611735435584 -0.9443366008307161 -0.13830976595599992 0.2984942092783131 93.79289991288158
0.3106008917259506 -0.07721029565003673 0.9473994175133728 455.5052182916998 -0.10613974575006471 0.9876452325639887 0.1152876791584153 -3.689063350637319 -0.9445959138336112 -0.136365189250248 0.29856840879367896 94.08605834538115
0.3084333775821968 -0.07238484969514397 0.9484878940333658 456.37356749294605 -0.1064671720485873 0.9882087123950472 0.11003763911724432 -3.607208775219675 -0.9452690584533133 -0.13492210449415526 0.2970899406739565 94.36388484759757
0.304232876343074 -0.06870219738250541 0.9501170270165854 457.20025029718266 -0.10741988347659934 0.9885599256827992 0.10587843013517832 -3.532430211043895 -0.9465216984231756 -0.1342731596739692 0.29337244759056086 94.62584700340433
0.2968665125655707 -0.06604848958815446 0.9526320752212152 457.9921124959078 -0.10978810814225362 0.9886291087141539 0.10275727085515678 -3.464788360295536 -0.9485867619926497 -0.1350928659336925 0.2862395370072449 94.8734456398857
0.28477715333667164 -0.06485202040669541 0.9563975054268131 458.7507467799732 -0.11186399836024724 0.9886439567888818 0.10034725993109855 -3.4041510710418876 -0.9520443365769893 -0.13556305600712293 0.27428860537341027 95.10102463906318
0.26768457823847464 -0.06404377041286652 0.9613757652679797 459.43360550049675 -0.11481928071376796 0.9885579668640145 0.09782473575766151 -3.354210026569085 -0.9566407368232144 -0.13657064699629756 0.257268262771277 95.2925205044299
0.24675398715156435 -0.06331464897332739 0.9670076137498552 460.0318576331552 -0.1171435558113273 0.9885972033218251 0.09462006613896291 -3.3137332614362336 -0.9619718588174414 -0.1366265889556184 0.23652339849086682 95.44195678688848
0.22391491931004914 -0.0639919166390793 0.972505600762911 460.5543387503314 -0.11833005681005493 0.988675150273207 0.0923008390404874 -3.2824600351256095 -0.9673986285734039 -0.13574417791237242 0.2138069493659915 95.55273604469822
0.20056017936963366 -0.06654111703838786 0.9774189962316587 461.04021670697267 -0.11892264359822496 0.9886591705119467 0.09170850234430834 -3.256992328181177 -0.9724366402449207 -0.13463032461488733 0.1903724150271275 95.63966418503793
0.17781616769188352 -0.06765231533839194 0.9817354912280222 461.493851343304 -0.11949806687644743 0.9887667122226738 0.08978084881060933 -3.2349911909205886 -0.9767812562289284 -0.13327997985337514 0.16773438660608775 95.70895812828383
0.15564985321910393 -0.06830036504331866 0.985448214432306 461.91822787051115 -0.12026980439186441 0.9888745769509808 0.08753425164790277 -3.2159737932665777 -0.9804633074951933 -0.13214435740872565 0.14570371121087294 95.76272246731989
0.13443453837150918 -0.06944700510655782 0.9884859474846207 462.33043276906517 -0.12151215417064515 0.9888574218713907 0.08599881161197961 -3.1987917233682808 -0.9834440254949178 -0.1316742673858223 0.12449793583332557 95.80667109155564
0.11301969981044305 -0.07057618097116142 0.9910830187901933 462.7466781907203 -0.12315232571384838 0.9887874347815934 0.08445657753723804 -3.1821983389626567 -0.9859310585056279 -0.13159943577979002 0.10306083822875575 95.84362079634333
0.0907700952840221 -0.07214323785982596 0.9932553262043097 463.1702945483138 -0.12472078206007907 0.9886965345146569 0.08320991023326033 -3.166425059370873 -0.9880311312526808 -0.1314325525499884 0.08074631759865603 95.87209609123744
0.06778711996490122 -0.07234988791202462 0.9950730626873492 463.6044187362801 -0.12521678144048964 0.9888639976565469 0.08042855080377118 -3.1519511080815263 -0.9898109233649369 -0.13005186602977886 0.057972822336194156 95.88905061160104
0.044949747534489506 -0.06864962458570839 0.9966276883775739 464.044508542852 -0.1248271522962494 0.9894312129540316 0.07378385244699709 -3.138727084670151 -0.991159776345971 -0.12772276177938097 0.03590534608178875 95.89777627636799
0.02324078400588302 -0.062170323253725984 0.9977949272597646 464.4990025128252 -0.1228386988077832 0.990324130878569 0.0645660117617235 -3.1264802210101905 -0.9921544839560034 -0.12406839527507162 0.015378987608617528 95.89458536518896
0.0036643922627336394 -0.05364313001849494 0.9985534471580193 464.96848213520826 -0.12110122702400873 0.9911870070802125 0.05369180392431949 -3.11464811228025 -0.9926333991170281 -0.12112279553076223 -0.0028641508669794563 95.88433087900911
-0.012927106872457784 -0.04557916851566973 0.9988770841826976 465.45270363924016 -0.11962090544550175 0.9918569501874653 0.043710746335605594 -3.1045977459101124 -0.9927354778027766 -0.11892152774934159 -0.018274062204559127 95.86916100885293
-0.02738971505469521 -0.03961205338153781 0.9988396711865826 465.9176713848831 -0.1206222397179775 0.9920442330626658 0.03603491268927356 -3.0985635626970804 -0.9923205524399071 -0.11949529226711368 -0.031949903463947424 95.85209670684179
-0.04101508299338802 -0.035606684157692414 0.998523874031232 466.3508286443907 -0.12028995778007075 0.9922719209847412 0.030442747617749538 -3.096116493421448 -0.9918911679334158 -0.11886378282952066 -0.04498124172521302 95.82785177314382
-0.05350499417986185 -0.0341807966619202 0.9979824090320275 466.74847612174597 -0.1182386155774902 0.9925999714920309 0.02765730247756623 -3.0969543778924375 -0.9915426593869437 -0.1165202546065425 -0.05715054577425151 95.79682582534781
-0.06423248523081168 -0.03409085571019871 0.997352496060455 467.12116347832597 -0.11396600416684308 0.9931283062046449 0.026606715493162347 -3.0997129814123454 -0.9914060408002959 -0.11195526326188206 -0.06767629786450885 95.75970964169176
-0.07274157869409832 -0.03565505948124634 0.9967132884949809 467.48411295880095 -0.10936225053715176 0.9936197362737028 0.02756297960715537 -3.1024885468940084 -0.9913367545322532 -0.10699783371995865 -0.07617678578606608 95.71944369548535
-0.0787044128646672 -0.03827088841585791 0.9961631164099024 467.84935816028843 -0.1098003145404145 0.9935159721496879 0.029494135184548603 -3.1036817760430324 -0.9908327337762186 -0.10705770492271571 -0.08239624684551078 95.68721890760578
-0.08237788062039947 -0.040471471085183786 0.9957790642570732 468.2173236194243 -0.11137241658357692 0.9932902085693911 0.03115680318177097 -3.1024634623819836 -0.9903585560840208 -0.10833568935662184 -0.08633254776038857 95.65736500365107
-0.08536976174056855 -0.043112739872773476 0.9954161418427073 468.5667016845275 -0.11339476202717466 0.9929923915567709 0.03328270204119088 -3.099983511472871 -0.9898755637579705 -0.11003364017892327 -0.08966028275560978 95.62815465292668
-0.08894465891529414 -0.04575558159268392 0.9949850624022236 468.87466520720136 -0.11449301898119774 0.9927924157046075 0.03541988034957955 -3.0986636927019404 -0.9894342809176434 -0.11076843445911203 -0.09354227746032243 95.59847232888897
-0.09307260269566096 -0.04482006949045236 0.9946500148284955 469.1346766539772 -0.11328112008911445 0.9929761007764978 0.03414456205687991 -3.0996119087167386 -0.9891940550057973 -0.10949714451788889 -0.09749613778820629 95.56634601325783
-0.09696983464653845 -0.042412599168998394 0.9943832372884975 469.36845526874384 -0.10998640094845698 0.9934291637203945 0.03164629956568482 -3.1013876244876784 -0.9891915096557538 -0.10629989699677798 -0.10099747087648156 95.53189996105583
-0.09977113515543225 -0.04039483374370839 0.9941901115966775 469.60128550063655 -0.10648225419702144 0.993871058655145 0.029695930846161567 -3.1032873210549567 -0.9892963409064638 -0.1029008074531837 -0.1034609766750973 95.49738538445969
-0.10091950752973486 -0.03773639213993249 0.994178664882835 469.8377767113226 -0.1052341140312202 0.9940795060043167 0.02705026776717298 -3.105163725391094 -0.9893134155787137 -0.10189161128607592 -0.10429316998493654 95.46612771172613
-0.10022846668303285 -0.03563209133847095 0.9943262083105395 470.0893297101118 -0.1062879014016132 0.9940233923438938 0.024907378199568952 -3.104941551855667 -0.9892710126562944 -0.1031884176639133 -0.1034167006726102 95.4384349233391
-0.09833120817209627 -0.03573897710252111 0.9945117892790818 470.3660835952156 -0.10424033692764655 0.9942271715749106 0.02542210572243303 -3.1028374009229154 -0.9896792034071584 -0.10116845762300246 -0.1014890019931015 95.40337440499559
-0.09575420687681266 -0.03932308703846113 0.9946279840679919 470.66142883334163 -0.09954752940595837 0.9945883290238576 0.029737941399814644 -3.1011202577697787 -0.9904147723325635 -0.0961652254991091 -0.09915053277790645 95.3646857286077
-0.09252420428547815 -0.04197848103684723 0.9948251498384918 470.94343327162574 -0.0956860802668106 0.9948617199346875 0.03308069303638325 -3.101060255109928 -0.9911021368479205 -0.09213015433848423 -0.09606554531700802 95.33122033845277
-0.08865777684995534 -0.04099836682112107 0.9952180326551685 471.20111632840866 -0.0932755050043583 0.9951037207959146 0.03268432383125966 -3.101667157962865 -0.9916851711960841 -0.08993174509663121 -0.09204782699047673 95.30382373954643
-0.08348089537326323 -0.03996701218631568 0.9957075765728493 471.45176879415294 -0.09447736207818519 0.9950119965985923 0.032018036785987525 -3.101362811807917 -0.9920206490605057 -0.09139893085687698 -0.08684047026469685 95.28624631654377
-0.0769178839464158 -0.03942736559768517 0.9962575580497404 471.7216138224582 -0.09652598018358129 0.994818566108256 0.031917952251212356 -3.1003287201550904 -0.9923539561460949 -0.09370967595898624 -0.08032510412602581 95.27192919099639
-0.06981266099673475 -0.03849172378863777 0.9968172247530305 472.0058725198184 -0.0975812747010472 0.9947264943558631 0.03157683097164729 -3.0985089660900798 -0.9927759501480053 -0.09506623283938606 -0.07320057500767035 95.25673147730681
-0.06277654155779488 -0.03828592331373534 0.9972929829824617 472.3089775849026 -0.09704607541956918 0.9947627509235876 0.032080034610237146 -3.0954750916540235 -0.9932981249734156 -0.09476949641603796 -0.06616326377491172 95.23910752391231
-0.05599891140276411 -0.03909866029172082 0.9976649821884584 472.64896193492 -0.09609208469978772 0.9948054207516248 0.03359294719476241 -3.0910449282483796 -0.9937959716057192 -0.09398653949674829 -0.05946509239605812 95.21955307104172
-0.04802151582225418 -0.04265247972536182 0.997935218334041 473.05426785855263 -0.09766860080746066 0.9945006621310899 0.037805785762702965 -3.0839441113602675 -0.9940597459078842 -0.09565144533199711 -0.051923237297513206 95.2050349854573
-0.038734420589103605 -0.046746828012889874 0.9981554882543897 473.4958374355534 -0.10017790922784732 0.9940542702470165 0.04266725098253843 -3.0740996466553554 -0.994215284113237 -0.09834043865268738 -0.043187115685505595 95.19508686762106
-0.028660227395682067 -0.0502862681395812 0.9983235360353983 473.9487244503317 -0.1026164583727328 0.9936051543879231 0.04710265008242007 -3.062170944651072 -0.9943080276436804 -0.10109445291579447 -0.033637148407543206 95.18989255458953
-0.018799440094931293 -0.052378221862809715 0.998450350756915 474.38735789152787 -0.10136706637608281 0.993581025491128 0.05021417766232342 -3.049740893604465 -0.9946714527452896 -0.10026598455352026 -0.02398819366040762 95.18342556781664
-0.008328509887058931 -0.05398586394418328 0.9985069666343148 474.83305829890077 -0.09821550897599284 0.9937576461062286 0.05290987244354664 -3.0372202953210348 -0.9951303179582305 -0.09762820954829475 -0.01357876948572092 95.17838626073329
0.003673816545035829 -0.05537970708632242 0.9984586076122666 475.2893528392346 -0.09643825446701262 0.9937917836862945 0.05547570416828604 -3.0233696113364488 -0.9953321888431772 -0.09649341283551181 -0.0016897135870700616 95.18097576185161
0.017720031050684378 -0.05627727256686568 0.9982579171196175 475.76571241346164 -0.09359889685434772 0.9939368778427606 0.05769514166576323 -3.008080883174827 -0.9954522826369995 -0.09445819952030603 0.012345101707565864 95.191741556856
0.03296516357850425 -0.0565077699645152 0.9978577904310212 476.25775943030385 -0.09133423479965608 0.9940525286468513 0.059309593189973614 -2.99138771280721 -0.9952745126565858 -0.09309372816917488 0.0276080102825272 95.20935808200981
0.04974195134055369 -0.05880486797692189 0.997029450808275 476.76077631167465 -0.09051768474945016 0.9938915572644255 0.0631357358877897 -2.97324873121768 -0.9946518421158399 -0.09338929221656131 0.044115224977968125 95.24335796655822
0.067522751368386 -0.05992419605292093 0.9959165470937079 477.2764235347392 -0.08963486075466293 0.9937938667674175 0.0658736830073634 -2.954446871998968 -0.9936831838091735 -0.09371681334143525 0.06173239920812662 95.28583032973447
0.08655569795900803 -0.06035256972934125 0.9944172557221106 477.8110423778844 -0.0884732598442195 0.9937538387309298 0.06801316269720376 -2.933045821030433 -0.9923107343183216 -0.093866263026734 0.0806754685268708 95.3415372726748
0.10627572244553249 -0.059870171559571334 0.9925326359249388 478.36607713360934 -0.08736888088166889 0.9937626826498319 0.06929941721322366 -2.9103655663339794 -0.9904908628918115 -0.09408131126868449 0.10038205715067015 95.40745657381275
0.12702865350939144 -0.05711826176674595 0.9902531117650356 478.93908582910353 -0.08674159214253269 0.9938761975387751 0.0684543655177825 -2.8854680700630126 -0.988098991690696 -0.0945917974171601 0.12129622616232513 95.48829642693362
0.14944519581944812 -0.05487644207873424 0.9872460228085325 479.5190533377224 -0.08497954398321073 0.9940514759124623 0.06811857559182286 -2.8577441496991725 -0.9851114711294822 -0.09407571068576934 0.1438928424490796 95.58221295378598
0.17276635790366782 -0.055663062385552325 0.9833887375105346 480.1143858548959 -0.08360360888570015 0.9939700958594078 0.07094987750887677 -2.827804479709016 -0.9814082851484334 -0.09447259932435316 0.16707096042972955 95.6955210229232
0.1970265910858625 -0.05646655873815279 0.9787706831272351 480.73322660579635 -0.08189198887734533 0.993903242058017 0.07382443758183327 -2.7955520797001157 -0.9769719671325258 -0.09469885517170686 0.1912012088517533 95.82746387722378
0.22213788170672044 -0.057118734846633906 0.9733407479605333 481.36189909797207 -0.08226515515838193 0.9936249450697673 0.07708380362869773 -2.759003286061045 -0.9715385765668897 -0.09719526050492451 0.21602285892414794 95.98005417977308
0.2480633609902324 -0.05785529642643858 0.9670146501525393 482.0029119904908 -0.0812725475496783 0.9934530739107219 0.08028550897964895 -2.718370494747944 -0.9653286186315077 -0.09850763733206104 0.2417372611705551 96.15272028081311
0.2742467718466973 -0.05790916140989877 0.9599141821832133 482.63269158090566 -0.07990817869427175 0.9933609734032446 0.08275662811594377 -2.6761965564486587 -0.9583336533324025 -0.09940073211077717 0.2677986246163574 96.33905972472314
0.3013927336394078 -0.057837010101251085 0.9517443461202764 483.2457620176662 -0.07808824749821633 0.9933084545739147 0.08509136075205424 -2.630798481337976 -0.9502971354855394 -0.09996596588102685 0.2948595597118266 96.54157366540244
0.3282736245087232 -0.05845410136697729 0.9427722659716313 483.83826504800925 -0.07425111401662268 0.9933980795921546 0.0874472842912088 -2.5856480506971167 -0.9416598109291888 -0.0987085279800892 0.3217661060223854 96.75252095900983
0.35327442677266885 -0.05943358436736823 0.9336299204918878 484.44078903138495 -0.07249371462019571 0.9932399513945392 0.09065903316458175 -2.539359513420578 -0.9327067281461023 -0.0997098189899969 0.34657771317263847 96.98568234706164
0.3757072813529268 -0.059656371654310925 0.9248162823282443 485.0772800022603 -0.07106263450328293 0.9931332514585802 0.09293248530389586 -2.4900214314299944 -0.9240098163525345 -0.10063529285667448 0.36888805499203603 97.25024872169027
0.3958929026517872 -0.060723941740662174 0.9162867523485312 485.75131935095294 -0.06949569341411349 0.9929685440980492 0.09583224420146633 -2.436991711388359 -0.9156632340696185 -0.10161728854518065 0.3888891467267929 97.54754758730849
0.41533768126758186 -0.05961211688190543 0.907711962045299 486.42481980570165 -0.06966646329363041 0.9928354218434076 0.09707939547184011 -2.3830756250043805 -0.9069956970192441 -0.10355781309915076 0.40820899663615606 97.86161377923814
0.43312491075069315 -0.06000559919846446 0.8993342758685654 487.09567673016295 -0.06827488919694591 0.9927305776778156 0.0991188158152267 -2.3270234567532526 -0.8987443191432964 -0.10433277628962638 0.42587946721971903 98.18915549690598
0.4487462266276759 -0.060071743744769035 0.8916379364354599 487.75200651233365 -0.06620398126175939 0.9927618963679589 0.10020404175972264 -2.2711375014299335 -0.8912036001680614 -0.10399616686856458 0.44152116633761995 98.52302336828863
0.4631476652282206 -0.059269141965876015 0.8842971271039372 488.40974309110453 -0.06470406073228871 0.9928376992325554 0.10043250224581436 -2.214813853077672 -0.8839160733454274 -0.10373269394569848 0.45599550818880813 98.87027275164364
0.4775109405657954 -0.05849294208537906 0.8766766093413043 489.07083105718266 -0.06256584849376742 0.9929849229521435 0.10033173671365461 -2.1585860885468264 -0.8763953538456392 -0.10275951788481465 0.470501503974066 99.23302878321651
0.49168069383165874 -0.05735852837694874 0.8688843965313506 489.7373773847868 -0.06111357379381749 0.9930946298460486 0.10014083716988227 -2.1025619465328447 -0.8686283592028095 -0.1023379469862861 0.4847800719865327 99.61431360675789
0.5055839617349586 -0.05705048870914434 0.8608891330330705 490.3862972832025 -0.06017759204381251 0.9930495304967957 0.10114982647488621 -2.0480679025412485 -0.8606761964015217 -0.10294596504059206 0.4986367547921742 100.00082645640819
0.518438621755174 -0.05673366404078631 0.8532307348174367 491.012034071607 -0.05938740609273621 0.9929986186983613 0.10211209164795673 -1.9951954988119667 -0.8530501342067597 -0.10361001219791142 0.5114395701372534 100.38813435742188
0.5296281457182206 -0.056031523463948796 0.8463772773659441 491.6063826842814 -0.05923371756199716 0.9929368163487657 0.10280002647354114 -1.943295354402963 -0.8461592013131237 -0.10457985999935197 0.5225683294227206 100.76778980571892
0.5389778820793142 -0.056852258088490676 0.8403991095780247 492.17989739516054 -0.05901318830608199 0.9927193138691658 0.10500384505855673 -1.8905989431432317 -0.8402501331361076 -0.10618938092563689 0.5316987202762331 101.14370445784105
0.5467152611663967 -0.05848345201427796 0.8352736731444685 492.7397010924146 -0.05885523609511015 0.9924063133293307 0.10800819620877429 -1.8352532966187312 -0.8352475587464749 -0.10820995843533895 0.5391216193990708 101.5171600530623
0.5527895391318876 -0.06094298857280425 0.8310894522072643 493.3105121808862 -0.05876667222171905 0.9919882248578311 0.11182951300704101 -1.7762984222784866 -0.8312461751264417 -0.1106585463812979 0.544779297009752 101.90329330707017
0.5577481419223798 -0.06322150981186458 0.8275989674227737 493.90631473834065 -0.05863316003720792 0.9916028142331202 0.11526496149743487 -1.7130532794928968 -0.827936690047121 -0.11281356080747637 0.549357750260935 102.3085556014068
0.5619419305388212 -0.06466423988361719 0.8246452587522569 494.5205978073555 -0.05772925511146579 0.9914429182399619 0.11708233417600325 -1.6459330273749941 -0.8251597419933769 -0.11339962941782435 0.5534003290939788 102.72763651709327
0.5651627484356107 -0.06614997864957561 0.8223230801244531 495.1363340253891 -0.057278518690461855 0.9912283128495939 0.11910332951673387 -1.5770278096997288 -0.8229886020336682 -0.11441421297201608 0.5564163448288187 103.15090797069813
0.5678133680014228 -0.0673482726424868 0.8203975800128583 495.74564890421243 -0.05709001417629883 0.9910254818793016 0.1208686251565966 -1.5073762989707404 -0.8211752001858246 -0.11546733060900391 0.5588726028012129 103.57285808996131
0.570073237148727 -0.06821850027603116 0.8187568262352751 496.35386941156924 -0.056299507433432205 0.9909608559163008 0.12176595379819163 -1.436145651493689 -0.8196626560662151 -0.11551111748104356 0.5610795950564932 103.99537514020658
0.5722446637382389 -0.06934805217085935 0.8171455760653775 496.9709377825875 -0.054873220086947894 0.9909472398525773 0.12252549753355803 -1.363095748808803 -0.8182450577549476 -0.1149539711739625 0.5632589191224037 104.42576030534681
0.5744752348751544 -0.07004957104420795 0.8155190139485766 497.6053231128444 -0.053038139499827025 0.9910517039859844 0.12248867614955868 -1.2869530872395671 -0.8168017876287559 -0.11362032222713031 0.565619361499827 104.86931329511215
0.5769148663346864 -0.07068234911403384 0.8137402795276591 498.25753083155394 -0.05133473452317777 0.9911416970840077 0.12248624956649501 -1.2069002886109672 -0.8151895374901863 -0.11243727951686025 0.5681759200647135 105.32716425686841
0.5796220424340515 -0.07110366648414992 0.8117774057813444 498.9195822428607 -0.04999222812475693 0.9912067468206803 0.12251515083565528 -1.125142151414579 -0.8133505179513313 -0.11159504321282263 0.5709706483512349 105.79582240525973
0.5822116630465862 -0.07132741754330277 0.8099024502488751 499.5835141066627 -0.04815901733004738 0.9913697748781977 0.12192898961179738 -1.0431405803584397 -0.8116096897292013 -0.10999258595265776 0.5737519869883826 106.26752064959183
0.5846555113332478 -0.07239676888468874 0.8080449498157362 500.2492312258042 -0.04597315741412711 0.9914533845208205 0.12209281354602204 -0.961022136578876 -0.8099780255445407 -0.10853061400943355 0.5763303774378921 106.74257794386837
0.5868401974291056 -0.07332791051222792 0.8063755950059991 500.9155076691891 -0.044070526213563305 0.991522065523865 0.12223658330690533 -0.8779955783782327 -0.8085025487904328 -0.10727073747857312 0.5786334050849271 107.22038255844335
0.5887867048146093 -0.07422605249858943 0.8048731014042095 501.577863410408 -0.0426136860300492 0.9915391932261096 0.12261362917492555 -0.7954823388806602 -0.8071643512919068 -0.10649188432453567 0.5806420485777148 107.69897019104947
0.5902511574466198 -0.072168636707961 0.803987101270064 502.225530615617 -0.04372682697003 0.991674495600072 0.12111836929002097 -0.7152782116998537 -0.8060344507129066 -0.10664606252485402 0.5821813133482456 108.17181961046602
0.5915418555074186 -0.07032933660239812 0.8032011065703953 502.84824407992994 -0.04345010157243662 0.9919601753638447 0.11885747416748166 -0.639025333331162 -0.8051026778344385 -0.1052083404735342 0.5837301459052989 108.62600522273387
0.5929017110926379 -0.06828007359879981 0.8023748454013032 503.4471074507552 -0.04352072667385695 0.9922255766050079 0.11659481755480156 -0.5663249075930139 -0.8040979463555419 -0.10404920316946399 0.5853206437386264 109.06309633470723
0.594101761529082 -0.0687677177834988 0.8014450061850105 504.01987440669046 -0.04500136619066353 0.9919371482139004 0.11847181535811183 -0.4968152933834489 -0.8031301102492758 -0.10645043440081252 0.5862169658299431 109.48590887555427
0.5940965403363316 -0.07200025367370855 0.8011649419634659 504.5799979706607 -0.044755277396073934 0.991484554677377 0.12229203973032061 -0.42876014716496513 -0.8031477235886313 -0.10850963693204095 0.5858151524049856 109.89675214180032
0.5941449866148982 -0.07463899120932455 0.8008874801566306 505.15977735132964 -0.045157374661040306 0.9910198634478964 0.12585881679657254 -0.35767095077751776 -0.8030893763424488 -0.11094436102373588 0.5854389826129894 110.32438498452338
0.5951306236704204 -0.07572613291753297 0.8000531817091996 505.7874248632755 -0.04365335539813936 0.9910343238368867 0.12627491255054116 -0.27852461188864197 -0.802442474780678 -0.11007507333869508 0.586489175430666 110.78655011398601
0.5974200248592691 -0.07639185164197321 0.7982816538665171 506.46988264246977 -0.04179270108791683 0.9911337696730755 0.12612383101307068 -0.1910994601335858 -0.8008387378448455 -0.10871124880318608 0.5889305394957264 111.29247900844692
0.6003071821907526 -0.07772493455099788 0.7959837445320365 507.18602386692504 -0.039872128412303115 0.991120261274942 0.1268496790148171 -0.09976743827952816 -0.7987749998504398 -0.10788633944727358 0.5918775526868697 111.82682173172844
0.6037302045087207 -0.0797236593003573 0.7931922707084452 507.90811410622234 -0.038358753858570294 0.9909291456658627 0.12879454286707878 -0.008188997578983503 -0.7962653114171648 -0.10818302277937439 0.5951957555426982 112.37235517511533
0.6072548084828433 -0.0818221299703942 0.7902826941174746 508.6295171557209 -0.035855344429042535 0.9908472371675682 0.13013895217524285 0.08439782447563005 -0.7936976703067349 -0.10736336267322877 0.5987629885899417 112.92130972250915
0.6115266412203185 -0.08262607637321998 0.7868977688244919 509.3435124283265 -0.034761838531249006 0.9907664628145626 0.13104743699838772 0.17759543381328058 -0.7904598545528557 -0.10749301216863248 0.6030078529133702 113.47418646188677
0.6152693552542174 -0.08185178965961912 0.7840560598672636 510.0418229747782 -0.034435532544119435 0.9908549716316173 0.13046309551481927 0.26955730043022186 -0.7875644828097957 -0.10726933262784549 0.6068240895796044 114.02196845865205
0.6189624969303756 -0.08091669877676344 0.781241265712959 510.7245739696806 -0.03387423343047599 0.991003184181381 0.12948059797460185 0.3604181530845949 -0.7846897244791797 -0.10660758322667906 0.6106528142040745 114.56272882211812
0.6227501673894534 -0.08193667099317081 0.7781186355325039 511.38498086529506 -0.03213047898742066 0.9909845184450363 0.13006658495669632 0.4494817025532427 -0.7817607443050881 -0.10600031202225488 0.6145031102563595 115.0890263289284
0.6262200206160472 -0.08419935914128956 0.7750864169238386 512.0136280423654 -0.02977462870182801 0.9908432251874741 0.13169348725640015 0.5341887848898068 -0.7790776323738888 -0.10554700858043974 0.6179788602488089 115.59311356590204
0.628840448734883 -0.08419047175842495 0.7729629062898205 512.625760890128 -0.029391151169326613 0.9908362429196774 0.13183208998479434 0.6177611895086841 -0.7769786678331984 -0.10561962025074183 0.6206034527379283 116.09066744345088
0.6297608964866297 -0.08347506847575328 0.7722908300629534 513.2311655820814 -0.02847002463660986 0.9910608889900256 0.13033714747335112 0.7016844440436643 -0.7762671389113067 -0.104068377796848 0.6217548566671491 116.58104574012611
0.6284127524193621 -0.08226931411720273 0.7735174028755962 513.8473312226264 -0.026437767202268647 0.9915582798023264 0.12693786756050923 0.7865129137316558 -0.7774306766921913 -0.1002194477640727 0.6209328508202688 117.07382332312568
0.6258051324327811 -0.07969111098595752 0.7758977142965522 514.4690869711144 -0.026173387143620497 0.9920610720266534 0.123003183596022 0.8694319335288299 -0.7795401785836429 -0.09728389486009627 0.6187511242613077 117.57045145837418
0.6214651791934567 -0.076272298387218 0.7797201854183182 515.1112577642218 -0.02645116838955769 0.9926395131931629 0.11818262367398799 0.9517554741881042 -0.7829951256175675 -0.09407089532034509 0.6148734015329976 118.07805292972857
0.6151088989392137 -0.073974080744283 0.7849642525770376 515.7752290233304 -0.025869405978526105 0.9931592841920321 0.11386575454230272 1.0335536562045604 -0.7880176497262639 -0.09034639783194436 0.6089874482439583 118.5917835585763
0.606491345960157 -0.07326560969335258 0.7917072676890742 516.4613288751485 -0.025167838184043556 0.9934773377772056 0.11121762110500785 1.1160410585784462 -0.7946916554215082 -0.0873780851207929 0.6006914707601952 119.10845292799762
0.5968681361754548 -0.07476135338529669 0.7988486515344683 517.1539180818737 -0.024646910186338522 0.9934710234163722 0.11139055368518551 1.1988014093453074 -0.8019606959425776 -0.08617462313247645 0.5911285617285571 119.61874956597309
0.587598053703243 -0.07824648247061589 0.8053607981924235 517.8638963123541 -0.024347213709063842 0.9931529774709522 0.1142557505125535 1.2835683914448879 -0.8087865852428343 -0.08674474809207308 0.5816696727608196 120.13132177446904
0.5789088451610519 -0.07900306996494486 0.8115559524336027 518.5780843698201 -0.024616382039242324 0.9931481201949225 0.11424029538034841 1.3677112353477696 -0.815020602641181 -0.08611228884082184 0.5729974615833839 120.63925249998069
0.5692349204296493 -0.07689388445630427 0.8185712772243308 519.2921456501372 -0.024850739140668876 0.9935528975593517 0.11061229821126353 1.4487714983329028 -0.8217992736231955 -0.08330648404917532 0.5636541347207107 121.13386653807353
0.5578678860988583 -0.07346068830509617 0.8266722137179483 519.9915526534015 -0.025628406785749125 0.9940750232783439 0.10563159025491753 1.525783836682038 -0.8295339694221168 -0.08011476373241103 0.552679851457321 121.60393125611279
0.5435572808224118 -0.0724864110968021 0.8362363318292572 520.6862112189591 -0.02668225869725427 0.9942685284716661 0.10352850023833564 1.6000198551305402 -0.83894787653093 -0.0785863442150834 0.5385077965704413 122.0510598688745
0.5259918853158664 -0.07484720934918099 0.8471897259967811 521.3908606717401 -0.028332459621303402 0.9940251048544977 0.1054104484897534 1.6726729711301687 -0.8500175341213062 -0.07944800923650336 0.520728533417068 122.48392813272329
0.5059588122415841 -0.07731870906868316 0.8590852679117703 522.1081519292624 -0.03029530634888422 0.9937668871228944 0.10728265689895247 1.74349918819199 -0.8620254490027025 -0.08030685702991575 0.5004627198759822 122.89878760185329
0.4856391770059046 -0.07540409525741043 0.8709011494856573 522.8550463913017 -0.03253391457598856 0.9940234605286454 0.10420606662290505 1.8154225660694578 -0.8735537385641414 -0.07894037203526669 0.48028354490191044 123.31034708125011
0.46463839832187115 -0.07080456028635221 0.8826652100584584 523.6158625655686 -0.034935386012134195 0.9945562459456239 0.09817022183294316 1.8840387915966375 -0.8848110971326408 -0.07644990446823535 0.45963543651216665 123.71128222515162
0.44126067478822717 -0.06716054813741115 0.8948622674240548 524.3958980805171 -0.03825048673787301 0.9948815502335806 0.09352861203472346 1.9463940844695315 -0.8965633927111639 -0.07549941575077523 0.43643318053459107 124.08875305890399
0.4150769683935154 -0.061751805439774626 0.9076881759911698 525.1287745359265 -0.042023546537570344 0.99532759173622 0.08693104546121282 2.001399218651187 -0.9088152352627302 -0.07422735111468637 0.41054252946661346 124.4262926397233
0.38747843497683887 -0.061554800169359464 0.9198214332162573 525.8594110959272 -0.04373574884613188 0.9954173979508092 0.08503756893107296 2.0527173510198224 -0.9208407281939514 -0.07317930331008254 0.3830106302262176 124.72128221369123
0.3605353975799355 -0.06037480291381975 0.9307895091077225 526.5720209796634 -0.04515635982536856 0.9956030505673599 0.08206990232897426 2.1008396295406158 -0.9316518288820124 -0.07162017086046973 0.35622383534333935 124.99292246014342
0.334007770201814 -0.06106667371216662 0.9405900652284945 527.3156513005839 -0.04464060258766936 0.9957544521242851 0.08050023400756484 2.1482286871143543 -0.9415126265990388 -0.06887621096136615 0.32986367111002757 125.24679677712697
0.3070622561671495 -0.059101200833540535 0.9498525248150751 528.0726041495595 -0.04502718161021113 0.99604991903374 0.07653176927994966 2.194146056274434 -0.95062364990241 -0.06626919988133101 0.30318817489029515 125.48929981236742
0.2791860790738666 -0.05882271867616734 0.9584336289065115 528.8663335732135 -0.04636110274462582 0.9961321942526882 0.07464113963241456 2.241006557481171 -0.9591171885664764 -0.06527280705521818 0.275379155448393 125.71606763669521
0.25270651773768993 -0.060224167975613585 0.9656668501530615 529.688794148913 -0.047686762852225506 0.9960727208588399 0.07459964751620149 2.2874066283161767 -0.9663671085780833 -0.06490134322578298 0.2488421730855195 125.92932383163436
0.22893664353397952 -0.06184181809864525 0.97147496250889 530.550858537785 -0.0479533051699893 0.9960518825168095 0.07470694651765902 2.335254307591967 -0.9722594786221775 -0.06368859292661808 0.22506725519355036 126.13016504323409
0.20832987846894435 -0.0602662501346658 0.9762001028640698 531.4466720984183 -0.04854026272070053 0.9962327586541099 0.07186190562061417 2.3832839294097 -0.9768533690539842 -0.06235599152548607 0.20461970992246534 126.31881006719877
0.18772851444260436 -0.05746196159822961 0.9805386926758455 532.3653291071298 -0.04881854300268476 0.9965076309358656 0.06774430858516486 2.4327117325460534 -0.9810070105377775 -0.06058600874682635 0.1842676879430089 126.49377217001053
0.166494448663643 -0.0579042467549499 0.9843407422086781 533.2912637738503 -0.04836989360234806 0.9965928237680595 0.06680641441434904 2.481886935254778 -0.9848552949327565 -0.05873535410420186 0.16312635048074675 126.65007879823744
0.14778857235896914 -0.06252932478643627 0.9870403342426537 534.2162644418412 -0.04805253498080614 0.9963667760172298 0.07031501639727022 2.5295465029153235 -0.987850946125991 -0.057821546077411634 0.14424693080687043 126.7852258576749
0.13465886209892985 -0.06480412619109854 0.9887706589936966 535.0752274931889 -0.0465016937257729 0.9963464339538921 0.07163362358554468 2.573604920198136 -0.9898002744689736 -0.05562561258960788 0.13115337542425456 126.896327226287
0.12659461246277526 -0.06317125764336748 0.9899410064762215 535.8657673501438 -0.04351732135612679 0.9966556458256086 0.06916477706119625 2.615383596769121 -0.9909995190903913 -0.051835469050569544 0.12342219132279447 126.98779677623693
0.12157528742108044 -0.06039723155216767 0.9907429656118254 536.5782395759226 -0.04136699792936818 0.9969714826271157 0.06585312680959413 2.6531737206302353 -0.9917198298767615 -0.04899017502645353 0.11870864239845591 127.0648649433403
0.11825050162446887 -0.06043506571885887 0.9911429875134656 537.2867009471646 -0.04124186674088942 0.9969859920531002 0.06571179557446702 2.6884811247391696 -0.9921269713566343 -0.048647039801522435 0.11540163874599546 127.14300916646947
0.11550040984744779 -0.06055763615868387 0.9914597460451651 538.0024268856125 -0.041279542767295674 0.9969849476121294 0.0657039845348911 2.722378674418124 -0.9924493209600147 -0.0485158421313136 0.11265237852924015 127.22046718339499
0.11270013759979594 -0.05855122773301544 0.991902431046493 538.7510961268974 -0.04032459653731216 0.9971703971899876 0.0634438797841346 2.756748439697887 -0.9928104581938538 -0.0471481993178656 0.11002018633865837 127.29740406178003
0.11010391756795447 -0.0557991422724497 0.9923525497815013 539.5413471722833 -0.03866907394988833 0.9974264772493787 0.060374872271096336 2.7910970228330427 -0.9931675740055386 -0.04502086409157344 0.10766286147228885 127.37698800325309
0.10742275410678401 -0.05352363119140155 0.992771661966738 540.3660365154002 -0.03661567266631224 0.997659425420096 0.057749141860598596 2.823728066846158 -0.9935389496216576 -0.042554574072933476 0.10521151937960331 127.46016684453063
0.1047471709848235 -0.053630043230561114 0.9930517854743341 541.2097802441723 -0.03555632620402707 0.9977045270725492 0.05763179960587542 2.8547880180833545 -0.9938630578895408 -0.041346041189296384 0.10259983937816057 127.54622523571982
0.10267232474397658 -0.05711162232924771 0.9930743458203859 542.0756654020885 -0.03584455863641686 0.9974895715818881 0.06107145160825733 2.8857733823528093 -0.9940691934406918 -0.04186665953118887 0.10036743232678585 127.63676125860445
0.10203134922362968 -0.06140732866867901 0.9928840535336344 542.9742700515944 -0.03579653471579047 0.9972198646918605 0.06535403251740723 2.9189167655719785 -0.9941369180741386 -0.04220996860602719 0.09954951869462542 127.73226044533726
0.1034957576349626 -0.06079327370840301 0.9927702685029295 543.8968062939981 -0.03641611772367226 0.9972295104415293 0.06486270017877249 2.9533307014408336 -0.993963024725518 -0.04286585326761558 0.10099516870691808 127.83199797932828
0.1057268261675729 -0.05685571108182577 0.9927684857739542 544.8320528950466 -0.03527696369207148 0.9975212169840777 0.06088478873471512 2.9885516524243343 -0.9937692760702556 -0.0414590133020849 0.1034590554510226 127.93344053266084
0.10883412169989534 -0.05320733952273399 0.992634934391654 545.7926147055749 -0.034515133393545255 0.997762124812515 0.05726646362784313 3.0220915298849604 -0.9934605374752628 -0.04049347244341603 0.10675410609825042 128.03996979822932
0.11254749548155739 -0.053660944197883614 0.9921963335593509 546.7725749831877 -0.03419550982136074 0.9977400670938539 0.057839654421574405 3.0521567567330266 -0.9930577668841252 -0.04043836771361359 0.11045818234867386 128.1544178955487
0.11629709790466908 -0.05371113754621129 0.991761109704571 547.7559470672392 -0.03423907051310199 0.9977264044353384 0.05804918554922031 3.0790890646399305 -0.9926241338338244 -0.04070793038243081 0.11419366591290822 128.27389733747776
0.11923089323794345 -0.05309156542370594 0.991446054900891 548.7373009031866 -0.0349495052452192 0.9977260220581472 0.057630868387850226 3.104942246024578 -0.9922512414609498 -0.04152192901207208 0.1171042408724822 128.3965330709092
0.12125094297383752 -0.05118296222742799 0.9913014239904929 549.7365474782058 -0.03463381967690943 0.9978435038456808 0.055756975954228044 3.1330711594572875 -0.9920174934760688 -0.041093140675769774 0.119216804297294 128.52251727945537
0.12230333882474353 -0.052914258093047006 0.9910812149378982 550.7872817471598 -0.034943883454294666 0.997729074936389 0.05758140355799285 3.1647210751868187 -0.9918774210160507 -0.04167462437788794 0.12017656743937111 128.6554265358976
0.12302717939218552 -0.05249908935612216 0.9910137026033388 551.8715017421082 -0.03452684589890201 0.997768786707542 0.057143198934179434 3.2005414315445933 -0.9918025055640239 -0.04124674397980421 0.1209400515461625 128.79218617242176
0.12389501429786047 -0.051804040129607154 0.9909421612073941 552.9994667870903 -0.03449780758240842 0.9978077709664043 0.05647613187055925 3.240668975634648 -0.9916954808327701 -0.041182443168219174 0.12183628224201835 128.93327798564366
0.12434630390381862 -0.05030300294087328 0.9909629683295879 554.1539359789033 -0.0341894589328485 0.9979038430185423 0.05494543645018751 3.2833903266467814 -0.9916496748365007 -0.04071274964864083 0.12236582207752818 129.07865260634208
0.12389005259962357 -0.05106883969566314 0.9909809425407732 555.3157410098044 -0.034625903800425795 0.9978440918047146 0.055751369816591206 3.3267533992536755 -0.9916916363733566 -0.04122065092355043 0.12185465228941017 129.22581839158923
0.12274200949419112 -0.050842164144370344 0.991135446571478 556.4636260082927 -0.0352176755868254 0.9978347696010995 0.05554716825707945 3.370326729609701 -0.9918135482194165 -0.041723457673543296 0.12068570192104554 129.37163551477568
0.1211988852240649 -0.0514501936095475 0.9912939563005426 557.5917781527274 -0.03554712508802535 0.9977902759840389 0.05613347530368898 3.4135522947156005 -0.9919915484107815 -0.042040964894178384 0.11910216266863785 129.5149817970449
0.1195676882766948 -0.05280805886526885 0.9914206356733994 558.6959025310433 -0.03523190100056048 0.9977297918196713 0.05739316742749509 3.4539442186917455 -0.9922007262001242 -0.04179200203814057 0.1174357164306951 129.65247642909856
0.11832419186808878 -0.052901867083115534 0.9915648128477947 559.7654100485196 -0.03538908361290205 0.9977207677716065 0.057453305546968786 3.4915410834829004 -0.9923441935033441 -0.041888686018477395 0.11618235495910337 129.7846205261984
0.11728409252013561 -0.05188591392225747 0.9917420499193218 560.7992799576756 -0.03477222431026647 0.9978073288199107 0.05631542390667829 3.5275914548714127 -0.9924894629457002 -0.04108998040549938 0.11522273843313782 129.91042803857476
0.11652608961928669 -0.05221126376956253 0.9918143245454872 561.8066666453407 -0.03433189406761525 0.9978087202058632 0.05656040073112381 3.562001476255702 -0.9925940718580621 -0.04064162664953644 0.11447823677674322 130.03225541246195
0.1155322875201166 -0.05277902334475085 0.99190053192603 562.7978230461385 -0.03381482968809146 0.9977995607784264 0.05703151587975419 3.593114763740388 -0.9927279827996863 -0.04012992904493362 0.11349335205779465 130.15186178028605
0.11493982338998979 -0.051990513023656454 0.9920109997145257 563.8086125277016 -0.03345797405025197 0.9978602509070468 0.05617369163742322 3.6228324755915366 -0.9928088441243512 -0.03964727248198205 0.11295438377154406 130.27455750936383
0.11467853641655489 -0.05104260695272453 0.9920904623877927 564.8529944531812 -0.03277662410986584 0.9979409383715451 0.055132353786854466 3.6532638991271966 -0.9928617860494569 -0.038839873810143616 0.11276940190093712 130.40151017214433
0.1145039214813185 -0.051365209081451674 0.9920939810629921 565.9282990178091 -0.03277472803019643 0.9979234141885787 0.055449766606861156 3.6854177115356634 -0.9928820016336012 -0.03886482613144371 0.11258266350476154 130.53147738007974
0.11350817957695318 -0.05175272673753617 0.992188262601586 567.0091246119825 -0.033800000938366104 0.99786322456022 0.05591551669120437 3.7198250481029618 -0.9929619595461311 -0.03988283271669257 0.11151639587432935 130.66169575356724
0.11173915290879417 -0.05189697197767704 0.9923815123261674 568.1015747039559 -0.03343750612113591 0.9978735524434292 0.055949142248361755 3.758910115116322 -0.9931748561515358 -0.039434472653713665 0.10976624014194797 130.79146096002734
0.11002449019741087 -0.0517441288414518 0.9925810579933694 569.2032111440406 -0.0339616744627792 0.99786508855773 0.05578413488937095 3.799296202303978 -0.9933484867983057 -0.03984733577179814 0.10803228039528699 130.91962219472381
0.10901514276947655 -0.05056015789411855 0.9927534281384627 570.2922816738768 -0.03322492385945913 0.9979622732187678 0.05447389894766175 3.838334046462265 -0.9934846768226893 -0.03892263693210665 0.10711314229714297 131.04467397684567
0.10893915605074056 -0.049447051072963794 0.9928178329477857 571.3542468183176 -0.033207331448524224 0.9980235684362422 0.05335007013917584 3.8746841770059604 -0.9934936000886064 -0.03878074246291208 0.1070818406500626 131.1649662076214
0.10912665568827559 -0.04849632924047473 0.9928441363418978 572.3860899040423 -0.03298912835272294 0.998082285579742 0.052378131146919193 3.90866353209492 -0.9934802919176705 -0.03846891293129623 0.10731753029707958 131.2816622470484
0.10958197483558321 -0.04794271734894867 0.9928208733927432 573.4177339480636 -0.03250161894680215 0.998129156912547 0.05178639673584823 3.942026540471275 -0.9934462419059069 -0.03794314133337531 0.1078187482249047 131.398454662091
0.11021053920489235 -0.04812625830092784 0.992742413876891 574.457885363249 -0.03116402988779962 0.9981685640307975 0.05184902141647421 3.976269039708498 -0.9934195691093056 -0.036652162864501237 0.10850888750713111 131.51593794855356
0.11080549451740232 -0.048193993282838826 0.9926728974824511 575.5023391403422 -0.029425855158746517 0.9982265470665899 0.05174823455623781 4.011011178905534 -0.9934063928890983 -0.034944237621738095 0.10919083672225188 131.6339179930787
0.11151121759726915 -0.04727905113188011 0.99263786935319 576.5318985639316 -0.027604809918099715 0.9983348150325234 0.05065147148267693 4.04372111837904 -0.9933796972051318 -0.033049786959128746 0.11002040157441934 131.7509174880368
0.11224224110665398 -0.046877347356548194 0.9925745279908034 577.5440524823016 -0.026283609268041214 0.9983970667077481 0.050124535640810375 4.073773610206004 -0.993333202503168 -0.031714531277875435 0.11083021840014726 131.8690051897507
0.11260453443846222 -0.04790745877811747 0.9924843042674866 578.5558399323319 -0.0256761624823508 0.9983631988974494 0.05110438109819396 4.10049799095529 -0.9933080858948429 -0.031237773298882554 0.11119014351663947 131.98932033054095
0.11276459731836112 -0.047293914906758105 0.9924955572718785 579.566367009853 -0.024180029746517534 0.9984401712735426 0.05032445279100714 4.126885962863966 -0.9933274745787941 -0.029673388752365082 0.11144513559086364 132.10972740370795
0.11282889124099912 -0.0477496114930738 0.992466430617975 580.5793928323694 -0.022647453522137373 0.9984615386644039 0.05061273216169182 4.153560730947774 -0.9933562976849186 -0.028187415812183286 0.11157390124729909 132.22998479802806
0.11325805099986477 -0.04930258804792545 0.9923416088703958 581.590955002563 -0.021180877968146467 0.9984212914776436 0.05202206390186906 4.182385252323641 -0.9933398131013425 -0.0269105840867139 0.11203497744857074 132.34942486532128
0.11372461676601794 -0.05111119892880672 0.9921967329544474 582.6015226028106 -0.019497745783150777 0.9983686786966665 0.05366394792452006 4.214033690991471 -0.9933209700045585 -0.02544851157788597 0.11254254221259 132.4676007676614
0.11390607895264034 -0.050738017370275834 0.9921950709265619 583.6166441470007 -0.018944961892841727 0.9984025320800561 0.05323037060747127 4.246608087583311 -0.9933108745989407 -0.024860360606061865 0.11276288784003047 132.58717316034395
0.11373136644154999 -0.04888206366348 0.9923082787820194 584.6427728345993 -0.01832535576955044 0.9985157508469199 0.05128817257934626 4.279684979338725 -0.9933425177768523 -0.02401747619148964 0.11266677954984924 132.7095619606838
0.11365624466356944 -0.04860935415987391 0.9923302820820957 585.6845334288639 -0.0176766054471387 0.9985453513130896 0.05093838425865385 4.312225823038176 -0.9933628721010465 -0.02333049633368134 0.112631666381988 132.8321915368158
0.11371607890452688 -0.048498872962643186 0.9923288329580723 586.7380459934839 -0.016225506073076934 0.9985839460340286 0.050663948481920684 4.344400200554006 -0.9933807861798271 -0.021862343068835305 0.11276813204220856 132.9552687012007
0.11436698184198187 -0.049830341784830756 0.992188051985086 587.7921913301682 -0.014900497417682151 0.9985428310979848 0.05186703808320428 4.375859017427317 -0.9933268186458376 -0.020715972109117853 0.11345783295353928 133.0797282078145
0.11541091520933691 -0.04941467633043575 0.9920879549786392 588.8484558415646 -0.01388786820208035 0.9985839531279659 0.051353828212935215 4.406326168363208 -0.9932207447326823 -0.01970477907717247 0.11456122343173256 133.20630712197914
0.11662757310024405 -0.048290464196670824 0.9920010283565307 589.8973932799425 -0.012505530272941795 0.9986666535214616 0.05008519598479297 4.437824319627225 -0.9930969846421543 -0.018246813746858215 0.1158681702744464 133.3324015675541
0.1180913966816412 -0.04787742084102295 0.9918478585969663 590.9419461056095 -0.010464001126464395 0.9987215324110628 0.04945508445975422 4.469805641126683 -0.9929475951480038 -0.016218917106500613 0.11743943127284069 133.45951245321967
0.12003305824462379 -0.048735188513873456 0.9915729657110247 591.986861375746 -0.008461461876903081 0.9987078534129675 0.05011015061008983 4.501684584127588 -0.9927338357240313 -0.01440503147435912 0.1194655869984101 133.5881815817713
0.12210477750013161 -0.050576919915302915 0.9912277228182842 593.0369848856856 -0.006786588229118373 0.9986348919463072 0.05179087571757646 4.534447278470637 -0.9924940128443351 -0.013050967752085835 0.12159484655561151 133.72102941161984
0.12383673233762064 -0.0518683925725677 0.9909460800547503 594.0836601042977 -0.006005090250735368 0.9985754911970559 0.05301817869030312 4.568303173337313 -0.9922844363462627 -0.012516318647840252 0.12334885144372104 133.85526970009832
0.12501473870583224 -0.05123860904931632 0.9908309240475898 595.1089090208533 -0.005442312427669793 0.9986151314551243 0.05232781730879055 4.602435012731917 -0.9921399580410777 -0.01193415985956861 0.12456275320774912 133.98903436390117
0.12594969287259172 -0.0513558933012164 0.9907064384006649 596.099023840278 -0.004707278979189072 0.9986169492800534 0.05236439759234468 4.635436684884084 -0.9920254615633165 -0.011258811386244683 0.125533751542195 134.119283708966
0.12682299953744705 -0.05051324396678947 0.9906383492336005 597.048259855985 -0.003975600317318889 0.9986686024624535 0.051431673682713036 4.666446869161874 -0.9919173964551893 -0.010461101263234102 0.12645332723941755 134.2456556111734
0.12753585279286558 -0.050854045536003645 0.9905293899249104 597.9622688692907 -0.0035107533754571985 0.9986552854105596 0.05172325910350689 4.6955860479917675 -0.9918277475767315 -0.010074074358160434 0.12718581745891916 134.3702561026792
0.12805212714009875 -0.050930266187663525 0.9904588637197137 598.8810866665006 -0.0037308010380029955 0.9986487594955527 0.051833736905675803 4.72240141581878 -0.9917604216031763 -0.010332625225256714 0.12768908722926972 134.4959651343405
0.12885229938186413 -0.050562984991744 0.9903739038831385 599.8157091636206 -0.004657316703629205 0.998657394801784 0.05159183277258389 4.747847645325919 -0.9916528597977864 -0.011260211207465343 0.12844381378032663 134.62484244574944
0.12963124689860162 -0.05210333553393104 0.9901923965844969 600.7838427493601 -0.005149178581795477 0.9985696291280615 0.053218246335037744 4.773620416280195 -0.9915489023681313 -0.011997425110517435 0.12917753675957547 134.75783530952867
0.12973182842888048 -0.05414031690617818 0.9900699363064183 601.755109557248 -0.0047315876218338715 0.9984630408142098 0.055219273868972796 4.802075893215971 -0.9915378282098347 -0.011848300018914154 0.12927626625017405 134.89071921431758
0.12960887622308542 -0.056462617063435416 0.9899563182678992 602.7416943860418 -0.0051658845017056865 0.998325436243306 0.05761629098550067 4.832471421595798 -0.9915517398711493 -0.012581582728678736 0.12910015853800472 135.02645000471773
0.12952695255763028 -0.05790470110269183 0.9898837376941488 603.7600972576681 -0.0034819613618674305 0.9982607440101134 0.058850343358790386 4.864647963295653 -0.9915697880160567 -0.011069442559626247 0.12910005009763467 135.16338689867885
0.13023485198610438 -0.05660782989804608 0.9898658681469872 604.8142079984959 -0.0023904126837326067 0.9983479734954316 0.0574074014806851 4.897969251267767 -0.9914802919147505 -0.009842632361156428 0.12988438448421993 135.30402090475565
0.13117894736858232 -0.05375066637341522 0.989900474609282 605.8891656662971 -0.001673163752361595 0.9985156317440933 0.05444018447571558 4.933106540690844 -0.9913572939613288 -0.008797671686637587 0.13089429583662582 135.44869747035608
0.13204224960342825 -0.052553994510157964 0.9898499492249769 606.9684378204353 -0.002522639255401804 0.9985724953971983 0.053353610256455075 4.967594973084758 -0.9912408792068923 -0.009541965061599239 0.13172118391477752 135.59804632006964
0.13315576612464355 -0.05318015303599552 0.9896673245443768 608.0515218572697 -0.0037542164084277962 0.9985251450379607 0.054161246164359744 5.002043889178296 -0.9910880121396476 -0.010927307535970071 0.13275973087912202 135.75118987210604
0.13440753624460847 -0.0527079809444857 0.9895233614955269 609.1491162383999 -0.004486366104921841 0.9985417745411027 0.05379774173212473 5.036942327355632 -0.990915983683696 -0.011670185990780513 0.13397507245422266 135.90752986432435
0.1360081971410344 -0.05164109599487121 0.9893608884097307 610.2666982504243 -0.0046821309548876755 0.9985958862082127 0.05276678593352188 5.073165407400097 -0.9906966477989955 -0.011809032664923585 0.13557543578153253 136.06820083241618
0.13774270403404104 -0.05086127641651278 0.9891613003179365 611.3965210384033 -0.00532380638983454 0.9986282346904986 0.05208940357175018 5.109312471187607 -0.9904537367140952 -0.01244103855070297 0.1372829777826308 136.23263727470197
0.13899078304775736 -0.05098488892875025 0.9889803351577279 612.528112420139 -0.004768508175445885 0.9986277524201244 0.0521524057557298 5.1458557189284875 -0.9902821939010878 -0.011964664527368135 0.13855693142241604 136.39729828014862
0.1396765882373435 -0.0513791709093038 0.9888633027345315 613.6610199884248 -0.004601647000160997 0.9986084554383636 0.052535488689932935 5.181341309683731 -0.9901864852356153 -0.011888377672189004 0.13924579323291034 136.5634745727341
0.13931178086427162 -0.05012726026743902 0.988979011653181 614.7894736297694 -0.002801294500262508 0.9986939954292605 0.05101427489106483 5.21676632036251 -0.9902446063784179 -0.009877310950792778 0.13898941782320662 136.7277347142437
0.1389998211601372 -0.0489503294869128 0.9890818545300332 615.9096228426578 -0.0016217232934152281 0.9987649906159372 0.0496574620123203 5.2517052228717205 -0.9902910782850712 -0.008506395421564478 0.13874877118707402 136.8908162726467
0.138489026315747 -0.049106417546587344 0.9891457674912498 617.0138827830784 0.00042718768340965774 0.9987728154841256 0.04952454503167966 5.285789056068822 -0.9903638761085741 -0.006436055131198576 0.138340052383788 137.05079989965157
0.1378543996615758 -0.05037238118803303 0.9891707576083067 618.0949626920802 0.001468521011863122 0.9987151945446885 0.05065376226502499 5.317137675047917 -0.9904514162441207 -0.005530225945776762 0.137751256477046 137.20765362537915
0.13673452965855568 -0.04834517222384102 0.9894273155324237 619.1490251909386 0.0025009309357995613 0.9988220610218549 0.04845859841665967 5.344374664039307 -0.9906045698175979 -0.004151474280274486 0.13669437266322554 137.36023079005386
0.13574099328648412 -0.04383136844537802 0.9897743146201573 620.1815544787528 0.004066013876168034 0.9990371269904946 0.04368393784603172 5.368909266874567 -0.9907360144219841 -0.0019052650163649265 0.13578851090007726 137.50740597166455
0.13550199035421512 -0.04382537736303685 0.9898073281750501 621.2239396328042 0.004407391054225468 0.9990380048306318 0.0436307209214401 5.390625837022924 -0.9907672711157458 -0.0015495815618387643 0.13556479367019425 137.6556668956008
0.13580269472865142 -0.04519615387900053 0.98970446890927 622.2922881501019 0.00393954403768812 0.9989756586439269 0.04507896881813264 5.413311288763893 -0.9907280697028887 -0.0022228611015262523 0.13584163865071702 137.80758335938546
0.13585978688051098 -0.047363839707283195 0.9895952632248006 623.3893067561714 0.004138600709775869 0.9988750036486292 0.047239803874640496 5.440305491609934 -0.9907194306628629 -0.002322450027912565 0.1359029651366046 137.9635357363169
0.13545590643682148 -0.04909512128161633 0.9895662516869297 624.4975365317591 0.004397273173279481 0.9987915067129913 0.04895089485015272 5.469438872485824 -0.9907736176342296 -0.0022792947010951137 0.13550809354295928 138.1201675725335
0.13499127647466347 -0.04971871136380801 0.9895986080305796 625.6003771563155 0.005282451120091042 0.9987622090603135 0.04945852265408743 5.498756090394849 -0.9908327058519539 -0.0014489628301944113 0.13508682215824153 138.27358660405315
0.13458257183319183 -0.049772494145295776 0.9896515700918771 626.6711632600418 0.0067966295653177355 0.9987605772318493 0.0493063403027767 5.526014609919557 -0.9908790729374171 9.052103501952513e-05 0.13475405233471502 138.42014397719763
0.133826498820371 -0.04874074778628659 0.989805439325685 627.7158343030278 0.007400241667847168 0.9988110788170073 0.0481836617087372 5.553074992768771 -0.9909771463745964 0.0008765487083344237 0.13402808297376975 138.56158141730705
0.13245467184713777 -0.04949146189966064 0.9899527034686552 628.7228217638301 0.007912305238331613 0.9987736218235443 0.04887379436153161 5.57834734920246 -0.9911574826089353 0.0013592455672745973 0.13268382388145822 138.69623907646462
0.13102695644278606 -0.0500602028951348 0.9901140907852163 629.7003541162524 0.007635245886441211 0.9987456227055552 0.04948620157927322 5.601980542416072 -0.9913494034423955 0.0010757381599291183 0.1312448211618955 138.8262528616794
0.12921344834225992 -0.050215107293607564 0.9903445500263992 630.621580956371 0.007457056957645952 0.9987379572746938 0.04966774607630736 5.624310520160279 -0.9915887640897472 0.0009673149753338661 0.12942483236499244 138.94836591904067
0.12669851367530488 -0.051114112660960054 0.9906234572830125 631.4932979702855 0.007232675152029994 0.998692535336443 0.050605417431446115 5.646485115823751 -0.9919149031255725 0.0007532264920264153 0.126902551618312 139.061093724325
0.12391876967482127 -0.05414328249978953 0.9908141316525638 632.3061744905738 0.007300568997670925 0.99853300532214 0.05365201743311884 5.66797098820426 -0.9922655089312481 0.0005850149411129324 0.1241322582688732 139.1636733999985
0.12174710203459355 -0.057665246116316404 0.9908846363409417 633.0747839003403 0.007544171979079639 0.9983358424313729 0.05717194404591647 5.689248817411411 -0.9925324823980968 0.0005148856027096804 0.12197953220720348 139.26047455989965
0.12072285256605893 -0.05770570298813746 0.991007590642451 633.8179091771551 0.008005468079838929 0.9983331027756215 0.057157050161998624 5.711218848989716 -0.9926539706005998 0.0010333174939485268 0.12098358114149554 139.35270864552905
0.1206164049706656 -0.05343167512098798 0.99126017722176 634.5709507286306 0.009386298768015361 0.9985671509183972 0.05268341771516724 5.73688666617582 -0.9926548142468209 0.002949779733868063 0.12094510553194018 139.4427515609903
0.12102203134088779 -0.05257828099304121 0.9912563706216164 635.36145497757 0.00972215366147966 0.998611117705879 0.05178141869817876 5.76458558595715 -0.992602210182059 0.0033704542765374823 0.12136512011143252 139.5380006748378
0.12162996658898494 -0.055387452838524476 0.9910289507858082 636.1961512043143 0.010358729278428208 0.9984583267439403 0.05453133487661707 5.791560661280471 -0.9925214596951036 0.003633156169179419 0.1220161965517371 139.63938187630401
0.12272422243516186 -0.05820848740178952 0.9907323236990292 637.0642987290711 0.010611764164355414 0.9982983949169738 0.05733851382371327 5.8195046383309545 -0.992384076700652 0.0034765932444951186 0.12313308901512925 139.74725212695068
0.12428129998535134 -0.05896692292676203 0.9904933419637396 637.9407309610176 0.00981414337893699 0.998256836719346 0.058197684943829764 5.8492299013305455 -0.9921984887428973 0.002487959732957651 0.12464336722296467 139.85904096613555
0.12613416420120951 -0.0603322059056714 0.9901768516541958 638.8098170345435 0.008885560273763221 0.9981775458472832 0.05968780264773002 5.8812280801650445 -0.991973396538377 0.001269604997080398 0.1264403759218873 139.97206620126664
0.12807517096230955 -0.06319981824862633 0.9897487224322711 639.6928163653256 0.0074711823452603965 0.99800068587688 0.06275995876065896 5.916248526986536 -0.9917363218201397 -0.0006433992665788035 0.12829128583050814 140.0891209840716
0.12973478732123264 -0.06755211172346132 0.9892449631716163 640.5971851866818 0.00664524920655063 0.9977134262532683 0.06725890080090086 5.954737749137635 -0.9915264623910436 -0.0021520398842642674 0.1298870397793391 140.2115495137102
0.13124210273357337 -0.06942711510342767 0.9889162685275645 641.5100138334396 0.004288896554203475 0.997575112649542 0.06946581885070902 5.995467395751632 -0.9913410693784546 -0.004875480557592821 0.13122162113354455 140.33867655837204
0.13234836469265704 -0.068552543232349 0.9888298433904354 642.3774648759127 0.003367625489728132 0.9976308566794964 0.06871195601562863 6.0359932827094696 -0.9911975431071954 -0.005763906427896676 0.1322656717404428 140.4593248479893
0.13340321555217027 -0.06675278435713686 0.9888112296393622 643.169221222578 0.002354774138992488 0.997747619102306 0.06703837419293837 6.073123584025666 -0.9910590482504541 -0.006614707570827438 0.13325992842808165 140.56880387671595
0.134007362766684 -0.0661962412453416 0.988766951495297 643.8905495983319 0.0014069478108808264 0.9977781729648575 0.0666088436528266 6.10655168331958 -0.9909793374345279 -0.007534931976975995 0.13380275624189164 140.66861905512084
0.13326896115421114 -0.06664180957209243 0.9888368182919922 644.5525327122931 -0.0008806189963805611 0.9977283653567495 0.06735973183386476 6.135961844302187 -0.9910795167407409 -0.009847749971633762 0.13290753672172304 140.76150633356679
0.12963508341782412 -0.06706623226475777 0.9892910924682682 645.1749509469316 -0.004284500988518181 0.9976627974350026 0.0681952026570975 6.163185868624055 -0.9915525140901682 -0.013079109448760784 0.12904475462991394 140.84792985802008
0.12057721777424679 -0.06754448261621337 0.9904033912613213 645.7251889642898 -0.008404933491291927 0.9975773092257474 0.06905699972430698 6.1867926809605365 -0.9926683694199332 -0.01665097552769529 0.1197173895770692 140.91769938421376
0.10421575521357537 -0.06829815924601512 0.9922068523291232 646.1938784039336 -0.012330704460759484 0.9974738750650314 0.06995585958481318 6.204905535290536 -0.994478270296926 -0.019525112198257033 0.10311032877883934 140.96604606918706
0.08120178600360461 -0.06911776247385634 0.9942982474390814 646.5878195879542 -0.016784760079388256 0.9973563179226088 0.07070110981400579 6.217868604518799 -0.9965563414975106 -0.022430113919955447 0.07982698923694889 140.9951545522363
0.053007172400662064 -0.06907323086035802 0.9962023531655576 646.9346198378151 -0.019946544107428132 0.9973325818322374 0.07021293751163368 6.226835753507231 -0.9983948993520838 -0.023592583460776667 0.05148800785998197 141.00157765205603
0.020526665277218456 -0.06883566471815661 0.9974168172210668 647.2605070035178 -0.024215943289999542 0.9973001042814224 0.06932596981534525 6.233875265493509 -0.9994959950410874 -0.025576420059735372 0.018804324868377326 140.99276674645444
-0.01541750537276728 -0.06911853160444906 0.9974893127833109 647.5665674245029 -0.02635707914927543 0.997289319444511 0.06869729034409952 6.239323831784162 -0.9995336937326328 -0.025231763924611433 -0.017197476048917623 140.96662809451925
-0.05425380984898868 -0.0695923148660203 0.9960991084367333 647.8664341199399 -0.029149391679497594 0.9972535801467958 0.06808531302059395 6.24338692674084 -0.9981016166110472 -0.02534179543729259 -0.05613337975241845 140.93092615075673
-0.09533561896636476 -0.06984540857153737 0.9929918119792184 648.1703728137768 -0.03192673685832206 0.9972367443840209 0.06707875314835149 6.2461197143807965 -0.9949330646982644 -0.02530799383263893 -0.0973021182620771 140.87726626910103
-0.13910028862924345 -0.06985293156995134 0.9878115597897915 648.4742954308322 -0.0339066074840344 0.9972601182944864 0.06574647084209057 6.248425726633656 -0.9896976566973299 -0.024347985755495405 -0.14108764622554665 140.81413997611435
-0.1880366194273472 -0.06915728016089315 0.9797241960649327 648.785383511675 -0.036111803770448175 0.997330235702965 0.06346919395354034 6.251078284093353 -0.9814979202131714 -0.023445075248654634 -0.19003200010473179 140.72523237849597
-0.24167959847739828 -0.06669769810534545 0.9680611492809985 649.0945992008039 -0.03887012124509806 0.997499638221682 0.059021906289138476 6.254434302587995 -0.9695772714715399 -0.02336426363189184 -0.24366785965888887 140.6167309615363
-0.29849550438863154 -0.06311464673286962 0.9523218863533263 649.3931804006179 -0.039278822565092256 0.9977780543928446 0.053815687953686214 6.257999732495676 -0.9536024370552322 -0.021342341479169552 -0.30031133262417764 140.48923062825443
-0.35744319560743393 -0.05932368014092845 0.9320488522006122 649.6652645374552 -0.03984626257918887 0.9980405332426581 0.04824281670031358 6.259337962841386 -0.9330844748855366 -0.019894596734953474 -0.35910662448406183 140.33867925915197
-0.4177219362236896 -0.05559785654912611 0.9068722414677113 649.9325560065188 -0.041224070637531376 0.9982578483112396 0.042211897435257106 6.260339302143166 -0.9076392234790236 -0.01975212981315 -0.4192861712127415 140.17966408903055
-0.47663648124810715 -0.050342285098910144 0.8776578599171998 650.1824914659094 -0.039408415031352007 0.9985789185163698 0.03587645912562698 6.261537089849426 -0.878216739517154 -0.017487075961864912 -0.4779430516349873 139.9915979020489
-0.5327460058942841 -0.04659125898514868 0.8449916850418485 650.4249704324163 -0.037512008609047846 0.9988020455615512 0.031421696201422655 6.2626052468930595 -0.8454433998877766 -0.014957552214132197 -0.5338555321601146 139.79514595253303
-0.5852652524602808 -0.042143306520647905 0.8097459638541626 650.651211833692 -0.03510518745992212 0.999028993079806 0.02662135983287589 6.261614283091106 -0.8100816070470976 -0.01284572697259162 -0.5861764045255814 139.6052773115244
-0.6357527164930289 -0.04155718411500686 0.7707733025476181 650.8617570899552 -0.03654078597135846 0.9990504899695948 0.023725291401934467 6.258429184758711 -0.771027401868656 -0.013081243822461147 -0.6366675950821807 139.39593700917993
-0.684859684196257 -0.041630011813586665 0.7274848143287941 651.0434633064638 -0.036619256735148875 0.9990714888747719 0.022697800635982368 6.253430264679565 -0.7277542462938765 -0.011095144611319857 -0.6857482444507501 139.16130385229323
-0.7310565198041499 -0.03848252776343891 0.6812308418654992 651.2110634237388 -0.03339793392117613 0.999229698851313 0.02060550759650831 6.2496913250467685 -0.6814990409836545 -0.007687911969389866 -0.7317786230465538 138.92315860782116
-0.7745037525799797 -0.03482606944376851 0.6316099129420176 651.3564493050894 -0.030542636361424527 0.9993775882212094 0.017651728676008227 6.246796807284838 -0.6318315318212779 -0.005619701794167098 -0.7750853722965765 138.64893076397226
-0.8146997915218006 -0.03250615136731799 0.5789711562915854 651.5099596911342 -0.03188461393836374 0.9994282846666014 0.011246119436276791 6.244645797782923 -0.5790057176646315 -0.009298060639641337 -0.8152704612458415 138.3695792383158
-0.849640914605736 -0.032080594596644085 0.5263849842826542 651.6767698020413 -0.0360044000650161 0.9993477355198184 0.002790463647471264 6.243700068801914 -0.52613116178752 -0.016581283476718445 -0.8502417665784126 138.0705671277045
-0.8805794992755192 -0.03302443685002546 0.4727463717749829 651.817008921966 -0.03806352330606903 0.9992747219961383 -0.0010946109204142407 6.241463589236332 -0.4723673503209155 -0.018958284476116666 -0.8811978607557558 137.75228646367606
-0.9070665112272319 -0.0353488366638921 0.41950066025760113 651.9387275026045 -0.0387462996411512 0.9992489912948873 0.0004214976473942422 6.235038735830145 -0.41920051106144196 -0.015871771881489444 -0.9077549329985315 137.41557005501065
-0.9309341600976 -0.03566379187030716 0.36344144440721604 652.0272579240097 -0.0376033248689205 0.99929123044894 0.001739743269677907 6.224469431848078 -0.3632458940197073 -0.012047020265331249 -0.93161541946264 137.06529034331845
-0.9514477426611403 -0.034542671687182946 0.3058659785228295 652.1197847870333 -0.03719458445538765 0.9993039932884433 -0.0028446238697260595 6.214022014345332 -0.30555483284053797 -0.014083068929768072 -0.9520703289659388 136.7128003128596
-0.9689082405347673 -0.035430036554579936 0.24487044316037557 652.1833446763916 -0.03899629453231972 0.9991919882487704 -0.009729318178375607 6.202379265354239 -0.24432787486606478 -0.01897585648155453 -0.9695069914313279 136.33000268487243
-0.9827384791821583 -0.03653434653113041 0.18135689415701312 652.2079976555652 -0.040420788157119414 0.9990245567664382 -0.017779056847241542 6.188202722568434 -0.18053044457789647 -0.02480275188690509 -0.9832566206638755 135.93733996610246
-0.992772367341392 -0.03539703731191976 0.1146737825001988 652.2190458798789 -0.03862239975606069 0.9989148617059669 -0.02602708781308863 6.173673264792058 -0.11362806378904791 -0.030267950252464565 -0.993062190553576 135.55481008984373
-0.9984060510136867 -0.032557653165757316 0.04610158912217441 652.1985782953533 -0.03408313947261413 0.9988839200716021 -0.03269944687724488 6.155428192817482 -0.04498551881374849 -0.034218612519002184 -0.998401417093512 135.17289154574965
-0.9993337117449761 -0.030281461924650505 -0.020375613701454902 652.1412458754521 -0.029507373439647627 0.9988692901118532 -0.03727540991235512 6.132205172418267 0.02148132869955048 -0.03664934290197858 -0.9990972816408599 134.77924156309462
-0.9961464458380753 -0.028443372994522487 -0.08296525162296094 652.0819572730467 -0.025038629876685342 0.9988124574514526 -0.04179404088727559 6.104745307861251 0.0840554903505112 -0.03955564905905751 -0.9956756626379157 134.3631625261811
-0.9895494742724463 -0.027019526908097335 -0.14163962416210907 651.9857685052116 -0.020663968242214142 0.998720681753398 -0.04615192579417651 6.073555219912905 0.14270542520733148 -0.04274277721076347 -0.9888418562200462 133.9401284119877
-0.9803838032194325 -0.026898177653452232 -0.19525390245503416 651.8798510217067 -0.017075807932079246 0.9985106516677861 -0.051815975233882844 6.038695747345926 0.1963568566881811 -0.04746542473100698 -0.9793829783525151 133.49349070936316
-0.9698404746524206 -0.026738952781737213 -0.2422694411808873 651.7443329414224 -0.01317311050057271 0.9982618801350414 -0.05744290930124009 5.99961257938979 0.2433843110919488 -0.05251901630254291 -0.9685070108372534 133.00989971912793
-0.9591655046498787 -0.026259440039436255 -0.2816238209004248 651.5848080864889 -0.009427578912875795 0.9980958939840754 -0.06095660069237538 5.953811026342748 0.28268826548970893 -0.05581243786955917 -0.9575867147853908 132.47080094351497
-0.9481250582251244 -0.025100868519114028 -0.31690506522488215 651.3850705554041 -0.0060521715843531165 0.9981224408011157 -0.06095050769547347 5.902234870756459 0.3178399678843326 -0.055870739826930194 -0.9464968120635585 131.89395904461037
-0.936910781893274 -0.02316282480389467 -0.3488003301592961 651.1549720287396 -0.003007992558100525 0.998299569499417 -0.05821444423893461 5.846119116632565 0.3495556304122417 -0.053492551672000566 -0.9353873038280559 131.2927620770724
-0.9250406224477195 -0.021485689568431443 -0.3792600848564225 650.9002141444771 -0.00015906534389104054 0.9984209718966418 -0.056174171780102644 5.790593147202884 0.3798681633405826 -0.05190306369312955 -0.92358337493673 130.69082125662754
-0.9131742642454009 -0.019573262184029966 -0.40709906721502337 650.6332511962787 0.003184437582654659 0.9984730287179027 -0.0551495265635098 5.736537567266026 0.4075568947731697 -0.05165750991261853 -0.9117175435366373 130.1028826741012
-0.9003962043137077 -0.01816975229541562 -0.4346913104249813 650.354814839591 0.005905817547380177 0.9985250628493155 -0.053970549199226406 5.684618580510488 0.435030799572353 -0.051162085212511255 -0.8989608692596958 129.53536244437035
-0.8870898297648554 -0.01597491887161745 -0.46132031810316043 650.0563394944576 0.008917182480297964 0.9986213919067257 -0.05172813047932114 5.633625094735578 0.4615106908668189 -0.05000117591935027 -0.8857244292793977 128.97601183623638
-0.8731064004539415 -0.014666283323772455 -0.48730905349667425 649.7460339250345 0.011385095860381611 0.9986614535181615 -0.05045474060226401 5.584851778718175 0.4873967511982483 -0.04960041724077158 -0.8717707299117899 128.42521852399386
-0.8579083118824609 -0.012658903176686886 -0.5136468442162824 649.4357066691615 0.014804460262383606 0.9986723503151589 -0.049339281230424775 5.539980734883542 0.5135894823293422 -0.04993284376398652 -0.8565819019535262 127.90555766410048
-0.8398763051747004 -0.008744667959559221 -0.5427074007127292 649.1076455576547 0.019722107171542658 0.9987182801623247 -0.04661368209358174 5.499739283436554 0.5424194230434634 -0.049853060606991434 -0.83862735577449 127.42142015270544
-0.8196576105438487 -0.004700427026837123 -0.5728344503111785 648.780869116778 0.024154463609880855 0.9987934379638868 -0.04275780826933848 5.463890901335077 0.5723442699680531 -0.04888327184266553 -0.8185551064947879 126.98035615723487
-0.7977535627416547 -0.0024171825995802643 -0.6029787810207533 648.4426032686569 0.027170462369018433 0.998832154052141 -0.039951145242821395 5.43063936877742 0.6023711639078079 -0.048254380732111135 -0.796756233507159 126.55752996715565
-0.7733695622215986 -0.00014101731990376343 -0.6339554403452065 648.1064433200976 0.030159505292119915 0.9988595294101166 -0.037014115511979806 5.400757160863449 0.6332376524415647 -0.047745372767579064 -0.7724833039681712 126.17312529322095
-0.7455174556888959 0.002739079455234522 -0.6664804728624006 647.7450940855514 0.03350325794100731 0.9988813218811998 -0.03337119272972181 5.372391877319544 0.6656434893923999 -0.04720807389211962 -0.7447752297095462 125.80599429377273
-0.7139692974864212 0.005453260676369892 -0.7001557713785826 647.3757590086122 0.038318666201831636 0.9987753839537183 -0.03129556244284721 5.346615777794014 0.6991276865260418 -0.049173106024503976 -0.7133039209037395 125.45678991597596
-0.6805949130415547 0.00858118671686986 -0.7326096693168094 646.9547443571483 0.04388972787060488 0.9986131582580062 -0.029076656296991826 5.32107152193683 0.7313441434300268 -0.051943463385678984 -0.6800276615565736 125.09355739207703
-0.6486174851795942 0.01210709461008122 -0.7610182495705327 646.4719911869472 0.04850701986404388 0.9984983660786583 -0.025457453960638823 5.292676662891864 0.7595672629485855 -0.053426877115842625 -0.6482307782406233 124.7009634004281
-0.6232586189193856 0.014754075461081095 -0.7818765958896488 645.9007875927963 0.05317071447716262 0.9983078008082802 -0.023545911902549472 5.263667333396853 0.7802061067850505 -0.0562481297700049 -0.6229884259219363 124.24846668417302
-0.6058229821401122 0.01609672722137309 -0.7954366157549061 645.224923904706 0.05784994999683629 0.9980400451396745 -0.023863184677645113 5.233775351821478 0.7934934767193883 -0.060472834151845206 -0.6055667913066419 123.73099117174411
-0.5970765834490959 0.017333677790373758 -0.8019969433302164 644.4452308054597 0.06186121584168561 0.9977842691455725 -0.024489634954882603 5.200744293845986 0.7997954385162127 -0.06423469358449954 -0.5968259048238151 123.14995517806037
-0.5931601232476623 0.019883886414336388 -0.804838927518964 643.6023519682916 0.0648968941052209 0.9976226722582922 -0.023181823304457314 5.164051308821868 0.8024646168675051 -0.06598207981933521 -0.593040389702425 122.5286091855988
-0.5915410468549108 0.022350166556156903 -0.8059650488332013 642.750798875707 0.06681256879013223 0.9975365669800557 -0.021374709104644382 5.126149214172244 0.8035018796104076 -0.06649261306759105 -0.591577097147943 121.90483756098119
-0.5911483360560101 0.023689930529028486 -0.8062148795263808 641.9238513075876 0.06780674366232092 0.9974897250348571 -0.020408183745664076 5.086526445750877 0.8037075900426228 -0.06673106953596888 -0.591270728234086 121.29640469154634
-0.5918325046852099 0.020835841945354622 -0.8057916319300267 641.1302148453765 0.06839816209248697 0.997358521120522 -0.024447326452073752 5.045215692552631 0.8031537697230827 -0.06958338910050743 -0.5916943249186103 120.71252574614077
-0.5926056813426811 0.016111222968494793 -0.8053315683212924 640.3583053365734 0.06915079419831482 0.9971264182213306 -0.030936608521970443 4.999797878476542 0.8025189556029917 -0.07402252751398591 -0.5920168843186197 120.14376784793892
-0.5932806995281077 0.009589921807139024 -0.8049385349001302 639.6012838175976 0.07098086371224652 0.9966574752324097 -0.040442478287328214 4.94677318055534 0.8018601677063777 -0.08112897425143797 -0.5919783450286088 119.58530529460035
-0.5940304113079642 0.005655309508281331 -0.8044227047489724 638.8362740380758 0.0732023983496162 0.9962065113084476 -0.0470531157577781 4.886636502035955 0.8011050363823413 -0.08683665298142418 -0.5921909458796484 119.02546509370502
-0.5952050177053179 0.006568111154431261 -0.8035470408222978 638.0569009367929 0.07816435109612022 0.995697917878168 -0.04975932626958001 4.82109326183793 0.799763290678018 -0.09242573369437268 -0.5931577889861399 118.45576745547741
-0.5959932292402482 0.009146681437064902 -0.8029373630106311 637.2747926637754 0.07991880160887696 0.9956460172320264 -0.0479790946079967 4.753355328164631 0.7990025380743034 -0.09276500735024484 -0.5941292768094593 117.87803108189804
-0.5948504266514301 0.012208741467375578 -0.803743688338758 636.5122892008918 0.08250396329552362 0.9955313591259718 -0.04593918847046769 4.688131590596555 0.7995911867655492 -0.09363898562338796 -0.5931995232788748 117.316024504002
-0.5915568400318012 0.011424277082121237 -0.8061823558629506 635.7660652624094 0.08602201657595951 0.9950865729751281 -0.04901963839951684 4.624963002387588 0.8016612237571379 -0.09834733437040868 -0.5896330080197714 116.77345063334144
-0.5883745594707819 0.012073185462809888 -0.808498371031346 635.0095102837099 0.09103278038583554 0.9945206824479987 -0.05139693646891879 4.561005817865166 0.8034478269699806 -0.1038405045054503 -0.5862497240607198 116.23149637388697
-0.5867511513290327 0.014364682454618055 -0.8096398843387278 634.2093610252465 0.09290808251547011 0.9944341177214325 -0.04968776222465421 4.4909109123076405 0.8044197751282282 -0.10437644087423745 -0.5848199585967275 115.65627112856784
-0.5862140696887723 0.016384639087346303 -0.8099904987719921 633.3687611375012 0.09484583190218485 0.9943083719948197 -0.04852967702131172 4.4184272736732595 0.8045851929222324 -0.10527300215624018 -0.5844315719973615 115.05315687690917
-0.5857348507582784 0.0195339865442411 -0.810267306496358 632.4987300750014 0.09721628067834834 0.994185336664441 -0.04630886667237375 4.344865617454971 0.8046512781188148 -0.10589589100196714 -0.5842280213158713 114.42992141782021
-0.5847975565994011 0.022511437863593414 -0.8108668527943906 631.6348864136133 0.09925606281408286 0.99408928991212 -0.04398542573015587 4.272162047104615 0.8050838787294238 -0.10620602076779738 -0.5835753844728695 113.8112471964892
-0.583773523257447 0.024839113487096554 -0.8115365007100778 630.7791058085477 0.0985210666782512 0.99431305184226 -0.04043704188871464 4.199690998584202 0.8059169144298703 -0.10355951611177619 -0.5829008094509156 113.19668231248782
-0.5826654659035875 0.026918276916255174 -0.8122661886421292 629.9498638413916 0.1011180113258131 0.994086342594984 -0.039591555307160124 4.131602229536142 0.8063969882315187 -0.10520337368158407 -0.5819417045865929 112.60297578383874
-0.5823757540346873 0.02735830723494745 -0.8124592322927738 629.1328699788953 0.1026803456123985 0.9939044381595198 -0.040133706927300665 4.065467722248243 0.8064088465148704 -0.10679649260179992 -0.5816350070538313 112.01777704945704
-0.5831721503692724 0.02881551566841864 -0.8118373661580489 628.3208403697392 0.10418025340806034 0.9937712098038396 -0.03956333359114747 3.9999779682500787 0.8056405636718567 -0.10764965685860421 -0.5825417011208022 111.4342867970434
-0.5843824597154299 0.031337943970853516 -0.8108730320121761 627.4865003239813 0.10656227608253746 0.9935642827435001 -0.038399184529131554 3.932598546280076 0.8044511309539248 -0.10884828581136645 -0.5839609820723285 110.83255361381808
-0.5858893956480794 0.03185803478922039 -0.8097645841147247 626.6391822987428 0.10806005752762354 0.9933750426889635 -0.039103050134559475 3.8651480656091195 0.8031541819814242 -0.11041326995460303 -0.585450484484966 110.21946361489952
-0.5877621911583022 0.03083904242385807 -0.8084457681917612 625.7803189874842 0.10888216462986633 0.9931974398515561 -0.04127371679202876 3.797583478394131 0.8016734253237421 -0.11228445544550421 -0.5871217251941925 109.59367206743272
-0.5896771867463938 0.031169716894198035 -0.8070373375374833 624.9154049833336 0.10981747386769486 0.993068842045392 -0.04188552723723892 3.729273230788138 0.800138074249796 -0.11332574159192126 -0.5890130205933217 108.9610711707215
-0.59145013309173 0.033147547663249594 -0.8056599655870231 624.0340570409253 0.10899853501297668 0.9932706013220621 -0.03915139734840768 3.6554181594617035 0.7989405856700452 -0.11097185514003374 -0.5910830634826075 108.31160296196154
-0.593343577818915 0.03448579225360701 -0.8042102516094197 623.1471815275016 0.10897318393687513 0.9933255511178312 -0.03780469123159316 3.579176827115262 0.797538866666512 -0.11006852242624682 -0.5931413630216646 107.65534495797691
-0.5954042753165372 0.03292694365624729 -0.8027512474709978 622.2583503671665 0.10932434875804362 0.9931868951706266 -0.04034820974912289 3.501917183915495 0.7959534758410279 -0.11178375393047017 -0.5949474402447648 106.99528514202709
-0.5970142258340888 0.030171361735891133 -0.8016630857677813 621.362238330698 0.10905426364962478 0.9930685994882843 -0.043839756958889003 3.4244054264628403 0.7947837326792471 -0.11359773607505723 -0.5961663967610591 106.32826134508227
-0.5975494369604019 0.031641584219148255 -0.8012075140289219 620.4568337428982 0.10864954653310108 0.9932005594353813 -0.04180819029084842 3.3459478740263933 0.7944368737832185 -0.11203329364678548 -0.5969242788563718 105.6508022180503
-0.596858891721205 0.03369445697035925 -0.801638414088798 619.5453300637034 0.10813861235475739 0.9933799100999416 -0.03876073693595078 3.2685081340369777 0.7950254737373625 -0.10982275619971983 -0.5965513040211873 104.96753732786499
-0.5960912944090142 0.03426946190278063 -0.8021849990561252 618.6418914884581 0.10841341731414 0.9933746274984936 -0.03812322636527278 3.1953302759746833 0.7955637621687224 -0.10969254041693807 -0.5958572370130505 104.29036311404631
-0.595592853662194 0.03250721169784107 -0.80262845318002 617.7430801796115 0.10928347594119225 0.9931700665014982 -0.04086980415439978 3.1235581616013377 0.7958179908450992 -0.11205579053774908 -0.5950774951669986 103.61753596352698
-0.5960470633179238 0.03180056723132016 -0.8023195262698278 616.8427851579165 0.11031266049169247 0.9929838158069062 -0.042594113217665805 3.0499191641549004 0.7953357877307666 -0.11389409760527998 -0.5953730925103684 102.94294777630483
-0.5973187243757027 0.0328534988248424 -0.8013307613745682 615.9382458740163 0.11095722976564448 0.9929373335506823 -0.041999342899549943 2.9746412144717596 0.7942914041288078 -0.1140004353334937 -0.5967453946792223 102.26227582668614
-0.5989179911653023 0.03396398684915694 -0.800089799619908 615.0417448930275 0.112496294114931 0.9927612471318767 -0.04206768360114853 2.9000422232552836 0.7928693610355501 -0.11520222997177484 -0.5984033944928862 101.58499836736313
-0.6006142495351151 0.03310155176179519 -0.7988534349468163 614.1522844206957 0.11470268158114946 0.9923747439718281 -0.045118315182867054 2.8267668232277003 0.7912684867309322 -0.11872933419255864 -0.5998312488598204 100.91057575865212
-0.6026108756313634 0.034322114999652265 -0.7972967609320558 613.2660838941091 0.11479074686689533 0.9924130285727417 -0.044039359132683344 2.7521535995751805 0.7897361692391562 -0.11806088743113757 -0.6019787453510584 100.23430182170539
-0.6048749176639006 0.03690103450861834 -0.7954650511702438 612.3797168184991 0.11466027962727057 0.9925523462336833 -0.04114438311367376 2.6757974699218607 0.7880224325848098 -0.11609545054911659 -0.6046011016405081 99.55446172489802
-0.6075926394241689 0.037144843252242044 -0.7933797609829315 611.5035035054952 0.11434474436802752 0.9925907159795891 -0.041096836697427926 2.6001925117917324 0.7859748494404752 -0.11568894143733435 -0.6073381305962361 98.87898890690232
-0.6102207433698533 0.03494882752469142 -0.79146018460551 610.6419896593208 0.11442717764639079 0.9924389215148481 -0.04440054141927305 2.5262826230222686 0.7839241451677708 -0.11765868653479272 -0.609605912131671 98.21073095969962
-0.6125163976203772 0.03343270470454543 -0.7897505409319386 609.7852078893548 0.11396650420607626 0.9924014521256987 -0.04637880699035859 2.452009287526451 0.7821990146792549 -0.11841288812853604 -0.6116723709305995 97.54188758287978
-0.6147884479775216 0.033515558854284255 -0.7879796136627332 608.9223187423372 0.11433339376021504 0.9923301851186912 -0.046996582573351195 2.3762776267068944 0.780360839166508 -0.11898533950444143 -0.6139050819779516 96.86585338767605
-0.6168586258358277 0.033582654694213204 -0.7863571968486195 608.0632267584687 0.11363281979524378 0.9924219983120277 -0.04675638493020535 2.299924807516973 0.7788279771536913 -0.11819806500128972 -0.616000161877121 96.18882324813652
-0.6190260476904548 0.03271004503544819 -0.7846889863089127 607.2330120329584 0.11337517060501154 0.9923886386606655 -0.048071410916610956 2.225311871382374 0.7771440168791202 -0.11872170320125996 -0.6180229236994181 95.53035860917379
-0.6212268654957877 0.03212167369556301 -0.7829721448846501 606.4228370694972 0.11366104476637418 0.9922870885288441 -0.04947222292927768 2.152236505921266 0.7753440194448459 -0.11972690599002227 -0.6200863806706013 94.88556336514647
-0.6236155053748728 0.03432434512953103 -0.7809772985096726 605.6250568234287 0.11468402026994434 0.9922433192920722 -0.047966350861538914 2.080086952657126 0.7732730933834178 -0.11947817646615672 -0.6227147729077585 94.24875593012544
-0.6262594117294253 0.03795195662671216 -0.7786904379845135 604.831320448587 0.11689136172937276 0.9920946939467438 -0.045656629264193206 2.009918576348184 0.7708018933379458 -0.11961507944619351 -0.6257448953013665 93.61228753919907
-0.6288736001786789 0.03964636419250456 -0.7764960790658365 604.0745493428806 0.11612474287418731 0.99228670454598 -0.04338363831769983 1.943763374697113 0.7687867318643746 -0.11745323234203645 -0.6286268361450222 92.99791648481975
-0.6309690061746904 0.039643102110563905 -0.7747945132110645 603.3768326597858 0.11493341525322331 0.9924499363665987 -0.04281861585995642 1.8835149769565618 0.7672473025727418 -0.11606699901773884 -0.6307614671441708 92.42607088517643
-0.63283977993111 0.04006509679590267 -0.7732454985032081 602.7404770947778 0.11458556355719243 0.9925101357935305 -0.04235302788923836 1.8312113109392385 0.7657571165591737 -0.115405452062894 -0.6326907776103096 91.90312558398657
-0.6350158898563261 0.03933856891579601 -0.7714967897701397 602.1689881893136 0.11291550644703047 0.9927028250435029 -0.04232244740627977 1.785518723897468 0.7642021382028341 -0.11398937733974984 -0.6348240022399211 91.43190334478342
-0.6368956813042759 0.0377781747434949 -0.7700238312214808 601.6512739471575 0.11351285645605558 0.9925080880199282 -0.045194320818125855 1.7460323636208557 0.7625475215061311 -0.11619167236973021 -0.6364124234462903 91.0079362280033
-0.6382700455566701 0.037752092172312374 -0.7688862909960713 601.1813251343327 0.11460549922426175 0.9923262301292035 -0.04641371074498285 1.7103723230750916 0.7612338198560535 -0.11774307849795006 -0.6376987054818172 90.62370220737046
-0.6398258058798941 0.03879354061641091 -0.7675402265266507 600.7416014643655 0.11599671382261054 0.9921582218264888 -0.0465491701800721 1.6749673979028472 0.7597155392069417 -0.11881550432725854 -0.6393083570695471 90.26145638840379
-0.6413680941925979 0.0384655146136966 -0.7662684724933251 600.3172670982516 0.1173317253366448 0.9919119481900455 -0.048414391118267945 1.6391410658048358 0.7582085689183917 -0.12095904771173578 -0.6406939010131069 89.90956974207569
-0.6423949455827113 0.036873360120408344 -0.7654861783227778 599.901423957702 0.11541419782696558 0.9921048845197127 -0.04906588480893223 1.6020846140562526 0.7576333525061697 -0.11986764962055449 -0.6415788725828684 89.5583269336725
-0.6430570759375723 0.03723077459486129 -0.7649127182297869 599.4921256444075 0.11415068599044303 0.9923192735899649 -0.04766634189649541 1.5649259906511332 0.7572629780825979 -0.11796748994934557 -0.6423678489312213 89.21098055718767
-0.6442160403103117 0.04000331245695157 -0.7637967192907875 599.1026511567087 0.11588421717153438 0.992207380651671 -0.045775124149353405 1.5298937288831809 0.7560135856037499 -0.11800105411740848 -0.6438316624784313 88.88230677554833
-0.6452626529281337 0.04134652019153673 -0.7628411197649174 598.7279008718037 0.11828991297271477 0.9918992783777405 -0.046295983007418766 1.49700187452207 0.7547473784154863 -0.12010947848428323 -0.6449264360787074 88.56925828569736
-0.6456716796146169 0.041798680581571906 -0.7624702961068546 598.3787551629118 0.11902978644455775 0.9918047119556855 -0.04642545941033387 1.4667846505704176 0.7542811094562804 -0.12073228087026815 -0.6453555022414115 88.27311154988958
-0.6462722699458159 0.041654438669007365 -0.7619691994026057 598.045576661115 0.11919704239623613 0.9917631632811876 -0.04688169197544196 1.4380535730237511 0.7537401529592723 -0.12112281245768787 -0.6459141166744008 87.98834943090189
-0.6472990618922718 0.04259647721302387 -0.7610449819836017 597.7322653363335 0.12025023110761993 0.9916410815608523 -0.04677442976012412 1.4122030684619915 0.7526910431192493 -0.1217928794710968 -0.647010578057418 87.72175887566894
-0.6482596266357655 0.04473888173230767 -0.760103867201974 597.4208364229261 0.12214891913199999 0.9914535802657609 -0.04581964352858133 1.387318029255752 0.7515577808984063 -0.12254889081319628 -0.6481841338165548 87.45966691707183
-0.6494323638698684 0.046443963193282284 -0.7589997121483588 597.111924503896 0.12375856095925011 0.991280767031824 -0.04523559994177464 1.362390146991487 0.7502808962966371 -0.12331017474522427 -0.6495176498422628 87.19931294519347
-0.6508879368572063 0.04531218221463454 -0.7578203611653046 596.8084024204009 0.12429510368500821 0.9911079263970404 -0.047495320115667844 1.3389971877773945 0.7489296501365779 -0.12510749128611148 -0.6507322758019596 86.94249325109647
-0.6521779046512339 0.04392707714237215 -0.7567921726461299 596.5155722765795 0.12507481887514224 0.9908728938694928 -0.05027124305251304 1.3181917432230108 0.7476765813960413 -0.1274414378780408 -0.6517195789168112 86.69542223995705
-0.652790506333837 0.04493840792143919 -0.7562043998376993 596.2148190387461 0.12746599260167416 0.9905220336964947 -0.05117149100649437 1.2975901942662205 0.7467375546806774 -0.12979460795905234 -0.6523314986832063 86.44472521973289
-0.6535125281722872 0.04662106005451616 -0.7554785584523592 595.9100460240625 0.1295815277160396 0.9902572370980293 -0.05098266420806653 1.275941624197074 0.7457412441300519 -0.13121387554054026 -0.6531867387424469 86.18914498707868
-0.6544212910482973 0.048608763548656175 -0.7545660752571287 595.5987971414318 0.1311986406055856 0.99009415509981 -0.05000480717328689 1.2534187960466454 0.7446607889005042 -0.1317222537897907 -0.654316098938897 85.92516196716115
-0.6553173863613858 0.050148963166678495 -0.7536870734103017 595.295738206647 0.13245685754253766 0.9899620344454616 -0.04929859274417489 1.2314301059026462 0.7436493152168118 -0.13213724626276743 -0.6553819070798792 85.66574962565177
-0.6561891200061264 0.05161273486749843 -0.7528293062740573 595.005946305625 0.13429123558929 0.9897198299791328 -0.04919880272908844 1.2111977289941365 0.742550808247814 -0.13338209679552665 -0.6563745222241235 85.4177803941111
-0.6573425695801053 0.05235228914824458 -0.7517712311858965 594.7267509185201 0.13547621845915964 0.9895408455359982 -0.049549059001209025 1.1923674645687612 0.7413143330934763 -0.13441782931158278 -0.6575598122705921 85.17686572182905
-0.6585804923708942 0.05304798750357251 -0.7506381592287507 594.4494850759514 0.13604456265221873 0.9894686280953391 -0.04943390524620982 1.17518164949999 0.7401105404203295 -0.13467644573920676 -0.65886162653609 84.93683199397151
-0.6594325126991634 0.05487813783376272 -0.7497580617660354 594.1666423508241 0.13721835764308274 0.989363939102378 -0.048271299232138645 1.1587621679192353 0.7391345503499331 -0.1347122340090986 -0.6599490362802873 84.69332900792256
-0.6600992847331881 0.057194198078466735 -0.7489978357785091 593.8718283790168 0.13932743904681016 0.9891179375057914 -0.047260664753514946 1.1420871518734828 0.7381441587003085 -0.135552681310433 -0.6608847642109524 84.44059650021967
-0.6610707221923107 0.05886952381057835 -0.7480106145145593 593.5678375187605 0.14124761427486238 0.988857692297223 -0.047006125624940186 1.1254133291718915 0.736908821850975 -0.13672908816679674 -0.6620200485840929 84.1791088142826
-0.6621588535395725 0.06013938732091849 -0.7469463881509967 593.260737560038 0.1424540338707483 0.9887000733900345 -0.04667990051927336 1.1081804431354385 0.7356986481658818 -0.1373150354884783 -0.6632436054088211 83.91154549660328
-0.6635187924400204 0.060949506030202036 -0.7456728302637877 592.964176553173 0.14306477284729407 0.9886205867075499 -0.04649522887532938 1.0910988759405456 0.7343536497145532 -0.13752997219766833 -0.664688065108908 83.65092607482994
-0.6651808229712166 0.06104793941213585 -0.7441825191744719 592.674761990288 0.14314429951200766 0.9885923025005408 -0.04685049576998364 1.0738776998503994 0.7328329838841503 -0.13768953674919793 -0.6663313058841254 83.39339865759598
-0.6668458405122272 0.06242724853905961 -0.7425762342220359 592.3784352267503 0.14420452494154495 0.9884594651643704 -0.04639979216922682 1.056216114333651 0.7311098959649776 -0.1380243614975506 -0.6681523745787881 83.13099764067246
-0.6680687530268143 0.06415944759827669 -0.7413283392081255 592.0690315582904 0.14527736656607534 0.9883495934676291 -0.04538246198693932 1.0371527191788914 0.7297798489906524 -0.13801683366985978 -0.6696063960498935 82.85686407059065
-0.6691577769931848 0.06574815568842707 -0.7402060858390084 591.7542612758044 0.14605174635394308 0.9882868429871468 -0.04424933180805882 1.0179553599097204 0.728626623776882 -0.13771817600471814 -0.6709224598427416 82.57842066139202
-0.6705691234638258 0.06543613623630187 -0.7389554538207405 591.4435753346918 0.14546696921394076 0.9883625927521966 -0.04448309921603065 0.9992363961787731 0.7274451261261307 -0.1373226031016631 -0.6722842339016442 82.29734616735476
-0.6720590245762019 0.06430573554915578 -0.7377001015732355 591.1374048549542 0.14519995937180172 0.9883265013086254 -0.046126983528908885 0.982884538989623 0.7261223307984039 -0.13811408033408862 -0.6735509346214004 82.02106425100447
-0.6732755791972634 0.06365678862414284 -0.7366463247167169 590.8319273143564 0.14525404152273502 0.9882603040750334 -0.04735857695108135 0.9679936913895517 0.724983625937784 -0.13888622916466936 -0.674617934441801 81.74492102409035
-0.6738311486339522 0.06479166287295264 -0.7360391453943209 590.527291737336 0.1467140074408727 0.9880455554006624 -0.04733899527486188 0.9540119989891878 0.7241730339851683 -0.13988574221539318 -0.6752817160071525 81.47239090202054
-0.6740190307302708 0.06663426106094056 -0.7357025359928324 590.2254198115884 0.14886011526569165 0.9877446361263654 -0.04691694668961534 0.9401015851244097 0.7235599576375872 -0.14113967924171275 -0.6756778660330967 81.20546612555361
-0.6744402325910267 0.06759691556118998 -0.7352285560757086 589.9229360292516 0.14992679151180652 0.9875920742781147 -0.0467317024087862 0.925665752734659 0.7229469758215555 -0.14174819868224545 -0.6762064169473737 80.93686100322515
-0.6754182795069921 0.06825769323730163 -0.7342690481163789 589.614954340868 0.1485775741876289 0.9878838394488195 -0.04483552391102319 0.9090644502231697 0.7223121570043869 -0.13937864639096859 -0.6773763656741286 80.65724974753557
-0.6761718629775477 0.06871478081259615 -0.7335324741382245 589.2976403733319 0.14749842270985541 0.9881095629252938 -0.04340169298180593 0.8905770278500142 0.7218281145920906 -0.137541886541733 -0.6782672057758415 80.36938526715727
-0.6764144823160443 0.06793232676358399 -0.7333816517295746 588.9834104598503 0.14751982652486514 0.9880557853457029 -0.04453836354152532 0.8718524834918497 0.721596389192176 -0.1383147281578104 -0.6783566076035845 80.08746716220031
-0.6765482933094257 0.06656853545923512 -0.7333832810385791 588.6795021476507 0.14819749518941766 0.9878380625395842 -0.047047471957803705 0.8539647788281997 0.7213320381347834 -0.14051545212128924 -0.6781854454907358 79.81579587307466
-0.6767864150974523 0.06637841114534172 -0.7331807791215988 588.3844996706423 0.14971382083845455 0.9875246996043502 -0.0487928224361563 0.8363194401667613 0.720795338629132 -0.14278961518666225 -0.6782810668191753 79.55279060189989
-0.6775049485380092 0.06650153358028416 -0.7325056933143768 588.0967081275483 0.1504426307577034 0.9873784320671424 -0.04950602730304829 0.8174167729692954 0.7199680962078847 -0.14374066202748326 -0.6789584394664329 79.29381477615324
-0.6784769877005734 0.06616873046615097 -0.7316356171409711 587.8073513163486 0.15064012344146485 0.9873028924759172 -0.05040388594369455 0.7964381611254225 0.7190107998982291 -0.14441155638376926 -0.6798299581605132 79.03092911168861
-0.679505086910097 0.06574169022794596 -0.7307194174437068 587.5105960379674 0.15092160625483425 0.9872019305438623 -0.05152685800560253 0.7730959579415497 0.7179801568488906 -0.14529411032950207 -0.6807305750991357 78.76060212969244
-0.680496250968571 0.06489607594667202 -0.7298721475330041 587.202102233535 0.1514865463559168 0.9870115603807644 -0.05347902343800605 0.7469048300213217 0.7169216684484238 -0.1469580858661744 -0.6814885489189656 78.47899591016369
-0.6817856273587161 0.0627185838853877 -0.7288585168347075 586.8841787744295 0.15157848952324843 0.9868076547459621 -0.05687366744480066 0.7187548752667254 0.715676127756772 -0.14925492209700447 -0.6822980641837468 78.1865067896228
-0.6835422684489116 0.061028966767563225 -0.7273550937877562 586.5468093994272 0.15250971068145802 0.986445061643425 -0.06055516912002365 0.6881222688470672 0.7138002209242927 -0.15232073258286394 -0.683584405200886 77.87591114262581
-0.6859190414106102 0.05977575866008711 -0.7252185376194934 586.1917485859315 0.15303425381414734 0.9861814596631919 -0.0634558569095135 0.6543678885200421 0.7114039540162058 -0.15450885830004868 -0.6855883800918173 77.5436838896785
-0.6888957395348191 0.057903926640189174 -0.7225439746689596 585.7975737133493 0.15220128258782278 0.9861376658369506 -0.06608535084471988 0.615129831187673 0.7087012273372973 -0.15549803631331027 -0.6881590884913978 77.1680997202236
-0.6920115611951743 0.05604855794371108 -0.7197072726634379 585.3487177393255 0.1515274122439118 0.9860483811446722 -0.0689059749269426 0.5684899590362846 0.7058041105794701 -0.1567391118846833 -0.6908497725951155 76.73604463362496
-0.6956410693434811 0.056607217943793975 -0.7161557969599338 584.8240192574311 0.15198597558468538 0.985921859768767 -0.0697018626412861 0.5096232844387458 0.7021280266932984 -0.15733311573460015 -0.6944512400629844 76.22832916033852
-0.7001000615839209 0.05551957993652562 -0.7118830522029993 584.2429771120785 0.1517864962264456 0.985758495005012 -0.07239509022544705 0.4393713565294348 0.6977254211604198 -0.15873804134209013 -0.6985567055704145 75.65819932429287
-0.7053237576482159 0.05358161608399015 -0.7068574165380348 583.622388650656 0.15088441377291154 0.9856377168116741 -0.07584315973555383 0.36109929092408777 0.6926415310804005 -0.16014774933197087 -0.7032783288332592 75.04052973586803
-0.7108733058035972 0.05235421415047081 -0.70136878983638 582.9820463531748 0.14888257865277663 0.9858279734086495 -0.07731225400085559 0.2764207653407169 0.6873813503940596 -0.15938081159813322 -0.7085934208167322 74.39253076673619
-0.7163982149578589 0.051927340376235614 -0.6957565299202301 582.3451061015825 0.14891395684306546 0.9856273829064149 -0.07977026715757579 0.19070075027323696 0.6816144299107308 -0.160755134868221 -0.7138344034515068 73.74153831617777
-0.7224191046636127 0.05238574494457646 -0.6894681797904977 581.7135049020567 0.14883969447683262 0.9855323548981828 -0.08107233064913966 0.10301559714251596 0.6752461644208452 -0.1611884337520595 -0.7197644797150621 73.08485407347668
-0.7290669426435056 0.05324489275680505 -0.6823682103818759 581.0805081574415 0.14776183780903682 0.9857037617042059 -0.08096007318099444 0.010408407780289508 0.6683022014266773 -0.1598532938587516 -0.7265115911055815 72.41046054683235
-0.7363649676674882 0.05358028184782471 -0.6744596265078905 580.4404770802818 0.145689486129612 0.9860310929811071 -0.08072953180695977 -0.08786158727207294 0.660712651629545 -0.15770807547994803 -0.7338848376312633 71.71090203668822
-0.7429230002949679 0.05081536402124001 -0.6674452894523327 579.7848287096497 0.14346734896213187 0.9860306573233497 -0.08462069841509887 -0.19138077055592362 0.6538214858923624 -0.15862326940858995 -0.7398351998841581 70.98099204948646
-0.7482797047191105 0.04893478477771804 -0.6615760503103444 579.1276185426318 0.14157973951490221 0.9860790022019703 -0.08719735532260986 -0.2964296842687588 0.6480992677548468 -0.15891377616532637 -0.7447910786794554 70.23707698331626
-0.7533093576972181 0.049119675236360044 -0.6558294512374964 578.4690141215648 0.13896584946087387 0.9865794322907708 -0.08572932091435509 -0.40534546963543505 0.6428168512799102 -0.15571859646648906 -0.7500254758507124 69.47789058044803
-0.7581812620271146 0.050320629512326714 -0.6500992294692026 577.8224814704148 0.1373510302154584 0.9869720882694979 -0.08379016335881538 -0.5139521154043649 0.6374134203244541 -0.15281993071071553 -0.755215333774316 68.71932748446935
-0.7633767385932833 0.05046429949407116 -0.6439792771908509 577.1828249928689 0.1345115188467927 0.987507850250721 -0.08206641816679616 -0.6226948254492441 0.6317931673199753 -0.14927022532900264 -0.7606285516321495 67.95639057580793
-0.7680399279701213 0.05031286448353403 -0.6384224970277194 576.54517835656 0.13214844648422258 0.9879047483039712 -0.08112334047777187 -0.7300882974385132 0.6266190686018521 -0.146672505760035 -0.765399058608396 67.1839837766365
-0.7717048725303004 0.05166825528190211 -0.6338785223598552 575.9065333145287 0.1306305760988713 0.9883204776316787 -0.07847474805290106 -0.8366312188242091 0.6224204706635744 -0.1433632619955807 -0.7694411821633411 66.40463907247755
-0.7746674945731802 0.05027926048871659 -0.6303667732490474 575.266367235776 0.12887564140578073 0.988466084929511 -0.07953532546216166 -0.9433153787728656 0.6190971990761678 -0.14285235352919864 -0.7722123174277988 65.6162285560491
-0.7771469220688124 0.05039244261330936 -0.6272983845399506 574.6174490100689 0.1283323733682342 0.9885334137481714 -0.0795769555151578 -1.050556100806915 0.616095336343851 -0.14234567654428293 -0.7747026816169584 64.81321183360444
-0.7797256966820656 0.05109799219475619 -0.6240327179942796 573.9644787689474 0.12764924175259004 0.9887049023444366 -0.07853844383526762 -1.1584831904804673 0.6129710507141847 -0.14089574611655709 -0.7774412387522326 64.00074765946736
-0.7823769361439488 0.05209259235181879 -0.6206228255648277 573.3193478478721 0.12805837642373927 0.9886589839265514 -0.07845040298834341 -1.2637739855773304 0.6094976472618402 -0.14085373734262374 -0.7801748795359251 63.190943700740796
-0.7847502553087625 0.052624254259490216 -0.6175740641060475 572.6962810768026 0.12816440158567408 0.9886321143029205 -0.07861570285332112 -1.3633427589485478 0.6064164600000673 -0.14084470324640597 -0.7825738601617214 62.40219032208526
-0.787306790392656 0.05308724784207405 -0.614271732963649 572.0941099473548 0.12848610957904102 0.9885399592492303 -0.07924688393098757 -1.460985032425981 0.603025154903883 -0.14131699502920012 -0.7851051964348877 61.63352877732403
-0.7903718034477932 0.04898246987631438 -0.6106661362475364 571.5062155645946 0.1272752170786058 0.9881783973229992 -0.08546621661066414 -1.5594003290869267 0.5992607374359442 -0.14527275280988916 -0.7872625965068861 60.87236111965588
-0.7928321912858637 0.0443923348011519 -0.6078210567854276 570.9243032855198 0.12494302164696838 0.987998925471667 -0.09081500211173749 -1.661422916273935 0.5964950610043439 -0.14794405658130416 -0.7888638655178032 60.11144007258186
-0.7947359912144785 0.04195518155152497 -0.6055034822437563 570.3345961294498 0.12479442861681453 0.9875888660776185 -0.09536551885102482 -1.7684249234303024 0.5939874197780102 -0.15135387124385344 -0.7901081893038192 59.34140708297335
-0.7966198358168733 0.043223776338394665 -0.602933281833191 569.7376404329962 0.1250299206886763 0.9876527394308017 -0.09439059925339494 -1.8792000983513617 0.5914087893459786 -0.15057812408806312 -0.7921880284569078 58.55910013641208
-0.7985196603151696 0.04536326911424199 -0.6002570498589839 569.1299119897961 0.12544028386822165 0.9878056393027135 -0.09222122393904629 -1.9923663917084724 0.5887538426823224 -0.14893687514186882 -0.7944726049082959 57.75669959718411
-0.8003170729846387 0.0457601982952128 -0.5978282252798703 568.5278145736883 0.1248721135900196 0.9879404021828907 -0.09154625597078156 -2.103339821230719 0.5864294824928713 -0.1479181056757063 -0.7963797436377024 56.95301247177104
-0.8019760436470429 0.04666399705977109 -0.5955307689738945 567.9367459509785 0.12471169175106558 0.9880549536272754 -0.09052293937554295 -2.2120217715597192 0.5841929641452546 -0.14686687846824653 -0.7982159486330586 56.15910629462337
-0.8034847641988313 0.04749559025901659 -0.5934276725990218 567.3588748678109 0.1252979188618352 0.9879758950473981 -0.09057627909217722 -2.317244879527223 0.5819902621429645 -0.14713191262006564 -0.7997746776808601 55.38139903813088
-0.8054504123279983 0.04845484094903876 -0.5906790682504813 566.7837130741194 0.12495754264907119 0.9881321631832197 -0.08933331191641222 -2.422017825048343 0.5793403540370358 -0.14576335778052324 -0.8019462561249275 54.600793651111104
-0.8080471593779436 0.048540204396062325 -0.5871146708935324 566.205300802635 0.12392033707470537 0.9883069992179266 -0.08884270007235999 -2.52857340122074 0.5759370957669968 -0.14454453934356848 -0.804613781801823 53.80732305318681
-0.8113996534670376 0.047968726242730186 -0.58252004571192 565.6093727946272 0.12269592151530184 0.9883992695482763 -0.08951309848253126 -2.6406380459471137 0.5714685583626428 -0.1441037308992466 -0.8078723918688143 52.980227649065036
-0.8150951411326105 0.04939809071587284 -0.5772172377325823 564.999772082765 0.1221291762015034 0.9886182671300383 -0.08785434660357405 -2.7572891924483827 0.5663076683414653 -0.14210471677754122 -0.811850894097695 52.12280953762327
-0.818216709545172 0.0503901620377295 -0.5726973439705123 564.378329743059 0.12163826177157375 0.988773154786892 -0.08678583781911645 -2.876472549758219 0.5618946071055113 -0.14067153209724875 -0.8151600889169899 51.23858653293887
-0.8207799325845158 0.05053679713059109 -0.5690046875047126 563.7524732658133 0.12102599652093157 0.9888512459027833 -0.08675206996162883 -2.9966532367852636 0.5582768224032486 -0.14006871746501215 -0.8177455251819098 50.33613874678117
-0.8226594020214757 0.04976178887539742 -0.5663526045085205 563.129559324823 0.1208431549990131 0.9887043346472782 -0.08866042262230604 -3.1175084677958154 0.5555433737842147 -0.14137716582815565 -0.8193802882830716 49.431762015976844
-0.8242982255179208 0.04738348154246133 -0.5641695144944632 562.5126791964063 0.12057327458206482 0.9883234630302031 -0.09316017325307725 -3.2401929866297223 0.5531677149514059 -0.14481553128342492 -0.8203864583441991 48.52930532739408
-0.8254292478048364 0.04486197466309144 -0.5627201436750476 561.899739677426 0.11948670699474334 0.988135710617026 -0.09649219789669929 -3.3660772400058505 0.5517150385116298 -0.14688505925624834 -0.8209965259654868 47.629801653978845
-0.8260685374754558 0.0429365086948289 -0.5619316930146016 561.293981614246 0.1185433124061604 0.9880241695409663 -0.09877106603989802 -3.4941373648053826 0.5509612095936806 -0.1482049143044229 -0.8212655166869519 46.73804863064461
-0.8264063058034046 0.042124832997242984 -0.5614963189312293 560.7009851254818 0.11796439176078388 0.9880207819454432 -0.09949541054954066 -3.621098403659815 0.5505788045365287 -0.14846020641528065 -0.8214758347670723 45.866220133556894
-0.8266057410930909 0.04113239691497517 -0.5612762908906515 560.1188312217669 0.11740857024713236 0.9879845588667506 -0.10050740805231749 -3.7447823315636555 0.5503981980570622 -0.1489786473455167 -0.8215030043832088 45.01200094808486
-0.8267630518898315 0.041823661831642905 -0.5609934378767727 559.5378329339954 0.11714634784401626 0.9881705433495959 -0.0989732814600574 -3.8679852363375744 0.5502177652680942 -0.14754578464719142 -0.8218823834443881 44.16106049104982
-0.8268115310177403 0.042595337278791834 -0.560863913456912 558.9471071055997 0.11765689855002848 0.9881671819641862 -0.09839956662783358 -3.99318826224345 0.5500359500975219 -0.14734740490101322 -0.8220396558982129 43.29758455849479
-0.8269293483666108 0.04279860053014814 -0.5606747119343168 558.350288395994 0.1176049564487602 0.9882111584238452 -0.09801928680257443 -4.121227022748869 0.549869918279453 -0.1469931500419695 -0.8222141368354631 42.42336674022796
-0.82727690159266 0.04118703815114885 -0.5602825679776058 557.7549882853311 0.11710067648006778 0.9880451305368457 -0.10027089104189878 -4.250946882584444 0.5494546020001597 -0.14856125979124457 -0.8222099442539501 41.547817100493646
-0.8277297008869144 0.04022865718520788 -0.5596831223207738 557.1669051839912 0.11708583049086921 0.987853690007116 -0.10215671998251863 -4.38133767769574 0.5487754099519377 -0.15008911446336914 -0.8223860450856905 40.679108421212476
-0.828102207886848 0.04009220460401597 -0.5591416175021438 556.5829407102717 0.11673011805763348 0.9879074293752874 -0.10204406167612667 -4.5135282026450625 0.5482889866039383 -0.14977157979770372 -0.8227682912301165 39.81471433532619
-0.8281736872652485 0.039989034833513765 -0.5590431296550944 556.0057510183505 0.11629231929742734 0.9880044374474095 -0.1016037797360498 -4.645349994388795 0.5482740557366387 -0.14915799903897398 -0.8228896956025067 38.960445482844015
-0.827994710994512 0.039923743273414 -0.5593128402675459 555.4571086598472 0.11615234093475202 0.9880394582281167 -0.10142318610488005 -4.770585047901605 0.5485739624339518 -0.1489433573789934 -0.8227286819068519 38.149320223144194
-0.8275149246004507 0.03987791330758794 -0.5600257151182785 554.9448535556189 0.11676406186242588 0.9878883231948938 -0.10219009126410764 -4.886481449708782 0.5491677370538925 -0.14995470291195134 -0.8221486384186829 37.39355149321925
-0.8270123537564897 0.03911927509051616 -0.5608210490437564 554.4485412663355 0.11642015840506698 0.9878686373908271 -0.10277111450464918 -4.998528499210892 0.5499971940392832 -0.15028385667123775 -0.8215338392135363 36.65998454207679
-0.8266737768964505 0.03921220536779743 -0.5613135216097571 553.9217252960559 0.11767114869259473 0.987558946949957 -0.10431120296715571 -5.116255395177021 0.5502399179967931 -0.15228174299397673 -0.8210032298314041 35.8873564130344
-0.8266868390255051 0.04070495179639874 -0.5611880051117161 553.3530296510817 0.11905281666403186 0.9874520965020639 -0.10375347684794485 -5.2431180768667645 0.5499229919055703 -0.1525826464999525 -0.8211596915099375 35.05458725341785
-0.8268927843316044 0.04129293767767936 -0.5608415253155479 552.7605308153707 0.11961062869495631 0.9873952725054956 -0.1036526571632063 -5.3753173160575045 0.5494921480089765 -0.15279224172628394 -0.8214091003542248 34.185905038652265
-0.8271092727152894 0.04233747969163029 -0.560444278052459 552.1620558852138 0.11967050368350426 0.9875592812551051 -0.10200802201314649 -5.508539202976692 0.5491531858566572 -0.15144042993949458 -0.821885986401535 33.303991792243444
-0.8272580231129681 0.04234541760891328 -0.5602240880243787 551.5660179994806 0.12022350840246177 0.987400134170833 -0.10289452398851001 -5.6416572874981625 0.5488082280930398 -0.15247242585774518 -0.8219255976853572 32.427352710192004
-0.8273352231040785 0.0423967801896554 -0.5601061878259077 550.9761038373833 0.12140134860901822 0.9870760794459446 -0.10460652915345668 -5.772963418886832 0.5484324399296883 -0.15454231270163976 -0.8217898347008171 31.562239826000773
-0.8275927097884032 0.04268382195943746 -0.5597038485199283 550.3863919344425 0.12232767505216949 0.9868539817303851 -0.10561798454436476 -5.905089095476953 0.5478377922537045 -0.1558759445386552 -0.8219345736083669 30.69832542265356
-0.8279143186776518 0.04398287409386292 -0.5591273448106066 549.7946799141066 0.12298949259687855 0.9868927148715426 -0.1044813574004291 -6.039221857411121 0.547203312891357 -0.15526840026198913 -0.8224720410085715 29.829251787404644
-0.8284250447571104 0.04568551203247581 -0.5582336242197401 549.1944887954244 0.12418313129788225 0.986843869540264 -0.1035264558064696 -6.175727665433371 0.5461597706900674 -0.15508710823639238 -0.8231995467313168 28.9472532624292
-0.82932775784466 0.04591868872244667 -0.5568724666333899 548.5883514119953 0.12486545158346843 0.9866445259762555 -0.10460018337433365 -6.314319555218347 0.5446320676100517 -0.1562819675685548 -0.8239853503210479 28.053708116665206
-0.83027516745208 0.045814530138186704 -0.5554675284304504 547.9742619629544 0.12604067759230597 0.9862318765804693 -0.10705341287710488 -6.456103585245273 0.5429151811328238 -0.15889529396675256 -0.8246183308966223 27.14235520475674
-0.8312035596325367 0.046576819442548184 -0.5540137564580973 547.3493369321673 0.12700865990386398 0.9860419934711926 -0.10765680387592319 -6.6013751312324445 0.5412665173125145 -0.15984926337637806 -0.8255172743404038 26.21186861010894
-0.831883777313543 0.04864957089653768 -0.5528133503219054 546.7251446900268 0.12737583919213633 0.9862938504250892 -0.10488010394611803 -6.746074286547511 0.540134035802822 -0.15766312144960304 -0.8266786337520297 25.278828956547354
-0.8321400231294794 0.051555979483639824 -0.5521638913271558 546.1135184131623 0.12770514318793275 0.9867248205527038 -0.10032708960485931 -6.886005363626609 0.5396613552121484 -0.15400035546944174 -0.8276771787393149 24.361116214298598
-0.8320308313126656 0.053506800291363205 -0.5521428420868373 545.5182212694391 0.12891852519596622 0.9867364590796072 -0.09864671400676761 -7.018828441497249 0.5395412028811564 -0.1532585483606581 -0.8278931741160435 23.467640949741742
-0.8320134890354076 0.05453601020311935 -0.5520682726386731 544.9324860426246 0.13020504330637372 0.9865548583567779 -0.09877326637415818 -7.1479932877049634 0.53925893665354 -0.15406276332638055 -0.8279278133965134 22.58755251967073
-0.832450519901588 0.054345122606120455 -0.5514279096713339 544.3510569287436 0.13079225501480127 0.9863290767297954 -0.10024140075582479 -7.275053788819648 0.5384417498148826 -0.15556850595886182 -0.828178073852486 21.71183443628663
-0.8327498316670578 0.05499662058176413 -0.5509111449072961 543.7734299342494 0.13163670320486862 0.9861872843579338 -0.10053068456980957 -7.401688601429669 0.5377727180025348 -0.15623703752729928 -0.8284868688620588 20.8400510048667
-0.8331425333337643 0.055191553443145275 -0.5502975663936062 543.196759396761 0.13228302532578567 0.9860135000300955 -0.10138332687901012 -7.528301450258795 0.5370053261941158 -0.15726178870574742 -0.8287906909782583 19.969157890939346
-0.8336640655342932 0.0547662280254167 -0.5495497121323031 542.623116348272 0.13288904508269442 0.9857269691462053 -0.1033578443798209 -7.653894648129352 0.536045452861823 -0.15919485722127386 -0.8290429843503049 19.10393829070032
-0.8347427086583374 0.05417511338139358 -0.5479686737687204 542.0532972300725 0.1334773114903625 0.9853763250003758 -0.10591178143179358 -7.778611979381822 0.5342175752060577 -0.16155047266679373 -0.8297668510624501 18.2460221628572
-0.8363990826616521 0.05565266114514586 -0.5452883235777248 541.4913817975983 0.13404341823560117 0.9853933927880613 -0.10503439187878848 -7.903416195592257 0.5314780677981509 -0.16094297983166217 -0.8316420027225946 17.39656318542532
-0.8380422063737964 0.05838470199617636 -0.5424725678861119 540.9317252886291 0.13412288596574648 0.9857937532960321 -0.10110255893269342 -8.030593881168002 0.5288632259822499 -0.15748619792012603 -0.8339674967696937 16.540868344544705
-0.8388153011720413 0.060931739105263685 -0.5409955764045221 540.3671366027281 0.13438169171710268 0.9861419755748708 -0.09729113495348987 -8.159304612486252 0.5275703284405796 -0.1543091934360903 -0.8353790884204612 15.672656014565202
-0.8389821262306616 0.060984896847540035 -0.5407308334300612 539.7889515057705 0.13462280296498755 0.9860721053976528 -0.09766526444180583 -8.290087129605368 0.5272434852962359 -0.1547341116662148 -0.8355068293554181 14.780998699454123
-0.8386281348826679 0.059330657578967994 -0.5414635024214102 539.1965926293561 0.13474349484487574 0.9857524039154728 -0.1006796343450504 -8.42381556273429 0.5277755602338938 -0.1573914586186664 -0.8346741201053778 13.869632085647606
-0.8377061684241428 0.05747159348735317 -0.5430887508742578 538.5908624878047 0.13426860530952367 0.9855975298429114 -0.10280783431132313 -8.562666157194315 0.5293584012862844 -0.15904252610410075 -0.8333577610354714 12.942480943468555
-0.836198906559624 0.057999389809757884 -0.5453507673508678 537.9786105221401 0.13561006908126116 0.9853795040256134 -0.10313652219271878 -8.703213117492751 0.531395613297907 -0.16019770231788397 -0.8318385650712585 12.015574288120131
-0.8342765574260593 0.059395224335704364 -0.5481376041245752 537.3656250590369 0.1368992252794441 0.9853617622929081 -0.10159133589484934 -8.843347830978757 0.5340797953931646 -0.1597948833258545 -0.8301953790618628 11.094543133246436
-0.8325241633198046 0.05964129264433507 -0.550768947654429 536.7555846633097 0.13789018500153166 0.9852077462552021 -0.10174474727958298 -8.982577961517492 0.5365536453784432 -0.16065059268628812 -0.8284332035237642 10.183401677166291
-0.8310745507459572 0.06005858884135902 -0.5529087239398427 536.1444213643176 0.13893528163041435 0.9850517132443564 -0.10183373582773764 -9.12105047607838 0.5385276953144345 -0.16144995553031477 -0.8269956670010923 9.274868906163142
-0.8298806246559921 0.0611073295444247 -0.5545845680295517 535.5330714652177 0.1396239918683039 0.9851026169855648 -0.1003891174527836 -9.259284419220378 0.5401881984228586 -0.16074429471722493 -0.8260496244176415 8.367667805596694
-0.829031751944411 0.06052619693199077 -0.5559163010318422 534.9278731034633 0.1393076699167557 0.9851371417144753 -0.10048972642511853 -9.395519731223317 0.5415715348597437 -0.16075257851611838 -0.8251417339645832 7.469413078670817
-0.8284474525691385 0.05800872588934512 -0.5570545808557678 534.332415793458 0.13880823546328472 0.9848562713042774 -0.10387684361878752 -9.529365912702403 0.5425929340668454 -0.1633802699022362 -0.8239537579909463 6.587985648242093
-0.8278957894855806 0.05492053881300199 -0.5581866141072643 533.7409500179671 0.14022213001287395 0.9838588975822741 -0.11117294591240277 -9.662663598312804 0.543071188709817 -0.17030972980038134 -0.8222337136901077 5.718917695028512
-0.8273558080015391 0.05125042771713084 -0.5593351058398954 533.1494863970421 0.1403180896232897 0.9831126047793315 -0.11747527420042707 -9.800354093661753 0.5438687347978232 -0.1756786839169915 -0.8205752855933497 4.85165740013238
-0.8267398251074242 0.05002760200883308 -0.5603556911628425 532.5467789652387 0.13984239556765973 0.983050631617044 -0.11855614737003797 -9.945543909683124 0.5449269363715084 -0.1763765707642989 -0.8197230869642425 3.970004888461016
-0.8260162061594332 0.052153821095592356 -0.5612283012349799 531.9289648825772 0.14008220365233284 0.9834643533475674 -0.11478171419940723 -10.095023757471523 0.5459617233670115 -0.17342965328852208 -0.8196633162331619 3.07075976403633
-0.8253891825415409 0.05444748964514834 -0.5619325299488755 531.3061771869873 0.14081788873815254 0.9837343249535336 -0.11152174729415845 -10.244508839612152 0.5467202388376804 -0.1711789963154192 -0.8196308508503777 2.1659118563639623
-0.8250283763703163 0.05512486283487722 -0.5623961483520235 530.6881354383318 0.14182036993517444 0.9835768091437664 -0.1116406878607192 -10.390237812520141 0.5470056314657136 -0.1718659652519958 -0.8192966063232499 1.2701184979340212
-0.8249832748650416 0.0557203651240081 -0.5624036247246224 530.0926034086177 0.14360411302119144 0.9831342886027719 -0.11324676285402682 -10.531841803053567 0.546608136525923 -0.17419015897566234 -0.8190710186544816 0.40809782397768224
-0.8252066335551353 0.053794978510744745 -0.5622633833210413 529.5255629819425 0.14566868647108838 0.982049284652085 -0.119832534380749 -10.669136356856086 0.5457239647645886 -0.18079077078588424 -0.8182298280313804 -0.41032457391015775
-0.8258004338186863 0.051660418763415816 -0.5615913502165549 528.9990375983687 0.1459486303525416 0.9814485006710152 -0.12432955332032311 -10.800706201276228 0.544750071870652 -0.18463488745034723 -0.8180203649867867 -1.1741118093910075
-0.8265973065206287 0.051638020827371844 -0.560419849450275 528.5065595579172 0.14511722891750478 0.9816651735382059 -0.12358995482443513 -10.929251910221353 0.5437627081035807 -0.18348569935347359 -0.8189353548410433 -1.893529677430573
-0.8273635571827198 0.05097566974232179 -0.559348751084932 528.0493251375034 0.1433695154662664 0.9820500789941877 -0.12256763187104222 -11.05062582248047 0.5430605180649002 -0.18160155131999578 -0.8198208037597312 -2.566215872629055
-0.8277038416749054 0.05176648231885764 -0.5587723881733325 527.6185417663355 0.14354650411717412 0.982138883259007 -0.12164544852351114 -11.16432440838814 0.5424949323563627 -0.18089622798466387 -0.8203510242991011 -3.200439974812282
-0.8280348692843247 0.05052631832084184 -0.5583953316479531 527.2022260384787 0.14332294439268026 0.9819170884430891 -0.1236825170913689 -11.274951077067612 0.5420486960226893 -0.18244429993941993 -0.8203031686880868 -3.8155640728127675
-0.8283879476368732 0.047290000305157065 -0.558155053798765 526.7947681702809 0.14341409886488776 0.9811241123661361 -0.12972228945147182 -11.383039645536343 0.5414848146132399 -0.18750768518889424 -0.8195334425991208 -4.417322548916935
-0.8286631881763401 0.04499915823550965 -0.5579358353068151 526.3922718439117 0.14220999799680448 0.980982723925865 -0.13209546483031243 -11.493008760589404 0.5413812307710396 -0.18880670305125025 -0.8193036017568516 -5.014239782964639
-0.8285696310852313 0.04583789502936106 -0.5580064998031438 525.9866230857552 0.14253767142879994 0.981074124808618 -0.13105942871330284 -11.606753857147922 0.5414382500959206 -0.188128809623298 -0.8194218524806296 -5.6128954072957145
-0.8283034750883509 0.047145360759620836 -0.5582926366301114 525.5639675927506 0.14281920828426678 0.9813028041154395 -0.12902511530794364 -11.725496025288564 0.5417711942338854 -0.18660686373769358 -0.8195497858607309 -6.235224917746877
-0.828023980360988 0.048404395340339995 -0.5585994114379976 525.1218815683002 0.14287268101527573 0.9815947089521795 -0.12672499507433696 -11.849518174960863 0.5421841799302589 -0.18473993035838115 -0.8196996237430706 -6.887134250618243
-0.8276447927264041 0.047559095683716746 -0.5592336090495719 524.6777421136574 0.14178310107500894 0.9818025696853068 -0.12633790566919942 -11.972938153539445 0.543048477875056 -0.18385278506749037 -0.8193268603558107 -7.543332785693617
-0.8269073031023247 0.04701059086714662 -0.5603698032749057 524.2431946154061 0.14131693528159495 0.9818925588622802 -0.12616071755304337 -12.091711596726768 0.5442920501703575 -0.18351296193240152 -0.8185775204121745 -8.181491087414404
-0.8259447844272666 0.04734144527624498 -0.5617597356847026 523.8183035081919 0.14231314617535315 0.9817038786244725 -0.12650874720483513 -12.205776413565502 0.5454926044439667 -0.18443503531818636 -0.817570508423656 -8.799302695648633
-0.8249320590219031 0.04874534586081791 -0.5631260864626921 523.3971840050815 0.14437564116455262 0.9813978348625907 -0.12654629178818716 -12.31777094614543 0.5464821792485107 -0.18569378283595264 -0.8166241771952816 -9.406701144996827
-0.8243373086965945 0.05053919660180056 -0.5638384441466321 522.9650021136797 0.14649392012163046 0.9811241974678999 -0.12623327814155877 -12.432996861104627 0.5468158125532274 -0.1866577047694827 -0.816180965467794 -10.028361666390543
-0.8242804858740407 0.051829208617814954 -0.563804410892023 522.5293869510846 0.1482333194081906 0.9808218275634816 -0.12655206672456573 -12.550356308426444 0.5464325792121828 -0.18788899837159345 -0.816155108215613 -10.658418813651792
-0.8243836087374288 0.05201270564163421 -0.5636367128717623 522.0939749186405 0.14846604743271927 0.9807749874927685 -0.12664223887890985 -12.669259614393354 0.5462137845246615 -0.1880827008536246 -0.8162569443715936 -11.293755882298694
-0.8243036657405528 0.05202432148874134 -0.5637525491031662 521.6643020494096 0.1490322536809838 0.9805883504565598 -0.12742007028583674 -12.786259164954402 0.5461802394900859 -0.1890501439367788 -0.8160558737415189 -11.918956439347593
-0.8242376935224619 0.05145785007269876 -0.5639009791112822 521.230035213018 0.14884434467344157 0.9805302889316271 -0.12808479045691337 -12.90468610173184 0.5463310220328879 -0.18950578395804535 -0.8158492337502959 -12.552089693672578
-0.8241734783522554 0.05119650594596112 -0.5640186126003861 520.8050009705504 0.14917511191960256 0.9803607933345404 -0.1289941893119323 -13.019614350557333 0.5463376827242583 -0.1904511293518465 -0.8156246095870895 -13.168816966637866
-0.8243469199207591 0.049831714487048956 -0.5638873609582267 520.3998464145133 0.14878512832996402 0.9801687921873963 -0.13088974142282855 -13.129056629686488 0.5461823332962971 -0.19179660855494823 -0.815413342876992 -13.75721123364772
-0.8247319564076596 0.0486714156481681 -0.563425499404129 520.0224681919904 0.14920083713597032 0.9797173590102851 -0.13376474368022306 -13.230799115594266 0.5454872228365333 -0.19438361492860812 -0.8152660301824007 -14.30414273238199
-0.8252149849042186 0.0482879193701779 -0.5627508378780293 519.655617166651 0.15098595936628478 0.9789397534562655 -0.13740523708078384 -13.328395590132217 0.5442641534804277 -0.1983563357845749 -0.8151265517024632 -14.829447585933723
-0.8257414171868523 0.04900188663362082 -0.5619162989703972 519.2954505397018 0.15286817812680098 0.9783765673144393 -0.13932197474269853 -13.425011251127174 0.5429387000927774 -0.2009430457526667 -0.815376882371094 -15.344379055140243
-0.8266371752637737 0.048694714964333974 -0.5606244778873519 518.9383842884708 0.1524929706849016 0.9783566686922566 -0.13987180815690456 -13.524705023108055 0.5416796787434587 -0.20111452846557473 -0.8161715947498117 -15.864318397152239
-0.827843176463286 0.04680411429318593 -0.5590036225896944 518.5820070485366 0.1504727888542934 0.9785205002118005 -0.14090979554189012 -13.627440314199987 0.540401346221104 -0.20076604680691523 -0.8171042647373343 -16.391202765491553
-0.8291461295489438 0.045069654594950465 -0.5572121876706325 518.2364841966547 0.14873529659042212 0.9786040909378558 -0.1421683676063354 -13.727341313204903 0.5388826471525676 -0.2007554717420745 -0.8181092428052968 -16.90491870457774
-0.8306464564192108 0.043109878212077096 -0.5551288164369984 517.9067418830127 0.14650121885734474 0.978790464890642 -0.14320132231397759 -13.824082113583643 0.5371814007497973 -0.20027671916550677 -0.8193444809411875 -17.400931825701793
-0.8323629420337026 0.041913203760866075 -0.5526438419809754 517.5975030494355 0.14437096813716863 0.9791090281916993 -0.14318706112160062 -13.91624202550048 0.5350971465894103 -0.19896932995817354 -0.821025121082092 -17.870932251647417
-0.8335838366256673 0.04181190072513624 -0.5508082717917175 517.3033284703451 0.1436999268769923 0.9792145080824405 -0.14314076350365595 -14.004581493810534 0.5333744635169305 -0.19847093519861775 -0.822265753603669 -18.316723338963637
-0.834312107836463 0.04216032192523189 -0.5496779183964312 517.0310399370554 0.14377337005356638 0.9792072230048294 -0.1431168490381516 -14.087453279729672 0.5322147355916711 -0.19843316675981784 -0.8230259737995852 -18.730375074174336
-0.8346723002550033 0.04232601593881405 -0.5491180743353504 516.7775539764534 0.14392218173067745 0.9791598268462174 -0.14329144809222127 -14.165157688955148 0.5316094024684827 -0.19863167387209726 -0.8233692375489072 -19.115440411470512
-0.8346127759256444 0.043025800905583306 -0.5491541629798663 516.5365187931191 0.14516392570271922 0.9788831820495275 -0.14392758795715827 -14.238418562455564 0.5313651747492105 -0.19984117783135508 -0.8232342040432448 -19.477265408398974
-0.8342768874505074 0.04234948104091982 -0.5497168330344747 516.3030500924634 0.14566020309457087 0.9785509682053719 -0.14567466443680607 -14.30941281288085 0.5317566927649666 -0.20160487117104214 -0.822551089975431 -19.827179824149205
-0.8336300507319847 0.041546292855752676 -0.5507584262328874 516.0699010293275 0.14613700132512922 0.9782211989213644 -0.1474017056364885 -14.380289522510395 0.5326395735957676 -0.20336467621194917 -0.821546038338038 -20.175818079068513
-0.8326381236916816 0.042698402270710034 -0.5521689971546018 515.835859126574 0.14862474065723866 0.9776778613752165 -0.14851493474176247 -14.449284575153229 0.5335020538289966 -0.20572517060464451 -0.8203978990343217 -20.517930941183202
-0.8316094171408459 0.04399305907078099 -0.5536157404520319 515.6092460142694 0.1507218860887723 0.9773221039953834 -0.14874279174426672 -14.515912103516143 0.5345172498399833 -0.20713791491571498 -0.8193809821004315 -20.847872088524415
-0.8311536084485281 0.04538476025215868 -0.5541876060503689 515.3966591436979 0.15281618440462874 0.9769295272136346 -0.14918415680679017 -14.577759354234871 0.5346315487763461 -0.20868378565426826 -0.8189140276353836 -21.156012165409635
-0.8312840289229271 0.04569120820631545 -0.553966765023234 515.1992015071341 0.15368330849379247 0.9766589085169752 -0.15006271057404863 -14.635550023197766 0.5341800295294282 -0.20988017988146487 -0.8189029284016875 -21.44601946409648
-0.8315786992394896 0.046270383277135396 -0.553476213221977 515.0110678019319 0.15435351054682322 0.9765207157278647 -0.15027403480378376 -14.690177749586425 0.5335277506869003 -0.21039568290657512 -0.8191958226585688 -21.722330622805547
-0.8317522225195768 0.04749313987088119 -0.5531117807450344 514.8280118979221 0.15542021280791676 0.9764126843497934 -0.14987603975142383 -14.74318670908184 0.5329472748635451 -0.21062447983563892 -0.8195148142098981 -21.98910644580194
-0.8318724847365537 0.04871335576899105 -0.552824726389793 514.6547877373769 0.15673713806630507 0.976208894166907 -0.14983212105622173 -14.793216885846846 0.5323735893984683 -0.21128938430301222 -0.8197165103813888 -22.240228745210906
-0.832075602451443 0.04887876178616585 -0.5525043515225135 514.4887212428125 0.15730492258133205 0.976005956365488 -0.15055741254009425 -14.841114017813197 0.5318884781011357 -0.21218680398492806 -0.8197996139776573 -22.482372722238612
-0.8323274143357484 0.04890733539845998 -0.5521224029953722 514.3308053161774 0.1574489468898172 0.9759287787601967 -0.15090675237018517 -14.886810678668525 0.5314516953293575 -0.2125349179119784 -0.8199926854549967 -22.71412841291827
-0.8325719438614954 0.049946567486595456 -0.5516604922332143 514.1766799903945 0.158562763442462 0.9757398063997549 -0.15096251275219458 -14.930397000506957 0.5307370425589063 -0.21315996482283828 -0.8202932530824258 -22.936832644534512
-0.8328237838634452 0.05232529466467448 -0.5510595326909996 514.0250708898551 0.16095968501771057 0.975396706978935 -0.15064276887274386 -14.972443225684131 0.5296192262657828 -0.2141572495922156 -0.8207558392218282 -23.151698176418176
-0.8331718256349235 0.054128588749609935 -0.5503587964665763 513.8782612500314 0.1626285403439991 0.9751744814380053 -0.15028868426363784 -15.013806266372043 0.5285609395649118 -0.2147203451750457 -0.821290756391525 -23.359741241853207
-0.8336561638249019 0.0545329252313288 -0.5495848984301304 513.7382124489047 0.16303099554870853 0.975067386264233 -0.15054729069044032 -15.054683467373081 0.5276725262955599 -0.21510404996082547 -0.8217614937944638 -23.563390077690308
-0.8342134833636208 0.05499482343444459 -0.548692476319607 513.6023318506634 0.16353624601093353 0.9749252550954928 -0.1509193268525866 -15.094040829756196 0.526634370711767 -0.2156300451523413 -0.8222894400468833 -23.760899647007616
-0.834659036510561 0.05583971375079391 -0.5479290274656796 513.4683074292531 0.1643676243471246 0.9747664475671346 -0.15104190399961634 -15.132888768518214 0.5256686949379218 -0.21613028262040523 -0.8227758650426509 -23.95547252717555
-0.8349837273029518 0.05726352861350403 -0.5472870027965167 513.3341538980007 0.16562339241534424 0.9746047078255753 -0.1507134876812819 -15.17218350678769 0.5247581033429556 -0.21648683972693 -0.8232632514578474 -24.14865976691349
-0.835281796392186 0.05839507039512125 -0.5467122976204082 513.2008665035798 0.16664574594127796 0.9744599389610754 -0.15052249904798476 -15.212703867098412 0.5239594602404953 -0.2168359820544654 -0.8236799383929179 -24.3413174649315
-0.8354858666974624 0.059272188135447476 -0.5463059346761849 513.0659376874477 0.1675901728955967 0.9742867053111185 -0.1505953179976982 -15.254470393945851 0.5233324951668941 -0.2173757658241599 -0.8239362086561977 -24.536716229594106
-0.8356469980882639 0.06001366663509827 -0.5459784376722934 512.9308915974607 0.1683481210885372 0.9741574271416045 -0.15058624529088643 -15.296540267887138 0.5228317173929156 -0.21775138796769847 -0.8241549176739237 -24.73233084150193
-0.8357379471261207 0.06087440446383094 -0.5457438873817878 512.7949939364294 0.1693176246549196 0.9739799818250218 -0.15064706099139102 -15.338720857309099 0.5223730713911527 -0.21830552417495555 -0.8242991401184815 -24.928317466756127
-0.8358358678868245 0.06184519439032872 -0.5454847146205797 512.6590758118302 0.17044028692857105 0.9737666600493401 -0.15076007551091686 -15.38108028933516 0.5218510424877759 -0.21898324983243234 -0.8244500140986382 -25.12484801467619
-0.836020884050869 0.06309679547570213 -0.5450576811966736 512.5247505912099 0.17164879069852534 0.9735830177742233 -0.15057489881573316 -15.423045814156737 0.521158108526127 -0.21944225186215144 -0.8247662238568783 -25.31918638900719
-0.8362593489808549 0.06374073546353409 -0.5446167642339689 512.3972043603734 0.1722379712013542 0.9734848186091598 -0.1505370028063888 -15.463838168411698 0.5205808126684572 -0.21969166251830555 -0.8250643556119657 -25.506018469880622
-0.8364700931132938 0.0640871677303478 -0.5442523479594125 512.2771951494194 0.1725263880220956 0.9734341981126385 -0.150534073820021 -15.502445898987744 0.520146545468755 -0.21981514251093934 -0.8253053219020293 -25.682696559750305
-0.8366048921540391 0.06442259786270682 -0.5440054993366721 512.1614562123109 0.17279877991695247 0.9733960454567685 -0.15046833669691123 -15.539493538590051 0.5198392406149557 -0.21988603314840724 -0.8254800399422874 -25.852712924589774
-0.8366651571572572 0.06479098771142233 -0.5438690492300455 512.0475594906804 0.1730674439799352 0.9733771852231777 -0.15028145301817422 -15.57575692675205 0.5196528404937923 -0.21986128171731398 -0.8256039862841928 -26.019475385954998
-0.8366894690413125 0.0653197708407884 -0.5437683881329134 511.933793400843 0.17346887582859769 0.9733504742193667 -0.1499913446025955 -15.611648425589976 0.5194798181971284 -0.219823069476884 -0.8257230386828479 -26.185525137673693
-0.8367464590089999 0.06593366353619347 -0.5436065814066174 511.8203306965035 0.17401518583540557 0.9732817742471691 -0.14980421561808527 -15.647053279638357 0.5192052372950045 -0.2199439472478764 -0.8258635369323785 -26.35039726360514
-0.8368756963526632 0.06643968452741943 -0.5433459645328521 511.7083128963117 0.17457148492025676 0.9731702483730096 -0.14988150097443473 -15.681598811948177 0.5188100476156705 -0.22028489735229237 -0.8260210036624446 -26.51293089643716
-0.8370321667570289 0.06682680300689359 -0.5430573912708535 511.5975295351688 0.1752128987993058 0.9729859308030168 -0.15032903430052805 -15.715250519636669 0.5183411925637114 -0.2209808970460185 -0.8261294397564845 -26.67325729639058
-0.8372084337792675 0.06726719828471549 -0.5427312064399691 511.4872902689026 0.17590680479947934 0.9727907146971146 -0.15078136961943558 -15.748324845924714 0.5178212379133331 -0.2217055466920028 -0.8262613485646656 -26.83275911401243
-0.8374239577733976 0.06789397721709273 -0.5423204982340029 511.3756245326809 0.1766187809365699 0.9726339622175689 -0.15096019926268836 -15.781584523771713 0.5172300466597154 -0.22220167280782477 -0.826498333594079 -26.99456827675119
-0.8376756063661646 0.06863623762422964 -0.5418382096012261 511.2598319250412 0.17728486800118456 0.9725239955157146 -0.1508878846161972 -15.81617945731142 0.5165942838213308 -0.22245481570633316 -0.826827793976584 -27.162856176906025
-0.8379180625706381 0.06947494828003536 -0.5413562154250637 511.1380610726072 0.17785946120313928 0.9724807572007078 -0.1504898300047708 -15.853160764094483 0.5160032291356227 -0.2223834715886554 -0.8272159688290504 -27.341356018703262
-0.8380640829159794 0.07031221685464584 -0.5410219820739055 511.0080927289683 0.1785098908626731 0.9724153639224176 -0.15014186248953498 -15.893080970537923 0.5155412803940997 -0.2224062772689098 -0.8274978163360879 -27.532369035044674
-0.8380861880187955 0.07104221638611999 -0.540892359849042 510.8682855183406 0.1790364218145432 0.9723878897820445 -0.14969218907165727 -15.936258008790503 0.5153227155054996 -0.2222943888094514 -0.8276640040426231 -27.73871941707432
-0.8380768070034325 0.0716079193459604 -0.5408322951247154 510.7194192837666 0.17932564543277457 0.9724206000841741 -0.14913245596465896 -15.98209533035758 0.5152374000914947 -0.22196955290957046 -0.8278042879377222 -27.959420015172434
-0.8380665658147076 0.07239915874722237 -0.5407428160190667 510.5607237861085 0.17992631220357463 0.97238090013237 -0.14866710205886546 -16.030143369520275 0.5150446130582834 -0.2218867884089854 -0.8279464352777817 -28.19391219225139
-0.8381716591226336 0.07299419811954548 -0.5404998768589033 510.39481044667946 0.18033736157575003 0.9723548066982923 -0.14833936062495723 -16.08018283924828 0.514729740605205 -0.22180616973296416 -0.8281638226853949 -28.4404755484101
-0.8383225183682146 0.0734307537037656 -0.5402067008167012 510.21975666267394 0.18048934224346003 0.9723912009620077 -0.1479153461551069 -16.133019829347887 0.5144307072223532 -0.2215023175999721 -0.8284309088660002 -28.70155203772299
-0.8384980146452345 0.07392894825121463 -0.5398662705211937 510.03536434574056 0.18069336933320448 0.9724189728611309 -0.14748304139362814 -16.18873478914351 0.5140729381274675 -0.22121449281222452 -0.8287298488981918 -28.976645074959137
-0.8386114103348987 0.07398863026900176 -0.5396819295168428 509.8447194496027 0.1805874218537123 0.9724675239449244 -0.1472925590131921 -16.24727860390213 0.5139251750248615 -0.2209809889183735 -0.8288837777471096 -29.26329960743118
-0.8386692127913306 0.07430871281405108 -0.5395481134392764 509.6514671041248 0.18081432843854703 0.9724504867864354 -0.14712657604980497 -16.30631836725813 0.513751039071728 -0.22094855950818212 -0.8290003642363347 -29.552383462731157
-0.838800257720546 0.07482763937312925 -0.5392726138362526 509.4589624229344 0.1812606957237455 0.972384507809611 -0.14701336387417863 -16.365078965013495 0.5133796722053595 -0.22106377667474797 -0.8291996857263101 -29.840890127543467
-0.8389308309109673 0.07565618018775733 -0.5389538044641907 509.2684588787407 0.18202176082555427 0.9722669352924309 -0.14685055370350586 -16.423035512535762 0.5128968117789305 -0.22129877753042188 -0.8294357790272529 -30.125517215660295
-0.8390725390122957 0.07675007276124991 -0.5385784071113467 509.0806182698354 0.18290765043397622 0.972165509470313 -0.14642067343461632 -16.479931185278474 0.5123495541992542 -0.2213676772418843 -0.8297555578508378 -30.406087676034566
-0.8391957326970153 0.07753616820742476 -0.5382737824219409 508.8958213586464 0.18356636371319301 0.9720798298792017 -0.14616495631694876 -16.535845150770996 0.511912016206133 -0.22146996853237172 -0.8299982775295615 -30.682489820133473
-0.8394607762983419 0.0787409991211136 -0.5376852798003563 508.7095850866525 0.18462047572410983 0.9719190168393047 -0.14590649282852428 -16.591656451611314 0.5110977254889532 -0.22175048988339488 -0.8304250930917791 -30.959894030703403
-0.8398585027884509 0.07980719160176783 -0.5369064233761541 508.5224880745592 0.18541759308493505 0.9718151483381738 -0.14558720285464732 -16.648420367342794 0.5101548896840293 -0.22182454694891074 -0.8309848728481064 -31.240888736430197
-0.8402052270470857 0.08093070298281022 -0.5361952981493378 508.3315738891622 0.18628938561913733 0.9716992520583442 -0.14524747280037947 -16.706183053274344 0.509265590088701 -0.22192517852636906 -0.8315033216335602 -31.5277415325263
-0.8406346940952117 0.08184466903692714 -0.5353828174621217 508.1389701715409 0.18680644825097256 0.971670527724299 -0.1447747783415223 -16.764423182969097 0.5083666609596853 -0.22171566408852594 -0.8321090687659171 -31.819211476986766
-0.8412032304111435 0.0826208476283419 -0.5343696479807071 507.94737019614524 0.186994076381349 0.9717313865714733 -0.14412261359747167 -16.822385096858454 0.5073562264761674 -0.2211603669038696 -0.8328731905679324 -32.11171836488157
-0.8419962789430515 0.08362607948154213 -0.5329624237003914 507.7573952051092 0.187552853845638 0.9716653126300971 -0.14384174375267417 -16.87957055515126 0.5058321789491104 -0.2210728365539286 -0.8338228874752676 -32.401916659125845
-0.842619916531395 0.08465388453743554 -0.5318133094398273 507.57057187748933 0.18863625924422783 0.9713943877029363 -0.14425430751828405 -16.935445416733543 0.5043887766028925 -0.22187082586937318 -0.8344850499949518 -32.687224525358126
-0.8430343661470576 0.08587352976709725 -0.5309602568746197 507.38654474056614 0.18999467332735526 0.9710766812282393 -0.14461017696544642 -16.9900555378465 0.5031849377736315 -0.22279096943118143 -0.8349665276750071 -32.967104335814184
-0.8434757521668995 0.08710246201737111 -0.5300583143551183 507.2059122558397 0.19118315541106512 0.9708308088498039 -0.1446946497805005 -17.044687612759617 0.5019936818263201 -0.223384649648416 -0.8355247702539447 -33.24360222570118
-0.8439137020192676 0.08837004159036675 -0.5291506395096254 507.02724675792814 0.1922290412847843 0.9706573577044588 -0.1444724528099685 -17.099814657871676 0.5008569249105583 -0.22364040261883075 -0.8361383325058264 -33.51809403741551
-0.8439799676207748 0.09097690440865308 -0.5286028917051518 506.8450714536952 0.1946158017166018 0.9702914454621606 -0.1437330879969985 -17.15530404063459 0.49982247246100625 -0.2241823225126534 -0.8366120859130572 -33.794034169102645
-0.84397242277197 0.09354345874461263 -0.5281668021813753 506.66059495282406 0.1968916045402449 0.9699658741178364 -0.14282821537912982 -17.211428812111905 0.49894312868499574 -0.2245346841201025 -0.8370423704718365 -34.07262286085941
-0.8443063935260405 0.09464063901621357 -0.5274370704621051 506.47887007332076 0.19756785270338906 0.9699171462107475 -0.14222402421732158 -17.267961455767903 0.49811008565297715 -0.22428526240705168 -0.8376051955651788 -34.3529374774418
-0.8448248761279669 0.09522348992148834 -0.5265011069718012 506.30137825908645 0.1978671309792227 0.9698764738933416 -0.14208526970191904 -17.322750074108683 0.49711118188329884 -0.22421443386942802 -0.8382173706689687 -34.62706856829029
-0.8452289998510594 0.09608320406224592 -0.5256956873590509 506.12929905331396 0.19864670727135564 0.9697071300198987 -0.14215332454366816 -17.374878390930675 0.4961123093625271 -0.22457982965017562 -0.8387111997662103 -34.89136576920765
-0.8457229858651081 0.09735211704215439 -0.5246667480285093 505.96673495079875 0.19962004665449493 0.9695483950193411 -0.14187229006777397 -17.423719167304128 0.4948782356833418 -0.22471865748715206 -0.8394027977223524 -35.14100393561259
-0.8463228066272704 0.09893078256125366 -0.5234027199435939 505.8114946505889 0.20082309698877454 0.969354138122144 -0.14150137321351533 -17.469975511475184 0.4933637508962031 -0.2248671945110963 -0.8402541009327691 -35.37986575472868
-0.8471722846011848 0.10009488726006682 -0.5218046892736765 505.6656805833129 0.20097696247571795 0.969493659512712 -0.1403221462160599 -17.513203647355652 0.4918408083492431 -0.22374775464581065 -0.8414449248366284 -35.60488543570481
