0.9999976159000518 -0.0020594898006583524 0.000725738226566969 0.0020440668066158294 0.0020575150474276536 0.9999942075941701 0.002711348361511634 -0.02293409557032585 -0.0007313180170931995 -0.0027098486800644908 0.9999960609392865 0.9966448536539078
0.9999996160482783 -0.0008298211588552178 0.00028160280646972845 -0.0002637287988637169 0.0008291791153337433 0.9999970741664598 0.0022724701350353795 -0.047420604336229674 -0.00028348772634771127 -0.0022722357633506145 0.9999973782862358 2.0195310066210053
0.9999969026616987 -0.00031664719813900204 -0.0024686841760732533 -0.004684778133173988 0.0003216099945538119 0.9999979279046817 0.002010162519421903 -0.07190763405662595 0.0024680425483947503 -0.002010950246772962 0.999994932409702 3.0897440085858774
0.999979060683405 0.0017977450803655704 -0.006216615426507675 -0.014544061220583372 -0.0017878165621483162 0.9999971181974651 0.0016022823424882262 -0.0974725471966379 0.006219478006648145 -0.0015911346237709653 0.9999793929796423 4.128674382114636
0.9999669084272998 0.003438843814909088 -0.007372679537644203 -0.026057987135793794 -0.003429542267374661 0.9999933076927564 0.0012738954181270605 -0.1223723802852681 0.007377010924786997 -0.0012485683468260605 0.9999720100017293 5.122711146303576
0.9999629534022787 0.005328551574867833 -0.006760056294599977 -0.03819097942057249 -0.005321274463402898 0.9999852434737027 0.0010940168758375114 -0.145177241539152 0.006765786064998171 -0.0010580042313027918 0.9999765521080827 6.120432578511417
0.9999401042502362 0.008659315101199017 -0.0066935920106400305 -0.05153546095389384 -0.008657406127730471 0.9999624746207395 0.0003141170260937145 -0.16830489435629067 0.006696060869368815 -0.00025614906732948097 0.9999775483262056 7.103296904175651
0.999902732297705 0.012042639897008517 -0.007035678211457711 -0.06389860160192092 -0.012040112547387955 0.9999274346246141 0.000401465918958008 -0.19206080521653326 0.007040002374320137 -0.0003167165117773658 0.9999751687203141 8.099852079155848
0.999874261476069 0.014330274215133637 -0.006790027879525661 -0.0743310408608755 -0.01434028388706221 0.9998961534529432 -0.0014277843136278302 -0.21524293292765273 0.006768862217841602 0.0015249757135292073 0.9999759281869484 9.083204937363496
0.9998602675774083 0.01551817995640895 -0.00621541719227251 -0.08174774712916982 -0.015522113491498103 0.9998793535320016 -0.0005851266385252577 -0.23675946056822741 0.006205587223667204 0.0006815212884179955 0.9999805129180983 10.016752118609444
0.9998533092378942 0.016183880761615033 -0.005607317498213094 -0.0886582764750587 -0.01618463525204572 0.9998690162340761 -8.920122692218687e-05 -0.2591114278300347 0.005605139408630149 0.00017994053037722075 0.9999842748931682 10.914171546976538
0.9998229995508507 0.018099509650988565 -0.005135885467304256 -0.0978675488160156 -0.018106775907321945 0.999835117761297 -0.0013718445593609773 -0.2809167736021653 0.005110208937168876 0.0014645960694999567 0.9999858702616612 11.80315539086967
0.9997725015172021 0.02096167368762059 -0.003943785776400651 -0.10743099711268295 -0.02096842408058099 0.9997787300075867 -0.0016781585127778559 -0.3018950547138462 0.003907736123810876 0.001760471706904836 0.9999908151266972 12.691027146708059
0.9997351203422276 0.022991270818724957 -0.0010443277512496593 -0.11338446244264773 -0.022991532952314 0.9997356310333378 -0.0002396974678379985 -0.3224243714973715 0.0010385407140035793 0.00026364467276062043 0.9999994259621714 13.557468433836124
0.9996869933393673 0.02480341043329579 0.0032720297941339813 -0.11600751265560796 -0.024801996742540324 0.9996922717711585 -0.00047193071828837113 -0.3443806767149135 -0.0032827283895025035 0.0003906301285345831 0.9999945355362817 14.416003739957974
0.9996097875827096 0.02654029039174792 0.008711231530182934 -0.11491004830627388 -0.026520479645102263 0.999645432561943 -0.0023818726748670777 -0.3655954971461758 -0.0087713584036041 0.0021499172000929495 0.9999592197323792 15.2307436345374
0.9994353340276898 0.029592679998186464 0.015914973687865413 -0.11025271939321298 -0.029558627679160437 0.9995602370080394 -0.0023706796824467216 -0.3857360995064803 -0.015978129636640314 0.0018989162585355472 0.9998705383650216 16.006489593199113
0.9991483349059656 0.032766755093807824 0.025078768216548874 -0.0971182552314121 -0.03270807087940387 0.9994611735828115 -0.0027467434931509192 -0.4066722659893531 -0.02515525698506884 0.001924126059200514 0.9996817047365245 16.786479907177636
0.9986939915329583 0.035238023694767376 0.03699449907830374 -0.07278071921505672 -0.03519035968021208 0.999378746514957 -0.001938968739045144 -0.43146204306339986 -0.037039841543193806 0.0006345867006998383 0.9993135881384656 17.580604481401505
0.997870570055008 0.03748273965304456 0.05337948712937879 -0.03225499187595855 -0.03742423294314107 0.9992972708390703 -0.0020955386428515577 -0.4557923227208421 -0.0534205223365604 9.338997939930924e-05 0.9985721000867194 18.338275461142853
0.9965173143056695 0.039429838642002175 0.07347469029319638 0.021820181305671385 -0.03942233765562461 0.999221430836067 -0.0015528849568066134 -0.4790591496163186 -0.07347871516828106 -0.0013490673032982296 0.9972958730660776 19.01206119920841
0.9944516952766702 0.04069585326870458 0.09700347049507478 0.08965123264136789 -0.04058214353831795 0.9991712536406836 -0.0031457151715295734 -0.5026939332199998 -0.09705109678510665 -0.0008083469781609894 0.9952790720134584 19.604768272969935
0.991532976606805 0.039138790024661044 0.12381644243255725 0.17613487622159993 -0.03906112231807397 0.9992321509005595 -0.0030557044840881097 -0.5271507172533857 -0.12384096666491967 -0.0018065774401082387 0.9923004339681865 20.163571046726922
0.987772622013247 0.03667403588251582 0.15152644090442804 0.2812203176358646 -0.03666758659623741 0.9993234889282085 -0.002837704981152304 -0.5525324397476123 -0.15152800168378988 -0.0027531016037499042 0.9884491312845981 20.716516844804627
0.9831865902314133 0.03322865582296793 0.17955496434609033 0.4105345856677156 -0.03306836386691109 0.9994455350785328 -0.003886608129316062 -0.5740359451182165 -0.179584554180733 -0.002116327900878813 0.9837402650374352 21.29261921373747
0.9773026654340906 0.0309430561645216 0.20957582735282543 0.5605745953603054 -0.03128000537317955 0.9995092025264614 -0.001707433387004947 -0.5951955391818198 -0.2095258012734372 -0.004886853805513839 0.9777909067181018 21.909095398481405
0.9699388851618295 0.029481776354126556 0.24155617134329782 0.7288725135819011 -0.029372031932725216 0.99956031987676 -0.004055942308790157 -0.6172058236685092 -0.24156954028016522 -0.003160979416973567 0.970378361989773 22.535718863167638
0.9616363658637214 0.027275535455840036 0.27296802928916825 0.923431900636544 -0.025609010630676853 0.9996252944443309 -0.009666916861263569 -0.6360518789553766 -0.2731294169856716 0.00230561763567101 0.9619745348523447 23.168248275463895
0.9524547620216142 0.02634391446768032 0.3035389999207181 1.139677440721632 -0.02550552482427873 0.9996520476871513 -0.006726942717411316 -0.6587054780748318 -0.30361059682723235 -0.0013348128725695898 0.9527952685487092 23.818095256638102
0.9417774806529304 0.028320882720288557 0.33504194444421836 1.3792827013761721 -0.027100668578268615 0.9995981059676226 -0.008317470081253288 -0.6847900202483778 -0.3351428511808508 -0.0012466546776726017 0.9421665007600751 24.4797630530861
0.930264848751885 0.03140346630463748 0.3655422458221294 1.6333098485919575 -0.028464583196079186 0.99950461254635 -0.013427471915602599 -0.7086035330043468 -0.36578282994162825 0.0020860974628026017 0.9306978937965152 25.126917231385484
0.9175332064356081 0.030293836069750526 0.39650359214535597 1.9132494574269796 -0.027706378412872726 0.9995410033916315 -0.012253127522934261 -0.7338737675814154 -0.3966927925778769 0.0002569728189396903 0.9179513942915146 25.745977299105093
0.9027278697817808 0.031073243085522423 0.42908839029201923 2.2163608949874773 -0.027033816451777538 0.99951423142355 -0.01550722250571691 -0.7610252190623451 -0.4293618123299973 0.0023989051540747857 0.9031293812996904 26.360654999592935
0.8863326193684585 0.03191164193171823 0.46194819509623486 2.547033976663195 -0.026887459415310486 0.9994860351291891 -0.01745652049875462 -0.7920487988305772 -0.4622678361833509 0.0030516701910944274 0.8867350985155642 26.971780573407994
0.867261136235662 0.03765898242872615 0.49642715741351384 2.8899074432048906 -0.02859363936713797 0.9992568040467833 -0.02585040336146739 -0.8256540094603525 -0.49703171464502227 0.008224391080280936 0.8676933986313298 27.548580239772733
0.847594089457059 0.04289378676077765 0.5289086712985336 3.274738234657873 -0.03034813986945399 0.9990146211871731 -0.03238482763136313 -0.8661950564966819 -0.5297766037906199 0.011397794153694076 0.8480606348395773 28.15016893208958
0.8294341823269837 0.04145054983480588 0.5570644389170435 3.6735055781524384 -0.029011418473888065 0.9990937441987395 -0.031145270926369456 -0.9110466769367624 -0.557850584642251 0.009671722769821624 0.8298850420347162 28.720969666750182
0.8084681244833531 0.04452288099115438 0.5868534781038767 4.047276918280641 -0.030738223238897865 0.9989678360526358 -0.033442849227156096 -0.9521901367504335 -0.5877367210975383 0.008998644373577823 0.809002207087813 29.22101952155161
0.7867539342045493 0.04597896265654963 0.6155519328267044 4.453368347081961 -0.031828415763518955 0.9989171368413468 -0.033933842615761343 -0.9960318098915958 -0.6164456171988317 0.007105541338582194 0.7873654248940815 29.723218195231805
0.7668116379645824 0.044297506596978904 0.6403418171503131 4.905430182560716 -0.029351418781704535 0.9989921067724422 -0.03395975297111387 -1.0443063647113093 -0.6412007533507548 0.007245792962035914 0.7673389683749785 30.243707278573453
0.747774558687475 0.0413626960230391 0.6626630642773581 5.447890889325887 -0.02556933744742607 0.9991112497249254 -0.03350999336911335 -1.096719176255212 -0.6634601859661603 0.008114064998755794 0.748167590575096 30.837125026205708
0.7290707453605357 0.04399316391930932 0.6830230228826859 6.020170459299272 -0.024776763669518146 0.9989744659925001 -0.03789628315633051 -1.1506409598627905 -0.683989736941643 0.01070597138837561 0.7294130667427982 31.441611632344394
0.7131684958818919 0.04279819786505295 0.6996849367687317 6.550401106971194 -0.022066512738512567 0.999010465273662 -0.03861553171022129 -1.2004354081526891 -0.7006452493931012 0.012099774097305447 0.713407197867861 31.969512802711737
0.6996926499692392 0.039908694099224866 0.7133284599077193 7.07790552476675 -0.02089358796012227 0.9991545912484656 -0.03540566013033457 -1.25360092304866 -0.714138399444517 0.009869089238963544 0.6999349594901066 32.47881250736734
0.6882995358201743 0.04105323312938761 0.7242640271609224 7.6345276403418 -0.019070801301567002 0.9990763494838962 -0.03850652463736955 -1.3091210555544592 -0.7251758776513796 0.012691727682090889 0.6884467056504775 33.00132084931494
0.6811860312138692 0.042367984264655156 0.7308834002687762 8.242573770048896 -0.017546679113702973 0.9989821046180766 -0.04155560978880481 -1.364814985201927 -0.7319000648525577 0.015482524412659819 0.6812360725230522 33.56228982221449
0.6778501588583683 0.04555371483880883 0.7337874496065396 8.868818078486683 -0.017988834239424593 0.9988074230071081 -0.04538869450211925 -1.4217569031433444 -0.7349799752227208 0.01756675298069331 0.6778612285795108 34.140185485685905
0.6759117347939673 0.04902347286849132 0.7353502742745952 9.471060468536537 -0.020194208005171837 0.9986424830569058 -0.04801442488442254 -1.478801738568771 -0.7367058576737756 0.017603696823403337 0.6759841633701904 34.69753379745261
0.6737945204293998 0.0516316776226593 0.7371126875215115 10.050920292114478 -0.02077648801629612 0.9984851745844449 -0.050947950702456626 -1.5329193594865167 -0.7386266186545295 0.019013837091471957 0.6738465642963798 35.22770259993404
0.6715615229518992 0.05122437798105871 0.7391760169208549 10.665393423602726 -0.02048705896069429 0.9985097112959629 -0.0505829700867261 -1.590648949593945 -0.7406655124316689 0.01882603378588343 0.6716101392521007 35.78697398645552
0.6689170188540509 0.051226350976612336 0.7415698772556979 11.322729732585792 -0.0205779199569051 0.9985163933555626 -0.05041390096438902 -1.6513283257100142 -0.7430521994433879 0.01846275076528277 0.6689787408703828 36.380109997883835
0.6668721264419637 0.05185903730823184 0.7433654600694314 12.00043967355806 -0.01930870073484037 0.9984430516655661 -0.05233208056903991 -1.715271817573568 -0.7449219697731471 0.020545384645110236 0.6668351716272012 36.983716540976
0.6662608498302854 0.05483813066404149 0.743699710507339 12.64620561991061 -0.01933795853677629 0.9982276264369196 -0.05628187255008394 -1.7835594753165893 -0.745467989482483 0.023116774069655295 0.6661404442109465 37.560441674205464
0.6654816384545564 0.056653906428582375 0.7442610588807002 13.259402656905499 -0.020726403140015025 0.9981334217466803 -0.0574463976689712 -1.8526158702690454 -0.7461264002115974 0.02280366809628311 0.6654136966043291 38.11100060721162
0.663800854138148 0.05595465915141568 0.7458133158939404 13.856232485183071 -0.022719595767313788 0.9982458493447726 -0.0546721522724654 -1.9235135732994404 -0.7475642086226675 0.01934684432104319 0.6639077146721393 38.64596948673939
0.662585915869363 0.05643771462394726 0.7468565380711236 14.470534357600494 -0.021296400223749953 0.9981734302519747 -0.056535532866651535 -1.9990232420635405 -0.7486830887826086 0.021554292079125785 0.662577576638314 39.190934052514464
0.6624486978914804 0.05804462520547849 0.7468551025109477 15.12918893109879 -0.02081660147088575 0.9980348805201791 -0.05910199969776216 -2.0770505270189035 -0.7488179964217504 0.02360505771709729 0.6623551988813015 39.77771347879027
0.6622893572991624 0.059456656423125746 0.7468853414114146 15.789278453564483 -0.023123732022862737 0.9979935663150141 -0.058941790023500314 -2.1595484252789365 -0.7488912472619756 0.02176574374612431 0.6623353774135737 40.374702383760365
0.6615581201205953 0.06140724518843207 0.7473754103132323 16.430037581234473 -0.02470563446928793 0.9978852950601257 -0.06012129014114526 -2.2427365927155614 -0.7494868146458444 0.02130934398646814 0.661676224849354 40.955558501835135
0.660611510897958 0.06065318592345724 0.7482737618722523 17.051015965951823 -0.02533229490919929 0.9979643065161367 -0.0585279228607983 -2.3191884162705416 -0.7503004108380529 0.019708727942227243 0.6608031927428538 41.51270984646871
0.6594426930801642 0.054142521189689055 0.7498025886474418 17.65942121210234 -0.023910707900674923 0.9984090582166097 -0.051064963710067246 -2.3909253608192516 -0.7513744822595915 0.015746106510688706 0.659688144155165 42.05307299480848
0.657945046180218 0.05487061661524146 0.7510642659847254 18.288094930873157 -0.020669605239473473 0.9982820331702614 -0.0548247176800106 -2.4620405567376875 -0.7527822285536205 0.020547449518412815 0.6579488723997737 42.604863261396865
0.6572225464348231 0.059470655447852266 0.7513466347820623 18.94057165643018 -0.0212038934100032 0.997946474438665 -0.060441947848290434 -2.5303477114321624 -0.7533982475171972 0.023792336918450778 0.6571339325753737 43.180178423296965
0.6575811893166029 0.057960590884378604 0.7511508166548818 19.571089111816082 -0.023147879829367928 0.998119873044358 -0.05675292673791354 -2.599628380995504 -0.7530279909248838 0.01993210822385644 0.6576865179896773 43.74159571305516
0.6581551095623704 0.05806036910741503 0.7506402902163293 20.250186448927188 -0.024000611347408062 0.9981332774716788 -0.05615987053577069 -2.675590567061272 -0.7524997158882486 0.018946079878290997 0.6583200009458555 44.34287363730603
0.6586725892223099 0.06101303320211708 0.7499518851144091 21.004736811230842 -0.023697224339788003 0.9978946337305113 -0.060371694778575055 -2.7549141735874896 -0.7520564219297433 0.021993402449939973 0.6587316817057667 45.00896811318722
0.6588450188439254 0.057767817757932195 0.7500574113866445 21.771546214420155 -0.023610001531662077 0.9981439330249477 -0.05613605608842281 -2.839248733725187 -0.7519081120537418 0.019276104299727422 0.658986056628518 45.68874108506602
0.6582910947474969 0.05957362741417844 0.7504024370248666 22.51126147301321 -0.024747247028193756 0.9980373813402902 -0.057523553540621025 -2.9271641843386322 -0.7523565699458385 0.01929684855440869 0.6584734036354097 46.34687353788737
0.6578379482934864 0.06057853808923623 0.7507193047391199 23.206457365538405 -0.025193326301930885 0.9979721553147938 -0.05845402916984186 -3.0076940769531593 -0.7527380222194578 0.01954016221312505 0.6580301299832892 46.963517089391914
0.6569920507584216 0.058388409043929286 0.7516330480557403 23.90280504718216 -0.023757721522217067 0.9981046557555269 -0.05676853730027954 -3.089703260888743 -0.7535230692608667 0.01943938909686313 0.6571340002185435 47.57849626075085
0.6566174672481616 0.05777131644291704 0.7520079631899267 24.6398655263629 -0.022186564622024365 0.9981101429968365 -0.05730531211944141 -3.173312764083138 -0.7538973789945701 0.020943195632142784 0.656658301174844 48.22921267574117
0.6566039692794243 0.05768663014158859 0.7520262496943925 25.38616356479378 -0.0221025699412246 0.9981142872830867 -0.05726557363170686 -3.2532885238457845 -0.7539116021978296 0.020979090168134727 0.656640825601957 48.888503903548596
0.6569187356194516 0.05724010331367781 0.7517854383830409 26.137507814043477 -0.0223794144273204 0.9981549718463358 -0.05644301540784362 -3.330335325971194 -0.7536291771169903 0.020253956430271045 0.6569877020514843 49.5507207298123
0.6578294896786542 0.05748393510368468 0.7509700125265436 26.919330811577314 -0.022247210232943126 0.9981311125816344 -0.056915232876612175 -3.40988428585726 -0.7528382456716536 0.020733530850849606 0.6578789376112331 50.23766189811283
0.6591914321569906 0.05780179571586104 0.7497503639097737 27.70213946508429 -0.022092772843300145 0.9980996479224288 -0.05752392724090919 -3.4908248892727047 -0.7516505605392114 0.021355215502189214 0.6592157382920599 50.925203202837366
0.6610286985147974 0.058718502933861244 0.7480596213892577 28.434313550548204 -0.0229748735115285 0.9980498891411694 -0.05803941740255437 -3.569714769883614 -0.7500088098995658 0.02117914536766751 0.6610886694495176 51.57330020099639
0.6635245608200121 0.058275318246331025 0.7458814547043647 29.13231271564955 -0.02371288337924748 0.9980990155410551 -0.056886328215293915 -3.6476141353890554 -0.7477786145313685 0.020058475995567905 0.6636450867672296 52.1987554790189
0.6651364951109221 0.058436287966172555 0.744431758538211 29.871207907373865 -0.024691903547185742 0.9981092178599901 -0.05628764626571852 -3.7330774473549897 -0.7463134413708329 0.019057530575936035 0.6653217700914146 52.868767889659146
0.6657734019816411 0.05815914300204416 0.7438839232696591 30.654709892568704 -0.024052793759462402 0.9981123534702538 -0.05650834418415749 -3.8199276166305802 -0.7457662102335808 0.019729265960451166 0.6659155470016492 53.57825179648783
0.6637641925081516 0.056919450488037926 0.7457729365565242 31.448560141416944 -0.02430854624028673 0.9982150448147431 -0.05455106676485427 -3.9058608798865033 -0.7475467820301858 0.018080388868593082 0.6639630322651073 54.29469943428798
0.6597059214733725 0.061642357692383874 0.7489915332706324 32.21844627137909 -0.024652404300393498 0.99786908731591 -0.06041145207261705 -3.990802255626573 -0.7511194020494872 0.021389350561351068 0.6598197780813985 54.98358578856652
0.6550934617354927 0.05924139189659274 0.7532217561100868 32.981848945534715 -0.02395711852381076 0.9980487195398625 -0.057661164546653355 -4.080874819873664 -0.7551679368613617 0.01972842900472479 0.6552344437112273 55.65195448113515
0.6486190012505819 0.05896327857601843 0.758825884505968 33.73965719831931 -0.021683394289727452 0.9980215533886091 -0.05901533176949164 -4.166334859002146 -0.7608043254535128 0.021824544699805333 0.6486142672034536 56.30123868470765
0.6406312359339876 0.057611498090525765 0.7656843571821598 34.49432937658648 -0.01977593762294107 0.9980884655615514 -0.058551918876502754 -4.245835172825238 -0.7675939889269756 0.02236806206966443 0.6405459686567572 56.93161559120295
0.6318906529637887 0.06156216922643813 0.772608763875438 35.262504692760196 -0.019648470731963116 0.997792520382984 -0.06343519421950677 -4.324696306788197 -0.7748084539387091 0.02490352561198417 0.631705369707431 57.56085323412549
0.624023844710798 0.06306250150681304 0.778856445139961 36.024903227279644 -0.022491140243579247 0.9977746955359844 -0.06276787043238097 -4.4086047419875385 -0.7810815513394862 0.02165127829426516 0.6240535492290125 58.17999531840241
0.6136411565917355 0.06576750011667501 0.7868412590002893 36.778822555356854 -0.02487575400781805 0.9976406524838343 -0.0639869156482081 -4.496066943611171 -0.7891930865126104 0.019691735323011203 0.6138293800077262 58.77611587142217
0.6021560940333351 0.06862583690295611 0.7954234928186911 37.56819307129453 -0.024965146572072567 0.9974301800823444 -0.06715487560509359 -4.5825355584351675 -0.797987957224389 0.02057985350456914 0.6023219153862651 59.378655012987785
0.5937333556006372 0.0684233237031735 0.8017474360549075 38.3761570789576 -0.02471605021683935 0.9974587120350299 -0.06682241126370937 -4.676615007771918 -0.8042821764212402 0.019858664578172706 0.5939156624742999 59.9814840082325
0.5838965881805819 0.06992095483766932 0.8088113713256413 39.19126373690456 -0.02512738986085197 0.9973633104659484 -0.06808113699978283 -4.774689827403003 -0.8114390849533054 0.01942902496243828 0.5841139652492081 60.57802672739154
0.5726037633759894 0.07179440621251279 0.8166826148536813 39.984379660993355 -0.024400234269916193 0.9972093003529222 -0.07055664289920927 -4.867271281246412 -0.8194690712499331 0.020473752128665455 0.5727575985864768 61.136745769172386
0.5610922317790579 0.07445673951655483 0.8243977810364119 40.773945110787096 -0.023350551531739892 0.9969736403927975 -0.07415060421260669 -4.961668518406095 -0.8274238691144705 0.022355185136674362 0.5611327708458546 61.67837213919083
0.5500151571616302 0.07524132161192137 0.8317584207055306 41.58213036342197 -0.022461496069876286 0.9969058315018896 -0.07532758002104671 -5.058979774921418 -0.8348525666767581 0.02274877226611753 0.5500033502385372 62.22123680909001
0.5361397463744028 0.07568990468392743 0.8407289757624207 42.395822896537574 -0.023305998137152166 0.9969194789144672 -0.074889138142568 -5.159587384905823 -0.8438074441532398 0.020557015586985226 0.5362521853584703 62.75165602742119
0.5181410178919137 0.07710567094600365 0.8518125386996238 43.240666415946954 -0.023079119039115286 0.9968259048355408 -0.07619363302259693 -5.26036977257122 -0.8549837658355337 0.019819963591551717 0.5182759199508699 63.273978206710645
0.4998322442486069 0.07994768543060851 0.8624245446435819 44.07936998446154 -0.023784239619136966 0.996622202329994 -0.0786034081236342 -5.3592861053399234 -0.865795609572572 0.018776405864797247 0.5000454069658682 63.7678347110064
0.48445090286362796 0.07815513901739621 0.8713203182296321 44.922871664969094 -0.02374682932093838 0.9968091232296571 -0.07620800445703127 -5.457056171752362 -0.8744960896492443 0.01622794168377941 0.48476101647811015 64.24164729876198
0.46891222727823273 0.07730148084508758 0.879855558695928 45.79227994913147 -0.023076174914316003 0.9968949378553268 -0.07528594178029935 -5.559018485115508 -0.8829432672942765 0.014998797871139067 0.4692400481652545 64.71019974850545
0.4495571228894282 0.08135845329457089 0.8895387542636323 46.653238811034015 -0.02285602223995441 0.9965651239711103 -0.07959620551138696 -5.657166207414681 -0.8929591230883683 0.015451723591863857 0.44987248052230855 65.15187601658252
0.4304818384765444 0.07963885620530926 0.8990789950411279 47.50182225128558 -0.023074120197345407 0.996745332022873 -0.07724200973388781 -5.757081089548493 -0.9023042567332675 0.012505825559379673 0.43091835956258123 65.56173438347895
0.4120828136479511 0.07964019335945845 0.907659183998959 48.33534940034096 -0.022060703600951952 0.996752775448781 -0.0774417845338132 -5.851942832545076 -0.9108792895069141 0.011888828235729183 0.4125016069187643 65.94073901710736
0.393904942053457 0.08003171288820043 0.9156603199648017 49.18168487680186 -0.022843672975822783 0.9967467734995535 -0.07729188911653113 -5.9452602875945075 -0.9188672718248474 0.009528612197436238 0.39445169833422555 66.3068878119038
0.37536339808540586 0.07983332377868352 0.9234332459859914 50.08183057029285 -0.021644603930259364 0.9967670852203986 -0.07737498912394995 -6.042066973455758 -0.9266249675561743 0.009056391978986621 0.3758778408816406 66.67421258487921
0.35689898608078147 0.08036236545299899 0.9306798611516788 50.985676595074786 -0.021087131539330967 0.9967319410126172 -0.07797929628216799 -6.140386530450222 -0.9339049451726631 0.00820536312528687 0.3574272309128521 67.02527518235928
0.3407688381861094 0.08269719753036585 0.9365029484427223 51.870840080975185 -0.021588302771303407 0.9965494775462362 -0.08014414504988339 -6.234017590192692 -0.9398992201851992 0.007093117998867948 0.3413782997970296 67.3505214427382
0.32643245913672203 0.08218051093253208 0.9416412338278415 52.7655398484226 -0.022515995459120357 0.9966066487072569 -0.07917207652306266 -6.327858101543749 -0.9449523160299884 0.004642345889395892 0.3271751351405027 67.66252774687128
0.3139145677730725 0.08467007363036848 0.9456683471340639 53.65652499544773 -0.022701058011038052 0.9964003082918816 -0.08167672618941867 -6.418664546374269 -0.9491798070466029 0.004171842191378073 0.3147066723596845 67.95973530884605
0.3021686190693868 0.08523364399336203 0.9494363336113232 54.50643961142883 -0.02426107003407102 0.9963596084310443 -0.08172472800772425 -6.508327560017466 -0.9529457099596511 0.0016603068232793233 0.30313646638230607 68.23409718829966
0.29142868141650274 0.08533351051677121 0.9527788387819713 55.319890468811465 -0.024545497420484157 0.9963523502051786 -0.08172828639459172 -6.59345677105795 -0.9562775968327508 0.0004315362087913681 0.29246020510879944 68.48624611780664
0.2821674869535837 0.08270760776849836 0.9557933672732357 56.19994266772777 -0.026648479718010584 0.9965682014709909 -0.07836886081596214 -6.683435941817539 -0.9589949780030235 -0.003357295650534686 0.28340317699506656 68.75054290696902
0.2753331097055889 0.08152568156649836 0.9578858188453188 57.14182717817205 -0.024646731812030594 0.9966688048591393 -0.07774208661747388 -6.775733998138356 -0.9610328908579755 -0.0022037844202376007 0.2764252629977824 69.0172061352971
0.2704927569696483 0.08322297164263061 0.9591181394478616 58.134455491646534 -0.020963511473901526 0.9965295291599409 -0.0805569903791622 -6.870087832570226 -0.9624937400386788 0.0016835982996946518 0.27129866546506076 69.29035631386559
0.2662732496232712 0.0814669162808631 0.960448696228356 59.17685734516205 -0.02347938720624921 0.9966744687663882 -0.07803026134555276 -6.9711148653603034 -0.9636115788591809 -0.0017733755730493775 0.2673005428868315 69.5811941929922
0.261600473706677 0.08132616323802015 0.9617438574430429 60.21761981609686 -0.026904635477421716 0.9966709998820281 -0.07696140970631686 -7.0727628204192445 -0.9648011881969625 -0.005742226670848417 0.26291765647554255 69.86514893378184
0.2576970828990955 0.08370858054777806 0.9625928978586804 61.22736488471327 -0.027916678366117338 0.9964692881953644 -0.07918091154075588 -7.169282435206913 -0.96582238146271 -0.006467706401685558 0.2591240942861204 70.13309372066432
0.2556054522112022 0.08510742084544082 0.9630278187658666 62.24043245012412 -0.02744311132315267 0.996354995788401 -0.08076879353066202 -7.2655305315138765 -0.9663916020127725 -0.005783535642726541 0.25700938168607285 70.39720346501166
0.25422449312666434 0.08669674835159075 0.963251566788111 63.26429709331094 -0.027158413933087516 0.996221240905109 -0.08249642248075002 -7.365429722486381 -0.9667638427491642 -0.005187773582594838 0.2556183861895034 70.66103552883665
0.2535448184203434 0.08668347490025709 0.9634318866590469 64.29420004620614 -0.02868867064312634 0.996212505042607 -0.08208291523491684 -7.4674640784232595 -0.9668981255690416 -0.006827882244797851 0.25507135236071865 70.92957749651345
0.25417839109079626 0.08622217280232988 0.9633063284437294 65.30612465185635 -0.031482284173482776 0.9962279915957142 -0.08086194744370431 -7.567711846071291 -0.9666448216825637 -0.0097737238764706 0.2559340990096323 71.19768510514228
0.25561038144016646 0.0843996327207354 0.9630887990713092 66.23257089553694 -0.036020870240993444 0.996321812801926 -0.07775179896416629 -7.660868806312906 -0.9661086014559105 -0.014817129671012223 0.25771034682607985 71.44790514540516
0.25842205718710914 0.08589209961336883 0.9622061045239677 67.12757888853577 -0.03809750216985668 0.9961707399455537 -0.07869204028835597 -7.750404963726944 -0.9652805916869983 -0.01632189021938345 0.2607047663777289 71.68951764436615
0.26342208405595047 0.08647098653009988 0.9607973637141861 68.01884594515644 -0.037132803410070477 0.996145283644645 -0.07947155958855444 -7.837035559661941 -0.963965746560805 -0.014742535773719258 0.2656175767836757 71.92988395652041
0.27036383166163136 0.08869665709483397 0.9586638104932518 68.93251037515608 -0.03650949527983131 0.9959755293938594 -0.08185231580738572 -7.928151080042685 -0.9620657229543388 -0.012870426132085819 0.27251403055168655 72.18443961772931
0.2790317827431604 0.08900353525724178 0.9561483331214281 69.88956117447822 -0.036734296826574274 0.9959560271996379 -0.08198892194296614 -8.025128621369499 -0.9595789991740297 -0.012245921624181162 0.28117286808606484 72.46125167221054
0.28778800349017364 0.09029279145433865 0.9534281707913407 70.86699504305197 -0.03490330471321048 0.9958730661856995 -0.08377705751569929 -8.12417310024668 -0.9570579002167205 -0.00916776184656456 0.2897518382607575 72.74969658484765
0.2950759052626868 0.09072571994649072 0.9511566925978051 71.93071139042743 -0.033712746395601116 0.9958504418209054 -0.08453016180968694 -8.232340783401858 -0.9548788723518148 -0.007123290342033822 0.296910083814665 73.07361897938809
0.3027821935567557 0.09120719868881966 0.9486855064626508 73.04031689587177 -0.030782983788859197 0.9958268279523312 -0.08591470560650047 -8.347284936891324 -0.952562518249598 -0.0031899275438464 0.30432626108873834 73.42111099711369
0.30984199040524685 0.09093266780602566 0.9464297073250568 74.15264613256213 -0.02823910976307487 0.9958570413756399 -0.08643671570776504 -8.46265422268062 -0.9503686093624438 5.539165079923782e-05 0.31112618544613246 73.77875227522483
0.31513601692082976 0.09151635744120461 0.9446237595783662 75.28679547579272 -0.026790793060183383 0.9958009658057351 -0.08753679173679312 -8.58065808739202 -0.948668300433024 0.002278776219364718 0.3162645458037642 74.15134361712187
0.32466807121051106 0.09143454821825532 0.9413980916321047 76.40371380977035 -0.025637826741143007 0.9958013880796973 -0.08787660290736156 -8.699889551351372 -0.9454804838686196 0.004395326002758459 0.32564909908195955 74.52936329761167
0.3420808743175095 0.09116485000782204 0.9352377481417323 77.46258044045035 -0.0248881369256137 0.9958124937054156 -0.087966232274506 -8.81508150706791 -0.9393408625555165 0.006815240513126055 0.34291733177284606 74.90548251894809
0.3616779416697035 0.0910880449156022 0.9278426777115928 78.47374869780666 -0.025045233718119335 0.9958058058371909 -0.0879973484199748 -8.926984967668231 -0.9319666317940642 0.008588663131995682 0.36244231553177386 75.29158830417016
0.3774266026955955 0.09067958532268541 0.9215890474519354 79.44942963320524 -0.026109433964521908 0.9958404891471786 -0.08729271237141902 -9.03621090663018 -0.9256713547667523 0.008884423493555487 0.37822428529045304 75.68784002675909
0.39098305394918836 0.09063908408527163 0.915924018661345 80.41828305062961 -0.02748940994993292 0.9958452397394064 -0.08681354058536964 -9.144719300237735 -0.9199872737517472 0.008764412390237888 0.39185022803398173 76.09958353360437
0.40526095548141133 0.08973512353363583 0.9097863296217938 81.3890901481873 -0.028270936369146245 0.9959251340841015 -0.08563808414703714 -9.252017776411405 -0.9137638163765881 0.008985260372768913 0.4061464673943731 76.52878140986147
0.4205969601657989 0.08942310732518019 0.9028298316823594 82.35253957649674 -0.028654321172157035 0.9959434704798728 -0.08529673784306677 -9.357318953082872 -0.906794975161119 0.010005572688022128 0.421453154618319 76.97298690025639
0.4372136399733216 0.08697362781611523 0.8951423468285821 83.2985230075251 -0.028962474977013253 0.9961583249267958 -0.08264240268920946 -9.463093062955133 -0.8988912103611242 0.010206847875002556 0.438052978750256 77.43538970965545
0.4525780959640773 0.08446950540931411 0.8877150273085588 84.24342367463048 -0.029345940646997727 0.996375012592887 -0.07984766776848702 -9.57165374011311 -0.8912417645179537 0.010086472942989153 0.4534163431576958 77.92079859466624
0.4674070862142876 0.08261253239886028 0.880173724469957 85.19153828442508 -0.0280904666710516 0.9965092457169652 -0.07861455897483177 -9.673495589536374 -0.8835958020717811 0.01202051127248872 0.46809610751412617 78.41634175099203
0.4890275124837007 0.08205597049478854 0.8684002013704059 86.05268282363804 -0.0290573853349865 0.996545348394566 -0.07780126573936198 -9.765890745735634 -0.8717842395865505 0.012813520176403814 0.48972242475630146 78.89896739289466
0.5156945667250556 0.0791537413318311 0.8531083161494968 86.84615358880848 -0.029951759528301612 0.9967801814460989 -0.07437850480777664 -9.852273611726536 -0.8562487990948764 0.012804495673599826 0.5164049176171055 79.37829746781593
0.5407861119298538 0.07825997513167891 0.8375116461495802 87.63301721301494 -0.031439598896639914 0.9968473816719573 -0.07284812471835395 -9.939540924282413 -0.8405723840128297 0.013064223901612305 0.5415416819496347 79.88729609123772
0.5649508824436134 0.07679179718258944 0.8215433770116156 88.42140871827971 -0.0324945439926826 0.9969580789789275 -0.07084273688497157 -10.02683637164438 -0.8244844480260937 0.013326989311684452 0.5657276609102625 80.43430985005207
0.5878279053759521 0.07583623021694796 0.8054236275698656 89.20073941359657 -0.033523039685666445 0.9970247711577668 -0.06941045676290468 -10.11356444731875 -0.8082911353414411 0.013801155179328334 0.5886212437927832 81.00350868895147
0.6103585522715316 0.07450926827931649 0.7886132173692499 89.94842636106728 -0.03540208848449064 0.9971373962737078 -0.0668109652933251 -10.197811104126046 -0.7913337663716482 0.012860089150952438 0.611249121313965 81.58320779006797
0.6329624763929858 0.07262443514004661 0.7707685741511825 90.67100419604044 -0.03574372872939524 0.9972700412996989 -0.06461308367981809 -10.27726861659182 -0.7733568964811655 0.013347514625762273 0.6338303830823653 82.17318325927647
0.6539357884477317 0.07110161933186013 0.7532015296822157 91.36803451650619 -0.035844244291218554 0.9973677123027342 -0.06303044190865645 -10.354984729770871 -0.755700453048982 0.014219922095297403 0.6547630251298329 82.77574993062335
0.6737169682901446 0.07014848988516202 0.735652523957314 92.05561048750525 -0.03553646402726995 0.9974081117720287 -0.06256371389066993 -10.430471743563164 -0.7381345448916318 0.01600774619321477 0.6744635984984219 83.4051784700824
0.6907029980856072 0.06939357895105992 0.7198012917714969 92.7319350060054 -0.0357851097678666 0.9974454811831782 -0.06182182451334262 -10.504889572575934 -0.7222525834875614 0.016942351301392884 0.6914218411201127 84.0559212772503
0.7061495251857104 0.07002987222137094 0.7045911332657068 93.37343557752277 -0.0375089031905953 0.9973995452689896 -0.061540468625530455 -10.577490641448156 -0.7070685470740694 0.01702833209300925 0.7069399590097434 84.70088190745257
0.7214037145073373 0.07028213783705382 0.6889391132720423 93.97923427170791 -0.03964423805792432 0.9973965270810039 -0.06023704969167447 -10.648245590781224 -0.6913790675771313 0.01614276518456493 0.7223118412765883 85.34112125612002
0.7361388244461577 0.07046573045683141 0.6731524433397034 94.55571898089912 -0.03980372746379196 0.9973514527746857 -0.06087481357844497 -10.714888462899575 -0.6756591555089132 0.01801833730973632 0.7369939247358676 85.97004485090864
0.7494037878563053 0.06986056573029234 0.6584173935297151 95.12287017565953 -0.04086611824622036 0.9974024855141534 -0.05931477277772545 -10.782892946212788 -0.6608509083947061 0.017543752336110024 0.7503121308014844 86.61691769960423
0.7619018629563157 0.06952549774632986 0.64395011948661 95.69161160960887 -0.04191385079752544 0.9974305884491156 -0.05809862595080976 -10.851450925671251 -0.6463348824990177 0.0172750221179137 0.7628583048481609 87.28582028271704
0.7736928022605556 0.06896090174600411 0.629796666997044 96.2460738781571 -0.0424456992840986 0.9974671363088534 -0.05707604222524183 -10.916042799685052 -0.6321374932263497 0.01742716311370508 0.7746602375514816 87.95916954107233
0.7829599270296617 0.06744000664140255 0.6184056906027895 96.78403243367148 -0.04278581308900548 0.9975900593828093 -0.054620944873868225 -10.978750028088463 -0.6205990064961593 0.016307020721426778 0.7839585156187627 88.63432726671024
0.7910826389248121 0.06688129737650891 0.6080420630622433 97.31017750856103 -0.0433443758820467 0.9976351544025466 -0.05334195140413744 -11.0420518112827 -0.6101717163808493 0.01584268794871915 0.7921107787218975 89.31653661514453
0.7989350636385739 0.06796938524673961 0.5975641612061479 97.84442944013782 -0.04475558662224532 0.9975574695924853 -0.05362865210253749 -11.104466090959185 -0.5997496990869834 0.01610147600118065 0.8000256501610803 90.02974972010352
0.8056666745317805 0.06672867550694966 0.5885987541729842 98.3659076243219 -0.045769513600560856 0.9976769435057479 -0.05045659542414062 -11.167092161560584 -0.5905983077978387 0.013711318759169267 0.8068492043524718 90.74518058198788
0.810379284271541 0.06825719348246793 0.5819161203828616 98.86080353934967 -0.04672377826502432 0.9975564255010593 -0.0519429156496737 -11.22413275743583 -0.5840396426341165 0.014904143029547595 0.8115882960912948 91.43074762558247
0.8141609725887418 0.06801050415067285 0.5766424212963565 99.3427303210266 -0.04674484565888296 0.9975703019491065 -0.05165667501392882 -11.277204302155553 -0.5787545508397166 0.015101787786178118 0.8153619477802371 92.1044599443012
0.818868518421942 0.06606979334436258 0.5701658810775038 99.82716114860169 -0.04463968003309826 0.9976749474512269 -0.05149755523064418 -11.33478703580454 -0.5722426482743113 0.01671770425698043 0.819913940520822 92.79173979971979
0.8221185474775067 0.06545780918058229 0.5655407758161674 100.33061175941411 -0.0412755447222645 0.9976071121642788 -0.05546511666919393 -11.392633233494388 -0.567818125196225 0.02225589756728382 0.8228531167359834 93.50886605235371
0.8253054630968657 0.06402705699346754 0.5610449434361054 100.83941951145657 -0.03935067994289948 0.997656794815912 -0.05596823872225743 -11.45557802190229 -0.5633137816266354 0.02411339317465231 0.8258911112847185 94.24867330771073
0.8285519400407959 0.06310856356568184 0.556344310530187 101.36208091173799 -0.03728831545247398 0.9976411648909117 -0.0576340840633414 -11.525863782943576 -0.5586691902954298 0.027007690011917124 0.8289507346609158 95.02140644637558
0.8300038356730808 0.06181363031584829 0.5543218450279122 101.8749224449235 -0.03656387450248746 0.9977322222599428 -0.05651102322203238 -11.595709775582428 -0.5565579177851493 0.026636211656509572 0.8303817172717929 95.79028970911129
0.830737875258933 0.06041551484133517 0.5533755941281919 102.35316341484331 -0.03482446361409526 0.9977862553543262 -0.056655497173536844 -11.66047567905777 -0.555573432899977 0.027794859101036955 0.8310027716339408 96.50951121963713
0.8319873529489467 0.057657874697695545 0.5517903714440375 102.83949490577793 -0.03281396375925419 0.9979578960178948 -0.05480220395150186 -11.724833029904156 -0.5538233367378194 0.02748831135010833 0.8321803316731959 97.24525327623579
0.8331951499175421 0.055543455439635445 0.5501824849190576 103.35544493173926 -0.03032443009365546 0.9980349562374503 -0.05483297427282583 -11.794170996120826 -0.5521469651219505 0.029002597916990284 0.8332422086168509 98.03197549681613
0.8342082485312562 0.05342583503005848 0.5488554256211322 103.89668813462595 -0.027815253651202677 0.9981054821260281 -0.0548794881015385 -11.867844927705017 -0.5507475916849152 0.0305143687679858 0.834113879246689 98.85462122399795
0.834963044109595 0.05172358203557973 0.5478698623146254 104.47182884646614 -0.025775101657198558 0.9981562197178036 -0.05495275400945432 -11.944747457198625 -0.5497020639453709 0.03176211737386493 0.8347567362975462 99.7287120322904
0.8350477479490702 0.05036564751004052 0.5478672833780824 105.04302927371731 -0.024373511774589844 0.9982098978201627 -0.05461622302606649 -12.021362308464468 -0.5496373263971082 0.03225370435707278 0.8347805148578208 100.60553028596438
0.8344417431736253 0.050997649262783086 0.5487314616631996 105.57059935120681 -0.023968184430762155 0.9981252979329865 -0.056315324391135874 -12.091973520463279 -0.550574702819205 0.033839760576222386 0.8340997345759625 101.4173439383658
0.833060504867033 0.05133088296809222 0.5507951848776456 106.06746659842754 -0.023562334513282882 0.9980744715626675 -0.057377396308870815 -12.15924905336546 -0.552679845500964 0.034820822342631244 0.8326658986102508 102.17052462591856
0.8316480976859151 0.05106799633778125 0.5529498181258788 106.55776158258503 -0.02289795038044369 0.9980691251727245 -0.057738247681460984 -12.226948472945574 -0.5548307178624616 0.03535648634968355 0.8312116417551146 102.9082609016368
0.8307536514499054 0.04854731237301599 0.5545191872821041 107.04457387979839 -0.020153618321345507 0.9981596346960201 -0.05719418967048841 -12.296589946024655 -0.5562752936012956 0.03633871385813054 0.830203165257717 103.63509513212645
0.8302214961667097 0.04754982039137908 0.5554019102266906 107.50701416913704 -0.01730065332714714 0.9980731721924452 -0.05958716593497355 -12.362959866031678 -0.557165105419538 0.039861730148800546 0.8294444452598271 104.32347396620901
0.8293451427421027 0.04529746272830717 0.5568974538283133 108.01101657418332 -0.014875167628661588 0.9981450416903915 -0.05903562599739541 -12.435220537955114 -0.5585385963369961 0.04067696669200838 0.8284805494292782 105.07064274309208
0.8280497598354919 0.04331356281355437 0.5589790072201101 108.55181873948746 -0.013826770749966215 0.9982857486075005 -0.05687164968408051 -12.511206817102186 -0.5604840904495089 0.03936368127547501 0.8272291610850242 105.87320046115333
0.8272304555828149 0.041829675235953066 0.5603035352609356 109.07989400432128 -0.012195024445912644 0.9983266597660045 -0.05652576208433227 -12.580122260561875 -0.5617304110825879 0.03992691661154969 0.8263563314907708 106.65094196210863
0.8262892519592933 0.04132593788688934 0.5617279047317479 109.62926972809618 -0.011411765401253635 0.9983283176167546 -0.05665987870553637 -12.647821872292964 -0.5631303967172963 0.040407141723565576 0.8253795606814818 107.45652335354806
0.8245104532108763 0.03861869604550668 0.56452733225393 110.19429411224448 -0.009768960526492133 0.9984911034749404 -0.05403779873039394 -12.713883526799233 -0.5657623882481304 0.039039884696800774 0.8236436167704062 108.27776479964471
0.8226396320499275 0.03513936537252445 0.5674762204550733 110.74714142050995 -0.008607677929598793 0.9987436489741447 -0.04936629937993884 -12.779361653136858 -0.5684979715543594 0.035726021819196284 0.8219085762440714 109.07792879379559
0.8214199226399471 0.03558172203594264 0.5692128351918456 111.29676960876462 -0.008946509899952137 0.9987330291168314 -0.049520667521022355 -12.842092351913173 -0.5702536897301014 0.03558479461897315 0.8206975397435613 109.87552511292733
0.8207953500562515 0.03424327325722616 0.5701950469468017 111.87126325274643 -0.008705355892306733 0.9988354855330636 -0.0474540790524565 -12.907428731820676 -0.5711560295618222 0.033986336615755716 0.8201376218773401 110.70962766969824
0.8208335695509821 0.033586471055713336 0.5701790947239435 112.42062370156229 -0.007684339045054259 0.9988286261793367 -0.0477737004861368 -12.972490127356286 -0.5711157518678985 0.03483280762043437 0.8201301564274089 111.50747344050735
0.8201937273215073 0.033428888551926175 0.5711083601845055 112.91759303505198 -0.007689535911789779 0.9988453226538356 -0.04742248886357507 -13.030818467071654 -0.572034195393873 0.03450406965471628 0.8195037208441157 112.22621101664188
0.8198442407519225 0.031070388821649766 0.5717429945739383 113.43442522241989 -0.007192391334174887 0.9990067035940833 -0.04397585338545662 -13.091256382754036 -0.5725414311757722 0.03194115077066885 0.8192533628094836 112.96780361550428
0.8202302496982324 0.030239286623142327 0.571233685127635 113.9831687016592 -0.007521340499351964 0.9990855731313457 -0.04208856136651726 -13.154405166967662 -0.5719840617683938 0.03022586814855338 0.8197076490905767 113.76373647377478
0.8209598187640992 0.031034043420748617 0.5701419683936412 114.50688725954646 -0.00803164535105589 0.9990507113710348 -0.04281552033998687 -13.216646134253708 -0.5709294778234646 0.030570643728715676 0.8204297453738751 114.53131341127182
0.8208594720679567 0.029879237986878603 0.5703481027001297 115.02116176323345 -0.00763213267702981 0.999115282577813 -0.04135701476480996 -13.279675717283508 -0.5710792218835465 0.02959532491424909 0.8203612857004569 115.282929814939
0.8196036548665298 0.03145986132861544 0.572066539883788 115.54323711386692 -0.007144793756501471 0.9989748791327548 -0.04470059041975323 -13.347321709089156 -0.5728863769122153 0.032549469840256556 0.8189882362778582 116.04300636196893
0.8174349391097532 0.03385535405379359 0.5750251606012778 116.0602478582343 -0.008202877511372813 0.9988542364334331 -0.04714792847534306 -13.418809658176428 -0.5759625275338397 0.0338235030840234 0.8167760632608914 116.7972656255121
0.8139949053547204 0.03540683475347489 0.5797919024178407 116.5922686535747 -0.009478804789629222 0.9988172922343244 -0.0476882479595545 -13.49317666728962 -0.5807946679475643 0.03332225662274364 0.8133678017337852 117.56631585407237
0.8087094156402327 0.036067620543925344 0.5871015310856648 117.15300763321457 -0.009349559454806642 0.9987804043962697 -0.04847978477700414 -13.567953358184177 -0.5881340551207997 0.03371691774648194 0.8080603335548927 118.35750823716967
0.8011450373079452 0.03593994881106368 0.5973901148130157 117.71305027325735 -0.008335851934812065 0.9987684771942507 -0.04890851189310682 -13.639739486543577 -0.5984121846765601 0.03420305604087758 0.8004579990156225 119.12370005283775
0.7912692404960304 0.03519006087239447 0.6104544607590571 118.26116677819336 -0.006704126461013992 0.9987818850036223 -0.048885589666130845 -13.7076254664509 -0.6114311439019371 0.03458909950270124 0.7905413021862704 119.84658951400152
0.7773876344436812 0.035719410137263805 0.6280068387792463 118.80054920171706 -0.005045996380319134 0.9987083944675349 -0.050557697145026156 -13.776171022767802 -0.629001592791774 0.03613400835119632 0.7765637962884246 120.523554242122
0.7605247203891925 0.03915827194115527 0.6481271321396149 119.3597160252409 -0.004028016078962102 0.9984451606734871 -0.055597088180602244 -13.846773021344752 -0.6492964844840987 0.03967229343353597 0.7594999567941507 121.19570021579494
0.7432278443551789 0.0400908245498026 0.6678361304706939 119.98089062997421 -0.001686822000604956 0.9983121146484042 -0.05805235893371947 -13.92222165576966 -0.6690362665855221 0.042019608912364725 0.7420409870486676 121.90222210829222
0.7219739085048857 0.04158851812524421 0.6906692917730771 120.60402624653604 0.00022217623858921198 0.998178018022137 -0.06033734312278795 -13.998312795095009 -0.6919202454588964 0.04371543774851497 0.7206492450745778 122.56121795229194
0.7004136748484542 0.04468019754090589 0.712337254418852 121.23520639275198 0.0024088668955324255 0.9978850091993535 -0.06495926243027587 -14.075184618135964 -0.7137330603562967 0.04721428134485884 0.6988246777207614 123.19054351821929
0.6816343533225494 0.04735704643012285 0.730158831025116 121.92524002414862 0.004250342885636459 0.9976301874983599 -0.06867272804645028 -14.159142457505846 -0.7316806290697507 0.04991311596566982 0.6798177240251199 123.84354517979101
0.6610173999022593 0.04660216271496975 0.7489220489855691 122.58418478196316 0.00803038394069993 0.9975730889816379 -0.06916245421757322 -14.24117934461357 -0.7503276017582078 0.051731717252769246 0.6590389362320397 124.4272493995009
0.6331688496947251 0.045753219651261785 0.7726602427120222 123.15658755376539 0.01343875487477551 0.9974510686947539 -0.07007685371867695 -14.310168788579814 -0.7738970265117167 0.054754072462571766 0.6309400794886068 124.8827519575312
0.6047209793474116 0.04707053308155348 0.7950452201306065 123.76965693220133 0.016978901846536946 0.9972631958474255 -0.07195717546057977 -14.386537427662342 -0.7962563996786433 0.057013008371751425 0.6022667704989292 125.34096665344862
0.5796797843777961 0.04638872965853366 0.8135228536091522 124.47890013661964 0.020524624932490382 0.9972301939406706 -0.07148902058660944 -14.471390549024985 -0.8145858379293708 0.058137991483362884 0.5771220725212197 125.8369074834103
0.5544726371626678 0.0469635498378048 0.830875754625508 125.21420244006232 0.02305909325426586 0.9971560389158496 -0.07175034684197162 -14.558587460521581 -0.8318824273033842 0.058942845539422375 0.5518128016850896 126.31899965361612
0.526961435702499 0.04991302872937131 0.8484222621109261 125.85774585055269 0.024591275880062588 0.9969605313879091 -0.07392542191511668 -14.630387624862601 -0.8495333509833234 0.059819632377659575 0.5241323278994052 126.71512484515517
0.4994452835765118 0.049438620269765116 0.8649336573049975 126.48283469140821 0.02759997205603523 0.9969556696206424 -0.07292211155583869 -14.69617964841416 -0.8659056820784159 0.060292749456946314 0.4965603025889582 127.06279418686309
0.468227150390976 0.0492481719969185 0.8822346361324223 127.12022261348032 0.02999722101847925 0.9969841090117105 -0.07157410921062049 -14.765281789526483 -0.8830988066846869 0.059977528567683375 0.4653377200474914 127.3869421566825
0.4353993434864222 0.05450126804961155 0.8985861246828688 127.74687067515993 0.03133314500054307 0.9966434769063566 -0.07563077392426498 -14.83027555833722 -0.8996919726861914 0.06108511865415954 0.4322302194005405 127.6808879716294
0.4058994235442531 0.05996695998659579 0.911948256030137 128.3957847602695 0.03276718451450732 0.9962485424900647 -0.08009465154062305 -14.896258792740756 -0.9133301536604593 0.06239234966233952 0.4024117606608643 127.96613551906046
0.37947938879853427 0.05729980789846112 0.9234241308802199 129.09351980385208 0.03531003256696605 0.9964562599573674 -0.0763421482006831 -14.97274659597975 -0.9245261462377437 0.06157640787326537 0.37611135441011906 128.24137198935136
0.351129652582121 0.05960872369376039 0.9344275076950375 129.76514766984405 0.037393877724773046 0.9962825894696641 -0.07760605535862079 -15.046593563383963 -0.9355798549489331 0.062191655221754155 0.34759535818896414 128.4795393989423
0.32191004573088744 0.06386374458719168 0.9446138600427368 130.41091627908736 0.03992330320683898 0.9959192854006852 -0.08093767248965662 -15.118355095626017 -0.9459281433167085 0.06376675540036583 0.31804677106852813 128.68202398725973
0.29324158266667727 0.06380195678954116 0.9539070628237151 131.13301111663228 0.042308138624504076 0.9959271674423569 -0.07961845612904703 -15.202350121276794 -0.9551017723788783 0.06370547433359855 0.28934791676917043 128.8893164882358
0.2654336158995421 0.06310737224591283 0.9620615651395233 131.87006836891496 0.04431324347302834 0.9960024152224531 -0.07755981771471435 -15.284978625380289 -0.9631102387595083 0.06321905123659655 0.261576030165896 129.0803304077296
0.23835593560318477 0.06142724873569 0.9692332748495036 132.6248950723746 0.04706288895498402 0.9960946134194192 -0.07470345105835559 -15.368023149518393 -0.9700368716940321 0.06342092895551889 0.23453411974481955 129.25287140026566
0.2103367790404475 0.06251303769644391 0.9756282896169279 133.38162636215273 0.04971018489415033 0.9959787005323306 -0.07453405667021543 -15.452467005506568 -0.9763643463895443 0.06417591607365254 0.20638341720067477 129.40770378210334
0.18496950809295756 0.06216849249485469 0.9807758967352154 134.17271516986494 0.05211920826901843 0.9959720166007077 -0.07296115595116431 -15.5377327227233 -0.9813612327809076 0.06461285235335655 0.18098428137687267 129.54716849678877
0.15938700636418632 0.06322892593367584 0.9851892636075243 134.98503242687 0.05520766957503514 0.9958142813140413 -0.07284250373986925 -15.62248173347351 -0.9856712917714299 0.06600015194128632 0.15522913554281698 129.66613478189018
0.13061787030788735 0.06421828886196608 0.989350788816521 135.79893801952917 0.05913166603613921 0.9956189332288958 -0.07243193955670175 -15.704050534352449 -0.9896678321679576 0.06796286612405555 0.12624829028616993 129.75833695180071
0.10061845707304345 0.06474400751486181 0.9928162667821047 136.60636748396138 0.062032349824859626 0.9955307321972151 -0.0712077862742763 -15.78589163816016 -0.9929893824565541 0.06875154355934354 0.09615254331925467 129.83113325785715
0.06970475138051804 0.06541641871549181 0.9954204839149229 137.4354729908401 0.06480162869642732 0.9954430941068615 -0.0699556667700922 -15.866754487520172 -0.9954606956345754 0.06938111095534062 0.06514802291191997 129.8796204585873
0.03829110221260353 0.06562436423499457 0.9971094394850027 138.3392159134183 0.06740050129220192 0.9953991889041277 -0.06810012595116381 -15.945824236495431 -0.9969909547818907 0.06981330494796299 0.033691817038248764 129.9030581425573
0.00698169428228153 0.06367235534193091 0.9979464349904555 139.2806281604711 0.07002872924764811 0.9954894629329064 -0.06400551749273659 -16.02094783737437 -0.9975205426581001 0.07033178765511591 0.0024913089586288597 129.89994810474428
-0.02487980812195312 0.06157405819785904 0.99779237845599 140.17406789413994 0.07134260460435413 0.9956658327461451 -0.059663910952873676 -16.089980783879145 -0.997141528528465 0.0697006804771111 -0.02916482856020534 129.87300441903983
-0.05596098653737814 0.056934977469142986 0.9968082946717245 141.03561882860456 0.07322640575612824 0.995918111061657 -0.052773189778714404 -16.147141170679234 -0.9957440742910822 0.07003944888396493 -0.0599017037673252 129.80810245347496
-0.084799270467328 0.05639271757900067 0.994800957544907 141.88070688754735 0.07642791500686302 0.9958238747599355 -0.049935801443576476 -16.2013373254755 -0.9934625597051531 0.07179604349937162 -0.08875511591972553 129.72407706565593
-0.11047254834723176 0.05994094095367939 0.9920700074386162 142.68726785684504 0.07633681856005281 0.9957427855555664 -0.05166231843588957 -16.252690148189167 -0.9909432406519558 0.07002420018557312 -0.11457794375259572 129.62551042725903
-0.13243179681924272 0.058486010472122874 0.9894651109414022 143.50323428001488 0.07893039430585917 0.9957097860785731 -0.04829093871612025 -16.303744108564015 -0.9880444382951357 0.07170361557423197 -0.13647995994883183 129.50579804903168
-0.14923910970831566 0.05739121475775245 0.9871342039470109 144.34027551138695 0.08129917386555893 0.9956462950887001 -0.045594949335677766 -16.3567843836835 -0.9854532624443681 0.07344864562927597 -0.15325522501036806 129.3709538477516
-0.15926837225948665 0.05824153596470976 0.9855158593783689 145.1706084543365 0.08171361240514528 0.9956106495028633 -0.045632446178010266 -16.409754192891615 -0.9838477886063054 0.0732622555273775 -0.16332841384623326 129.23160449285675
-0.16661691961263608 0.05794846548690643 0.9843174170187732 146.0124789217969 0.0817082287630516 0.9956495834851012 -0.044784732424676926 -16.462499560304163 -0.9826304327931246 0.07296493852295029 -0.170626933088365 129.0845966618062
-0.1735235837048224 0.057934437428569616 0.983124186895059 146.89175850776473 0.08213832709677751 0.99564145722175 -0.04417447094299522 -16.514778382432947 -0.9813984211929323 0.07308686353364684 -0.17752591151388666 128.9247963260068
-0.17985797419931543 0.05765165044539923 0.9820017292845467 147.79910509877817 0.08276727016142513 0.9956281151442807 -0.043292439574054625 -16.566503495338555 -0.9802044113892499 0.07349111194674512 -0.18384332557340083 128.7513910091422
-0.1873355424606087 0.05646205459125542 0.9806719282830134 148.6930218542351 0.08219651129738646 0.9957463686535758 -0.04162814965568766 -16.617684715867803 -0.9788509222867035 0.07280937923476496 -0.191179670032984 128.57440751838413
-0.1939393672856414 0.05620423023325884 0.9794021678150054 149.5498395380533 0.08238176682705349 0.9957641023548062 -0.04083009865259475 -16.666339178259207 -0.9775483447437778 0.07276631751995208 -0.19774806376621748 128.39566127619491
-0.19723880453180653 0.05531659037734528 0.9787936088961191 150.41772023819846 0.08367203796022116 0.9957136599029738 -0.03941189599865916 -16.717043304867047 -0.9767782983105475 0.07412410074767067 -0.2010218237851369 128.21308318691823
-0.1974062201567767 0.054136530360193995 0.9788258375849985 151.2663284651748 0.0849394619326066 0.9956636152135783 -0.037937489985862216 -16.769497464447863 -0.9766350761927483 0.07565184346985829 -0.2011485185866383 128.0358361524058
-0.19347325944865656 0.05603541303111877 0.9795040226383681 152.04161536988613 0.08774026369429089 0.9953554963111243 -0.03961164084069698 -16.81803345738789 -0.977174367247305 0.07827814797035008 -0.19749123409701866 127.87578124728428
-0.18573886476792373 0.05801528691361304 0.9808849578819395 152.78296924710875 0.08829397849379046 0.9952025668839184 -0.042142902479528045 -16.864851642582884 -0.978624160480653 0.07877866051153783 -0.18997019548220562 127.7309980080624
-0.17501338563532115 0.054808222920433206 0.9830393550355788 153.5156540525961 0.08756059474656905 0.9953595417955291 -0.03990645065929268 -16.914635192381365 -0.9806648036388843 0.07909134754762737 -0.17900028392997447 127.60195993719182
-0.15983395005484619 0.05465967585718423 0.985629457882146 154.28198237840832 0.08729257651899851 0.9953368966253541 -0.04104227455788774 -16.968654640536055 -0.9832767232547213 0.07947818600973366 -0.16386001176023068 127.47939198311549
-0.13844195340697885 0.054435048857035685 0.98887342516259 155.05099114794257 0.08745292922096588 0.9952597949635095 -0.042543221550171664 -17.02157039558292 -0.9865018047158022 0.08059011096360658 -0.14254621463701295 127.369491182787
-0.10812184894468561 0.05461723918896408 0.9926361986972663 155.74400273613574 0.08770743858991382 0.9951202550512666 -0.04520047790344357 -17.06988921201612 -0.9902611125338515 0.08217441919526239 -0.11238458005056808 127.29435522239743
-0.06644583270823133 0.05354956866838287 0.9963520437130344 156.43655065481704 0.08660427284648024 0.9950998793636456 -0.04770670828291889 -17.118556224347515 -0.9940244721537013 0.08311843228724476 -0.07075786156794722 127.25177864334017
-0.01746821954670203 0.05030466093329788 0.9985811446218353 157.2088728691729 0.08182111860816582 0.9954557068665734 -0.048715913380337025 -17.17709532537307 -0.996493936687815 0.08085404600363548 -0.021504822465330954 127.25356301394669
0.035294383507061024 0.04632832219123112 0.9983025558696135 158.0171551088408 0.07519756657540616 0.9959699818055979 -0.04887863872179406 -17.239102613032866 -0.9965438437289132 0.07679506432775363 0.03166836940706415 127.29668170283816
0.09194464893337863 0.04094860102419379 0.9949218027597344 158.77894583949188 0.0676981198949851 0.9965852689007796 -0.04727331565107858 -17.299195956943127 -0.9934601884802455 0.07170086390081859 0.0888585393795899 127.38682566506098
0.154805999153365 0.03617823485587045 0.987282248371175 159.4659313312331 0.06103356932440911 0.997070233098097 -0.04610698087308057 -17.356321308141187 -0.9860578106995828 0.06739499679072308 0.15214436685571767 127.5318391730909
0.22181055776864902 0.035883864437035236 0.9744292815466014 160.12033622249493 0.05703572615278798 0.9971341575155713 -0.049703097065848675 -17.4050191635467 -0.9734202599106865 0.06660195334055524 0.21912822138336513 127.69473535719736
0.28310434753480024 0.03653175066797491 0.9583931132891286 160.81006067407966 0.05220782064737976 0.9972057187132762 -0.053433117341123264 -17.460975830253638 -0.9576670986674595 0.065162763589892 0.2804060312674841 127.91034786136123
0.33339064985203515 0.030965811042824216 0.9422801033332383 161.53543564018628 0.04740460017286759 0.9976456517236296 -0.04955761777351554 -17.525549268490714 -0.9415962396238059 0.06119045794399177 0.3311378102586834 128.200523981756
0.38387767427592073 0.026067807619510965 0.9230159265139593 162.15165114868128 0.04384563750889374 0.9979593110854791 -0.046419537796444706 -17.579773669569654 -0.9223423937258616 0.05828964593912929 0.3819513397179562 128.4791589460564
0.4377079703226028 0.025979602507790057 0.8987417832556829 162.67839494221562 0.0408613963376311 0.9979749125450792 -0.048748540695915846 -17.624929125481106 -0.8981882202553148 0.05806146901499808 0.43576001056821784 128.74981122600943
0.48089712594922407 0.030341396054347325 0.8762518781373592 163.2586244163079 0.03889773627578831 0.9976787478373015 -0.055893490018194124 -17.677211359190334 -0.8759137630876676 0.06096323317597254 0.4786006308336169 129.07712753209722
0.5132598103076538 0.030501620141802903 0.8576910972440349 163.90747765960927 0.03755664477640051 0.9976126685664798 -0.05795223851420013 -17.745232741881967 -0.8574111414928629 0.06195655481377781 0.5108889505161724 129.47292765504577
0.5475862378308591 0.03160369434339405 0.8361522102118103 164.46632591479747 0.03666735349816242 0.9974202338303026 -0.06171209227814058 -17.811853579425282 -0.8359454631288397 0.06445218110936421 0.5450147695471732 129.84528981011582
0.5817678840441383 0.0339394111239029 0.8126464455514274 165.00803927054918 0.03452743757368199 0.997197846965046 -0.06636497617623746 -17.875633022951238 -0.812621674058356 0.06666761118294091 0.5789658405033564 130.23222589689271
0.6129114264084292 0.036102868739610154 0.7893264003229306 165.56600610060315 0.03162644419689312 0.9970341964646473 -0.07016109397348551 -17.946774377229087 -0.7895184300606597 0.06796612353861266 0.6099518461695874 130.67170279431974
0.6470729181647292 0.038107931316319926 0.7614751631856237 166.0475962261341 0.0288243422495616 0.99681336540137 -0.07437924341558763 -18.012812247607844 -0.7618830591840621 0.07007781480601231 0.6439124971611841 131.08909371325214
0.6771416198368041 0.03860236254049013 0.734839495598244 166.5603763546291 0.026641180895121058 0.9966822933082891 -0.07690678569699393 -18.08886200123217 -0.7353702973096654 0.07165377737441686 0.6738666500300149 131.56567156368595
0.7031764897775682 0.038113417909378666 0.7099930926420077 167.12117065562435 0.025071733777699206 0.9966121278412867 -0.07833054835147812 -18.176209309827595 -0.7105731717349599 0.07288095783487031 0.6998386482580066 132.11539701648266
0.7294320322297713 0.03874089250269888 0.682955381855389 167.65194799359284 0.024300217348148634 0.996297307882443 -0.0824692290677536 -18.259699489267334 -0.6836215398844463 0.07675166157348794 0.7257897578856636 132.66628811190455
0.7536323925526863 0.038833079660417394 0.6561480083177889 168.14316297395987 0.023616202104950478 0.9960089709803035 -0.08607209027841374 -18.341155875448994 -0.6568717469136989 0.08036243930372551 0.7497075339462073 133.2204401937244
0.7735974060696614 0.03835958282538375 0.6325152928805386 168.62482989762438 0.022630810525072462 0.9958568760355465 -0.08807342884037568 -18.42522372158727 -0.633273163601042 0.08244770984196585 0.7695241876669932 133.79094433607804
0.7930930028427575 0.038629006823875336 0.6078744020549464 169.08078534610272 0.021249306904206722 0.9956247457009813 -0.09099358605939001 -18.51044437521043 -0.6087297888209111 0.08508328613574935 0.7888021796511431 134.36928746476434
0.8120203297012001 0.03952705431776854 0.5822891001288916 169.49014538598243 0.01843869384366289 0.9954684233314837 -0.09328790232002208 -18.59485427452102 -0.5833378084106124 0.08648832364481643 0.8076117700676584 134.9344890346493
0.8287888478090585 0.04097756835171085 0.5580590332924591 169.88865943954679 0.015401969055231963 0.9952665010611266 -0.09595504788579234 -18.68641760406156 -0.5593494659839743 0.08812168154049214 0.8242346414376929 135.5331826888246
0.8440064060074566 0.04453222889199097 0.5344811195994555 170.2729774951698 0.01115523729045214 0.9948738230028071 -0.10050690018488115 -18.778129594051357 -0.5362170710629904 0.09079073132039032 0.8391831122031352 136.1460186812588
0.8569752779449701 0.043316703311511266 0.5135338705532125 170.65000420929113 0.00982573454836569 0.99490694447459 -0.1003176294417937 -18.87114777631113 -0.5152638430277524 0.09101557586731249 0.8521850368422439 136.77409082560817
0.8686887902651848 0.04410491678903703 0.4933908612678613 171.03949709589415 0.006967377480912796 0.9948419616358275 -0.10119746548021025 -18.97607739613219 -0.49530923807117744 0.09134674424199264 0.8639007645544372 137.46870433458005
0.8818608368304309 0.04587433823661698 0.46927285192740925 171.41525881522935 0.0032781002873465657 0.9946352830122263 -0.10339201055060174 -19.079818346610697 -0.4714983759497371 0.09271568841648174 0.8769795223368796 138.18133869255033
0.8939408862662852 0.04736782760910769 0.44567474773543325 171.81551443196514 -0.0004715296691003565 0.9944981743641528 -0.10475284648227645 -19.195294974768473 -0.4481846377568301 0.09343270355695642 0.8890449147173726 138.98953303061376
0.9036443774019443 0.047612469361299974 0.42562881945560466 172.23371183917564 -0.0035826966375198514 0.9946069444374077 -0.10365418641660468 -19.324195119647943 -0.4282686113581727 0.0921416238092428 0.8989415540996767 139.88402064212266
0.9129460736661189 0.04724935545753883 0.4053356201797029 172.6260859485997 -0.00612367510814012 0.9947487352949064 -0.10216385971739578 -19.45373587361799 -0.40803427206643894 0.09078795095183581 0.9084412918737137 140.78014802436647
0.9246160286262645 0.04815575505344398 0.3778441780187004 172.95396693736058 -0.009575845344600525 0.9946012648143053 -0.10332776594759958 -19.5733431958589 -0.38078012394731475 0.09192033118422907 0.9200854036021073 141.6085405879339
0.9368424732556843 0.04720037084045587 0.3465520239396907 173.24874786733196 -0.011502857980246396 0.9944739706793962 -0.10435135791854033 -19.685185404030328 -0.3495623900857472 0.0937744455258494 0.9322083934420795 142.42756353950932
0.9474207715580597 0.04799787506800166 0.3163701718071526 173.52470042519536 -0.015362840014105565 0.994369007368319 -0.10485351845334899 -19.801700340200266 -0.31962143977998864 0.09448005701894094 0.9428232358500018 143.28340736964924
0.957589009320407 0.048878526906554955 0.2839615798593301 173.77036894989152 -0.01962037315422225 0.9942806052105698 -0.10498151770380319 -19.91577601115443 -0.28746883341686214 0.09495771537663529 0.9530711946672199 144.1358604479483
0.965836441936521 0.04943700182498862 0.25439329841400604 174.00598515575743 -0.023193744978869273 0.9941863714448522 -0.10514518071302766 -20.03536824650286 -0.25811241276090835 0.09565271393889545 0.9613680568309256 145.04486255266949
0.9711877087932315 0.050007053403694844 0.2330101476305994 174.2226603371157 -0.026122058322148697 0.9941830392840835 -0.10448790584980862 -20.157078421552757 -0.23687986904329542 0.09539066521281966 0.9668446352089308 145.95961795762884
0.9741284484338351 0.05181674390002189 0.21997452353281538 174.43393360862746 -0.02993549956227139 0.994368101902886 -0.10166584374317035 -20.280420716676918 -0.22400364242093834 0.09245054337132393 0.9701934163930936 146.91665739864482
0.9760945795640704 0.05406609392913162 0.21051420197432638 174.63866639603677 -0.033151332595927945 0.9942683821158363 -0.10164336413102983 -20.405680725344826 -0.21480307468180257 0.09223471045113814 0.9722923414772133 147.89270305640312
0.9773335520910496 0.056919213172545204 0.20391010550953745 174.8264853719983 -0.03649065258983514 0.9940551178096569 -0.10258096816660736 -20.52329759473394 -0.20853671194938556 0.09281500917550418 0.9736004384967651 148.82423377329337
0.9780682419632583 0.05849304123096535 0.19990267179418703 175.01416938138524 -0.038695418775469226 0.9940777200457808 -0.10154876205239889 -20.645565413338876 -0.20465868813391144 0.09158630157472386 0.974539260745904 149.77947741214473
0.9784478776497199 0.05995526959662223 0.19759837137576733 175.2047166270993 -0.04011483273471925 0.9938797665478353 -0.10292623495245111 -20.77039471369545 -0.20255999337832115 0.09278133052731045 0.9748646438291623 150.74351732330857
0.9786273409762163 0.06014532390096752 0.19664960591536534 175.4010007036069 -0.04052676708008975 0.993926568978317 -0.10231107774345925 -20.896838073726745 -0.2016088010079362 0.09215484518916912 0.9751212108575558 151.72914688063597
0.9788355663345342 0.06045785867641962 0.19551414629845562 175.58390145349557 -0.04121311313933953 0.9940277555395645 -0.10104603170011657 -21.014875584855076 -0.20045551472562814 0.09084970303330138 0.9754813776156095 152.66728296856772
0.9790815933163641 0.06185836873572703 0.19383698265925625 175.7563161311362 -0.04287235856600766 0.9939968193817545 -0.10065924661919773 -21.126480607512505 -0.1988999610358894 0.09024336693802841 0.9758560038364333 153.56542761588028
0.9791138614902847 0.06248255433144497 0.19347345203361077 175.93248526857917 -0.04358456510341842 0.9939879303645673 -0.10044092778499686 -21.239386104744497 -0.19858608189480553 0.08991064838929319 0.9759506357310751 154.4729213886115
0.978886610769714 0.0627418695396164 0.19453652886400666 176.11028104769332 -0.04383295269885929 0.9940186485090909 -0.10002798945225778 -21.35040100358416 -0.19964888057157487 0.08938894910913313 0.9757817072807243 155.37430205636625
0.9787442822461292 0.061999363991597764 0.19548838542263022 176.29566153411847 -0.04325721975777761 0.9941737213843376 -0.09872904662583355 -21.462102457572502 -0.20047055372133202 0.08817420582832633 0.9757237654773044 156.30136698344742
0.9788347860844291 0.06079548130690415 0.1954133337408477 176.484042887676 -0.04210931456474266 0.9942558620578735 -0.09839759341794728 -21.575514802664557 -0.20027298164739624 0.08808626576384075 0.9757722800970763 157.24356567993786
0.9788955433322971 0.06094379638725322 0.19506247441800728 176.6689130232228 -0.042362756133323604 0.9942791529392677 -0.09805285780211707 -21.689598623471323 -0.19992226523565598 0.08772012147895526 0.9758771788246534 158.18320916188154
0.9788090645669658 0.062162409649329634 0.195111890842486 176.8544242589326 -0.043671139332271576 0.9942586048754009 -0.09768653039515827 -21.805701444710675 -0.20006410650329878 0.08709570286651229 0.9759040382287738 159.13249379173462
0.9789625306363112 0.06168144071547622 0.1944936078163297 177.04034721093757 -0.04343016925078522 0.9943608071851642 -0.09674918879721109 -21.918661363741887 -0.19936445021366755 0.0862669403962691 0.9761208075774596 160.06957331436004
0.9794393906458051 0.05995439036711772 0.19262385918437233 177.22836566691927 -0.0421343554088874 0.9945550732855903 -0.0953147538221307 -22.03199955860358 -0.19728957434606595 0.08523894225999692 0.9766325545345845 161.01620540298677
0.9799894476348433 0.058370049366059364 0.19029876473944396 177.42232332924618 -0.040335233914702416 0.9944368253586987 -0.09730605980904235 -22.149439711107483 -0.19491985899184658 0.08768316661434217 0.9768919647858116 162.00888988032878
0.9801046824432396 0.058180066906658244 0.18976272359863788 177.61708650208337 -0.04036936424566083 0.9945226280593913 -0.09641087442941541 -22.26837147867631 -0.19433251370585955 0.08683214895751529 0.9770849768695582 163.02539463940792
0.9801818409341465 0.05825282088972126 0.1893414047728002 177.80725127729082 -0.04105739492286957 0.9947717955885079 -0.0935059625038157 -22.387445803552257 -0.1937984752909462 0.08387898163430169 0.9774489589819514 164.03039652007342
0.9802995552390953 0.058980567139546775 0.18850483998542109 177.9855302702558 -0.042478409928886726 0.9949977021381712 -0.0904165771840223 -22.502261577639803 -0.19289470362854938 0.08062794453325856 0.9779012055787637 164.99684352987282
0.9806734300845535 0.0589848972909189 0.1865486676923097 178.17050817286102 -0.042760327404977226 0.9950384381593196 -0.08983351816378148 -22.621113518427467 -0.19092191578343184 0.08012046228675322 0.9783299717357865 166.0054397713915
0.9811210044245241 0.06077262505707483 0.18359810108136987 178.35312702085915 -0.04469138881130535 0.9948936649224047 -0.09049461455459186 -22.741707887543967 -0.1881601829376504 0.08058091300636655 0.978827084839776 167.03238398847895
0.9811932276944665 0.0632907465352241 0.18235715321732945 178.52425059540428 -0.04731329651832113 0.9947559360054109 -0.09067568447257328 -22.856365182617086 -0.18713979239884976 0.08034244945864082 0.9790422814750674 168.00873736400723
0.981116091033134 0.06477661699499442 0.18225039315882605 178.69799182125513 -0.04858390331608483 0.9945772062510385 -0.09195534320774489 -22.970197388558503 -0.1872186429136714 0.0813644313970461 0.9789428017249029 168.9798882285671
0.981256953970676 0.06369001150239745 0.18187460713088882 178.8772985798125 -0.04691472008829419 0.9943619947705682 -0.09509591155741173 -23.08330487026183 -0.18690585684570804 0.08478092822517655 0.9787126211948292 169.96592529433562
0.9813017860122027 0.05987451769396954 0.18292579615837576 179.06305540589972 -0.043172729540586555 0.9946392623677636 -0.09396197731278372 -23.199564206226167 -0.18757110703217889 0.08430765023073075 0.978626230958122 170.9712094655212
0.9808115880420064 0.06085597289620121 0.18521657411088807 179.23979771331858 -0.04373017284501386 0.9944984706328969 -0.09518646905824271 -23.31180609051877 -0.18999026487023782 0.08526043907749593 0.9780768665002015 171.93924923050685
0.9799291548389606 0.062253891685642375 0.18937609264791763 179.4112872628841 -0.04468471821291678 0.9944094400145808 -0.09567205217889825 -23.41969347330093 -0.1942733318158549 0.08528961589714132 0.9772325997250033 172.85782653030085
0.9785874079040784 0.06226270597430535 0.19618878799853462 179.58526987262573 -0.04387903873292798 0.9943460129338542 -0.09669868935214858 -23.527118163107694 -0.20110026119190308 0.08601954433328693 0.9757865150437599 173.74707858716027
0.9773913444270023 0.06116893664598425 0.20239693927719532 179.76349334970283 -0.041948873619024114 0.9943089909939504 -0.09792814932739657 -23.63528420968688 -0.20723525723503944 0.08722380190173605 0.9743949694762066 174.62550346454296
0.9763590640124067 0.061169756230783495 0.2073191719149088 179.9443500024398 -0.04191180187580149 0.9944942082900106 -0.09604514845191305 -23.74565702187789 -0.21205277405481227 0.08508543118708964 0.9735471690757308 175.50359892134716
0.9751290299889424 0.062450766194497735 0.21265765134258457 180.12891129122994 -0.04248366364874011 0.9943572736455408 -0.09720468440969814 -23.856535967214324 -0.2175281894279579 0.08575263348684085 0.9722797810580398 176.37789631787246
0.9736786193948841 0.06373143679550057 0.21883384129803435 180.32769423322577 -0.042487577377787245 0.9940344442171203 -0.10045063204643528 -23.968816165327254 -0.22393023891792613 0.08850891296328801 0.9705778796285341 177.27920998272123
0.9722730413718214 0.06485112563568092 0.22467635506517675 180.5369833705951 -0.04305748268176242 0.9939967359417681 -0.10058102267436757 -24.08453945560688 -0.22985035611610174 0.08811821855267518 0.9692285557867184 178.19976544418188
0.9712383759368081 0.06534990174860877 0.22896595259793204 180.74832296454224 -0.04323989974574003 0.9940183306769744 -0.10028892933988545 -24.200026614349714 -0.23415022566209595 0.08750399202098925 0.9682544723381266 179.11114643195296
0.9704495248722084 0.06587923332927853 0.23213712820497123 180.95115072977296 -0.04286245744657234 0.9937738887591758 -0.1028409828915844 -24.308496961513953 -0.23746690172937027 0.08985201520507397 0.9672311440119391 179.96884720284453
0.9701620979363856 0.06486343521761326 0.23361985895775422 181.15676125444392 -0.04132699988127226 0.9936897024977159 -0.10427297938975019 -24.418634116060026 -0.23890915178888536 0.09150688455942768 0.9667206976525053 180.82888281312734
0.9700699859234467 0.06369262235823323 0.23432343516518936 181.3670628725628 -0.03989297565509221 0.9936776153683464 -0.10494449585023574 -24.534898963005297 -0.23952614242263057 0.09245564651771904 0.966477718585963 181.70522712842532
0.9695399737401027 0.06329059747723859 0.2366147493099582 181.57322181907213 -0.039733640117494105 0.9938835762071387 -0.10303724952037248 -24.65017799134528 -0.24168880231209416 0.09049716689866147 0.9661246221995716 182.56638591671313
0.9687964436108979 0.06251421483420927 0.239844582574921 181.78702862142086 -0.03861885222978882 0.9939242064644143 -0.10306918092494825 -24.765067054810064 -0.24483062532969685 0.0905905334334019 0.965324463666453 183.43622043367762
0.9679382933422526 0.06277404712813338 0.24321776104725926 182.0150787177161 -0.03854014550026961 0.9939189123343737 -0.10314966257276445 -24.88596599593058 -0.2482138543000889 0.09046886045049976 0.9644714966354817 184.3533370660548
0.9673225209622349 0.06197738910570476 0.24585756786990706 182.26903724288616 -0.036666729484040456 0.9936658219982674 -0.10622516246847223 -25.015881147608113 -0.2508838204990729 0.09373919901593564 0.9634678360898424 185.35221424594343
0.9669499224857395 0.0614362286380686 0.24745390927514632 182.53834292840332 -0.03583052969712611 0.993647070557381 -0.1066849207449673 -25.155485046634055 -0.2524361712323448 0.09429257119979043 0.9630082504683385 186.41809237666794
0.9665519799657134 0.059705401611012475 0.2494244074721352 182.7894381088455 -0.03443307642133326 0.9939299830377917 -0.10448709043063216 -25.289164300355278 -0.2541488407853194 0.09240375445275037 0.9627408337089051 187.4104226938465
0.9659425068963796 0.05884856998989146 0.2519760289806972 183.02182971392315 -0.0331647791170071 0.9939198934585398 -0.10499210833908526 -25.41145001357802 -0.2566226233145812 0.09305961098946702 0.9620211733665922 188.31358104713266
0.9652490073644272 0.06130039939159989 0.25404057710613337 183.2645159325379 -0.03488443469437781 0.9936235148291301 -0.10721654254199867 -25.53739289038139 -0.25899310801262965 0.09462859933992925 0.9612325411620878 189.25553838086938
0.9645558851099483 0.06428460536275835 0.25592857209213216 183.51265221070074 -0.03728862869280501 0.9933448583968819 -0.10897499927364039 -25.66646454498364 -0.2612307460272898 0.09556925138261899 0.9605337138904572 190.213161545302
0.9637853601042441 0.06707467018594998 0.2581061182308118 183.76311504493296 -0.03993603772147334 0.9932400883163462 -0.10899192562959445 -25.796903067726387 -0.26367194113109926 0.09473708661756501 0.9599489527466434 191.1756007855297
0.9631252266912943 0.06761676180027824 0.26041845409741343 184.03135237454973 -0.04100920934560397 0.9934892896781835 -0.10628864494191304 -25.933370795034023 -0.2659098389674434 0.09168972035285118 0.959627507276614 192.1854165575456
0.9620944972783372 0.06827745700860724 0.2640309966105885 184.30475516962863 -0.04132447593400792 0.9934720920389578 -0.10632727791360816 -26.069202761007137 -0.2695671827124427 0.09138594642600059 0.9586355630792674 193.19818821946853
0.9609473302780887 0.0693477501727458 0.2679013213431234 184.57338358421805 -0.04177302919976271 0.9933491315886678 -0.10729639697360224 -26.200347720028375 -0.2735603086394111 0.09191513650111986 0.9574530616270931 194.17753695205764
0.9601794750827072 0.07085227016857394 0.2702504975792927 184.8413792971731 -0.04276513670063627 0.9931822929767635 -0.10844388410784504 -26.333101628655697 -0.27609150423885354 0.09256829224620726 0.9566632597511788 195.14423607072357
0.9596397365722026 0.07200592589731211 0.27185790889231687 185.1154856862162 -0.04386383771140158 0.9931590404520213 -0.10821776244983862 -26.466275886476332 -0.2777904601185242 0.09192533385358286 0.9562333362014992 196.12157734456056
0.9596655325348963 0.07276740284972592 0.2715639349159208 185.39068132151388 -0.045708006846221484 0.9934552344941845 -0.10467795931451904 -26.599757980753132 -0.2774037558769881 0.08804318337391047 0.9567107996080799 197.11697203652474
0.9595382023862572 0.0741567625791025 0.27163801781992103 185.6580614956565 -0.046598827667731595 0.9932158750525739 -0.10654001503446671 -26.73203075082583 -0.27769585416664627 0.08957120132798238 0.9564841935292617 198.09260760112033
0.9585475692897345 0.07587182025654535 0.2746452699386956 185.92860408527065 -0.04660104796514948 0.9926618648469562 -0.11158299335971654 -26.8606855112506 -0.28109589064461876 0.09415884966121439 0.9550493240106444 199.0612932030601
0.9574898150525897 0.07477802434949851 0.27860635517687354 186.20781232990953 -0.04596996434506744 0.993028229752612 -0.10854352717923103 -26.995882258524272 -0.28478064619750904 0.09112179755020769 0.9542519591609709 200.03876022188538
0.9562728602194752 0.07507585313653374 0.2826761982967163 186.48303749903422 -0.0461673373158287 0.9931236412471199 -0.10758257368751678 -27.12758234471611 -0.28880926884854397 0.08982788805201365 0.9531632372029921 200.9896337756504
0.9551519237787712 0.07577906189164453 0.2862557183368287 186.76093543573342 -0.04671946930895924 0.9931581091943467 -0.1070245828256344 -27.25400613484893 -0.29240741045534724 0.08885102093017369 0.9521572361697762 201.9355401364447
0.9540768171956381 0.07871028832320076 0.28903653298833815 187.0536584966836 -0.04978098746950662 0.9931063486167218 -0.10612084443559967 -27.38717160818129 -0.29539681815551455 0.08685891347030839 0.9514180201017628 202.9256546666773
0.952573552488623 0.08207462513666622 0.29303136864144713 187.3504378360736 -0.05257320558424782 0.9928484189304225 -0.10718243830944635 -27.519069749963492 -0.29973268949816206 0.08669355763860176 0.9500760716438257 203.91009577956027
0.9507927565231052 0.08203776013426617 0.29876904132681986 187.6463771321461 -0.05282115460394958 0.9931108703612413 -0.10459791965734773 -27.64519015087888 -0.3052917617124663 0.08366961863479427 0.9485759511752391 204.85981502625953
0.9490042246838271 0.08222513581473043 0.3043517842439843 187.93759075671719 -0.05233338934898243 0.9930821773418568 -0.10511424929668965 -27.766638638269654 -0.31088936599938044 0.08382610623312964 0.9467423018025012 205.77087601754724
0.9469651643633956 0.08239748190585877 0.3105923895683545 188.22768818469513 -0.052651056551747816 0.993288652508113 -0.10298310076223048 -27.888723095771432 -0.3169934442952926 0.08116839147225187 0.9449480665621881 206.68240639054068
0.944907271447402 0.08251865788196196 0.3167663483818715 188.53839085241378 -0.05238379911030273 0.9933515604273148 -0.10251153587471179 -28.01370220235181 -0.32311946081379594 0.08027047089671632 0.9429477533487338 207.63267197198144
0.9429349282511377 0.08286320688011493 0.32250179849043453 188.86426877160773 -0.05236485132527197 0.9933912753222515 -0.10213567672128536 -28.138098029307674 -0.32883376260613056 0.07941953827098223 0.9410424504299062 208.59627840897326
0.9407146104475983 0.08320746773736983 0.3288351243452526 189.19248085387883 -0.052106116352346056 0.9933878255239386 -0.10230142100429883 -28.259232967923516 -0.33517305131692837 0.07910212015842287 0.9388300593064464 209.54248342243253
0.9384718963192452 0.08338895975090281 0.3351369588849041 189.52511749534384 -0.052257341386850814 0.9935257173483887 -0.10087526574215258 -28.380468981868766 -0.3413790709609174 0.07715523546094638 0.9367536493394784 210.47980990963768
0.9363072557477664 0.08305136564271126 0.34122015400466477 189.87017406384572 -0.05138959891658119 0.9935766978755627 -0.10081891966237196 -28.504065390979758 -0.34740154282513014 0.07686231913997629 0.9345610477326494 211.43218265646107
0.9335146357616978 0.08448546045461278 0.3484431543171377 190.2144316308348 -0.05318710931677492 0.9937197296164433 -0.09844912581404844 -28.627269579110983 -0.35457235682048227 0.07337101568601155 0.9321454488629847 212.3741524473949
0.9300300401503562 0.08604942149312832 0.3572668771081705 190.56440153191872 -0.05276955511565821 0.9933945620687317 -0.10189513288263731 -28.743189753690515 -0.36367499016405247 0.0759127203634064 0.9284275741360805 213.2916400616205
0.9268621944776626 0.08595162146713756 0.36542959816525716 190.93078377014226 -0.051587280125167355 0.9933632309148261 -0.10280196494107917 -28.861461192194515 -0.3718403218820418 0.07643173577532593 0.9251448344929749 214.22609052267148
0.9238932237588074 0.08727016542802356 0.372565738251283 191.31152664529708 -0.05299595361214638 0.9934448566487032 -0.10128546637587506 -28.98950292859385 -0.37896271583534286 0.07383247946808144 0.922461936874525 215.18395094996148
0.9206919999304994 0.09070008265165343 0.3796047105489609 191.69494204445894 -0.05504945295394636 0.9930775207799198 -0.10376220627512141 -29.116660109281685 -0.3863881455136143 0.0746360015581811 0.9193115186257381 216.13537150531337
0.9177543401740511 0.09137380654000443 0.38649424131554894 192.0841351828408 -0.05591052387778923 0.9932070328221445 -0.10204804394178635 -29.245312535612204 -0.39319331684478653 0.07204593972614567 0.9166288224562741 217.0812179705501
0.9143343989622689 0.09168772556453471 0.39444387161560596 192.4986614454419 -0.05637782415724492 0.9933666990509926 -0.10022046776897148 -29.37780312709054 -0.40101639345244033 0.06939713392741247 0.913438498195178 218.06153623553615
0.9106937307070923 0.0921653004118733 0.40266920201424256 192.92946764351038 -0.056260763944847275 0.9933825076488182 -0.10012951581671561 -29.50807339897077 -0.40923300855520145 0.06853284539063624 0.9098525121202476 219.04902540547053
0.9073778325574868 0.09330437051747306 0.40982894410426307 193.36772235098576 -0.05744841533532027 0.9934299615552065 -0.09897773012088941 -29.63512594599401 -0.4163714069898885 0.06626617483121507 0.9067765135437195 220.03326672637522
0.9048155225846404 0.09328325360480637 0.4154601120285619 193.80992412550276 -0.05775533095692871 0.9935774352084027 -0.09730468637609423 -29.759149261189012 -0.4218686902768933 0.06404775438370795 0.9043918914510826 221.00346447923005
0.9027293869363672 0.09277021980892353 0.42008730078174766 194.25893906349964 -0.05734876375565703 0.9937077028299754 -0.0962087346973915 -29.882776503465813 -0.4263692921132926 0.06275896472201573 0.902369402789032 221.98036527456904
0.9012846265529385 0.09198162610517097 0.42335021246998167 194.71995065020454 -0.05625903936306359 0.9937759973918393 -0.09614669779977937 -30.007868483727535 -0.42955900925167106 0.06283826435306233 0.9008498266103075 222.9692791101585
0.8999554343865092 0.0903926683134299 0.42650836056678604 195.16300676300244 -0.05478173152971589 0.9939626235751081 -0.09506452980105598 -30.12447551505089 -0.4325265055563616 0.06218897370810963 0.8994739315512921 223.9069293215608
0.897881738212973 0.09029558507231365 0.4308771187938604 195.59321468987014 -0.0551860512206363 0.9941048521080008 -0.09332760988048949 -30.237777285683798 -0.4367641055928533 0.06001874983519794 0.8975716493594807 224.81024643764695
0.8953270950199163 0.09123253751953135 0.43596561449378685 196.04448724632962 -0.05555458304607487 0.9940280362579267 -0.09392524386866773 -30.35753746855744 -0.4419310819865202 0.05987392780634329 0.8950486196532949 225.75472457040584
0.892862107585935 0.09145511890526666 0.4409458221405731 196.5340908122569 -0.053974925919464255 0.9938357988717875 -0.09683549066776284 -30.48289322562002 -0.44708384471952517 0.06266072220220213 0.8922946092428835 226.75739438194404
0.8907405439698217 0.08986195759298574 0.44554024723463814 197.0416643055981 -0.052507667697000195 0.9940421479078949 -0.09551519782569866 -30.61437812594243 -0.45146896699703426 0.06168498002121222 0.8901520853643031 227.78306198633027
0.8886483253305699 0.0879035104659931 0.450085688213843 197.55190634033605 -0.05076710152044029 0.994281452266226 -0.09395262147795655 -30.746922271332295 -0.4557706169669001 0.06064129391035357 0.8880291539034593 228.80653982903675
0.8859556914750301 0.08826186530744677 0.45529370287260895 198.06970088119704 -0.05010352215398952 0.9941931179759084 -0.0952348740593937 -30.875623348900596 -0.4610554736805191 0.06156206057137781 0.8852332816198465 229.83098600223425
0.8836842055536703 0.09073992868083262 0.45920419226960024 198.58530837316104 -0.051101548601036606 0.9938684143214206 -0.09805206140007056 -31.001654227904268 -0.46528577947918875 0.06318101263215627 0.8829027710100492 230.83438887936404
0.8822417074784086 0.09264006882916907 0.461592230472859 199.0958401481682 -0.05358413103512728 0.9938365704190458 -0.0970443826242482 -31.130096507251963 -0.46773743755102 0.06088258326515033 0.8817681104282304 231.82364392635583
0.8815263640559206 0.09186322644842977 0.4631116680681161 199.6025903798861 -0.05311583809696479 0.9939576199271144 -0.0960570535259402 -31.25911017034546 -0.46913748221348434 0.06007826075472562 0.8810792389831257 232.79898773784353
0.8809132860647717 0.09252484462205048 0.4641453819249215 200.07629873206392 -0.05394368125164141 0.993942099710169 -0.09575584408674165 -31.379822946420926 -0.47019343007701525 0.05931488473737814 0.8805679319399535 233.7115011452682
0.8805545560740649 0.09389071546714513 0.4645516196573576 200.51624258608953 -0.055140360721268676 0.9938196753624702 -0.09634310292888214 -31.490396553214826 -0.4707262627013039 0.059219814348783394 0.8802896109757077 234.56113186253532
0.8802600627865574 0.09713885829161674 0.4644418844945051 200.9510293268074 -0.05834586240198616 0.9935512517354875 -0.0972197023005965 -31.600936131261204 -0.4708906265828366 0.05848035896477788 0.880251137694112 235.40708660766447
0.879823004328945 0.09898817915355147 0.464879362245146 201.3874207787992 -0.060841559409367224 0.9934816834130505 -0.09639735147507818 -31.713391763888374 -0.4713913296850375 0.056528622047929675 0.880110634629044 236.25570412134607
0.879301518694371 0.10092737726911032 0.46544871225447737 201.82288223869642 -0.06264105440226629 0.9933063716511684 -0.09704921607393412 -31.825169298700285 -0.4721280944035706 0.056179324976110855 0.8797379984518604 237.09534693450172
0.87891980260004 0.10119229530346786 0.4661116818625366 202.25874010712994 -0.06347044666320074 0.9933581574976524 -0.09597433684712374 -31.93637286858269 -0.47272770491889143 0.05476942855359274 0.879504875880762 237.92818610595148
0.8791917987029383 0.10235233159619707 0.4653447983058522 202.6847543641623 -0.06413106097309795 0.9931881026784692 -0.09728617433330272 -32.04508063724248 -0.4721323840957733 0.055690150967357396 0.8797667980625765 238.74331803324228
0.8796271932336621 0.10303053070169284 0.46437130689481354 203.08680729237477 -0.06573894411853415 0.9932233298377784 -0.09584262252327189 -32.14737501904604 -0.4710991319776037 0.05377849764809012 0.8804393681796985 239.5202258119856
0.8797326353399438 0.1039312618245455 0.4639706705529941 203.47790691002254 -0.06705532354133047 0.9931842873036991 -0.09533391336672002 -32.24643677398218 -0.47071655367387133 0.05275665141575535 0.880705774835611 240.2785406632644
0.8788502232620842 0.10490284946415254 0.46542204207201665 203.87722115108562 -0.06791008250118266 0.9931002354387749 -0.09560409544645555 -32.34700429817916 -0.47223988159289254 0.052414831352907414 0.8799103247987157 241.04821839570144
0.8768829740958148 0.10534721974258063 0.4690183504228667 204.3009534800729 -0.06915292558840493 0.9931871961452589 -0.09379267719649614 -32.45373888385 -0.47570381817202717 0.049811210642083215 0.8781940108375421 241.85397594619238
0.8742146366576141 0.10578096322900833 0.4738767317266578 204.77243534060784 -0.07018042507390757 0.9932595919443851 -0.09225015418372914 -32.56898458336235 -0.4804409193543398 0.04738956455612665 0.8757458262424901 242.7372248218605
0.8708130169144793 0.10592570926407088 0.48006711373432576 205.2456255275722 -0.06993039524552319 0.9932713418460357 -0.0923134946158092 -32.67764117363492 -0.4866152786268732 0.04681650974049232 0.8723610405231387 243.60379638913892
0.8673539614920172 0.10310705352035202 0.4868942811313926 205.7248559550497 -0.06892149402973163 0.9937627010414702 -0.08766710716952851 -32.78345260745894 -0.4928964730496821 0.04248093140592791 0.869050307704953 244.4622151934406
0.8643869767375861 0.10605241764740979 0.4915160619528063 206.21107609593264 -0.06969976415228621 0.9933394077563771 -0.09175382212926088 -32.88582139478334 -0.4979729885481473 0.04505225531925883 0.8660214760426439 245.32280453354662
0.8615263243716472 0.10940382256763144 0.495785433451074 206.6747300016115 -0.07284742973835494 0.9930401279026666 -0.09254488832762871 -32.98549095337421 -0.5024595947886722 0.043613162951659436 0.8634999986231383 246.14464516157466
0.8590436927087818 0.10690363954506908 0.5006151674383008 207.12517745337723 -0.07270046834322101 0.9935162477783307 -0.08740770734406238 -33.084722781767596 -0.5067135047735934 0.03869208255556724 0.8612458109201921 246.927399978691
0.8567706548084801 0.10625324017215401 0.5046328308899122 207.56526586540275 -0.07170810464731671 0.9935839511808668 -0.08745787376622333 -33.17648521755467 -0.510687764477415 0.03874507592891894 0.85889279092581 247.67841397201613
0.8542250508377787 0.10484046054387726 0.5092229770485048 208.0151657704985 -0.07248314761996405 0.9939068987278233 -0.08303776232742156 -33.26956707207173 -0.5148259471241701 0.03402285252871261 0.8566193376719411 248.44269695791934
0.8512065716480317 0.10492198271564226 0.5142360838430367 208.48872260207844 -0.07253110262153357 0.9939285388384232 -0.08273632113542623 -33.36583815660165 -0.5197947782882305 0.033127590095541795 0.8536486111033951 249.23151171011367
0.8483391746247166 0.10247641101236743 0.5194412671160028 209.01108075438918 -0.07018760069743209 0.9941981875660075 -0.08150867775155222 -33.465727383007504 -0.5247802830760643 0.03268866816639755 0.8506098432701783 250.08364953917328
0.8471462377034278 0.09940765794381931 0.5219783228133634 209.53370321112956 -0.06808851619225667 0.9945543481474804 -0.0789024875633195 -33.56723032362835 -0.526979322087372 0.031301215999822836 0.8493014941522655 250.93561591695251
0.8464547048191919 0.09774108583839049 0.5234129467529312 210.02994468651335 -0.0662472119345385 0.9947014827374318 -0.07861467516219588 -33.66188887006769 -0.5283235179322956 0.031869113246050323 0.8484448243819737 251.74082766042972
0.8450898925689744 0.09742422254169057 0.5256725162493339 210.54809561853466 -0.0655492510754176 0.9947192167791888 -0.07897452407993012 -33.75525725090881 -0.5305905852549713 0.0322831323193198 0.8470132408684321 252.57671939274272
0.843159332153409 0.09818978626593892 0.5286218936779543 211.07667825423823 -0.06521669519217162 0.9946007711149792 -0.08072229410579483 -33.84828162047589 -0.5336938478854995 0.033586782676229214 0.8450105352944621 253.42413001035064
0.8407729984599852 0.09673741617073717 0.5326749828678039 211.6062841312287 -0.06349851756182162 0.9947360288512284 -0.08042494123555038 -33.94309874880974 -0.5376510981371271 0.0337950472392074 0.8424898761730288 254.26770831145527
0.8387328049830174 0.0942877381913811 0.5363180998922871 212.15424449708027 -0.061456372432149825 0.9949930821281143 -0.07881548581769379 -34.04434789234074 -0.5410641331051269 0.033144968606890084 0.8403279210660861 255.13657800546378
0.8381217731121016 0.09677633691009604 0.5368297998897698 212.70644237894507 -0.0616929025187426 0.9946389762461373 -0.08298971448831016 -34.14640723334271 -0.5419832831501737 0.0364368981432538 0.8395989954969343 256.0151367022718
0.8369962507758296 0.09641763510659906 0.5386473018846886 213.26457975468543 -0.06092571626872789 0.9946543692886459 -0.08337111461502052 -34.25038400122259 -0.5438063380325283 0.03696383767223168 0.8383962913922012 256.8885578462035
0.8354087316597182 0.09399642030487976 0.541532015707815 213.83378744476062 -0.05878880374580342 0.994897151095015 -0.08199716639715564 -34.35754030139579 -0.5464760997709234 0.03666512938602247 0.8366717042342656 257.7692925972937
0.834850740099243 0.09542187853058398 0.5421428841674862 214.39660656674658 -0.05859215500400456 0.9946700220604136 -0.08484401326154661 -34.46059728268281 -0.5473492496822616 0.03906676736093262 0.8359919775693044 258.6428824017132
0.8342353422389096 0.0939236369206516 0.54335048006524 214.9454874316824 -0.05827368558959893 0.9948854476286626 -0.08250529476659368 -34.56382660148535 -0.5483206829286452 0.03716579777585184 0.8354418783783544 259.49512351490193
0.8338870301546624 0.09149678856062764 0.5442984095355495 215.50784690487603 -0.057582864560156814 0.9952041811530322 -0.07907497407253253 -34.66709932481867 -0.5489231591478774 0.03459733369230663 0.8351565062025812 260.3634359285578
0.833697597666601 0.09121269427767797 0.5446361721806082 216.0533790747375 -0.057078215438242645 0.9952152528368271 -0.07930118437525577 -34.76479851666382 -0.549263500487085 0.03502634613458221 0.8349148232659059 261.2024047617399
0.8331106238341356 0.08999647664245547 0.545735579421611 216.5929304847621 -0.05662593288225137 0.9953673429274802 -0.07770042701752146 -34.86006407786536 -0.5502001382950702 0.03383026493296118 0.8343472424564342 262.03060113014914
0.8327828266342066 0.08942161755424888 0.5463300632192256 217.14809814868576 -0.05522560609838977 0.9953645960313722 -0.07873660773980047 -34.95878985382887 -0.5508383575008271 0.0353990858820863 0.8338609048423534 262.87989381004337
0.832711402198022 0.08791941355301446 0.5466826294751814 217.68484264774966 -0.053814072484708424 0.9954898496561916 -0.07812813087554386 -35.05734360296809 -0.5510859880744721 0.03563896676377614 0.8336870502748606 263.70746864630905
0.8324771308884091 0.08676694227102202 0.547223285576135 218.20537978894586 -0.05292804332090782 0.9955986869495902 -0.07734259353341287 -35.15415485158005 -0.5515255649360465 0.035422482594980625 0.8334055429074056 264.5115596364685
0.8314679388284985 0.0853518883835098 0.5489773418363072 218.711914117687 -0.05227148357138814 0.9957636717941375 -0.07564655934215253 -35.249139074999974 -0.5531082703282759 0.03420182867082624 0.8324070375783946 265.2893031447304
0.8296928444957843 0.08509586267404827 0.5516960013886762 219.23196200917894 -0.05194375758562476 0.9957936605923977 -0.07547735800808508 -35.34279065703887 -0.5557981916490758 0.03396586050366271 0.8306230736500566 266.0775013950841
0.8279426461190903 0.08485540571652435 0.5543559640321403 219.78847049980365 -0.050967950483548415 0.9957811810949523 -0.07630273521080735 -35.43702008214437 -0.5584919361645506 0.03491990117151008 0.828774612148169 266.9087231104259
0.8259625196430732 0.08550867903661015 0.5572021015343362 220.35143514418505 -0.050709097628757256 0.9956916836147518 -0.0776315567156837 -35.53095715489021 -0.5614396704567165 0.035865540423046696 0.8267400797394675 267.7458997057128
0.8236073184911333 0.08619991781765425 0.5605716360074557 220.9181183476254 -0.05183123177129287 0.9956863246982816 -0.07695626174588235 -35.63157825381473 -0.564787135424417 0.034326621987312504 0.8245223918621168 268.58964009317964
0.8210303743694146 0.08903521170759732 0.5638987989338187 221.4871487562821 -0.05236030939313763 0.9953442529926457 -0.08092104815663906 -35.73228284509328 -0.5684782514424603 0.03691272288381716 0.8218697758928906 269.4274132709639
0.8188121269048283 0.08738617377635136 0.567371445762229 222.0795562820672 -0.05220937986945928 0.9955859258685805 -0.07799259494368675 -35.831650622768294 -0.5716825005956028 0.03423917120978219 0.819760207418993 270.2908600035571
0.8173938591461778 0.08623388438294008 0.5695884445934182 222.65419587509732 -0.05322105615799326 0.9958082776616666 -0.07438678190334022 -35.930648871264374 -0.5736155491368323 0.030489200132785783 0.8185570294510442 271.13043509760763
0.8162254084689521 0.08897837412076726 0.5708405482343718 223.19940851012203 -0.054069148379650094 0.9954971099209949 -0.07785904785218006 -36.02202623547603 -0.5751978874815129 0.03268567083254412 0.8173610200878408 271.91816732331046
0.8152588752577494 0.09107388100618827 0.5718902993686299 223.7544469675452 -0.053404313844192926 0.9951714815059893 -0.08235108778885407 -36.113266859547274 -0.5766289496515967 0.03659604617506142 0.816186120825424 272.71070444410213
0.8133920531062253 0.09055369408747842 0.5746245699852661 224.28782614934366 -0.05551012198454718 0.9953844234850621 -0.07828458239381077 -36.21147208161241 -0.5790613044409922 0.03177857722466493 0.8146644264534183 273.48169752137954
0.8114037094262696 0.09352916990671678 0.5769543436926803 224.81941568090792 -0.05913226147642965 0.9951850687151585 -0.07816683861517279 -36.31228858281892 -0.5814872277032198 0.029308247695278164 0.813027447651714 274.25026623363874
0.8096651807669765 0.09634232947376806 0.5789304367582935 225.36824524083235 -0.06112526355916995 0.9949124460029509 -0.08008075263913011 -36.41430308437447 -0.5837002631560181 0.029451321532240567 0.8114349157212822 275.03073361494495
0.8075480111339862 0.09809498368414452 0.581587124934478 225.966618103204 -0.062333729758014496 0.9947443375922979 -0.08122936022472309 -36.52086754386266 -0.5864986921110751 0.029344113618754705 0.8094184376130387 275.87346026889554
0.8056939045442207 0.09967569846455489 0.583885337472943 226.59186068727755 -0.06323101505500539 0.9945802671295279 -0.08253442294990121 -36.63188485207953 -0.5889475111717558 0.029577818921661298 0.8076298543964534 276.7462590102226
0.8048938548095959 0.09976637760783962 0.5849722663415425 227.17628941534343 -0.06333747644897987 0.994578429013884 -0.08247492114183591 -36.73625444945161 -0.5900290218004772 0.029332890060255717 0.8068490162315931 277.55607911721705
0.8044459446044497 0.1014773531151096 0.5852940022024891 227.73428222781573 -0.06458600388130743 0.9944009337356704 -0.08363869372648805 -36.8365647395773 -0.5905043355574133 0.029481007282330832 0.8064958151766949 278.3296580199803
0.8038329693171964 0.10227012921401195 0.5859977628875813 228.284404412306 -0.0663178406162949 0.9943761604643362 -0.08257115426224329 -36.93358834736724 -0.5911467681165946 0.02751130986988312 0.8060946758133024 279.0933253348826
0.8029278311086864 0.1023148001964094 0.5872295800552552 228.80929839315942 -0.06741987099329425 0.9944249602814759 -0.08107748987503068 -37.02602079793287 -0.5922511789995463 0.025508430566323 0.8053495271890929 279.8202772642229
0.8018722468412373 0.10311153827425175 0.588531146516907 229.3270663452492 -0.0679366170123832 0.9943431966881912 -0.08164694280146076 -37.115902373822806 -0.5936206834458372 0.025487602371147222 0.804341262344953 280.53165051079776
0.8003677827278707 0.10370480412518043 0.59047161318105 229.8561819711293 -0.06894991444651845 0.9943123448270825 -0.08117185609735492 -37.20618782966322 -0.5955311256929349 0.0242543712726144 0.8029660041403254 281.25721865998656
0.798531408918269 0.10362168243195634 0.5929672300397185 230.3924315683953 -0.06941392640827952 0.9943519478368243 -0.08028642882643511 -37.29625300406389 -0.5979375350248505 0.022951051459290973 0.8012140497053978 281.98766791509365
0.7961835113372356 0.10440375567521465 0.5959795903180086 230.93686235756394 -0.07093106573727605 0.9943140222516876 -0.07942549381053556 -37.38443551110461 -0.600883183479192 0.020963801052844344 0.7990618992652154 282.7229248683982
0.7936735608838106 0.10358989309680984 0.5994592670083642 231.4911662094608 -0.07086997463248024 0.9944302396242266 -0.07801246833998866 -37.47182505438397 -0.6042017257916499 0.019432770494646163 0.7965944024290524 283.46349910192174
0.791627488054756 0.10373903741446945 0.6021329855376121 232.06118458416685 -0.07117802424477317 0.9944289521523648 -0.0777479773740968 -37.56458617921114 -0.6068439741982548 0.018688799786820236 0.7946012331615154 284.2205751963068
0.7909288766145555 0.10431322081938907 0.6029512949646302 232.61889180107391 -0.07124973129577168 0.9943595347564883 -0.07856584136342865 -37.66086339020037 -0.6077458251008575 0.019179874899186305 0.7938999587298984 284.96265609012374
0.79078914464664 0.10848377559985609 0.6023983724584898 233.11282702353412 -0.0718522888266681 0.9938167026580828 -0.08464992680556768 -37.74737478015927 -0.6078567078674127 0.023656541366373136 0.7936942678079367 285.6222683528575
0.7912256011477695 0.10653483056447255 0.6021730465281152 233.57312822542565 -0.07009460751745453 0.9940177702889607 -0.08375809421626035 -37.829047340429376 -0.6074938634137212 0.024062465093273793 0.7939598249838029 286.2307188798156
0.791859837737731 0.1049184095802044 0.6016229090627584 234.00318290826394 -0.06938650127523821 0.9942094360599683 -0.08205553418328228 -37.90956084822701 -0.6067483092838079 0.023231973236960964 0.7945544440759 286.8049031827047
0.79247582486885 0.10395071941569492 0.600979462986379 234.4032736577401 -0.06908243404617347 0.994325912228109 -0.08089250631546414 -37.98740387904723 -0.6059782869911228 0.022588231553194657 0.7951604161995293 287.34780415669593
0.7933464658407694 0.1047524093599929 0.5996901849048714 234.78481801519212 -0.07019499879242448 0.9942546109593758 -0.08081108049366784 -38.06224004931757 -0.6047098868734463 0.022015933305198878 0.7961414769990381 287.8724489427399
0.7938827047850672 0.1102672138989256 0.5979894585877881 235.13068778730567 -0.07613918538955808 0.9937069044332741 -0.08215480831854323 -38.13328199470849 -0.6032852355986877 0.0196908511906066 0.7972823808965243 288.3642095969926
0.7946331582769248 0.11365904898264716 0.59635540104136 235.46454809581712 -0.07888751932778847 0.9933212308260554 -0.08420030691464654 -38.20171518637545 -0.6019426077801364 0.019863357585590474 0.7982922672582272 288.836199738244
0.7952781967052126 0.11981829633250092 0.5942862657922388 235.81845445992712 -0.084491061680566 0.9926135113814465 -0.08706134342570371 -38.276093281584735 -0.6003281188994894 0.01902611066336139 0.7995274584225555 289.3434842856947
0.7979547056114695 0.1218307718880837 0.590275826045475 236.15942745689736 -0.08587565976948747 0.9923471428583798 -0.08872721746999686 -38.34655277031706 -0.5965682348664498 0.020109974688361607 0.8023103701600564 289.8286789843035
0.803674638752785 0.12099982486840002 0.58263720908246 236.49818419215876 -0.08637315982099192 0.9924595849484137 -0.08696924460153974 -38.414127990884694 -0.5887671460672047 0.01957075946000885 0.8080657356218256 290.31275259729784
0.8126056655693747 0.12210389581395306 0.5698795231552102 236.844767251655 -0.08944766452025392 0.9923511641880464 -0.08507809498633326 -38.48509022805381 -0.5759089750962635 0.01816054959759411 0.8173120865629538 290.832053297321
0.8262028548443267 0.12422929340036971 0.5495051640415497 237.18136747997738 -0.09262325301723068 0.9920649382360426 -0.08501818230958115 -38.555626193851296 -0.5557065553397708 0.01934530909455585 0.8311534054363533 291.3653015400866
0.8438724738959185 0.12626263791249684 0.5214757847380462 237.50693035868352 -0.09756448267074781 0.9918235402505718 -0.08226321611761625 -38.6267288043757 -0.5275987296440114 0.01854214853251747 0.8492913335280351 291.93005480126385
0.8630472398538843 0.12698023664774594 0.488902322843199 237.8113542223108 -0.10312894728856405 0.9917951651629531 -0.07554317037658165 -38.694220012510215 -0.4944834496843626 0.014777342801567483 0.869061417926249 292.5265083247588
0.8819498338071285 0.1289015270568814 0.45337499596910247 238.0883599225795 -0.10910500365984645 0.9915849141945791 -0.06968110302023227 -38.75506542303953 -0.45854180706230724 0.011989756633699215 0.888591951860866 293.11482271666756
0.9006948127511644 0.13026449093279469 0.4144635287756525 238.3180773064348 -0.11423209690899219 0.9914316113553285 -0.06335919855201373 -38.80628707946032 -0.41916569792735 0.009722263491526387 0.9078576954973088 293.66652735091486
0.9179868990974928 0.1312721627110547 0.37425615877702434 238.51268174477696 -0.11950926448968173 0.9913317941257026 -0.05457847246536789 -38.852328175316764 -0.3781766634610172 0.00537524442978498 0.9257178392797765 294.20910906921125
0.9340893455281484 0.13249253887425835 0.33154610797512 238.6681013704553 -0.12501146767247867 0.9911839018854787 -0.043893115558739204 -38.8917543843448 -0.33443867527720345 -0.00044697397361401973 0.9424174089505678 294.7537963624472
0.9487764083856238 0.13177702025609234 0.2871552608316671 238.81543514881383 -0.1270558639436981 0.9912742789086393 -0.03510144458109597 -38.92669756467107 -0.2892751878893154 -0.0031813372321464546 0.9572406932245527 295.30760194090385
0.9602434664407163 0.13194458034635312 0.24601445663851396 238.9411351706426 -0.12873394569031607 0.9912503075485402 -0.0291616016694797 -38.95924072441852 -0.24770962109882208 -0.003668174225870778 0.9688273778712762 295.87998424915116
0.968945840939591 0.13421349361770438 0.20767930916872956 239.03139529270783 -0.1323761922834823 0.9909376449483015 -0.02278437053865567 -38.98804806405593 -0.2088552155020254 -0.00541497509196383 0.9779315809413058 296.45965643497453
0.9765944036192673 0.13403530550149817 0.16821981957738877 239.11502942493186 -0.13274192665178208 0.9909692279643069 -0.01896233468222685 -39.01819590373667 -0.16924228705705494 -0.0038113130214997553 0.9855671068804779 297.04168087962
0.9816345751484584 0.13578820853209553 0.1339967286792902 239.17698710715717 -0.134843040021107 0.9907354041102109 -0.01614662814478021 -39.05004402819431 -0.13494782484713747 -0.002218437789017764 0.9908502223357516 297.66931885326426
0.9836278078673901 0.1411046658869393 0.11209731867859055 239.22365807550278 -0.14088258417949434 0.9899764093616932 -0.009940139950710967 -39.0755674411858 -0.11237630117111998 -0.006015161865419529 0.9936475153508091 298.29410328846666
0.984371585936571 0.14261337491138212 0.10331508165368089 239.27299569942682 -0.14292875152894977 0.9897232774685654 -0.004382467713454378 -39.09625168318213 -0.10287833973727033 -0.010452718941463499 0.9946390239074875 298.92292316241435
0.9845596303011335 0.14365835333326185 0.10002305683627347 239.325579652792 -0.14395305390052665 0.9895751637543554 -0.004302737878993597 -39.11754428760854 -0.09959845708648832 -0.010162322476623187 0.9949758160618166 299.5556836420564
0.9849262443837243 0.14251346664554151 0.09803165279053283 239.38462885886005 -0.1427140274481272 0.9897513384570323 -0.004999439173631378 -39.13899220784862 -0.0977394469685036 -0.009066413137824048 0.9951707394508297 300.20848196163524
0.9852496003542128 0.14042163609295838 0.09780076236329581 239.44957269278947 -0.14087877944761873 0.9900242957369378 -0.0022501893102498624 -39.162590049088635 -0.09714110614572265 -0.011561053912143016 0.9952034704165936 300.9052091581766
0.9854843883218382 0.13847666216359455 0.09820760871726462 239.51708080199904 -0.13901251226794017 0.9902896372489682 -0.0013984957150971157 -39.187229730484525 -0.09744763623038627 -0.01227389071725092 0.9951649661235955 301.617810772173
0.9856507171140106 0.13700446650550638 0.09860243409865374 239.58509232500745 -0.13756977178831292 0.9904914951142572 -0.0010751727477922516 -39.20968609681425 -0.09781217584099404 -0.012504969566841377 0.995126325645839 302.33834313571003
0.9859390599751082 0.13510798196330193 0.09833617455039217 239.65207617277522 -0.1356508391072029 0.9907560084548849 -0.0011753978298814415 -39.22984512904357 -0.09758596141306965 -0.012180513960863273 0.9951525587641031 303.05056494123727
0.9860778365430142 0.1336299002798524 0.09896236673527291 239.71807285838577 -0.13421861677156566 0.9909514881525965 -0.000714870676958417 -39.24849240191897 -0.0981624326846976 -0.01257767384510583 0.9950909199314775 303.7627968985583
0.9861560312915042 0.13214288207190533 0.10017255445041572 239.78905864655738 -0.13306895475390432 0.9911033966216675 0.0025904605188600714 -39.26747975076687 -0.09893904804522123 -0.01588445538024206 0.994966707407431 304.5331358718594
0.9863319482864443 0.13012066186295707 0.10108363441138232 239.86828129735702 -0.1312932947592623 0.9913309234324739 0.005007094744336424 -39.28648207952268 -0.09955580616280359 -0.01821026092254759 0.9948653315179964 305.35827874834575
0.9866781694781213 0.12811543535222805 0.10026278023181799 239.95235714256927 -0.1291400106777068 0.9916192068221286 0.003769125046632137 -39.306477617421 -0.09893961551101141 -0.01666684991125898 0.9949538524959711 306.2100211662269
0.9870357030680433 0.1256711236448956 0.09983631378813808 240.0420761594349 -0.12687355065819886 0.991902162799122 0.005762081031029059 -39.32624856496005 -0.09830372837464454 -0.018353967316524274 0.9949871903051787 307.137372949924
0.9872807250387535 0.12354122975261224 0.10007164692442129 240.13640746052235 -0.12479733938556044 0.9921618268040986 0.006366593676509605 -39.34495750913663 -0.0985007312116983 -0.01877429050507082 0.994959864500472 308.10603677335865
0.987338017204902 0.12255763772593005 0.10071377868461065 240.2267230788594 -0.12414693191557952 0.9922169851203424 0.009643325912219421 -39.362551350237766 -0.09874805860289985 -0.02202452891075078 0.994868705432241 309.0495293570751
0.987250362800302 0.12269500660208248 0.1014034343875362 240.3182333894014 -0.12405723216935824 0.9922488371782837 0.007214448338171683 -39.38115660845631 -0.09973226307043577 -0.01970229614184919 0.9948192274124951 309.99939906038276
0.987264626932419 0.12215682317931352 0.1019130362550829 240.41739687461993 -0.12330030973897597 0.9923569408569142 0.004973484832800501 -39.400565351739914 -0.10052656378422938 -0.017476054584700335 0.9947808791336378 311.0258905397587
0.9873067055480774 0.12087588639888394 0.10302664348160864 240.5134291119857 -0.12225900152936012 0.9924721567767191 0.007194064776886394 -39.42116160482383 -0.10138148610494206 -0.019698682957350295 0.9946525806355224 312.0262070699449
0.9873994046935888 0.11903898199836627 0.10426953714071827 240.60471171504565 -0.12079996373134874 0.9926190180723656 0.01071698295045143 -39.43724460710266 -0.10222418683096517 -0.023177698890270663 0.9944913322402087 312.94986309785696
0.9874557999245026 0.11794491000777255 0.1049763849573769 240.6963516196552 -0.12004320687816979 0.9926716721812737 0.013877309942533913 -39.449396112837384 -0.10257032552286326 -0.02630493208686616 0.9943778853484445 313.8695935679218
0.9871930751545286 0.12153992078045743 0.10333382807012383 240.7844273227773 -0.12241227989243082 0.9924770744654143 0.0021190545325623002 -39.46196746947009 -0.10229890565633247 -0.014741245444496924 0.9946444739625647 314.76558856454557
0.986963744335164 0.12370890908034372 0.1029498576107069 240.87796479504482 -0.12444061905668788 0.9922268166100361 0.0006904554327152383 -39.47291296744757 -0.10206419399917935 -0.013492598492043706 0.9946863073799879 315.7003721908176
0.9868224553127095 0.12311010105730316 0.10500164145505894 240.96911383988189 -0.12473236714923372 0.9921495997394055 0.009000462337500984 -39.487293327992205 -0.10306928871368604 -0.021978961636087188 0.9944313183772219 316.6236699884416
0.986976447390664 0.12083401219274251 0.10619149586246927 241.05621313136288 -0.12241800839896697 0.9924422073156446 0.008502726508827987 -39.497480893755494 -0.10436150399326082 -0.021391742235208382 0.9943093431364367 317.4513183657728
0.9869934989772104 0.11990675020112532 0.10708036343293376 241.14690987009348 -0.12137646736370415 0.9925797640621656 0.007291443245712205 -39.50500240573163 -0.105411508608084 -0.020193643319190584 0.9942236320981664 318.3095353220651
0.9870932389055957 0.11861573128347284 0.10759761149276657 241.24571671664586 -0.12017197766661605 0.9927202585282238 0.008073666537159185 -39.51127674191592 -0.10585666483767552 -0.02089967941729844 0.9941617423285325 319.2372599639155
0.9871662023055583 0.11796612090081504 0.10764238637840018 241.35229945194664 -0.11975765066594918 0.9927496116751298 0.010310849909379633 -39.51721282505777 -0.10564560630994198 -0.023069521852338754 0.9941362094949135 320.2448958456027
0.9870497429326915 0.1186698454057613 0.10793642929002793 241.45940687460904 -0.12085781942370562 0.9925719853434638 0.013937051176055391 -39.52400627069954 -0.10548076820281369 -0.02680152426093929 0.9940601017225467 321.2735239388752
0.9870094899096395 0.11828210480148012 0.10872722985547666 241.5636422345058 -0.1207049964777865 0.9925601767482863 0.015956169926102826 -39.530694683570744 -0.10603098911927487 -0.028872811036419366 0.9939435548003964 322.2480272507808
0.9871053068100608 0.11748816220124213 0.10871819079616364 241.66320767572208 -0.1196695639269621 0.9927186980024815 0.013739800063719675 -39.53485132947164 -0.10631231695785494 -0.02657288804091236 0.9939776521050274 323.1639420198861
0.9872816920013034 0.11592479925966762 0.10879476805274235 241.7560657933259 -0.11796735816441341 0.9929386964383864 0.012507898422561187 -39.539597622091925 -0.10657655955581181 -0.025183050487299068 0.9939855385876627 324.0289244681616
0.9874027582398676 0.11520569819040163 0.10845939389819906 241.84518060404505 -0.11737891676866968 0.9929906276231694 0.013849308674449593 -39.546461920374604 -0.10610364234330782 -0.026405691754024206 0.9940044046806232 324.8862658131526
0.9876399395723972 0.11418603602237062 0.10737271040134186 241.92894960925508 -0.11652348496367256 0.9930633179135155 0.01573289758826777 -39.55369809030097 -0.10483142283377432 -0.02804988042933531 0.9940943501471838 325.71245657133795
0.9878199720322344 0.11396454046099157 0.1059423728814466 242.00360642120603 -0.1164500029646525 0.9930413449593398 0.017558018421221903 -39.5605533454679 -0.10320416495359638 -0.029681150901919945 0.9942172446791363 326.46903360710394
0.98802378003703 0.11311878023145543 0.10494356407272931 242.07643711276847 -0.11559047109540806 0.9931382123777269 0.017757649256489254 -39.565909120997176 -0.10221474000006671 -0.029675455752566474 0.9943196237893536 327.2050720658276
0.9881187946979709 0.11279003963905168 0.10440141054052263 242.14921175061562 -0.1153577884783811 0.993144697432832 0.018873012436488777 -39.56938885397649 -0.10155701946200925 -0.030692294135041633 0.9943561509231622 327.9514585946683
0.9881448016097327 0.11208149873742172 0.10491705625128728 242.22030940675586 -0.11481392682430197 0.9931783976158439 0.020357620597968897 -39.571624195054504 -0.10191964118287762 -0.03216221618608295 0.9942725876695779 328.6660282910297
0.9881909541249178 0.11133986408879643 0.1052714246620308 242.28841008648533 -0.11396545071473457 0.9932983000580534 0.019244821255889447 -39.575117176213695 -0.10242321137844164 -0.031014863637811748 0.9942572926584247 329.357118701993
0.9884131069018798 0.10995876455340947 0.10463555897715515 242.3575305034742 -0.11249246508869758 0.993478269474457 0.01861110905639121 -39.580543410908774 -0.10190669949930796 -0.030166176090591624 0.9943364754534727 330.05701113858845
0.9885314481538457 0.10927398511606064 0.10423421793113961 242.4228534098979 -0.11192113696245537 0.9935182758478832 0.01987698813410594 -39.587693229778964 -0.10138656277778085 -0.031315040046390345 0.9943541286458287 330.7363882919181
0.9886120815710376 0.10870423921462266 0.10406507842956268 242.48213732840387 -0.11151617153086663 0.9935283302307905 0.02157777828967177 -39.59494580131174 -0.10104600763454001 -0.03293699144715525 0.9943363912356501 331.3643700820405
0.9886251148873624 0.1088295578376225 0.10380996847518094 242.5379964948551 -0.11163828295236498 0.9935136166271661 0.02162376830848027 -39.6000755951313 -0.10078331207793492 -0.032966967062177645 0.994362058351649 331.9648444074998
0.9885322118928261 0.10928479489743348 0.10421564016261371 242.5918322853947 -0.11229570001925507 0.9933979191270383 0.02345740887775915 -39.60274944993145 -0.10096406196000242 -0.034891372548221465 0.9942780548288509 332.528454915065
0.9885244148612542 0.10925103969680172 0.1043249325347665 242.64012128186755 -0.11223718590692662 0.9934110993354547 0.023177614562764147 -39.60554298597349 -0.10110536742878672 -0.034620774721168576 0.9942731549402315 333.02126986934127
0.9886169355777271 0.10951077125564071 0.10316949969782412 242.68378343949587 -0.11226773127033653 0.9934499287658876 0.02128839003933328 -39.60715171588201 -0.10016242411361824 -0.032628668591439765 0.9944359500649799 333.48776018270587
0.9890074498094564 0.10918521943277293 0.09971385098778054 242.72827043191202 -0.11195962290103248 0.9934546299774977 0.022648201167739128 -39.60783494598197 -0.09658833812244058 -0.0335631648342792 0.9947583660895029 333.99445608259566
0.9901629568674223 0.10684676053661292 0.09033874368395554 242.77632410380525 -0.10946651118475006 0.9936873767335346 0.024545473095212173 -39.60879391865248 -0.08714586494265184 -0.03419308531356135 0.9956085732556453 334.59784459842564
0.9918596388917156 0.10460005350380121 0.07261739147475692 242.8145586218564 -0.10676579769626623 0.9939282783501667 0.026601540146310148 -39.60810018624197 -0.06939395636419854 -0.034138047730907436 0.9970050514000673 335.23033067588824
0.993607596030295 0.103344782248687 0.04542907761412468 242.82773254121017 -0.1047373928487708 0.9940646917409363 0.02941882345101717 -39.60420871714878 -0.04211916013100284 -0.03398888959603303 0.9985342917165602 335.81854517712384
0.9947147465650225 0.10239442708227658 0.00761277009871082 242.81709163873364 -0.1025968446989217 0.9941318752322075 0.03428851272835104 -39.596909858251045 -0.004057144797621053 -0.0348883354402196 0.9993829814572122 336.432452700811
0.9939150159022586 0.10362980903128048 -0.037333682434950416 242.7734102756157 -0.10208443654421807 0.9939236223199341 0.04116552938895184 -39.5860174548358 0.04137280482953587 -0.03710384986175261 0.9984546035478921 337.0781068697175
0.9902396888307969 0.10602327059676933 -0.09046781060825297 242.6949007129535 -0.101893260445492 0.9935817574482062 0.04912285356046916 -39.56872381011134 0.09509533185216583 -0.039425339035959954 0.9946871470476688 337.73366825936296
0.9829877933263625 0.1094818701407085 -0.14747446654204804 242.57760271158554 -0.10203582960557739 0.9931368264077199 0.05716584215688912 -39.544096397413696 0.1527209469852452 -0.04114564549618608 0.9874124509082498 338.36857518921704
0.9724114408244724 0.11315629504181467 -0.20398931993142125 242.42531791544786 -0.10199453092534096 0.9926943834603866 0.06445910880182053 -39.51361923461627 0.20979300611553642 -0.04187497986405546 0.9768486989531163 338.95887621028356
0.9582014718302342 0.11710149671386612 -0.2610309921249694 242.22699863887777 -0.1010218631151869 0.9921105540256958 0.07423767078489274 -39.475588268158894 0.2676649445764421 -0.04476480825606286 0.9624716044573434 339.58523794343847
0.9409344076164082 0.12037662701227371 -0.3164678628750594 241.97573627899465 -0.09888518753659004 0.9916164788153375 0.08317739252782076 -39.428348108565714 0.323827361798556 -0.04697048659553873 0.9449495294139101 340.2701950109556
0.9201854470729013 0.12401242657666296 -0.3713215063120006 241.67441998241975 -0.09659736389505708 0.9910976236799358 0.09162122911483223 -39.37145998098344 0.3793780334755445 -0.04843984300711991 0.9239728834363479 340.9598907683003
0.8968444861187742 0.12627266760682213 -0.4239400678560701 241.3402235958592 -0.09228706869709928 0.9907128487618092 0.09985563704448441 -39.31203388744168 0.4326119099951472 -0.050430791325537745 0.9001686900890495 341.62091270473553
0.8743388728685304 0.12962388960541 -0.4676849181174787 240.95922563724596 -0.08964840519342501 0.990224980671055 0.10685340940412928 -39.24646194900329 0.47696404354758654 -0.051498882498316856 0.8774127684642874 342.2920818035946
0.85212324686697 0.13304597734218362 -0.5061469550061093 240.54195955990878 -0.08805108268063676 0.9898059883314865 0.1119424508481901 -39.177273180397805 0.5158807798199708 -0.05082197729521086 0.8551515348966805 342.9572878401968
0.8282809898237721 0.13624093542758856 -0.5434970187686115 240.1545413896565 -0.08694003478410632 0.9894901791216726 0.11554486476473559 -39.11401243339104 0.55352690291285 -0.04845196523958829 0.8314206966488956 343.51104059085804
0.806215552756453 0.13784391826394052 -0.5753394968983543 239.75283208643455 -0.08364862527938932 0.9892678315891414 0.11980010380541682 -39.045863400864405 0.5856785722411879 -0.04845834892528212 0.8090935659347218 344.05625120021216
0.7875854892452965 0.14344930253177793 -0.5992757251327587 239.27624854488957 -0.08328198089958579 0.9883824566205741 0.12713862946454277 -38.964289475106455 0.6105515611213268 -0.0502236701947169 0.7903824227324947 344.65937822938037
0.7740475801182488 0.14697632889077655 -0.6158313912580892 238.77272579820578 -0.08262850486673334 0.9878134945675047 0.1318978018536501 -38.875817306337844 0.627712413368234 -0.05120994723807831 0.7767590793851754 345.2765301574349
0.7641853568986035 0.1506829158376321 -0.6271486260659616 238.2353607061381 -0.08301100985892172 0.9872186211597036 0.13604619170611654 -38.77820509968553 0.6396326387419244 -0.05190426678226409 0.7669263553600456 345.9179978901759
0.7586981858868961 0.1522233423852261 -0.6334075439754435 237.6607975976334 -0.08193358983683795 0.9868923120151103 0.1390339934761306 -38.67145888009011 0.6462692547138407 -0.05358748471930829 0.761225611690174 346.6000934733938
0.7531316426229893 0.15302254726785022 -0.6398256238285998 237.07987660452713 -0.07915726311313429 0.9865841242503234 0.14277917731119705 -38.56569511030834 0.6530902361668235 -0.05688467108881548 0.7551405681187342 347.2767144403048
0.7466814227352104 0.1535116336094779 -0.6472256417113522 236.49314585614422 -0.07667490850019335 0.9863830454189962 0.14549723748729826 -38.460931239520896 0.6607479181568491 -0.05901411743386217 0.7482843861760693 347.94312333045633
0.7399887002653561 0.15439875736257586 -0.6546584966258986 235.91106654727818 -0.07582549163573704 0.9862418808705233 0.14689263846487677 -38.355815621967835 0.6683316678848825 -0.059059090256002124 0.7415152092576045 348.58809479962747
0.7327954049808082 0.15514207698536792 -0.6625268525785802 235.36239970533026 -0.07442292913864129 0.9860937577845809 0.14859451025092021 -38.256044915489724 0.6763668546413546 -0.0595821853153456 0.7341511023867042 349.18343675027796
0.7264080725945826 0.15585426255717533 -0.6693584696649343 234.81715751752708 -0.07266290045498305 0.9859049643381815 0.1507033648954124 -38.15603918399075 0.6834115999651263 -0.06083461297723207 0.7274941476720076 349.7643855648134
0.718842524283246 0.15672094704178946 -0.6772768784185799 234.26186234786698 -0.07145305799993365 0.9857536197332732 0.15226378980312197 -38.05282902353313 0.6914910598008844 -0.06106018294335335 0.7197998112491961 350.3405960211696
0.7105551649874067 0.1572811106215091 -0.6858381804415561 233.6723077898787 -0.07155877109577385 0.9857971336660596 0.15193206881710505 -37.94320884627252 0.6999933569606097 -0.05887837886225711 0.7117180879488546 350.9368354371814
0.7022883677004366 0.15685771950954433 -0.6943966477618696 233.06500139372233 -0.06931466433817432 0.9858553749775772 0.1525931090695395 -37.82793960822797 0.70851007466397 -0.05903249493361445 0.7032273022583615 351.54067328685886
0.6935558946714483 0.16027845745819083 -0.7023468068136356 232.45937428725117 -0.06928130514576376 0.9852568918073022 0.15642556665556623 -37.71251439882301 0.7170636803825643 -0.059830370390281565 0.6944350257980786 352.1226095288325
0.6842040979278161 0.16124118050601674 -0.7112425986172438 231.8688786547327 -0.0665815434106854 0.9849904628130389 0.15925038852199958 -37.60095786828185 0.726244897025677 -0.061604138467986604 0.6846701977359505 352.6782216549863
0.6739432243359083 0.1612459844424785 -0.720971749011635 231.29163407040954 -0.06645762901576811 0.9851663593043201 0.15821070773078327 -37.49329387894239 0.7357879544524525 -0.058710961465885704 0.6746622185111834 353.2001488855122
0.6646002076073619 0.16165111885121178 -0.7295035845164868 230.70380882593403 -0.06399916792081765 0.9850447946794197 0.15997143176337517 -37.379454983700704 0.7444532695567241 -0.05962942435687738 0.6650065121464418 353.7266683511952
0.6552755237777931 0.16913099482117405 -0.7362123977009211 230.11475335734823 -0.06496983725929345 0.9836196193141956 0.16814090741606952 -37.26811310792287 0.7525907973023866 -0.06234702150863566 0.6555302744532586 354.2310265486695
0.6455809800320031 0.16902225566337378 -0.7447527611975558 229.54101139190348 -0.06171423619173855 0.9835575720818249 0.16972287839822156 -37.15846783627435 0.7611941613492518 -0.06360801436118134 0.6453971407101536 354.7159655138669
0.6362105618473761 0.16792383757840607 -0.75301906069288 228.9374592417464 -0.05928981211077248 0.9837810796421059 0.16929118558886383 -37.041512466179135 0.769233930071807 -0.06305848167498862 0.6358480861928677 355.2141431081816
0.6271100956951488 0.1686570598062073 -0.7604523154378235 228.3035316111464 -0.05837498650140951 0.9837079093238935 0.17003267357945126 -36.92255731930543 0.776740168156755 -0.0622378125510635 0.6267385147417379 355.723273985677
0.6175457363839213 0.1697788984678731 -0.7679924407890201 227.69381512584667 -0.05738864487087543 0.9835486485463134 0.17128514057736177 -36.8104417793919 0.7844385297229653 -0.06170236282151282 0.6171296553466864 356.1955358011777
0.6083506336731181 0.17032999641919344 -0.7751755922559441 227.12333605204356 -0.056486995708741196 0.983514873287392 0.17177809330146737 -36.70469753274537 0.7916556864100195 -0.06071397155782563 0.6079433261681237 356.6238058355121
0.6000929324987182 0.17195207464027043 -0.7812304118453123 226.54310127842282 -0.05615462290812232 0.9832691532666475 0.17328713327982026 -36.59703176205417 0.7979568476372254 -0.06011868479265334 0.5997087735290093 357.0498255603875
0.5920777178595927 0.17267662488537194 -0.7871637435961933 225.94761703532689 -0.055699220724134364 0.9832068877358976 0.1737866874056116 -36.48702441024862 0.8039537131109623 -0.059050818172893024 0.5917528437178935 357.4797385425093
0.5848077739287844 0.1735696773789016 -0.7923846506886945 225.343921928989 -0.0547011900559147 0.9830541259761915 0.1749638968691965 -36.37524894871829 0.8093254273522669 -0.05897586367126873 0.5843921629738918 357.9084183691083
0.5785308967095026 0.1742187050068798 -0.7968374014679689 224.72676914304878 -0.05421445325429499 0.9829758707256292 0.17555406753912256 -36.26187858317284 0.8138567408400815 -0.05836334806125045 0.5781270837733232 358.34108437235847
0.5722761381457226 0.175611429986627 -0.8010372321977738 224.10809321708896 -0.05448205399566847 0.9827857107784141 0.1765331483948047 -36.14816979196099 0.8182491842351168 -0.057383554680945054 0.5719924825998594 358.76862402418107
0.566707731129223 0.17735563403720683 -0.8046038320525382 223.4465483553287 -0.05414624390548989 0.9824628449042992 0.17842349243717798 -36.02301265470983 0.8221377814875673 -0.05754769724161703 0.5663724311730699 359.22201932801494
0.56142414799613 0.18005433223014786 -0.8077025216575564 222.76726014438148 -0.05476802030379097 0.9819868951281908 0.18083750094629372 -35.892496173911304 0.825713866904769 -0.05729027178895847 0.5611723752640773 359.6809827743442
0.5565418337641413 0.17992760763549015 -0.811102486299368 222.12862945144678 -0.055008697359604085 0.9821058612717579 0.18011696330568044 -35.76979696502859 0.8289965201888666 -0.05562493385370798 0.5564805802977553 360.1055206168172
0.5528475694586558 0.1780340961843429 -0.8140414151254722 221.48363440209437 -0.05396330094650948 0.982508062710512 0.17822982034383258 -35.64526143883347 0.8315332387190647 -0.05460556111480278 0.552784501954176 360.53575774783036
0.5496838328418359 0.17866580086474843 -0.8160430230776239 220.8190812563149 -0.05415007395400371 0.9824271256627053 0.1786189022833047 -35.51690179319307 0.8336158908052849 -0.05399513277578654 0.5496990742519426 360.9767447000777
0.5468388588228501 0.1812737013485759 -0.8173781913415056 220.13835452259906 -0.05310016169528841 0.9818231832289008 0.18221857672093805 -35.38568850023051 0.8355522935814738 -0.05624128442396575 0.5465247319354244 361.4258314650892
0.5437152738800748 0.17992680557720842 -0.8197560890803419 219.459766584147 -0.05374729520916918 0.9822091175472057 0.17993464831665895 -35.25277658709762 0.8375469713438274 -0.053773544070692375 0.543712678490088 361.8705161990426
0.5391213863693584 0.18310123285713384 -0.8220839794603587 218.80478479689333 -0.05451574281392618 0.9816219551456953 0.18288349012797855 -35.12220171245201 0.8404618757234805 -0.0537798819461531 0.539195289068101 362.29345318075366
0.5338200974574766 0.18500662696994385 -0.8251112964489669 218.16931907720908 -0.05366229227604683 0.9812174055131874 0.18529101841603451 -34.9954467012671 0.8438936318862553 -0.054634705958530594 0.5337214507274901 362.69919812277755
0.5284259730785249 0.1893827701206534 -0.8275869485180651 217.49747665688713 -0.05450256877972987 0.9803587610867183 0.18954199945375605 -34.861570726307605 0.8472281044514689 -0.05505330091778801 0.5283688797475043 363.1195827109699
0.5238160590569411 0.1894492663418276 -0.8304972677598641 216.80914396432127 -0.05610716305469318 0.980511121443712 0.18828150992370585 -34.72548261862968 0.8499816012879416 -0.05202803290284642 0.5242369323733813 363.5447225820886
0.5187945720002151 0.18889913850036297 -0.8337681377558962 216.12665315891974 -0.056430035181878314 0.9807223975175362 0.1870808117815132 -34.59190658517369 0.8530344912091712 -0.050006944330548926 0.5194530415025385 363.96418530640625
0.513487240870583 0.19017977411077075 -0.8367571373954887 215.4342653463265 -0.056007944686502255 0.9804795698552824 0.18847525892911415 -34.46059041022184 0.8562674603154751 -0.049914593212597426 0.514115327323854 364.3837030031662
0.5093585866026535 0.19181389083446773 -0.838904798852105 214.7656914612087 -0.0567377893477035 0.980206649287146 0.1896727390881577 -34.333312834333526 0.8586819280234602 -0.04901383453894998 0.5101597695915545 364.78117878922836
0.5061599756261013 0.19276242323106454 -0.8406216314515547 214.12844928355548 -0.05742174382410347 0.9800715350475259 0.19016448018961848 -34.20900006385921 0.8605258987447083 -0.0479836886835168 0.5071417387771804 365.1544848522601
0.5033721437936569 0.19423625798472186 -0.8419553200358505 213.48937248679368 -0.05833317492584966 0.9798227095027282 0.19116667765540385 -34.082730185156215 0.8620984430769218 -0.04711405338991097 0.5045458754340644 365.5270829198499
0.5020110419952157 0.19660254512727923 -0.8422187085100608 212.80164115667543 -0.05844432331555252 0.9793051672933728 0.1937670002469173 -33.945016176575 0.8628842186452765 -0.04805027119567347 0.5031123101763256 365.93101630999035
0.5015223190921604 0.19813169704972675 -0.8421515267911217 212.06987995553283 -0.05951721243126996 0.9790180470778883 0.19488808306361705 -33.79794593943587 0.8630950497348695 -0.04761821206214566 0.5027916477062583 366.35976280550517
0.5008804422990287 0.19969347029140902 -0.8421646516241966 211.35939996644734 -0.06057426656452488 0.9787217778028159 0.196047034878541 -33.655607084439595 0.8633941977755606 -0.047182619442672775 0.5023188824541943 366.77623488151835
0.5008426733953685 0.20106883953536583 -0.841859809157132 210.68705464512513 -0.061124025316804546 0.9784310923037062 0.19732321491008045 -33.51917726081707 0.8633773624755606 -0.04737002619041309 0.5023301808407202 367.17166949752584
0.5019126762752077 0.2013373970196125 -0.8411580814303733 210.1009994750128 -0.06127200444129718 0.9783623961013226 0.19761772027484584 -33.39807772438019 0.8627452734532998 -0.04764739716131875 0.5033888344786258 367.5201944972415
0.5032044360363839 0.2004703932074107 -0.8405931935250082 209.57662604790238 -0.06090005520390371 0.9785283989842606 0.19690951134331708 -33.291229212061616 0.8620188390223679 -0.04789356771601544 0.5046084891695413 367.83243388297126
0.503579575431366 0.20100456331165617 -0.8402409039890026 209.04535572971707 -0.06000198289071003 0.9783472468970924 0.19808186827184698 -33.18354688322162 0.8618627345799056 -0.04933386277976596 0.5047363635856654 368.14880426682925
0.5024249131644579 0.20077232954538843 -0.8409873235195675 208.48238841610637 -0.06205899249512354 0.9785312187325635 0.1965332934040865 -33.06962464632736 0.8623907977722061 -0.04655239687367857 0.5040981910929063 368.47854840299783
0.5015783412705708 0.19833056243868386 -0.8420713482662969 207.92186787922842 -0.06160428575356502 0.9790839002939389 0.19390623549026045 -32.95200416676762 0.862916032731494 -0.04538396399573914 0.5033052913162939 368.8099892683496
0.5008509813576766 0.1984770635508325 -0.8424696728768889 207.378995867737 -0.059783157883169215 0.9789612723022326 0.1950917767767597 -32.836399574945524 0.8634664258131716 -0.04734641038807224 0.5021792995701811 369.1323499863828
0.5000049347307554 0.20148797076866204 -0.842257480157001 206.80015162500047 -0.05989055393228936 0.9782748801163134 0.19847261897576557 -32.714611129516804 0.863949180678228 -0.04879402185660306 0.5012094937613238 369.4701597481616
0.49998252286323 0.20256240244693105 -0.8420130343089993 206.22093049765078 -0.056689279615987465 0.9778313322415859 0.20157433185618825 -32.5938523026014 0.8641781080355745 -0.05305053064367837 0.5003816931008626 369.81039487764707
0.4988416324317953 0.20107587698103346 -0.8430453827932936 205.6573309232563 -0.05663940413913667 0.9781988843580968 0.19979719852726008 -32.47515890025393 0.8648404498238679 -0.051917572524975704 0.499355146175115 370.13665121318036
0.4968852037265844 0.20059289077062456 -0.8443148621751699 205.04939481694348 -0.05785570776367348 0.9784114197840408 0.1984031519793605 -32.34074880337097 0.865885564839119 -0.04973515666472846 0.4977636013157064 370.48669156334626
0.49583403454431957 0.2052150786975741 -0.843821889774526 204.40544988284 -0.060339993134126045 0.977470796719177 0.2022620250807204 -32.2010112459793 0.8663184722814592 -0.04937218889545808 0.49704596522615163 370.85560809292815
0.4967588665583668 0.19955633373013107 -0.8446347720546654 203.76830104047554 -0.059170058430207936 0.9787292839080387 0.1964380131395821 -32.065913520909426 0.8658692353242594 -0.047605235941536754 0.49800020966857017 371.2270727241282
0.4984058242137986 0.19476613078225063 -0.8447826872574252 203.12218309047054 -0.05820255711214658 0.979756366877058 0.1915461404191642 -31.925822007823083 0.8649879171036879 -0.04629919938813287 0.49965216641244364 371.60889656573414
0.5012747257801867 0.2006467724227946 -0.8417033456095533 202.43804480514993 -0.05423574687055088 0.9781163870366746 0.2008651716244476 -31.78050849354509 0.8635867837428947 -0.055038224232259896 0.5011872512524328 372.0171058279181
0.5038386849686605 0.20297969451286718 -0.8396105187195521 201.7628973442201 -0.0539324409403421 0.9774946597269593 0.20394970463203851 -31.64053795948944 0.8621124470411458 -0.05747550626782109 0.5034468143071243 372.4183945725539
0.5064125306298385 0.19969177020867304 -0.8388501330583495 201.11858929687526 -0.054174032532185216 0.9782614037272324 0.20017442438241242 -31.50563508880398 0.8605878938378635 -0.05592694242093811 0.5062219415347011 372.8007560754991
0.5094711284884075 0.19771497615644318 -0.8374651977486628 200.47652581928094 -0.05285638739926927 0.9785975578291558 0.19887941603372106 -31.369297064869777 0.8588628362828676 -0.057057935594206695 0.5090177014975829 373.18458095316646
0.5117455989765106 0.19726390272571748 -0.8361838282396953 199.8561289567474 -0.051104611679488446 0.9785493577808577 0.1995732272920468 -31.236321432354522 0.8576157418058895 -0.059397870905386424 0.510849422372824 373.5582193498174
0.5127947724232643 0.19748269252345563 -0.8354891426757501 199.2389770373502 -0.04918381573552221 0.978343119451869 0.2010614157188886 -31.104203861153984 0.8571012038523058 -0.06201069887427368 0.5114021896512172 373.929933240044
0.513846446925948 0.20030960486047045 -0.8341689823903919 198.60959379414064 -0.048581928084041465 0.9775924913079644 0.2048236246186662 -30.969428916872925 0.8565054729803079 -0.06472235424436812 0.5120638550179586 374.30914763222324
0.5142486984475058 0.20213183540291352 -0.8334812518957441 197.96297403563042 -0.0493963419428283 0.9771972115939009 0.2065081379892232 -30.829942863945334 0.8562174242257153 -0.0650256162581976 0.5125069674477903 374.69967825944923
0.5144419269148347 0.20280975893804007 -0.8331972788671643 197.32770791467715 -0.05113762274740314 0.9771564351968873 0.2062771065655606 -30.69317827715165 0.8559990930905835 -0.0635098640591322 0.5130614483619839 375.08269712476033
0.5157449866479216 0.20192086876586995 -0.8326073933759974 196.6999080854493 -0.0514743168643402 0.9773770725272738 0.20514495558353238 -30.55626149477887 0.85519442435676 -0.0629445855880893 0.5144710640009418 375.46890736574954
0.5180611844313978 0.19996230946345978 -0.8316415597957921 196.01704648915535 -0.050460640292772904 0.9777410366221038 0.20365703790043954 -30.403891137601956 0.8538538124098212 -0.06354164067111609 0.5166199056695786 375.8942579462686
0.5199045165733259 0.20073072272123152 -0.8303050467162474 195.2834986337082 -0.04967056619220239 0.9774580098548428 0.20520398101586618 -30.238856283345296 0.8527790619502849 -0.06544475476633715 0.5181552427340419 376.3514003780057
0.5217584714730128 0.20516132097060938 -0.8280561151418069 194.52932035487822 -0.05042825408663672 0.9763713120768457 0.21013341510363454 -30.06761718906494 0.8516014846369894 -0.06788146529751249 0.5197759306019718 376.8202784748446
0.5236384350366381 0.20648932927616545 -0.8265379278940934 193.78219540940398 -0.05195132958557529 0.9761164530161479 0.21094484944048583 -29.896310564245876 0.8503551309345273 -0.06751908653305111 0.5218594870720211 377.28632487519394
0.5261392330790184 0.20853076802373466 -0.824434610022199 193.0539193297746 -0.05120293799633757 0.9754779295589724 0.21405856227651268 -29.725628178850997 0.8488555628347918 -0.07041113357116066 0.5239145977291153 377.74582794059427
0.5293099709754076 0.20853697408690228 -0.8224009272032063 192.34137975201875 -0.05082055914563979 0.9753750275473776 0.21461786133749655 -29.557970402509305 0.8469050864141408 -0.07180449899299515 0.5268736931468767 378.2023871552758
0.5325047920353843 0.20615433910150105 -0.8209378995569501 191.6515035713436 -0.051304814257253174 0.9759642532195102 0.21180555344871493 -29.39338375334156 0.8448706779699401 -0.07066940573763889 0.5302823517705544 378.6477779022459
0.5351872450409193 0.20763423025823735 -0.8188178302715334 190.96520705953955 -0.05080047711700061 0.9754775803853367 0.21415602183982088 -29.232930316892578 0.843204556599525 -0.07301723488767593 0.5326110768085506 379.09179823230147
0.5368680363270761 0.20693636012748823 -0.8178936693895469 190.2657734831654 -0.05210061012126648 0.9757335104847239 0.21267261916418148 -29.074289650478676 0.8420559589453105 -0.07156437224169376 0.5346216443713752 379.54251209262503
0.5384965199489128 0.2037951840925503 -0.8176117788679388 189.55879514912505 -0.05119685204499274 0.9764324484800685 0.20966295785356506 -28.908368299087165 0.841070972239322 -0.07104362389339555 0.5362391473591819 380.00521698041547
0.5394295316332878 0.20973672973839516 -0.8154914374783692 188.8406786358453 -0.051030125599513594 0.97484453941347 0.21696555085322128 -28.74637145239866 0.8404830198660738 -0.07542299499746274 0.5365628249724583 380.47521540775773
0.5409129555507487 0.20572862426186325 -0.8155298324872466 188.1506780703857 -0.04780309129017273 0.9755762668836148 0.2143963897936192 -28.588111952085626 0.8397190238290797 -0.07698493783043016 0.5375363060917742 380.93097137375895
0.5415483671972495 0.20437931592321942 -0.8154473994125873 187.49104869809074 -0.047512305916891207 0.9758880452473422 0.21303779929811778 -28.43692614777114 0.8393258883011164 -0.07662648606116719 0.5382011100522434 381.36051327176347
0.5422412960927274 0.20588551078727624 -0.8146075946488244 186.84042739391907 -0.04628013831399447 0.9753604938666759 0.2157082654925295 -28.291608201950424 0.8389472722461896 -0.07926577730660576 0.5384091482679922 381.7817462135871
0.5439473649028197 0.20322150479384907 -0.8141389833465809 186.15007248849523 -0.044714265925608204 0.9758716056179103 0.21371767304427472 -28.131806657009243 0.837927143991659 -0.0798475380838326 0.539909688766501 382.2309184187079
0.5460465545459622 0.20372098238151534 -0.8126074831097704 185.38034588406248 -0.044405041336449735 0.9756571368776973 0.2147588032270771 -27.950197402896418 0.8365771647447695 -0.08118443568276232 0.5418004566539987 382.73646282372226
0.5480305092259949 0.20527598970187214 -0.8108787387824491 184.5846889861443 -0.04492213406276908 0.9752430723513601 0.2165247138363893 -27.76248119099228 0.8352511974422717 -0.08223574577153532 0.5436843930890952 383.26415864358023
0.5505364743374267 0.20424354140995588 -0.8094406502125016 183.88806468353212 -0.04485686089580162 0.9754460575773949 0.21562200905124754 -27.596355688833523 0.8336050938272248 -0.08239881400263749 0.5461803575708942 383.7319115027701
0.5537984488379264 0.2023834621087605 -0.8076807613962217 183.28419282658518 -0.04457433894212277 0.9758263860730368 0.2139532485182528 -27.452688906405747 0.8314567976585344 -0.08248514113773714 0.549432247978684 384.14099255447604
0.5582764509411814 0.20221208557363773 -0.8046351202703499 182.6617815445638 -0.04482041875590038 0.9757776188706064 0.21412418960444254 -27.303287971222588 0.828443440668746 -0.08347640959680377 0.5538168963238338 384.56667798704206
0.562438303683372 0.20354557870456916 -0.8013940054302846 181.98797816779816 -0.04508411237051971 0.9753335157712276 0.21608321504712716 -27.14226557951073 0.8256092158894177 -0.08540333953167599 0.5577415998787482 385.0335116093079
0.5657099461618562 0.20345542995218557 -0.7991108464015009 181.24913602928132 -0.04497978490827333 0.9752548240569502 0.21645980482125726 -26.9646016587958 0.8233766305665718 -0.08650963054263194 0.5608627354890178 385.5496018498068
0.5677897171612364 0.2044520171262009 -0.7973795895174348 180.47236969608772 -0.045297865322964176 0.9749576069164689 0.21772865707779188 -26.775925218801362 0.8219263595256885 -0.08750449936285441 0.5628321438120891 386.0964054204
0.5697530596443322 0.20365917920581425 -0.7961811287333668 179.7127256602579 -0.04532094626425888 0.9751192701536695 0.21699866544449337 -26.590360190597753 0.8205653312537886 -0.08755197142379537 0.5648072144052114 386.6330469954012
0.571755485135241 0.20392678404265246 -0.7946757401404603 178.96934148484465 -0.04647656510270982 0.9751112025587502 0.21679038618141194 -26.408515472778095 0.8191065828779697 -0.08701729365162758 0.5670029951345315 387.1606296726621
0.5749241275826468 0.19922468874475455 -0.7935816094882048 178.24904291694196 -0.04507956100522669 0.9761430655399247 0.21239714870472748 -26.229191109771087 0.816963940882897 -0.08633793484255801 0.5701891618614087 387.67760260932613
0.5770002983137793 0.19857325634060208 -0.792236907504378 177.52137826048292 -0.04457572204933635 0.9762048789958286 0.21221931869771754 -26.04761703925031 0.8155266155985316 -0.08713607801038949 0.572122052677031 388.200932478792
0.5775020975349191 0.19858745122717725 -0.7918676351246232 176.75409925206029 -0.04241863875638926 0.975952258590494 0.21381732398983025 -25.857978246812902 0.8152864444039462 -0.08989000593620314 0.5720382857851105 388.7554156568385
0.576784640692312 0.2026182761660418 -0.791369264266021 175.98420065674944 -0.04379216317952354 0.9750275321302873 0.217723581708512 -25.668024635956687 0.8157215975475357 -0.09092384588999068 0.5712539973978973 389.30671401109873
0.5766364663485672 0.20690049762186685 -0.7903686290338597 175.22186970726645 -0.04497515538485168 0.9739743382675178 0.222151353348258 -25.47611971689461 0.8157619880057856 -0.09255361948718184 0.570934502762513 389.8521942309647
0.5769160980390402 0.2085767902234804 -0.7897237101692466 174.43667835399097 -0.04519790332825349 0.973517322922652 0.2241008065675933 -25.275680722255007 0.815551939092872 -0.09359350698411878 0.5710650489149879 390.4161404658779
0.5778188444562329 0.209035574861975 -0.7889420203243004 173.64776543509672 -0.04515091216480835 0.9733518606356443 0.22482782418512665 -25.071097574493905 0.8149151968898082 -0.09428830170947046 0.5718591942417264 390.9845800814434
0.5796955906295687 0.2092018609149672 -0.787519906792426 172.86397632631122 -0.04549608553857464 0.9732823164935687 0.2250591891071823 -24.866014393817366 0.8135620003449691 -0.09463674651334175 0.5737253330680715 391.55293482991306
0.5819964202931245 0.20606804830316008 -0.7866486675985135 172.09411743350844 -0.045087249685930385 0.9740489197010351 0.22180135695033076 -24.662779045029296 0.8119404575963393 -0.09361977087013183 0.5761840260025254 392.11612024601817
0.584222400283906 0.20367553481646355 -0.7856210686608017 171.34895059537243 -0.04469168190297406 0.9746029248472239 0.21943516684415654 -24.46563181212264 0.8103621663029438 -0.0930882129835299 0.5784874622913969 392.6638793200912
0.5862980059231689 0.2055512535881259 -0.7835836460767076 170.66132230059506 -0.04518221652307276 0.9740648315916647 0.2217121358121095 -24.286756210452996 0.8088344797055719 -0.09458533715463045 0.580379529648289 393.17018285697446
0.5887800319416049 0.20303343304263616 -0.7823781049171593 170.01784564082843 -0.043459551488286834 0.9744900933335967 0.22018248199872334 -24.120338978439648 0.8071241176989354 -0.09563724725023504 0.5825840502168935 393.64831348125165
0.5898995465373632 0.2021600893391339 -0.781760719960659 169.3567558827583 -0.04282325864786181 0.9746226633719708 0.21971989568654765 -23.94965098696506 0.8063403087492257 -0.09613512531911768 0.5835866209622084 394.13893090704335
0.5898083251975442 0.20149379257024858 -0.7820015288241621 168.67231125535696 -0.042549539156891435 0.9747800767904393 0.21907382000130568 -23.773446647511598 0.8064215251623739 -0.09593775819814616 0.5835068725445419 394.6449588108011
0.5894087029725538 0.2015930965404831 -0.7822771914656803 167.98603666625255 -0.042255999831184686 0.9747306188457192 0.21935052122780832 -23.59678823741423 0.8067290817483177 -0.09623120134272314 0.5830332276548738 395.1530061287616
0.5887193598057611 0.2017288896630309 -0.7827611196688405 167.28301768414542 -0.04160425101566895 0.9746376736935995 0.2198874514713306 -23.41754378404812 0.8072661281679823 -0.096885809551514 0.5821808466621262 395.67442526325243
0.5879846796910937 0.20070494986296242 -0.7835761223704235 166.54710103402152 -0.04026629518576779 0.9747886684018958 0.2194668025631084 -23.229674794084705 0.8078691985220005 -0.09749141016401149 0.5812424477132245 396.22009082577273
0.5870206958849051 0.20281392036897947 -0.7837558397277613 165.77003444882203 -0.040094968218116006 0.9742067302345343 0.22206674737413679 -23.03090561777574 0.8085784415419415 -0.09893311109181625 0.5800113304094214 396.79307631080104
0.586723388665222 0.20265686982040917 -0.7840190420568839 165.01809329088505 -0.03845859165367272 0.9740597757192547 0.22299885661988067 -22.837406539768512 0.8088736625216695 -0.10068637663731746 0.5792975501747233 397.34757170214374
0.586398652748505 0.20285576440175576 -0.7842105322575812 164.33764893718563 -0.03850997805190301 0.9740210822276676 0.2231589410408825 -22.663116359018883 0.8091066688917998 -0.1006601719898464 0.5789766214017602 397.84644239371625
0.5870833635585734 0.20389774934620533 -0.7834276176165257 163.6835580358554 -0.03966738798303922 0.9738435600204574 0.22373023697588978 -22.49692891949079 0.8085540319381008 -0.10027177278893974 0.5798154439288514 398.32541193391984
0.5896112749497158 0.20458366930033714 -0.7813475965969192 163.09412357179133 -0.04140862083757876 0.9737734087785463 0.22372008062787374 -22.348315480787907 0.806624987570125 -0.09955335560101906 0.5826193086536693 398.7606695018591
0.5943770926097911 0.20522164320545214 -0.7775602542187886 162.6041400915126 -0.0430423913179946 0.9736229370843357 0.22406634939879574 -22.227045883514986 0.8030337628832083 -0.09971185257194184 0.5875324009161654 399.1294566970914
0.601090023570212 0.20508854874626053 -0.7724179378662278 162.17151022566014 -0.04586359626248627 0.9737709760123541 0.22286008349146272 -22.122126931773355 0.7978642203421817 -0.09853310839054437 0.5947301173210137 399.46267843458475
0.6089662868456851 0.20495403933434939 -0.7662596839491909 161.7364598297998 -0.04828289222758508 0.9738274040154405 0.2221012145547384 -22.015990089943188 0.7917252198859918 -0.0982549181928542 0.6029238320446461 399.8061000940526
0.6192858136359278 0.20796604730664195 -0.7571229782518423 161.28502649783601 -0.05045459602458645 0.9728319331569776 0.2259477009620951 -21.904697319303786 0.7835428608374186 -0.10172587182085044 0.6129538581598198 400.17587242177484
0.6335147048646713 0.21200258951664291 -0.7441196279889862 160.87732601756116 -0.05323911172500144 0.9713941307653581 0.23142826036884478 -21.805773909572416 0.7718968297013306 -0.10699693805364141 0.6266792956083578 400.52954545183644
0.6511520370220482 0.21254646620421316 -0.7285773976635149 160.53091492505598 -0.05710556169203907 0.9709839921829303 0.23222627273488736 -21.72079502919973 0.756795863827147 -0.10960878901166105 0.6443957897639669 400.8521533179536
0.6734656656825609 0.2102292683010029 -0.708694328957394 160.2350987877544 -0.061366075287494236 0.9712981373882091 0.22981325703711591 -21.643722293647162 0.7366669545666876 -0.11128154858655967 0.667036891778578 401.1555163687578
0.6997381685238081 0.21029966159706848 -0.682744862919602 159.95904192782265 -0.0682567645073174 0.9709991666836142 0.2291323469061537 -21.568201460817654 0.7111311479677589 -0.11373069344679046 0.6937995530109378 401.4666462142778
0.7294083143575002 0.2112938467089947 -0.6506292502562939 159.69985209114603 -0.07697145003446204 0.970413072725088 0.2288533682597828 -21.49316501351898 0.6797344384579507 -0.11684767275034318 0.7240909573714415 401.8014752379624
0.7607899492013321 0.21206303516329963 -0.6133742106671626 159.45847391776766 -0.08757568954300408 0.9700100014410262 0.2267401501839712 -21.420297098883328 0.6430623234145386 -0.11878495789329382 0.756545426252113 402.1405703502864
0.792494158788598 0.21145218783885714 -0.5720498059995426 159.21648600344426 -0.09620199941061963 0.9695707105142111 0.22511733079078813 -21.339005581648678 0.6022442889686495 -0.12337183459416767 0.7887212478648732 402.5392581727532
0.8244516094739526 0.21210406658591285 -0.524682197690687 158.9978681616917 -0.10757204313393416 0.968941884943368 0.22266539726321752 -21.260569853957733 0.5556147938741395 -0.12713570914622732 0.82166216432795 402.95549155004016
0.8546626641039766 0.21265071176326933 -0.4736363640740324 158.81832867096256 -0.11901643093236552 0.9682244438618526 0.21994661960696327 -21.184933697695758 0.5053581104076756 -0.13160965426207794 0.8528142113908559 403.39335610789936
0.8829607138329255 0.2099356235976252 -0.4198897614521315 158.6509139682511 -0.1294354270394992 0.9686351200981644 0.2121142954624217 -21.107908931331064 0.45125031640404917 -0.13293997915259845 0.8824398641766812 403.86230766327276
0.9069953179683173 0.21080777423439795 -0.364581370212318 158.50447541584654 -0.14438637743140498 0.968886175341744 0.2010277424732358 -21.034127274210725 0.39561606033601343 -0.12969063788103158 0.9092129955352762 404.330709797878
0.9277102433018537 0.21011301484860767 -0.30855506066834393 158.39689514442264 -0.15638473060499364 0.9692789777758675 0.18984751585252704 -20.969036663012385 0.338965367709476 -0.12787018508237455 0.9320685035235265 404.78810449405086
0.94433506078644 0.20605244981046625 -0.2564638003628918 158.31760576832448 -0.16293608329253995 0.9701680252527024 0.17951555792900198 -20.906305057653043 0.28580259923723295 -0.12773562817154688 0.9497370602250232 405.27185510593273
0.9559184781404799 0.2039218525312906 -0.21127172363995253 158.23755458464726 -0.1693947625725208 0.9706914826536422 0.17048008656929878 -20.845325052497536 0.23984427773576159 -0.12717674144230498 0.9624452186350844 405.7713449201507
0.9633597693573654 0.2020719916354278 -0.17636571373205276 158.16530898212554 -0.17440251402646867 0.9715096965080177 0.1604763929434777 -20.785475144854807 0.20376878535480378 -0.12383787703038876 0.971155220511964 406.2959142035777
0.9679456394576959 0.19864274061658505 -0.1536954802691532 158.0833629721456 -0.17509255380163724 0.9724182418742799 0.1540952967269207 -20.717300242406527 0.18006620076531368 -0.12224493637966807 0.9760288617000441 406.88170905329343
0.9703474868118059 0.1966549122721257 -0.1405439444346708 157.99338239544286 -0.1755275524278555 0.9730367972389152 0.1496311115968965 -20.642514846629503 0.16618012268830368 -0.1205248385117317 0.978702166200233 407.5254883496451
0.9717285016075957 0.1946765640075743 -0.13358426026169015 157.90293022550767 -0.175358627400274 0.9739514376153285 0.1437635174977607 -20.56296193915497 0.15809196994075936 -0.116273954922166 0.9805545861638787 408.19608390843894
0.9722393256724082 0.19341907867356398 -0.1316804982566966 157.79894499226933 -0.1745892225139924 0.9743333316205087 0.142102646967753 -20.47434911876191 0.15578606162947245 -0.11516778585330124 0.9810540678798665 408.94149883978383
0.9718279801535046 0.19230136942558448 -0.13627384308004772 157.67607008241495 -0.1728522806741156 0.9745740001374106 0.14257491827781554 -20.371294556047427 0.16022629639518382 -0.11500305027786827 0.9803580123456308 409.7687563774011
0.969956137032258 0.19426448687652104 -0.1464458991302341 157.53595063268233 -0.17226211623186474 0.9734976486056627 0.1504263656097818 -20.261360727519357 0.17178723917910838 -0.12067989599701433 0.9777144302695838 410.61150541732036
0.9667842420982989 0.1957331704305408 -0.16436774386608763 157.3808657853903 -0.17040713291329046 0.972906064417131 0.15625363635014686 -20.15114511300026 0.19049839443599267 -0.12305411741823448 0.9739445805094535 411.44526077620924
0.9630373515231515 0.19358365207609138 -0.18730838000516117 157.21603337689507 -0.1652840491143714 0.9737399290720906 0.1565622356733587 -20.03940006115603 0.21269753801967964 -0.11981619331110904 0.9697442122234136 412.24861848060095
0.9583430012203037 0.1932847658496709 -0.2102847861888733 157.02923838904331 -0.16112566059596767 0.9737579793324057 0.16072933516936336 -19.922079572526055 0.23583302039700726 -0.12015155836238837 0.9643372799563033 413.0649460687188
0.9530018410313014 0.1930029331492253 -0.23353235062137975 156.81769295950102 -0.15673599099878666 0.973737203975918 0.1651353587781609 -19.799890913500455 0.2592707467428202 -0.12077137653003435 0.9582238540625402 413.89300717352614
0.9469720423210108 0.19418096306173485 -0.25600332936661574 156.58167240100593 -0.15350664326241872 0.9733351539938113 0.17045347891477677 -19.671570595541905 0.28227586070487726 -0.12211646729357557 0.9515292464654278 414.7270138806155
0.9411722121301364 0.19432920401371864 -0.27646162044931577 156.32793985292778 -0.1493305522949649 0.9730678866466436 0.17561114465864008 -19.53862041747126 0.30314229870697323 -0.12399616302302098 0.9448437427904296 415.5593253346126
0.9348100402445737 0.19519515391929815 -0.2966968832737573 156.07216418380492 -0.1459174632437359 0.97274356843702 0.18021665845567125 -19.41086189365432 0.32378740336593254 -0.12517508518405976 0.937812836055637 416.3293030378772
0.927926762875236 0.1965769773253146 -0.3167166158027241 155.8121654221 -0.1427911131283486 0.9722872225948636 0.18511686792493043 -19.287647841032584 0.34432923307708696 -0.12655057789046936 0.9302807804550949 417.0509728643743
0.9211867771587153 0.1981153017804994 -0.33491080721344746 155.53578813785137 -0.14019454873602077 0.9718615026178595 0.18929001091991732 -19.16028548199794 0.36298816797885436 -0.1274187856235515 0.9230406507719915 417.7738610254504
0.9148535725854968 0.1979882795586607 -0.35191416834926786 155.23204498989898 -0.13623597698770257 0.9717816214704811 0.19256229835149885 -19.020996764535816 0.38010879929536173 -0.12822293605126625 0.9160110148729864 418.5368980937506
0.9085089740485146 0.19933066995293286 -0.3672583941715049 154.89691522744587 -0.1342948484954956 0.9715462810834075 0.1950966872619198 -18.872927205242384 0.39569728043150565 -0.12792618078062995 0.9094275971895724 419.33471770564546
0.9023463170653004 0.19952256634890603 -0.382049564318868 154.553719544353 -0.131084597845183 0.9714522080497742 0.19773071507226167 -18.72357384826265 0.41059463255924 -0.12834076902047795 0.9027406575095542 420.121198745658
0.8960187601954671 0.20013807923940352 -0.396352280952365 154.20620395171778 -0.12859372115905962 0.9713650705115696 0.19978376978253895 -18.57809604411006 0.4249871012821995 -0.128041591010182 0.896097826531982 420.8810006036001
0.8907950391180567 0.1984374244455036 -0.40878697002484954 153.85390949204685 -0.12556431719576852 0.9720744485002397 0.1982545556099992 -18.431320688904556 0.4367124918408253 -0.12527511785024534 0.8908357560840223 421.630581466081
0.8869114257656108 0.1986441256642347 -0.41704752029655523 153.4808921201246 -0.12411024066349603 0.9720925528163286 0.1990796748075649 -18.276084670906904 0.4449547965904664 -0.1248061701124123 0.8868137622370413 422.4108895502191
0.8842863665741618 0.2002394302585181 -0.42183147400450527 153.08857529116926 -0.12410177271264644 0.9716793139306639 0.20109217013304162 -18.117522952405704 0.4501514988319471 -0.12547303076351332 0.8840928382530747 423.2145439056656
0.8821652606185935 0.20271478887741942 -0.42507783678770505 152.6963819596332 -0.12556457684089775 0.9711857690353894 0.20256292618815763 -17.959695391195027 0.4538920466371911 -0.12531925787174913 0.8822001437349596 424.0073175286271
0.8801368089687648 0.20420412696901258 -0.4285555646903979 152.28544488967577 -0.1266232774314901 0.9710320092519364 0.2026410190969705 -17.791139979638107 0.45752130345022246 -0.1240867097515855 0.880498009851381 424.8339307091715
0.8783976318870439 0.2029554420917917 -0.43269699423564423 151.8348238845789 -0.125282832714446 0.9714768173930765 0.20133803688043375 -17.606124058686795 0.46121774914055524 -0.12264534965969202 0.8787697685313139 425.7392098899552
0.8766424017153326 0.20122888799469102 -0.43704122706124204 151.3658979477553 -0.12389749890709319 0.9721202310004904 0.19907703595373255 -17.41339852805864 0.4649166691777605 -0.12037105597267533 0.8771335699907326 426.6749911003203
0.8751224302163076 0.2046894683677069 -0.43847799679305666 150.89049015541352 -0.12454688258763068 0.9708790153217167 0.2046509507567469 -17.224235569508135 0.4675989800780253 -0.12448356978847847 0.8751314385180748 427.6091221861494
0.8745401342283112 0.20621166935262472 -0.43892630480153927 150.38977149891562 -0.12626768953723208 0.9706969530271291 0.20446001066903166 -17.023104798913177 0.4682264667902269 -0.12338627479041217 0.8749513146401307 428.5870376636791
0.8749951331212014 0.20537213780995017 -0.43841282146577837 149.88568801009902 -0.12685349695021886 0.9711836527791456 0.20176843877589043 -16.813692907165038 0.4672169809903261 -0.12093220243562178 0.8758331434059586 429.57910033982444
0.875861910314147 0.20495902772694727 -0.4368726485076403 149.41560115600623 -0.12700843826006186 0.9713105981824974 0.20105864435309073 -16.620219931828036 0.46554781781423493 -0.12061309552277891 0.8767654820514004 430.5108220701189
0.8765960017665303 0.20472125373269523 -0.4355096531158055 148.97073873717346 -0.1267775972652649 0.9712720998799066 0.2013900415276945 -16.439762468501918 0.4642271970905867 -0.12132483779092221 0.8773673080394729 431.3974947832612
0.877810740930686 0.20486658155935383 -0.4329872825694854 148.53791870109546 -0.1278265943831681 0.971332104608413 0.2004352871262826 -16.26510878706859 0.4616369405443244 -0.12059695815889765 0.8788331518597284 432.2629294472471
0.8799428999430156 0.20487657417541108 -0.4286328057837224 148.11267325535462 -0.12904557883693635 0.9713876194112834 0.1993823749410244 -16.09190163113488 0.457217378740703 -0.12013193667227058 0.8812040548981023 433.12625876505405
0.8825778531260898 0.20491331104171273 -0.42316293331206056 147.67691349833137 -0.13062163769129112 0.9714619108956685 0.1979892508339404 -15.914362933105519 0.45165730475460103 -0.11946669258359056 0.8841568799850822 434.0273525767611
0.8861598065792327 0.20483110653225906 -0.41565011127176454 147.24875977485172 -0.13216067527926526 0.9714612413840547 0.1969685568771925 -15.73831575053383 0.44413326053470575 -0.11961301887890584 0.8879405231216185 434.93076069332096
0.8901788804534414 0.20685258689376296 -0.40594774058986827 146.8536112209349 -0.13563170929592927 0.970912517968264 0.19731427187609565 -15.573179560991129 0.4349547105482656 -0.12058561169512497 0.8923415881959077 435.7821890859763
0.8949427917047296 0.2081423225896675 -0.39465703227324694 146.4872327890188 -0.13830196747806428 0.9703652434811028 0.1981511040483008 -15.416427456563262 0.4242050982336782 -0.1227520581939172 0.8972078727038235 436.59720737658415
0.8997160777891068 0.2089435267179744 -0.38321479878841297 146.14394294607683 -0.14127302402480507 0.9701180642184971 0.1972634638240107 -15.266537340609915 0.41298052260448764 -0.12334319648693645 0.9023489036008838 437.38925024192076
0.9050204314306834 0.20934838105570597 -0.3702853953943868 145.8189003979077 -0.1438560722413235 0.9698482741485063 0.19672253457717306 -15.122000034043092 0.4003041957965488 -0.12477011052540926 0.9078485393209395 438.1772576476966
0.9112027431649515 0.20925107077385605 -0.3548570842306307 145.50928987716424 -0.14800759390426263 0.9701641581442051 0.19202931650927885 -14.978502269177339 0.38445196448365465 -0.12245609675448818 0.9149869897284453 438.96689856596964
0.9173909209556754 0.2091199722886976 -0.33861886441554767 145.20553310843025 -0.15190443410382878 0.9704001815080829 0.18774592040488983 -14.830362826181926 0.3678572291632942 -0.12079869584998837 0.9220025672595785 439.7825042334768
0.9218712871631363 0.2109991500098291 -0.32501182839908316 144.91016711633097 -0.15556610210001193 0.9697141483503897 0.18829141872770272 -14.68663576297225 0.35489789768550917 -0.1230196292638375 0.9267759454335237 440.6079531400545
0.9253906766903246 0.2124995857874277 -0.31384075824340923 144.61295514972338 -0.1591044683137429 0.9693502222462957 0.18720554156771696 -14.538692554983273 0.34400270879344474 -0.12330479581602918 0.9308372917280161 441.46983661730985
0.9287685925316088 0.2146838014478297 -0.3021585129079878 144.31633760077906 -0.16354558575537956 0.9689003532288147 0.18570123018712584 -14.388484049314185 0.33262853591775254 -0.12305677920777433 0.9349948054316823 442.3601091392384
0.9328061965625887 0.21595780450255267 -0.288504465006831 144.03862241750025 -0.1688803938187905 0.9691667441114415 0.17943030594646364 -14.241460343098282 0.3183583079457026 -0.11865095356914973 0.9405157834821745 443.23408852354805
0.9375269445975296 0.21716686110565417 -0.2718120354052445 143.7887300277726 -0.17388898835582717 0.9691712997543573 0.1745554681499279 -14.10202372412883 0.3013400867495252 -0.11638533485783746 0.9463871332323922 444.0766525145315
0.9424519145512079 0.21984506899360617 -0.25189786501271305 143.57041743516595 -0.17943337725532787 0.9683034753000666 0.1737585763309676 -13.979802698898212 0.2821135443141886 -0.11856021829017525 0.9520270073655897 444.8767109458555
0.9474596508786621 0.21951313069904785 -0.23266756415020592 143.36470683544863 -0.18311084151541127 0.9685998140944151 0.1681809140651418 -13.85852539229369 0.2622796783519558 -0.11674067665972879 0.9579044757890169 445.6965666780609
0.9517234132201521 0.22032586051115619 -0.21372660086803869 143.17173352197284 -0.18750604695283157 0.9685599157084478 0.16350281966673005 -13.73902197513865 0.24303091796047246 -0.1155344315469082 0.9631135800321947 446.5348729756244
0.955424905527946 0.2198258717632535 -0.19707824842037985 142.9958187702919 -0.19040422721376574 0.9689527422893949 0.15772385193430447 -13.624874905700297 0.22563129250183364 -0.11316876474271201 0.9676173574975641 447.3702444854361
0.9586089351154377 0.21991359725807538 -0.18085054398000533 142.8402458505505 -0.19312406288908704 0.9689265797973619 0.1545457191105685 -13.518046952038588 0.20921760406347933 -0.11322231539411183 0.9712922842516261 448.18151935450254
0.9617556512200519 0.21956864387607639 -0.1637549326668311 142.7042202084078 -0.19551671303377524 0.969008157576166 0.15098478557562262 -13.419509755249504 0.19183139021225395 -0.11319364459751724 0.9748784111631423 448.9703604137541
0.9646188352255779 0.21962598383437057 -0.14585928133937154 142.57523892193336 -0.19854480910503258 0.9691256589104607 0.1462033379195424 -13.320604670418458 0.17346602406667233 -0.11207089036031821 0.9784424633203294 449.80396047858926
0.9673527563183323 0.21760990782713352 -0.12990216648999958 142.4572266366784 -0.19940907886784742 0.9698936332654042 0.1397939891995161 -13.221091801679448 0.15641184133052632 -0.1093264294061789 0.9816226707472164 450.67088883431904
0.9698147016827581 0.2144953708004072 -0.11597922359277336 142.35197893765744 -0.19823738545447692 0.9705013917470899 0.13721875828449587 -13.124406605888671 0.14199078634953705 -0.11008535107888569 0.9837275192194669 451.5575467566703
0.9721275532516891 0.2116095169193784 -0.10094271919279511 142.2584245947874 -0.19749556492793882 0.9711263030886804 0.13382527893903678 -13.029707926335021 0.12634683234130772 -0.1101595016258877 0.9858505780080781 452.45864361735585
0.973514937334371 0.2119499542847402 -0.08570813068522744 142.17318594179233 -0.20005444377761053 0.9712026770025721 0.1293969849257423 -12.933352144991867 0.11066565100197268 -0.10882360525978908 0.987881843454256 453.38157388196515
0.974641148816872 0.21185795129698395 -0.07204748090791677 142.09879409289812 -0.20161636602383337 0.971062009491662 0.1280211493205847 -12.838903295387642 0.09708487000699734 -0.11024872876484572 0.9891510227571257 454.32702130908626
0.9754897218930436 0.21245833101030806 -0.05728228404446386 142.0356966089232 -0.20421267794218756 0.9710481853180221 0.12394597193237514 -12.74345481168996 0.08195721230445022 -0.10921025306671105 0.9906342089673646 455.2941290512571
0.9760104280003024 0.21391457414979115 -0.040548728722165264 141.9889877977833 -0.2077002841172125 0.9706455338862499 0.12127588187397567 -12.654379655249242 0.06530112106464588 -0.10994454289774805 0.9917902807926249 456.24064136417155
0.9760392076059399 0.21641831108365356 -0.022596013888991247 141.9593522467616 -0.21232503832601055 0.9699679130882986 0.1186605481151739 -12.57404131266979 0.04759772385136477 -0.11101964784142616 0.9926777394891773 457.1494409570896
0.9760275275090705 0.21761642662533598 -0.003654641891329302 141.94634766248163 -0.2157526763707446 0.9696062802268175 0.1153882315644858 -12.492951698940248 0.028653938357492286 -0.11183359158829868 0.9933137468137017 458.0875503051088
0.9759139137185953 0.2176373730577681 0.0150335245026437 141.95417963251947 -0.2179168796668633 0.9693013329655826 0.11387343617985299 -12.410756291385702 0.010211100171660504 -0.11440672952087692 0.9933815146627347 459.0708988952702
0.9755967238557584 0.21732854386029307 0.031294351335015534 141.97749317219655 -0.2194839248861067 0.9692508698045801 0.11126346255469186 -12.329094371014293 -0.006151350949569315 -0.11541687661097966 0.9932980949719318 460.0611111864601
0.9751915522546133 0.21631954147222293 0.046981830408026094 142.0164579718204 -0.22024720257859925 0.9694522947287153 0.10795099814978094 -12.254164973255357 -0.02219473287838765 -0.11562051817251014 0.993045462005635 460.99867425597887
0.9745324750253005 0.21516291488216077 0.06317733122313536 142.07023213073458 -0.22088535691074992 0.9696375517080568 0.10494130464226463 -12.188772394500099 -0.03867963577228427 -0.11622365670130158 0.9924696203912285 461.87438759674444
0.9735394085583712 0.21432194170416582 0.07929139479146924 142.1355882268988 -0.22181441959115555 0.9697004141306675 0.10236928297226278 -12.130079408872476 -0.05494891486880822 -0.11724850591360463 0.9915812647563365 462.7081695957012
0.972369476362254 0.2131985619271351 0.09509981404398746 142.2140106610538 -0.22240978203183565 0.9698223484727548 0.09989244846006352 -12.072188028334182 -0.07093299863639699 -0.11828349671444723 0.9904430948365788 463.54965666484026
0.9707197966888086 0.21244767243593424 0.11211183163696672 142.30737805169065 -0.2234720644086551 0.9698641526628042 0.09707606197512973 -12.014813833071484 -0.0881096631781997 -0.11928751760439713 0.9889424530266726 464.3994889919359
0.9683758126529328 0.21289593958134956 0.1300907543930377 142.4167044878497 -0.22576607618152641 0.969665602051942 0.09369257730923398 -11.957943821878857 -0.10619776040186941 -0.12009970485818848 0.987065396302905 465.2754279916418
0.9653501124144211 0.21391104511696205 0.14946981380344593 142.5470059090566 -0.22858535822032408 0.9694565689801946 0.08889710269991971 -11.899731640526836 -0.12588842070958828 -0.11998343901607016 0.9847619407212742 466.1814342119393
0.9620589772469219 0.21548613822343746 0.16735665069593014 142.7013853710293 -0.2317745348341175 0.9690848107787292 0.08458838289261551 -11.838302840446607 -0.14395516420413293 -0.1201680229990863 0.9822609413732484 467.1483397447921
0.9587956528726781 0.21723093881447852 0.1830890910301277 142.87827062997582 -0.2355089826146441 0.9681849650642039 0.08457773070641042 -11.779476511667575 -0.15889120535849013 -0.12421188608748816 0.9794513730728662 468.16268129937225
0.9550491845138309 0.21896820122691696 0.19983488687143225 143.0703822440983 -0.238919222318836 0.9676055421754063 0.08159117573613858 -11.723251238020527 -0.17549547106986244 -0.1256679816138195 0.9764265963353742 469.1570415423366
0.9509047904301318 0.21932465874059784 0.21835011702618892 143.2851212064143 -0.2410594790992361 0.9673607675551417 0.0781247267613578 -11.66964308355765 -0.19408865776607265 -0.12692454240001114 0.9727382759319796 470.1379331266847
0.9463544034009894 0.22105932699679204 0.2356822375812095 143.51376587816546 -0.2440914760961446 0.9669911354679728 0.07312656988790364 -11.61809788693715 -0.21173732420328326 -0.12673167667986804 0.9690750165313059 471.1013467106514
0.9420674371123353 0.22058523898163118 0.25268774460985566 143.75328330203874 -0.24550562515504876 0.966766042000991 0.07134709560291372 -11.570198779462913 -0.2285518145844142 -0.12925003820950814 0.964913724471271 472.03222810417986
0.9375652314299182 0.22064855588742432 0.2688599107315199 144.0048706465016 -0.2469164018165705 0.9666678365070331 0.0677169430554427 -11.525111745687225 -0.24495658253601882 -0.1298749731380545 0.9607959013363202 472.9543530124696
0.9342750054660469 0.2180666801961123 0.2820941990712805 144.2721757194575 -0.2451160100146051 0.9673793511080085 0.06399478638430368 -11.484016686689934 -0.2589369726322251 -0.12893453392361234 0.9572499831109776 473.86966651844915
0.9319130083173625 0.21591063154084145 0.29141164032433786 144.5470745552923 -0.24363223128856243 0.9678839268680884 0.062000322481174305 -11.445602027490196 -0.26866611398954576 -0.1287761751957567 0.9545864109108803 474.7863046089423
0.9295762139634465 0.21535365934619818 0.29918366238748606 144.8353485310002 -0.24432822021349898 0.9676695079120867 0.06260546513275153 -11.40743947524414 -0.27602859134642654 -0.13129556299961506 0.9521395338373096 475.7357622972945
0.9269614166839454 0.2168108379043222 0.30616268967090293 145.13280870662595 -0.24602554899128842 0.9674166105264175 0.05980410455075159 -11.367655753509098 -0.2832206934933111 -0.13075994128481336 0.9500988772398206 476.68794686404135
0.924632393059564 0.21677140892603183 0.31315346713260234 145.44264142329072 -0.24624423522478764 0.9675100297722563 0.05734212159182217 -11.326695535763328 -0.29054898782048316 -0.1301326191326179 0.9479698239470418 477.63980549818086
0.9230389238594306 0.21492340922331787 0.3190722068878032 145.77016592605986 -0.2451722298297661 0.9677806555089223 0.057368811588048414 -11.284589956228398 -0.29646200896696395 -0.13118129055071437 0.9459924662748262 478.6198664264141
0.9220446458802538 0.2139172097091358 0.3226036242726011 146.10410898486046 -0.24415747266880858 0.9681245125773874 0.055875367442014975 -11.24330193037187 -0.30036777380994284 -0.13028566896269853 0.9448835086503566 479.6137778467325
0.9210728953496613 0.21477618752208577 0.324801340400055 146.43807512542537 -0.2454698844980027 0.9677761887073174 0.05615856457994691 -11.204020305281205 -0.30227348090220024 -0.13145507918913116 0.9441135021270768 480.61160975208657
0.9200501343096461 0.2165416968259038 0.3265232670003213 146.77504975471834 -0.24695118654063367 0.9675103532349043 0.05421095691322692 -11.165789429007736 -0.30417570879835065 -0.13051210640792293 0.9436332594064261 481.61406297865307
0.918986237533062 0.21754068269699048 0.3288469957237813 147.13234003667702 -0.24823064920574064 0.9672019631778824 0.05386935325164543 -11.125998608354042 -0.3063426839663826 -0.13113509750094127 0.9428455579699674 482.6663820120867
0.9181311333444941 0.21891337883037656 0.33032128988702125 147.502777689093 -0.24968631876337966 0.9668621582510771 0.05323823029050712 -11.086928460989862 -0.3077205943806013 -0.1313563835949406 0.942365924831175 483.7506709891987
0.9172555733245057 0.22030551632219242 0.33182479214661953 147.8626386355007 -0.2508568103137103 0.966644672561462 0.05166176272427149 -11.050465138545274 -0.30937529624125987 -0.1306275487275177 0.9419253524505433 484.79393181929976
0.9164605474015043 0.22099417478653186 0.3335590498951535 148.2201282692464 -0.2517448350870601 0.9664286705042587 0.05138251486998122 -11.014416841905701 -0.31100579265268957 -0.1310618157122614 0.9413278904816775 485.81966428787973
0.9159192845822144 0.22114494343580104 0.33494294756448206 148.5736457390462 -0.25162768458055174 0.9665349015428996 0.049937885939352854 -10.97866063111446 -0.3126905378853644 -0.13001999112535664 0.9409141456183615 486.8237353606868
0.915184418271229 0.22090905535060082 0.33710038537156817 148.91305650348016 -0.25202294355048327 0.9663806520348189 0.050920244470268515 -10.944316357040398 -0.31451854711241695 -0.1315584457070969 0.9400906652474721 487.7808310551221
0.9151882966141052 0.21902597260386095 0.33831642742484136 149.2416888761921 -0.2504407469970915 0.9667560662129667 0.05159593670021278 -10.913678555830973 -0.3157686082942938 -0.13194821622654201 0.9396168656694739 488.7010232737811
0.9145071958970379 0.21889647812751703 0.34023656551862397 149.57037128511425 -0.25024161422694874 0.9668619403390888 0.05056800206481332 -10.881421646153054 -0.3178926283537125 -0.13138614914482205 0.9389792099142933 489.6212546816905
0.913221622370384 0.21959139410153278 0.3432286236195222 149.91557597421257 -0.251760039855783 0.9664153581592404 0.05155810165013309 -10.84808389670576 -0.32037969780718323 -0.13349522519736873 0.9378357393928264 490.5877572769104
0.9121917310422294 0.22046087380811602 0.3454030239270431 150.2622013424188 -0.25254776339258356 0.9662804590989962 0.05021654676339828 -10.815981013656975 -0.3226854087553206 -0.13303787988087765 0.9371099452536081 491.54865493925587
0.9113074111137592 0.2195650386080557 0.3482958458985454 150.6002331937197 -0.25098177239362907 0.9668407156859531 0.047193012385631214 -10.784984265983448 -0.32638466933251326 -0.13042325066076493 0.9361959321166659 492.46031087977525
0.9099908075152625 0.21884286723924576 0.3521711653389992 150.95131965121567 -0.2510634111462588 0.9667814892409582 0.04796577576401042 -10.751157969473693 -0.3299755957966114 -0.13206570909795065 0.9347057048393009 493.39741649319956
0.9090662256557849 0.21855351355390326 0.35472941671814007 151.31453066697316 -0.25119806296989594 0.9667385687468718 0.0481255946189298 -10.717728270804766 -0.33241259081467023 -0.1328566950157092 0.9337296011466002 494.3603365896186
0.9081928472291437 0.21859755676019035 0.3569325712516285 151.6677181437142 -0.2513259483831867 0.9667402493377201 0.047418962238097336 -10.686733090956992 -0.33469541363920197 -0.13277197930633436 0.9329258178440392 495.29118716146746
0.9067578235736727 0.2194667722813423 0.36003414456457883 152.0186483749094 -0.25307960703153826 0.9662340046557731 0.04840000776480253 -10.657014144520765 -0.3372550398329163 -0.13500438552610144 0.9316828076099856 496.2195622472876
0.9058290450622201 0.21894252241857265 0.3626815586691189 152.39801796830332 -0.25325682350130657 0.9661424134958317 0.04929318608571589 -10.626718848346144 -0.33960966192335873 -0.13650277917114273 0.9306085475681297 497.21410055491754
0.9050876614765887 0.22044493527864806 0.3636211703859316 152.78496783459983 -0.2541644546998749 0.9660187426700675 0.04699168838487105 -10.596271912584811 -0.34090578611979955 -0.13495117383757074 0.9303609115122532 498.21747865346816
0.90474438720423 0.2216377591728749 0.363750323066896 153.15488839550486 -0.25510508437824825 0.9658170907123925 0.046029807866430635 -10.567122632881006 -0.34111433529948954 -0.1344397671698384 0.9303585111431584 499.17634214466364
0.9042926191547395 0.22221732209518055 0.36451930086500317 153.5238306290135 -0.2553236432074055 0.9658255921398344 0.044617964846453334 -10.539850466720479 -0.34214718493882523 -0.13341809220862294 0.9301262906239433 500.13372135581875
0.9034740615599066 0.2225680406079769 0.36633057118997703 153.8902243883794 -0.2562185607730512 0.9655581359959796 0.04527179174010471 -10.510392141712744 -0.3436374094941301 -0.13476258127499288 0.9293827938391543 501.08198617735445
0.9024079136247092 0.22261538726542465 0.36892051553168914 154.24601866405263 -0.2568779867128554 0.9653568536428978 0.045824066461181874 -10.483029718067726 -0.3459388058166555 -0.13611955949588467 0.9283306566912461 501.99521267663664
0.9009396530560582 0.22377377248142113 0.37179704181268775 154.59701542320798 -0.2585694755760523 0.9649054599110497 0.04581789753115096 -10.457293993693701 -0.3484961518461272 -0.13741452682770794 0.9271826572823533 502.8884457249972
0.8993729645468646 0.22530759907034664 0.37465284790502124 154.94186977789386 -0.26033949951315677 0.9644703432247362 0.04494777005817654 -10.432551002175492 -0.35121448665370775 -0.1379617441217656 0.926075019382048 503.75778680133675
0.8973149194250299 0.22685137992905888 0.3786348990802838 155.2833344034026 -0.2630571541605647 0.9636810462267251 0.046041012025297263 -10.408719374452463 -0.3544388085723701 -0.14091590601365903 0.9244002587678976 504.61053833857574
0.8956627727658505 0.22936223317875404 0.38102646033136117 155.6346294315344 -0.264348736261112 0.9635389049664048 0.04138265643114946 -10.384033687534174 -0.35764219985698836 -0.13778876807418045 0.9236375437768114 505.474318788362
0.8941099635661544 0.23064253550461908 0.3838898199584533 155.99738512799482 -0.26666778277193154 0.9628461949099003 0.042608667886151814 -10.358720478861375 -0.359799481215908 -0.14046788160832682 0.9223953098066143 506.3677224481007
0.8926675310300738 0.23204503288205786 0.38639329932005817 156.3646173903873 -0.26926869197470665 0.9620441703677197 0.044332671741286314 -10.336716422914261 -0.3614402448080559 -0.14361795492296467 0.9212680567874072 507.26932851488317
0.8918287565476533 0.233362018303552 0.38753533697969045 156.73170600716657 -0.269778076411586 0.9620264119965927 0.041532783540604544 -10.313848835937877 -0.36312705556366287 -0.14158866845287738 0.920918775182379 508.1533541541391
0.8910504580653856 0.23435024283094041 0.3887274686287922 157.08627490349303 -0.27133656638260517 0.9615556259175118 0.04227583245879652 -10.292421266825668 -0.3638757328060899 -0.143145876473845 0.9203823711498245 509.0074859674517
0.8901268555407413 0.2342941057230011 0.39087140221384115 157.45144422028397 -0.2720683603161283 0.9613005201944025 0.04336031813615416 -10.269558008652954 -0.3655858153157068 -0.14493992513256726 0.9194234224461127 509.8777601731813
0.8893978741091423 0.23385429909360614 0.3927894962006743 157.84305789729672 -0.2720367636613835 0.9612963078496533 0.043650976292282116 -10.243383150709196 -0.36737912399425116 -0.1456762688637616 0.9185918592841749 510.8060525709735
0.8887261549715947 0.2335674890985282 0.39447693152530106 158.23734843049422 -0.2720578036413518 0.9612856861755851 0.043753640211787605 -10.21709715862666 -0.3689855999185514 -0.1462055320093864 0.9178635897902296 511.7427929049401
0.8880064156285334 0.23424474285802327 0.39569433436169626 158.6229170141289 -0.27267945531022847 0.9611454690984524 0.042956977119409316 -10.193198393851173 -0.3702573705603791 -0.14604378684113492 0.9173770718035322 512.6586815981996
0.8874058613765224 0.23431569629408616 0.3969974706025378 159.0026979372246 -0.27348533399952024 0.9608600290834687 0.04420154518669322 -10.169764524669073 -0.37110188531152405 -0.1477976961252711 0.916754728233404 513.5583771529618
0.8872489214281343 0.2348673630787866 0.39702225779549555 159.3776564806584 -0.27387816508054946 0.9607717276758575 0.043685672604000005 -10.149333650361537 -0.37118742181912384 -0.14749579336092933 0.9167687215563747 514.4484163093393
0.8868596738281158 0.237704594399062 0.3962025299503634 159.74706860935154 -0.2762748721759879 0.9601443352364891 0.042368036506624455 -10.127511795121144 -0.3703405378049156 -0.14703530635484288 0.9171850984089914 515.3298517024796
0.8864191625755068 0.23851635945104901 0.39670015691093224 160.11794312143218 -0.2781734865875839 0.9594911901725783 0.044678488570239296 -10.105820386541136 -0.3699737552565707 -0.14995533420132706 0.9168603046080287 516.2162535828121
0.8859517348421588 0.24014459374944105 0.3967620163562635 160.4946372026603 -0.2797963859657725 0.9590365074320655 0.044305302312511625 -10.082149813952851 -0.36986957962323125 -0.1502649377114518 0.9168516469767153 517.1146942911963
0.8861393421145916 0.2412004917397978 0.39570113613837615 160.882518399801 -0.28100974087283076 0.9586516977376273 0.04494939331464071 -10.056439560591832 -0.3684977501848659 -0.15102729954961613 0.9172786724324568 518.038681546771
0.8867111078735935 0.24269601731859122 0.39349975139926285 161.2723357071633 -0.2815133651846384 0.9585870455335382 0.04314048397627727 -10.031886062687867 -0.36673374046576274 -0.1490285855565335 0.9183119536905838 518.9688394556658
0.8876372413542052 0.24266088552619827 0.39142792746141786 161.66956740104888 -0.2813003805608116 0.9586282136249437 0.043612428717015074 -10.005656238279906 -0.3646508242928345 -0.14882084087215536 0.9191747024720971 519.9217348323187
0.888650911358213 0.24239668079100116 0.3892857650669058 162.07765885453117 -0.28149140195614175 0.9584715853420428 0.04576910220532662 -9.979949509645966 -0.36202506593741257 -0.15025335015706384 0.9199792293305311 520.9166264703857
0.8890226147747898 0.24424414849176507 0.3872771441055249 162.4739183144451 -0.28332920308505927 0.9579053711798131 0.046280260846870376 -9.953835604325098 -0.3596711735713408 -0.15087112312302062 0.920801037743453 521.8988309736369
0.8884595977934022 0.24662094956895442 0.387062850610203 162.85113587856662 -0.28559948127562496 0.9572620285856028 0.04563271768451905 -9.929614971702332 -0.35926658539848166 -0.15108777535554696 0.9209234521686557 522.8331110231129
0.8876203184918786 0.24795646208034217 0.38813369231874084 163.24552253617264 -0.2863563337019424 0.9571395381956328 0.04340454551584728 -9.903410595755501 -0.36073566547981145 -0.14967129763336462 0.9205804051334078 523.7924087527986
0.8870437730403918 0.2484189141863782 0.3891547093184532 163.6585121249456 -0.2871093455393896 0.9569052733860511 0.04359497069519493 -9.875314272456915 -0.3615543782257571 -0.15040060119704415 0.9201402560182663 524.7908997220826
0.8863305906576512 0.24844097986725747 0.390762285266963 164.0607498297118 -0.2880389940684865 0.9565527574545692 0.04517034538365882 -9.8484947065379 -0.36256257661330454 -0.15259063447230803 0.9193826604362664 525.7635831687348
0.8857390430310008 0.24949036737702263 0.39143441881956226 164.453353260749 -0.28858811190137584 0.9564697249251322 0.04338855806368279 -9.823909048090337 -0.3635701436033089 -0.15139425975817183 0.919182532902226 526.7074473093297
0.8859188370290354 0.2478476652601737 0.39207059188646826 164.8487737804022 -0.2877151955754145 0.9566403918610438 0.045377603450979034 -9.798798146185295 -0.36382383158903586 -0.15300554070044042 0.9188152828957766 527.6494252527212
0.8854755363770305 0.2479342084573245 0.3930161609329231 165.2412964768886 -0.28805868526804707 0.9565274725705647 0.04557837271575931 -9.772293283298026 -0.36463031733450113 -0.15357025263511284 0.9184012789549761 528.5871219210393
0.8841810169830946 0.24889941342101324 0.3953138135777946 165.61979612836825 -0.28994454431902816 0.9559061172154196 0.0466439308997051 -9.74977661703449 -0.3662732455781836 -0.15586076179982197 0.9173610698655194 529.4921352766416
0.8819433705342702 0.2522464557189631 0.3981803821735514 165.99584168188716 -0.2907434485941061 0.9560328688738764 0.03833276317195016 -9.72789151845114 -0.37100422945063855 -0.14957566382941978 0.9165058551475456 530.3797586066297
0.8790859786147771 0.2527291817636103 0.40414824370272706 166.37919776270746 -0.29316058638231146 0.955211771687506 0.040340325006127935 -9.709174290491259 -0.3758519825607996 -0.15394295019492354 0.9138035102200073 531.2803655439934
0.8768433130898072 0.25493992314842157 0.4076167806589548 166.76227323631363 -0.2946057434228565 0.9549218172713537 0.03649354520249437 -9.693177069163008 -0.379938495327811 -0.15208536577941123 0.912423575585259 532.1631373897039
0.8741647452184398 0.2572474386300148 0.41189774645593813 167.16316067419893 -0.29742892435394586 0.9540889178984269 0.035360595315533025 -9.672083495056132 -0.38389065262759364 -0.1534212894669799 0.9105437247949473 533.0702238759867
0.8706110277206904 0.25908140933311485 0.41822632837865836 167.55741499951273 -0.3014258951909086 0.9527614244157364 0.037257185262193494 -9.655901923293833 -0.38881726828870056 -0.15850076177504305 0.9075784486187687 533.9536493117429
0.8673905213398344 0.26167180511654303 0.4232747924184281 167.95654056961246 -0.30256872254426326 0.9526194517033921 0.031118296455076636 -9.642145183917027 -0.39507701986795896 -0.15506142861260905 0.9054667866514357 534.8206843436415
0.8641727826985258 0.2640536046237439 0.42834693360440607 168.37562228315218 -0.30518752829606327 0.9518525510386708 0.028936026916614562 -9.631098349879759 -0.40008245927012476 -0.15573186882069745 0.9031509346825642 535.7233935932593
0.8613162948408647 0.2637264007712335 0.43426101111872656 168.80979240479095 -0.3061433452486097 0.9515331484527652 0.029341430700690816 -9.620483219718185 -0.40547563724791186 -0.15821837103138023 0.9003090884060783 536.6438071090021
0.8580346398164626 0.2639862203550954 0.4405540061532386 169.24695179367913 -0.30710908048739044 0.9512586058864109 0.028126098364978952 -9.612096346486277 -0.41165588731029706 -0.15943130241479492 0.897285400668651 537.5521578376668
0.8550654680119141 0.26400230741140557 0.44627998733421104 169.67927842933437 -0.3069513000997442 0.9513886596011993 0.025308452131942334 -9.607622979286242 -0.4179042291968918 -0.15862660578759039 0.8945354409723896 538.4364774293448
0.8528872540002851 0.26408355735909345 0.4503811793319333 170.10237888626406 -0.306826991714534 0.9514841993444135 0.02313040322463654 -9.608545563640986 -0.4224222166497255 -0.15791672846944127 0.8925367094692792 539.2968168753753
0.8517749433301544 0.2645907777316226 0.45218488061222345 170.52717840567982 -0.30636360979347876 0.9516998527254551 0.02021704520103616 -9.610583982347537 -0.42499504057015364 -0.15575336484881033 0.8916950739064639 540.1559305122431
0.8513129879564263 0.264705096691663 0.45298720547291654 170.96428114870093 -0.30689130575150475 0.9515188673896768 0.02072610565464949 -9.613510332493027 -0.42553956689224937 -0.15666223790986936 0.8912760628572023 541.0382542464288
0.8513472607718499 0.2654345640535374 0.4524956726665789 171.40010310676692 -0.30829328614733575 0.9510332060608977 0.02216056601288698 -9.61566532256531 -0.4244562301259694 -0.15836771506605446 0.8914912088921654 541.9274465870933
0.852061837898289 0.2650859229093998 0.45135360624754595 171.83157096935255 -0.30901402807739525 0.9507294102235623 0.02497837039009427 -9.616532542694785 -0.42249373350237696 -0.1607577121361013 0.8919955174438917 542.8117387375625
0.8531411355635399 0.26946636237742305 0.44669685733888514 172.2634075869059 -0.3110548728686622 0.9501620703945635 0.020902297677091022 -9.615799979727035 -0.4188019446874849 -0.15677984414649904 0.8944411727975113 543.70781421465
0.8543051020011437 0.2730532999866515 0.44227218775457544 172.7118811201592 -0.3147269502310567 0.9489253892662594 0.02208058885403005 -9.608481491865728 -0.41365413027440984 -0.15805853653720287 0.8966090338239106 544.6496873496466
0.8554907489193281 0.27227441022797066 0.44045683562462873 173.16452727820894 -0.3167828248973074 0.9480475183880591 0.02923259701649945 -9.606303567281637 -0.4096147218588878 -0.1645373769490015 0.8972977383361753 545.606766053341
0.8563311465994252 0.27770453539338164 0.43540459159919653 173.58406403521712 -0.31862710220046864 0.9476187223056357 0.02226043304096458 -9.600864242540425 -0.4064157195619417 -0.1577940054558 0.8999596183913873 546.4963184656585
0.8571786675628067 0.27882872152406535 0.4330118658056726 173.9938919832873 -0.3206478151011946 0.9468677028428597 0.02503062092558806 -9.591704098216464 -0.40302569464748317 -0.16030002297674648 0.9010406162252484 547.374180779253
0.8574979559735594 0.27867867897926146 0.4324759523760189 174.42283717994678 -0.32251072645309814 0.9460960461919583 0.029817825250060315 -9.585967084586795 -0.4008541964653324 -0.16504685777778944 0.9011522889688612 548.2991159423551
0.8569664222537025 0.2801107011757413 0.43260437609497987 174.84475012810594 -0.32403797552986946 0.9455796210144854 0.029640693929295667 -9.578103857375202 -0.400759206437229 -0.1655813256648857 0.9010964893100343 549.2042174312003
0.854873700184313 0.2809611887606208 0.43617859546681503 175.26180642615492 -0.3256980962815635 0.9450097334740654 0.0296201572893512 -9.570105571331812 -0.4038709036458949 -0.1673840316442975 0.8993724918735041 550.0888644305393
0.8510554575957513 0.2827769353522114 0.44242718375943074 175.69272726836937 -0.3278157511743967 0.944355657195414 0.02700418495323354 -9.564095770226503 -0.41017245321749424 -0.16801665856644576 0.8963977694448575 550.9847475912118
0.8452317109653132 0.2854827161953974 0.4517554355316058 176.13308569415076 -0.3307414764631096 0.9434504997030501 0.022610403735277486 -9.5590729132129 -0.41975401192324147 -0.16852528998274416 0.8918552551342522 551.8766736554431
0.8383586054012725 0.2865185139360562 0.46374776540864426 176.57809432877556 -0.3329580773558296 0.942740758873826 0.019462278425622183 -9.558665993034783 -0.43161761719506786 -0.17072493294736102 0.8857534813913959 552.7515114746101
0.831260600296986 0.2869260275993394 0.47610846356682346 177.01856719792164 -0.3344171992115202 0.942289206207987 0.01600589689610153 -9.565722995740938 -0.44403935778872394 -0.17252393036906286 0.8792408897364792 553.5903125841545
0.824010079277614 0.2891043184025992 0.487263873409339 177.45757725532602 -0.33679148450204005 0.9415158756892774 0.010924824573858379 -9.577393674352653 -0.45560825850265035 -0.17310848883294508 0.8731864439386147 554.4063399692806
0.815919941085655 0.29040484151497575 0.49993967412423523 177.90384644184053 -0.33886113040842775 0.9408137109763505 0.0065341822162471 -9.59282970574301 -0.4684525419261904 -0.17474149267868325 0.8660355805042445 555.2053058223116
0.8066012860878004 0.29087950745867797 0.5145711587546538 178.3569028288661 -0.339404437602781 0.9406404954126383 0.00029347131183851016 -9.613501476811724 -0.48394110490539266 -0.17488444908129402 0.8574476289852851 555.9787453993499
0.7966660745078347 0.29078632365150925 0.529874022486025 178.82095534758994 -0.339189982476202 0.9406970189981704 -0.0062669159683196975 -9.637036753484049 -0.5002732468522345 -0.17473532105787842 0.848053209450168 556.7366408762575
0.7864934192935069 0.29013077786201963 0.5452084309190306 179.3023680838305 -0.3399851267146154 0.940377947278758 -0.009971453486876383 -9.66473208503798 -0.5155950106632735 -0.1775202749236643 0.838241216458707 557.4974468938761
0.7766570010158218 0.28922289217045516 0.5596016631655691 179.782824768766 -0.33983282711299145 0.9403759813193596 -0.014375791249446917 -9.695157541290857 -0.5303937710696721 -0.17900595633166302 0.8286370225908848 558.2219013083813
0.7674409129288453 0.29002805563870315 0.5717675857421244 180.26876932025496 -0.33944516970359884 0.9403824827855702 -0.021395392843931417 -9.726729654467919 -0.5438854860426425 -0.17766404535663508 0.8201366136563355 558.9269315147628
0.7580774347575493 0.28979050317610155 0.5842431575811217 180.76247861295516 -0.33990965007297846 0.940118725780897 -0.025262842741316942 -9.76428445213763 -0.5565788647610375 -0.17943869623091088 0.8111853805365781 559.6256217784913
0.747682578543272 0.29012211622467515 0.5973273134724411 181.2628053913082 -0.340474211802593 0.9397665175330621 -0.030268855630639094 -9.80886350333364 -0.5701298736606365 -0.18074305021522022 0.8014261519058462 560.3127530608785
0.7367900525960359 0.29037719176248794 0.6105911110552347 181.7806134293164 -0.34109118350023376 0.9393729593752792 -0.03514609128970604 -9.858119535641992 -0.5837784022503291 -0.18237195425466576 0.7911657521451461 560.999076186128
0.7252195191671807 0.2906236886702338 0.6241750720772451 182.3190097742253 -0.34164986284887106 0.9389656068923199 -0.04023630560438587 -9.91264132677564 -0.597772548913278 -0.18406917356539929 0.7802477293197854 561.6826407230575
0.7116209367476872 0.2912443570434983 0.6393530846665771 182.8514035613023 -0.3418260845732986 0.9385827499434191 -0.047088739778655596 -9.971434688198622 -0.6138001061319875 -0.18503822847988247 0.7674700539522016 562.3273191355473
0.6965206770557679 0.2936704282154118 0.6546881899236882 183.37178962728487 -0.34232049275944015 0.93788247601823 -0.05650788807637979 -10.032156014136357 -0.6306152762744618 -0.18475427131651193 0.7537839428905317 562.929077800649
0.6808068870316902 0.29454739203731023 0.6706294180948539 183.93359846520735 -0.34164249390072027 0.9375817396657499 -0.06496836004276871 -10.100606034314568 -0.647906157503942 -0.18488459992484393 0.7389420111071741 563.5522787478477
0.6653552190083558 0.29383443960427397 0.6862679903949981 184.51909065332532 -0.33875788632393045 0.9380224418921426 -0.07319148147188688 -10.177053834482523 -0.6652409540848289 -0.18378035969370826 0.7236568609494181 564.1785631397382
0.6508671015640074 0.29165745722769665 0.7009336229238448 185.14011643642937 -0.3350536441085246 0.9388367623613622 -0.07952728593657625 -10.266838709210985 -0.6812569791725248 -0.18308867054603384 0.7087788562354408 564.8095823051184
0.6358564701967516 0.29137844466273677 0.7146923473039685 185.80151406430593 -0.33282478870402055 0.93899328882686 -0.08671368728318372 -10.36701381873016 -0.6963578170258875 -0.18272987036619423 0.694042927449666 565.4629173307211
0.6206252706489821 0.2920177711331735 0.7277017897286605 186.49345578551043 -0.3330479747956698 0.9383607318867923 -0.09251044988211317 -10.474963523493964 -0.709861479386217 -0.1849452843283697 0.6796263104738646 566.1252941722105
0.6067285370881167 0.2934279386955944 0.7387696035136886 187.196411912657 -0.33270384117946994 0.9377952175336791 -0.09923852092504158 -10.588744657966663 -0.7219339556686247 -0.18558064221199985 0.6666117227358379 566.7753854902741
0.5953133121521913 0.297673861125343 0.7463191896079867 187.9039274621091 -0.33220166638423027 0.936922578638047 -0.10871124362170545 -10.706857557610453 -0.731603795251184 -0.1832112279336808 0.6566502362240527 567.4113710828374
0.5869129707162682 0.2960324533178143 0.7535900419907666 188.6474191382313 -0.33311379558267434 0.9366235266232696 -0.10849685971629802 -10.835931780126849 -0.7379487543166648 -0.18735302495137313 0.6483289905935571 568.0702841167617
0.5811277080272785 0.2965594101407356 0.7578542757152891 189.38517741628732 -0.33365285347308776 0.9361973256849659 -0.11050041063085875 -10.968004209710735 -0.7422710827805677 -0.188645391243203 0.6429980995543222 568.7149398025875
0.5771475956330056 0.295864217043629 0.7611603102686092 190.09955969033768 -0.33318934236741987 0.9362689455840967 -0.11128936906827354 -11.095567662838487 -0.7455773031603194 -0.1893801114373116 0.6389441747165272 569.3313434358573
0.5727033094477665 0.2945732462351123 0.7650081842373244 190.77709664107667 -0.3338646070738031 0.9361192686316682 -0.11052212013877682 -11.218231425963952 -0.7486957616355517 -0.19211277286797743 0.6344661842919176 569.913509029719
0.567884187222915 0.29395806908107397 0.7688278113624013 191.43924396889744 -0.3359921575405604 0.9354779609341564 -0.10950002135943533 -11.338038919987293 -0.7514098881259258 -0.19613678448624614 0.6300107473670483 570.4785445970198
0.5646713594970184 0.2941495845016342 0.7711175511563132 192.09582840907098 -0.33564194546662013 0.9354218943530697 -0.11104217220633564 -11.456089407309678 -0.7539832492881916 -0.19611706071230806 0.6269348915879487 571.0297468366072
0.5618212563554477 0.2952694415793592 0.772769585825299 192.76612661003153 -0.3358966085307467 0.9350857327361428 -0.11308466213796536 -11.574805548638418 -0.7559962594383233 -0.1960373160975454 0.6245310451951462 571.583909771837
0.55930844594543 0.2940886463847414 0.7750393089138788 193.49181464406414 -0.33613605256877654 0.9351001874244913 -0.11225058415066878 -11.705091339990775 -0.7577510253754836 -0.19773595410616723 0.6218632293327323 572.179135462699
0.5572262559563882 0.2949881043694159 0.7761964428888919 194.23102452756177 -0.3362524413864123 0.9348596419524938 -0.11389357097807115 -11.834117171115452 -0.7592319772865942 -0.19753346078322576 0.6201188084040816 572.7784498560209
0.5553614382858735 0.2946463165688706 0.7776613793917293 194.95569871415637 -0.33596684460634035 0.9349128883525075 -0.11429860243080547 -11.958933531701375 -0.760723308562524 -0.19779140356641672 0.6182059595999713 573.3629897725618
0.5536369192948947 0.2939950206863055 0.7791361173795767 195.66093649757664 -0.3372043565379987 0.93461864792553 -0.1130539910027637 -12.082508853877108 -0.7614324549987744 -0.20013722982373258 0.6165757907289496 573.9346668067
0.5532779281249461 0.29436311022172224 0.7792521373665686 196.36654544424107 -0.33921804830902524 0.9340193140395281 -0.11197784022988533 -12.206607909702441 -0.760798692132939 -0.2023815217398273 0.6166255506440589 574.5085741597761
0.5553276814678421 0.29609847038215215 0.7771337478406823 197.07253886705826 -0.34090089743056107 0.9333995151807233 -0.11203536580666465 -12.330207886014167 -0.75854976390913 -0.20270925212664795 0.6192828229296093 575.0882898076622
0.5576212475120659 0.2958046632571507 0.7756017957163428 197.77970478474575 -0.3427594827295571 0.9330293319548644 -0.10941756125426083 -12.45341826386389 -0.7560254501814483 -0.20483131329752113 0.6216668334170311 575.6767323174611
0.5598312741225067 0.29639347095910445 0.7737828215249999 198.4894013872522 -0.34508364781470435 0.9323973692878376 -0.10748219273917474 -12.5771788101103 -0.7533300873622901 -0.2068479057615489 0.6242657473839112 576.2722457065026
0.5618582976350147 0.29764369198820095 0.7718312548726701 199.22155263486937 -0.34814653683444 0.9314546656245334 -0.10576480878098744 -12.701487692695586 -0.7504060515939865 -0.20928554299312235 0.6269691533282993 576.8879994693574
0.5648738143762504 0.29982676632490857 0.7687792166982524 199.9662144797197 -0.3504963331395559 0.9306133304961699 -0.1054094377110325 -12.827065766079143 -0.7470407581168237 -0.20991126529555149 0.6307672838807268 577.5171923437971
0.568542157758886 0.3008010427532677 0.7656882835262803 200.6754420588626 -0.35320711665464827 0.9298546932991765 -0.10302903519886104 -12.94467778364545 -0.7429700852627833 -0.2118702008967883 0.6349066627281323 578.122575552595
0.5721006509557681 0.3001545031791298 0.7632877042094156 201.36461919588177 -0.35506373064005375 0.929542111843926 -0.09940427301029633 -13.055560647423036 -0.7393447046946108 -0.21414653051130225 0.6383656249439015 578.7101279624874
0.5749732610889653 0.2995426349490454 0.7613671643041271 202.04043605579682 -0.3572687582698567 0.9290835233131747 -0.09572273017573327 -13.157772313325179 -0.7360467263679955 -0.21697469104889766 0.6412154084605266 579.286160767829
0.5773557072683785 0.3012880584532869 0.7588714602079085 202.67639562996357 -0.35938599395384707 0.9283263553413329 -0.09514139650271423 -13.253010396801429 -0.7331453434582009 -0.21779734574170137 0.644253227817629 579.831206751612
0.5801588762308124 0.30492161081844765 0.755273784522201 203.32006049067883 -0.3629489155534734 0.9269106764649596 -0.09541846023612328 -13.349621031601608 -0.7291664851247389 -0.2187679343760375 0.6484264243996253 580.3948376276878
0.5833200906339315 0.3047222460660159 0.7529156822747872 203.9510325239309 -0.36604775072345036 0.9261139748353251 -0.09122472145762721 -13.446055409012077 -0.7250839372466695 -0.22238987919238024 0.6517637805061537 580.9598534346135
0.5859982805651109 0.3074300082738868 0.7497284876456645 204.53273924946365 -0.3689574387553406 0.9249891922599359 -0.09091425954939296 -13.53414411126122 -0.7214405197671114 -0.22334230278886555 0.655470664654898 581.486656229176
0.588389221405302 0.30696945721840674 0.7480426969559311 205.099985136293 -0.37138317550762895 0.9243748741765853 -0.08721025708536649 -13.618190459750812 -0.7182427591587257 -0.2264968969457703 0.6578955043090086 582.003733702218
0.5907619143978141 0.3069388954380833 0.7461828696534668 205.63984462590827 -0.37331867794954426 0.9238503921249488 -0.08446074629427934 -13.6993338724995 -0.7152856249017181 -0.22866781023535346 0.660361648925143 582.5025966011143
0.592756030438892 0.3092892011631935 0.743626571890868 206.1480553717959 -0.374632924740463 0.9232349435843799 -0.0853663320352768 -13.775383272964618 -0.712944920788935 -0.2279855894318417 0.6631229983439585 582.9736525168641
0.5946444125713857 0.31096422742325414 0.7414170701168767 206.67473531398898 -0.3758791999108126 0.9227127414332427 -0.08553375866382112 -13.855619663812954 -0.7107129164944492 -0.2278210834400806 0.6655709611064387 583.4639251821052
0.5948712902491113 0.31281791633431083 0.7404546571246756 207.25267609560058 -0.37735419507696444 0.9220327925279324 -0.08636747629149936 -13.94475428726934 -0.7097407692215382 -0.22803613907318862 0.6665339899670678 584.0062658966551
0.5927386376325747 0.31560748278779044 0.7409809877897253 207.86541416063267 -0.3782441616947047 0.9213346798910306 -0.0898541138399667 -14.039383750005618 -0.7110501118777468 -0.22701172753505547 0.665487350713896 584.5745022708128
0.5902601473086624 0.3178540037022875 0.7419985113391978 208.4611024335292 -0.3789647996781387 0.9207310204635231 -0.0929519691083036 -14.138449552603642 -0.7127262020608414 -0.2263254742326395 0.6639263066103842 585.1250462735812
0.5896678557985876 0.31885150270068846 0.7420414672128588 209.03241462725413 -0.3789806619434044 0.9205763631760213 -0.09440771914707236 -14.241644053394785 -0.7132078783292023 -0.22555016911349562 0.6636728437280207 585.6561947491771
0.5876276326147044 0.32626429984767313 0.7404359337799247 209.5942162659822 -0.3817080547948686 0.918652990512438 -0.10186090480294945 -14.34388514471672 -0.7134372616371832 -0.22277407763800897 0.6643635932531058 586.1846599407041
0.5857813547494094 0.3331233530786153 0.7388430388530505 210.15341994508586 -0.38307668651078236 0.9171666078174993 -0.10980740301302432 -14.446166393186418 -0.7142215739389798 -0.2187104138769008 0.6648708883549705 586.7016312620616
0.5833568175301332 0.33474040715051595 0.7400295151288394 210.66621452390936 -0.3872791539965679 0.9155165655489832 -0.10883140670367364 -14.555455674764005 -0.7139395494863865 -0.22311046148960537 0.6637108117644892 587.1912313421375
0.5813457073292759 0.33931320898558787 0.739529387365864 211.11196276368503 -0.3920979593627063 0.9132287077131003 -0.11078139587613872 -14.6594696967446 -0.7129490576706252 -0.22556567473036998 0.6639456058669317 587.6276668426675
0.5818316284535003 0.3444223431103334 0.736780296762569 211.52827319019843 -0.39595802760343113 0.9112524827787365 -0.11329674755257697 -14.749965412948878 -0.7104148059461849 -0.22581444195617723 0.6665723076279657 588.0293207065257
0.5836643726265847 0.34837153600556914 0.733466545268112 211.8997138924542 -0.39939602916879796 0.9096352120568743 -0.11422168301353926 -14.828751259257661 -0.706978579598151 -0.2262764987517911 0.6700598735202834 588.3899649765299
0.5857295058266858 0.3490336979176487 0.7315028528460852 212.2251739335998 -0.4033981727215461 0.9083399240288094 -0.11040152471889994 -14.899994502760164 -0.7029870982094558 -0.23042148366259566 0.6728410507822659 588.713915660401
0.5895415170564646 0.3490462290341129 0.7284281225102661 212.51488965737488 -0.4052239891512117 0.9079230452060324 -0.10709464319090406 -14.966401104102458 -0.6987376605587737 -0.23203981119815195 0.6767002347686786 589.0054656280561
0.5970686160636308 0.3492701389086525 0.7221630271473295 212.79357983722014 -0.4068524266538668 0.9077101513114394 -0.10263227626837004 -15.041946260517156 -0.6913611000321958 -0.2325352688795781 0.6840666474031469 589.3036804945307
0.6093252965075525 0.3494492813061396 0.7117639235242321 213.09928050105975 -0.4101785264475257 0.907125262394821 -0.09421960924598836 -15.115466344791649 -0.6785840106260437 -0.23453988598904205 0.6960709607525136 589.6444751636072
0.6268419971324771 0.3501992107812041 0.696009786855898 213.42455126670373 -0.41318599389073074 0.9067539094032233 -0.08411113026528239 -15.172504017248405 -0.660565246651308 -0.23485710666317106 0.7130888404443778 590.0073145624816
0.6489069973073939 0.3505066017120854 0.6753257221532073 213.75053050181063 -0.4158873592260952 0.9066444515973224 -0.07094746523829148 -15.223448225908498 -0.6371478739519216 -0.23482112456940335 0.734099193688778 590.3916279641963
0.6733954656666308 0.35153463451997674 0.6503552471938174 214.0808763929215 -0.4181134363957422 0.9065975313376535 -0.05711453823519344 -15.26846630986899 -0.6096881999226917 -0.23346159621098747 0.7574800208386044 590.806374931741
0.700067087217818 0.35242856158880076 0.6210476490341239 214.34889936738415 -0.41904030498733214 0.906980333587181 -0.04233080771982677 -15.299701469690834 -0.5781965895700965 -0.230609591002929 0.7826288522326391 591.1802997921071
0.728667948424848 0.35125821798129897 0.5879291498462452 214.5351040252742 -0.41879857686375965 0.9077801235264182 -0.023302346389450092 -15.30998031787706 -0.5418955369397493 -0.22924421831524258 0.8085767220331173 591.4953228718116
0.7583375712948779 0.3507239392517078 0.5494696046173561 214.73169089292298 -0.41755010063966075 0.9086463164302047 -0.003712828252555337 -15.319999715402416 -0.5005757099764244 -0.2266155115467346 0.8355054568990061 591.8333108946299
0.7887879567912908 0.34980376414934145 0.5054214932192495 214.92347736511857 -0.416124477180717 0.9090822031011596 0.020247654081897295 -15.316199613879897 -0.4523869789373934 -0.22628936031483493 0.8626350020119794 592.2257844816718
0.8182283867349691 0.34915316576109523 0.4567213307697574 215.0948974621337 -0.4140454644058724 0.9090510602163436 0.046824388137702 -15.297860742112038 -0.3988341266065642 -0.227416439068397 0.8883766671268645 592.6372183369701
0.8447350592542711 0.3465730661881697 0.40781097270624894 215.25204692387422 -0.40897593574960284 0.9095234441071902 0.07420100132164473 -15.268366000034012 -0.34519757189821787 -0.2294650614196605 0.9100463845009511 593.0550330802379
0.8667622538390433 0.34465861564793393 0.36046308268602895 215.38920660848808 -0.40357211887818106 0.9093640798160019 0.10092826761901096 -15.225536686193223 -0.2930063824971095 -0.23295366277448656 0.9272970671882421 593.52562790413
0.8841269103880144 0.3456333842324766 0.3144156008084715 215.51685730952372 -0.3995498577344042 0.9081160341555609 0.12524048743915248 -15.185592107444625 -0.2422385549663098 -0.23635319378756967 0.940987593050119 594.0401194963304
0.8977128095182751 0.34597151897369754 0.27279189813086535 215.63533768192946 -0.39453006716504185 0.9068520651664119 0.14820714559751888 -15.133597739042369 -0.19610644489551318 -0.24067205895668317 0.9505888818558739 594.5864605778668
0.9076657748377883 0.3457601930953979 0.23789226565559765 215.7479682449653 -0.3891137887255996 0.9056871371314974 0.16828924225322506 -15.050012864970558 -0.15726824412999263 -0.2453175462644051 0.9566012758109238 595.1823168042366
0.9147699370497809 0.3466617578833436 0.2074164600295088 215.863326487254 -0.38410666421138984 0.905418992922262 0.18077200492343498 -14.958157579319051 -0.1251320613525661 -0.24503484012864393 0.9614051665894011 595.7686509848612
0.9200244735977098 0.34611012274265796 0.18374643103016206 215.96869283740835 -0.37865895468259114 0.9059206204632606 0.18953950896356972 -14.853653949052251 -0.10085813809479192 -0.24395821846071555 0.9645268392458201 596.3644551539439
0.9241164282440187 0.34530062588358224 0.16363466874084678 216.0645748392357 -0.37363079895010803 0.9062784825464927 0.19763435467836393 -14.736113302345482 -0.08005531291191771 -0.24377610596126104 0.9665217830121291 596.9993904114734
0.9275897168057184 0.34501286850540097 0.1433298218863223 216.15130459497794 -0.3688377014360077 0.9067544824360522 0.20434054561327872 -14.610059818622362 -0.05946484066818973 -0.24240963088913164 0.9683498869605489 597.6652120781231
0.930359777100828 0.3443974316727369 0.12578193117504247 216.22967409883046 -0.36439211831333 0.9065192615877153 0.21316944546906857 -14.467417858503234 -0.04060873383922961 -0.24415822211772592 0.9688847678172527 598.3843466012827
0.9316706765820587 0.3453875500291318 0.1126818116734275 216.3087482017482 -0.36236608557347466 0.9057102804927629 0.21995387661025856 -14.304135234021157 -0.026087744695347595 -0.24575664404975464 0.9689804443238875 599.1828473213594
0.9318987369552485 0.34678812530520065 0.10631434620275704 216.39111107531488 -0.3622563342481124 0.9046270988450359 0.22454433934601048 -14.120505691531456 -0.01830552808131113 -0.24776563156039438 0.9686470458630166 600.0413746978161
0.9324886904168895 0.3459695004010103 0.1037783553390224 216.4807056880397 -0.36089562036029216 0.9041972279605524 0.2284331940704227 -13.92705966461295 -0.01480518319230011 -0.2504645239165239 0.9680125664524802 600.9467940878891
0.9329080615133245 0.3461693189854863 0.09924389833424659 216.5704910559681 -0.3599107529108554 0.9055460188832805 0.2246122383660008 -13.728482604576568 -0.012116051444071864 -0.24526151405748267 0.9693812413182141 601.8583275879255
0.9331721332919861 0.34615734738717485 0.09677220932251741 216.65173572724143 -0.35929869314189133 0.9056566482088095 0.225145474442006 -13.540663829139918 -0.009706634525722724 -0.2448696110281181 0.9695074289767603 602.7161446226909
0.9330611000119745 0.34626379088809606 0.09745958528667914 216.72702706962735 -0.3596304541816953 0.9039188626716966 0.23150945149469868 -13.35735871316134 -0.007932217187814136 -0.2510618983958215 0.967938532709788 603.5539100088141
0.9338768435089111 0.344087085480332 0.09735563036355965 216.80996815046274 -0.3575266858672077 0.9037431900507554 0.2354207198393919 -13.16501545632756 -0.0069792586029495335 -0.25466119461460435 0.9670051529887633 604.4238003421747
0.9347608366301411 0.3422805758078506 0.09521652024290506 216.90017082724128 -0.355216857578854 0.9053667040303295 0.23266309403311936 -12.959415495441611 -0.006569809306665996 -0.2513068615416349 0.9678851682652098 605.3322515475534
0.9348289260463406 0.3420296243252414 0.09544954222510678 216.99553577174504 -0.35505208926966925 0.9046480926155188 0.23569014071943808 -12.735004694219326 -0.005735236027536666 -0.2542195205153218 0.9671295375784332 606.304717466121
0.9349666962351603 0.3413871372539304 0.0963955364561992 217.0894276378549 -0.3546935506434541 0.9038574266935544 0.23923678091557624 -12.50732641280199 -0.005455461763432712 -0.2578692977624019 0.9661644079598871 607.2895612881558
0.9355415047749451 0.33977578585909707 0.09651169974291783 217.1818693450945 -0.35317242603687526 0.9041581668231835 0.24034817838745984 -12.289700236968347 -0.005597350325146584 -0.2589409676176709 0.9658769305447603 608.2363126505978
0.9365267403077362 0.33753177596132733 0.09481542545894688 217.27199528149646 -0.35054847361528385 0.9059661458910536 0.23736282384844273 -12.07863557396329 -0.005782070093304099 -0.25553403435884003 0.9667827703004108 609.1498600987146
0.937899495151782 0.33397882686854713 0.09382259960981923 217.3585555394569 -0.3468688283801403 0.9068642643515314 0.23933077934178615 -11.869522156606626 -0.005152949856604228 -0.25701235232118175 0.9663943800861601 610.0555642741776
0.939144712829842 0.3305668914513976 0.09344912326991808 217.44321563749497 -0.3434842406141651 0.9076501164168247 0.24122570886668976 -11.663820861970168 -0.005077874896771971 -0.25864415022321074 0.9659593256146201 610.9696811116744
0.9390611416431662 0.33130103870360317 0.09167220958256554 217.53012751741173 -0.34372249808302724 0.908362766390963 0.2381846530449057 -11.443771507940049 -0.0043607989405589085 -0.2551797530927419 0.9668837970739467 611.9194778554249
0.9385970776778861 0.33214405726612806 0.09335872212776959 217.61452221308517 -0.3449853517419311 0.907065828859204 0.241281348635702 -11.21702723256095 -0.00454234058955834 -0.25867336031907595 0.965954170653666 612.8953271330961
0.9391195279841125 0.3305282087142876 0.09383824062196074 217.69987756518185 -0.34354804766102787 0.9076037623627571 0.24130924038102178 -10.999530175399897 -0.005408429272650818 -0.2588561642864513 0.9659007377074076 613.8349952522194
0.940355361013225 0.3270458448294436 0.09366328199185485 217.79262038175727 -0.3401343280104614 0.9090005105141772 0.24088734045988944 -10.775885740963817 -0.0063587673776091735 -0.25837779948122985 0.9660230218854416 614.7976682858084
0.9398229321556046 0.32785021682898785 0.09616179865014367 217.88142734220932 -0.34158424116522224 0.9076262991774544 0.2439973508647564 -10.551316365436389 -0.007284393044370553 -0.2621616607489084 0.9649964773258787 615.7589584849715
0.9396986996553258 0.3283526388011289 0.09566032855070378 217.96838706856335 -0.3419284737778632 0.907849766156733 0.2426802853737988 -10.333765553810549 -0.00716049481773695 -0.26075533874017415 0.9653783613860775 616.6836131204246
0.9404622293429007 0.32605901368400675 0.09600163943807057 218.06120186987107 -0.3398197421341495 0.9080311076246157 0.24495315968955347 -10.101271328072862 -0.007303289345575532 -0.26299244700452673 0.9647702497399636 617.6681096093711
0.9410408717064009 0.32398268772637834 0.09735140385044308 218.15745938025486 -0.3381974974736526 0.9078130080320993 0.24798789315261394 -9.858666568978867 -0.008033086618434765 -0.26629074430273736 0.9638592786387857 618.6955944617055
0.9420575684666329 0.32072250275585773 0.09830876828013442 218.25804314011214 -0.33532580524313615 0.9083714282092611 0.24983585161283692 -9.613940120339139 -0.009172896640711003 -0.2683252217721776 0.963284710419581 619.7186035477774
0.9428054108586718 0.3182840657570551 0.09906165121161997 218.3606136483239 -0.3331846693997261 0.908958544923455 0.2505640430860597 -9.368464805269877 -0.010292391977074038 -0.269238959097298 0.9630184056245235 620.7466880859766
0.9430294204096397 0.3173541054882943 0.09990937879692163 218.4674826213758 -0.33252073712057617 0.9091066203467386 0.2509085734416456 -9.109437603828571 -0.011201411815096252 -0.2698361068712967 0.9628411103613598 621.8212536123507
0.9434491287555417 0.31547322402681716 0.1018841811692966 218.57680219389906 -0.33123975472455697 0.9096119753351697 0.2507713684152721 -8.85448735497496 -0.01356341920122969 -0.27033812022905446 0.962669898984381 622.8772253278524
0.9440884751166643 0.31300480181797535 0.10356131126431695 218.6847506095449 -0.3292827915671308 0.910839661709528 0.24888542310595888 -8.616548418773371 -0.016425417183524138 -0.2690708172503382 0.962980322215666 623.8611446738676
0.9449127188426792 0.31009005445674986 0.10480511388452732 218.7927473505047 -0.32683864280945046 0.9112450003401819 0.25061733962657184 -8.37591418472719 -0.017789191544751615 -0.27106587295717277 0.9623964033505921 624.8562789364996
0.9456502198355726 0.30779360675523804 0.10492262561305854 218.90435155468398 -0.32465317011971945 0.9120641251944284 0.2504782438946354 -8.12258365006346 -0.018600560640830918 -0.2709282694255549 0.9624198106699208 625.8950347850113
0.9455266354199685 0.3080967106562054 0.10514655769079241 219.0200427326751 -0.32500909426954366 0.9118980640930842 0.25062124679559394 -7.855320616558695 -0.018667360646008012 -0.27114265172804114 0.962358141265716 626.9918263693144
0.945331768588558 0.3088081679919652 0.1048110808964304 219.13349974226864 -0.3256130250199518 0.9115518647328607 0.2510963078967958 -7.5887063626288125 -0.01800014540465408 -0.2714971699364335 0.9622708981788467 628.0907836320177
0.9458183754546086 0.3072829357808928 0.10490375603515836 219.24553464106796 -0.32417866369107284 0.9119018315222678 0.2516808369220939 -7.327289667744633 -0.018324700812815096 -0.2720519197583639 0.9621080803609932 629.1679590866961
0.9458970763377452 0.3069604590580771 0.10513799289773207 219.35416778529344 -0.3239522591615241 0.9116845577018277 0.25275719778508654 -7.073092201678522 -0.018266219090285574 -0.273141984731164 0.9618002918575519 630.2149508035653
0.9470624419341828 0.30396291038751944 0.10334060279684298 219.46335204536624 -0.3204754037399744 0.9142954604668077 0.24770814796346607 -6.829454013590603 -0.01918975443738176 -0.26771320490132544 0.9633075278674509 631.215783900328
0.9479705251121558 0.30122560469254606 0.10302921234386202 219.5757331783887 -0.31775936821055056 0.9151072091723643 0.24820914494675692 -6.576770725016273 -0.019515825194414 -0.2680334508944335 0.9632119194489902 632.2619158118188
0.9469077658409872 0.303164589795944 0.10703697718027218 219.68557603056308 -0.3208970365055024 0.9116707594782691 0.2566739532447807 -6.306461307510774 -0.019768028531441818 -0.27739440839024665 0.9605527404790487 633.3826152049984
0.9462410396110401 0.3048680902407994 0.10808951155754634 219.79406154314643 -0.32280149661848756 0.9113740375099939 0.25533616573763795 -6.051057392356328 -0.020666125342844427 -0.2765010150174176 0.960791392528918 634.4134653443668
0.9468720003456875 0.3029474663838164 0.10796410316853322 219.90224835041727 -0.3208998070839968 0.9122605819545558 0.2545661886924312 -5.813133833027471 -0.021371213695373457 -0.27568725618636003 0.9610097855909838 635.3673301419503
0.9476397886884319 0.29996804317781234 0.10953540051791866 220.01529375699147 -0.318512722755309 0.9125327210316644 0.2565807445806249 -5.561723909385385 -0.022988613214955555 -0.27803454123296045 0.9602959531018737 636.3803739065015
0.9487075695518677 0.2963641376563397 0.11010106896031854 220.1302803753291 -0.31519646653459293 0.9137206223378214 0.25644845836677066 -5.308918442175129 -0.024599491033318134 -0.27799806155043727 0.9602665998643848 637.4000221456045
0.9496620408861332 0.29345091246089783 0.10967483793402028 220.2406425552097 -0.31227525766875397 0.9146853410877314 0.2565831059269796 -5.06232649882249 -0.025023419988099847 -0.2779159743071443 0.9602794070878619 638.3875631792301
0.9501949517310903 0.2918406579467793 0.10935531113734169 220.35043616435948 -0.3106494731136754 0.9150858950574742 0.25712780775532385 -4.811183356019258 -0.025029154179678426 -0.2782927146657892 0.9601701445082539 639.3870598474952
0.9508186361127696 0.2893878651873911 0.11044720323729254 220.45947464533475 -0.3086763556192776 0.9148831045305132 0.2602072491807502 -4.559872491830237 -0.025745459837748133 -0.2815023419563266 0.9592150972388059 640.3893456902352
0.9518582827791506 0.28641431334742584 0.10923667247976786 220.57358577582582 -0.30539109852353036 0.9168434651506776 0.25716597238571715 -4.304404196096596 -0.026496913920703993 -0.2781454682719516 0.9601734281016432 641.4089227871539
0.9528232634847549 0.28409198009770537 0.10686241344097402 220.69355180352397 -0.3024858592074112 0.917879440006103 0.25690394818616347 -4.030914568669488 -0.025102460871778635 -0.2771084272595302 0.9605106902059635 642.5077502309989
0.9533221216003158 0.283389994965171 0.10424511125763329 220.81135281169742 -0.30112761948993 0.9177989499844067 0.2587803010042506 -3.7432501829303093 -0.022340305454585693 -0.2780920677782155 0.9602945967728019 643.6632054349691
0.9541620899989776 0.2816979170775034 0.10109890960332951 220.92375543953915 -0.2986849913772134 0.9177331456997088 0.2618265632248059 -3.460428597281987 -0.019025822841087215 -0.2800217077269474 0.9598051162954434 644.7984891384842
0.9550095371571212 0.28040418558450203 0.09659335715066754 221.02768202902132 -0.29617654061008064 0.9186030986664429 0.2616253120641367 -3.1864042919681825 -0.01537012463156438 -0.27846335454975824 0.9603238617475418 645.8967931699907
0.9557978341383945 0.27936386789527307 0.09168603803715022 221.1262434894221 -0.2938312056042447 0.9188518185575746 0.26339050504260103 -2.9059168269655955 -0.01066409253118621 -0.2786882933458693 0.9603224001773879 647.0033090274671
0.9562138306003735 0.27936352403177095 0.08724179966686692 221.21674366973872 -0.2926281783684066 0.91759005869759 0.26906733990609805 -2.6189073686633986 -0.004884607799184118 -0.28281532069516035 0.9591619440880398 648.1261647694866
0.9569543138402848 0.2787307025859918 0.08091746819069566 221.30144414109458 -0.2902345319517625 0.9175235008818892 0.2718722894893587 -2.3296049303838773 0.0015354755662029124 -0.2836544037475256 0.9589253472243955 649.2434150863033
0.957296152976805 0.2795550673007261 0.07370915711293674 221.37378015461124 -0.28896711024228766 0.9172165693037577 0.27424765120757016 -2.046211204050214 0.009060060376996616 -0.2838357435932525 0.9588301131925493 650.3248406707725
0.9572313203900924 0.28138308355041747 0.06731834486900745 221.43042807802013 -0.28887100725514375 0.9164923916066955 0.2767584457508761 -1.7802130434144212 0.016178393975999284 -0.284368170544281 0.9585786369149181 651.329362036695
0.9574390478624566 0.2818678242642053 0.06213693968002335 221.48151602731676 -0.2878615445587769 0.9167276447786513 0.2770309666135256 -1.5279596078353752 0.02112346544654103 -0.28312710033331784 0.9588497506201804 652.2808522588062
0.95770592281296 0.28197273515580523 0.0573649896516522 221.5319346603544 -0.2865948877146488 0.9168825498989148 0.27783045194271627 -1.26503046582293 0.025743654457127268 -0.28252038213130887 0.9589157929326105 653.2682065599222
0.957822259769115 0.2827095698470325 0.05149580378725526 221.57647972060445 -0.28553558644730265 0.9161620227501882 0.28127669107567493 -0.9917661301970213 0.03234111258111992 -0.28411696040045215 0.9582440217657656 654.2941579225409
0.9582498937609932 0.28272071534686793 0.04273333851694536 221.61468537993696 -0.28308714034048676 0.9170305106097136 0.2809211874970194 -0.7142536068043963 0.040234463844994586 -0.2812899566721957 0.9587789881899091 655.3156005490912
0.9587379267719113 0.2820331084804901 0.03576189997655008 221.6472318740537 -0.2802398570221011 0.9164059711423473 0.2857721445328178 -0.42642756594834946 0.04782478756181844 -0.28400250311482456 0.9576300788504855 656.3670140416051
0.9585216979442038 0.2835781935018754 0.02862800622426592 221.66868953342617 -0.27941707574598174 0.9151113333354037 0.2906842709584851 -0.1268503538424815 0.05623390749119245 -0.28662633474842314 0.9563906586102578 657.4531321767245
0.9585335450793121 0.2842918558615148 0.019788472616780812 221.68119004098085 -0.27751275813190046 0.9153740753258697 0.29167956955422214 0.1767734424909455 0.06480827132175838 -0.28507620544711765 0.9563113745303691 658.5356244938853
0.9588299027976431 0.28375430143240454 0.011345215717353658 221.68782734791222 -0.27434056462148304 0.9152194367998149 0.29514511194833903 0.4895189575080945 0.07336533312287877 -0.28610641188627767 0.9553850788940208 659.6373219750894
0.9589123178513295 0.28368987894512787 0.0026868675241736887 221.68406313920232 -0.27147729129642034 0.9147995066916371 0.29906845849587355 0.8204172990404237 0.0823847497013383 -0.28750985225003817 0.9542278752351635 660.7885520661024
0.9587774168146804 0.28410385955587514 -0.005555357020659114 221.671017093706 -0.2692045311644679 0.9144072770929553 0.3023048990670977 1.161249893299564 0.09096584747414967 -0.28834758293577784 0.9531950933614849 661.956986317547
0.9589305628598679 0.28324212554776146 -0.015035755000856112 221.64970681988365 -0.26559776524773576 0.9152726844482475 0.30287578344646393 1.4924009438951247 0.09954899652265747 -0.28644338256990226 0.9529114260377247 663.0758203411452
0.9583217478153477 0.2846516521018468 -0.024348811466456073 221.61639369869297 -0.26399463677635293 0.9148998861907077 0.30539323830359066 1.8233595450991633 0.10920741466338753 -0.286237026263064 0.9519149675147578 664.1825729190824
0.9576555819057575 0.2861808825835576 -0.03156404423460031 221.5729852682782 -0.2629606924510702 0.9140222472266888 0.3088931948106495 2.1624017649044776 0.11724956575783624 -0.2875131892946353 0.9505728300931137 665.3026448838966
0.9571641120459556 0.28728653189017206 -0.0361014017151318 221.52241770415108 -0.2621843487308258 0.912858668788445 0.31296711983590736 2.503914218494044 0.12286671596438357 -0.2900956728603657 0.9490775893971076 666.4205494398174
0.9571133547723382 0.2869513566065234 -0.039911715800236544 221.46983759174842 -0.2608244709984527 0.9134261898768722 0.31244710108336754 2.8450081408826344 0.12611352601850426 -0.2886373409465575 0.9490963407191528 667.5316060557708
0.9565448142032625 0.2884065310340814 -0.04293822629937197 221.41655918426613 -0.2611522497103788 0.912869998720005 0.3137959016751951 3.1770671118755387 0.12969780604179948 -0.2889464280689914 0.9485190777280763 668.596967042562
0.9561622412671843 0.28935349749449835 -0.04503689446019529 221.3608944285574 -0.26087932941606534 0.9115429478991852 0.31785441576087925 3.4978465603568556 0.13302535043494948 -0.2921711957448369 0.9470692944651392 669.6260193294131
0.9560407493456521 0.2893030298701282 -0.047852298780415886 221.3041708447099 -0.25997150924103624 0.9117231690260661 0.31808124346463373 3.8179982178958265 0.13564991696843715 -0.29165839602012855 0.9468550470148149 670.6394086071376
0.9558863436783149 0.28919430534751617 -0.05145825224269073 221.24081228590808 -0.2587714762775048 0.9119732773545207 0.31834268400014737 4.146969555622555 0.1389914423065865 -0.2909834963461418 0.9465780389485672 671.6804235631723
0.9558117223207372 0.288786362360477 -0.055012620269094446 221.1736979184809 -0.2574622939645025 0.9126256334135695 0.3175336524260374 4.487557012578365 0.14190531582997165 -0.28933871180864706 0.9466498778260704 672.7565484872309
0.955632766864454 0.2889776998406196 -0.057078050858584195 221.10001138273822 -0.2564372035651597 0.9115249548934258 0.32149994904233076 4.838432355319993 0.14493438350740254 -0.2925989501029792 0.945187747950622 673.8610025500772
0.9557192209045444 0.28828961597599106 -0.05907510570476179 221.024286731859 -0.25504536220312285 0.9115831912431375 0.3224406126120865 5.190733214566492 0.1468081537663719 -0.29309585934194954 0.9447445068505657 674.9647481625251
0.955784321054683 0.28731380767776876 -0.06266663820361806 220.94770823471444 -0.25364480878314016 0.9132907880877514 0.3186914610895946 5.526478503228143 0.14879732055183303 -0.2887052342992052 0.9457846716271314 676.0211165105128
0.9558629704272996 0.2866395660613649 -0.06452705582973824 220.8682475722737 -0.2522960682539999 0.9133085877033608 0.3197094267782355 5.849759321657916 0.1505744855859531 -0.2893184798720051 0.9453158950822114 677.0363809875689
0.955642984733088 0.28717429143455225 -0.06540192710845964 220.79011962322966 -0.25199605649405654 0.9121762314938074 0.32316019279794134 6.151033269958855 0.15246138278882734 -0.2923447434739022 0.9440816054353044 677.9772181938688
0.9556522643849507 0.2868024808830092 -0.06688113736525109 220.71654127394942 -0.2512163680393865 0.9124180374656712 0.32308460399157846 6.4450285628680515 0.15368502205816148 -0.29195489697322635 0.9440038411618566 678.891215461478
0.955792298674092 0.2859197556854158 -0.0686365435033681 220.6413412247782 -0.2500993197911092 0.9132502246455607 0.3215965755801203 6.752455680711581 0.15463315309247788 -0.29021357737643527 0.9443858678903739 679.8436176446388
0.9556898108808043 0.28631386389833174 -0.06842044079237093 220.5615126224917 -0.25008224295885584 0.9122694120580491 0.3243815524655061 7.062666405635352 0.15529281095814507 -0.2928974072313925 0.9434485951560109 680.8083424331322
0.9560575012445219 0.284603352624271 -0.07039166136061815 220.484471125746 -0.24827386639910656 0.9136367515084247 0.3219129906611008 7.3657354409486695 0.15592992521424903 -0.2902909195413469 0.944148844438483 681.7539755886252
0.9561819318213185 0.28388071298421824 -0.07160903611992928 220.40540149874522 -0.24708886097869048 0.9136678427070857 0.32273544581163666 7.661187645902519 0.15704524201231432 -0.290900006872731 0.9437764449077671 682.6802231611975
0.9565978132996643 0.2828931993877109 -0.0699432722317687 220.3306525398194 -0.2463641937805561 0.9132782406440524 0.3243879455050132 7.936448852711588 0.1556448123554351 -0.2930772814571137 0.943334722927421 683.5504476271424
0.9571789443888951 0.28099198158281613 -0.0696561174967775 220.26430691286134 -0.24554880339065013 0.9154686855099563 0.318783423352117 8.194169252619256 0.1533435801459649 -0.2880288043526864 0.9452645948575378 684.3634779263643
0.9573654401534045 0.2801868509643499 -0.07033308287400346 220.198379180877 -0.24449580646837213 0.9155671177185645 0.3193096515483102 8.43991678867135 0.15386102371705496 -0.288499881281093 0.9450368267329798 685.1450298873424
0.9566928993144537 0.2809970055585093 -0.07602222877854743 220.12607752844667 -0.24345998603815555 0.9155260782957501 0.32021748103235653 8.66979005083766 0.1595804862745046 -0.28784141958300274 0.944288825292791 685.8802979263816
0.9557745332291839 0.28032182230221575 -0.0889646984578855 220.04478212566417 -0.23920040622579444 0.9169343932479572 0.3193970634498976 8.894856786128969 0.17110875866521827 -0.2839911872227176 0.9434356354769964 686.5889068802805
0.953898901218437 0.2803933460676964 -0.10703484355676741 219.95139398136095 -0.23352742989305367 0.9174345248118727 0.32214722126810375 9.112992745796408 0.18852539813458805 -0.28230030847340104 0.9406193226242071 687.2675929361354
0.9506543561748227 0.2823227902189859 -0.1286473365787331 219.8478578779369 -0.22783931154325446 0.916731279468354 0.3281661307323059 9.311381475659068 0.2105838151457289 -0.2826616411317322 0.9358188144247741 687.8761881401774
0.9462105459684291 0.28424140635134004 -0.1545717490796486 219.7301457944035 -0.2208768093964796 0.9165603345304034 0.3333625477409674 9.507510652847289 0.23642977344014843 -0.28128984354386244 0.9300413894822713 688.4642908243117
0.94017129439037 0.285386326640239 -0.18609831211252106 219.59933772801276 -0.21152224401516925 0.917131096933984 0.3378296779790919 9.706178799048258 0.2670885199538251 -0.27825383304361007 0.9226258867522731 689.0360445449111
0.9318332397364655 0.28677075008010533 -0.22237209856620616 219.4459794487387 -0.20079682749684172 0.9178895986569139 0.3422854346078072 9.905477229547877 0.3022704871294042 -0.27430133352928915 0.9129026952718513 689.5838596451355
0.9200324029493556 0.2876387842033081 -0.26609078778732476 219.25169002872818 -0.18447842409309606 0.917069829876489 0.35348357553702214 10.124669424359785 0.3456994193911279 -0.27612833420776167 0.8967971088715038 690.1636984159892
0.9029563949919512 0.29009770026375675 -0.317037967828493 219.02794565318433 -0.1652724217915464 0.9154444776692203 0.3669420048183194 10.3476047479216 0.39667968858803054 -0.2789349970989848 0.8745515948502388 690.7228548575476
0.8815203579770197 0.29197736191150614 -0.3710405349867668 218.80318654549754 -0.1436234447393974 0.9144448033460404 0.37836887788851364 10.554609478879916 0.44977123584468653 -0.2802497489108988 0.8480365048994797 691.2201282447396
0.8569691093907603 0.2932863516946078 -0.42377713654664734 218.50089891791518 -0.12047199274984932 0.9135002910316957 0.38859196755451536 10.780775212020286 0.5010892580298323 -0.28195803622999804 0.8181743220686157 691.710580351424
0.8301863689070187 0.29478877986996943 -0.4731703373456075 218.16729330152805 -0.09776039642783271 0.9125861395373005 0.3970257457831692 11.016589510608789 0.5488474266781733 -0.2833480424975338 0.7864352414799114 692.2116746462538
0.8019217180881753 0.29555278138058966 -0.5192014170596114 217.80488676644674 -0.07606688569903655 0.9124978054423992 0.4019472402727217 11.258870455698602 0.5925667784803326 -0.28283618665405164 0.7542335875313685 692.7037941698171
0.7722242779287143 0.2965089132984052 -0.5619182582120613 217.38772062261086 -0.05496435861616193 0.9122845128047566 0.40585205060280766 11.517988915416584 0.6329680749132538 -0.28252333006530567 0.7207856714096248 693.2003623582193
0.7451543223190706 0.2969660706883757 -0.597123260968048 216.9379446784865 -0.03799731302554057 0.9128334044682695 0.40656042587751934 11.789811662672115 0.6658087113668959 -0.28026117916468246 0.6914856696426751 693.6878017218684
0.7209802032927549 0.29698873911368284 -0.6260872425625722 216.4887481590565 -0.02540370493113395 0.9142231699549398 0.40441395536419794 12.058432895402754 0.6924898542474904 -0.27566952018170093 0.6666814212253735 694.1507798409023
0.6968726677055435 0.3011448991039956 -0.6509072397420433 216.03263520421004 -0.016352067740740883 0.9140093799683222 0.40536337181660564 12.318338491695908 0.7170084343196823 -0.2718429750307528 0.6418724967163423 694.5747247913794
0.6747841884155416 0.30368066363829355 -0.6726398394360736 215.49118852217038 -0.006929644428088871 0.9139843899333068 0.40569017117295764 12.62423450324216 0.737982573705152 -0.2690921579876488 0.6188466138043204 695.059701959353
0.6530092387504648 0.30236407650879166 -0.6943737461508221 214.90038266601022 0.005393285290633946 0.9149668247120093 0.4034930261481597 12.95762296254741 0.7573307379080246 -0.26722962955745 0.5958510539608688 695.5671358021177
0.6323896153520807 0.30653528348453163 -0.7114207576209086 214.25078003144648 0.012572193429789682 0.9141941906180181 0.40508137675365063 13.310733379532895 0.7745484583595866 -0.26511337540631125 0.5742730916850128 696.0834714359537
0.6182936691493673 0.31081085554902926 -0.7218791801698506 213.57932527715795 0.017989209671024617 0.9126459746523737 0.40835488644833573 13.66577100906238 0.7857412595920018 -0.2654692769864388 0.558691986653715 696.5977518999075
0.6096660341454058 0.3066578263100459 -0.7309365939479383 212.93096527249247 0.02115346913135115 0.9155103282980673 0.4017379363755389 14.007016989380734 0.7923760834055523 -0.26038781911288805 0.5516686742099047 697.0861138166994
0.6028428792599029 0.29724641272843366 -0.740422199184837 212.25134331530896 0.02642978244445307 0.9200611624868374 0.3908822378713451 14.366310192432092 0.7974220523195793 -0.25520977137141587 0.5467961622679723 697.5985665148934
0.5946908461544846 0.30108079223032713 -0.7454482906614143 211.54372238158444 0.029139091190421563 0.9185456384336971 0.39423955088122603 14.724892061602755 0.8034262323727426 -0.2561723378204483 0.5374774622911632 698.1089045708536
0.5911767541674658 0.30467659288609045 -0.7467812391050982 210.84735708628688 0.03039289118111128 0.916831904768755 0.3981149715393184 15.068217441492337 0.8059691789998384 -0.2580531575963052 0.5327497070453494 698.5995689297766
0.5901460053983184 0.30354054363915794 -0.7480580396464267 210.17104674207366 0.030504261949492264 0.9175750434269183 0.3963906276427436 15.406441729496487 0.8067200148225687 -0.2567473038754969 0.5322439662761247 699.0786859032786
0.5905753842566204 0.30099891860984024 -0.7487458624298731 209.48152506827168 0.03130684502422291 0.9185898507714518 0.39397026222078424 15.754000234789007 0.8063749729280884 -0.25611000967434255 0.5330732275962052 699.5685293461235
0.5906462046782956 0.30238632020663886 -0.7481307200289368 208.77451891253722 0.030857203492410633 0.917989291735751 0.39540295048358515 16.107431812715344 0.8063404330006982 -0.25662847388858745 0.5328760948831012 700.0693796262306
0.5907517204914763 0.3033450405439129 -0.7476591409952632 208.11100781221182 0.030078321936885668 0.9177120407116937 0.39610592634072245 16.44029106759832 0.8062925643250236 -0.2564885898245639 0.53301585717874 700.5381649648629
0.5908254709377047 0.304634854752023 -0.747076213087698 207.45411674348043 0.03011474387039216 0.917002931584429 0.3977420340713131 16.772222041333798 0.8062371642964995 -0.25749413340070393 0.5326146882797756 701.0044429880261
0.5903367907434146 0.3060045472615478 -0.7469027316525381 206.72605748807715 0.02916291260886263 0.9166596256650766 0.3986033808232581 17.138606182645937 0.8066300254905804 -0.2570920997051823 0.5322139177494788 701.519147958448
0.5899887346992952 0.3063019618987685 -0.7470558219202179 205.9640948679895 0.02847456308647932 0.9167790656335268 0.3983783930801892 17.525170632236904 0.8069092217746427 -0.25631085219530947 0.5321675063943285 702.0588175939728
0.5890147745396375 0.30626867215307474 -0.7478376132768496 205.20113908053654 0.027754327760528233 0.9171889975289917 0.3974846413414317 17.915340308006147 0.8076455241407472 -0.25488005663323016 0.5317375894800576 702.5995593481142
0.5881566607865735 0.3076054665940467 -0.7479643168586646 204.43285637201166 0.027409729892923035 0.9167303606502835 0.398565117100331 18.308076943759527 0.8082824067611428 -0.25492022827438227 0.530749685008813 703.142428606219
0.5877952863894216 0.3076888566072132 -0.7482140528071671 203.65297952116612 0.027112758435487477 0.9168401335552012 0.3983328605983971 18.706228999040455 0.8085552545302009 -0.25442432474555143 0.5305720152339127 703.6933339817023
0.5869602727555724 0.30753993038550026 -0.7489304570019759 202.876452867432 0.02713343249731478 0.9170523526981266 0.39784263126485964 19.101735794964164 0.8091609327245224 -0.25383887336126404 0.5299286851294883 704.2418015445131
0.5857370348854113 0.30903550102399996 -0.7492724371485278 202.06705247558727 0.026169238039255166 0.9167627414178753 0.3985740168756981 19.5089333829807 0.8100785745494646 -0.2530674515911332 0.5288946662626502 704.8090809201301
0.585342125815534 0.31356754678216675 -0.747696455355225 201.22622657200495 0.025171560595541785 0.9147140862538009 0.4033169137862455 19.93112942005552 0.8103955751871662 -0.2548990663260485 0.5275277032565913 705.3968596277695
0.5855623672808777 0.31463068380502646 -0.7470771357984387 200.41107573006315 0.025078629982896918 0.9141312091747961 0.4046420575407468 20.346760708926904 0.8102393327545862 -0.2556788321723375 0.527390328349313 705.9696663394899
0.584613903054629 0.31524776027148554 -0.7475596524686493 199.60921167252147 0.025135151638714586 0.9139411348205457 0.4050676810547034 20.758786516214485 0.8109221963341078 -0.25559822324646325 0.5263788937314274 706.5314366380446
0.5837591183526415 0.3180752737928293 -0.7470297262771852 198.78125722680554 0.024669427068324794 0.9126969212333312 0.407891835342805 21.184765592062593 0.8115520384474856 -0.2565393735332235 0.5249484152932703 707.1122716820252
0.5828572501729579 0.3166486779614994 -0.7483388541737329 197.9687397404379 0.025336645832663908 0.9134180103763092 0.40623342144404817 21.604673489976726 0.8121794631106909 -0.2557364914622528 0.5243694943794983 707.681723142331
0.581433774974224 0.31754303209542667 -0.7490668782471089 197.21534034501877 0.025654025700708093 0.9130757293367346 0.40698228887943083 21.993263056346382 0.8131891761973795 -0.2558498295169193 0.5227468110391438 708.2081053227464
0.5804674022413865 0.3198387915440583 -0.7488395972161033 196.45088208872158 0.02537746234147406 0.9120776898475854 0.40923131855639044 22.387694299807563 0.8138879402843157 -0.25654908907640267 0.5213146703804012 708.7396650756706
0.5798373037005827 0.3216583939012357 -0.748548314319202 195.65398359275358 0.023811517263474653 0.9116830163736479 0.4102037168303832 22.802231988839104 0.8143842538279162 -0.25567548824384434 0.5209686476443897 709.2933189810828
0.5812881040651066 0.32049240515263583 -0.7479229628189494 194.853904712921 0.0232877810224264 0.9122364256914189 0.4090016905793896 23.22255580942329 0.8133645058197756 -0.2551652834560899 0.5228086253987494 709.8529499119429
0.5832085228162277 0.3215090399774546 -0.7459891126064054 194.02956336136174 0.023098226922315553 0.9114062049173788 0.41085910182342217 23.65604964761675 0.8119940214235333 -0.25684755566460077 0.5241135776924338 710.4315328518966
0.5849972503392955 0.32310848566211287 -0.7438945648333527 193.17089231020583 0.02246339791684022 0.9104091323435903 0.41309878661093113 24.105807845595116 0.810724128695758 -0.25837205390392143 0.5253287246210487 711.0352562126898
0.587073419231927 0.3234502356339796 -0.7421083111646578 192.3016740466114 0.021126786072592326 0.9102770309022359 0.41346025918104357 24.567090210625217 0.8092579683522304 -0.2584098916066035 0.5275659850466938 711.6501734983427
0.5896954446778775 0.3246328522393957 -0.7395084812042919 191.48382709380755 0.019901447265103706 0.9095384201881354 0.41514310134991783 25.00645507809461 0.8073804647890097 -0.2595252847962781 0.5298899995550945 712.2353444150489
0.5924971040815715 0.3264608199838769 -0.7364580875178233 190.70097701353836 0.018738141738338134 0.9083720147481892 0.4177429411330759 25.428797387831537 0.805354619840942 -0.2613113389001213 0.532090519050173 712.8003138798482
0.5944323587770692 0.3261295532907221 -0.7350440022945072 189.92083435171352 0.020113856681197032 0.9077522846773197 0.41902413108616743 25.856397899918164 0.8038940251103628 -0.2638660723425886 0.5330376086716208 713.3688328738534
0.594781930079365 0.32454027050343515 -0.7354645256384745 189.1311295843018 0.02195400485217954 0.9079864404130317 0.4184240022955489 26.290107015333113 0.8035872555746628 -0.2650174274413532 0.5329289688413955 713.9455533671702
0.5938161861468331 0.32358266989072554 -0.736665862393815 188.33523770486696 0.02480990063154817 0.9077678254651648 0.418738634330416 26.72699016734669 0.804218133282684 -0.2669303856750663 0.5310191741384485 714.5252860364798
0.5925237094529978 0.32399614227951945 -0.7375243409705559 187.51760576032473 0.028227315579469024 0.9066373132155799 0.42096555790279866 27.174196794927376 0.8050583037216864 -0.2702504062406338 0.5280585626003406 715.1173157000517
0.5905383197507484 0.3221934127207871 -0.7399026271782654 186.68666065285709 0.03312500152818191 0.9063947021698019 0.42113107003909944 27.625738296108235 0.8063294780545501 -0.27320331015171134 0.524588147161589 715.7156037878249
0.5869066074140415 0.3223860452128611 -0.7427030847019251 185.85526247471478 0.036466308818136214 0.9058522600821833 0.4220211976017125 28.071435091457758 0.8088330127380576 -0.2747706693881557 0.5198944476997868 716.3012222843016
0.5832942919228824 0.32385393290005504 -0.7449069734908875 185.0234618939229 0.03957298117228729 0.9046590430595023 0.42429470297401334 28.515637714329884 0.8112963380734092 -0.27696686797491815 0.5148665903638001 716.8819050557952
0.5797160729981174 0.3242520700382997 -0.7475224878112517 184.1831340926996 0.0435672563607365 0.9037624998777887 0.42581127038613115 28.968221351407408 0.8136529781674997 -0.27941714136847684 0.5097988742912555 717.464966068417
0.575832309252329 0.3231562583671378 -0.7509908017407975 183.29450335861094 0.046355409765449475 0.9041841775536902 0.42462000547199513 29.448562708600974 0.8162526126185508 -0.27932240465045466 0.5056784221752815 718.0734152766312
0.5720219787438183 0.32369943317717187 -0.7536640715828161 182.37953896270557 0.0489836718544946 0.9037144917801797 0.42532424952986847 29.93898622887239 0.818774361912768 -0.280212052394741 0.5010885649933264 718.6921931881163
0.5690871337633955 0.3237972353488783 -0.7558407137521703 181.46128604795157 0.05292437372901351 0.9028747958409277 0.4266334652844266 30.426443592312094 0.8205722666836586 -0.2827940123404847 0.49667766381629946 719.3087766266465
0.5665188180072658 0.3245610019948872 -0.7574408127555111 180.5368090058056 0.0541292099560453 0.9025279918779652 0.42721569786966523 30.917031714663334 0.8222690906711666 -0.2830254049741937 0.4937308605566508 719.9215155768935
0.5648995144927464 0.324263538343426 -0.7587764468055559 179.60306097653682 0.055097881556452954 0.9026760654999719 0.4267788001078363 31.413379302215503 0.8233181414094146 -0.28289411177063356 0.4920550371164348 720.5384532153022
0.5633779809948077 0.3248297065114358 -0.7596650000479898 178.66747884703318 0.05621405859092778 0.9022680965285803 0.42749533518324045 31.911193368223614 0.8242846778552614 -0.28354531164240865 0.4900579823843927 721.156445689803
0.5613537131911308 0.3224703467802505 -0.7621646043565382 177.7413927044757 0.0572486750426244 0.9036227714236615 0.42448613189418566 32.40189367394871 0.8255934822249968 -0.2819197801007402 0.4887909979690284 721.7598537941611
0.5591541773065065 0.32221873393298667 -0.7638859165499198 176.8100955948627 0.05752556673151479 0.9040843988526466 0.4234645308918679 32.89386510747273 0.827065544665539 -0.28072493165708595 0.4869867529750933 722.3614163487907
0.5571263461315386 0.32291777721532666 -0.7650714630702401 175.87606660517096 0.05858369240694813 0.9037192844183717 0.42409834467292756 33.38498896194648 0.8283587299172336 -0.2810970724299038 0.4845681071234984 722.9609012222796
0.5548662982093969 0.3218504320926327 -0.7671607983162266 174.9497897850675 0.0597585175171285 0.9043341908318182 0.4226210961094091 33.87022691742177 0.8297905221774703 -0.28034259514806115 0.4825512601269388 723.5496818332923
0.5529337286222332 0.32356369538727303 -0.7678351559932969 174.01331357663557 0.05868773358955152 0.9041094386540005 0.4232515479745734 34.35811049587655 0.8311558468049417 -0.2790925616423402 0.48092338304337207 724.139044521259
0.5524362089252702 0.32424166537623095 -0.7679072714217047 173.08081493045452 0.05864054375315545 0.9038434727643838 0.42382574646846993 34.84474209677528 0.8314899408270751 -0.27916718857213596 0.4803021539907164 724.7253461248915
0.550825997289331 0.3243695137833208 -0.7690091932078511 172.2158470405747 0.05936233746582234 0.9038287262210902 0.4237567067884099 35.299109522426235 0.8325063564927365 -0.2790663938662937 0.4785970269586478 725.265014738178
0.5479288438463895 0.32531065934361164 -0.7706795423511562 171.41070457279906 0.060350837514988244 0.9035136493555714 0.42428865391313486 35.72555934149457 0.8343451075498688 -0.27899114743232595 0.47542841854689066 725.7639393325259
0.5444836893332797 0.32478837998594506 -0.7733369383885202 170.6392638053076 0.061096256801278906 0.9041813288352918 0.42275687101515125 36.12944134825943 0.8365433398544851 -0.2774322130030238 0.4724686314808145 726.2367265493616
0.5411967838949338 0.3243527539977485 -0.775823003059242 169.84796185215293 0.061004737760205305 0.9050392118867366 0.4209304537785862 36.54015712909645 0.8386801911769424 -0.27513508667837083 0.4700172560724745 726.7143703003545
0.5380770358027358 0.32628866011853247 -0.777180039514525 169.04035687342528 0.06121314252246274 0.9044745644418309 0.42211220482270845 36.95869472401275 0.8406700034640643 -0.27470251647157695 0.4667038383385319 727.1970406189514
0.5363079866232748 0.32905860391127123 -0.7772349571886604 168.28986115012566 0.06259466957299262 0.9028275810116952 0.42542245627801767 37.34445723274066 0.8416980758117135 -0.2768082263165959 0.4635963276583676 727.6429539085457
0.5352316047225932 0.321884901798624 -0.7809719836845443 167.5598086560712 0.06527497378534947 0.9060241723418847 0.4181619027715556 37.724887335211 0.8421794981495354 -0.2747913920163746 0.4639217431532014 728.0788244221842
0.5342132608409914 0.3239050511334904 -0.7808339835021592 166.79445818125188 0.06762483686895977 0.9043469104186876 0.4214066291061686 38.12206422992987 0.8426405362787178 -0.27792478023089096 0.4612100857023087 728.5348916436682
0.5331481599705093 0.3236731636045246 -0.7816576761487749 166.0332694117676 0.06966004846276723 0.9039892866386939 0.4218422066254553 38.51490508142627 0.8431491666177633 -0.2793547078620794 0.4594131365416847 728.9878627648741
0.5304829378988409 0.32518767751386674 -0.7828415082194837 165.29211638548867 0.0693848000577982 0.9037381850284972 0.4224251915337677 38.89089040182816 0.8448512307614622 -0.2784066581720685 0.45685460549972406 729.419567931647
0.5278386857284942 0.3258935846993774 -0.7843339169640757 164.54810129768518 0.06964206631883357 0.9037416504398645 0.4223754394600569 39.26721681833364 0.8464846746676885 -0.2775687315099151 0.454333902367762 729.8483725494486
0.5255019302090529 0.32895856691087283 -0.784623465493168 163.74443361346846 0.06849922500777418 0.9028738940794276 0.4244132273659578 39.67579822266122 0.8480304107282343 -0.2767760694962613 0.4519285671810404 730.3088043985779
0.5240819166333902 0.327846542970731 -0.7860373966421808 162.95244133953182 0.06687502434111688 0.9042477960172478 0.42173884634608705 40.080742073738286 0.8490382063118544 -0.2735919729452869 0.4519751725069193 730.7608461684233
0.5232420933506585 0.32763839499157155 -0.7866834140067857 162.15677865132707 0.0666723368713124 0.904569303062199 0.42108096068771583 40.48778341030376 0.8495719576599401 -0.2727773049300821 0.45146431827215694 731.2156660349181
0.5221365789522463 0.3282922462223011 -0.7871452178539643 161.3069766705379 0.06697880733896662 0.9043108422202677 0.4215871677486444 40.92299797444934 0.8502277531858732 -0.27284812939287434 0.45018514635571494 731.700747376869
0.5208310513542771 0.32992681470626745 -0.7873266875211197 160.4530122739316 0.0669629470935887 0.9036638320563711 0.4229747537971266 41.35782153020426 0.8510293647470359 -0.2730201010383219 0.4485633118828225 732.1841607651633
0.519994192129371 0.3286211979652994 -0.7884251063985587 159.62450975007394 0.06805028786561435 0.9041589020080384 0.4217414352906643 41.7803792659253 0.8514547542137128 -0.27295565238235064 0.44779461068596715 732.6509916431128
0.5185988166147646 0.33166198086868665 -0.7880708076385199 158.79101889194635 0.06677730292013748 0.9031747439569509 0.42404737199163584 42.20132401964856 0.8524060412857725 -0.2725357083476588 0.44623786084885636 733.1180704490696
0.5179567653881625 0.3336335588595915 -0.7876607376220549 157.96810188000973 0.0661102438584331 0.9024354216344438 0.42572261560368907 42.61641363731386 0.8528483011917267 -0.27257835237258293 0.4453659360259144 733.580539379897
0.517589057259531 0.3341304153293209 -0.7876918390824229 157.15628029434814 0.06525194740733575 0.9025041464657835 0.42570934799652005 43.02890448332396 0.8531375921647949 -0.27174092655308296 0.4453236100537822 734.0366311838093
0.5167888117970224 0.3345926130782488 -0.7880210068741157 156.3437803853377 0.06438167521335578 0.9026683731436435 0.42549360514928314 43.4435458166481 0.8536886574730551 -0.27062444715820105 0.44494728305966275 734.4924886416072
0.5159263803265381 0.334162696680739 -0.7887681929630636 155.56515111645507 0.06507025848999114 0.9028294841761992 0.4250468020844148 43.84136770022082 0.8541579663874858 -0.2706182082735731 0.4440494947723737 734.9309001261327
0.5144004428277145 0.3339251923361438 -0.7898646405188199 154.82882245679494 0.06524028479568922 0.9031630935913445 0.42431136163705735 44.216926270188004 0.8550648452944559 -0.269796946420426 0.4428021206405707 735.3437525409454
0.5128763886051708 0.3357438952855919 -0.7900847086166011 154.06026896274378 0.06410783167010113 0.9027994953380161 0.42525669558042906 44.60702175282256 0.8560654156838009 -0.26875473576457365 0.4415007316802996 735.7728971929979
0.5135276806431454 0.33230130045387335 -0.791116405423336 153.21964441415983 0.06553948846643627 0.9040856148100763 0.4222958400754718 45.031026684063384 0.8555664186168322 -0.26870996782805767 0.44249413162777207 736.2441802354879
0.5146210676887109 0.3300659789566087 -0.7913416494955582 152.35272315771672 0.06853507377097094 0.9041479243392138 0.4216864647772126 45.47077291066855 0.8546742656440182 -0.27124339705974776 0.44267247395489884 736.73257287074
0.5145163274919349 0.32983869799002485 -0.791504505389869 151.48472138339883 0.07022552404902539 0.9037487872201109 0.4222635496585315 45.910973073148675 0.8546000962533615 -0.27284530948218483 0.4418304115577835 737.2200870253782
0.5140377954040768 0.3321051597625957 -0.7908674400651359 150.58973859282855 0.0709889332131067 0.9023727022811016 0.4250694973050549 46.3646478572485 0.8548249623504127 -0.2746446231714149 0.44027788350728136 737.7187451055902
0.5135393652179886 0.3315883079535424 -0.7914079317267525 149.6894535008515 0.07212239972575758 0.9023719088446494 0.4248803332538073 46.82249621894638 0.8550296368134302 -0.2752710158309003 0.4394885527680126 738.2211556427163
0.5117644476578552 0.33160050187356777 -0.7925517379140951 148.78472961808862 0.07169598688098078 0.9028074524835636 0.42402640154276316 47.27871507649972 0.8561289830268659 -0.27382441618186826 0.438250332029592 738.7186863958253
0.5102639919020162 0.3314419709413293 -0.7935848275179851 147.90730809265813 0.07271254935892056 0.9028235969188361 0.4238188740632797 47.71859672944757 0.8569384713816673 -0.27396308646433964 0.43657838187545245 739.1978514560185
0.5100747357236294 0.33211594215460954 -0.7934247065369402 147.0571507826116 0.07443774453182896 0.9019418026682084 0.4253939430558941 48.146221305501705 0.8569030202802922 -0.2760434486931067 0.4353357649770275 739.6638623244754
0.5111119621248379 0.33188939791761995 -0.792851808172739 146.235390442226 0.07312167996669747 0.9023077552536842 0.4248457775804178 48.56093347259272 0.8563981446101744 -0.2751184151578051 0.43691197688929617 740.1139821321989
0.5122801690154292 0.33354805419020905 -0.7914004826757769 145.41800075274068 0.07070650003686854 0.901990522181106 0.4259268584487207 48.97457797821511 0.8559028094860204 -0.27415104129181483 0.4384878416473544 740.5630358787765
0.5135515375756369 0.3356649211286357 -0.7896796052687508 144.54333015332193 0.06802205330149973 0.9014871569085638 0.427427077047731 49.42170627116518 0.8553582983278707 -0.2732214608200215 0.4401274983786262 741.0469258046347
0.5159043356091816 0.33451786478425244 -0.7886320527596109 143.69284006721318 0.06485800369483621 0.9027090185734197 0.42533500578125316 49.86236685754246 0.8541874243141097 -0.27058127416065475 0.44401533556537026 741.5247028126797
0.5181098547740547 0.33509493255604256 -0.7869393652380553 142.87511250822647 0.06302521051341835 0.9026004216372773 0.42584069991013446 50.28601369569832 0.852988863482842 -0.2702292823427466 0.4465267447071657 741.989134201914
0.519375006357939 0.33639422432357385 -0.7855498256714442 142.05844954671142 0.06342480453197465 0.9015493332666303 0.4280024460871453 50.70900519098632 0.852189472441883 -0.2721171173010634 0.44690645277394353 742.454601390464
0.5205665997498534 0.3367741822606877 -0.7845977092673194 141.24594917193255 0.06469803974092737 0.9007246031724673 0.4295455190005911 51.135829013130305 0.8513663012349975 -0.27436898403874216 0.44709851455690675 742.9219323809562
0.5223670588745377 0.33763913161149534 -0.7830277597936133 140.39220769034458 0.06522873270731647 0.8997575921416614 0.4314875291510076 51.581983811813586 0.8502222463757143 -0.27647077998964037 0.44797995443965866 743.4139057910157
0.5246813208113548 0.33476418694418514 -0.7827147952678899 139.4889857961128 0.06719261660520645 0.9002824979506021 0.43008903282643024 52.05496694352706 0.8486428364544186 -0.2782523369595083 0.44986772846157325 743.9353549052549
0.5263925312929633 0.332967453284292 -0.7823321404955592 138.57458040785684 0.07007192982525924 0.9000099003501385 0.4302000742936966 52.53337320997351 0.8473492949484018 -0.28127362891873026 0.4504268176134047 744.4634395086217
0.5280200079987772 0.33225171442348495 -0.7815392948634318 137.67931471242505 0.07222273907303707 0.8993868171984339 0.4311464124986585 53.00018579992085 0.846155273642942 -0.2840988407444336 0.45089810553373516 744.9802637971782
0.5285573897274938 0.3300911774726863 -0.7820913631534091 136.7760366100481 0.07403046246139584 0.899868735219035 0.42983223471844273 53.47085947802141 0.8456633942605136 -0.28508958930482664 0.45119546726202464 745.5009315975718
0.528661568991618 0.33009604995563174 -0.7820188893338917 135.86039769212394 0.07483681602910942 0.8995744103273823 0.4303084141064082 53.9482229771096 0.8455272889966052 -0.2860113251041584 0.45086708182591806 746.0290429063364
0.5297980357895191 0.3302890528035516 -0.7811678327169546 134.97090972641794 0.07566387873641955 0.8989746768496538 0.4314157018904448 54.41012765097789 0.8447419835240406 -0.28766937963780254 0.4512840671801694 746.5447817608853
0.5304388317553771 0.330282283633246 -0.7807357164136929 134.09679897604866 0.07746394828855349 0.8982415414970946 0.4326216243375681 54.86112005334469 0.8441765114486078 -0.2899581801690312 0.4508772241658767 747.0543738181224
0.5301339181073024 0.32954526373563353 -0.7812540867231449 133.2714413617854 0.07703253480029293 0.8988549483965387 0.4314229598958561 55.28447659017998 0.8444074949066027 -0.28889392671441233 0.4511277886066072 747.5309446230448
0.53041683605619 0.32922491247767055 -0.7811971179108474 132.47353015500718 0.07725660755975072 0.8989016599440357 0.4312855461735533 55.70056100534243 0.8442093322254275 -0.2891137540033895 0.4513577745309918 747.9926650287663
0.5305766974573417 0.32648631314653626 -0.7822372117479747 131.63141108379403 0.07793296051721559 0.9001463961274345 0.4285591198467466 56.14252585465556 0.8440466940757989 -0.28834554421176456 0.4521526571335618 748.4813636948822
0.5307771127728906 0.3270017156012489 -0.7818858833297334 130.7925353643017 0.07995097906825356 0.8991330170165716 0.43031111844421305 56.58828413240218 0.843731887214478 -0.29091183493375217 0.4510951194515155 748.9724763622103
0.5318157909724034 0.3258925358586642 -0.7816431535835323 129.9469168948136 0.08116853237357861 0.8991248929744569 0.4301001001929611 57.03910556230749 0.842961229134958 -0.2921788525976616 0.4517165972930364 749.4645197781562
0.5320413925265702 0.32488462498776616 -0.7819091616581493 129.05576002042963 0.08233319792882679 0.8992317598416444 0.4296550786513714 57.50969042065268 0.8427058805759003 -0.2929713681209532 0.4516797275771162 749.9781730608927
0.5315068380770017 0.32161925095192784 -0.7836207874313391 128.16576087457528 0.08450256185214836 0.9003656505587592 0.42685010522937733 57.97441696410068 0.8428284511796067 -0.2930917138218488 0.4513728493952216 750.4862465470809
0.5317636511638589 0.31934246097531843 -0.7843773402636719 127.31144222362556 0.08527720286030496 0.9012844599483524 0.4247518345197976 58.41777943962991 0.8425884036546 -0.29275709192748745 0.4520376833328812 750.9733319933955
0.532398709848328 0.3200548544079064 -0.7836558580919131 126.48096207428111 0.08460331628284024 0.9010127230714368 0.42546251507899546 58.8458424557288 0.8422552419699055 -0.29281557853593376 0.45262030924483115 751.45047070374
0.532296400036502 0.3197150031564693 -0.7838640566226021 125.63439167952416 0.08472801083984849 0.9011730865836284 0.4250979089532939 59.28413951280329 0.8423073706713632 -0.2926933288853716 0.45260237354514465 751.9403903699421
0.5322786296661149 0.3193114087742618 -0.7840406141440391 124.75924684587605 0.08572634012641002 0.9010478892043305 0.42516314041665937 59.74018029085675 0.8422175817502843 -0.29351818612655384 0.45223513729440057 752.4485204518624
0.5323826908651803 0.319469784958371 -0.7839054324124849 123.89624123253041 0.08725597156619049 0.9004073582144951 0.4262076778980388 60.18980467788716 0.8419946946942082 -0.2953060205479251 0.4514856457684563 752.949978551297
0.5326726546960432 0.31779144395023623 -0.7843904901840005 123.02007983822057 0.08941874245650601 0.9005028388334371 0.4255571944526638 60.64599681284786 0.8415842984731653 -0.2968218917211975 0.4512567264412623 753.4544051330856
0.5328441371570846 0.31783835434999685 -0.7842550006225084 122.14658412279341 0.08860908754007665 0.9007298408395323 0.42524602693794805 61.09915499908853 0.8415613792841491 -0.2960819723071331 0.45178524828958566 753.9536587976522
0.5335553123373705 0.31802821381125257 -0.7836943178922493 121.35913310592271 0.08696013353170175 0.901070527254195 0.4248644961514199 61.50574982844168 0.8412827490521376 -0.29483887147707744 0.45311519066723577 754.4060275525942
0.5344647685666327 0.3181039197510912 -0.7830436178144928 120.58308730225086 0.08647688070390455 0.9010259144791365 0.42505770260137943 61.90623316679554 0.8407551131362453 -0.29489353617200975 0.4540579721348706 754.856579649665
0.5356287389073386 0.31867152865892606 -0.7820168226315337 119.75234970104844 0.0873987137541018 0.9001693756357069 0.42668086434916974 62.33753816593613 0.8399186382565068 -0.29688979771930585 0.4543051057599164 755.3409993456158
0.5366358521496055 0.31679558136017716 -0.782088563922486 118.91438744493553 0.088199310806812 0.9007138884991306 0.4253649875553741 62.77485542164386 0.8391917800841905 -0.29724577489923837 0.45541421315510444 755.8320348895248
0.5372666445122399 0.31648388090454255 -0.7817816228475573 118.07884290102875 0.08794599070396582 0.9008516180377633 0.4251257049366061 63.20833100834456 0.8388146728650248 -0.29716042032267476 0.456164037578585 756.3213891948413
0.5370791514090671 0.31588672412457713 -0.7821518795244068 117.22933741303362 0.08725984092925276 0.9014543817881641 0.4239878744916236 63.64702884004482 0.8390063797628239 -0.2959654964295123 0.45658812910599894 756.8167824099169
0.5361755705048362 0.31672431446433535 -0.7824330426438498 116.36918609855103 0.0870813451571027 0.9012358015434759 0.4244889507889718 64.0900854634809 0.8396026422775508 -0.29573592721106867 0.4556398407044409 757.315986305066
0.5358390487749425 0.3178134817073519 -0.7822219024375487 115.53209173980203 0.08697227410124692 0.9007469420909412 0.42554761173278904 64.51981842830713 0.8398287547742244 -0.2960566451861448 0.4550144233928245 757.8042713227517
0.5368560596159656 0.31636491301299313 -0.7821117650744699 114.71352030977224 0.08784741910800616 0.901030139852763 0.424767604735786 64.94198529570309 0.8390878393885131 -0.29674556254676665 0.4559316493720563 758.2833746043375
0.5365676625622576 0.31653402147684334 -0.7822412394780623 113.84468395279592 0.08840745943619907 0.9007954987473273 0.42514890397670674 65.38790917855255 0.8392134797585855 -0.2972771142961673 0.45535376654556536 758.7880843200246
0.5353464457920998 0.31651002281688795 -0.7830872163649603 112.96339412639519 0.089598538381426 0.9006215385695632 0.4252680874278123 65.83779530773275 0.8398668256918356 -0.2978292291247644 0.45378570424956305 759.2971562526664
0.5340602062633278 0.3156339890959029 -0.784318099378933 112.11208522639016 0.09181227116109633 0.9005582850230573 0.4249297378868366 66.27628337771203 0.840446430743932 -0.29894808948000123 0.4519732700570311 759.7898037743042
0.533055305438037 0.3156923112613672 -0.7849779652670638 111.2259071559905 0.09417034298281367 0.8998796965555349 0.42585030025775733 66.73242554459505 0.8408233987270227 -0.3009234060979304 0.4499567932763786 760.2985144688342
0.5316110922348357 0.3143489539866254 -0.7864949979118762 110.378541799059 0.09506766053199672 0.9005648639116893 0.4241993232063176 67.16423962716325 0.8416363742934709 -0.30027930500658945 0.44886585128622064 760.778337146847
0.5304656046633763 0.3150901818904077 -0.7869716764569046 109.5708481564292 0.09560086935816614 0.9001951871721429 0.42486362373128356 67.5751150590926 0.8422984720674036 -0.30061071549162316 0.44739968896338644 761.2309505183476
0.5299169533181157 0.31550260984141865 -0.7871760449666276 108.71847690091876 0.0964563585566401 0.8997725949932533 0.42556485779855435 68.00708081890308 0.8425462559883821 -0.30144216772436705 0.4463725193575402 761.710998627362
0.528939318876187 0.3161706382506986 -0.7875654413792825 107.85567185312051 0.09678833396262186 0.8994816958476212 0.4261040920289684 68.44549109620483 0.8431223015408482 -0.3016103551657974 0.44516960621905444 762.19654636252
0.529166098709046 0.3167969891743904 -0.7871612970840806 107.03997460232144 0.09685177396822207 0.8990756850530096 0.42694571835969236 68.85941552324503 0.8429727005403307 -0.3021631681666505 0.4450780223143327 762.6560606582625
0.5296639221313844 0.3162275314714582 -0.7870554478128396 106.21679265285319 0.09603445404474695 0.8995802602707991 0.4260665898277551 69.28021670032092 0.8427535305347154 -0.3012565412909635 0.44610647058822356 763.1198255420148
0.5309180227514645 0.318112719603082 -0.7854491395019852 105.31784982444144 0.09611994298298274 0.8982801752811226 0.42878162653950974 69.74355672863219 0.841954280040564 -0.3031452198594782 0.4463361580666828 763.6280106435617
0.5322419391861328 0.3144439769194912 -0.7860302179626696 104.44310357282785 0.0967579936756555 0.899785887817406 0.42546826761170825 70.20172204226485 0.8410448316417191 -0.3025067626743274 0.4484788174541283 764.1297681562146
0.5326248322365998 0.3159840413229358 -0.7851527709396188 103.58973857209146 0.096897161570412 0.8988247540760551 0.42746345053082635 70.64841362880397 0.8407863748685109 -0.30375672352945365 0.448118427144122 764.6173692808345
0.5327025793967956 0.31566835056901527 -0.7852270081658171 102.72558421595335 0.09661004766340227 0.8990849029039529 0.4269810722510639 71.09726534809687 0.8407701591960056 -0.3033147372272429 0.4484481124793533 765.108791665689
0.5322211384507767 0.31699295699977936 -0.7850198245896072 101.87101835467989 0.09556949531359016 0.8988332032012646 0.42774448493050543 71.53851101484506 0.8411938726308376 -0.30267860518294776 0.4480831737667041 765.5901703807274
0.5334530333205046 0.3177928372004716 -0.7838594095022585 100.99318934801022 0.09314417699086529 0.89902662418475 0.42787298500801646 71.99049718878331 0.8406854486273969 -0.30126208130306 0.4499879274326185 766.0856141515607
0.5357402162924109 0.315027288444418 -0.7834157441501418 100.06231024746374 0.09073889634907356 0.9009450076086664 0.42434013003058746 72.47118924891167 0.8394932241157838 -0.29842235305081005 0.4540872447705472 766.617084622435
0.537975387582716 0.315963966170417 -0.7815044813928376 99.11673522610667 0.08746248949388412 0.9011690053761879 0.4245523956837697 72.95505356571992 0.8384108749812107 -0.2967510671103924 0.45717174987315956 767.1611139827659
0.5409234579262908 0.3140314256451306 -0.7802474456045038 98.22557581155651 0.08678391776144243 0.9018914938807638 0.4231551546223951 73.41237774923967 0.8365825507880499 -0.2966074796305984 0.4606013881265956 767.6845482247481
0.5431821065293511 0.3133158992712168 -0.778964919884206 97.37025464857842 0.0880786251593547 0.9013818107937632 0.42397286111282917 73.85785199759525 0.8349822482761985 -0.29890463100131165 0.46201803712582185 768.1934997935908
0.5438849410636936 0.3133504773509353 -0.7784604352361689 96.51407410937597 0.08860616757023947 0.9010363904795272 0.4245967146600919 74.30105063012888 0.8344687639166956 -0.2999081549000809 0.4622953392278296 768.7025646300515
0.5432943625586786 0.31142610433859813 -0.7796441605940788 95.69262311302884 0.08776910060373398 0.9024959267414537 0.42166063035846746 74.72562096327422 0.8349418067094085 -0.29751451015299096 0.4629873601484789 769.1870448245978
0.5430728827018462 0.3110609277074751 -0.779944192444353 94.87202254208164 0.08740178949975225 0.9028665082541378 0.42094298362750493 75.1474686108281 0.8351244046644479 -0.2967712377012821 0.4631350356074387 769.6722469542462
0.5428233088347921 0.3113814276431932 -0.7799900396187998 94.04489176544054 0.08779888808412008 0.902600147578047 0.4214312860280832 75.5694701983938 0.8352450003662641 -0.2972449833234866 0.46261345554596917 770.1609052118564
0.5416591121193434 0.31241355565441237 -0.7803865558179832 93.22851702193813 0.08764855261487288 0.9023194393613053 0.42206321869504515 75.98415148830165 0.8360162303942448 -0.29701414039414364 0.4613669504020933 770.6414568264385
0.5399996985768091 0.31229646242775116 -0.7815825260918196 92.4303315529075 0.08779743949789043 0.9026475381112418 0.42133007435896686 76.38846785430363 0.8370734347442703 -0.2961390577023429 0.46001056873576385 771.1094693961912
0.5382268253945512 0.3127580834646676 -0.7826201285765743 91.60908192291316 0.08763656517523412 0.9027927325284135 0.4210523893034826 76.80561466430827 0.8382313027261574 -0.2952078307250565 0.4584982222524077 771.5889234825847
0.5361388807817254 0.31499604339543524 -0.7831555357394482 90.7036963338636 0.08629802442102823 0.9024523019863926 0.422057452985364 77.26728079933748 0.8397069438173934 -0.29386618601786646 0.4566562309004098 772.1148364815583
0.5348798185521679 0.3152670856371926 -0.7839070381234201 89.74970437837737 0.0852212240699706 0.902918268678266 0.4212789373503767 77.75501455977545 0.8406193684858899 -0.29213911891576394 0.456085312771095 772.6681692664214
0.5335065216613375 0.31522343996564195 -0.7848598436925222 88.78210997106395 0.08465628243930273 0.9033927196770304 0.42037472316743735 78.25046006762827 0.8415486350701178 -0.29071597295430973 0.45528026300384855 773.2277539894933
0.531853538474826 0.3147728182260516 -0.7861614888290053 87.80459100070166 0.08380663000279089 0.9042293381623002 0.41874306295644814 78.7512494038474 0.8426792167719473 -0.2885955247619108 0.45453752398236336 773.7907318101043
0.5308750595629352 0.31599516289441226 -0.7863324539667597 86.8148784007031 0.08231474815469496 0.9042655679436347 0.4189606960895128 79.25516407464563 0.843442916485923 -0.28714254240518733 0.4540409749910335 774.3608822591497
0.5301869977543995 0.3156920868515005 -0.7869182001399658 85.83091579547941 0.08197487305271367 0.9046667255074327 0.4181605384869009 79.75453050704817 0.8439086843966995 -0.28621080003907795 0.45376371642169155 774.9277903021184
0.5288399786786693 0.3156488203005435 -0.7878414175416407 84.87296592568198 0.08249307737818706 0.904756419993564 0.41786446686109807 80.24018407727165 0.8447030064678479 -0.28597489876440113 0.45243252330139994 775.4762596112178
0.5271358739004665 0.3160949498604143 -0.7888040017139466 83.94131312282646 0.08307024416582541 0.9046302798939764 0.418023194611471 80.70912811549235 0.8457110055931766 -0.28588116302354155 0.45060498848424635 776.0072455096775
0.5248859130196389 0.31412806019323974 -0.7910868094670612 83.02786352581832 0.08350450840343573 0.9059207475791777 0.41513202259267823 81.1697323254638 0.8470665708135582 -0.283956265831238 0.4492739294743698 776.5259571569286
0.5231509739023622 0.3155313615254429 -0.7916773448816836 82.14266458819587 0.08452659013551918 0.9051462747495913 0.41661190197473125 81.61480554299592 0.848037920181092 -0.2848687087077876 0.446857365088781 777.0267750378321
0.5217472839764246 0.3140920191788908 -0.7931746183226953 81.29058368081363 0.08558904398704766 0.9057921821817924 0.41498799771527567 82.03943165288247 0.8487957865191177 -0.284405917987792 0.4457117752549469 777.5064182312369
0.5197011519078558 0.31447958256696557 -0.7943634589116978 80.40991259164294 0.08515896168164579 0.9060903953530274 0.4144250797120055 82.47558013976467 0.8500933266124091 -0.28302435866459646 0.44411546747613334 777.9974869894265
0.5167980381364683 0.3168004650047212 -0.7953346799625247 79.52926034818798 0.08444044786698642 0.9056202504300233 0.41559809043724966 82.90886653798768 0.8519328603489366 -0.2819386943714164 0.4412719955694256 778.4830407516339
0.5135068459025773 0.3197877046640685 -0.7962703957556598 78.65800161750265 0.08380724383373009 0.9048342735539575 0.4174341664060088 83.33772630509313 0.8539830590194287 -0.2810885293777978 0.4378380677374327 778.9571608687864
0.5093861052231305 0.31757154831960127 -0.799796291253906 77.80943189906476 0.08552549602142817 0.9061297023605934 0.4142636262456491 83.75663184974464 0.8562775165423293 -0.2794231096344721 0.43440941572013103 779.414863030763
0.5052554851150654 0.3175116619058965 -0.8024358163210922 77.01273390987835 0.0876923941785054 0.9061501559579422 0.41376556026407313 84.1503118934838 0.8585027307844642 -0.27942483678291236 0.4299939788234987 779.8424401092112
0.5024366177641303 0.3158959545554483 -0.804839854272417 76.23757754623995 0.08880773145395776 0.9070874361510674 0.4114675807531971 84.52746495612098 0.8600410641148152 -0.27821238123489406 0.42769994033652753 780.2553377034136
0.4985332118959967 0.31496310181317305 -0.8076279348393591 75.42242958773244 0.08863270301748097 0.9082566930796664 0.40891811335743894 84.9175121543745 0.8623275947066039 -0.27544150735177486 0.42488009536257154 780.6785754054662
0.4950845400760647 0.32108057228217524 -0.8073404265120288 74.58073682445382 0.08684608440779493 0.9062700069143419 0.41368155892004227 85.31752278756107 0.8644935255979111 -0.2749216991625686 0.4207956790757987 781.1051370617088
0.4925437124646114 0.3210382668444134 -0.8089098358489131 73.79895288819009 0.08654559820831437 0.9067982684529172 0.4125854575255401 85.68701360066824 0.8659737586915343 -0.2732239585986745 0.41885333674847164 781.5042569337555
0.4882478734573585 0.31726199832731333 -0.8129937505797502 73.03004822057771 0.08658508168945855 0.9093724673554612 0.4068718953733147 86.05008714198735 0.8683991234986349 -0.2690474679925539 0.4165290173248445 781.8959913002334
0.48471877397355695 0.31975594773996696 -0.814127658320542 72.22632993489019 0.0877907586794193 0.9082966795421842 0.409010910151719 86.42553469634716 0.8702531199875493 -0.2697281516964105 0.4121968356675926 782.3018058845255
0.4820264887979405 0.3212635086772047 -0.8151320273977354 71.41353896539073 0.09006531239936412 0.9072522907629179 0.41083028175615993 86.80067392311392 0.8715151769186431 -0.27144619890109567 0.40838493789881003 782.708233693881
0.47849590409159665 0.31953354833410597 -0.8178875113709605 70.57990703840693 0.09287492301613354 0.9077979279479333 0.40899531866292704 87.18710131446953 0.8731643135414505 -0.27166382442728415 0.4047009365633232 783.1198124816378
0.47444693277860867 0.3187682790832801 -0.8205406097368103 69.73659134836889 0.09487022007409987 0.9081864835851926 0.4076726043975213 87.57422447202053 0.8751569855289175 -0.27126388495973963 0.40064467473871274 783.5270141434137
0.4691758096470799 0.31854748445424313 -0.8236513581545791 68.91590563966007 0.09563133617026995 0.908865322860314 0.4059784137664337 87.94606589912513 0.8779115600015162 -0.2692421308968849 0.3959545021411056 783.912902795851
0.46404504040073674 0.31987868320634316 -0.8260386362087773 68.11237968160756 0.09576482915614873 0.9089399975971921 0.40577971642840127 88.30911777145093 0.8806198373737513 -0.2674055137767298 0.39115597045888595 784.2847229697451
0.4602194897446915 0.31900579811130425 -0.8285127168791725 67.3227446162071 0.09561807040958015 0.9099761242730214 0.40348561047973325 88.66790508118662 0.8826410402141316 -0.26491272907209457 0.3882860287279115 784.6490404335718
0.4572603326001673 0.31720804021913385 -0.8308381596019305 66.48256854662858 0.09695226170768884 0.9108779908658989 0.40112534787254567 89.05630694393976 0.8840323790337932 -0.2639703486690201 0.3857543361304053 785.0380805537471
0.45526802599533844 0.3174157107499923 -0.8318523252809884 65.59506594136784 0.09795867362533037 0.9107643230165318 0.40113893625751207 89.46643473404346 0.8849492204459383 -0.2641128820965011 0.3835482534738072 785.4462335214685
0.45360397230483135 0.317560397528116 -0.8327057284725888 64.69109133883038 0.09787346613952674 0.9109587428380458 0.4007180473509595 89.88178154295953 0.8858127459768868 -0.2632670939724838 0.38213376754243095 785.8577034034611
0.45256466994651134 0.3194893295060053 -0.8325333553966535 63.763272142040634 0.09755246335512217 0.9102728108247422 0.4023517450770836 90.30706809897943 0.8863795667825114 -0.26330586435746334 0.38079034308319615 786.2787419521617
0.4517784157963043 0.3193913561558724 -0.8329978539189019 62.846947132216236 0.09786683671756509 0.9103395525114201 0.4021243357522753 90.72369750889473 0.8867459305187021 -0.2631939603148686 0.38001393916841814 786.6941720886498
0.44995862103594675 0.3184563333592764 -0.8343397408123364 61.922388095169346 0.09831910164963183 0.9109153427758734 0.40070761478455375 91.1415212743531 0.8876207487470301 -0.2623333795743179 0.3785638709053996 787.1098897472455
0.44756182574562065 0.31842482095718716 -0.8356399018319027 61.00096045304224 0.09915820346282408 0.9110220972880262 0.40025790303122705 91.55500337902824 0.888738467053875 -0.2620007092572729 0.37616427997274804 787.52238873158
0.4446033523617551 0.31978225075785266 -0.8367001680225319 60.08831154081454 0.10006504200626994 0.9105221149320332 0.40116887415150343 91.96289275898428 0.8901206920620217 -0.26208546377077846 0.3728221603433538 787.9265605187335
0.4423928007832016 0.3181527448190236 -0.8384911691719347 59.237714873145016 0.10171805387868912 0.9111252915967751 0.3993796946864321 92.34277188432601 0.8910342571025687 -0.26197239163090774 0.370713391574755 788.2994286726862
0.4406345930868916 0.316144547202056 -0.8401748512360738 58.428834289384994 0.10420303014748757 0.9115930600298433 0.3976679788636655 92.7068998625701 0.8916181267130179 -0.26277503340279257 0.36873621728402545 788.6510859108025
0.43796750491007536 0.3186253388503591 -0.8406321181618862 57.572096468905166 0.10555611892434281 0.9103898926559589 0.4000601818570629 93.08516995359501 0.8927722948212905 -0.26394722349812827 0.36508833562188486 789.0151545798599
0.43339770856002297 0.3169160221161593 -0.8436413107126713 56.74889366887894 0.10672197408919186 0.9114925807205927 0.39723002849460465 93.44364768512307 0.8948613559995914 -0.262193650223245 0.36121689235303683 789.3572299766105
0.4290967861428377 0.3165711706263942 -0.8459660998232287 55.97819436152822 0.10744142914803274 0.9120336111166872 0.3957916516250543 93.77500631434859 0.896845743383173 -0.2607247324702726 0.3573378323852523 789.6739121031728
0.4246371440361413 0.316841795317327 -0.8481123585026487 55.169418718489275 0.11099208818294798 0.9114800066309017 0.39608705340231076 94.12230489336446 0.8985343912536784 -0.2623270368304229 0.35188133437588553 790.0063952546903
0.4184672932774612 0.318569391772774 -0.8505284634170469 54.33975739184525 0.11546085241317885 0.9102083503268416 0.3977304999057989 94.47787753732445 0.9008628730373217 -0.2646399471372758 0.34411013115298483 790.3412703126288
0.41025207825886767 0.31818253113068423 -0.8546654954820359 53.52552701782356 0.11966831373118132 0.9102764735967016 0.39632844498609193 94.8236438307941 0.9040866811169246 -0.26487094687721047 0.3353664481240728 790.6578981783516
0.3998909913352086 0.3173682524597515 -0.8598631213045425 52.71986259091951 0.12369989010108373 0.9108683710163283 0.39372217091630096 95.16495172496907 0.9081770379380466 -0.26381092284571794 0.3249896379107627 790.9573046866153
0.38828770310420185 0.3169163115539383 -0.8653304057347766 51.87764190882666 0.127799488074837 0.9114147942355549 0.391139826272364 95.51903151371977 0.912633524732613 -0.26246356760436934 0.3133894146497544 791.2550026884743
0.37467925137652036 0.31725602375369155 -0.8711854417860356 51.03114447313989 0.13143961551001157 0.911967596715037 0.3886370157568425 95.87341664491592 0.9177903279412521 -0.2601225056272559 0.2999953266364151 791.5377253308939
0.36284751934470216 0.3168725833948994 -0.8763181178077063 50.20117761702631 0.13433054568156075 0.9127992894672032 0.38568479571415204 96.21870199168963 0.9221154928761855 -0.2576610623295969 0.2886412908038197 791.8005740958332
0.3529973706230574 0.31725192347143844 -0.8801954745321534 49.358542692960455 0.13560477634286772 0.9134761448653917 0.38363091298130114 96.56292537883472 0.9257452138500144 -0.25477941403406046 0.2794338011376824 792.0592984668069
0.3450023527372123 0.3183603479343976 -0.8829609648613463 48.55059687423367 0.1343755088929783 0.9142756119848678 0.38215615648508483 96.88792460906826 0.9289330434512174 -0.2504931020862444 0.2726474034200048 792.2998514633065
0.33891998598777545 0.319753239473927 -0.884811340876674 47.74282945715578 0.1332952814512243 0.9146660242908613 0.3815998322206031 97.21157734450149 0.9313246539423753 -0.247272986502537 0.2673769980855364 792.5358149581544
0.3323265912619606 0.32119503190516135 -0.8867879048677031 46.87253595680965 0.13369242133552778 0.9146901945781661 0.38140291611366106 97.5620424658357 0.9336409230628494 -0.2453071532222487 0.26103453288855955 792.787895576634
0.3249811875867671 0.322212466092239 -0.8891379838975806 45.963238250246775 0.1355999379943943 0.9145797253461506 0.3809942031077113 97.9253898140662 0.9359486548580594 -0.24438300407459201 0.2535292148626441 793.0456413150719
0.31719792558259513 0.32367405570553165 -0.8914149323795473 45.03619925313636 0.13694527714989016 0.9144702966204512 0.3807756132753877 98.29149435474949 0.9384196646876269 -0.24285629961366254 0.24574244783008595 793.2982403274987
0.3091907415681406 0.32548736163898934 -0.893565365679442 44.102792290677954 0.13997999123753344 0.9137953718431315 0.38129204089676044 98.6597110409469 0.9406416360026187 -0.24297324093687223 0.23697535063156042 793.545747669907
0.300140228605802 0.32690264636352256 -0.8961308514792827 43.17192612362607 0.14379838713715595 0.9132021334482671 0.3812923908528595 99.02639580703313 0.9429940970277646 -0.24330335646279858 0.2270806237985278 793.7828081921716
0.2910896765094513 0.32661555764831435 -0.8992158126566199 42.24476943012592 0.14704613674680878 0.9134748275863519 0.3793957999687489 99.39069150645311 0.9453275802056456 -0.24266441203474712 0.21787553610805027 794.0089850775481
0.28267649773740916 0.32470656746891013 -0.9025849780876437 41.31847863086527 0.15162563817823502 0.9140056744692828 0.37630212979067457 99.7568242883097 0.9471555645584071 -0.24322679145298454 0.20913408245795934 794.227136001444
0.27384789059142073 0.32475314125808474 -0.9052859935189748 40.39451196341234 0.15748595020717826 0.9134220108195578 0.3753110784904983 100.11984562206115 0.9487916042556294 -0.2453479720588007 0.19899463384891597 794.4365091289302
0.26338549655974497 0.3229161742539259 -0.9090397266386031 39.46927759114499 0.1646283574711931 0.9134437517939008 0.37218008574482125 100.47944901654988 0.950539627852681 -0.24768055376612522 0.18742667677732927 794.6355129988788
0.252214837783663 0.32142503349320334 -0.9127286691266223 38.53637279606568 0.17118530100307372 0.9135249410135831 0.3690091799218813 100.83989194005348 0.9524091916409917 -0.24931532241325696 0.17538130370061583 794.8219979295047
0.24009735337343188 0.32354564274099373 -0.9152439445122771 37.6206017469329 0.17619954452096376 0.9126367554871057 0.36884667959001144 101.1871544943818 0.9546240000197345 -0.24982467771877484 0.16211307470106617 794.9893040545641
0.22559178639609243 0.32224653211168314 -0.9193832271977856 36.73214786040661 0.18254963368079358 0.9130125751747091 0.3648063442648124 101.51948606475433 0.9569660271679595 -0.25013038622854994 0.1471421514438672 795.1348127522086
0.20875245261250128 0.32181900203230734 -0.923501458287531 35.83622819071657 0.19020551558300033 0.9129135352580957 0.3611242708325946 101.85190050533727 0.9592936335502651 -0.2510406482494392 0.12936119030231683 795.2644143996326
0.18936862536995286 0.3222698366172324 -0.9275137067085305 34.93532840497665 0.19870502817279068 0.9124837208527116 0.35761679345025676 102.180499002457 0.9615902638360815 -0.25202303780705504 0.10875915092607182 795.3744611388385
0.17118819781795405 0.3234641952040274 -0.9306264101930769 34.04801787362335 0.2055454362826681 0.9120598812888426 0.3548208654613653 102.49772236390534 0.9635588588930148 -0.2520271560058486 0.089647298254862 795.4633996477206
0.15565797460886818 0.322102347034188 -0.9338204714910321 33.154047445756284 0.21158736434538453 0.912530088587298 0.3500280341233172 102.81441842947754 0.9648841288932256 -0.2520692671825126 0.07388979870072553 795.5387286354512
0.1398046293726713 0.32548597329059686 -0.9351542903697999 32.282387142506245 0.21613770150925707 0.9116240400300737 0.34960850050527165 103.12053915465692 0.9663017952959965 -0.25099898571572526 0.057099470903090595 795.5987113451681
0.11863285467052405 0.32783551999798693 -0.9372566978263601 31.45940445047378 0.22270116030178128 0.9110898006766165 0.34687111194691045 103.40350315506952 0.967641689362836 -0.24987846431954877 0.03507583322377822 795.6347083378794
0.09204906272501676 0.3296009698503994 -0.9396223553774798 30.621190859624576 0.23189656384340124 0.9105870072490435 0.34213343289841786 103.68910285678754 0.9683754198290404 -0.24938825734767403 0.007385348199094374 795.6465854813263
0.06298700923173906 0.3368051425921827 -0.9394652375641694 29.7387256920238 0.2407103222691823 0.9084175720195871 0.3418128956009521 103.9841121777173 0.9685510711475717 -0.24766875210551123 -0.02385396842020848 795.633143856683
0.03444593377271539 0.33796785296271026 -0.9405270905244052 28.800408374111278 0.2527191792490943 0.9075551658582808 0.33537536785461025 104.29650650465392 0.9669263126454836 -0.2492415520889877 -0.05414937327507259 795.591511378888
0.007331577683011625 0.3409539246817463 -0.9400514183877354 27.865454942330178 0.26201848482482687 0.9065762803877156 0.3308561038404437 104.60505808709095 0.9650350053644591 -0.2487365455305901 -0.08268959631494897 795.517191212032
-0.018224744088513063 0.34502691016568443 -0.9384158406401876 26.981481989560667 0.2709686213692158 0.9051505781881745 0.32753387159022607 104.89004370419977 0.9624156404257864 -0.24831202561925508 -0.1099876038319228 795.4175293931987
-0.041254422394148435 0.34720623223303837 -0.9368809449078701 26.10078990524507 0.2790911364913967 0.9043597962944088 0.3228645170629295 105.17065900809257 0.959378032980153 -0.2481555785084758 -0.13421102298342796 795.2948209745248
-0.06067698535273591 0.3486502632381874 -0.9352867460797503 25.193010039629918 0.28485068765991006 0.9040962961628934 0.31854351822665705 105.45760805355772 0.9566495644634884 -0.24708881239037023 -0.15417110495594288 795.1494716452985
-0.07465068373443322 0.3504231367104983 -0.9336117505022942 24.230715608939704 0.2883348204231641 0.9038194113062114 0.3161858679284037 105.7599979935516 0.9546152663505467 -0.24558928519801587 -0.16850992922200286 794.982272697076
-0.08502838473803918 0.3521317341295183 -0.9320801551410581 23.258196027129454 0.29089717095290146 0.9034848976731362 0.3147917972377357 106.06440125745848 0.9529685250418505 -0.24437324218396783 -0.17925598674537338 794.8023069254599
-0.09245571014275153 0.35363948526798655 -0.9308012978726415 22.30310724214227 0.2927710860319998 0.9031381390451816 0.31404871116699784 106.36317905127 0.951702176547708 -0.24347611024780907 -0.18703569416812899 794.6174566035268
-0.09759776666187928 0.35527148351773513 -0.9296541555555603 21.33131712676459 0.29440162214808313 0.9026141390251434 0.31403089164679215 106.66838262200271 0.9506852059536809 -0.2430429777446994 -0.192685625176864 794.4255592030728
-0.10241287388068354 0.35654464503224786 -0.9286482215361899 20.322192644888954 0.2955900550072347 0.9022959591773827 0.3138288091189044 106.98551649245688 0.949809519137559 -0.2423590686378351 -0.1977977735078986 794.2213128941618
-0.10641878391459007 0.35918982936657096 -0.9271772801949767 19.299559712775316 0.29553488064962885 0.9017583862952392 0.31542185571963555 107.30693814394168 0.9493862105326532 -0.24044641653770457 -0.20211715420673043 794.0062357058124
-0.10841511923609282 0.363169748365252 -0.9253939138514712 18.31305389086444 0.2951883629106767 0.900655593290362 0.3188782411468418 107.61966680136398 0.9492681351036387 -0.23859429194159068 -0.2048481670158475 793.7944417793137
-0.10934796964525895 0.36583952616792065 -0.9242318229901477 17.363634149427615 0.29483726630902274 0.8999004783064207 0.3213255600466611 107.92265261530186 0.9492702502079603 -0.23736168653999315 -0.20626541598874026 793.5895319734454
-0.10882691794050196 0.3637907086917541 -0.9251016280393864 16.422599200550938 0.29570420903815914 0.9003474383017105 0.3192702790750604 108.22991260361412 0.9490604420629329 -0.23881124473755883 -0.20555648055512574 793.386270186842
-0.10776324448538575 0.3666422760377436 -0.9240998455577442 15.435077001454406 0.29526511508024766 0.8993755334567658 0.322400622884027 108.55688564097272 0.9493184897359964 -0.2381115100981559 -0.2051762993236418 793.1740000916002
-0.10547789791457443 0.3726874479679017 -0.9219427743513671 14.424424555307628 0.29406948138151834 0.897339306290347 0.3290977202995581 108.8955203421582 0.9499460790863498 -0.2364026977712703 -0.20424546828494852 792.9571961023286
-0.10254133001738759 0.37651855364088926 -0.920716598309403 13.436566331697186 0.2933716037801541 0.8958722395671641 0.3336855293062266 109.23244322738093 0.9504832337993803 -0.23589554709042262 -0.20232378290548217 792.7481943042442
-0.09870510118752666 0.3776456351282009 -0.9206742514419411 12.463805464817707 0.29293042410416725 0.8952255351908452 0.33580203658765995 109.56891142292618 0.9510252728680321 -0.2365481249363136 -0.19898722309585942 792.5463502106559
-0.09478981349661232 0.38021413455925895 -0.920028316487396 11.503807297993806 0.29194012082309095 0.8941724337713565 0.33945047435113546 109.90414986540758 0.9517278272232448 -0.23641673072091618 -0.1957581986128737 792.3485330748302
-0.09046668113064718 0.3842744579672241 -0.918775772731956 10.553699166410073 0.2908932701741428 0.892522516248448 0.34465151001690764 110.23654805876936 0.9524688367461693 -0.23608621082887957 -0.19252640360185105 792.1570758518652
-0.08505097855265771 0.38593655898577695 -0.9185963768083641 9.593229311850589 0.28857773940591874 0.8919636582445609 0.3480283331718156 110.57564913939093 0.953671442042073 -0.2354863155455135 -0.18723508171332065 791.9680205335911
-0.0784171407186339 0.38798037686046816 -0.9183256389825583 8.630724577481404 0.28606321099942517 0.8911812749177274 0.3520848967915477 110.91841854823164 0.9549966446821759 -0.2350896901338426 -0.1808707998505055 791.7839430276622
-0.07214075163006105 0.3886815535077085 -0.9185436091536889 7.677416436531456 0.283744251088422 0.8908878583206553 0.3546942681678247 111.25833238178419 0.9561824679048044 -0.2350435573668699 -0.1745554760292745 791.6095203367871
-0.06542340226636985 0.38454045413724436 -0.9207868469780699 6.735954977303154 0.2810321642116668 0.8925122294066182 0.3527645716878851 111.59773350106337 0.9574657702050772 -0.23569166190502522 -0.16645942266524866 791.4442816861401
-0.06016741861322818 0.3826345194628221 -0.9219385588274722 5.744083568321414 0.2793565376188188 0.8931588855314883 0.3524586927368618 111.95817510918596 0.9583004782567146 -0.2363430339815579 -0.16063051908446985 791.2745536421382
-0.05316541454464702 0.3838729496523303 -0.9218541084257943 4.744527870508537 0.2759960274837899 0.8928480685234539 0.35587711270480354 112.31479970337814 0.9596872571361282 -0.23550771762122868 -0.1534160468509628 791.1111320815224
-0.04031007163586332 0.3830285285870972 -0.9228565676274486 3.796727831339174 0.27118469661766276 0.8931336814332352 0.358846885746421 112.6538299628563 0.9616828783154557 -0.23579943464292402 -0.1398737579997757 790.9717351124092
-0.026126936334707737 0.38290664280374664 -0.9234175036756272 2.8841571265426396 0.2657331802246069 0.8931586619178679 0.36284084881501794 112.98486678409856 0.9636925132662807 -0.23590275017017223 -0.12508649941808603 790.8536586638548
-0.015354116185010466 0.3824847214157814 -0.9238342324246651 1.995613623144647 0.25964533825417346 0.8937732113071114 0.3657235910802747 113.30858913932161 0.9655819744791505 -0.23425388925964255 -0.11303347259851108 790.7494259790097
-0.007482853007950062 0.3821508472792503 -0.9240696601634605 1.0751823996001664 0.2554668671775735 0.8941608414512764 0.36771329781451173 113.6472760546066 0.966788853207017 -0.23331763657919116 -0.1043177538857282 790.6506469712735
0.001992335085971385 0.3815283208383175 -0.9243550026906328 0.18341107872720408 0.2505591072959572 0.8946804812257886 0.3698201863942078 113.97849757463909 0.9680992533578155 -0.2323423700315722 -0.09381289216389244 790.5678279020021
0.014522641924157769 0.38088637277293713 -0.9245077954822329 -0.6681938098143682 0.2453635446513679 0.894977606088262 0.37257457717434467 114.29651508610407 0.969322352897972 -0.23225127693169156 -0.08045819122960833 790.5026919299279
0.027118343560978607 0.3794079572605619 -0.9248319833406914 -1.5433891376345081 0.24151382631387897 0.8952775026751615 0.37436514915648567 114.62684082116695 0.9700183849503781 -0.233511873726148 -0.06735382459196894 790.447667865468
0.038514580066644245 0.37954515940410344 -0.9243711911863135 -2.4232655800111456 0.23651940162822668 0.8953085301376483 0.37746683101458217 114.9615808981307 0.9708631210297964 -0.2331696975073731 -0.055287361924810374 790.4028404547704
0.05098734493946729 0.3772835038187097 -0.9246931644617591 -3.2833910858083986 0.2312501155881236 0.8962740023044057 0.3784392908165371 115.29073178561895 0.9715573450375972 -0.23313101582484125 -0.041548222151795204 790.3726315465448
0.06351146689227946 0.37415736955350554 -0.9251878492403544 -4.13395195581789 0.2251485524258886 0.8977871018413219 0.37853196576760667 115.61708327533874 0.9722522424318285 -0.23234582539000737 -0.027221214339537333 790.3546994397248
0.07570386765828509 0.3737529575451754 -0.9244336921314645 -4.962554972485288 0.21986574382685434 0.898018996229956 0.3810786494958859 115.93729208162765 0.9725882885954582 -0.23210042898792577 -0.01419196077293606 790.3494080950462
0.08709983435166418 0.3768137998866721 -0.9221848941892726 -5.80023604235461 0.2131609296842951 0.8972135347903453 0.38674318487226444 116.26157804113346 0.9731269377178092 -0.2302590567252094 -0.0021748296434027613 790.3537782720242
0.10040461723068905 0.37253286123633217 -0.9225715040785895 -6.5890239655745555 0.20567275724491565 0.8994577862066505 0.38558320471657864 116.56871297905234 0.973456537173609 -0.22846215907958442 0.01368985400442972 790.3677500791441
0.11216574481075561 0.37414752661914835 -0.9205609561652192 -7.327313604870918 0.1992218639659133 0.8991304192805035 0.38971160881145805 116.85708853287186 0.9735139930216704 -0.22710816244521484 0.026313265509303765 790.3933365329661
0.12237613011080087 0.3737426527396276 -0.9194240111625598 -8.033269827886777 0.19542579893983064 0.8991763889312006 0.39152340759829013 117.13120115478716 0.9730533592192334 -0.22759229141558096 0.03699877025487328 790.4306383942084
0.13338321285140367 0.3731423106240986 -0.918136010921882 -8.760436276873204 0.18984143704057188 0.8996391272514923 0.39320436098871686 117.4168988063344 0.9727122633707302 -0.2267471206879679 0.04915888473012051 790.4754008862373
0.14610733396773654 0.37472336946815815 -0.9155517698826598 -9.539405484595983 0.18647488722801048 0.8984606442626446 0.39748658737680165 117.72901119042712 0.9715347463648134 -0.22880311860983404 0.06139519134487703 790.5384082364418
0.16135488121758573 0.37643759384381836 -0.9122824892807795 -10.264105303019738 0.18381772018243575 0.8967556162853189 0.402542433052307 118.02139515500295 0.9696265508195367 -0.23264587381214463 0.07549999565559008 790.6146935386898
0.17965367970022614 0.37278952075200417 -0.9103584615895322 -10.871735871017906 0.17908650533861925 0.8975569641443085 0.402888966989237 118.26719084501042 0.9672913619875712 -0.23541340092175173 0.09448783885075582 790.693771544024
0.20263343804129522 0.3669404969195534 -0.9079065819278963 -11.438510620853942 0.1738046225339061 0.8989439208803605 0.40210916465319724 118.50362673046145 0.9637072392450998 -0.23927912326961895 0.11838014273480454 790.7854400191726
0.22799881502928968 0.36585709294702584 -0.9023109928874805 -12.020663284494164 0.16611679117382375 0.8985159946932694 0.40629326719806497 118.74861420680189 0.9593861329179992 -0.24252339025487393 0.14408557576638759 790.8980191448527
0.25609006119965827 0.36333108472860265 -0.8957725176766097 -12.567423634653704 0.15813945929770287 0.8984429994970162 0.4096243255323538 118.98086412204994 0.9536297981752594 -0.24655770019357162 0.17262534144056826 791.0289667626394
0.28804296058653045 0.3578203252327502 -0.8882543935758916 -13.085831302943188 0.146194164959831 0.9002629878755495 0.4100656274221076 119.20347123555483 0.9463923705251667 -0.24797412669816696 0.20700317268109392 791.1697307573897
0.3234846158891701 0.3524826221821719 -0.8781308013858846 -13.612823246809812 0.13386095478405508 0.9016474165573685 0.4112337303769294 119.44367596996918 0.9367171120820507 -0.25057521281045486 0.24448540786243195 791.3551317041109
0.36225414976002157 0.3470651792714187 -0.8650535777158208 -14.110050164281445 0.11879830167001522 0.9033287616071175 0.4121700037286463 119.67731436701992 0.9244776333162225 -0.2520771901435171 0.2860038386235175 791.5619270242782
0.4075546876880292 0.34220359116465754 -0.8466379856452961 -14.557877040657889 0.09894420484053636 0.9051243521649839 0.4134730359363148 119.88989483454633 0.9078046160226256 -0.25228279630591466 0.3350286104440686 791.7797693107709
0.45616156578529343 0.3406171514947774 -0.8221292976216655 -14.97296635800463 0.07586056980521531 0.9056007496897372 0.41729181169801893 120.09660997800849 0.8866576565107511 -0.2527196831846925 0.38726084475698486 792.0224598838226
0.5040298226239284 0.3419555344249784 -0.7931080319740929 -15.37208737186967 0.05096318164337373 0.9049072945403301 0.4225464973283835 120.30570889254737 0.8621813568052115 -0.253395344795103 0.43867312114340623 792.2874208822922
0.5488614191432033 0.34343111933417697 -0.7621064288201373 -15.774970649224723 0.02699413981740698 0.9039475673953953 0.4267904776532235 120.5270685633825 0.835477383889969 -0.2548212347368706 0.4868713170187294 792.5872105926675
0.5879369020858288 0.34515345483783316 -0.7315731622874272 -16.233506728709436 0.005431390879362825 0.9026925201852835 0.4302519192225158 120.78931696331797 0.8088885579354138 -0.2569344403054041 0.5288515805271999 792.9554859251572
0.6195321356596171 0.3467694610663552 -0.7042235964214655 -16.760892423134226 -0.013629055278342411 0.9017495474889797 0.4320439820847423 121.10079375839624 0.7848529682286057 -0.25806722859590586 0.5633889631396569 793.3905170592841
0.6499137851655686 0.34755545619454126 -0.6758825909291991 -17.25691104692342 -0.03222127177249854 0.9011107714618793 0.4323900637164787 121.40806749531657 0.7593246087788311 -0.2592384663293293 0.5968429911443163 793.8380153565417
0.677840907500738 0.3462760746218141 -0.6485557680439544 -17.681056503753954 -0.05068621813561 0.9020495171867216 0.42864621290093435 121.67920329189035 0.7334593454375534 -0.2576810988173413 0.6289974879938753 794.2586054803782
0.7004037274256126 0.3467324862188717 -0.6238679360319682 -18.080217638630838 -0.06434378732349905 0.9011888188810138 0.4286240657694258 121.94330055366034 0.7108406963878584 -0.26006786753523686 0.6535060892099638 794.7011474528018
0.7162910194352919 0.34708126778923115 -0.6053608585184297 -18.488905467321576 -0.07397789959721983 0.9004077028864211 0.428711136960522 122.2169185783734 0.6938691849675506 -0.2622986125251535 0.6706302945884929 795.1632142507993
0.7277390435810388 0.3422552281952386 -0.5943544760669174 -18.91063433754863 -0.07496173661590415 0.9010905014603527 0.42710261790518117 122.50927584866099 0.6817452768382641 -0.2662654069738638 0.6814147859841048 795.6590948440423
0.7327534185313971 0.3399331564911394 -0.5895064687927705 -19.369551154388837 -0.07474926708352356 0.9012571177170453 0.426788184975687 122.8232704401612 0.6763763558116339 -0.2686653250464906 0.6858089882880216 796.1911808593757
0.7335273339960172 0.33818582546830944 -0.5895489782308281 -19.845211298910066 -0.07218485238270227 0.9012759759963449 0.4271896091647415 123.14730605532435 0.6758158013594989 -0.2707987491554495 0.685522457756611 796.7397845505268
0.7313125158073818 0.33858195902311555 -0.5920677843351612 -20.35648370169761 -0.0697701425235704 0.9006640922221574 0.4288779782104452 123.49335139987342 0.6784645395565765 -0.2723351795227868 0.6822898347173116 797.3219178699073
0.7286413592309248 0.33828457844911053 -0.5955210437941029 -20.903516351725337 -0.06693515448934605 0.9005164850989076 0.4296390870935717 123.8642180420801 0.6816167946226066 -0.27319151533058017 0.6787966862321788 797.9390657294659
0.725375370818768 0.3391898170488032 -0.59898317123266 -21.478342568613773 -0.06387384420646582 0.8995805575316866 0.4320589688193837 124.25310748217186 0.6853836177177143 -0.2751455769613265 0.6741989380314977 798.5812917306012
0.7215296004373599 0.33881711377116563 -0.6038195087180278 -22.085965559291495 -0.060683306333507624 0.8996775421374505 0.43231684735382503 124.66064221002638 0.6897191979531497 -0.27528763791586164 0.669704520206913 799.2503475257612
0.7171129077460746 0.3380096664266405 -0.6095068030351432 -22.701818796027343 -0.0567403611813641 0.899936458563842 0.4323134302338751 125.07355363325424 0.6946435121391237 -0.2754339048659827 0.6645348411432632 799.9173573506068
0.7118923373986361 0.3390734045740744 -0.6150109968640008 -23.310405100473282 -0.05430396389302036 0.8996792245909012 0.433160908145023 125.47571159518449 0.7001859606266113 -0.27496639640156456 0.6588877760220849 800.5605785973569
0.7061355833606474 0.3411731084327222 -0.6204622857146691 -23.917752167184624 -0.05240173729301202 0.8990409731027155 0.4347175940897695 125.8747238429085 0.706134969988451 -0.2744562602034761 0.6527228856065438 801.1914229114129
0.7015146569824049 0.34159551630534957 -0.625451588277574 -24.5200658075509 -0.047553885587065726 0.8981173658371332 0.43717710958757017 126.27087129088191 0.7110666733889512 -0.27694349680368463 0.6462866899246186 801.811454852399
0.6965081235649461 0.3407051990883262 -0.6315032867073782 -25.124542691287015 -0.043915500217667464 0.8986745856268282 0.43641198194948955 126.66389224544638 0.716203785698364 -0.2762317079240439 0.6408963885751733 802.4192908638862
0.6916721443792817 0.3392823909661863 -0.6375555692408571 -25.731345138839636 -0.0396128693617649 0.8992757989128851 0.43558450164178353 127.06117293803528 0.7211244450652688 -0.27602626083375087 0.6354439692525595 803.0218550033834
0.6875081823122131 0.34157705891098966 -0.6408257267615542 -26.331420730532557 -0.037056958457520474 0.8978181887301516 0.4388043776162541 127.44822762363424 0.7252305020361681 -0.27793454771048104 0.6299151578628185 803.6034221086337
0.6843533291418481 0.3419094877421965 -0.6440174089916647 -26.934154120120564 -0.03451056554855329 0.8974418648906156 0.4397807635710929 127.83555061053544 0.7283334001389654 -0.27874002463500663 0.6259668177375628 804.1811192571155
0.6808756693734963 0.3433497196134564 -0.6469306708578232 -27.562236033385155 -0.03352365228054934 0.8969881192453256 0.44078166780222017 128.23811368128278 0.7316313877855186 -0.2784300342529441 0.6222477227221823 804.7744504582614
0.6768778979962848 0.3452199181762349 -0.6501226955725539 -28.178474879340136 -0.03274828497293282 0.8964530009413073 0.4419271059062302 128.63324376407624 0.735366480766876 -0.27784028721141096 0.6180945831883836 805.3507059107694
0.6730023292235184 0.3473635558142265 -0.6529980282909087 -28.756132420161446 -0.030607574597491843 0.8951820090309691 0.444648565818599 129.00378299630853 0.7390067937691612 -0.2792628346188866 0.613091533103867 805.8867338653562
0.6696013796597914 0.348717498108562 -0.6557668022022828 -29.314639211123744 -0.02697032914469006 0.8937591916201506 0.4477355343730516 129.36156464250126 0.7422308223885133 -0.28211808504135444 0.6078674134949755 806.3999333962852
0.6658159131439573 0.34923967478337176 -0.6593336176485178 -29.888548096846346 -0.023504411551076868 0.8930669579157716 0.4493094160116245 129.72734806110597 0.7457457424899679 -0.28366011040728845 0.6028268651294603 806.9187197511186
0.6618179362324671 0.3506809702998272 -0.662585750186773 -30.494784192515624 -0.0207669261930314 0.8920798116932117 0.45140042572631367 130.11060558218747 0.7493769105446799 -0.2849850287979645 0.5976769857569684 807.455826488217
0.657891440127072 0.35232185246140896 -0.6656186335174875 -31.103799453265157 -0.020532607901585283 0.8918858632942058 0.45179422181863843 130.4896109798754 0.7528328267419565 -0.28356466481935194 0.5939981614833543 807.983474047832
0.6550863320761479 0.35284415232824295 -0.6681039602447973 -31.661352439648297 -0.020576129842628715 0.892260384828275 0.45105213506511416 130.83698684387284 0.755273804926211 -0.2817310949005511 0.591767749846527 808.4631415350503
0.6555347248921014 0.3541149668005619 -0.6669908655659933 -32.131702389772336 -0.02135200594191364 0.8915769265800261 0.4523656439567127 131.1331394286011 0.7548631109697249 -0.2822997950370364 0.5920207001610309 808.8738439024501
0.6602580583522945 0.35338222593389085 -0.662706796988582 -32.56823946677554 -0.024363047724905152 0.8920002847101282 0.45137781733554905 131.41226731522644 0.7506435494203688 -0.281880283934616 0.5975598440679657 809.2661826896606
0.6697355204330209 0.3535239329886518 -0.6530506576633585 -33.02781342135265 -0.029457826659650684 0.8913669683346696 0.45232418043959366 131.71447548379857 0.7420152081452228 -0.2837001173177345 0.6073941671724438 809.6968997430309
0.684063459616892 0.35291461290108045 -0.6383638924765783 -33.48489226024357 -0.03742493458200265 0.8909919587036189 0.45247398134812267 132.02068584971136 0.7284617748986555 -0.285630190152179 0.6227028480624864 810.1517175704766
0.7025555127924485 0.3508893321469761 -0.6191061524733766 -33.91043856573064 -0.048293082853712935 0.8914875965016402 0.4504638092368942 132.3126902802592 0.7099884010273843 -0.28657728777622743 0.6432650530981774 810.6099509673309
0.724179819183272 0.35022702872911365 -0.5940577563126831 -34.295266533679445 -0.0659018305009446 0.892642884548076 0.44592110221687753 132.58358944845068 0.6864550518601387 -0.2837775696091355 0.6695145650114177 811.0519677398813
0.7516298102085229 0.34902362936764336 -0.5596741324636477 -34.62215545580975 -0.08552206524022243 0.8929313240615266 0.44199505298903063 132.83609260578754 0.6540172817005252 -0.2843521701214319 0.7010030232347714 811.5059489767278
0.7792952528457124 0.35084952035406447 -0.5192335919020061 -34.93353896245319 -0.10869228583439453 0.8916950783588096 0.4393926196817268 133.08645561861547 0.6171587282800338 -0.2859798966675807 0.7330283779020922 811.968853308983
0.8045128004954393 0.3513056400293992 -0.47889821582724534 -35.217221751166115 -0.12919298728994308 0.8905163696098606 0.43622215382987445 133.33671656346147 0.5797140035173236 -0.28907601550528056 0.761818043489066 812.4497589619989
0.8279843077558966 0.3514125293271899 -0.4369796566681964 -35.46254536913724 -0.1496865564359739 0.88950823224687 0.4317048060739982 133.57592901434606 0.5404034797559375 -0.2920348249728382 0.7891005893235405 812.9396864137237
0.8508283811364858 0.3490990499326601 -0.3927097136419978 -35.68129490516949 -0.1692002503108216 0.8896056853114036 0.4242322476620361 133.81080768363924 0.4974558685425465 -0.29450225465646757 0.8159694117151935 813.44479335485
0.8710900001628226 0.3477027983462739 -0.3468500766015531 -35.868469896833595 -0.18833368247232485 0.8887398227569491 0.41793773638229886 134.04799388981397 0.4535775960767292 -0.2987378306611297 0.8396565207685455 813.9910041874965
0.8881009717033339 0.3461982482625635 -0.3023630879580468 -36.03190126580621 -0.20633821439417757 0.8880814924563384 0.4107746389897321 134.27910288264255 0.4107325228664194 -0.302420296369896 0.8601399647751125 814.5550392430789
0.9033775843255457 0.3442368130613232 -0.25575370314332524 -36.15759214919978 -0.22598705355018756 0.8889791091395003 0.3983038979739524 134.49524827775343 0.3644705636479351 -0.30202178737125007 0.8808768632375544 815.110578716826
0.9175447851703281 0.34140605190360557 -0.20384669467599384 -36.24672064592338 -0.24690388232725272 0.8910210527506908 0.3809461332613579 134.69745553096203 0.31168901183465536 -0.29920459768968055 0.9018462000933938 815.6440519296914
0.9291413473191833 0.337182232505186 -0.15167234020977713 -36.31352804559759 -0.2635613764564321 0.8917456771267621 0.3678655300053577 134.90020961214026 0.25929087439067594 -0.3018241034254081 0.9174259932273384 816.2100866249872
0.9370623023227299 0.33223255627591275 -0.107404702485488 -36.38351911737041 -0.2753945225041602 0.8923512661237525 0.35758505956211434 135.13821129163725 0.21464412067496352 -0.3055008124337947 0.9276837581104695 816.8913054847102
0.9416742840633043 0.32764984222122984 -0.07677970842784793 -36.4469996056664 -0.28244084938372477 0.8935333818165986 0.3490347578376573 135.4091828063107 0.18296641586165846 -0.3069913296361903 0.9339591073462177 817.6772592853681
0.9440764853586756 0.32429561828406805 -0.05959816905378518 -36.497717892214084 -0.2857466968092101 0.8948667744225298 0.34287356459377566 135.66886145080974 0.1645248159258477 -0.3066688898410982 0.9374890809754509 818.4478308392455
0.9455947179016276 0.320906629456956 -0.05356831756847098 -36.54586150964727 -0.2850252468576383 0.8964898244996534 0.3392146860357356 135.925651171839 0.15687969317372522 -0.30549129241135037 0.9391825339786521 819.2126749009408
0.9456655737012903 0.3200882212698142 -0.057097752324721425 -36.605274538372555 -0.2835369952705616 0.8977943118278604 0.3370046675677947 136.1922503285327 0.1591332618566888 -0.3025043871646585 0.9397700254407917 820.0108720485523
0.9452609925859148 0.31977169960352025 -0.06502088916776416 -36.6704056893071 -0.2807839461753502 0.8985794236127951 0.3372171333575665 136.45590880304903 0.16625892898033443 -0.30050138035019675 0.9391788375713861 820.7966359495776
0.9444272553523757 0.3200191863825053 -0.0751324144072145 -36.742859449484136 -0.2771493310158975 0.8980882785299701 0.34150503991085546 136.7145179090812 0.17676370573457006 -0.3017037691414456 0.9368721513743639 821.5624966703596
0.9428813570273121 0.3212408613261744 -0.08819895455588599 -36.83165237469322 -0.2734923237773108 0.8976297616946907 0.34563385215400866 136.99111496759375 0.19020172292915566 -0.3017699785173319 0.9342152774711143 822.3646016074623
0.9412408300858942 0.3217133008521575 -0.10279227516708218 -36.93963364221378 -0.2684185446868175 0.8972916010651818 0.35045579967535584 137.2989642617352 0.20498093727814262 -0.3022719548894543 0.9309213074368226 823.2426158984828
0.939516064764627 0.32265821653802035 -0.11489664638139908 -37.07141556585001 -0.2639432223256151 0.8958466461381993 0.3574811351544447 137.63206231772173 0.21827400082822074 -0.305533078247584 0.926825764995233 824.1799242430901
0.93835012770848 0.32099537062318756 -0.1283004671385129 -37.199020377086086 -0.25756869894459294 0.8967608883664249 0.3598308969783582 137.93221510538262 0.23055889302619978 -0.3046011837382506 0.9241540541012582 825.0108206944188
0.9362857551552677 0.32144989726016526 -0.14155899210137923 -37.32944531057455 -0.25383195829683747 0.897811739304705 0.3598658329347932 138.2178715644871 0.24277215993709095 -0.3010050569643141 0.9222025992380366 825.7815415988069
0.933304229249627 0.3255499062064714 -0.15152714025453146 -37.485057588177 -0.251522687879567 0.8938456667316301 0.37118224842646375 138.52469191266158 0.256280223869489 -0.308313448675282 0.9161131285050771 826.601118144832
0.930957515861207 0.32582132227216487 -0.16479857285288413 -37.65422435218648 -0.24697705778817858 0.8943489415474881 0.3730178329238188 138.8497198946898 0.2689245927538474 -0.30656228845979455 0.9130712604755842 827.4489066760287
0.9293061968070652 0.3237310789124917 -0.17773064204616243 -37.83324711669377 -0.2402519725967301 0.8954363083556088 0.37479702152212807 139.18899117951938 0.2804799141460325 -0.30560105730287224 0.9099115405005048 828.3182432948316
0.9280157156307892 0.32219851275792283 -0.18701590819728642 -38.01425419244869 -0.23535068359747288 0.8961838920099747 0.37611765105091216 139.50997934025983 0.2887851922666294 -0.30502876926355155 0.9075023761120905 829.144185818214
0.9260100788170434 0.3242848956510993 -0.19324761416847455 -38.20875180453005 -0.23496864501112516 0.8957940095283669 0.37728348539888085 139.84462494611518 0.29545739082122574 -0.30396117999778877 0.9057110638959129 829.9928855752316
0.9242960024922737 0.32699990847484794 -0.1968450142478665 -38.42306196764666 -0.23547203504062691 0.8944385231234282 0.380174498180251 140.19910992273853 0.30038278993748324 -0.3050422728249673 0.9037252853047508 830.8931678505236
0.9236148930780538 0.32579222429264926 -0.2019776123110243 -38.64097576412566 -0.232633140065689 0.8951899855559726 0.3801535372760253 140.5545382981127 0.3046594023292085 -0.3041287825095575 0.9026008709400102 831.7949097888959
0.9227857832884467 0.3240609981420211 -0.20844871705991402 -38.85156778972437 -0.229360386354953 0.8966749939509624 0.37863936455966607 140.89424822797696 0.3096130025238483 -0.3015931443289764 0.9017656923846293 832.6553166510381
0.9214169623090764 0.323522793503296 -0.21522960682242814 -39.063142071425816 -0.22653387911336198 0.8972725226799374 0.3789253510355745 141.2296610141531 0.31571060036521537 -0.3003914481595725 0.9000509956050443 833.4956569496958
0.919830404923572 0.3253024817580008 -0.21929505589552678 -39.30075398592321 -0.225109792734318 0.8954393934782595 0.38407534914701086 141.59555922058058 0.32130609610346295 -0.30391871934675596 0.8968811541321299 834.4032819974046
0.9179986908625947 0.3274365591545596 -0.22374919732500534 -39.56124021996693 -0.22486351677519378 0.894487515585311 0.38643043783520614 141.99065383443275 0.32667231654679957 -0.3044296046560524 0.8947669045125152 835.3746534702316
0.9157316476627323 0.3306292761710999 -0.2282976811259182 -39.83716631261421 -0.22525644043202397 0.8929693610256191 0.38969893034673647 142.40476036954072 0.3327087097038333 -0.3054341205695131 0.8921966781372478 836.3867638550548
0.9142972770591729 0.3308200341922464 -0.23370621330897984 -40.12670360518013 -0.22300445556436962 0.8928044445484257 0.3913684154259451 142.83947776564636 0.33812645853381434 -0.3057095496899266 0.8900630142117829 837.4438078557968
0.9134582950762731 0.3291008951392353 -0.2393460757457738 -40.40175337582099 -0.2207971332336818 0.8948991389638783 0.387819748127266 143.25859400366605 0.34182242336063046 -0.30141023854584487 0.8901175759345527 838.4468680961107
0.9128931993125933 0.3291579355857507 -0.2414147056203162 -40.659531866239085 -0.21946876059361503 0.8944418350010945 0.38962452043393814 143.6448207863558 0.3441794150909061 -0.30270258875801076 0.8887697525157355 839.3750670343721
0.9127300235912461 0.32822359698952513 -0.24329647431555654 -40.91276114625844 -0.2175241678031026 0.8944679745374104 0.39065365600299845 144.01570277791905 0.3458426527435399 -0.3036384575547043 0.8878043402896343 840.2741843719243
0.9126139622914186 0.3275717205852487 -0.24460687583053714 -41.159746181202586 -0.21644966388215714 0.8947328437266899 0.390643931684662 144.37679544532915 0.3468217104450871 -0.30356203028305473 0.8874484745236623 841.1421725136129
0.9126236552274661 0.32763803333594843 -0.24448186646663547 -41.40489563446399 -0.2165660624316627 0.894715254141852 0.3906197058632926 144.73433472887413 0.3467235275000841 -0.3035423086122144 0.8874935844051307 842.0015166288672
0.9127117420474449 0.3286703585077344 -0.24276134652599582 -41.65578278605854 -0.21797712054198598 0.8941733509644402 0.3910754317842626 145.1010875861419 0.34560562907588815 -0.3040227193211405 0.8877651352061761 842.8843051370749
0.9132475327493427 0.32904318702399526 -0.2402280687187265 -41.898006373989816 -0.21879441856171652 0.8935232576984673 0.39210354545471504 145.4586725997243 0.3436683667919933 -0.3055270348512717 0.8880007233338919 843.7448241279976
0.9139570074259694 0.32962254243575834 -0.23670988170152954 -42.12908175935429 -0.22017456932533327 0.8927593499531016 0.39306984378570514 145.80631949133186 0.3408896413788017 -0.3071314418770928 0.8885181651554073 844.5812318022594
0.9154476800852815 0.32919198836992863 -0.23149120894653347 -42.349724750910134 -0.22101223495246636 0.8919623443991159 0.39440685614647686 146.14529991890794 0.33631701864132485 -0.30989645200790117 0.8893003159816861 845.4010547797072
0.9181417767391487 0.326000588926119 -0.2252538430884184 -42.55256412723677 -0.22079172174631503 0.8929269526275512 0.3923422904551228 146.46545796624932 0.3290390454255765 -0.3104916638029087 0.8918117701030461 846.1779764995279
0.9211865551272257 0.3226334533916573 -0.21753846879438815 -42.734267754111706 -0.22154848995989573 0.894457033933927 0.3884107118020962 146.76506844082175 0.3198931028473766 -0.30960340630990335 0.8954407482083805 846.9106491653249
0.9246192224684391 0.3198623752758086 -0.20680269419128916 -42.8996905313182 -0.22310049386242375 0.8948584881431859 0.3865933985939665 147.04845130312256 0.30871582900816613 -0.3113139044132296 0.8987648134182785 847.6227486074104
0.928315155668517 0.31706652958131193 -0.19416433136752823 -43.06651519058018 -0.22565563016019125 0.8955396102534978 0.38352098123051803 147.34945383622428 0.295483516178385 -0.31221406484378017 0.9028908402351769 848.391392272745
0.931359346116928 0.3162276455210478 -0.18047117390004896 -43.23550164030721 -0.23060962007131755 0.8958992325902752 0.3797153778486171 147.66822416285962 0.28176048610692106 -0.3120330771767165 0.9073292606415946 849.2106977607015
0.9336260420501432 0.3177904094294756 -0.16538340086123907 -43.39086467199547 -0.23803374053512677 0.8952848354463928 0.3765700489770538 147.97611435477427 0.2677356008689127 -0.31220877485165555 0.9115060772880192 850.0138987897569
0.9363517249835644 0.31746320762414376 -0.1498751444546153 -43.52820828426878 -0.24414992741727728 0.8956369429322829 0.3717866046498343 148.27474408746107 0.25226228426468955 -0.3115310229494079 0.9161398155727423 850.8089529838522
0.9382613531081834 0.3194169993558059 -0.13280969010630483 -43.64913252485302 -0.25406913513781637 0.896854836263894 0.36207772265134636 148.56400486915845 0.23476479257742305 -0.3059806908819528 0.9226382329892275 851.5907072147289
0.9398594933747754 0.3211953222275273 -0.11617959240961499 -43.75351508029015 -0.2615814402593673 0.8955866882697904 0.3598605756481028 148.84558849247315 0.2196344299629347 -0.3078279532029289 0.9257443861032882 852.3729921259935
0.9417034461624161 0.32065034433895706 -0.10187235229018997 -43.84215759535695 -0.26519009680777894 0.8937580655875408 0.36176060143732874 149.11606320599643 0.20704789793887796 -0.31365566609345047 0.9266883462559394 853.1492800769955
0.9436465933399507 0.3193244560399333 -0.08696550265884337 -43.91448048012037 -0.2696959839033675 0.8942584930183051 0.35716358147356575 149.37521677735964 0.19182070572359505 -0.3135819501173999 0.9299845038581409 853.8981267220054
0.9454016978508624 0.318347359393829 -0.06978960142945263 -43.973631654390616 -0.274768594230657 0.893726489474672 0.3546197705089033 149.63893321296564 0.17526508301773383 -0.3160821424539132 0.9324023969813318 854.663206997148
0.9458665674059519 0.320202460537958 -0.05297943873917708 -44.02581466960969 -0.28188126677746655 0.8913903393103872 0.35491719375657627 149.91047037905395 0.16087071860226937 -0.32077039646692895 0.9333953956640458 855.4575492430197
0.9462059874320884 0.32129486368687443 -0.03826016095233317 -44.06289545892228 -0.28815380898454457 0.8905271099574095 0.3520352948194289 150.1645517213271 0.1471788426213612 -0.32207309263478895 0.9352044221908391 856.213445927407
0.9458600080860712 0.32353917881994426 -0.02590839385088587 -44.092777348591675 -0.29579383598277853 0.8920988329462303 0.3415635795142196 150.4314520064858 0.13362204794871546 -0.3154077868799224 0.9395015041379671 856.997192131703
0.9459205262939294 0.32430302043984616 -0.007868218947610344 -44.10339711592567 -0.30197276075765056 0.8891314206049465 0.34388627284820794 150.71206165482434 0.11851923766299192 -0.3229130963999805 0.9389783397273667 857.8514698940318
0.9451935829626991 0.3264882701746053 0.0038079081565155623 -44.108378533270546 -0.30866927894738655 0.8896831597235016 0.33643298223941503 151.00217325110498 0.10645359064040212 -0.3191696801746697 0.9416997123802082 858.7373281042055
0.9439313128964596 0.32976881053288626 0.01569102078549521 -44.10260448019148 -0.31592510886981817 0.8884651479883353 0.33289789184622176 151.30923361516412 0.09583841671875838 -0.3191899315608053 0.9428323209728505 859.671776149454
0.9428328119545348 0.33189220067106534 0.030230048554731298 -44.08384956653762 -0.322614154994715 0.8861850462467937 0.33256002586843425 151.60451469145954 0.08358466186418113 -0.32330114590314396 0.9425974609337576 860.5910815429784
0.9420567621517068 0.33284532579312603 0.041749802178091586 -44.05628040844116 -0.3275718040131938 0.8859496421175579 0.3283137902180053 151.8692781973718 0.07228948816932636 -0.3229662841992016 0.9436455951101448 861.4220376520334
0.9416036431706923 0.3323127918108315 0.054321152110112035 -44.01685159957212 -0.3314022077204777 0.8860192130713527 0.32425689011401704 152.13468736953368 0.05962512797195372 -0.3233236187897697 0.944408111807082 862.2621825215722
0.9408303317918603 0.3320045381995778 0.06790635754701184 -43.96365187288977 -0.3357613501155761 0.8861557417404552 0.3193623602571042 152.4119493382795 0.04585414429451964 -0.3232661256539401 0.9451964925113245 863.1494442735876
0.9403422049494884 0.33029476934678115 0.08162048108710572 -43.90113867053085 -0.3387653683063809 0.886715652453878 0.31460034477020987 152.65467998394757 0.0315366901715393 -0.3234821742159072 0.9457085809791385 863.9534863188625
0.9393377847421273 0.33002382362159616 0.09342805787307254 -43.83277721818803 -0.3425181267951604 0.8882301449274705 0.3061511758247195 152.88583083430464 0.018051564267027503 -0.3195801706681856 0.9473872785419956 864.7324591655981
0.9375859093529193 0.3310517265166697 0.10647730722173131 -43.74826946313909 -0.34770043475708645 0.8870577072493203 0.30369891616420264 153.14146361143509 0.006088534519207451 -0.3217660304940712 0.9467996363368011 865.5950721223903
0.9357428994387741 0.3320502954054379 0.11886053790504765 -43.647606349406914 -0.3526417254295598 0.8860468540358096 0.3009398377405472 153.41338345775966 -0.005388843658761012 -0.3235175014962969 0.9462068413352426 866.5283548223919
0.9333727702100694 0.3341128258250972 0.13108734282740223 -43.54255642645417 -0.3584158765791394 0.8868257811743916 0.29168149283154116 153.66389570499464 -0.018797107394159903 -0.31923134787109897 0.9474903774128873 867.390793617178
0.9302614776250134 0.33608063492893536 0.14718488398164337 -43.428909197914 -0.36547536963200494 0.8841075754781935 0.29117271365019554 153.8986665617521 -0.03226976044651384 -0.3246592087217521 0.9452804138206251 868.2142237630873
0.9270485072304147 0.33834092323915865 0.16157501324008267 -43.299742221176466 -0.37229585603059023 0.8817522665460734 0.289670046817601 154.12982940131945 -0.04446190306666002 -0.3286918923589933 0.9433900460960761 869.0533428745977
0.9244811575593102 0.3410837209660041 0.17028354180537286 -43.15657221643915 -0.37670951332504626 0.8858938115315648 0.27070666275598365 154.3663305689187 -0.058519500067958974 -0.3144106391044382 0.9474816188875309 869.8899972126056
0.9232923138468383 0.33839960833094 0.1817058289456258 -43.00139538468083 -0.37782914352918723 0.8852875047936029 0.27112943801128697 154.60059829814193 -0.06911180428372167 -0.3189854838982224 0.9452363829068722 870.7458811408192
0.9212963499252522 0.337889919898381 0.19246671827999848 -42.849380011074466 -0.3813604990510846 0.8818372049632835 0.2773577359765729 154.81459174123597 -0.07600792970417186 -0.3289278735127346 0.9412912666377383 871.573547717471
0.918522533328253 0.3405264216149973 0.20089328498069092 -42.68855837113924 -0.3864115095051789 0.8807344070150122 0.27384858886224467 155.03468350107164 -0.0836809481911927 -0.3291635770889605 0.9405577273234348 872.4111560412363
0.9155504487528048 0.34155674854495865 0.21238258712034985 -42.50035040847377 -0.39108237202531243 0.8793145663228144 0.271772831135812 155.27213906260366 -0.09392525794264456 -0.3318808234531134 0.9386336691939474 873.3139882369873
0.9127074095463461 0.3414668407626786 0.2244227733960016 -42.29169496657592 -0.39507677886882875 0.877654619486732 0.271360844066031 155.51681108817374 -0.10430495365910628 -0.3363372794579201 0.9359474937671547 874.2595621782477
0.9099254083703633 0.3430882496935695 0.2330798235030858 -42.07247274352827 -0.39916581861120964 0.8770427711880099 0.26732494601008966 155.76493824421055 -0.11270492648713185 -0.33628325921618324 0.9349926037763469 875.2144614329047
0.9066727617300577 0.34454455020957925 0.24337944871674672 -41.847023310212435 -0.40396149337931747 0.8753355803646603 0.2657117491087158 156.00647562455043 -0.12148915590924439 -0.33922953094997715 0.9328256591281776 876.1502764469185
0.9035273499456252 0.34620086540682005 0.2525535362884538 -41.62192170767612 -0.4084156466214182 0.8741201307876446 0.26288905748737074 156.23219686814127 -0.12974971096323723 -0.3406742692710434 0.9311852956107062 877.0415950560949
0.9010032684044612 0.3462240911750303 0.26138475283478463 -41.38178279793107 -0.4109899046202389 0.8741138302958422 0.25886735983081477 156.45822993035543 -0.1388539110890451 -0.3406668319275522 0.9298740242633523 877.9435879361857
0.8972246151397624 0.3475671090171448 0.27236940855530756 -41.128519050174724 -0.41554848881898365 0.8732191688724926 0.2545736368006129 156.68402432459317 -0.1493567655901913 -0.34159242942883955 0.9279047196395442 878.8512017436121
0.893678830038511 0.3480006772866521 0.28325549835621594 -40.86552445537423 -0.4190349107991265 0.8730179108457545 0.24949843862052593 156.90665988486214 -0.16046149778861438 -0.34166541520988747 0.9260220579321483 879.7477223305219
0.8908040760583691 0.34738889210379414 0.29289768814501166 -40.57972589524644 -0.4209950506773048 0.873531445156999 0.24434807473589107 157.13687089480672 -0.17097153383826263 -0.3409747380156229 0.9243943761469834 880.6781688223742
0.8877704504734059 0.3474366459957183 0.301912908444622 -40.28078546959775 -0.42344629508539544 0.8736052673364495 0.23980632197767646 157.36573774010492 -0.18043520289759868 -0.34073686900782535 0.9226817022430042 881.6182630272517
0.8846293559653228 0.34850472270393096 0.3097989038351056 -39.97377513864312 -0.42640362747331234 0.8734766767821154 0.2349860455330719 157.59073401250072 -0.18870837035483654 -0.33997493050330585 0.9213067879850313 882.5638144013608
0.8818767604134408 0.3488499467689404 0.3171704495724665 -39.652577617125 -0.42840918208921025 0.8737966835447926 0.23009764998316204 157.81457233612002 -0.19687293400655062 -0.3387965030301058 0.9200315089116377 883.5276673721305
0.8793644063920825 0.3488832899690684 0.32403501469911805 -39.335694690230106 -0.4299873394552464 0.8741704892645114 0.22569192189186035 158.02441656505968 -0.20452170710928982 -0.337796396782741 0.9187298110117575 884.4540962776781
0.8768700247576767 0.3483306790788788 0.3313075575562935 -39.03649365389782 -0.4315563477287659 0.8740191598441072 0.22327030022017602 158.21497720865338 -0.2117972578115187 -0.3387569131956531 0.9167255179963492 885.3112483919523
0.8742967749808294 0.34916743697723734 0.3371753997741622 -38.7475208268065 -0.43378412962633695 0.8737516603372643 0.21997582808616353 158.39408652290098 -0.2177991692877669 -0.3385854943919188 0.9153815515100462 886.1273134697798
0.8721653537879286 0.349288750303416 0.34252731944102416 -38.446622489854285 -0.43530471424647726 0.8736015526389221 0.21755489647823473 158.5772842110199 -0.22324292017165803 -0.3388476001661241 0.9139720468673481 886.9589752066945
0.8701343080445574 0.349843052098019 0.3470967082277795 -38.13705219155121 -0.43705502730658113 0.8732355794422938 0.21550528045067321 158.75905036996943 -0.22770417007569768 -0.3392188993774129 0.9127329013656268 887.8059132377928
0.8684802020950846 0.3508328540868481 0.35022627979943993 -37.841248748049566 -0.43852613313214817 0.8731712728066885 0.21275986206357492 158.9290642349751 -0.2311643768599432 -0.3383611042044035 0.9121813383491966 888.6180181233938
0.8684959560005007 0.34889398115750797 0.35211896331046844 -37.54029212404124 -0.43733647793654584 0.873716766762761 0.21296905067094282 159.0982312067828 -0.23334862218756036 -0.3389572264898491 0.9114035435159755 889.4367274848042
0.8698495196890534 0.34570158972872617 0.3519264467978393 -37.22407747935043 -0.4336757390237547 0.87589408220794 0.21150628864246324 159.2745117533495 -0.23513223190137542 -0.33660060548391946 0.911818439114354 890.2813502590052
0.8706390795326281 0.3432409870264334 0.35238220445376595 -36.91465533010096 -0.43141650171209894 0.8769629112774038 0.21169755382231759 159.44962764674162 -0.23636284657507303 -0.33633566131021436 0.9115980077259656 891.1031086567373
0.8704226367805931 0.34306767446355413 0.3530849814394354 -36.61714928345734 -0.4317561909964357 0.8765601291937791 0.21267094640319972 159.62112851177332 -0.23653968993842864 -0.33756023261923657 0.9110993713299769 891.9078533374566
0.8691446023637319 0.3453869993909747 0.3539710169402107 -36.31390927785029 -0.43433881281208775 0.8753620300988376 0.21234667867952656 159.79728463526243 -0.2365110058051747 -0.33830332087187626 0.9108311628507696 892.7394653516939
0.867808618480768 0.34853419596928603 0.3541639675779316 -35.990093728666146 -0.43700489587032015 0.8745708190357888 0.21012520904555523 159.9833050076373 -0.2365056504100285 -0.33711985514222076 0.9112712442478461 893.6201207133142
0.8667963507086878 0.34945615703587174 0.35573091053185113 -35.65757702300932 -0.438556665264208 0.8737594472398574 0.21026763828852577 160.16769696476038 -0.23734392292712753 -0.3382673833948789 0.9106278271504468 894.5080243381942
0.865921394444902 0.35018896223487456 0.3571383896635255 -35.324425905736916 -0.43955886021602963 0.8734982575877114 0.20925774154572 160.35011907393059 -0.23868000973726433 -0.33818409885754974 0.9103094903557398 895.3838513594726
0.8648830300550472 0.3514237008171362 0.3584392930843191 -34.986203027999785 -0.441320650229346 0.8725841830204202 0.20936314676592677 160.5373481692539 -0.23919328586719735 -0.3392612946484946 0.9097737883394316 896.2758307306572
0.8648918781275635 0.35266199373905316 0.3571996043124487 -34.638353936386835 -0.44172198437304117 0.8727301215238266 0.20790339945885325 160.73041561781181 -0.23841922672158314 -0.3375968796612341 0.9105957495906079 897.2003712711737
0.8659511025165528 0.35235072303078896 0.3549333120884049 -34.26627189730287 -0.4410102131122339 0.8726768701519213 0.20963079981850616 160.93898394647687 -0.23587852802039405 -0.3380592378290021 0.9110857653028098 898.1958092987712
0.8670457614948512 0.35191213992594655 0.35268894687323626 -33.873363039274814 -0.44011485986833715 0.8727683216465109 0.211126423863533 161.16344338993832 -0.2335177886091045 -0.338279917380669 0.911611836200058 899.261755223652
0.8676808834145412 0.3520079363071823 0.35102748800303035 -33.480909453483896 -0.44007026229310403 0.8723329855971909 0.21301015582447536 161.39217822598488 -0.23123159127212367 -0.3393015988996344 0.9118148804345722 900.3340003621977
0.868505347657033 0.35181312040090884 0.34917902200004736 -33.103115132046895 -0.4401090752732462 0.8714054392244359 0.2166946292647642 161.61436984745066 -0.22804048533815843 -0.3418773008022648 0.9116564310324887 901.3747287793684
0.8687362992446782 0.35292247524577697 0.34748088989331855 -32.74919089833939 -0.441075414018939 0.8704201205983036 0.21868080118211997 161.82388853619784 -0.22527698844462773 -0.3432412273081826 0.9118309812422978 902.3455283744834
0.8692583561884716 0.35386067092377443 0.3452137537380142 -32.41388998095245 -0.44103761233891103 0.8705666970420043 0.21817298298314947 162.02636817599225 -0.2233287592293193 -0.3419009382478361 0.9128132414280273 903.2627547394734
0.8701846528295227 0.35216737701338297 0.34461109753963903 -32.08189821055448 -0.4400009683729435 0.8701744148972764 0.22180089154251112 162.22664732702367 -0.22176072197491056 -0.3446369484337043 0.9121664080437684 904.1746552970548
0.8703697982160443 0.3535761811716769 0.34269563531129726 -31.76058237915039 -0.44044935238681737 0.8701982317251358 0.22081531985910338 162.42456159396184 -0.22013809832783165 -0.3431310560274305 0.913126659371035 905.0614403933412
0.8694348707704881 0.35670015512270753 0.34183037434338565 -31.434789585779274 -0.44371667969172407 0.8680332533141629 0.22278639838235295 162.6324438520783 -0.21725218906067548 -0.34537410220841125 0.912972187896257 905.9779398175945
0.8696600283877586 0.3563903798444246 0.3415806378864993 -31.088047648769095 -0.44450035273971195 0.8663286777808188 0.2278026744110095 162.85484982783393 -0.21473442071282697 -0.34994359432469224 0.9118270720658834 906.9576024812961
0.8713310353308092 0.3554694051086009 0.3382657666703435 -30.753902426047 -0.44269179044468004 0.8668327898123491 0.22940116211349387 163.07004097259724 -0.2116747635931645 -0.34963182998387987 0.9126616996017205 907.8971862967016
0.8720030743278278 0.35971723848970066 0.33198516035533643 -30.433337817818582 -0.44354584796963287 0.867544923673087 0.22501752411302356 163.28627717066163 -0.20706935821534428 -0.34346661226733666 0.9160529281356423 908.8039549397987
0.8718599475938132 0.36126033119434575 0.3306829370969458 -30.11207943105772 -0.4452630983258947 0.865883330464354 0.2280062088917344 163.50322516092098 -0.20396324436264562 -0.34603039047070633 0.9157848894908421 909.733085941451
0.8727512424813699 0.35966133690592383 0.3300742211719457 -29.81093524612836 -0.4445954642337294 0.8648454304816388 0.2331893105565128 163.70400516273443 -0.20159400271341987 -0.35026576211510013 0.9146987230557991 910.6139471496292
0.8734010074532188 0.36085322615548665 0.3270407151302076 -29.5198280204583 -0.4452001896759767 0.8638166367379652 0.23583385933148543 163.90284846705885 -0.1974018016436921 -0.3515761187394372 0.9151102455114014 911.4750334817261
0.8745684165194466 0.3628754699143429 0.3216387385889805 -29.212129906330542 -0.44543410871759814 0.8633322803317569 0.23716203011469975 164.1198365597996 -0.19162082250534612 -0.35068328598838705 0.9166802568566433 912.3858779713681
0.876373682767073 0.36228998070278723 0.31735648415567297 -28.88727925867446 -0.4444014685065231 0.8622885788357801 0.2428286259867534 164.35736310970313 -0.1856784934840927 -0.3538423048361291 0.9166892168918175 913.361760023121
0.8774858664300633 0.36360116039335255 0.31275030036130486 -28.573248480326512 -0.44387998716025684 0.8626548228744646 0.24248136746982146 164.59454155095386 -0.1816290483763259 -0.351597572136147 0.918362693086929 914.3278116308686
0.8779451682835401 0.3647749686447146 0.31008305941768516 -28.26885239991361 -0.44370979097252927 0.8632047245326895 0.24083028243880836 164.82537379400216 -0.1798163031615853 -0.34902267232185724 0.919700642232357 915.2588719427154
0.8799546168304285 0.36169607667019127 0.30798672120759096 -27.964726623989346 -0.43991210687004006 0.8651326782303328 0.24087919645991032 165.0520886908334 -0.1793243166666871 -0.3474498484377306 0.9203919775142673 916.1788452729991
0.8810734260287287 0.3603140026720515 0.30640404276778166 -27.659594039842265 -0.4379482758951734 0.8661554144796688 0.24078227843426614 165.28107451761926 -0.17863629414663018 -0.3463359892445448 0.9209454147600502 917.1109679588294
0.8801282551523163 0.3613911882462584 0.3078484424850873 -27.36233784649865 -0.4395416300726805 0.8653486876315174 0.24077957605963923 165.50778475685615 -0.1793806285962565 -0.3472291143789175 0.9204643025191385 918.032315778812
0.8788686221359049 0.36162877574716407 0.31115040346517414 -27.065849277129168 -0.4411654547871385 0.8642939855093665 0.24159666412181727 165.73063110989096 -0.18155711643279412 -0.3496005365612894 0.9191389874815815 918.9430967880423
0.8781113328232873 0.36079164052011675 0.3142449351988189 -26.75844962530261 -0.44173766223064054 0.8636731050473648 0.24276862520690373 165.95825070678632 -0.18381600837336265 -0.3519917040906585 0.9177763972324836 919.8804857046428
0.877691393731359 0.36085740460956284 0.31534069021988287 -26.435697684978013 -0.44141479956706825 0.8649420092916594 0.23880597832899822 166.19472997036462 -0.18657650466515735 -0.3487939995197114 0.9184399565600222 920.8511461661614
0.8773919804603992 0.3599593485418922 0.3171948612778465 -26.12097734484233 -0.4408772049488262 0.8656805240745957 0.23711710270337297 166.42356298184208 -0.1892368959275307 -0.3478886282062536 0.9182390209441567 921.7866873864789
0.8766389677436992 0.3576316094472017 0.321875367428859 -25.815809007589902 -0.44122573818212896 0.8643339302295328 0.2413435414913821 166.6426888858261 -0.19189572220061313 -0.3535908496810578 0.9155050752578775 922.6935832368688
0.8748725053264215 0.3583090425660335 0.32590294481529347 -25.513267758191148 -0.44220052875093857 0.8654213755507109 0.2355940048309883 166.85226054067456 -0.19762791249279277 -0.3502291717651842 0.9155778150700318 923.5681176012675
0.8727027797703983 0.35985363597162356 0.32999275576748494 -25.190975384337317 -0.44374709096822146 0.8664957307673828 0.2286343539784387 167.06862694766076 -0.20366241046952793 -0.3459631616804027 0.9158772370366238 924.4731923534778
0.8708558653387837 0.35668558482493595 0.33820918879168377 -24.860678252802135 -0.4448942483592969 0.8645255109509478 0.23380493726997426 167.28451871174767 -0.20899562096334073 -0.35407772380240893 0.9115644771079289 925.404654651304
0.8689245731196832 0.35663727748901947 0.3431908194197414 -24.563135684642425 -0.4457953293506227 0.86517994360878 0.22963055002824792 167.4701525744416 -0.2150269996022455 -0.35252449203186886 0.9107633457488986 926.2228798667649
0.86601328283649 0.3578493203086908 0.349234674546172 -24.267708317162665 -0.44820756406317697 0.865168059026887 0.2249315654953743 167.64894919904694 -0.22165507769351175 -0.3513233462129379 0.9096378031603713 927.0097907726141
0.8637227168859393 0.3552801922658987 0.357433984560331 -23.94946132497139 -0.44870857075348913 0.8650290280352703 0.22446692225963863 167.83466020279147 -0.22944212095326091 -0.3542608722959125 0.906562489568484 927.8369224315825
0.8609230696906814 0.3543288220542317 0.36505144012321317 -23.626185916440278 -0.4495395669918237 0.8657916819842774 0.21981569806462367 168.01695170670124 -0.23817146299079558 -0.3533494718667284 0.9046648578055453 928.6536633684464
0.8567146961927953 0.35484494159938623 0.37433273534198375 -23.297923620175848 -0.452655476311141 0.8651682215928628 0.2158401448094752 168.19590142314874 -0.24727100334009747 -0.35435718670173816 0.9018248361738603 929.4614223946515
0.8534690352437231 0.35514579878452135 0.3813948970369818 -22.958227925571208 -0.45418553757262947 0.8657590530278229 0.21018268139936505 168.37426230986296 -0.25555058861213426 -0.3526084566570558 0.9002006292787847 930.2732320233338
0.8504077199428014 0.35432091644285196 0.388925954434492 -22.592200545295867 -0.45505399067925206 0.8663771331250951 0.2057098168897788 168.55963610306432 -0.2640692625592218 -0.3519195239952421 0.8980089493999435 931.1356743406815
0.8474519241256779 0.35497438823624394 0.3947384197059965 -22.192535717658323 -0.4563680525780501 0.8669993874318829 0.2001006316303269 168.75398086022025 -0.27120736878227003 -0.3497216691728483 0.8967392693693935 932.0651284042899
0.8460157561688089 0.3536878402256864 0.3989514406423478 -21.788813119755456 -0.456540193648527 0.8670577920629844 0.19945384630592097 168.94438986646375 -0.27536955513905653 -0.35087846457049904 0.8950172686619886 932.9940660791668
0.8450171713988432 0.3526315213440638 0.4019912812433447 -21.39833272896345 -0.4567023222640712 0.8669574897018835 0.19951867052587097 169.12703096321434 -0.27815277974469393 -0.3521870542827758 0.8936416003722746 933.8877748589396
0.8435656938562061 0.3532509055888396 0.40448821719496203 -21.00141295588663 -0.45747997782470967 0.8671807883777897 0.19674742732238262 169.3119492654414 -0.2812632042027506 -0.3510146406763385 0.893129179902024 934.7864970534532
0.8417780850514447 0.35463714600769225 0.4069915849236171 -20.591922966968152 -0.45888712375869234 0.8671691912638735 0.19349470631320148 169.50089663221408 -0.2843101531349076 -0.3496428011475104 0.8927024411471759 935.7082120861751
0.8406434123510846 0.35401396608474806 0.409869204854021 -20.178856476956256 -0.45820743328966734 0.8683510151519558 0.1897694985045297 169.68223001394063 -0.28872928730701475 -0.3473335951236415 0.8921853912442574 936.6214134364236
0.8378972869575386 0.35447667202950234 0.41505954451871263 -19.77869999123732 -0.45961519137892903 0.8683760691089316 0.186217288275359 169.8521212943457 -0.2944180910930985 -0.34679863261813415 0.8905328158194326 937.4919811530111
0.8338750821321744 0.35620526774455075 0.421627981317759 -19.38633235873392 -0.4624439269395916 0.8679005414291017 0.18136776070669103 170.0116065251135 -0.3013270015045887 -0.34621735574361956 0.8884455980791106 938.3382293763988
0.8308122295351722 0.3573096151133191 0.42670936034069423 -18.986109031538582 -0.4639913369959475 0.8680766185313452 0.17650785691264878 170.16479798885297 -0.3073484642022908 -0.3446343327452389 0.8869972368873176 939.1776961592954
0.8302782756864542 0.35373825242802065 0.43070550692125414 -18.58223807878577 -0.4607539066140683 0.8704422764863724 0.1733092058867434 170.31052143057175 -0.31359818631969183 -0.34234411353839617 0.8856955941307423 940.0077013486431
0.828796640670725 0.3524681427494882 0.43458294577634266 -18.174004969798194 -0.4606888291048034 0.870648392345309 0.17244471474815187 170.45430361151273 -0.31758767474661803 -0.343129108723311 0.8839685987611673 940.8562225877006
0.8278584643706242 0.3547064217674026 0.4345500170600315 -17.760238426999564 -0.46079245718070133 0.8718004399812377 0.16623568886941595 170.59662319634256 -0.31987602969788315 -0.33785699224003685 0.8851734171444788 941.7167297275296
0.8273373487779743 0.35289638783226324 0.4370092113124956 -17.320280568362918 -0.45989222873419566 0.8722671276732897 0.16628047368972837 170.7448242023841 -0.3225089909861806 -0.33854718642388393 0.8839534791478262 942.6227099256084
0.8271354556464846 0.3506983290471122 0.43915557609580913 -16.874278325884717 -0.458385132576045 0.8730892562496197 0.16612712257402332 170.89348246055494 -0.3251615110152517 -0.3387120201956927 0.8829179798425388 943.5416755051838
0.8265133848036048 0.3518132630400064 0.4394349242944032 -16.43288275576715 -0.4591208718946936 0.8729876454364405 0.16462258625715084 171.04082784188518 -0.3257048506411015 -0.33781651656554784 0.8830607857924478 944.4511239925002
0.8272902643810455 0.35204718462767115 0.4377825924543673 -15.995824691274802 -0.4574819765299253 0.8744658202566246 0.16130644857902826 171.18655753790193 -0.326038432720148 -0.33372490017773215 0.8844923014875544 945.3507751357903
0.8287208074960659 0.35161746541757427 0.43541587159448586 -15.558139917771314 -0.45526078608055176 0.8760362990521564 0.1590535111222504 171.3326964676303 -0.32551411625363386 -0.33003872614637164 0.8860671528520254 946.254814415057
0.8296468548368132 0.35033579166159506 0.4346848621015273 -15.101680258983368 -0.4542683291151556 0.8762280312126448 0.1608251301262775 171.48675899331548 -0.3245402616352959 -0.33089162938650146 0.8861062849227729 947.2030217190684
0.8301899878445058 0.34981961390225974 0.43406315417460833 -14.656609698175814 -0.454166970244585 0.8759325063477394 0.16271019470893228 171.63883043810307 -0.32329080905833285 -0.33221752219387723 0.8860669109755581 948.1333244935229
0.8298233832200753 0.3504082735219606 0.4342892981740899 -14.239495340453784 -0.4557396155588045 0.8746719648681529 0.16507682055332554 171.7803594884409 -0.32201639006656013 -0.33490744351393814 0.8855181809581653 949.0057117175998
0.829357814273995 0.35228058077194635 0.43366347357558077 -13.835576773926041 -0.4565418630562096 0.8747292062672681 0.16253720491074444 171.9181212632671 -0.3220794050848714 -0.332787031168604 0.886294335255597 949.850054693593
0.8279328311975581 0.35406562304173694 0.4349307549544629 -13.427849118977209 -0.4584530935624423 0.8739705318826124 0.16123358956447967 172.05718318305316 -0.323029391895258 -0.3328859323865883 0.8859113770524059 950.7058247463514
0.8250685039527988 0.35631638455645526 0.43852092068874365 -13.016934925524914 -0.46191960520495295 0.872315349871528 0.16030037026099148 172.1957163473789 -0.3254108819821316 -0.3348201972329745 0.8843094443759388 951.5655687224728
0.8220895427778727 0.35727575655247684 0.4433089412984135 -12.587600345350527 -0.46448290226785743 0.8711408564373186 0.15927724805030893 172.33708570695308 -0.3292786314902535 -0.3368495836801762 0.8821042686771197 952.4521968705576
0.8203922960220884 0.3566401058115677 0.4469500146037772 -12.114291258783652 -0.4641959182107371 0.8718169338283781 0.15638856545979596 172.48645268887537 -0.33388415677311606 -0.335772346712467 0.8807827774423762 953.4094950845956
0.8195998998679163 0.35422699717734857 0.4503101582323201 -11.615963721971896 -0.4627167268319705 0.8727324141968342 0.15566426667694017 172.6433080922915 -0.3378597857786678 -0.3359484598578802 0.8791981559766315 954.4012919720982
0.8181490411704643 0.3508811406164825 0.45553767307602877 -11.137400343602481 -0.46207968929174303 0.8727061959485286 0.15769038111784436 172.79089754215187 -0.3422199689905517 -0.3395089405490259 0.8761387858732098 955.3362783329926
0.8173214873295676 0.3518214896979274 0.4562972997247643 -10.691473526545332 -0.46103193767570144 0.8743267422602252 0.15166509226452274 172.92754125229277 -0.345593892874816 -0.3343267670339156 0.8768069765075313 956.2012822018341
0.8169251500255714 0.3483467154297591 0.4596605977294473 -10.294458849634976 -0.4592380446709972 0.8750298650691647 0.15304624648711607 173.04179845669572 -0.34890359353617295 -0.3361209619859125 0.8748079682600108 956.964939097719
0.8173541922564611 0.3483836062723376 0.458869248568114 -9.912968497454465 -0.45605507026128506 0.8779272003336798 0.1457998758683899 173.14733350514877 -0.3520595081655381 -0.3284397871679759 0.876459587725123 957.7033352943976
0.8178297396160948 0.34630537183626114 0.4595945021829746 -9.500363787302595 -0.4550828272636003 0.8780290215666973 0.14820478270417925 173.2651129057207 -0.35221319868687073 -0.3303598442970552 0.8756758737950857 958.5042215723172
0.8176222399417116 0.3451361747829117 0.460841505952876 -9.084484735986479 -0.4562796477961742 0.8765778010867551 0.15303673300520057 173.38507386054738 -0.3511449213069954 -0.3353988364591119 0.8741881174793996 959.3247141331184
0.8175225312166386 0.3449730860411279 0.4611404133888047 -8.659471033755052 -0.45642370346187183 0.8764175587668878 0.1535241531591517 173.50959527639918 -0.35118985445380957 -0.33598486958841867 0.8739449945713769 960.1517489173277
0.8179177760305315 0.34486520363501155 0.4605198182218094 -8.258889776055884 -0.4543416968454805 0.8782321241740538 0.1492714258533603 173.6278712082905 -0.3529647775073844 -0.3313251083007572 0.8750083076455061 960.9187374299873
0.817699910320441 0.34321499816506884 0.46213669157132664 -7.856790142031851 -0.45263390670147235 0.8793601738583667 0.14781147159791844 173.7460787489184 -0.3556534874932397 -0.3300441632059745 0.8744034807613488 961.680837928819
0.8168768016689336 0.3412469313771755 0.46504066781389347 -7.410568044047444 -0.45365160369022356 0.8780203185910125 0.15257962711522613 173.87688614297687 -0.3562478257679907 -0.33560520253267095 0.8720416473245888 962.5402768660252
0.8165685805020931 0.34327202581255667 0.4640905834331667 -6.949149267362039 -0.4543243750537651 0.878142019135951 0.14985311628336892 174.01177088143098 -0.35609705919706924 -0.33321301073393755 0.8730200306458162 963.431015049304
0.8170007426776316 0.3465887769258698 0.4608535626131419 -6.515492718716047 -0.4545776512262646 0.8788354638792829 0.1449392508387368 174.1410155002535 -0.3547801368027944 -0.327909205630327 0.8755607388371619 964.2688662644543
0.8169990119379164 0.34364717123097505 0.4630542475751782 -6.098974758172847 -0.45385874875243004 0.8785682990302552 0.1487614873546201 174.26405152037808 -0.3557033183333347 -0.33169920959210897 0.873756707374898 965.0640394443512
0.8149424017852592 0.341563898878743 0.46819118397853476 -5.692658140170882 -0.45477364533996995 0.8776613991257063 0.15129904159940746 174.38008476532778 -0.3592350390436144 -0.3362210158027849 0.8705777479673339 965.8392478742117
0.81192676695399 0.3466344364272172 0.4697014930638646 -5.302329172841116 -0.4578310337025955 0.8773052659409549 0.14396602005709364 174.49465776174569 -0.36216801305810054 -0.33193378531727213 0.8710076305535406 966.5883570583281
0.8096136706714666 0.34809702506464535 0.4726036028248354 -4.916116571494562 -0.46042994446352353 0.8760159799182459 0.14352793863630944 174.60095258982213 -0.3640466597885347 -0.33380303184515275 0.8695088069869065 967.3182056109996
0.8079626110542021 0.3478503297502626 0.47560126916473494 -4.534295483786305 -0.46084597373006836 0.8760160556090433 0.1421860007594084 174.7018813458525 -0.3671749006063181 -0.3340599024244062 0.8680936435413722 968.0302187127857
0.8053618886386845 0.3461053898801477 0.4812517921257425 -4.110462621545223 -0.462184566849008 0.8749834755859884 0.14418510192823242 174.81072433408042 -0.37118412478839136 -0.3385483370914289 0.8646429141314363 968.8007633801664
0.803539934567632 0.34331016433970013 0.4862732818242132 -3.6524594385887403 -0.46104769009521707 0.8756746964598814 0.14362748148510854 174.92458757820734 -0.3765084341856217 -0.3396055904147331 0.8619219465509335 969.6143357578694
0.80346091109207 0.3436478499739796 0.48616532121836786 -3.147188635032955 -0.4581610851229302 0.8783551316990769 0.1363109779030001 175.05480473751672 -0.3801828302620702 -0.332262573616342 0.8631700862215772 970.5098781894433
0.8037796346409649 0.3412244630468644 0.48734399016999547 -2.57336735110739 -0.45650169355099723 0.8790446250608241 0.1374290760237517 175.20242875336317 -0.38150295244140164 -0.33293604936992116 0.862327712826418 971.5289278957031
0.8041692327322615 0.33916647089665974 0.48813722470869564 -1.9820586795352737 -0.4558600414737533 0.8789235654770964 0.14030320251716227 175.35182014403344 -0.3814491679298194 -0.3353497742186955 0.8614157307694796 972.5899049693961
0.8054222454227354 0.33678555754732403 0.48771968876162236 -1.3973946455246846 -0.4547458270256713 0.8788918768375378 0.14406700396594752 175.50367884953346 -0.3801331863714812 -0.3378232630481877 0.861030895823453 973.6375020786334
0.8056477689444341 0.3373171653547476 0.48697926275344655 -0.843606254019037 -0.45544387672409925 0.8783677436416195 0.14505510016696985 175.65209048998642 -0.3788173010164363 -0.3386550411362053 0.8612840504523791 974.6439170336055
0.8051371250991948 0.34027313990362407 0.48576578723406294 -0.32752043632853856 -0.4570152160470494 0.8779739580508789 0.14247393195226463 175.79110507548774 -0.3780096587237823 -0.3367134081746662 0.8623994310451095 975.5884491914385
0.8057200388747104 0.342288018904223 0.4833778346907872 0.16690557599966555 -0.45502507431579187 0.8801539095447274 0.13520827362641727 175.92072352072825 -0.3791667188713182 -0.3288890506352426 0.8649072734534066 976.4838251664306
0.8060742900428581 0.3396326326746666 0.48465855378232414 0.6724386198438239 -0.4540407263347427 0.8801732029853139 0.13835516461624786 176.05121112836258 -0.37959354283406854 -0.33157926287547834 0.8636920369377229 977.3892706811183
0.8053815569840824 0.3366418726209417 0.487886049470732 1.1477087623936701 -0.4546880264169191 0.8789114765903925 0.14412985447428794 176.17422674626437 -0.3802885040373696 -0.33791547155458695 0.8609261221388622 978.2497637421848
0.8058202208451455 0.3362060093952148 0.4874620917811174 1.5910971429868674 -0.45360036641408263 0.8796325196985768 0.14315494360216538 176.29106292261787 -0.38065795573728545 -0.33647013171346246 0.8613288403383661 979.0438859785202
0.8075523513907736 0.3335617875542309 0.4864110747576123 2.013066057594888 -0.45203259128858037 0.8797789635863817 0.14715811783180596 176.40439971174214 -0.37884790639010013 -0.3387115426354635 0.8612483699313114 979.8023730978906
0.8081243263864047 0.3344546937698086 0.48484547117391946 2.424002294375637 -0.4531362037861128 0.878902394106737 0.14899047772174184 176.51801358920517 -0.3763012807855274 -0.34010386567751155 0.8618159354702042 980.5572010228087
0.807750064624065 0.33693503924046025 0.4837505684046741 2.8522383631176083 -0.45630285601337833 0.8768914978771879 0.15115887186907828 176.64291906378682 -0.3732660401025674 -0.3428353544818979 0.8620535847749942 981.3508228331165
0.8074166722309877 0.3381157408289724 0.48348326052419827 3.2759205833871943 -0.4590237826063019 0.8748399610850139 0.15476501378079688 176.76839651098118 -0.37064198953334826 -0.34689016747732077 0.8615635364279965 982.1335889376467
0.8069134281319182 0.34124629885199576 0.48212206236616756 3.6778603751372465 -0.46057478695752263 0.8745348512228694 0.1518540734245303 176.8863753600197 -0.3698129055609424 -0.34458635712460406 0.8628433562148847 982.8682499290758
0.80675393193158 0.3394049694608705 0.48368622062055694 4.068446512187679 -0.4615447356070337 0.8730816502887456 0.15717788954719522 177.00177937724564 -0.3689506069196355 -0.35004670921798886 0.86101263116129 983.5733396530454
0.8062335904782459 0.33860889157034585 0.4851096949495596 4.447068192047155 -0.4631640151607536 0.8714346897580026 0.16149512855358603 177.11509074523534 -0.3680577300434317 -0.3548881514447511 0.8594113725797454 984.2600708193096
0.804867450446837 0.34230261766035514 0.48478583431663314 4.829283515052187 -0.46455778495656297 0.8717369428151349 0.1557586818369054 177.23223069070863 -0.36928911661117036 -0.3505761265034857 0.8606520364690666 984.9523251870256
0.8038482926266106 0.3455604701642819 0.48416514114620063 5.254932277117214 -0.46653883920674566 0.8712053704695215 0.1527832254427244 177.36445934278217 -0.36901142794350383 -0.3486963778488403 0.861534330205241 985.71648530581
0.803041408092802 0.3431297368557143 0.48722323484585084 5.683608433742958 -0.46950379751201954 0.8678156261745423 0.16267213372017958 177.49552576157964 -0.3670022901973786 -0.3593856183163322 0.8579925969011998 986.5054184793405
0.8014056009362199 0.34607883344614837 0.48783040478080736 6.077182606522098 -0.4723859504574369 0.8665040044933959 0.16131436392128606 177.61589206653736 -0.366879512372221 -0.35972246418240134 0.8579039411053316 987.2323011250666
0.8002541687359545 0.3468032777198003 0.48920420274515897 6.494147813181568 -0.4722869955911097 0.8672031923882394 0.15780879857335456 177.741714617614 -0.3695108377520855 -0.3573319320665959 0.8577736479452511 987.9800863760141
0.7988850733491336 0.3453061952537014 0.4924898690322058 6.937770914087248 -0.472612769706023 0.8668322955636667 0.1588676848154528 177.87133555077 -0.3720481279226516 -0.35967402309206853 0.855695499358279 988.7676046870131
0.7972761098123714 0.344893908202036 0.4953776305078522 7.382707346066041 -0.47355903067348903 0.8662856448666053 0.15903152506855858 177.99800118401956 -0.37428952588876374 -0.3613825861648185 0.8539964737788969 989.557533248185
0.7945612699143775 0.3462783884637502 0.49876213372207484 7.83349873636478 -0.4752754269941244 0.8659020818465233 0.155970680415923 178.12579748318018 -0.3778698940741415 -0.3609776479739462 0.8525898667094237 990.3484156402093
0.7928216666529192 0.3439070559684417 0.5031518078480924 8.280731001146531 -0.47479006038436194 0.866141556642899 0.15611919297903726 178.2487094440558 -0.38211019803964924 -0.3626661560048469 0.8499794443648424 991.1150202639551
0.7893467616519401 0.3445064288217749 0.5081800963930602 8.70703667728086 -0.4783342165542251 0.8639793194463306 0.15727718474879757 178.36465339742261 -0.3848740925848994 -0.3672261647398235 0.8467684906675663 991.8491284389955
0.7845255092722451 0.3492749215098106 0.5123736473565337 9.115699496240612 -0.4826910581527161 0.862673460850413 0.15100941137484844 178.47530126207207 -0.38926734730842044 -0.36578891337584796 0.8453812176590985 992.5420261885298
0.7816838502496011 0.3480458158548931 0.5175272633638331 9.54225313878434 -0.4826585531720602 0.8631174429074941 0.14855638928931297 178.5857361612186 -0.3949823784788524 -0.36591309052113347 0.842672255907633 993.2445732506109
0.7790086182163268 0.3485352154304852 0.5212185495063579 9.999439889268542 -0.48410152503862536 0.8626264362842372 0.1467015503627341 178.70197635792115 -0.39848624342625055 -0.36660446673271574 0.8407198574862224 993.9987196621662
0.7759206698826692 0.35314142748469096 0.5227219588298373 10.464606176355236 -0.4875679878772913 0.8615060382274837 0.1417208640069293 178.82342812575402 -0.4002806156262356 -0.36482664142254856 0.8406407975242595 994.7614436919148
0.7741472367573673 0.352167966064443 0.5259978892533348 10.939269405685891 -0.4889115361045246 0.8604544184188679 0.14347021881685926 178.94423275865418 -0.4020715927354798 -0.3682335094766332 0.8382973916300079 995.5285576914608
0.7726924417102226 0.3498374704615547 0.5296792753968694 11.442119109879176 -0.4897308314604089 0.8594281034788357 0.14678912653144305 179.0684785379088 -0.4038689183893577 -0.37282312054354855 0.8353997950365916 996.3396536690631
0.7725722205547187 0.35338907134161796 0.5274924912104981 11.943285365310825 -0.48977796615099756 0.8603814993127703 0.14092983897421243 179.19159662455206 -0.4040417155444994 -0.36723267814372823 0.8377890260699532 997.1559988346974
0.7745530306751025 0.35298718227476356 0.5248501231987415 12.478716890915083 -0.48831485299593286 0.8611208638519953 0.14149014871131366 179.327670496685 -0.4020151825684859 -0.3658837342497109 0.8393526588960756 998.0224084137797
0.7763464894639244 0.34879431445806197 0.5250034804634811 13.041434517021782 -0.48925549728987927 0.8586051260932271 0.15305651184468508 179.47222575164915 -0.39738543842052454 -0.37568572457329397 0.8372246112502694 998.9520280250887
0.7787810404521123 0.35259395294283324 0.5188232795282706 13.575980886524624 -0.48898975011487855 0.8592918372503018 0.15002187413035906 179.6119793737907 -0.3929238034465624 -0.37053345703612905 0.841615020007331 999.8477599477706
0.7800165290545669 0.35712674038569864 0.5138430749782947 14.089384572423363 -0.4894544595391725 0.8598199138981094 0.14540992985852128 179.75214183852714 -0.3898827342148938 -0.3649249333297609 0.845471020553269 1000.7085603677161
0.7804193331114069 0.35561903308890014 0.5142769368840686 14.584810746061388 -0.4903785869899263 0.8584034959925972 0.15057316988576117 179.8851468987246 -0.387910435445747 -0.3697006104574348 0.8443026428359022 1001.5489459276716
0.7815272502595467 0.3546534097403445 0.5132602810088625 15.102745326475771 -0.4890492206977349 0.8590769023183442 0.15105540585511046 180.02109686719527 -0.3873577375459132 -0.36906345641727034 0.8448349828816555 1002.4299464710085
0.7822946311900161 0.35563950535469496 0.511405565322027 15.64738852222312 -0.48967230069579 0.8585559073019998 0.1519960261590011 180.1686717056595 -0.3850144775752819 -0.36932681498627323 0.8457904916641744 1003.3592091781024
0.7831065008248169 0.35504052600880837 0.5105785280025954 16.207957933431015 -0.48936466235045983 0.8584391501522847 0.15363740667051082 180.32254799521905 -0.3837530919856284 -0.3701735408929295 0.8459935661778158 1004.3175045912006
0.7829725955709654 0.35857929395978266 0.5083058179168981 16.778853320298307 -0.48985885591366607 0.8590529688426408 0.14854729215167553 180.48123545882305 -0.38339563882211597 -0.3653065653200693 0.8482681754411359 1005.2905748892827
0.7823779804847651 0.3587176846733374 0.5091230876273221 17.33539839032976 -0.49036976677886124 0.8587719748684934 0.14848631926783357 180.63430189943742 -0.3839559707594405 -0.3658309963399288 0.8477885907672436 1006.2366688930083
0.7815247856103313 0.35711510266025875 0.5115543108299214 17.87229295929359 -0.4900438432275286 0.8588517831900935 0.14909945079035744 180.77845743636956 -0.3861036663792739 -0.3672089568122582 0.8462160131109158 1007.1485783400954
0.7805871535167977 0.3547093647352913 0.5146503301598346 18.38601312488793 -0.4891138182296819 0.8592930967317322 0.14960964783718989 180.9128623948861 -0.3891675327944556 -0.3685059571815272 0.8442464041619607 1008.0163945199929
0.777504862662341 0.35624091650146533 0.5182456926464588 18.8701436094534 -0.4897359528670381 0.8599646325891223 0.14359501093445562 181.0360673128563 -0.3945185483672819 -0.36544936736304434 0.8430906682487485 1008.8202671167037
0.7730741484968746 0.3579476872476522 0.5236695657758687 19.376967243186055 -0.49102058652760033 0.8603395489656053 0.1368014769355451 181.1614985817622 -0.40156586574548697 -0.36289022262898357 0.840865947573311 1009.6420335822002
0.7691106119771055 0.35468125251523497 0.5316672602844976 19.874184222722246 -0.4929272601715642 0.8586968375565253 0.14022288454519 181.27739196063771 -0.406806566716856 -0.36992019448070684 0.8352649082724583 1010.4556774573302
0.7653788452395781 0.3597816370813318 0.5336219606414303 20.322287713851207 -0.4944486598197092 0.8594737176016449 0.12971295831372204 181.37848970759515 -0.41196570981359837 -0.3631282175362884 0.8357165497743202 1011.172306502134
0.7616549064820798 0.3587958086907408 0.5395807364034869 20.789166370336606 -0.4953424901371502 0.8592370478393918 0.12785739354831985 181.47840847721795 -0.41775306210308055 -0.3646604767262299 0.8321689226456948 1011.8971123200306
0.7610601640128064 0.3549865563790824 0.5429290667692405 21.268921161412067 -0.4926322511744514 0.8608134567340152 0.1277249302541358 181.56998437064345 -0.4220200135723319 -0.36467072475831325 0.8300086569721146 1012.6363959512473
0.7600027875530011 0.3576954789258813 0.5426322025715483 21.72260789544486 -0.4932888827181392 0.8610857626256149 0.12327768488314958 181.66300642071434 -0.42315699344138985 -0.3613658170876776 0.8308747830703473 1013.33946046173
0.7585785476730016 0.3561173226595129 0.5456546888941187 22.18084782545938 -0.4945449470030681 0.8599264302175226 0.1263005542627452 181.7542873852405 -0.4242450735177141 -0.3656596602240474 0.828437765001561 1014.0549823976138
0.7570682599812636 0.358011473869251 0.5465120623617614 22.61414708925871 -0.4959066692417798 0.8594870899132074 0.1239294867012928 181.8379302419233 -0.4253518838919892 -0.36484205740359726 0.8282306731937932 1014.7300033118913
0.7552990194142402 0.3580121210619692 0.5489541988586975 23.00967173839494 -0.4967625776602017 0.8590959448894627 0.12321160217637428 181.91123141879615 -0.42749307913494655 -0.3657615051467119 0.826721348850102 1015.3382792207491
0.7530602903447955 0.3606233185708217 0.5503190176695487 23.415148809535946 -0.49748605550588626 0.8594700365269469 0.1175537361786455 181.9865545893529 -0.4305900877667817 -0.3623010880681057 0.8266378275288759 1015.9516330955362
0.7522573062820372 0.35694674160949 0.5538031859782484 23.89142341774787 -0.496512012520782 0.8596444178769365 0.12036318471850758 182.07605603881655 -0.43311057083365484 -0.36551401952235435 0.8239021391917581 1016.6657179679958
0.7523367352839341 0.3543366354651753 0.5553692334920333 24.40023636770431 -0.4949802277946835 0.8603522568498861 0.12160825722633531 182.16744274601453 -0.4347229127095021 -0.36638714892927693 0.8226642366511626 1017.4332151074744
0.7525540827140063 0.35716025141141744 0.5532620603314592 24.928626595414183 -0.49616991724977705 0.859924861884092 0.11976913262594174 182.26843720311334 -0.43298702729623256 -0.36464474043287054 0.8243521380258644 1018.2415359666754
0.7535111110977453 0.35653530293185903 0.5523618227353574 25.506950976263788 -0.49667763843692275 0.8591795820272505 0.12297060341478398 182.3795091893054 -0.43073463864537426 -0.36700548169034714 0.824484473765439 1019.1264760860156
0.7542675502121101 0.35594359505749235 0.5517106305252486 26.098802080121278 -0.4976344416548441 0.8580778998487191 0.126737051686075 182.49625443992446 -0.42829945736119224 -0.37014385707283703 0.8243501075970993 1020.0398252516102
0.7554432011996841 0.35683562854831 0.5495215227447456 26.698002088863372 -0.4984744512086005 0.8573185865501359 0.12856151308987226 182.61746944139531 -0.4252396868278604 -0.3710433604771913 0.8255289415837183 1020.9712667669139
0.7577323330445394 0.3597285720712686 0.5444603437298656 27.29370804657465 -0.49800609673779755 0.8579359223636378 0.12623739830190348 182.74051078330987 -0.42170088815517287 -0.36679872894220555 0.8292328101175922 1021.9033531768669
0.7591260918209776 0.3604686552565162 0.5420239157953877 27.856101117438072 -0.4982383876217085 0.8576219996448616 0.12744808678542405 182.85667096432073 -0.41891059406122394 -0.3668062898897799 0.8306425584332681 1022.788331852156
0.7592154066502926 0.3643429197796148 0.5393015882706947 28.40169649869995 -0.500276517365704 0.8567239688449395 0.12548883368257707 182.97176008511565 -0.4163116290440035 -0.3650729762842462 0.8327102434278614 1023.658574311105
0.7599478374658095 0.36307283043219635 0.539126519597201 28.974047762342707 -0.5002550909036825 0.8562917586841905 0.12848839649742855 183.09177233566302 -0.4149989498251612 -0.3673452651273556 0.8323661020443612 1024.5624563434476
0.7605633940607479 0.36176615813914265 0.5391368754222238 29.546089713538144 -0.5004808849910937 0.855642966167513 0.13188630788140132 183.21508200358946 -0.4135966723431488 -0.37013559849506844 0.8318277654378756 1025.4675072458417
0.7602030593438434 0.3604400627245913 0.5405314697104617 30.115765714690774 -0.5018997182634272 0.8541146655938976 0.13632611937744324 183.3415356885345 -0.4125384604753262 -0.3749281253794048 0.8302053477472492 1026.3667834128296
0.7602589178437192 0.36373634495109325 0.5382399550393062 30.662231501945058 -0.5027655151163642 0.8541402227104945 0.13293350502352527 183.46599864384376 -0.41137964783016767 -0.37167237092590494 0.832241812240554 1027.2275955462992
0.760118373467562 0.3638611206806694 0.5383541057464257 31.2009830344329 -0.5034153404915339 0.8536143324027294 0.13384904360671157 183.5864488279975 -0.41084431756423273 -0.37275683276587596 0.832021207873652 1028.0720257849168
0.7593148204058271 0.36403397519182934 0.5393702516992381 31.731839191249414 -0.5038085521538522 0.8534812552290026 0.13321670221620402 183.70374349991192 -0.41184699378374096 -0.37289276190180687 0.8314643960101573 1028.9049496425587
0.7580653284091561 0.3634101402816122 0.5415441143659635 32.24778782571738 -0.505254269382466 0.8522944614976111 0.1353228516226409 183.8169901553364 -0.4123773528392508 -0.3762010377989317 0.8297094057706571 1029.7163140095981
0.7562684150298729 0.3661679561186077 0.5421984068033804 32.75634939804623 -0.5078335064962622 0.851032435284582 0.13359986442096475 183.93187268420655 -0.41250844125655645 -0.3763838758574979 0.8295613080939659 1030.5178348367003
0.754558331300415 0.3649593189544861 0.5453864869736043 33.267488695279106 -0.5092673306111262 0.8498080563390873 0.13591561114675593 184.04636824348432 -0.4138701615692417 -0.3803037771170008 0.8270916070624768 1031.3140251274576
0.7531265937467829 0.36362067067560094 0.5482520785631307 33.78866331165926 -0.5102624179644408 0.8488863272352127 0.1379284896103383 184.16231580300146 -0.41525004347314637 -0.38363004482252766 0.8248608307496567 1032.1224961124913
0.750865398468254 0.36631683658924624 0.5495572114114748 34.30677928587398 -0.5135465277001623 0.8470461257444537 0.13705044599859287 184.28126121720547 -0.4152964209696685 -0.3851296354379336 0.8241383661966153 1032.9269012025416
0.7486356873067493 0.3671236929836398 0.552055071293439 34.82895640522957 -0.5163042634731763 0.8451994933119829 0.1380859298574045 184.3998118091748 -0.41590205001919794 -0.3884044419869818 0.8222940314964033 1033.7278241084825
0.7491747041930533 0.3670107370731289 0.5513985686146531 35.376079977024325 -0.5152804183487039 0.845999943018591 0.1370043316064162 184.52089777007836 -0.41620109690345 -0.38676506471704025 0.8229152031958012 1034.5549632691361
0.7490991953783527 0.36702652662826846 0.5514906383926131 35.93148355655108 -0.5166989976452324 0.8446959534706305 0.13968139469073915 184.6465020321498 -0.4145751334992438 -0.38958988044035286 0.8224032975022376 1035.4008417527932
0.7485042322684352 0.36623149212137845 0.552825386948526 36.45975528544965 -0.5184068906780593 0.8430204612235486 0.1434252336792151 184.76744260468013 -0.4135162753432398 -0.3939428843588637 0.8208613122137448 1036.2106951427481
0.7472165282382914 0.36694161460339114 0.5540950382378184 36.98275471054474 -0.5216417881170848 0.8404238084817448 0.14689338660077697 184.8892559960267 -0.41177336584281915 -0.39880029289017926 0.8193906403988157 1037.0168786724607
0.7470788191924802 0.3708453794945342 0.5516764834769765 37.5319279736756 -0.5232190161238924 0.8399597302723515 0.14390800077528704 185.01916610527695 -0.4100184130991125 -0.39615824619506596 0.8215494780543247 1037.8608889760874
0.7477764582707715 0.37714912979357107 0.5464328891565475 38.086116718578836 -0.5235442291200693 0.8410843508660346 0.13593584841140657 185.1541605612818 -0.408328064931977 -0.38773141299643255 0.8263973274186548 1038.7076827230612
0.748166200479445 0.37208444997349754 0.5493637215434501 38.63364417244733 -0.5242541709496461 0.8390025500959252 0.14571302335216713 185.28233726572012 -0.406700013157179 -0.39702378142933864 0.822780174941945 1039.5395494414827
0.7499305963288837 0.37167739073590206 0.5472294015360972 39.14343305107944 -0.5233593995630432 0.8393082306492956 0.1471619273227788 185.40009576342467 -0.404597379599541 -0.39675888292525613 0.8239437779612674 1040.3255446391602
0.7507570347262229 0.3764884010273154 0.5427894239030298 39.64465506115392 -0.5243062052569316 0.8394475710326187 0.14293627466989622 185.52502364084498 -0.4018294139783256 -0.39189827682617934 0.8276163741024612 1041.1033422982337
0.7502538483735371 0.3734512262936425 0.5455761583688118 40.166467177253615 -0.5257435606933216 0.8373474206539654 0.14980989791617202 185.65089269563595 -0.40089009889270727 -0.3992286045662589 0.8245627022282 1041.9182169494109
0.7509068705693285 0.37435580968735277 0.5440556952050983 40.7050045602022 -0.5253610552042127 0.8377977085195969 0.1486296110269547 185.7816008250419 -0.40016825637035897 -0.3974326702130006 0.8257800186737804 1042.7609729184107
0.7515470504573166 0.3776637255538304 0.5408762717569585 41.25378022174167 -0.5256450136045984 0.8382405313238782 0.1450866338381286 185.91869990506845 -0.39859045475466237 -0.3933483469479186 0.8284942530469414 1043.6196399097992
0.7515739870902959 0.37470258399439776 0.5428945712356272 41.816309848727656 -0.5257827545201862 0.8372902119599416 0.14999198647006806 186.05937233037207 -0.3983579257129958 -0.3981746783812277 0.8262976996928184 1044.4898453445742
0.7515264095714377 0.3722198401347306 0.5446654444030187 42.4166830748846 -0.5251369962761645 0.8372597646437058 0.15240479536684393 186.20955188404307 -0.3992983732232209 -0.40056020411273885 0.8246892336040578 1045.411396404633
0.7495918925735102 0.3761386949801272 0.5446390334218698 42.99032072128288 -0.526607951999499 0.8373983952000116 0.14645133187285936 186.34831362962962 -0.4009938397020035 -0.3965899769977668 0.825784675727246 1046.2916289131724
0.7468721588843922 0.3763778308359519 0.5481986015474589 43.53196575034486 -0.5270708528636266 0.8377144993495002 0.14293611734345288 186.47587024159643 -0.40543593124558674 -0.3956945109991254 0.8240434209555859 1047.1174460380148
0.7445379857073493 0.37478192351338474 0.5524506291483874 44.07884666097947 -0.5287623631265234 0.8362388683707824 0.14530973252608906 186.6057878015675 -0.40752122788843415 -0.4003037157378853 0.820782178161017 1047.956214451288
0.7440385308025576 0.3738174853907945 0.5537753626672764 44.60123169333785 -0.5286161186227313 0.8362577863749208 0.1457323363552216 186.7285612053748 -0.40862166341667416 -0.4011650562342356 0.8198139629471866 1048.7509112060595
0.7436294452121063 0.37404101935481265 0.5541737670203692 45.098350438919915 -0.5272196781396944 0.8377802916560895 0.14199857004530092 186.84128527593478 -0.4111625702758116 -0.39776563294564193 0.8201998793291421 1049.4971117226048
0.741276761433294 0.37739671710830136 0.5550499805196311 45.58523374735519 -0.5297201795833811 0.8367901693389203 0.13848734180381622 186.95460319130694 -0.412195699032774 -0.3966786235904511 0.8202077634875606 1050.2310259197834
0.7389223963512429 0.3751843617404716 0.5596698909856866 46.08318030629249 -0.5310981691916877 0.8354750759288084 0.141124527219703 187.06740451171194 -0.41464252899548737 -0.40151972829133015 0.8166109728267683 1050.9819148170345
0.7365929237935094 0.3745088284995744 0.5631820327329383 46.61120593386888 -0.5313421360016012 0.8356320527168328 0.13926452161804756 187.182606726375 -0.4184571652231382 -0.4018236053893866 0.8145129778126852 1051.7617003772175
0.7352038203647678 0.3744657112354415 0.565022808061749 47.16626713491322 -0.530243305585343 0.8369902137409619 0.13523837836865313 187.30326092983952 -0.4222764253459794 -0.39902733391434575 0.8139163393041258 1052.5674511134916
0.733487063915401 0.3723632548013605 0.568631984276738 47.734861617959766 -0.5301606216326573 0.8369530320165686 0.13579152207830444 187.42921280548558 -0.42535449020650856 -0.40106761109818717 0.8113065567275741 1053.3939383947309
0.7323995689026266 0.37319666497052 0.5694867169005149 48.28845312563785 -0.529157534776066 0.8383251286672952 0.13116128252908685 187.54957974417832 -0.4284660720068315 -0.3974106539838121 0.8114687900586155 1054.1886454675546
0.7311889832108491 0.3732481299119352 0.5710065711953993 48.813932520435046 -0.528612683171499 0.8390937452446714 0.12841463266113512 187.65930988322054 -0.4311975208895722 -0.39573668039304916 0.8108397978455266 1054.946701416265
0.729080589803752 0.37339216541726383 0.5736024619685822 49.33571467501047 -0.5294665431041249 0.8387747693698838 0.12697269786005733 187.7628871697512 -0.43371266214485954 -0.39627664209930613 0.809233062610343 1055.7061416468061
0.726425245474599 0.37312174817305044 0.5771364862642584 49.8434091261934 -0.5307984626222375 0.8380329496832715 0.126308223497206 187.8599460064698 -0.43653104679396865 -0.3980966418916882 0.8068207414906492 1056.441753828836
0.7246148489335383 0.37279755673835735 0.5796165132179514 50.33498051271549 -0.5314771137984383 0.8377033588744913 0.12563900683654128 187.95226347437975 -0.43870878520210577 -0.3990928015140128 0.8051456623283686 1057.1507413893376
0.7231328015961493 0.3732928198751596 0.5811466440455066 50.81956523880053 -0.5309287707513304 0.8385903972380621 0.1219868273568338 188.0400527998188 -0.4418071883120346 -0.3967601495737163 0.8046041213330035 1057.8370715541973
0.7212734111702624 0.3728336397340199 0.5837463005634347 51.30303362091365 -0.5301836439358704 0.8395035117520434 0.1189081892001746 188.1278370452058 -0.4457240963215879 -0.3952580560072959 0.8031818593068666 1058.5109666238966
0.7196126765172776 0.36814591280623493 0.5887496774349038 51.86187022791631 -0.5300096202113319 0.838995657962707 0.12319126756048696 188.2302649119066 -0.44860606134901926 -0.400692990709577 0.7988727864417043 1059.288187329285
0.7186129240718259 0.36712321554392097 0.5906064764000064 52.46674741495515 -0.5293633099791647 0.8395437435555717 0.12223251901435542 188.34071218897859 -0.4509655767404463 -0.40048326714781113 0.7976485449932006 1060.1257777817507
0.7165621282282245 0.36981883753385264 0.5914158805731773 53.045202679871515 -0.5306251219755629 0.8393448036028549 0.11805626028847173 188.4499821210956 -0.4527424171838296 -0.398414768890401 0.7976778645622241 1060.9263083040514
0.713984474165827 0.36515336366975804 0.5974020351913847 53.62745403436482 -0.5308784532520918 0.8386387975230342 0.12187302885290703 188.55673854253985 -0.45650217800445897 -0.4041633188325948 0.7926271337693445 1061.7226902944599
0.7111509945403006 0.3614297664119524 0.6030197234881645 54.212546356208755 -0.5305183694767163 0.8387087058266581 0.12295513986139217 188.66134837260805 -0.46131824439545893 -0.40735271046351346 0.7881936606354554 1062.5082404814787
0.7085680150259973 0.3565745809339857 0.6089219459946159 54.754762848703784 -0.5290369461881326 0.8394872277232495 0.12402057916920096 188.75625226963416 -0.46695961029842153 -0.41001922238022315 0.7834749259731688 1063.2240413223608
0.7051682170858489 0.3539213780745194 0.6143919300851839 55.23338475807962 -0.5289457118413818 0.8396323514893782 0.12342588163358253 188.83634161122097 -0.47218028287570374 -0.4120159857023118 0.7792872435688728 1063.8492923944718
0.6993181866684147 0.35586054136453527 0.6199333422994276 55.70598839297785 -0.5319869133802928 0.8383686693590303 0.11886083555685466 188.9124555180279 -0.47743480998656734 -0.41291796925891455 0.7755996086101278 1064.4608771733908
0.6923554373582452 0.35661740310668105 0.6272702576736117 56.19882965223424 -0.5323854879779112 0.8392606101222347 0.11048674349337756 188.98766938049476 -0.4870417236243676 -0.4104456798392428 0.7709245769530932 1065.0807085893111
0.6836401186020183 0.353090915382572 0.6387198084544701 56.72388370240963 -0.5327272086326023 0.839616765393017 0.10604437021114817 189.0635475921359 -0.49883655581797004 -0.41275960648452714 0.762096842818813 1065.7224074583164
0.6720686622512118 0.34704488749913076 0.6541280908817336 57.29119691252213 -0.5326472620578319 0.8402320055523668 0.10147448481139798 189.134880865302 -0.5144031565242991 -0.41661735790310045 0.7495461090898119 1066.3811969329283
0.6610356184650457 0.3418146570649696 0.667978032075974 57.893230907848896 -0.5301546401038548 0.8427409379738396 0.09340111904747517 189.19970186737464 -0.5310065618209319 -0.41587311968739554 0.7382964036378512 1067.0545922349995
0.6477080266848216 0.33748007094088406 0.6830677227667761 58.53456542372496 -0.5298133083835794 0.8437938119696362 0.08549772594280985 189.26224501115743 -0.5475145390103362 -0.4172759334055617 0.7253334577784312 1067.7452412152302
0.6294503738818 0.3329563424841341 0.7020913764031356 59.18767395155647 -0.5305351991330938 0.8443171548268184 0.0752392487067117 189.31088580570778 -0.5677364082925025 -0.41984356141869217 0.7081008082430048 1068.413064695614
0.6051871413829674 0.3420625840444692 0.7188474890416826 59.812297656801285 -0.5350164527264095 0.8434145318305187 0.049084853154020766 189.35136453364726 -0.5894963267203301 -0.41430075560385343 0.6934327398452663 1069.0350072446988
0.5874985534181186 0.33890098201858426 0.7348411897263629 60.495373772461086 -0.5358658353875718 0.8433804575896744 0.03946150301504523 189.37454543742138 -0.6063771567234356 -0.4169598639469597 0.6770902566581015 1069.6731560277842
0.5765458814728613 0.33619750852294494 0.7446919375282944 61.19352060426647 -0.5348795244724512 0.8442857026692289 0.03294763373060294 189.3843525423542 -0.6176558433762334 -0.4173162919552591 0.66659460814794 1070.3173528941186
0.5667374138443018 0.3375658264225164 0.7515703670187881 61.87861414467871 -0.5343929858519547 0.8449099178574 0.02348121330828913 189.3854556052794 -0.6270828018860872 -0.414941614613287 0.6592348716814151 1070.9409995742383
0.557561167056129 0.3329374245649709 0.7604460640407388 62.56561644179804 -0.532029121877273 0.846502155645416 0.01947084903534388 189.37775678012096 -0.6372366581306396 -0.415435640998344 0.649109135448569 1071.5433423478046
0.5482657302601134 0.33037181363224283 0.7682832510081726 63.236432021959644 -0.5319074563425119 0.8466604908776907 0.01550712977897793 189.364423433729 -0.6453519558423789 -0.41715761762682363 0.6399221633498313 1072.1257248043485
0.5433177222256719 0.3356556364464484 0.7695070801735594 63.9397470789158 -0.53252208898629 0.8463887813958808 0.006801137321749934 189.3550782690388 -0.6490193197873125 -0.4134746962619628 0.638602065525857 1072.737303970236
0.5404584868363058 0.3380355763820593 0.7704781457683659 64.64467376088369 -0.5341568529463482 0.8453768818488661 0.0037926357507034494 189.34429712910463 -0.6500623665903639 -0.4136059437865157 0.6374551300345777 1073.3415781450215
0.5362084753965178 0.33626064138839423 0.7742152491174579 65.32556872494234 -0.5349416801161571 0.8448815747285491 0.003538864041751856 189.32717922006768 -0.6529302181607507 -0.4160575750269065 0.632912493537048 1073.9239317381296
0.5302329258701667 0.33258216125654577 0.779898807754626 65.98918056677323 -0.5353185570754824 0.844641889458867 0.0037577948286958048 189.3075745314503 -0.6574854270429012 -0.4194868109789357 0.6258943430331798 1074.478069908199
0.5247217075596254 0.33487800452417976 0.7826390302697751 66.61848133256338 -0.5345144067241994 0.845153073459203 -0.0032605868698802414 189.28554153593885 -0.6625416806661966 -0.4166209362338426 0.6224672817680037 1074.9923732025868
0.5199428034083765 0.336609892330633 0.7850816910162902 67.25719294124208 -0.5349685839401567 0.8448347233970948 -0.007931225606040425 189.26237809027845 -0.6659340022711728 -0.41587025684426043 0.6193414519401925 1075.5080742541306
0.5162891863950608 0.3344656146706089 0.7884023266166441 67.94022836471711 -0.5368155526003112 0.8436755207442641 -0.006377945069778972 189.23389883379795 -0.6672889467823884 -0.4199337665631373 0.6151268919516905 1076.0622169866404
0.5141109563643838 0.33292452854502486 0.7904752892021174 68.604353462168 -0.5375177972595467 0.8432341202094594 -0.00555303014754752 189.205522116318 -0.6684044749815369 -0.42203966260015047 0.6124687592171593 1076.602126477418
0.5113351590812022 0.3386631046759076 0.7898377406902486 69.21719738116217 -0.5397739349181829 0.8417318907307372 -0.01146836125151721 189.1808796091628 -0.6687155256686832 -0.4204696489143187 0.6132086268730452 1077.10286265524
0.5101651384278102 0.34826096046364474 0.7864132723637569 69.83491762369248 -0.5393851225466805 0.841748998290748 -0.02285417799485584 189.1555047495323 -0.66992180223384 -0.4125202144058626 0.6172777750723772 1077.59722470284
0.5075597255671761 0.3537416809432532 0.7856525619799213 70.48182188167617 -0.5413180693653484 0.8403296772202422 -0.02864928204146235 189.1210768928497 -0.6703416090030107 -0.4107467063122504 0.6180042641381143 1078.121977723789
0.504744573369617 0.35350162479178854 0.7875719122235685 71.11747113564157 -0.542546421751879 0.839521347626423 -0.029108196848011216 189.08034199484499 -0.6714732279831832 -0.4126021184495748 0.6155348860566445 1078.6468280323857
0.49915966153447916 0.3586633908292764 0.7887966812656031 71.69820735697812 -0.5460387014306155 0.8370262717061303 -0.03505363053519891 189.04016866702926 -0.6728159992425504 -0.4132161571775456 0.6136538426594179 1079.1295615810664
0.4918961615219982 0.3613527550502038 0.7921252127647188 72.26672868636723 -0.5480177636716721 0.8354702613948559 -0.04081633282285576 188.99365090914708 -0.6765461528825834 -0.4140212902043028 0.6089923433651199 1079.5946830468652
0.48217380874149407 0.3649552311248974 0.7964396382892386 72.85528567779424 -0.5512326873929162 0.8329712817136045 -0.04797257747895195 188.9406071460702 -0.6809191894147975 -0.4158924417622476 0.6028121883072124 1080.0716775821832
0.4733479335302788 0.3677354442809345 0.8004451116985585 73.44337589730999 -0.5530546586081769 0.8313358441246121 -0.0548749384091402 188.8830210864681 -0.6856181724651176 -0.41671495928646374 0.5968889044809532 1080.5433764144536
0.46359271312301675 0.36823532278245436 0.8059060388125536 73.98981956001194 -0.552984561425421 0.830914151030863 -0.061560932756015666 188.82025722309757 -0.692307641994782 -0.41711439758411467 0.5888341941189091 1080.9670111757937
0.4483791655961715 0.3723233869613205 0.8126077893922327 74.48478736330351 -0.552131274174566 0.8303063610276049 -0.07577864419123997 188.7511909307892 -0.7029275780175731 -0.41468860890883463 0.5778634593946943 1081.3298551864327
0.43048594825554526 0.37517158998191363 0.8209312556024203 74.92234886341144 -0.5507143276976844 0.8297809602351705 -0.0904283545116327 188.67941886805482 -0.7151192751024207 -0.4131704685739751 0.5638214134593944 1081.6299694286201
0.40855574890114255 0.3822058463988879 0.8288551689036727 75.31709192191016 -0.5486836476355975 0.8285467543064396 -0.11160882915592113 188.6010217221473 -0.7294028069983842 -0.4091808486559106 0.5482176376550703 1081.8805524453699
0.37978433885876495 0.3879240254458915 0.8398087915945306 75.7190846200071 -0.5475553338723697 0.8259836458325768 -0.13391853182079863 188.51249275700616 -0.7456185434292314 -0.40898162220199724 0.5261055221108152 1082.124563104858
0.3501532183082491 0.393015204395685 0.8502539460785778 76.13653165125764 -0.5439899869647552 0.82427663660804 -0.15698063709967186 188.40698237418758 -0.7625402401122587 -0.4075623577514891 0.5024194530007624 1082.3518798289738
0.3201096162656012 0.39822819089645534 0.8596186023752774 76.59389478507947 -0.5405656615349755 0.821935796996178 -0.1794723131446967 188.2858398920962 -0.7780222356356813 -0.4072294851697156 0.4783780380252254 1082.5987338576037
0.2870402718330208 0.4037194429326773 0.868687799928233 77.10087184417442 -0.5359700536420792 0.8193020173470139 -0.20366714504312222 188.1429077471308 -0.7939420532664409 -0.40712997404912293 0.45155420525760537 1082.8550246421255
0.2509832565639144 0.409468208670439 0.8771221072420838 77.62181230015497 -0.5305734669688782 0.8160772187252908 -0.2291501019554965 187.99089786372647 -0.8096290515249539 -0.40786487856373843 0.42207468505110507 1083.1152194174697
0.21724512340718316 0.4126626264900716 0.8845982777815663 78.1761926335847 -0.5226534304484735 0.8145632083936071 -0.25163499592058325 187.80659236069783 -0.8244015696226202 -0.40767184870901535 0.39263942208333197 1083.355468210942
0.1795831469994741 0.41642226319105374 0.8912588804789582 78.73997348067616 -0.5130448835581223 0.8126675196701197 -0.27632670867660397 187.61126055211307 -0.8393657371900509 -0.40763218861131917 0.3595847021764796 1083.5846874548497
0.1348939838654307 0.4222685571203307 0.896377642952136 79.28305440692985 -0.5023373018709971 0.8089157453244866 -0.3054710331849707 187.40726964483028 -0.8540848015659096 -0.4090777219962512 0.32123911514707854 1083.7732613945843
0.09123466732760492 0.42511596750534253 0.9005290942826988 79.8421940907634 -0.48953741460106376 0.8066365787443996 -0.33119563634992627 187.17461676392742 -0.8671962610524371 -0.41062616088545123 0.2817033915542163 1083.9361539679535
0.05507114997214578 0.42487432575543127 0.9035756613336887 80.38396125885399 -0.47513305611315587 0.8070751550185323 -0.3505399736697384 186.93192446769834 -0.878188901905118 -0.41001402593774455 0.24631839376101133 1084.0699360161632
0.023426034760895942 0.42537390672367137 0.9047144634491163 80.8855657214511 -0.4623884311377256 0.8069603751998385 -0.3674396434890017 186.69946490525547 -0.8863679595096907 -0.40972184752094276 0.215591855176979 1084.1783234195016
-0.006201533636120856 0.426036078470667 0.9046849179807828 81.40888830211722 -0.4497392109763359 0.8068516158631306 -0.38304714081876934 186.4525429245132 -0.8931383896636297 -0.4092477609228771 0.18660141234371472 1084.2806974438497
-0.033417260536949135 0.4262640868577638 0.9039813133873523 81.96934881167918 -0.43743976591475353 0.8070116956702958 -0.3967096850945231 186.18178979566767 -0.8986265842354376 -0.40869432502381076 0.15949674228234523 1084.3772918354555
-0.05400443014563126 0.42390079734770353 0.9040971383278606 82.56179417430502 -0.42564878657147226 0.8092648258911656 -0.4048623865779223 185.88919125986575 -0.903275501724074 -0.4066922123465365 0.13672897425857186 1084.4598613707087
-0.0682838881562196 0.4235840698954425 0.9032794951448205 83.20366016646271 -0.41792458036592045 0.8099802858920305 -0.4114255480548457 185.57177745672243 -0.9059118918218465 -0.4055964400695292 0.12171759141014553 1084.5487834422802
-0.07769399086116086 0.4239874149741445 0.9023293831675927 83.87496909325087 -0.41230828867895675 0.8103771229841649 -0.4162821082277429 185.23935539108405 -0.907725464482899 -0.404380502110881 0.11185209270217683 1084.634672506379
-0.08249131337789678 0.4226851443370274 0.9025145162123299 84.58985508944579 -0.4090325747904476 0.8114500247789194 -0.41742210057277107 184.88775914422328 -0.9087835473738978 -0.403591533661294 0.10595441462930454 1084.7248582599868
-0.08437621539995309 0.42071253009861914 0.9032616571585439 85.34338795215272 -0.40721657165331715 0.8127805094458406 -0.416608337933694 184.5188228482539 -0.9094258177804819 -0.4029749501929072 0.10274177082046503 1084.8209112699894
-0.08484093937160476 0.42206266761259376 0.9025880121153198 86.09558931336186 -0.4074158588564909 0.811972989350427 -0.4179858640164228 184.1524649628867 -0.9092933151402635 -0.4031909834967422 0.10306647305578444 1084.9174466557608
-0.0845634391948031 0.42213778403356383 0.9025789251044913 86.81848558681304 -0.40813979148589924 0.8116739678740842 -0.4178603600263887 183.8034970500535 -0.9089944638760966 -0.40371408343872545 0.10365328492545185 1085.00804909511
-0.0849507266973092 0.41998775931890403 0.9035450492675421 87.5068394005885 -0.40933213914375627 0.8120562682062459 -0.4159468922001202 183.47089494626744 -0.9084220241152205 -0.40518501858932243 0.10292971783297267 1085.0959985295412
-0.08503976653282133 0.42074279456821695 0.9031853292248331 88.17312005664448 -0.41188481997003956 0.810547640750739 -0.4163693278228538 183.15007328667951 -0.9072591323245471 -0.40741627715683576 0.10436878806124761 1085.182470948672
-0.08420768205877521 0.42325442228676646 0.9020891088451204 88.85401672202441 -0.4134528927423058 0.8088545327939238 -0.41810411414112936 182.8213926550536 -0.9066232799599327 -0.4081789298744071 0.10688399993112536 1085.2715355148518
-0.08337434521884132 0.42301178969973763 0.9022803025304021 89.55494521662742 -0.41507637187557617 0.8084086961054031 -0.4173571439088665 182.48150134471436 -0.9059582352790535 -0.40931211298492526 0.10818165322215427 1085.3645951728215
-0.08255334615856075 0.4208689612134026 0.9033572175641129 90.28295120690827 -0.41524959878168005 0.8094893411268741 -0.4150840605391022 182.1270943440604 -0.9059540362235149 -0.40938530028461934 0.10793961349381404 1085.4619375249965
-0.08352433751986243 0.4242689618684853 0.9016759578900315 91.04429209317101 -0.4162327245705125 0.8072716150066351 -0.4184051369201661 181.76097897456026 -0.9054137198201025 -0.41025405250845975 0.1091677991072021 1085.5631236712302
-0.08602558551486766 0.42182674047239566 0.902586172982535 91.83789869903045 -0.4178280440082802 0.8071499704886104 -0.41704754019229745 181.38079070454165 -0.9044442073876299 -0.4130025740387905 0.1068154930723769 1085.6685283710133
-0.09005049921493888 0.41906895262520966 0.903477791944412 92.66699283919148 -0.4190003247893904 0.8070332147743647 -0.4160962846233254 180.980295550158 -0.9035096210984833 -0.41602716641652265 0.10291628338564217 1085.7779736919651
-0.09310952321050459 0.4193954029352157 0.9030161198363631 93.50596170439438 -0.41981247881832884 0.8058558062204673 -0.4175570646141278 180.57595487293412 -0.9028222966431002 -0.4179759748808129 0.10103457381763842 1085.8851375685224
-0.09446055025242929 0.4183841164859628 0.9033448596844226 94.33593914045578 -0.42057813951567635 0.8056783862423167 -0.417128716948983 180.17030517276802 -0.9023254584724626 -0.4193293085562158 0.0998583896236359 1085.9917047955473
-0.09403140947742705 0.42123306093103785 0.9020647440235969 95.15210503103478 -0.420067474208116 0.8046874189033376 -0.4195491329642982 179.77272563178596 -0.9026081160415641 -0.4183788549118494 0.10128041577001905 1086.0925401574939
-0.09383894379776908 0.41987639322577447 0.9027170470521948 95.9599398056435 -0.41903879903183033 0.8058348587660906 -0.4183738343914355 179.37960531903275 -0.9031061607213627 -0.417533225994228 0.10032580753710886 1086.1903533255995
-0.09419698494551654 0.4214192855343429 0.901960483506289 96.74126216967157 -0.4183174003864892 0.8053744964610996 -0.4199791339863402 178.99547176117224 -0.9034032768155444 -0.41686653287323505 0.1004231706788069 1086.2867967428494
-0.09467689039476766 0.4240124054780879 0.9006940470691827 97.51406906149963 -0.4186880716382583 0.8038880166485367 -0.4224504176311286 178.61680937790075 -0.9031813688805881 -0.41710614559074205 0.10141931875841739 1086.3840352340096
-0.09348081053428754 0.42240074841692055 0.9015758125630248 98.25237806462674 -0.41795864223701784 0.8052363112505945 -0.42060082789138753 178.2536340275538 -0.9036436861071073 -0.41613950879525835 0.10127190024088903 1086.4754827849556
-0.0910295557480822 0.4230317332946895 0.9015307940419994 98.93105347906615 -0.4191449893957125 0.8049220818737399 -0.42002133276359754 177.92206472577826 -0.9033443960333036 -0.4161064704348309 0.1040399318410627 1086.561252396727
-0.08567965667180191 0.42161807777088783 0.9027165628974492 99.61359207623406 -0.4208013661499518 0.8059565900993862 -0.41636544659913893 177.58928591561238 -0.9030975621044137 -0.4155384114280523 0.10836337918741282 1086.6500876760601
-0.07733215751375104 0.42172064979565693 0.9034220668935411 100.30154796204161 -0.42381941663918216 0.8062836006133528 -0.412654646722398 177.25582624503883 -0.9024393827254498 -0.4147992875089036 0.11638174937770421 1086.7478125569992
-0.06708858253788841 0.4240683474032239 0.9031418265276812 100.95632893918226 -0.42863615953964324 0.8051444274817097 -0.4098944908513064 176.94429775327777 -0.9009828881994162 -0.41461848442374855 0.12775502943521175 1086.8525460138583
-0.054162944521784114 0.4256258677744247 0.9032768103532818 101.61951727701434 -0.4343586414092434 0.8044920328571981 -0.4051236103986107 176.6338154390397 -0.8991100856256956 -0.41428877579601214 0.1413006163312659 1086.9685871567108
-0.03700302917116561 0.4250202409731288 0.9044272058022701 102.30688534348553 -0.44233985344341303 0.8045875600464579 -0.39619983881135484 176.31732555938055 -0.8960838297212025 -0.41472479185796035 0.15823121414738012 1087.1044228125443
-0.01506787095039123 0.42416039251804816 0.9054617168516613 102.9963590240974 -0.4543801952659947 0.8037554688009293 -0.38407783654180216 176.0093211350195 -0.8906804126144564 -0.417211106984859 0.18061919829688639 1087.265714106075
0.01359311684342474 0.4267828837821862 0.9042519545375849 103.6808355759917 -0.46738296665715445 0.8021735710008414 -0.37157869215889083 175.71349802433295 -0.883950445247491 -0.41758104853826505 0.21037508941993385 1087.4429088699696
0.04819096607080321 0.42870250226307977 0.9021595176810681 104.36346729055427 -0.48274585848963963 0.8007114450379257 -0.3547077922690367 175.43530636488208 -0.8744335691750763 -0.41842005967526075 0.24554141557197207 1087.643863404786
0.08944540437341851 0.4247087346567568 0.9009006661906365 105.04222728141859 -0.5023709371349627 0.8002733607174234 -0.32739271471457065 175.18620898940497 -0.8600133494072137 -0.4233025381831473 0.28494209939756227 1087.8933075186612
0.13700614893948157 0.4201851749274552 0.8970360828439159 105.64922677607629 -0.5223769670960828 0.800068106095073 -0.2949802194333331 174.97847640361235 -0.8416362750026107 -0.42817688445387214 0.3291093074027302 1088.1532226823388
0.18635727677446864 0.42035515282896196 0.8880160532802008 106.25143485533044 -0.5386391355724309 0.7996196528970256 -0.2654737130689609 174.78749949958453 -0.8216683315200778 -0.4288472410905518 0.3754346771224434 1088.4249465559776
0.2367927956004949 0.4196299849480208 0.8762647132483575 106.84886111306703 -0.5543554008974405 0.7990446213439847 -0.23284712280181283 174.62079691010806 -0.7978842406311458 -0.43062555524930196 0.4218321582320268 1088.7341406193075
0.28875401526966604 0.4174765515840464 0.861588328346629 107.37841788565242 -0.5695622609138499 0.7982600747489136 -0.19590733524949683 174.5081298019691 -0.7695582821387533 -0.4341591665960187 0.4682796904119384 1089.077203195299
0.3411171411095161 0.41451339055205194 0.8436929210881841 107.9051324358427 -0.5814734660377142 0.7982549347905574 -0.15709127084789443 174.40291557163164 -0.7385984730117968 -0.4369985218917367 0.5133269791556635 1089.4299493282008
0.38751839907796765 0.41217369097884576 0.8245861621691963 108.44216129319634 -0.5920154833291058 0.7969237412904061 -0.120125842624738 174.31083923928853 -0.7066450013087578 -0.44161680112125995 0.5528358192924647 1089.822236761481
0.4245453217084024 0.4110354779396169 0.8067286443969001 108.97434740515052 -0.6002718578546858 0.7948206633417834 -0.0890719360551217 174.24984915935494 -0.6778163220837878 -0.4464414284090086 0.584170424205925 1090.2514926103934
0.45767770225412435 0.41066994107707927 0.7885945221437526 109.478584658428 -0.6061094992468155 0.7930226589408622 -0.06120733068134844 174.20600793601434 -0.6505093356610342 -0.4499614004579848 0.6118597407214569 1090.6747853345075
0.4853899150549208 0.41068682464530243 0.7718373937726362 109.97023397943543 -0.610238434970542 0.7913392521488547 -0.03729933636395339 174.1804946435536 -0.6261035719812503 -0.4529001215182523 0.6347249775147272 1091.1091534169288
0.5080648437139044 0.4081051386583692 0.7584987214113148 110.4588995259672 -0.6115011975413177 0.7910810247320407 -0.016034266881756135 174.16423865889823 -0.6065776125010722 -0.4556764291792319 0.6514772382078772 1091.5590243841846
0.5287207938430755 0.40794619673752475 0.744334751792053 110.97228174677359 -0.6110351844118758 0.7916034173235449 0.00018191324051810106 174.1531949087019 -0.5891437223366585 -0.45491090363836323 0.6678066667698322 1092.0425865620311
0.5476885489035509 0.4098812681136072 0.7294070190569216 111.51724312475976 -0.6107042195491691 0.7917411539866688 0.013649223739641564 174.154833805845 -0.5719069938589348 -0.4529274678504685 0.683943783685325 1092.5715743106532
0.563350094382616 0.41080902566092603 0.7168490884381585 112.03373913384851 -0.6106939458369485 0.7914272592602856 0.0263779797908648 174.16766612554815 -0.5564975971890592 -0.45263543579272614 0.6967292060675596 1093.0981561811498
0.5737941613597198 0.4135386448463011 0.7069271883356738 112.49690511533525 -0.611606943535728 0.7904291587535783 0.03403955950054834 174.18602390408438 -0.5446991894691794 -0.4518932774569599 0.7064667428696312 1093.5900015958696
0.5778697389736019 0.41518259160092585 0.7026307568062478 112.98336135927566 -0.6126921811087367 0.7894349821417378 0.03742592923481446 174.20680641509668 -0.5391427046587949 -0.45212368285947013 0.7105697146732248 1094.1058017165167
0.5784540649490308 0.413785530983222 0.7029739889162869 113.51741511538165 -0.6140041875750065 0.7882226190010003 0.04127905686369593 174.2279316710446 -0.537019322170347 -0.45550701119097475 0.7100166268275453 1094.6720694748926
0.5786576644658836 0.41425533399224596 0.7025295905610399 114.09326061478951 -0.6145673749231221 0.7877618637171686 0.041691578921311964 174.2513416266675 -0.5361550606261142 -0.4558769179634167 0.7104322533733837 1095.2780528243918
0.579619572393097 0.41441103321399925 0.7016442452192919 114.70782869139583 -0.61431147996995 0.7879399655051137 0.042095324406949644 174.27739321527886 -0.53540877549399 -0.45542738862556775 0.7112828810070729 1095.918775499904
0.5809696381264863 0.413481414476938 0.701075887088788 115.32462968233824 -0.6137702635925861 0.7882736387984418 0.04371194236072569 174.3040892550124 -0.5345655648324793 -0.4556948433520094 0.7117456474315241 1096.5636725322045
0.5825741667928271 0.41385650595314716 0.6995213596923948 115.95743186189087 -0.6140278051191271 0.7879904567614834 0.04517626139260111 174.33303454316987 -0.5325196660464582 -0.4558440879654793 0.7131822857732015 1097.2290257364637
0.5843904304540645 0.4134111132132598 0.6982686275821702 116.62019514063026 -0.6140453551752098 0.7878425696405567 0.04745932205490874 174.3659762890827 -0.5305055386906574 -0.45650338107612726 0.7142608322486953 1097.9257602527632
0.5864024614792643 0.4111560880943465 0.6979131925920408 117.2605211449168 -0.6139761549278655 0.7876182036377981 0.05187336964530287 174.40119173744853 -0.528361083304831 -0.4589207301063225 0.71430128736243 1098.603605243293
0.5887361552824021 0.4103726525178816 0.696407944762791 117.87006130826049 -0.6142034220802524 0.7872031471445671 0.055365706268349135 174.4367735584213 -0.5254939540738827 -0.4603319358801054 0.7155072417807317 1099.2539481137744
0.5903834225634993 0.41015222347314784 0.6951421206791045 118.45376524545858 -0.6151365494473239 0.7862450857464547 0.0585294000788212 174.47344500716724 -0.5225461126984391 -0.4621621130291636 0.7164856881921429 1099.8801207684094
0.590764822452891 0.41204788173591006 0.6936955151283267 119.01454538878095 -0.6163950131824115 0.7852612718401877 0.05849720225602357 174.5100674327516 -0.5206285742024347 -0.46214854549687656 0.7178889953321901 1100.478363549091
0.5910973824250726 0.4123374648155792 0.6932400014422776 119.56854893269916 -0.6162003058423547 0.7854335679542407 0.05823481270216259 174.54490170260266 -0.5204815727477937 -0.46159714626514986 0.7183501980161575 1101.0667085388031
0.5908331541663533 0.4124954217607731 0.693371264882127 120.12435294629243 -0.6160425927393933 0.7856060523867898 0.057573035217597185 174.58039226979204 -0.5209680487983548 -0.46116228974152296 0.7182768509784999 1101.6571630833562
0.5890483996475194 0.41116673752272875 0.6956751374223548 120.70932687514659 -0.6158278815238654 0.7858164233954451 0.05699621969758217 174.61719936872962 -0.5232379986301884 -0.46198967810645325 0.7160918475395249 1102.282613547297
0.5860179932065126 0.4080658955349273 0.70004652455354 121.31858429713921 -0.6148682370781832 0.7866262625102473 0.05617983767797144 174.65283920389473 -0.5277499054197732 -0.463358768159658 0.7118839015590844 1102.927192210874
0.5810777335826066 0.4070467988460554 0.704742201860851 121.92578415124123 -0.6154965588173895 0.7863338950400237 0.05331971113137558 174.6850945837917 -0.5324590628569049 -0.4647492969982443 0.7074570215364206 1103.5613087271138
0.5742483026185259 0.40916761576140115 0.709098546855 122.5127178306114 -0.617572517995201 0.7851021390374817 0.04710431292179831 174.71210612293987 -0.5374412265139414 -0.4649693468293362 0.7035342454723083 1104.1661254751887
0.5651560345748969 0.41447338719403165 0.7133095175949108 123.04618027285511 -0.6200861325482159 0.7837112714955092 0.035914219360657196 174.72758004084326 -0.544143220857317 -0.4626104778739852 0.6999283541593578 1104.707371247504
0.5521252289855432 0.4165284690249854 0.7222615634307029 123.57889699235015 -0.6212601364563944 0.7832606077980653 0.023209117216822308 174.72986516431763 -0.5560517731001711 -0.461526656612059 0.6912304759402972 1105.2364861228846
0.5329013530062011 0.419707199778313 0.7347530295401357 124.14358071337114 -0.6232987617344995 0.7819652175631521 0.005390003863492701 174.714727834259 -0.5722890891711987 -0.4608429938446041 0.6783133003560678 1105.7815737994574
0.5115259433940741 0.422464003174914 0.748241522007586 124.71447425684465 -0.6237758849165795 0.7814634058669084 -0.014784812728821334 174.68675061584295 -0.5909694193706989 -0.4591722022425967 0.663261663339848 1106.30676833744
0.49179959382121885 0.42388948971289947 0.7605595703350407 125.3105762851141 -0.623918712414071 0.7808439726048988 -0.0317510747245589 174.64356051912728 -0.6073373031659198 -0.45891218218471397 0.6484913331923646 1106.828840922962
0.47155206331393246 0.42446014574838764 0.7729632826050864 125.89873768869603 -0.62324906761757 0.7805245486488567 -0.048394510745797654 174.5878800383381 -0.623858358362059 -0.4589281137909887 0.6326023514610432 1107.3260069564421
0.44912463312420414 0.4278296667715562 0.7843779957081842 126.44452460894682 -0.6210535747653411 0.7806204045576052 -0.07017293822770145 174.51915706077133 -0.6423235331141469 -0.4556243630650788 0.6163009967453402 1107.7646723887472
0.42364702554325734 0.43226853949046995 0.7960321020631811 126.98228804248413 -0.6201745879028785 0.7789398601940579 -0.09293102130264988 174.43665972600624 -0.6602322911429326 -0.45430893009893225 0.598077518190173 1108.1789192875633
0.3991816043921822 0.43244520789011603 0.8084832644450705 127.55678931890792 -0.6168273756750461 0.7790665478715234 -0.11215749018848466 174.33539213860578 -0.6783642350041159 -0.45392340340680887 0.5777330772137417 1108.598278703784
0.3753382349733726 0.43379753088044665 0.8191098287586966 128.1609739609175 -0.6145327788177061 0.7780315029392835 -0.13044709346177547 174.21745826285724 -0.6938808781957188 -0.4544080574066294 0.5586077731631296 1109.0234430689857
0.3508546439289301 0.4372738403987649 0.8280655815431645 128.73574984846704 -0.6115511764452789 0.7766599366753077 -0.1510115934354031 174.09074381560595 -0.7091587815305535 -0.4534213617226491 0.5399100770606882 1109.401620718779
0.32350161096407903 0.4379192708548092 0.838792834922687 129.30558896209908 -0.6083683964482086 0.7752136742899568 -0.1700930727481203 173.95312544503835 -0.7247307099238178 -0.45526966888631637 0.5171991170578907 1109.7673966435882
0.29310819973092356 0.4393467942851541 0.8491536831468468 129.8869678447099 -0.6051005959928292 0.7728928787410412 -0.19102320990001848 173.80173898422498 -0.7402302695645592 -0.45783293060104785 0.4923902473421209 1110.1236393921968
0.26268769616768745 0.43961931661049697 0.8589121205018778 130.45480768539358 -0.5987615933261266 0.7723133229699094 -0.21217135886054983 173.63806141969704 -0.7566239017105334 -0.45854878434698243 0.4661043700012182 1110.434562397675
0.23114499598554997 0.43955115895474206 0.8679670324916628 131.01187682690872 -0.5925314909896081 0.7711906890834818 -0.23274740225526513 173.47179282241373 -0.7716724842939989 -0.46049940253217164 0.4387047723139559 1110.7294979920132
0.19769180025941108 0.4406288965307383 0.8756506881469901 131.5819819608154 -0.5861490576741837 0.7691292602568511 -0.25469484330157366 173.2931086778541 -0.78571447377394 -0.4629107436200335 0.41032476057787104 1111.0091894754564
0.16603676834890144 0.4409967430326599 0.8820168162744062 132.1756378067954 -0.5786300630606187 0.7678358215738053 -0.2749825471380715 173.09315097835506 -0.7985105144446862 -0.4647042325422325 0.3826629516671511 1111.2780134739749
0.1400443015347752 0.44374731384821964 0.8851417485691921 132.78107063626078 -0.5691640750964841 0.7675747617186326 -0.2947562396152896 172.87118255969963 -0.8102097563144993 -0.4625119529537303 0.36005950084357585 1111.5205532245966
0.11762755639754886 0.4426420109329324 0.8889498344300378 133.4385359885875 -0.5588150326387162 0.7694883923781838 -0.30921412207760907 172.62610125942328 -0.8209077398057174 -0.460386429157602 0.33786804905847484 1111.768887477539
0.0966789754460372 0.43757313774550044 0.893970315407767 134.15576537800783 -0.5497193453309487 0.7722326644571343 -0.3185362668745053 172.35199426089667 -0.8297359923949407 -0.4606370166074283 0.31520108162154187 1112.0282814422171
0.07582384604940764 0.43581740092403515 0.8968355130245986 134.8898685155188 -0.542928113074217 0.7724498314042053 -0.3294697588509195 172.06499344641966 -0.8363490948186321 -0.4619355485513466 0.2951876362258764 1112.2802962207852
0.056879160233144266 0.4403767966091388 0.8960095078398701 135.67493043127138 -0.5361767267367658 0.7705308848456388 -0.344668932752638 171.74906011942753 -0.8421871994022583 -0.4608149655851795 0.27994693900042916 1112.5302454429063
0.04113720474072573 0.4395245070338714 0.897288102062405 136.46108449960562 -0.5305453233224151 0.7705926888403304 -0.35314100272630744 171.42149493612285 -0.846657776369433 -0.46152477249055923 0.26488770090493857 1112.7731256560373
0.031522438913918885 0.4412057605096788 0.8968521688316281 137.23350861396344 -0.5260286703192006 0.7703002801716579 -0.36045986790442747 171.0922060255737 -0.8498824470755535 -0.46040737967645773 0.25636862306516084 1113.0018434928215
0.025627307480165656 0.4399483065866567 0.8976573559231 138.0250807456291 -0.5244304186434291 0.7703857963301727 -0.36259958744350695 170.75517624130873 -0.8510675514392461 -0.4614663718455107 0.2504651882856108 1113.2308779091231
0.020783801691102007 0.44009502978994897 0.8977106428807947 138.79179076194143 -0.5242901932777525 0.7693364182183743 -0.36502228539597076 170.430068901086 -0.85128598415576 -0.46307433567096634 0.24672724377914118 1113.4502563317842
0.016317646901095818 0.44106653774657517 0.8973260520456658 139.61104591589648 -0.5226804594665664 0.7688225766725909 -0.3683978595083513 170.08457848762862 -0.8523724958557901 -0.4630034069839737 0.24308223594043882 1113.677562627394
0.011809002389015688 0.43856711419241357 0.898620850977494 140.47226046135813 -0.5216728445270945 0.7693900516488819 -0.36864127781182976 169.71726701806358 -0.8530638843284745 -0.4644328097504198 0.23787428293479926 1113.9140113459487
0.008087505794895266 0.4402792811868733 0.8978244521105384 141.31415351259565 -0.5207796042907596 0.7683350332829191 -0.3720885383680787 169.35439991716592 -0.8536528545051414 -0.4645593946824303 0.2355023838680139 1114.140455614957
0.005320764827147042 0.44206589199550145 0.8969667979339461 142.12820232652535 -0.5198546926130149 0.7674677354541041 -0.3751591310433145 168.9997560334993 -0.8542381330928048 -0.4642962655149955 0.2338935437307913 1114.356602882108
0.003233216865420039 0.4417429681261013 0.897135829414835 142.98014604911958 -0.5188924598380751 0.7676508150086857 -0.376115462776645 168.62590036450882 -0.8548334115088689 -0.46430095447634273 0.2316990769089619 1114.5812952975832
0.0017661724717148077 0.4451114850348323 0.8954734203341197 143.85819785125793 -0.5160660579295488 0.7674231370003746 -0.3804438889633497 168.23915785222962 -0.8565469657221687 -0.46145150848880184 0.2310623310398176 1114.8116575429544
-0.002640886103334007 0.4458741942956998 0.8950917431089119 144.705670753312 -0.5149659522206242 0.7666774908770829 -0.38342625501642913 167.86408514975122 -0.857206564238803 -0.46195435688342756 0.2275853211046897 1115.0349553387503
-0.006677056528431493 0.4452026378312616 0.8954049520659371 145.55617867947163 -0.5131283288990169 0.7670223194275338 -0.3851961572774396 167.48356867114705 -0.8582859284628966 -0.46202962325817676 0.22332463418640056 1115.254789462517
-0.010602032107857807 0.4460793357235171 0.8949306247724736 146.51625506083772 -0.5109652928642635 0.7668947225624463 -0.38831295882831846 167.05316295722744 -0.8595359599244928 -0.4613953952374625 0.21980041594670657 1115.5009680110845
-0.015462138067549099 0.44470556175437165 0.8955433465952997 147.52782600954004 -0.509450742126843 0.7671708518779317 -0.3897548272636209 166.59700196754181 -0.8603608915058767 -0.462261665481378 0.21469347683056073 1115.7591983788232
-0.02090823333770481 0.44287714054138494 0.8963384874948653 148.48421894036477 -0.5081479608364534 0.7673918806880454 -0.3910183516816267 166.16286149965524 -0.8610159671437274 -0.463648077576033 0.20900230736429568 1115.9934607256873
-0.02556423239324234 0.4428508637304305 0.8962307640978168 149.42081917134382 -0.5068873225659614 0.766984854509965 -0.3934456444977329 165.73582483315212 -0.8616331657057157 -0.4643461483048391 0.20486810954954865 1116.2158580709179
-0.029138788351302337 0.4435681460053536 0.8957668395641758 150.324184916127 -0.5062628604221329 0.7661566632902134 -0.39585588722817305 165.32175329417902 -0.861886794869614 -0.46502824338461424 0.20223720153325633 1116.429073026589
-0.03435510995435007 0.44181682530924005 0.8964472205845081 151.20898040480677 -0.5068360259042766 0.7653719083313371 -0.39663974180962286 164.91294009497528 -0.8613576314548923 -0.4679783486561232 0.1976342478506827 1116.6380499260176
-0.04061117008876882 0.44333083835993925 0.8954376028641501 152.12992006545494 -0.506310385555472 0.7634685060128739 -0.40095590007522935 164.48625872415596 -0.8613945242121571 -0.46965264620306807 0.19345765834354176 1116.8464251770129
-0.044676081299556004 0.44729386730233156 0.8932705323883916 153.0697259117806 -0.5043164241747795 0.7617654855939404 -0.40666729554439157 164.04748957187957 -0.8623624482010319 -0.4686593018724291 0.1915449469476269 1117.0515110858355
-0.046791331462870546 0.44944243124022243 0.8920829963074123 154.0060849496017 -0.5016274211058036 0.761715306834764 -0.41007282490840524 163.60510498024956 -0.8638174006667559 -0.4666811463242323 0.18981097431610497 1117.2503930168098
-0.048886745682472726 0.44863198965151313 0.8923785205605874 154.8919312581691 -0.5001056204389681 0.76238930417164 -0.41067860583433735 163.18238426909562 -0.8645833993906722 -0.46636025425201877 0.18709264750935967 1117.4413163172912
-0.05260313267946778 0.44672253801922834 0.8931247866104524 155.75648438544832 -0.5007275505932399 0.7620063202625907 -0.41063157204087214 162.770335991548 -0.8640051102332666 -0.46881269384000845 0.1836023626897949 1117.6308448098123
-0.05590048196392867 0.4437431309436467 0.8944088382034978 156.65079418966062 -0.5012050787317627 0.7622902932439213 -0.40952042425205326 162.34318685025355 -0.8635210507970762 -0.47117464125993297 0.17979391609252687 1117.8246085455023
-0.05782550184774057 0.44781666644200513 0.8922535763967704 157.54667554294824 -0.5014362953651764 0.7598026500627799 -0.41383761869605556 161.9142459705135 -0.8632600147270246 -0.47133869585930155 0.18061556067833584 1118.0130655172927
-0.05948069598841857 0.4464846327784417 0.8928121412130515 158.44925063122133 -0.5012834590019863 0.7600843146320403 -0.4135054151777737 161.48011214569755 -0.8632363178966322 -0.47214754827600447 0.17860501706621235 1118.2006669744198
-0.060924407922062274 0.44435321867321964 0.8937776197545431 159.37450029538337 -0.5018646479343616 0.7603853164795377 -0.4122451280925347 161.03502911781183 -0.8627978278096577 -0.47367118081752 0.1766791464487873 1118.394445041762
-0.062011627976337184 0.4456862841710738 0.8930387976440362 160.2863131106455 -0.5038908714128446 0.758377180385003 -0.41347072686962294 160.59845571002293 -0.8615384772037328 -0.4756340908440794 0.17754904653193407 1118.5855251048893
-0.06148153216584587 0.4470876822292989 0.8923747114308956 161.2148831878866 -0.5047988457081822 0.7573616887386655 -0.41422384987178307 160.15221189710482 -0.861044799400255 -0.475936841219243 0.17912558889232835 1118.77744737413
-0.06116847023514288 0.4471098760876138 0.892385105744158 162.15878726081488 -0.5057999791811221 0.756877783871828 -0.4138869427049432 159.6956703599564 -0.8604794008629537 -0.47668519904250223 0.1798511098223816 1118.9760582772003
-0.0623799718313439 0.44831185757676745 0.8916979407122064 163.0687182308492 -0.5062592062020751 0.7557522210979896 -0.4153795811557165 159.25538175166835 -0.8601222908691326 -0.47734165820879776 0.17981820288422104 1119.1690150742163
-0.06405195712899046 0.4481458857565393 0.8916628353068402 163.94811493280835 -0.5053745673601765 0.755887860815415 -0.4162091884346239 158.82887540303975 -0.8605195485597406 -0.4772827327186512 0.17806543627317803 1119.353381713648
-0.06716676666934211 0.44625877759035326 0.8923798120076172 164.81382531251924 -0.5052832482906404 0.7560115961997093 -0.4160953080826854 158.40882285574938 -0.8603356696383362 -0.47885234659039977 0.17470823023779858 1119.534835049323
-0.07031632661473786 0.44609537172548275 0.8922188820779985 165.666610201737 -0.5047497278755512 0.7555655451273003 -0.41755049901304225 157.99451271242228 -0.8603971910815177 -0.4797078552010483 0.17203792383496372 1119.7117955378915
-0.07297869389334738 0.44603903746206236 0.8920332321710545 166.47600833203688 -0.5026642937344964 0.7560579582358364 -0.41917176860167515 157.59959328156123 -0.8613957963921233 -0.47898386282648003 0.16903177544415696 1119.8742527241193
-0.07757315049554674 0.44249137971488384 0.8934113191583225 167.24761298006845 -0.5013772280026587 0.7572388909151822 -0.4185811000581764 157.2203858457744 -0.8617443249378346 -0.48040674533520494 0.16311369493047312 1120.0289155899134
-0.08256321463977136 0.4397953441706967 0.8942949014917426 167.99045024641586 -0.5007733384044082 0.7575332621223994 -0.4187713222290877 156.8550571752553 -0.8616318118150293 -0.4824141499002445 0.15769340139769475 1120.1756813078275
-0.08647883908759839 0.4392618291761983 0.8941870362619008 168.68486785415297 -0.4977732888753294 0.7584331968236452 -0.42071467628085174 156.50841140283933 -0.8629850307347736 -0.4814853387016547 0.1530643829996216 1120.304601132146
-0.09017591205197553 0.43835620079071724 0.8942662613080754 169.3663117557018 -0.4953438349969735 0.7592429652437804 -0.4221191832389532 156.16628013751108 -0.8640039293985209 -0.4810342617279574 0.14867161473447008 1120.4284707740446
-0.09299915577347537 0.4376445696042149 0.89432566088722 170.05175969757715 -0.493899400547188 0.7596406371558106 -0.42309512467132104 155.82004823494205 -0.8645313985995813 -0.4810543972124739 0.14550645263353562 1120.551714750969
-0.09586328183093158 0.43811891814908976 0.8937908283018321 170.71188762554308 -0.4919795492768485 0.7597275189746392 -0.42517081273999335 155.4859182304759 -0.8653128649742539 -0.48048507830369863 0.14271557461446652 1120.6662123459257
-0.09874518513106159 0.43471698472647996 0.8951371579840434 171.35507762618096 -0.4898136305046262 0.761785106013604 -0.423988277700832 155.160918923424 -0.8662170604330701 -0.48031718212672797 0.13770769320749962 1120.7743014228279
-0.10177889052893005 0.4306082253784826 0.8967818094046591 171.96154443419158 -0.4892411939026223 0.7632474627621543 -0.42201464995408505 154.853906715584 -0.8661894201798103 -0.48169478596257287 0.13298880232950241 1120.8797215263896
-0.10376336543638191 0.43059140440306826 0.8965624386775913 172.53596365248563 -0.48925155427166306 0.7627291333934427 -0.4229387493664396 154.56655108005393 -0.8659480819518436 -0.48253011463232237 0.13152417206293773 1120.976336081064
-0.10506556337098616 0.4306123217466332 0.896400722753787 173.10533912894235 -0.4897360354096563 0.7621059692693852 -0.4235010120710468 154.28558486387354 -0.8655170957380149 -0.48349510852121946 0.1308152782410611 1121.0694391204593
-0.10523971318692385 0.42939076065584153 0.8969660960324711 173.70171232763605 -0.48844654436585905 0.7633559269358974 -0.42273833763793656 153.99033308840313 -0.86622432202368 -0.4826088514265311 0.12939907441469825 1121.1643405431594
-0.10560429466247656 0.4290104777139824 0.8971052017241132 174.34956050801975 -0.48741474575314725 0.7640137754452507 -0.4227408385196387 153.66654383018093 -0.866760981223333 -0.4819055518890767 0.12842289705208246 1121.2707554651463
-0.10565253664300879 0.4290839645622065 0.8970643749790074 175.027819582674 -0.48843105726572694 0.7634007209703885 -0.4226753381972664 153.32728842431155 -0.86618280045218 -0.48281082276339976 0.1289227118212619 1121.385754565897
-0.10296944074384719 0.42925674714837003 0.8972936750587848 175.7238517187586 -0.488767028642065 0.7638352745744641 -0.4215002550748434 152.98148740977007 -0.8663163890780927 -0.4819692089162482 0.13115485378490843 1121.5018146342543
-0.10030846612928294 0.42873348258817867 0.897845093838911 176.41779531199452 -0.4895590702006776 0.7643334549780102 -0.41967402395862463 152.63925101739457 -0.8661813484525268 -0.48164506694161274 0.13322124861962453 1121.6184650368452
-0.09952054302602716 0.4275202871202492 0.8985110269865499 177.07199988255113 -0.4910367668239447 0.7642808439418849 -0.4180402913722136 152.31256634213472 -0.8654354713916519 -0.48280554645126067 0.1338665349256819 1121.734322299305
-0.0989634636253413 0.43007726792030787 0.8973515345089013 177.69798698711733 -0.492440915741838 0.7624489638176389 -0.41973029682969853 151.99817941690597 -0.864701206990377 -0.4834305753586682 0.13633305335747506 1121.850281725132
-0.09773645906164581 0.4311129015781771 0.8969889913833595 178.37352462816327 -0.4926379183872165 0.7621750836869795 -0.41999645614439907 151.66095724450153 -0.8647285504348753 -0.4829397559733422 0.13789026855876407 1121.9746574950839
-0.0967892029731598 0.4300022018240525 0.8976246189885211 179.0737888281829 -0.4928822263665997 0.7628048312916813 -0.41856409340741557 151.31089450463517 -0.8646958778204761 -0.4829357056426217 0.13810917093277839 1122.105111081843
-0.0964961792413601 0.4300671480905727 0.8976250528617509 179.75462063073465 -0.4934154366437699 0.7625529374135823 -0.4183948189492231 150.97015103906887 -0.8644244873171147 -0.4832755588431501 0.138618324731561 1122.2339451021053
-0.09669946774252482 0.42992010626691257 0.8976736128269335 180.40913976918387 -0.49430632338999786 0.7620697485883394 -0.41822357291664697 150.6440355394493 -0.8638926273530609 -0.4841677400591163 0.13882048800905947 1122.3586436577914
-0.09676075551460525 0.43039618671364094 0.8974388439635315 181.00309675446906 -0.4951613298716931 0.7613521351367096 -0.41851903627250664 150.3491368096564 -0.8633959772850106 -0.4848732296024709 0.13944654037634294 1122.4717193055849
-0.09719680780313082 0.4308388987506907 0.8971792596110176 181.54174212834144 -0.4959858851264376 0.7605675238376892 -0.418969024438261 150.08116376756251 -0.8628735610205153 -0.48571070093904495 0.13976527710800277 1122.5735802554361
-0.09828252263460326 0.4318021276862585 0.8965977181937278 182.0629575166207 -0.49706825590916576 0.7592202521130361 -0.4201282634491948 149.81924671937378 -0.8621274237095108 -0.4869615295965776 0.14001704889392352 1122.6735803903266
-0.09947231006471208 0.43177102233388914 0.8964814798996901 182.6267802850082 -0.49885344643887686 0.757907763648493 -0.4203820414544286 149.53680237217085 -0.8609590573926521 -0.48902924868977826 0.13999962649759923 1122.7804838119907
-0.10030718162826997 0.4322457421332894 0.8961596329457356 183.23999799853823 -0.4995102001557447 0.7570886166618559 -0.4210776489691698 149.2293778819042 -0.8604812776895036 -0.4898779898389801 0.1399697317892682 1122.892237032972
-0.10131543130278689 0.43448698615952625 0.8949615870180923 183.89132029108393 -0.4997493236333993 0.7556249471708222 -0.423416523934825 148.9058820952404 -0.8602242712850467 -0.49015507553335047 0.1405781100349768 1123.0048877945658
-0.10162022957096892 0.4327428606787473 0.8957717038808037 184.60738806231575 -0.4987321695916426 0.756945753820425 -0.4222550755025213 148.55110129188927 -0.8607784569541435 -0.4896598230453503 0.13890178450560067 1123.123511165794
-0.10221189089981737 0.430785803608732 0.896647266637145 185.3852313864057 -0.4996983428514218 0.757156994485758 -0.4207313297733304 148.16975087171826 -0.8601478335206258 -0.4910568980377665 0.13787250407278628 1123.2560344908607
-0.10259532408139366 0.42832127445334717 0.8977834289667497 186.17033666261054 -0.5007769011898677 0.7575903340010526 -0.4186638043380932 147.78707017595173 -0.8594746620531094 -0.4925421521848 0.13676817469666963 1123.3898672230828
-0.1023095468018655 0.4288232561863958 0.8975763876054752 186.93840279048197 -0.5022988828727178 0.7565590597002612 -0.4187054112980564 147.4129329545042 -0.8586201656716526 -0.4936891776605542 0.1379942280054855 1123.5208959716874
-0.10131561890111866 0.4297497764501953 0.897245938975313 187.73917791183231 -0.5029981140406073 0.7559913000135992 -0.41889145560077806 147.0232756056813 -0.8583286332392012 -0.493753262211761 0.13956960061907858 1123.65537280222
-0.10119984791061487 0.42992603602716045 0.897174561793212 188.5343619305882 -0.5038555574238593 0.7554464093225413 -0.4188440042483235 146.6340368978769 -0.8578392437024317 -0.49443333846703025 0.14016956080543072 1123.7897663692183
-0.10134079830664314 0.43082496138834964 0.8967273249117037 189.28243766385626 -0.5049664902783401 0.7543471674872109 -0.4194868229158042 146.26839075399286 -0.8571691118411506 -0.4953283795107541 0.14110602452306414 1123.9180246682158
-0.10109018458114592 0.43245789742021573 0.8959692748862748 190.02328768673945 -0.5061644530977553 0.7529569176742585 -0.42053944707569185 145.90854533628251 -0.8564918686138241 -0.49602020834373967 0.14277826134616398 1124.044938019871
-0.10055646858044531 0.4290330581686899 0.8976742346893177 190.79508964514346 -0.5069865544751094 0.7542244863134479 -0.41726497316054584 145.53159870643137 -0.8560683560371138 -0.49706745944955805 0.14167184105627942 1124.1804493071586
-0.10126432619342271 0.4297900246617369 0.8972324508965648 191.5924616554339 -0.5074746325334142 0.7533970694493812 -0.4181654613668598 145.1416634578427 -0.8556956430739077 -0.49766795199846686 0.14181528823784795 1124.3190830215297
-0.10275092298638654 0.4270706404777067 0.8983612390722385 192.4121646225715 -0.5074053835784346 0.7542992660844334 -0.41662020342285966 144.743139482944 -0.8555594804226456 -0.4986414395399232 0.13919299634854587 1124.4576482525874
-0.10457066383055434 0.43077758034295555 0.8963791901533114 193.2211585975061 -0.5062450235107527 0.7527508043316677 -0.4208113624281346 144.34778332491354 -0.8560262568616893 -0.4977920277102638 0.13936335498067529 1124.5912996021893
-0.10748105887435298 0.43293754940246454 0.8949932403658907 194.04450832806612 -0.5058042745596775 0.7511897636060311 -0.42411787853222066 143.94657134273206 -0.8559263156489619 -0.4982760453512729 0.13824299189720382 1124.7234659066282
-0.1103228138675502 0.43053605263321876 0.8958055503977148 194.9033833406111 -0.5062181473940859 0.751300121253607 -0.42342805180244353 143.5234992625193 -0.8553198606306563 -0.5001868002929722 0.13505961951461795 1124.8649911972361
-0.11352304652007347 0.42982152863599066 0.8957488327817247 195.75203926301427 -0.5069622901441292 0.7503140878492923 -0.4242852883929657 143.10418400411172 -0.8544599196455156 -0.5022770381929722 0.13272536541096738 1125.004229550052
-0.11604680200906196 0.4311241520649659 0.8947989188916884 196.58369856337293 -0.5061735579946196 0.7494534763587577 -0.42674092370059646 142.69445333122755 -0.8545884792872748 -0.5024454719469933 0.13125196680212617 1125.1341273141895
-0.11925311712506112 0.4318825968676457 0.8940112508122119 197.4191937663437 -0.5054554555359718 0.7486106471781081 -0.42906512489422305 142.2794469356214 -0.8545721014196985 -0.5030502176268613 0.12902326154879248 1125.2624064605857
-0.12197883855434423 0.430997147729737 0.8940708146415277 198.26690254762673 -0.5021986481778223 0.7501794352857368 -0.43014803573042 141.85502460554687 -0.8561061153346008 -0.5014701122930498 0.12494016873486001 1125.3872649641212
-0.1254639435544064 0.427415197572616 0.8953072365125498 199.10541970021768 -0.4990190286554952 0.7527804213835264 -0.42930367599330455 141.43458034493258 -0.8574606742629672 -0.5006374796852524 0.11884151642795529 1125.5045349085378
-0.1295617326794388 0.42811444467037246 0.894389053874029 199.91542638632433 -0.4971263519975158 0.75239727325132 -0.43216169815662536 141.02678419898635 -0.857950550774777 -0.5006159860297676 0.11534507773069534 1125.6125131162491
-0.13307323929850562 0.432977025782186 0.891528130867117 200.70303759731522 -0.4953916276447265 0.7500411229383931 -0.438207084790765 140.6274989149763 -0.8584163606561276 -0.49996920809798484 0.11468279169850609 1125.7132439732245
-0.13808858955815928 0.4283564234855976 0.8929962574907389 201.48936318255258 -0.4955362690138079 0.7507850500605872 -0.43676723171203485 140.2240439391492 -0.8575402891559747 -0.502824604672592 0.10859129527793011 1125.8171454519997
-0.14167961415519115 0.43166115338860034 0.8908397923241079 202.26073641055578 -0.49290686149465746 0.7496617546560699 -0.44164474354108046 139.82152384339355 -0.8584694012160958 -0.5016731029875983 0.1065569561993603 1125.9180290386048
-0.1432766117356958 0.43225577864439085 0.8902958802319992 203.05307661928097 -0.4909955752663612 0.7500186752636906 -0.4431651292966894 139.40715292998087 -0.8592992247165089 -0.5006265360368242 0.10477554016743179 1126.0224343353486
-0.1436528098031676 0.43192779054861924 0.890394437307109 203.89450554635556 -0.49023167481977503 0.7505176562288357 -0.44316605543765547 138.96668952874404 -0.8596724813782588 -0.5001616053242818 0.10393071403769148 1126.13639608406
-0.14240667011277153 0.43141355673707504 0.8908438041378853 204.74334450182292 -0.49088872728955846 0.7507512328883321 -0.44204167647031256 138.52416872861158 -0.8595048561395272 -0.5002548644242404 0.10486406864343621 1126.25184466145
-0.13997812289661013 0.43060070100407855 0.891621647003446 205.56050266979926 -0.4916107707563656 0.7514326798069144 -0.4400770134811963 138.09756421988382 -0.8594911140824395 -0.49993195938346924 0.10650380650630195 1126.3647424878786
-0.1376262017244324 0.4305077469092011 0.8920325714064868 206.34931783399747 -0.4928307450223113 0.7514428520027324 -0.4386929415146212 137.68683961625777 -0.8591722093734518 -0.4999967200144038 0.10874922811302429 1126.480023193088
-0.13503365666383635 0.4295392512278073 0.8928952588196712 207.15460655427546 -0.4940711665692097 0.7519355648417745 -0.43644769296104585 137.2666459803055 -0.8588711160197043 -0.5000889300721777 0.11068635004521248 1126.601268322049
-0.1309885100532505 0.4291012029140722 0.8937080999362854 207.98770840409446 -0.49503913556872353 0.7527323601497169 -0.43397033105824817 136.8351719294797 -0.8589401984360725 -0.4992656123158619 0.11382259823720049 1126.726168595024
-0.12673673050140413 0.42766610083204215 0.8950081046230429 208.84541229444253 -0.4972504330770617 0.7533346737401535 -0.43038224422655824 136.39940237195964 -0.8583005347467101 -0.49958840613042 0.11718198032793915 1126.8561705582883
-0.12306316780480751 0.4271332807912858 0.8957748696912178 209.6989232928751 -0.5009509953419131 0.7524573974588916 -0.4276166101490165 135.97144202553133 -0.8566817127707301 -0.5013631672249804 0.12137305118659612 1126.9872102729073
-0.12050349294974663 0.4284422059577844 0.8954977299473951 210.5095890363498 -0.5047547761274429 0.7503166845942228 -0.4269045429555259 135.56706869861557 -0.8548108119130483 -0.5034502447844877 0.125842468439689 1127.1157515419595
-0.11901252292792858 0.4297712772347739 0.8950601480628664 211.3098616689103 -0.506849705560787 0.7488664836032806 -0.42696881116610735 135.1666044441293 -0.8537794770075423 -0.5044756079332758 0.12870495577513275 1127.246379345123
-0.11797044053778022 0.4327185788252732 0.8937771571811163 212.1219820805068 -0.5098963681807939 0.7459471685148314 -0.4284489648729937 134.76059851472232 -0.8521083668614913 -0.5062780395436296 0.13264191569975387 1127.3797763832004
-0.11701580974200394 0.43467137371662334 0.8929547004981421 212.92344310304424 -0.5126349886817547 0.7436514570164751 -0.4291711533369044 134.35815205432985 -0.8505954788556542 -0.5079796328088132 0.13580877733689709 1127.5150698243467
-0.11657113637075393 0.43699769386355997 0.8918767772081305 213.70487564946646 -0.5147626334006142 0.7413858904830117 -0.4305419754764619 133.96411830338403 -0.8493707090662446 -0.5092936058411116 0.13852588794035056 1127.650847485961
-0.11624901099295047 0.4383989526210509 0.8912309048635635 214.47224997979566 -0.5159766377194206 0.7400733045371838 -0.4313462799644529 133.577915266067 -0.8486779582214456 -0.5099979041644953 0.14017082783839013 1127.7860037307719
-0.11709908293585836 0.4382309597202005 0.8912022389549371 215.17433221572531 -0.5178996672149202 0.7387478612596182 -0.4313137282570685 133.2240844137367 -0.8473887770523368 -0.5120597850125036 0.1404529711280359 1127.9122727199579
-0.11786941096216076 0.4413879460395306 0.8895411643372314 215.86120103396482 -0.5198044026017499 0.7358335740719814 -0.43399577682771195 132.87873848206414 -0.8461147587622321 -0.5135422400927286 0.14270312766464266 1128.0358182195578
-0.11933336543330333 0.44208779684237504 0.8889982720891061 216.5849033682535 -0.5231878947026135 0.732992395115543 -0.4347373638640046 132.51696030088922 -0.843821056107874 -0.516991807078056 0.14382453435752052 1128.1685390059417
-0.12035432943783064 0.44218582581515326 0.8888118647012655 217.33183591410875 -0.524934857090109 0.7315644947203048 -0.43503653395595315 132.1391341749284 -0.8425901917286696 -0.5189268595021801 0.14407179907895853 1128.3056283099818
-0.1209362106481575 0.44196770399085106 0.8888413703148158 218.12672677295802 -0.5255217147569352 0.7311338704435077 -0.4350519403579574 131.73495449941376 -0.8421409384853548 -0.5197189741767668 0.14384306590049575 1128.4477870415014
-0.12238308769221687 0.4457654812244557 0.8867443349667637 218.93317159492972 -0.5263114517613598 0.7283370417133047 -0.4387726169819157 131.3197419294346 -0.8414384324427832 -0.5204020459385615 0.1454753415228522 1128.592883232305
-0.12304417610606032 0.4498359814450584 0.8845946645349729 219.72051910383547 -0.5270969422735508 0.7256227169289426 -0.44231265652537016 130.91517557455617 -0.8408501318143758 -0.5206911392313299 0.14782352097594614 1128.730147626768
-0.12372405689126736 0.4442575586377565 0.8873148141102943 220.44862207349982 -0.5303381652585928 0.7261651043260028 -0.4375221956990895 130.53683063639193 -0.8387095970695192 -0.5247089315538904 0.14576264587012297 1128.8673169886667
-0.12266488786915015 0.4434973213191508 0.8878420193180689 221.08547648665572 -0.5307528471380545 0.7266060761738404 -0.43628548603191203 130.20186439972872 -0.8386028503045391 -0.524741589784908 0.14625841312932952 1128.984208992067
-0.12032215017634536 0.4503768227105864 0.8846939005905136 221.66547450745148 -0.5294532428848973 0.7247342239193739 -0.4409530227571258 129.89455423644796 -0.839762968804654 -0.5214604704530339 0.15125188917594934 1129.0863214355893
-0.11903657102529876 0.45505789599673163 0.8824696063035635 222.2879275196201 -0.5311592816885801 0.7217304133691606 -0.44381868808563013 129.56854334901502 -0.8388683521474688 -0.5215625769828662 0.1557959115522012 1129.2025814569677
-0.11688440078085344 0.4574474573893692 0.8815213330272283 222.99685662144276 -0.5306232770832252 0.7215318658943499 -0.44478163666733594 129.1953123134701 -0.8395099610317668 -0.5197437736298715 0.1583964491439809 1129.3362145648412
-0.11433655377892732 0.4597156024092063 0.8806751486056017 223.7311735102004 -0.5298077329703534 0.7216843432278143 -0.44550586396213754 128.8065873452612 -0.8403754628466803 -0.5175261091397989 0.16104598040264206 1129.4755117610905
-0.11272121579073704 0.461555566753997 0.8799206704635677 224.42720491753317 -0.5297066544156024 0.7213177957186988 -0.4462191141662858 128.43766130499407 -0.8406573545615875 -0.5163981955602811 0.16318123618724772 1129.6114012517412
-0.11217558411843548 0.4626070740329066 0.8794380781967542 225.12216747999102 -0.5297766418076759 0.7209111588170164 -0.4467928053226527 128.06845350541442 -0.8406862364298991 -0.5160249956618572 0.1642097918198281 1129.7490521389384
-0.1118550061983934 0.46449980865510426 0.8784807256552237 225.86744256135415 -0.529851060090417 0.7200020397596393 -0.4481684023478427 127.67205375436342 -0.8406820514971266 -0.5155938231799626 0.16557988340752947 1129.8974332867742
-0.11275272356082894 0.46279101003561685 0.8792674816913386 226.68737024264007 -0.5309916383471772 0.7198902680404196 -0.44699651227506365 127.23699353306479 -0.839842070472178 -0.5172837548298869 0.1645685682446616 1130.0655295725408
-0.1144651673407586 0.46207642194273896 0.8794220293751162 227.55546048641665 -0.5323070245064094 0.7189036988407872 -0.44701980208282177 126.7777829518225 -0.8387770604438248 -0.5192907201921008 0.16367709306920347 1130.2426884356544
-0.11604929483574968 0.46270734549571185 0.8788825141009672 228.39971839826075 -0.5341372436932539 0.7169455291586092 -0.4479804829668955 126.3337615600537 -0.8373947492478666 -0.5214317027605763 0.16394820306519858 1130.4128451486142
-0.11581419414566607 0.4619114377955572 0.8793320738310588 229.22694940040182 -0.5348559040937053 0.7169773954939266 -0.4470711086693573 125.89651534544139 -0.836968478671983 -0.5220931315238565 0.16401990039357542 1130.579323307875
-0.11497088052219545 0.4618330984061868 0.8794838746949782 230.0397881981922 -0.5357820567065287 0.7167064771777962 -0.4463960274047169 125.4645760486536 -0.8364922500198502 -0.5225342235566344 0.16504151256212038 1130.7421149216711
-0.11426622069414409 0.4615470514493571 0.8797258380351696 230.85314759551753 -0.5368328060433881 0.7164179123865934 -0.4455961323521727 125.03337081750121 -0.8359149293820857 -0.5231822761811034 0.16591123146460293 1130.9056748337523
-0.1128153920687822 0.46317647743701995 0.8790564475967402 231.64928666565422 -0.5365929469717288 0.7162014474970433 -0.4462325580494244 124.61303622031272 -0.8362659245554374 -0.522037390760637 0.1677386838963037 1131.0615310146259
-0.11261089319183341 0.4612007322914526 0.8801208276528655 232.3854884574706 -0.5368381765664149 0.7171133041284886 -0.44446966288236844 124.22684678816344 -0.8361360887531302 -0.5225345860091465 0.16683539045677961 1131.2089444718533
-0.11241487010215363 0.4628830027392582 0.8792623173746293 233.05396373303273 -0.5368165301245142 0.7163375865267322 -0.4457448542766709 123.8756568465767 -0.8361763629552024 -0.522110896174505 0.16795625064540873 1131.34208406961
-0.11245338180979779 0.4616697545419219 0.879895036160985 233.7050123308367 -0.5368039502071168 0.7169474398270831 -0.44477847021570627 123.53375176401178 -0.8361792606621938 -0.5223479743107969 0.16720298374081863 1131.469739306211
-0.11244930247426428 0.45872676486541425 0.8814334402376404 234.34800366620297 -0.5376754608617241 0.7178854977642102 -0.4422052813874595 123.1971927606126 -0.8356196821282884 -0.5236508066411658 0.16592040122864093 1131.5992080106103
-0.11228571345365412 0.4562056623729421 0.8827617527810483 234.9555446145627 -0.5410054286731858 0.7171008682159029 -0.4394080915847343 122.88114809414692 -0.8334896788205264 -0.5269181515405065 0.16628955732934775 1131.7270400479251
-0.1107345842569696 0.4584984817085902 0.8817692408563327 235.54979232514182 -0.543174818830488 0.7150741244311327 -0.44003421771211493 122.57537729999648 -0.8322853885764789 -0.5276818538096294 0.16986139385431634 1131.8488667091042
-0.10926173109401248 0.45625938617127937 0.8831133826689224 236.1176416453839 -0.5449218825079447 0.7155422157291452 -0.4371035111657427 122.28384331822672 -0.8313374862727743 -0.5289864932491503 0.1704443424629582 1131.9666515805068
-0.10752842174984989 0.4556593205185794 0.8836357972267377 236.6920631021136 -0.5466681978371628 0.7152712130930827 -0.4353630360903597 121.98910839588763 -0.8304164738186812 -0.5298694889733667 0.17218247490859528 1132.0877122884372
-0.10596927432020325 0.45258987961655245 0.8853998609491215 237.30310146268852 -0.5487626956006886 0.7159246639103793 -0.4316380190876076 121.67404097100105 -0.829234596973084 -0.5316147820306406 0.17249842523744924 1132.2203773313454
-0.10255500202885906 0.4525339550038504 0.8858303963668404 237.832110220602 -0.5499301191479223 0.7162676503217533 -0.42957830154292465 121.40009464441644 -0.8288904243703206 -0.5312002190051581 0.17540522146179152 1132.3336226086137
-0.09851519522983804 0.4509310643337849 0.8871053666434594 238.2931912829862 -0.5524108257421246 0.7166994560115492 -0.42565733795583865 121.1648020113782 -0.8277300501442052 -0.5319803238575179 0.1784934147713018 1132.4355728514554
-0.0946185587772927 0.4510365372968448 0.8874758421265221 238.75155003779156 -0.5541409594758918 0.7167352089319073 -0.42334198623390834 120.93074832541522 -0.827027886691884 -0.5318427232750366 0.18212136704227566 1132.5400376589664
-0.09159817571239087 0.4507038070635157 0.8879616278334411 239.28257275575726 -0.5557074891989479 0.7168099112367345 -0.42115642889665533 120.66112299050593 -0.8263165015019129 -0.5320240872848127 0.1848010007938247 1132.6623207142811
-0.09003317860669455 0.44816198205424823 0.8894070297626292 239.89958237497936 -0.5570746481764862 0.7176048588568029 -0.417984572567158 120.35004582199883 -0.825567600568855 -0.5330985878674936 0.1850514320524578 1132.805277175183
-0.09211435977252914 0.4459579074438468 0.8903013475851883 240.53969933793636 -0.5594161624442715 0.7164872402944397 -0.41677282983824665 120.03255612887138 -0.823752694635847 -0.5364397256762063 0.18347729776900293 1132.9560710371902
-0.09602749600796107 0.44517607779499146 0.8902791583371524 241.17794363237107 -0.5597759325990536 0.7154213293483819 -0.4181186754932763 119.71576484969357 -0.8230611309576575 -0.5385077355734661 0.18049873527046534 1133.0991571616596
-0.10168634189383516 0.4458280724971777 0.889324022865514 241.82766764538326 -0.5579533240518993 0.7145580154595403 -0.4220129508936394 119.39013077364622 -0.8236188293450336 -0.5391142479252192 0.17609046434244946 1133.2379475441724
-0.11102952124661546 0.4449721932033223 0.8886350165774318 242.48181605284375 -0.5537908647241034 0.7147707390229058 -0.42710475153617367 119.05825881808407 -0.825220045539294 -0.5395391903397515 0.16706088269744315 1133.368848129104
-0.12282497427210567 0.440692166390929 0.8892156319907598 243.15388526184387 -0.5493456834389693 0.7160203262235298 -0.43073682512842976 118.70944772685677 -0.8265188115112841 -0.5413920085450283 0.1541471611855123 1133.498253863404
-0.13533575050807137 0.4394325976747818 0.8880220868510031 243.84804529146624 -0.5434888971007517 0.7164691976624794 -0.4373690747287574 118.34239887757033 -0.8284347007233719 -0.5418218165611982 0.1418628412788153 1133.619915891699
-0.1504786204711504 0.43418072505163074 0.8881684990894125 244.52291744667554 -0.538153432788607 0.7176529199965553 -0.44200132262048025 117.98596592099761 -0.829305171549614 -0.5444826759540273 0.12566442625900412 1133.728166008049
-0.16995509107622694 0.42959115828745437 0.8868859586996035 245.2105461366352 -0.5313672119110976 0.7179858323295586 -0.449605639065899 117.61214859156445 -0.8299181604972233 -0.5476748864931407 0.10624530851585014 1133.8253821653996
-0.19546614311717053 0.4327405769311258 0.8800730537700914 245.900425053367 -0.5213080225741495 0.7142540540363563 -0.46698939162732317 117.22412936036075 -0.8306810052569664 -0.5500697586397078 0.08597864929926938 1133.904788464681
-0.22480002906783317 0.43155264036643187 0.8736287916065166 246.5844320812585 -0.5085488989145723 0.7128202567286781 -0.4829754641905064 116.82048277359279 -0.8311696363221371 -0.5528558584206399 0.059223605649275445 1133.9596944221366
-0.25460004999807667 0.4302260512882687 0.86607410729907 247.28530733242368 -0.4933785323280841 0.7124709732598528 -0.4989616579457199 116.39050230474376 -0.8317189659847603 -0.5543380350066757 0.030869152339773404 1133.997612157644
-0.2845419731866819 0.42984084559164504 0.856897142576686 247.96533100607704 -0.4780612879953338 0.7111539632001721 -0.5154778807523446 115.9570655442959 -0.8309592471446889 -0.5563244449830943 0.003137116348036593 1134.0117524595498
-0.31509846159711336 0.42661212986901037 0.8477706353417529 248.60717386928036 -0.4609493154629 0.7120456884672824 -0.52963824079218 115.52431388860492 -0.8296015236686902 -0.5576674889069475 -0.02771793179161062 1133.993281999998
-0.3474752679028668 0.426930453821805 0.8348600636006844 249.23668972034562 -0.4427452444316293 0.7101417719221605 -0.5474260793060817 115.08924401851972 -0.8265818693444732 -0.5598473464889886 -0.05773527431503032 1133.9565940125437
-0.3759463782007809 0.4234895274298308 0.8242092822062697 249.8889640750341 -0.42602947703587296 0.7108870399129366 -0.5595877957750338 114.62723658659965 -0.8228992680846497 -0.5615124545734327 -0.08683638606404526 1133.8943555424157
-0.40033165178873187 0.4205876344000078 0.8141502382029445 250.54838988041712 -0.4092782653038591 0.7128499024168369 -0.569505327608239 114.1450332436472 -0.8198938163725629 -0.5612050056923152 -0.11323900149648226 1133.8073134232448
-0.42273865922703696 0.4214443527246653 0.8022946363720846 251.22955122333607 -0.3915194216236105 0.7134787303327309 -0.5810857456987784 113.63168983932373 -0.8173154644850648 -0.5597613410367692 -0.136611392622572 1133.6923389942936
-0.4396704258711512 0.42211813505465906 0.7927838272015 251.9603879501307 -0.37722951049148895 0.7142606918581093 -0.5895163784668958 113.06831364299255 -0.8150998791734841 -0.5582543722393511 -0.15480388511603116 1133.5512159778336
-0.44991180021986626 0.42564320410481926 0.7851160645549823 252.72765764632612 -0.36812314373413585 0.7125710004609221 -0.5972670427450479 112.46987775813085 -0.8136735973780963 -0.5577368842935743 -0.16390498719771063 1133.3936576168476
-0.45644630476030346 0.4274117967540742 0.7803690965601592 253.4741091540796 -0.36254778937774035 0.7116074800572553 -0.6018088523309327 111.88088585268052 -0.8125366891950013 -0.5576145176750845 -0.16985340264477033 1133.2352049946292
-0.46023600664393566 0.42981449281187223 0.7768154993029665 254.20790065075528 -0.3580962170554511 0.7107827500879352 -0.6054378428113036 111.29591882153001 -0.812373016242548 -0.556818986697028 -0.1732128705803295 1133.074451632416
-0.4606304928966979 0.4319170748278576 0.7754142051096903 254.97876948070675 -0.35427092333273175 0.7115437030855168 -0.6067929395438952 110.68078363305004 -0.8138253264028563 -0.554214037237868 -0.17474306576738804 1132.9020286580692
-0.4597692454277734 0.43273060063987484 0.7754717713937946 255.79170680641903 -0.35240234056252756 0.712634028239024 -0.6066014607317328 110.0306810082434 -0.8151225866854783 -0.5521747631553575 -0.17515193293109288 1132.7224834121541
-0.4581031370677089 0.4321558524183198 0.776777210678403 256.6528710414082 -0.35048784639652025 0.7152519527833372 -0.604626259409852 109.3384374047386 -0.816884193345085 -0.5492321578897381 -0.17619378934210472 1132.5309817979314
-0.45731203957809935 0.43216694927845617 0.7772370464718418 257.52994422781825 -0.3501648252649574 0.7158735147870063 -0.6040775661896884 108.63743128929882 -0.8174657751882204 -0.5484130184248458 -0.17604791284781063 1132.3372470615445
-0.45678378577630036 0.43018881574697626 0.7786437926665093 258.38201749758997 -0.35133431077002547 0.7168971586550127 -0.6021815888817247 107.96097688304302 -0.8172593071526438 -0.5486310661260296 -0.1763269070612748 1132.1537853631587
-0.45611895749645043 0.43182368504546825 0.7781283966326537 259.1942300318021 -0.3523864313783194 0.7152700542657375 -0.6035002505808423 107.31605935493701 -0.8171776426168313 -0.5494697939872958 -0.1740794241223123 1131.9822626690284
-0.4555499370027161 0.4325781455844411 0.7780426741892428 260.00443669558916 -0.35307817528238117 0.7145163358112115 -0.6039885826720415 106.67432580678495 -0.8171964617128997 -0.5498568484811714 -0.17276396945622083 1131.8116799762615
-0.4545523229223482 0.43167354195941127 0.7791278065234961 260.8283750762083 -0.3538790273216861 0.7151986612331078 -0.6027109663779356 106.02109020314923 -0.8174055417892344 -0.5496806601496788 -0.1723349996653618 1131.640613204165
-0.45356022295098797 0.42983142979834366 0.7807227844210533 261.6555567000882 -0.3564337089616051 0.7154153093675613 -0.6009458762970156 105.36742943960255 -0.8168464575870554 -0.55084106335678 -0.17127751646801026 1131.4737426190188
-0.45293225508131746 0.4315841111382037 0.7801202005588624 262.4724781614379 -0.3589894091143559 0.7126634109693651 -0.6026918506245401 104.72140056078636 -0.8160753497384144 -0.5530334688593054 -0.16785412080365258 1131.3115204223286
-0.45108131070076163 0.433523439984753 0.7801173489419845 263.2810170560944 -0.35918402719273324 0.7120010475359194 -0.6033583867962398 104.08419548184017 -0.8170143730351936 -0.5523693830142468 -0.1654556706866496 1131.1460398625327
-0.45022202154853985 0.4304533756707939 0.7823106944727046 264.06433299682993 -0.36035437757975847 0.7140224221219327 -0.6002638613695075 103.46508099083854 -0.816972982338981 -0.5521610925090131 -0.16635286005176908 1130.9901823376367
-0.4498967917539237 0.4284525344226809 0.7835951138925694 264.83022375445483 -0.36196755147454623 0.7146312882357856 -0.5985662983780334 102.86323185557175 -0.8164388332563844 -0.5529290620154116 -0.16642440905621453 1130.8387162306205
-0.44897370423725697 0.42672157396754334 0.7850677112288719 265.62915011165825 -0.36232547703638035 0.7161836578139049 -0.5964907517897095 102.23786670167952 -0.8167881375202712 -0.5522586953511534 -0.1669355319133944 1130.6763589549646
-0.44892457757383075 0.4247199509158231 0.7861804417207409 266.4880818457911 -0.3630008538704659 0.7172696290128813 -0.5947727796268372 101.56900835938218 -0.8165152195393961 -0.5523922904872811 -0.16782626037288254 1130.5026525270302
-0.44879666663031065 0.4250449676333481 0.7860778126312233 267.37176136211036 -0.3629370952472845 0.7171322870559769 -0.5949772665869894 100.88343599089413 -0.8166138725952328 -0.5523206119197711 -0.1675819940613727 1130.3221737474653
-0.4481077822908463 0.4263430332768446 0.7857677986699886 268.2696157971641 -0.3634860126942197 0.716130597467222 -0.5958480393077543 100.18479431248755 -0.8167480235825703 -0.5526197475186165 -0.16593396465589894 1130.143320256752
-0.4467222541873724 0.42647463374063 0.7864849740392686 269.1769352196055 -0.36479770318700916 0.7158536385263478 -0.5953790422563342 99.47622730648015 -0.8169221892954268 -0.5528769799732893 -0.16421078421462232 1129.9653445005545
-0.4455644114488712 0.42707720390812876 0.786814728606574 270.0857282011879 -0.3653556695674991 0.7156129484786915 -0.595326248946337 98.76735219295226 -0.817305077657727 -0.5527234117274649 -0.16281658442323246 1129.787887253921
-0.44532004984383783 0.42546298958462014 0.787826946543973 270.9984197970105 -0.3672285833725529 0.7156887908139362 -0.5940814104628017 98.06114087549308 -0.8165985676948421 -0.5538689368406605 -0.16246839705532942 1129.6113069133714
-0.44479497199498735 0.42285229870194835 0.7895273056522223 271.89652738578576 -0.3698908525679363 0.7161109266788015 -0.591917137678739 97.36858977134268 -0.8156826527973619 -0.5553206948905349 -0.16211334230022925 1129.440001580665
-0.44479099138790174 0.4184623936587934 0.7918650131641891 272.77703534893334 -0.3749480173241079 0.7159321774319489 -0.5889440564453184 96.69401253038389 -0.8133725826980436 -0.5588652274125679 -0.1615385381393935 1129.277200596905
-0.44401017172661306 0.41876435191831324 0.7921435381076711 273.6596406128073 -0.37703921858743683 0.7146681218217693 -0.5891442126497698 96.01898827330119 -0.8128323289893656 -0.5602552036475694 -0.15942933147806723 1129.111144017626
-0.4403532340578607 0.4262120092339081 0.7902103216483437 274.5589579141202 -0.3742262937656514 0.7129067106410242 -0.5930587685697066 95.32973242438082 -0.8161150104667878 -0.5568728266918668 -0.1544310350383121 1128.9301508506824
-0.4387318698136391 0.42383802792160397 0.792386062785909 275.48503152042775 -0.3747060501347475 0.715180362592309 -0.5900105295287084 94.6212215843594 -0.8167678509847469 -0.5557682745981987 -0.15495774439471774 1128.754056766731
-0.4393256909621026 0.41713532985884916 0.7956073490385951 276.41205943574914 -0.37771087297073397 0.7177898578076478 -0.5849035958755598 93.91804903107369 -0.8150628403383108 -0.557472722751549 -0.15778697565901592 1128.586889011133
-0.4405504413386463 0.41341862783837774 0.7968690901224351 277.35086822283455 -0.38056785889755135 0.7179379021044986 -0.5828664285202247 93.2098025842772 -0.8130703619063082 -0.5600448257756016 -0.1589540176010663 1128.4150159975804
-0.44141996714880566 0.4148145635370326 0.7956615426674393 278.2689193014707 -0.381415887762204 0.7158890758002439 -0.5848288225732724 92.51498320752916 -0.8122009192095975 -0.5616330733027156 -0.15779086731376665 1128.24256897976
-0.4404508524828508 0.41811936230276436 0.7944679008082456 279.1682845304705 -0.3801398338691653 0.7148276583124881 -0.5869541086127652 91.82550153336372 -0.8133245067333525 -0.5605333333344363 -0.15590262655880383 1128.0690464847657
-0.43989017741673786 0.4178502268638609 0.794920008379517 280.0701940549581 -0.3797109579535295 0.7156065469729979 -0.5862822343712907 91.13352414285477 -0.8138281269545073 -0.5597396339720838 -0.15612598098495753 1127.8953587929493
-0.4404332837633781 0.4173931776182487 0.7948593950071605 280.96653282657627 -0.380862982065624 0.7148740374110301 -0.5864285971264795 90.44810231924382 -0.8129956404836903 -0.5610151922304726 -0.15588470945259372 1127.7264008694951
-0.44049385063421587 0.41626783149198865 0.7954157780798662 281.88240761429535 -0.3821869348960354 0.7147578717231725 -0.5857084015143815 89.74930779642725 -0.812341254860427 -0.5619984673241715 -0.1557543205727173 1127.55199783965
-0.440684838185399 0.41462349462317305 0.796168469044069 282.81096585449757 -0.3822298672240359 0.7158398893308667 -0.5843574089927035 89.03917090656799 -0.8122174597947297 -0.5618368184350679 -0.1569783024986484 1127.376280170969
-0.44281839992509503 0.4133988719971629 0.7956212901369923 283.72046600893566 -0.38192230211727596 0.7158669408448488 -0.5845253443186833 88.34851188615389 -0.8112010970364976 -0.5627040924295029 -0.15911280441834977 1127.2034774688473
-0.446061407998812 0.4099819294885445 0.795577801215549 284.60441021672455 -0.3806778253958186 0.7175861090407469 -0.5832277165598949 87.67488547620087 -0.8100084033798824 -0.563014203732562 -0.16401644078982638 1127.030855918118
-0.44784761125613454 0.4164309098220833 0.7912128755505223 285.43129751201485 -0.3768000329870671 0.7145959158517945 -0.5893847743103628 87.03827564853908 -0.8108355272391051 -0.562083600892862 -0.1631188933698233 1126.859880534568
-0.44948136884627227 0.41937971994549306 0.7887250151722851 286.26981957333663 -0.37218115135705987 0.7147388621717815 -0.5921398056843649 86.38537650861103 -0.8120638457871479 -0.5597043946583106 -0.16517657511148737 1126.6804325958838
-0.4518493329750687 0.4187514993081411 0.7877051238357978 287.1497744780963 -0.3685453692470083 0.7164882327025367 -0.5922996903640748 85.69266421750189 -0.8124078354475477 -0.5579352957341723 -0.1694158040958726 1126.4977203442563
-0.45266967061970753 0.42053428822839567 0.7862830798925298 288.0475335309072 -0.3654723936113143 0.7168270221409007 -0.5937920089026312 84.98554679231103 -0.8133388585387152 -0.5561563923509685 -0.17079217908936792 1126.3088969928222
-0.45372394166716357 0.4213902331352981 0.7852164390639002 288.98157028544824 -0.3627063693732882 0.7175235160586936 -0.5946461918812015 84.25110206734217 -0.8139893576540532 -0.5546082178627971 -0.17271667639516808 1126.1085690749571
-0.45574510285167436 0.42180719320950694 0.7838208296437615 289.91858035717394 -0.3609769926206445 0.7173405235428038 -0.5959179340159924 83.51275205639308 -0.8136289154309047 -0.5545279659675001 -0.17466173861116882 1125.9098526903072
-0.45750232503664534 0.42132048293396496 0.7830585375604778 290.86321244209245 -0.35848463343513903 0.7184975210615138 -0.5960285897667417 82.76887964713477 -0.8137446713662313 -0.553398918402222 -0.17767736753541316 1125.707151236114
-0.4596742064227621 0.4191475956963075 0.7829526914007057 291.81033045758306 -0.35786007233395606 0.7194509484585043 -0.5952533085933178 82.02552070038841 -0.8127950495535378 -0.5538100990268797 -0.18071685487828482 1125.5054072703758
-0.46201308009793074 0.4170949413226319 0.7826721687536189 292.7090263227672 -0.35663558937567974 0.7206339232450063 -0.5945568139876705 81.32148685956145 -0.8120067550267565 -0.553821775115045 -0.1841913982772725 1125.3094447049077
-0.4638274594352795 0.4173748012514037 0.7814488871027749 293.5688966809177 -0.35437248261474197 0.7210226754949294 -0.5954380278312729 80.64806676404731 -0.811963195864983 -0.5531044898592707 -0.18652397126974932 1125.1138055173546
-0.4643599376556308 0.4190456202401729 0.780237538482985 294.44091449270275 -0.3516577363859482 0.7213164304773813 -0.5966904084726665 79.96595455524294 -0.8128386584927957 -0.5514556875043517 -0.18758981843035674 1124.9093579457394
-0.46614722018447685 0.4176205305516956 0.7799358060609892 295.3193778854764 -0.349934796581327 0.7226477153092802 -0.5960922057029938 79.27864208515004 -0.8125591715412902 -0.5507934023025303 -0.19072026825729346 1124.7032315824608
-0.4684270166144876 0.4164583849292646 0.779190954598267 296.1853757670119 -0.3485023284175597 0.7233255969826086 -0.5961092247543981 78.59782637121043 -0.8118634473808927 -0.5507835276874757 -0.1936885345985942 1124.4971153905858
-0.47062146760003315 0.4170520737891118 0.7775493566212963 297.02728975696766 -0.3468100508522125 0.7228768008662425 -0.5976386193991062 77.93082212401741 -0.8113188170268665 -0.5509234960660028 -0.1955634899988681 1124.2925458226846
-0.47347960825241886 0.41639368953053724 0.7761658043796326 297.8617477986326 -0.3452499520753707 0.7229485068519064 -0.5984546156832199 77.26699843217327 -0.8103206347866796 -0.5513272637551535 -0.19854147445600975 1124.085913695805
-0.47684265207113463 0.4132733183563255 0.7757746125650913 298.714292729098 -0.344276971179662 0.7242500940546498 -0.597440514509341 76.58932518774914 -0.8087610600672624 -0.5519664533253638 -0.20307284929870664 1123.874202496666
-0.48026700902760194 0.40986414609560184 0.7754708129807362 299.6211969734191 -0.3436088809455781 0.7255285567002792 -0.5962727985978685 75.87191385023135 -0.8070170611424555 -0.5528288118013853 -0.207614469310934 1123.647738355887
-0.48275907069735063 0.407406579479888 0.7752183941676872 300.55203235810404 -0.34269632544397205 0.7267297275575428 -0.5953344703705102 75.13716496316412 -0.8059174326111992 -0.5530676107680109 -0.21121863017436565 1123.4104570390405
-0.4834031448292541 0.4084410159904839 0.774272133055199 301.44142221542006 -0.34072682983085933 0.7269447112731793 -0.5962018233663529 74.43119820161976 -0.8063663106818122 -0.5520211256905065 -0.2122405469951187 1123.1758207689838
-0.48347844519922384 0.4119908925551139 0.7723419563116981 302.30652557008995 -0.3379705319927837 0.726045098691867 -0.5988609472740971 73.74241637403692 -0.8074803480780526 -0.5505651815336275 -0.21178637432702985 1122.9411038615278
-0.48374330911111907 0.41052579282274887 0.772956004127969 303.15969282783107 -0.3357830935253573 0.7285273530794968 -0.5970742080491505 73.06470394694503 -0.8082339543676462 -0.548376211411686 -0.21457261187067053 1122.710244674544
-0.4845732516037353 0.4096062477022058 0.772923984408235 304.0141921162663 -0.33524091224225044 0.7291704438715172 -0.596593659489602 72.38571216127646 -0.8079618150563576 -0.5482090710919807 -0.21601972082035006 1122.480795286241
-0.48712002172612645 0.4081987440026565 0.7720672702738998 304.87606944548446 -0.33582067835872226 0.728524543978939 -0.5970564971650201 71.70405484779147 -0.8061876682387437 -0.5501143283126986 -0.21779731257488927 1122.2494392202052
-0.489524102445008 0.40516079611941574 0.7721469305859409 305.71887465786386 -0.3355329318208876 0.7297988462678283 -0.5956603861680105 71.03785751328192 -0.804850175367494 -0.5506708393169434 -0.2213093354038312 1122.0210443725086
-0.49175005490418805 0.4041611276680246 0.771255902009079 306.57175926560853 -0.33559883829055975 0.7293471198249323 -0.5961763149782955 70.36187279275212 -0.8034645625288969 -0.552002320362139 -0.22302048129053287 1121.7873550343413
-0.4924454603621565 0.408985872592765 0.7682629918122035 307.42580247051205 -0.33367765228441615 0.7265447162674401 -0.6006596370906093 69.67968327293421 -0.803838723211728 -0.5521443029529495 -0.2213142014917674 1121.5465792439747
-0.4914036997101325 0.41297282518444073 0.7667958330418696 308.28278110093913 -0.3303025871314721 0.7262877313534298 -0.6028319270076377 68.98942327751813 -0.805867609998967 -0.5495084866903044 -0.22049448566774296 1121.299205340093
-0.4916393301953154 0.4094915688397657 0.7685098724507372 309.14029618790147 -0.3291636325050221 0.7296632725411848 -0.5993686776438895 68.2967725189058 -0.806189848634425 -0.5476387164487505 -0.22394143030079505 1121.057565721222
-0.4918573197092095 0.40660775554150913 0.7699003248356037 309.9922915527925 -0.32987562893442285 0.7313069154669679 -0.596969232729213 67.61369789873808 -0.8057657516199036 -0.547595040631016 -0.22556867023752558 1120.8178558158374
-0.4912541964119546 0.4054106172582029 0.7709160433678669 310.8404591844493 -0.32958936519464666 0.7327443830139382 -0.5953625110066221 66.93508881626099 -0.8062506836327218 -0.5465600612703465 -0.2263447250675874 1120.5756847327866
-0.49017405878401143 0.40459958811440955 0.7720288630568535 311.6796052408932 -0.3293029635774751 0.7341267211298057 -0.593816062011032 66.26589318733215 -0.8070247519588835 -0.5453046218590573 -0.2266140311296968 1120.33694464016
-0.48901003170794544 0.4024291310235453 0.7738992075151825 312.54767708137837 -0.3299726255529135 0.7359407128621972 -0.5911931440211354 65.57709613193765 -0.8074572776777156 -0.5444649315204001 -0.22709179436909704 1120.0926128662827
-0.48804983214435244 0.40113079326919737 0.775178333053171 313.44160862886355 -0.3305148933233045 0.7370580340067484 -0.5894958522310303 64.87273718020961 -0.8078163569991328 -0.5439113357867531 -0.2271413484315814 1119.8417541927297
-0.4874505369262331 0.40041363559723486 0.7759258305264305 314.31080308578413 -0.3310872414109587 0.7375238452231319 -0.5885913831361825 64.19129480818566 -0.8079438177405686 -0.5438083285083901 -0.22693454831669702 1119.5962505245907
-0.48710400278912447 0.4000949908225266 0.7763077281500772 315.16204066857597 -0.3314445094248595 0.7377017698768004 -0.5881671836244757 63.52438150298533 -0.8080063289596954 -0.5438015235721183 -0.22672819701509772 1119.3558347844214
-0.4867928919088046 0.40243634363605224 0.7752919899675911 316.02134651172076 -0.3302456921532503 0.7368889726759609 -0.5898579699917471 62.85107331460008 -0.808684402719182 -0.543175506875458 -0.22580944517293042 1119.1121935364351
-0.4873110810154512 0.40136213008410304 0.7755232755075137 316.89062175201315 -0.3295906589971222 0.7378808434621538 -0.5889837505003175 62.168509278570944 -0.8086395413417473 -0.5426235355989735 -0.2272923025372296 1118.8653729549835
-0.48879342976459833 0.4007950645970887 0.7748834100776548 317.7563778571814 -0.32983758500907573 0.7373886130785761 -0.589461789107175 61.48717526828368 -0.8076435788974848 -0.5437107222564842 -0.2282334330657801 1118.6209099669295
-0.4903820443097918 0.4013310773414842 0.773601200217833 318.5894594182005 -0.3308099419320457 0.7355056791729061 -0.5912665881168286 60.83390823032182 -0.8062817329801428 -0.5458614863354291 -0.22791446816341254 1118.3838696866546
-0.49142684788577484 0.3996284523867003 0.7738195869969051 319.4217454472389 -0.33071176556277687 0.7363318751627664 -0.5902923832624234 60.18291714507327 -0.8056856591099278 -0.5459967670804405 -0.22969142135113713 1118.145036683791
-0.4918636360276255 0.3971135772148668 0.7748360925675147 320.28237114787794 -0.33075450788310845 0.7379914600016594 -0.5881921968877339 59.50929259616986 -0.8054015266118402 -0.5455908831315176 -0.2316440570683508 1117.8948503284375
-0.4910844762271407 0.39833804945292434 0.7747017720173054 321.1519156057832 -0.33020702649827494 0.7378323983966042 -0.5886991349810862 58.826485606647964 -0.8061013316326172 -0.5449129749183373 -0.2308040140590411 1117.6414665375298
-0.49136364516339925 0.3981416341102937 0.7746257208482821 322.0200427924476 -0.3301803227509356 0.737856276911965 -0.5886841845078721 58.14403869612087 -0.80594213358021 -0.545024177270694 -0.2310972165790386 1117.3890105610092
-0.49224919723569505 0.39566618933482806 0.7753315384002306 322.85857293118625 -0.33058264519999864 0.7390071757772663 -0.5870123583386274 57.48699620733448 -0.8052365134004926 -0.545267513030955 -0.23297531354126924 1117.146901711202
-0.49229035091559525 0.3959168349026477 0.7751774443545607 323.66948119800924 -0.33036843558593687 0.7389412901058727 -0.587215860263639 56.85565313260761 -0.8052992655925477 -0.5451748615053119 -0.23297524164332206 1116.9091184306913
-0.4918224198116116 0.3989522519581159 0.7739171842181806 324.52579343783697 -0.33065554174749234 0.7366811576185625 -0.5898879425123416 56.20837989225864 -0.8054673302389856 -0.5460201211194701 -0.2304005365669904 1116.643845011303
-0.4890575619370975 0.3979619542671335 0.7761758718666952 325.42403625247 -0.33139235910492254 0.7383551652701484 -0.5873761607741349 55.52735424855016 -0.8068468289824359 -0.5444795063863963 -0.22921662611209345 1116.3681162773737
-0.4831371245480726 0.39929109862395584 0.779195185716065 326.3453960397611 -0.33282675228185404 0.7393890206608926 -0.5852608214220698 54.82737604078321 -0.8098178016374606 -0.5420982334280369 -0.2243315257944571 1116.0939994966702
-0.47636625313837516 0.3987224319570654 0.7836425301916349 327.2819361230887 -0.3374975602918329 0.7400709213969345 -0.5817133556140425 54.12220572398545 -0.8118932132170844 -0.5415860536950096 -0.21797696386338936 1115.8318771046277
-0.46979179808752963 0.3984056502110338 0.7877617687661719 328.21908554294583 -0.34210177237044487 0.7404712797069708 -0.5785055412613761 53.42328748228726 -0.8137948413394386 -0.5412718557333667 -0.21157205486612038 1115.5808923070626
-0.46282268090374956 0.3972426871479482 0.7924603545594833 329.1455102965457 -0.34787886440346205 0.740859998723143 -0.5745491780459691 52.738972066441754 -0.8153376366527058 -0.5415945991232002 -0.20469447588578818 1115.3439084332372
-0.4543485028147428 0.398081656135871 0.7969306325133464 330.04516447973896 -0.3535410015184995 0.7405522756125038 -0.5714814846785807 52.07799585644723 -0.8176650892849066 -0.5413994109096004 -0.19573063028417576 1115.1273866240813
-0.4461747207460166 0.39660632123419937 0.8022665046755272 330.93765731964686 -0.3595380205126034 0.7414827552604013 -0.566511902308609 51.432075640944895 -0.8195489798499471 -0.5412086008264437 -0.18823580960696934 1114.9222382770274
-0.43954033609283893 0.39273212028670684 0.807815433525815 331.8311701379105 -0.3659474049434612 0.743027728078823 -0.5603501513528532 50.7946349305329 -0.820296769323479 -0.5419144554273564 -0.1828713570692034 1114.7304655878888
-0.43391966037119667 0.3905908659381119 0.8118820750509644 332.7328286912356 -0.3709333855683182 0.7437691651860667 -0.5560718050658953 50.15901086949253 -0.8210494210546444 -0.5424446555770782 -0.17785287127762428 1114.5464127948217
-0.4304617945537215 0.38887229933408446 0.8145434170381654 333.62449004485836 -0.3758816202145162 0.7432273404295958 -0.553467368525784 49.53573187397897 -0.8206190657147177 -0.5444184560139099 -0.17376102479247618 1114.372158934869
-0.4286136839194252 0.38779588579349905 0.816029816194637 334.49430204194164 -0.3793268311545218 0.7424999471190787 -0.5520914631602539 48.93037810168803 -0.8200008933673695 -0.5461759601903016 -0.1711442531518806 1114.2049599036757
-0.4260242859852995 0.38884898163997283 0.8168841883818478 335.3594753215074 -0.3807473075018192 0.7420077258594983 -0.5517753370665696 48.32893337663829 -0.8206916568241858 -0.5460961492652816 -0.1680601088206273 1114.0386344756314
-0.4227375594435605 0.39055080625123073 0.8177793244954376 336.23782135616744 -0.3822835995106825 0.7413125912405089 -0.5516474341582982 47.71816643162742 -0.8216764602815724 -0.5458257137629126 -0.16407950760027748 1113.8744465801667
-0.42061400175750197 0.39116134095625954 0.8185821075902157 337.12666234570236 -0.385417538117698 0.7397682078959965 -0.5515399531290858 47.10401853308904 -0.8213021264046678 -0.5474813274693883 -0.16039642525793438 1113.714384183378
-0.41909138419095315 0.3915660473504596 0.8191693611575368 338.0106757027451 -0.387259756412309 0.7389507150691358 -0.5513453743002544 46.491212924801474 -0.8212139141297997 -0.5482954233450682 -0.15805010591095178 1113.5596072000153
-0.4178996479828452 0.39094828938507453 0.8200727524084046 338.8984828670141 -0.3888996254649848 0.7388054190227632 -0.5503849872005863 45.875320789067956 -0.821046262721538 -0.5489316786718363 -0.15670688121940182 1113.4054857892068
-0.41711471442526565 0.3878605743829422 0.8219364268903415 339.7851703964456 -0.39073951100339754 0.7399899493277189 -0.5474828850610597 45.26404521734482 -0.8205717211498036 -0.5495262047739771 -0.15710824521951325 1113.2533346929679
-0.41716647391938216 0.3871678846343141 0.8222366825588959 340.6829073389558 -0.39166161466827254 0.7398098789546849 -0.5470672011704705 44.64779921838056 -0.8201056716259846 -0.5502566420397322 -0.15698507973067857 1113.0990793880203
-0.42040767220958597 0.3860009073292424 0.8211337824546726 341.57834816249635 -0.39272212263649636 0.7384185748777506 -0.5481855002345395 44.0313178816593 -0.8179405378994234 -0.552938792106785 -0.1588457385147241 1112.9450343688752
-0.42490232888213725 0.38987749933438076 0.8169783022965205 342.41644138877075 -0.3910076453832818 0.7349221857919941 -0.5540779747314771 43.44820571911694 -0.8164380148929581 -0.5548737841558968 -0.15982506528751353 1112.7917084188346
-0.42859575021002533 0.3885865832894147 0.8156630126402467 343.23761493899343 -0.3876965666187411 0.7363442357699111 -0.5545164909003714 42.87191151814744 -0.8160864262649771 -0.5538931609397985 -0.16494032596722202 1112.6370268030787
-0.43155794910735734 0.386916974187518 0.814894466570872 344.07842532078223 -0.38465909705945217 0.738173288149335 -0.5541999419994574 42.27773481110025 -0.815962692536647 -0.5526259600745985 -0.169733416391618 1112.4748899205856
-0.4337540455344683 0.3870325638554634 0.8136726752803906 344.90518584462393 -0.38204655155622363 0.7388501310778343 -0.5551044192314281 41.690568544971676 -0.8160256493680063 -0.5516396272220944 -0.17261477703774178 1112.308561223172
-0.4346758047050975 0.3857679248058008 0.8137813299621716 345.7109587557142 -0.38045854664627415 0.7403601325782612 -0.5541824323925294 41.116828076252375 -0.8162770602484042 -0.5504997568389318 -0.1750479323856669 1112.1458473540106
-0.43497178795275887 0.38242602317255 0.8151992888156903 346.5237186485308 -0.379443746152794 0.7431757665928966 -0.5511009194826212 40.53926801324928 -0.8165916893960593 -0.549035624299085 -0.17815132909916964 1111.9806829302738
-0.43429458160753104 0.3831799255263321 0.8152063303605859 347.31756352770026 -0.37988713405640784 0.7426757370710482 -0.5514694143326355 39.97710691693 -0.8167459713795618 -0.5491865750722672 -0.17697492476519225 1111.8187783622348
-0.4314950768083563 0.3843202470278547 0.8161555895873027 348.10171526783904 -0.38027556826932 0.7429141607876575 -0.5508802427738829 39.42497988186182 -0.8180479758960302 -0.5480661432944169 -0.17441620253516568 1111.6582995636659
-0.42898624575532224 0.3820960573709048 0.8185190308687774 348.8572270757489 -0.3812532050024154 0.7448824165831716 -0.5475364637543297 38.89006286071595 -0.8189119578001874 -0.5469486158743083 -0.17386896492772524 1111.50959103455
-0.4252285268428913 0.38382405010721865 0.8196705426684028 349.55883275325317 -0.3827308787031748 0.7444169836637708 -0.5471384001512092 38.39672214222636 -0.8201815496864799 -0.5463720829180619 -0.16964602135522952 1111.3759629713063
-0.42326638857539256 0.38208725082354056 0.8214955246746336 350.2372878852066 -0.38553922595634615 0.7445705923894913 -0.5449533357983408 37.92922641746892 -0.8198811313546138 -0.5473791790951387 -0.16784208274984727 1111.2504092543613
-0.4236209108273965 0.3802210334639038 0.8221783806579968 350.8696611925234 -0.3880273547102065 0.7439840204499395 -0.5439876370945754 37.49067495843553 -0.8185231187366439 -0.5494722404514921 -0.1676310265638549 1111.1373017722676
-0.4237648395171298 0.3803529036948327 0.8220432041200318 351.5158145903199 -0.3882793386660741 0.7436635377323009 -0.5442459901666807 37.04053007304066 -0.8183291000288653 -0.5498147063314925 -0.16745528581552152 1111.0188809288902
-0.42729708687862505 0.3800725280556511 0.8203426558228121 352.1602019473086 -0.3870439785805288 0.7431031998269199 -0.5458888101541777 36.59108338674885 -0.8170765926090351 -0.5507653836474988 -0.1704210491284115 1110.897530133804
-0.4357261802918348 0.37888740775530055 0.816447810979216 352.72859434891706 -0.3816077601419584 0.7437600202971432 -0.5488137658687385 36.184953503645964 -0.8151798655558908 -0.5506953463141477 -0.1794893376783613 1110.7788587310058
-0.4499353287334602 0.37907843685755954 0.8086147034695448 353.2431015493232 -0.37266094094553726 0.7431484081615312 -0.5557465848213237 35.80640601341641 -0.8115922763623955 -0.5513891385914386 -0.1931009963524074 1110.660158306958
-0.4675079942789137 0.38059866201258996 0.7978602219433746 353.7343553882352 -0.3594772985225624 0.7427175003768551 -0.5649307802561943 35.42800521640992 -0.8075966487871422 -0.5509222931668127 -0.21040979007544708 1110.5311908862564
-0.48671478344731395 0.38261159633244735 0.7853133679785212 354.1903089088559 -0.34189398031269436 0.7438342946971244 -0.574298744782165 35.05883656958791 -0.8038763746993516 -0.5480136023716612 -0.23122254608030487 1110.3879563621451
-0.5082597759835646 0.38492894757331814 0.7703906187365162 354.5930122376795 -0.3238124946601378 0.7434907550903387 -0.5851213253652375 34.72350389155732 -0.7980084388144715 -0.5468557418691816 -0.2532416418474521 1110.2447192993757
-0.5283425339003234 0.38574349503397576 0.7563439184066708 354.9440419310043 -0.3035894828678433 0.7461020714058527 -0.5925918704605451 34.41830813173748 -0.7928982234586077 -0.5427095494671771 -0.27708979077785184 1110.092302493438
-0.5470268964383345 0.386553191442994 0.7425215180439404 355.25489627824953 -0.28363292381278127 0.7489486485390235 -0.5988558143501483 34.132322265042475 -0.787600113701396 -0.5381937866947217 -0.3000558429038516 1109.9378782311305
-0.5678050937926893 0.392563804052569 0.7235268033810839 355.5409745778878 -0.26179957365866624 0.7472005279533595 -0.6108619764385057 33.86011771360729 -0.7804219106965228 -0.5362695504818397 -0.32149122932172025 1109.7815904236975
-0.5936151895567052 0.3985198297939481 0.6991444428646756 355.8251125365818 -0.23682063262311465 0.7437961743649711 -0.6250465894347534 33.57472840143323 -0.7691144223661003 -0.5366089789232318 -0.34715098883255857 1109.6050188560675
-0.6195209593305645 0.3992160316040807 0.67588485784224 356.07885977494266 -0.20909623265349522 0.7459880316360309 -0.6322820748257153 33.287964642419674 -0.7566191554806473 -0.5330369750459034 -0.3786806527849842 1109.4087270066584
-0.6418139436806093 0.40252378538668876 0.652724646305862 356.3586182874587 -0.18181375162996147 0.7470244919855085 -0.6394514587457185 32.977414460582615 -0.7449957190584235 -0.5290831792561175 -0.4062663756857784 1109.1901960143052
-0.6641901150330899 0.4023624378354193 0.6300444109040785 356.71571867029684 -0.1576863629523942 0.7484280487226909 -0.644197537114189 32.589140800225536 -0.7307438005424143 -0.5272190479338552 -0.4336514423641918 1108.9203513869331
-0.6884219513051129 0.4004791789968764 0.6047244365421713 357.0559887820273 -0.13290668719135798 0.7499766921873919 -0.6479743618967283 32.19393049791407 -0.713029473066208 -0.5264516961371126 -0.4630740568994115 1108.633066364601
-0.7118098430456536 0.4003896409161213 0.5770744170298833 357.37813555177485 -0.10844459383001206 0.7491057589114972 -0.653513834616123 31.799498718738427 -0.6939499386932466 -0.5277581808107633 -0.48980076069249767 1108.328138788815
-0.7317459736879237 0.40221160724429317 0.5502487192074809 357.703230253698 -0.08471328260631322 0.74738595464829 -0.6589672939869801 31.389678159413776 -0.6762924587348069 -0.5288100394209851 -0.5128239975527688 1108.0062224588235
-0.7495648725644319 0.4035423244891194 0.5246961922516528 358.0375147036471 -0.06120892176656523 0.7470229911469655 -0.6619744093195832 30.93364240645542 -0.6590948108683884 -0.5283088519452955 -0.5352418025926262 1107.6421386735108
-0.764970018828671 0.40464890386732016 0.5010789707144346 358.43830417255634 -0.03934615430173282 0.7471796669632281 -0.6634564231495385 30.37587310419701 -0.642862932851881 -0.5272398030077897 -0.5556486656956727 1107.200732124904
-0.7745696474230127 0.4064255844892317 0.48462367416746627 358.88840478567056 -0.022741056538708854 0.7478261729362645 -0.6635049807039877 29.733156554738624 -0.632079667161101 -0.5249516733415407 -0.5700009079092985 1106.6764828506634
-0.7776277096017621 0.4118091662256283 0.47508773492068684 359.30850720944005 -0.011904232147964116 0.7458575165612741 -0.6659991398237776 29.11932851099354 -0.6286123085944787 -0.523554940385055 -0.5750972003773951 1106.1626609402035
-0.778046522427405 0.4141070914076153 0.4723970001858022 359.7150608937301 -0.007189234809122617 0.7460583912739125 -0.6658417167109886 28.520544552492375 -0.6281655226462816 -0.5214520051315398 -0.5774910237422024 1105.662892141371
-0.7783249781476782 0.41363388279676017 0.4723528759242296 360.13380609827016 -0.005801864826082882 0.7475496629754671 -0.6641805776667975 27.904797463020625 -0.627834824421162 -0.5196888611349473 -0.5794367272242127 1105.1518203758503
-0.7770973826441278 0.4145176636536633 0.47359768201159175 360.53338938060983 -0.005604788052208521 0.7478948453185865 -0.6637935572877856 27.315906016258268 -0.6293554196465866 -0.5184866506140663 -0.5788638431414357 1104.6649245236356
-0.7755660484325524 0.41370263866635026 0.47680963840846724 360.9304440025071 -0.008293210747535603 0.7485798052873531 -0.6629928338763857 26.73649499531102 -0.6312119510704847 -0.5181490151263868 -0.5771421583538531 1104.1935479297256
-0.7731810917666233 0.41249627547600415 0.481703043433395 361.3429504232505 -0.012284581704832934 0.7496778847602504 -0.6616888680896251 26.140628375024914 -0.634066312294625 -0.5175228418338828 -0.5745694212132018 1103.7112217299643
-0.770258508762153 0.41139638310300336 0.48729338765190444 361.7518108071489 -0.018079785183398332 0.7497099824890162 -0.6615195110682951 25.56305538575293 -0.6374754513290856 -0.5183511918825715 -0.570032534884363 1103.2416534488912
-0.7665775519729887 0.408393287787893 0.49555401249600745 362.17103484344403 -0.024855524819819806 0.7522598316235013 -0.6583975612133658 24.985830088967226 -0.6416705226960532 -0.5170300457570848 -0.5665146706726993 1102.7731662945641
-0.7633022853015524 0.4069411851006156 0.5017653765679057 362.62839836738215 -0.028640147374566473 0.7545982479863512 -0.655561763752499 24.356899488341153 -0.6454063551064442 -0.5147624267609596 -0.5643317116584698 1102.2642253515758
-0.761318869254596 0.40589031680868143 0.5056151006821787 363.111859970361 -0.031709008818199894 0.75557480535935 -0.6542944690779089 23.69939188881772 -0.6476018206248849 -0.5141592790440771 -0.5623629768185361 1101.7330497626747
-0.7597927913316049 0.4062867963381913 0.5075883700024808 363.6156924990508 -0.03337546883178246 0.7553043986346232 -0.6545237531850499 23.022750771046173 -0.6493080873674545 -0.5142434292477015 -0.5603148250356924 1101.1844697267727
-0.7580612440453818 0.40890581108041063 0.5080739984894305 364.116132421332 -0.03229877193297082 0.7545413200916238 -0.6554572340023465 22.349292120934837 -0.6513830974226957 -0.5132868924286472 -0.5587813762581512 1100.6360993755104
-0.7566920030198818 0.4097359125037839 0.5094444960645359 364.6070833905436 -0.03154028721629758 0.7554530072558706 -0.6544432474327855 21.68565860180056 -0.6530102777507164 -0.5112799974893889 -0.5587220608846398 1100.0968195508349
-0.7563451330758474 0.41203147883025865 0.5081063866213721 365.10855917520416 -0.029408054771223137 0.7545149586799442 -0.6556236294115474 21.007162062904808 -0.6535114428891409 -0.5108201616823173 -0.5585566725335944 1099.5432268396007
-0.7555560691524235 0.41668505278009293 0.5054785783360043 365.58977207678413 -0.026940387499973528 0.751206853829532 -0.659516852158368 20.3613757017384 -0.6545297868609842 -0.5119197491298649 -0.5563532408124605 1099.0104334011137
-0.7550508639783399 0.4151979753438379 0.5074532826536241 366.0688970373362 -0.026052140096853672 0.7543413790572341 -0.6559652199914257 19.7168502520402 -0.6551484402804698 -0.508507350106569 -0.5587493141701921 1098.4860125651178
-0.7546153796005874 0.4157054625847072 0.5076855298779891 366.56324166878244 -0.024106577946460032 0.7556273656171134 -0.6545579861480935 19.048257694928072 -0.6557244099238404 -0.5061780839860339 -0.5601867952051852 1097.941677020839
-0.7537318065322736 0.4180455886846388 0.5070761773174791 367.07536112799727 -0.022157083887677172 0.7549876524875355 -0.6553645613129764 18.353325569728664 -0.6568085165824098 -0.5052044441339275 -0.5597955360416345 1097.3738513080252
-0.7531555607343545 0.4164466078319781 0.5092434821970302 367.5994447297369 -0.022308918718721104 0.7574975119849096 -0.652456765987041 17.646914598752083 -0.6574640777111077 -0.5027621128942663 -0.5612229898690652 1096.7995461297096
-0.7535122026347694 0.4146595216825289 0.5101733446178005 368.1121013403829 -0.02346950605226222 0.758546317255233 -0.6511963351126766 16.95920051956345 -0.6570148725608553 -0.5026579012176535 -0.5618420521617299 1096.24344024485
-0.7534447548220027 0.414125776165999 0.5107062198036357 368.62232898319195 -0.02473463057000722 0.7583246254978179 -0.6514076760479222 16.27889032753665 -0.6570458123158335 -0.5034318264457459 -0.5611124634507099 1095.6899206824448
-0.753408049027553 0.4138147705868976 0.511012374903591 369.1155856837105 -0.025000382194923926 0.7585533639981593 -0.651131150274028 15.620768099480072 -0.657077843600437 -0.5033429542679481 -0.5611546826305662 1095.1546726326699
-0.7538496436705223 0.4135296102800609 0.5105917901410539 369.60425930811317 -0.024789443413056455 0.7586471203757567 -0.6510299764533414 14.967898063828578 -0.6565791637214005 -0.5034360020570535 -0.5616546924932742 1094.622453686212
-0.7534170080844087 0.41284006927048766 0.511786956783656 370.11992286953944 -0.024221312215473835 0.7603792988792479 -0.6490274646503484 14.275667604232154 -0.6570967508393988 -0.5013844822495397 -0.562883168158068 1094.0594930681682
-0.7529852214042045 0.413537642065217 0.5118592335222647 370.6249702164967 -0.022878470457590297 0.7609347224714457 -0.6484249561258578 13.599120078085415 -0.65763959121724 -0.4999649655050253 -0.5635114917472208 1093.5072780633295
-0.7532786979297108 0.41403767599933683 0.5110225103636694 371.12560031522247 -0.021826074466435873 0.7608178365648587 -0.6485983672798978 12.930871763114217 -0.6573392014163629 -0.49972894894916087 -0.5640710521410076 1092.9605824376963
-0.7534403103448918 0.4144615743631339 0.5104403022135149 371.6080529973223 -0.020819069988025744 0.7608888548050531 -0.6485481608626179 12.28558673326691 -0.6571866287990219 -0.49926921997043244 -0.5646556303782779 1092.4336584390408
-0.7532739332204472 0.41535034915766 0.5099632035600272 372.0644669972956 -0.01950683181011369 0.7609155532222439 -0.6485576338130746 11.672839287244196 -0.6574175728129918 -0.49848932618371417 -0.5650756822210447 1091.9329768611308
-0.7529372897964728 0.41632758891768407 0.5096633951344051 372.52095482157137 -0.018666429378555345 0.7606334056030876 -0.6489132351053568 11.06310713535599 -0.6578274865405017 -0.4981045683254005 -0.5649379054065768 1091.4289989206536
-0.7522384479470289 0.41805579182227814 0.5092805438597586 372.971477687168 -0.017180281316659288 0.7602282425930824 -0.6494288699293478 10.46092965351939 -0.658666953295914 -0.4972749481802581 -0.5646905971841553 1090.9294437585581
-0.7515294950584959 0.41821060707508684 0.5101992808570078 373.4276649896358 -0.015617672259837807 0.7618857375385077 -0.6475231356859649 9.85126712940681 -0.6595145990577485 -0.49460086035639755 -0.5660481274277008 1090.4222781409003
-0.7504203747057304 0.41778569502514407 0.5121761164471326 373.872761427543 -0.015754282517006637 0.7633702288257564 -0.6457690735277454 9.256374318832236 -0.6607730804208669 -0.49266723736703527 -0.5662666592836362 1089.929427520067
-0.7488608471918387 0.41737720825531077 0.5147850984363503 374.2969763387064 -0.017650068790251654 0.7639316289358341 -0.645055766103318 8.693171076400134 -0.6624921936255681 -0.49214299988971005 -0.5647117504043435 1089.4670014869562
-0.7474791598845805 0.4175000412731205 0.5166900628763657 374.7153680479658 -0.01853846816530965 0.7644000531394731 -0.6444756659164491 8.140690161381189 -0.6640265286389707 -0.4913107716072489 -0.5636332983122676 1089.0137295229185
-0.7468604266868989 0.41651305835208935 0.5183786022505661 375.1333270876526 -0.02024847402363286 0.764933362693111 -0.643791076311811 7.590555663200623 -0.6646724775020957 -0.4913184536135353 -0.5628647038054778 1088.5644391084456
-0.7449320600721966 0.41704773379997945 0.5207181709993354 375.54135089427865 -0.022351545862869072 0.7644826760143633 -0.6442566619534906 7.057261754192597 -0.6667658016681192 -0.4915662984849721 -0.5601659931838521 1088.1312662914142
-0.7423271514900758 0.41872963706696237 0.523083063387067 375.94154310359795 -0.024615820348992033 0.7631071978582072 -0.6458029621839291 6.536626291783532 -0.6695852907204374 -0.49227319205778625 -0.5561678189468203 1087.7105672469856
-0.7404019563166693 0.4203655893089053 0.5244975828423082 376.35082776074336 -0.026409690045668417 0.7615158424851947 -0.6476080218123864 6.001051717076695 -0.6716453464099464 -0.49334206486882737 -0.5527260946226644 1087.282356978506
-0.739424223384518 0.42089546946970563 0.5254510649452304 376.7480170671907 -0.027371061178181832 0.7610419699013627 -0.6481249455611395 5.480050427007106 -0.67268316678967 -0.49362143777243583 -0.5512125119128666 1086.8692778969782
-0.7412946063868465 0.4194257486491312 0.5239888814773499 377.1043347859367 -0.026230575375267788 0.7619977567020964 -0.6470482019884234 5.007948068441003 -0.6706670287536498 -0.4933978720577195 -0.553863048407874 1086.4989659461714
-0.7471125803949314 0.4217839466256978 0.5137325126799703 377.4218621276998 -0.019995185267803434 0.7582707618691761 -0.6516330595208026 4.578108203357343 -0.6643967073832694 -0.4971154333383615 -0.5580799773823473 1086.1526833711728
-0.7555301529496765 0.42298950829717386 0.5002539993386879 377.7010411542407 -0.009614439910242065 0.7563722469248276 -0.6540707810528584 4.184575657807828 -0.6550433195820313 -0.49897985926528104 -0.5673952321958222 1085.8235388920334
-0.7679724315772042 0.4246367649421141 0.4794809299616522 377.9340389312323 0.008799302969923792 0.7555485798244487 -0.6550335226478861 3.8217234115816066 -0.6404224516712672 -0.4988285891814456 -0.5839769875693819 1085.510616182817
-0.7844615786505376 0.42633027145375374 0.4504026323893699 378.1362883680426 0.03190900497150899 0.753032044061471 -0.6572096743188796 3.4691743370997226 -0.6193559937732349 -0.501183838784501 -0.6043284808102278 1085.1912174904062
-0.8001497596272623 0.4301378288075328 0.41802130375995755 378.33287583421975 0.0607339727190801 0.7514549727128055 -0.6569831113072476 3.080200063860466 -0.596717476471227 -0.5002967841331138 -0.6274004949471058 1084.8177454529964
-0.8148984522898272 0.4345326997872297 0.3835646559203081 378.54570653512997 0.09235934381088982 0.7506664701267672 -0.6541938567720104 2.6479162602036186 -0.5721977490924471 -0.49767578145117497 -0.6518500997088957 1084.392781093985
-0.8295439505188597 0.4358157179964135 0.34917258498460796 378.7459006282431 0.12202677661202344 0.7516153577813647 -0.6482158743326694 2.20591615599674 -0.5449461440796147 -0.49511515215599994 -0.6766791604285586 1083.9417909878955
-0.8424052944318722 0.43807492293115285 0.3137573613670512 378.9072966630795 0.15267468436882853 0.7524648761698853 -0.6406926337047386 1.7925882918200846 -0.516762770201208 -0.49182006062126116 -0.7007633461479493 1083.4981472123602
-0.8574595339275122 0.43765703863176053 0.27059095367896235 379.0424770987791 0.18174128305767262 0.7495814605419646 -0.6364728902666028 1.3915164774097697 -0.4813868025915975 -0.4965722007400842 -0.7222761215371765 1083.0503426891787
-0.8688960091710118 0.4408296933724058 0.22514197007194986 379.14412725566143 0.21488666639744622 0.7456712024283452 -0.6307124372276606 0.9913084398458822 -0.44591865384986845 -0.4996435122267218 -0.7426391552015456 1082.5654529763156
-0.8797036708660027 0.4407835798743591 0.17841324832540706 379.2394192659063 0.24745304778123553 0.7447300065761586 -0.6197936805493014 0.5780505470365896 -0.40606457689467884 -0.5010858738960988 -0.7642149608409449 1082.0670974231718
-0.8874386958483202 0.4422481085328702 0.1298813751472098 379.2786190734256 0.2823562560394504 0.7443258076123299 -0.6051892570077846 0.20574972286360155 -0.3643178636663512 -0.500395546164581 -0.7854150441596055 1081.5868957841978
-0.8926720314648576 0.44353796735687245 0.08006694544777664 379.2811596355305 0.31611844333629713 0.7427712113226482 -0.590220346491816 -0.13137646182514628 -0.32125655483279686 -0.5015625575570984 -0.8032616179264032 1081.1138496554365
-0.8943713439510341 0.44606722932306636 0.03352500623807981 379.27062273140183 0.3486179650787823 0.742019106178089 -0.5726020961287132 -0.46770692059672325 -0.28029522568810833 -0.5004314868098438 -0.8191476750047819 1080.6261249554611
-0.8943596175323779 0.4472826840364956 -0.0076860320352307695 379.2378913344883 0.3769011608161027 0.7441515674320209 -0.5515287478127844 -0.7882069593637586 -0.24096968585863823 -0.4961619143481016 -0.8341204740609204 1080.1385114794928
-0.8927194748940948 0.4478483901314801 -0.04983732137116438 379.18238206768217 0.4034800273117585 0.7451947147680444 -0.5309319209110266 -1.107670813853859 -0.20063849756542754 -0.4940816294281873 -0.8459477151433613 1079.6249442326957
-0.8895624093424456 0.4477814002023057 -0.09039102564815554 379.10784771278 0.4268551150117811 0.7443105393605978 -0.513611265243484 -1.4093139202772673 -0.16270657845686695 -0.49547314622449196 -0.8532484577760812 1079.1142043177479
-0.8851664560572644 0.4489464960985976 -0.12217769318420874 379.00940376200157 0.44611493252355783 0.7443526987745707 -0.4969109847915542 -1.7124619429146828 -0.13214314984335263 -0.4943542287346226 -0.8591577762446617 1078.588196900147
-0.8808042959913434 0.45156057058095367 -0.1423967810724569 378.89600463738014 0.459802908305882 0.7439968283645187 -0.48481955911141505 -2.046500469766074 -0.11298264325393036 -0.49250560451647524 -0.8629444662567892 1078.0043823661026
-0.87758086142512 0.45458575737258644 -0.15232734769021597 378.77380097342996 0.4678186985177767 0.742457424983287 -0.4794816340636184 -2.398553837040583 -0.10486895144644173 -0.49204548700417616 -0.8642301439670717 1077.3871001491157
-0.8758533736704132 0.45689342887851503 -0.15533596646555664 378.63858174381625 0.471312301253258 0.7407373437194437 -0.478720066747591 -2.7959676212917284 -0.10366090158546745 -0.4925003373268835 -0.864116794892561 1076.6922044592113
-0.8753452522210426 0.45801154120496956 -0.1549068027464494 378.49947883826434 0.4720661626149883 0.7403375555265796 -0.4785956978399254 -3.217179854104879 -0.10451902950198576 -0.4920627317730688 -0.8642627149611317 1075.959397553222
-0.8748616158559948 0.45964583389305685 -0.152783704911858 378.35701166659027 0.472771548857054 0.7416940574970929 -0.4757909075053854 -3.652727090678861 -0.10537654242353069 -0.4884829909610499 -0.8661871344280098 1075.2039580525454
-0.8745846494807623 0.46035198711181846 -0.15224236879007 378.2098207162499 0.4730310318560004 0.7411075774498781 -0.4764464309317654 -4.10467171306073 -0.10650508811253029 -0.4887080995937869 -0.8659220863320035 1074.4249695056428
-0.8739166005330231 0.46216366132660447 -0.15058062777791695 378.0547670971801 0.47373209364777774 0.7404526514241502 -0.47676805099234176 -4.5849897018234 -0.10884704295889627 -0.4879903904260117 -0.866035622876433 1073.5935481553254
-0.8734833474324941 0.46330504046637144 -0.14958369308376473 377.8870388752032 0.47422434041405237 0.7401414248387598 -0.47676193870369354 -5.1106449753036 -0.11017312157227706 -0.4873798423366543 -0.8662117365672879 1072.6791560516042
-0.8737378095896371 0.4634889343229168 -0.14751355142395953 377.70921985840215 0.47369700300101836 0.7419958769412371 -0.47439779505184765 -5.677154702679601 -0.11042368152418322 -0.4843760175343213 -0.8678631713560814 1071.6967251459348
-0.8734094505296573 0.46357719902901984 -0.14917141906508027 377.5300438787191 0.4742732333691352 0.7401846922462149 -0.47664611765329545 -6.242358305278943 -0.11054787123715176 -0.4870552349629172 -0.8663465624449318 1070.7126039915736
-0.8729930652164195 0.4645404782118755 -0.14861107693143769 377.35917201731735 0.4749584262333528 0.7404257305978987 -0.47558829970732225 -6.791258472365074 -0.11089455096610998 -0.48576937076276 -0.8670239425729693 1069.7616708677701
-0.8720486096897851 0.4671659667193677 -0.14590127441962483 377.191667290202 0.4763603857942878 0.7417820531954089 -0.4720594966771858 -7.325305719615377 -0.11230318421143759 -0.4811604151386105 -0.8694093683182914 1068.8334018320202
-0.8718127371553042 0.4676525472320886 -0.1457520030775385 377.030350718548 0.4766703464124102 0.7414175861429408 -0.4723191122631445 -7.8398365899311635 -0.11281813765900929 -0.4812494758701686 -0.869293396840123 1067.9353006695542
-0.8723095755686442 0.4650716439542655 -0.15094492492603998 376.8729510431976 0.4760990672315709 0.7375670078391101 -0.4788784680150981 -8.343982828355283 -0.1113807997478814 -0.4895950111438402 -0.8648069394440495 1067.0486372573791
-0.8724044663232753 0.46597039724773703 -0.1475873843795145 376.70714238487903 0.4762092253314477 0.7422354624327933 -0.47149898410961305 -8.867527441925912 -0.1101599784332835 -0.4816202935881769 -0.8694289343906236 1066.1256499327073
-0.8714695097062363 0.4677672138058942 -0.14742702378004618 376.53917945959006 0.4779377787953277 0.7424972001818052 -0.46933291736502564 -9.382102156634542 -0.11007439871540729 -0.4794702716649378 -0.8706272941603606 1065.216115007867
-0.8708983035111242 0.46800291062738786 -0.1500313986662067 376.3670377962385 0.47919436884758093 0.7408366828893042 -0.4706737364144493 -9.911042077445419 -0.10912791488071287 -0.4818031599417589 -0.869457769684027 1064.2753729756728
-0.8707993468296008 0.4679675178962105 -0.15071463019627465 376.1857636588601 0.479624454870734 0.7412613484134046 -0.4695657521990822 -10.47074375012526 -0.10802258954075133 -0.4811839726574436 -0.8699385636966036 1063.278678205123
-0.8710642231641015 0.46786031662630795 -0.14951201707505107 376.01126870135704 0.4793210904640486 0.7432565999400427 -0.46671288698933544 -11.010263065619363 -0.1072306456190267 -0.47820116140793373 -0.8716795499885429 1062.3139190076447
-0.8709289453616864 0.4677606418462108 -0.15060794823249096 375.84679106382237 0.47983477912089806 0.7433650757960353 -0.46601174752655244 -11.508960555112418 -0.10602526527756151 -0.4781300513734459 -0.8718659857434785 1061.4177644010256
-0.870361149446667 0.4684729859818009 -0.15167244620949166 375.682335731675 0.4808372740327551 0.7421800529852859 -0.46686645290865036 -12.000778444758193 -0.10614605708467686 -0.479272188172913 -0.871223957550137 1060.5320002326723
-0.870523858104021 0.46834328638085954 -0.1511382763354992 375.51776003546945 0.48045477397465813 0.7423177197462294 -0.46704133983590407 -12.500457623928181 -0.10654305531872194 -0.4791857354437143 -0.8712230531331324 1059.6362545208663
-0.87071223780829 0.4683707868828606 -0.14996334527346605 375.36151602228375 0.48017774536949315 0.7437780837390052 -0.4649983817191209 -12.978159506789929 -0.10625220836645007 -0.4768888425453693 -0.8725179081674994 1058.78199363508
-0.870698323450445 0.4683079823492718 -0.15024001866525874 375.21246590479 0.48019862929818524 0.7434835546953483 -0.46544761286068553 -13.434330505106711 -0.10627184933332856 -0.47740950720060205 -0.8722307357997372 1057.967226675293
-0.8704649753452873 0.468770639186006 -0.15014930747183172 375.059391752663 0.4807218540013186 0.7440212667814823 -0.4640461762178531 -13.899555771897782 -0.1058169446859084 -0.47611599680542166 -0.8729927444161937 1057.1349803111978
-0.8696310418661136 0.47020476908240516 -0.15049693071627332 374.9093997088146 0.48221280158875224 0.7435857311198764 -0.4631965829524685 -14.349788385478934 -0.10588987206896505 -0.4753816736129817 -0.8733839930901741 1056.3287963220484
-0.868922854498741 0.4717149651857812 -0.14986014997168567 374.7758240489616 0.48328728603159626 0.743291723401254 -0.4625481737975032 -14.751014800507514 -0.1068010865580092 -0.4743441846834105 -0.8738370113282327 1055.6101415874577
-0.8688949032655702 0.47197901376433893 -0.14918933489079073 374.64342662778984 0.4832530233416852 0.7435735029835251 -0.4621308917308255 -15.155597098182211 -0.10718284615661999 -0.47363937360279734 -0.8741725123011561 1054.8939124706133
-0.8684608883778704 0.4724312003823955 -0.15028122392091517 374.5062051381194 0.4838353069626558 0.7416151374545169 -0.46466157968425614 -15.577388964417862 -0.10806979732686868 -0.4762517703941536 -0.8726426359639797 1054.1419268497405
-0.8678084195358722 0.4741327309030072 -0.14868322188164906 374.3654780340715 0.48465485140536424 0.7416289897322399 -0.46378455838673566 -16.004278126231117 -0.10962765158432429 -0.47453618942625714 -0.8733826097037383 1053.3816217541028
-0.8672241378473466 0.47556495962743456 -0.14751360584529952 374.22003638716274 0.4850344695527545 0.7399025293795128 -0.46613926069735345 -16.445793246303005 -0.11253380861146743 -0.4757964020380511 -0.87232673106299 1052.5969201919042
-0.8681231455273948 0.47451399951995693 -0.1455976251839147 374.08274267495915 0.4833158544421598 0.7413621063614835 -0.4656049957808738 -16.884527805143737 -0.11299552665687627 -0.47457211413107486 -0.8729337428721016 1051.8246529425176
-0.8683783696996129 0.47365624656531513 -0.14686308973836626 373.9447362975796 0.4831217399353984 0.7412450446280123 -0.46599266970222536 -17.320356178896724 -0.11185880135078155 -0.47561070625467705 -0.8725147933738963 1051.0549770922446
-0.8692433746385628 0.4722801171409333 -0.14617608080773284 373.7921939519514 0.48203367418260995 0.7439575653132744 -0.4627857797806199 -17.804376986026075 -0.1098157211011899 -0.47273526626061074 -0.8743351047696383 1050.195605202575
-0.869896472548224 0.4704882752198156 -0.14805711711646835 373.63555071982876 0.4813747124069569 0.7443989124078144 -0.4627619749516811 -18.2993387356843 -0.10751052647659444 -0.47382596181166037 -0.8740311462470771 1049.3128538283659
-0.8702286458087006 0.46961804089194936 -0.1488657102316117 373.4861191138211 0.4811914378927474 0.7454686881810785 -0.46122796428695645 -18.764043561724183 -0.1056262472715163 -0.4730066919298164 -0.8747043873657816 1048.4751686713232
-0.8699975219796816 0.47069635801629667 -0.14679662904647162 373.3362147288765 0.4816383372606733 0.7476095037634195 -0.4572795009219039 -19.224033966947076 -0.10549324068387243 -0.4685349169835767 -0.8771238269122591 1047.642582154494
-0.870174648316157 0.46984133827776775 -0.14847625491373462 373.18867256204726 0.48144984625794846 0.746569152514008 -0.4591737645518432 -19.677222748367882 -0.10489102423967588 -0.4710452391860799 -0.8758505898120293 1046.816694203514
-0.8707354421392676 0.46862322351241986 -0.14903712352082715 373.03557595077854 0.4807119073091849 0.7472947252213871 -0.45876645019819745 -20.150128604153693 -0.10361395646194477 -0.47110812775956146 -0.8759687665580218 1045.9487309470765
-0.8703362059943778 0.46947391680341033 -0.14869139173662943 372.87070556029397 0.4815358191060091 0.7480751927828256 -0.45662540540451857 -20.648649152046808 -0.10314137604867667 -0.46901785401432405 -0.877145432161955 1045.032071979784
-0.8688563419797863 0.4720091067966924 -0.14931865289538537 372.7011684190774 0.4839566046451573 0.7462741593900346 -0.45701300183586224 -21.151874839957202 -0.10428164662026229 -0.4693423932777485 -0.8768369609285873 1044.1003106320434
-0.8677874248696411 0.4741457923914564 -0.14876408436041957 372.53830158945283 0.48545956818702807 0.7449046748358081 -0.4576527428776331 -21.635826581397634 -0.10617906052409158 -0.46936424338165755 -0.8765975211811772 1043.2028101418198
-0.8666955843461872 0.4764497873259556 -0.1477645567511773 372.37179538445207 0.486931636311781 0.7437107608386319 -0.45803044197034826 -22.132004621444217 -0.10833441573918248 -0.46892419895956966 -0.8765693070126143 1042.2904970914135
-0.8659261647551012 0.47761507476176235 -0.1485116748031496 372.19976208424595 0.4880626923917098 0.7419164457821807 -0.4597333964084937 -22.65014551888014 -0.10939234656900772 -0.4705781846178713 -0.8755509617799946 1041.3395264210458
-0.8659841168587139 0.47757433848857794 -0.14830462085056353 372.0305026694135 0.4878688192763415 0.741728967705171 -0.46024140800771846 -23.170192952159535 -0.10979765264494047 -0.4709149495229655 -0.8753191336817918 1040.3904398982481
-0.8655673214726889 0.4787301421537628 -0.1470056563266594 371.86296623908885 0.48839735960634556 0.7420486287101992 -0.4591642971299712 -23.687670129018606 -0.11073044354712122 -0.46923478517981776 -0.8761035813470385 1039.4427163806497
-0.865271253648181 0.4800774765340423 -0.14433043384820124 371.6982416118368 0.4886710821563672 0.7435247023514283 -0.45647737124346305 -24.20170385367757 -0.11183126161421657 -0.46550685657455637 -0.8779505312988009 1038.5018921148103
-0.8644323102631973 0.48131594821364804 -0.14522995203547678 371.53061388170437 0.48970673185721686 0.7407387351715786 -0.4598841625780683 -24.72255323965669 -0.1137721307999123 -0.4686588142898896 -0.876022156136271 1037.5455649160635
-0.8642892712248395 0.4820675508888122 -0.14357900969743811 371.36520624940783 0.48971705387352105 0.7413094582050965 -0.45895260574606445 -25.24437851824792 -0.11480968073760973 -0.4669809027741147 -0.8767825121734578 1036.5851606396666
-0.8637038954062423 0.48303443827522324 -0.14385170315370305 371.2044021018468 0.490581091402676 0.7403148038956295 -0.4596348375516507 -25.74688376811023 -0.11552391015819709 -0.46755932519105403 -0.8763803418657026 1035.6612205756637
-0.8637487559943889 0.4820770606961331 -0.14676441690246608 371.04555857876755 0.4906041683096452 0.7379487626275293 -0.46339958326879993 -26.2402173512439 -0.11508968917910836 -0.4722640482686292 -0.8739113411311132 1034.7520379739146
-0.8643524795967645 0.48201446913011575 -0.14337657606504595 370.89222533727747 0.48972498880514415 0.7419944899492383 -0.4578357917690236 -26.727466833136003 -0.11429884669025822 -0.4659465939720786 -0.8773993077334256 1033.8649691089443
-0.8628344344595352 0.4847074905669534 -0.14344123291152905 370.74230278419054 0.4920868912718472 0.7405288263900975 -0.4576762488088188 -27.192726543494736 -0.11561673818829392 -0.4654843776901545 -0.8774719733285546 1033.0069967634415
-0.8615728586926439 0.4865558006225237 -0.14476070614900655 370.5873560478953 0.49396429483667836 0.7378294814782789 -0.46000753438176967 -27.675904028194843 -0.11701061742716207 -0.46783662655041014 -0.8760350485381535 1032.1176112625758
-0.8616128072889908 0.4863051096612864 -0.14536406238443866 370.42067068795757 0.49401964832598116 0.7377642512492333 -0.46005271072620574 -28.20247721566691 -0.11648157529607535 -0.46820001056811306 -0.87591140689031 1031.1630098462142
-0.8616871706055298 0.486110955459599 -0.1455725214317274 370.24573831066147 0.49408509489964775 0.7383615869010469 -0.4590229689100226 -28.748641545210436 -0.11565093606123401 -0.467459416389404 -0.8764168842605878 1030.169104126533
-0.8613318585242207 0.48714952011787294 -0.14419699906772107 370.0760248849557 0.4945684651033224 0.7390705298675887 -0.4573584865360906 -29.279463244659695 -0.11623021473159444 -0.4652527237213843 -0.8775137835118484 1029.2004750180604
-0.8605431318931569 0.4882427803626052 -0.14520504665922532 369.9067095844758 0.49577277452344576 0.737364559315894 -0.4588059096243203 -29.80217532996075 -0.11693961772144683 -0.4668109832562524 -0.8765914850821283 1028.246042041402
-0.8602731169221669 0.4889157033536349 -0.1445392656520658 369.74540281555505 0.4959670399948546 0.7368695485688067 -0.4593908615011222 -30.303206703138283 -0.11809682273354685 -0.46688832005761555 -0.8763951375116233 1027.3393728869116
-0.8599900774753703 0.4893270463035938 -0.144831310149793 369.59134949471365 0.49623271087984705 0.7356751477371324 -0.46101537247122737 -30.77976900689119 -0.11903849502048341 -0.46833867954477987 -0.875493413993223 1026.4669849098013
-0.8591887944319947 0.4910243823091628 -0.1438390472034585 369.43189784427415 0.497559071052311 0.7362767557537623 -0.45861913365043305 -31.2837628830628 -0.11928782979019056 -0.4656088432521644 -0.8769143736701585 1025.547473059703
-0.857767145773804 0.4926702745852736 -0.146668074819065 369.2666074337684 0.4998994424800527 0.7330378302907451 -0.46125490433248184 -31.800256411827494 -0.11973333303299788 -0.4689685915951159 -0.8750613630243886 1024.6096168573897
-0.8579054910197982 0.4924432165607327 -0.14662144093343327 369.1049025450287 0.49974566943210963 0.7334264261387212 -0.46080358432333524 -32.3072841265114 -0.11938355984777846 -0.46859935542497366 -0.8753069231608814 1023.6847043776982
-0.8568463131162647 0.4954403787337877 -0.1426647357239443 368.94034902345436 0.5011649726800406 0.7354232349455624 -0.45605518927078986 -32.82243536964548 -0.12102919423707052 -0.46226777588571305 -0.8784420513158506 1022.7467177473397
-0.8553735545051353 0.4978725003585869 -0.14303515525889746 368.7806510167987 0.5029963273435147 0.7322878940777091 -0.45907421498725826 -33.321493595498296 -0.12381751464224357 -0.4646261008315414 -0.8768077380440333 1021.834737901771
-0.8559916961170457 0.4962227062288936 -0.14505599608955932 368.61923181455717 0.5021044209473629 0.7311088262636137 -0.46192102639363836 -33.838631798355394 -0.12316398273754038 -0.46823381977630896 -0.8749786988115265 1020.8937928188329
-0.8561883462400176 0.49624221616277125 -0.1438234287612522 368.44745270402626 0.502177350771161 0.7338335233758752 -0.4575000200461252 -34.396683760733474 -0.12148837037033061 -0.463931054002218 -0.8775013122481072 1019.881639265403
-0.8564452875482687 0.49553927040751206 -0.14471454978802875 368.26686081985656 0.5020874188560501 0.7343878905439517 -0.456708495704724 -34.9849193655448 -0.12004038180058123 -0.4638051937035569 -0.8777670813096003 1018.8112929453916
-0.8562737133238513 0.49541429807394977 -0.14615061113275077 368.0785106325184 0.5028257367271105 0.734775916002723 -0.45526984497899237 -35.58370932717954 -0.11815924151507674 -0.46332388944047936 -0.878276361470765 1017.7168005686236
-0.8552014977042096 0.4967674035160157 -0.14782606376559762 367.8921577786406 0.5051475544980616 0.7350506064453013 -0.4522461212094809 -36.16348160612423 -0.11600149356409688 -0.4614355347915344 -0.8795572185608775 1016.6515090014817
-0.8539221953031242 0.49817739899924723 -0.15045319370168095 367.709185900391 0.5077800237559971 0.7343461912946903 -0.45043880694866767 -36.7145258219887 -0.11391370349105766 -0.4610368211513323 -0.8800390432813897 1015.6282562455066
-0.853528442784047 0.49899211018982037 -0.14998690385146116 367.5332400631288 0.5089031915686693 0.736568234000776 -0.445516305282083 -37.240487711776844 -0.11183353240356193 -0.45658965234583077 -0.882620615214064 1014.6507824950153
-0.8526453359672144 0.4995374764300757 -0.15316083277138878 367.3711193583252 0.5105477721716486 0.734241432605155 -0.4474712180425617 -37.713234109756975 -0.11107161376300839 -0.4597301689989463 -0.881085278692295 1013.7623919780928
-0.8523489048081618 0.49884394613285193 -0.15702248844967687 367.2081205423291 0.5112665197353479 0.7316484781793496 -0.4508847415643433 -38.181582650809816 -0.11003585901890561 -0.46459145685693 -0.8786619873111189 1012.8831655142019
-0.8519352109572037 0.4992728252753144 -0.15790200211810995 367.0393608419495 0.5122259617556928 0.7319278721240934 -0.4493396867753283 -38.66634815564637 -0.10877021851019872 -0.4636898057424822 -0.879295629248628 1011.9765859788304
-0.8514738859709842 0.5007792691684307 -0.1556031653938995 366.87957613461145 0.5131055890012008 0.7343724525976718 -0.4443194294664693 -39.12582480033892 -0.10823528096327151 -0.458167245050114 -0.8822516078296418 1011.1037012095851
-0.850821392971507 0.5021002141155753 -0.15491395110549244 366.73028266312014 0.5143968090832118 0.7357299776565678 -0.44056477705608016 -39.54753363037139 -0.10723283110610199 -0.4545291794401744 -0.8842535524217076 1010.3025062085596
-0.8502507119196913 0.5011193953740447 -0.16109959174376276 366.5793205535904 0.5157237213359418 0.7318018515272053 -0.4455278816783069 -39.960527174808675 -0.10536968317054766 -0.46189327953684756 -0.8806542046610756 1009.509207983745
-0.8496776730626338 0.5017454797236 -0.16217066774173328 366.40745564034415 0.5169209829216846 0.7318519876968298 -0.4440555883214129 -40.43395159026899 -0.10411795865336108 -0.4611335399655205 -0.8812010604877427 1008.6088693566868
-0.8489076804641318 0.5033868695488382 -0.1611130336590611 366.22942038112507 0.5184715942507055 0.7338851221580486 -0.43886197537516897 -40.91724945179628 -0.10267889755998975 -0.45608583297542343 -0.8839925095581845 1007.6956226493734
-0.848662920950114 0.5028071077509962 -0.1641836136753484 366.0646761959827 0.5191757064510368 0.732509414897843 -0.4403254965557684 -41.35289486854938 -0.1011327466030822 -0.4589280656934117 -0.8826988150458898 1006.8623953296952
-0.8482670382507331 0.5034258036570568 -0.1643334781156087 365.8951127225598 0.5200383365495276 0.7332718291123177 -0.43803259370630615 -41.79834808637948 -0.1000158004323588 -0.4570283195191752 -0.8838110402237296 1006.0001220871814
-0.8467834083785308 0.5062937037460289 -0.1631702939936195 365.7154299010812 0.5221532576202532 0.7325720856681297 -0.43668537284457065 -42.26557118098987 -0.10155705219920351 -0.4549778289619988 -0.8846927943086413 1005.0935853759414
-0.8463461845526671 0.507288704747539 -0.16234625320192878 365.5385475744439 0.5226242055873199 0.7321155113658863 -0.43688764888891907 -42.73193154481788 -0.10277195934378958 -0.45460427632505873 -0.8847445260184466 1004.1882527155389
-0.8461406293503477 0.5079049833872679 -0.1614885853952982 365.35604361818366 0.5228569646734903 0.7323603989970655 -0.43619816651756066 -43.21863514221564 -0.10327937768508406 -0.45352042272783877 -0.885241546875056 1003.247319883862
-0.8456975342094186 0.5080428305336835 -0.16336512166135683 365.17220443989936 0.523563185151752 0.7305888817649204 -0.43831664010762056 -43.704013255687855 -0.10333088495632657 -0.4562152651816962 -0.8838497383771378 1002.3059204677252
-0.846102508927907 0.5067871461159221 -0.16515850846256097 364.990759958142 0.5230460191979766 0.729745243487837 -0.440334806037435 -44.18675644328662 -0.10263238371511835 -0.4589538845445757 -0.8825122807499025 1001.3699189241354
-0.8466989083352284 0.5066537552085899 -0.16248978723896643 364.81837331067345 0.5221562500185718 0.7325396052258405 -0.4367362789397173 -44.651669895071706 -0.10224387116336872 -0.45462918857966345 -0.8847929089345841 1000.4778195670087
-0.8464416590757672 0.5069395543768686 -0.1629380434068187 364.64178819165113 0.5223709217417952 0.7311920975613404 -0.4387331040421641 -45.119292492916664 -0.10327215452234055 -0.45647607239813587 -0.883721934450132 999.5679929962747
-0.8465914252548734 0.5071299706690395 -0.16156160290780386 364.45218747793984 0.5219284755896142 0.7315421661923789 -0.43867610540267804 -45.6279599825246 -0.10427667550137894 -0.4557030304175957 -0.8840028976279422 998.5820641935992
-0.8465031881624707 0.5077172408948959 -0.16017351756406148 364.2703207830819 0.5217693659039304 0.7314103477227731 -0.4390849941050825 -46.1280869719403 -0.10577845354787233 -0.4552604820782552 -0.8840524940425727 997.6277124271195
-0.8463917064474179 0.5092383507086009 -0.1558761733704341 364.0950008586248 0.5215460423679547 0.7333659195224027 -0.43607815099289504 -46.613538573648654 -0.10775344517623435 -0.4503895316841231 -0.8863060785090026 996.6948260478908
-0.8451239786220891 0.5119519626998523 -0.15385268488309609 363.91450928647936 0.5229433645792033 0.7320621509671233 -0.4365950578785437 -47.10625648644108 -0.11088596935838786 -0.4494331930433671 -0.8864051595011684 995.73139140955
-0.8441184772782608 0.5137771831925245 -0.15328731959357503 363.73331623265443 0.5240937935970459 0.7303805773646583 -0.43802957402614173 -47.60372322849533 -0.11309151971073444 -0.4500857898659123 -0.8857951738016481 994.7490305294646
-0.8438522929619985 0.5137586162026087 -0.15480759652018233 363.5601890510187 0.5244257001566016 0.7286255754698255 -0.4405479040768686 -48.0847011731006 -0.11353850746787139 -0.45294244120952626 -0.8842805845845089 993.8019768888665
-0.8431065426672294 0.515049147914629 -0.1545824470763855 363.38370155378135 0.525693322247159 0.7288983688044226 -0.43858146210139176 -48.56956002841707 -0.11321611482669883 -0.4510338603549244 -0.8852968813662907 992.8588395089399
-0.8428558522148608 0.5163938777932845 -0.15143109114304293 363.2045353668972 0.5263039961818272 0.7323171874929282 -0.43210605238238053 -49.067598615219566 -0.11224132924282539 -0.44390190344270936 -0.889017988642379 991.8985917181786
-0.8415649329093611 0.5183759433019944 -0.15183822016550208 363.0329318697467 0.528333617784738 0.7314652831445612 -0.43107090817258287 -49.535466441883855 -0.11239240194848309 -0.44299539609347305 -0.8894509694323997 990.9775672141567
-0.8424766613422682 0.5160208193015418 -0.15477593204677575 362.862719346544 0.5273040690916161 0.7309773526071408 -0.43315416273525287 -50.00402357335528 -0.11037886488366187 -0.4465362516334144 -0.8879312372949677 990.0527326812387
-0.8433130376290318 0.5144666221909034 -0.1553937425264447 362.6832930034613 0.5264683893051252 0.7327538197140445 -0.43116455647112606 -50.493861343591455 -0.10795441458022434 -0.4454165851716329 -0.8887912634734213 989.086210612371
-0.8431622488510415 0.5150569266473284 -0.1542523400958982 362.49002945459387 0.526807791479074 0.7340660920779115 -0.4285096536816901 -51.014362059353374 -0.10747545277593157 -0.44256449786903457 -0.8902728190147872 988.0430146513858
-0.8424698506731801 0.5164368152131892 -0.15341957697492653 362.293826061975 0.5278250711521504 0.734178936701504 -0.4270620366727468 -51.53754889368377 -0.1079131362250836 -0.4407655893967973 -0.8911119179058029 986.9879362035002
-0.8421880173839983 0.5155619352052346 -0.15784560286001395 362.10934087473424 0.5283871589291501 0.7308743447423914 -0.4320066000377299 -52.023119613125694 -0.10736085717610351 -0.4472343716272401 -0.8879499215505331 986.0076242300196
-0.8433163923165233 0.5150066099780419 -0.1535762160269822 361.9266347630252 0.5267972974390317 0.7356491329585094 -0.4257992021931509 -52.520262922940226 -0.10631119348954944 -0.43998698259870983 -0.8916890631170196 985.0126234159511
-0.8430415566037822 0.5160548845636558 -0.1515529279065944 361.74813452011267 0.5270407318211279 0.7364242046585935 -0.4241549926552866 -52.995831080133094 -0.10728001137452547 -0.4374548512829055 -0.8928181518363808 984.0583112237598
-0.8426555187887577 0.5161124664268751 -0.1534913634495928 361.5799384357074 0.527519489128094 0.7341395072801732 -0.4275071606891018 -53.43707369987807 -0.10795770118375493 -0.44121095390888837 -0.890886091992644 983.1547616102225
-0.8430219173782131 0.5162120512044927 -0.15112632137125967 361.40620441730505 0.5269334380063001 0.7362048159333618 -0.42466883675092487 -53.90702322870552 -0.10795924569400465 -0.43763864910194367 -0.8926461863926856 982.203758226278
-0.8418286220010772 0.5184578891138445 -0.15008660298434878 361.2252171326103 0.5285801745245805 0.7356357472176072 -0.4236071842109796 -54.39083337046454 -0.10921341620573845 -0.43593745495335473 -0.8933257888863735 981.2213402136597
-0.8398800656494377 0.5210738695232565 -0.15193254366577935 361.0529697673609 0.5312125578336317 0.7316701808221089 -0.4271673733978182 -54.844851514406216 -0.11142124449378145 -0.4394778367515269 -0.8913161825523267 980.2909426257196
-0.8379761612547977 0.524754193643007 -0.14976311102120024 360.88595130744363 0.5335283949847108 0.7301633761170534 -0.42685933973896245 -55.289064988691116 -0.11464468986267123 -0.43760082316127225 -0.8918307657032618 979.3907322639143
-0.8380317216914899 0.5245271381788614 -0.15024684606569427 360.71787824956476 0.5332846468481294 0.7291905848214738 -0.42882231336974647 -55.755793291714824 -0.11537035526884469 -0.43949103781716625 -0.8908071108851389 978.4496711153311
-0.8384607753256441 0.5239393692339278 -0.14990352099624385 360.5516271230702 0.5326832673186216 0.729891121807993 -0.42837773871272256 -56.228760051358144 -0.11503071311208196 -0.43902902828016127 -0.891078810974821 977.5020188618281
-0.8376802910844984 0.5253982438371014 -0.14915902688566246 360.39243358275723 0.5336728658366827 0.7293422191956489 -0.4280808329841763 -56.671036028068485 -0.1161249421883555 -0.4381970021253625 -0.891346388970132 976.6118355124504
-0.8362981239161777 0.5276890664697932 -0.14882774291951603 360.22074481384277 0.5355341532140243 0.7280152195370586 -0.42801519933729487 -57.13844608221728 -0.11751007903842146 -0.43765064749254695 -0.8914332796534667 975.666408719166
-0.8361720904008582 0.5283020489578417 -0.14735392869415875 360.04970661982196 0.5358461352511654 0.729590966573407 -0.4249305129440217 -57.61462506890266 -0.11698356538867144 -0.4342740684883531 -0.8931522148366006 974.7090819585203
-0.8350745546418298 0.529670375468168 -0.1486599527147693 359.891453083449 0.5373568333638814 0.7274233120156257 -0.4267352326365346 -58.04812195612047 -0.11789029572822378 -0.4362391757827654 -0.892074694005767 973.8234495169808
-0.834526228342865 0.5305577953572407 -0.14857456038465813 359.717191722351 0.5383385665116078 0.7277839659329732 -0.4248789083222394 -58.52968510871875 -0.11729263409974229 -0.43455600872216243 -0.892974531142633 972.8458221210373
-0.8340682079808811 0.5315520728435601 -0.14758935697154488 359.53159662061586 0.5393811310292725 0.7296397385866505 -0.42034967273067425 -59.047670559710035 -0.11575068002021047 -0.43020721255101907 -0.8952784674859207 971.7989818974388
-0.8325912422614925 0.5336276724359266 -0.14843628437844403 359.3533443969652 0.5416440972189747 0.7283690928764598 -0.4196428677937504 -59.53068225257357 -0.11581664499243506 -0.4297906138492759 -0.8954700067505089 970.8100204741222
-0.8308626530553949 0.5360273473835403 -0.14947218675965748 359.1780978511519 0.5441954786669417 0.7265432792499017 -0.4195070254182347 -59.99272039750399 -0.1162692253186788 -0.4298948083354385 -0.8953613354450974 969.8539442523439
-0.8293874723031565 0.5377622028688959 -0.15142071837160054 358.99937740016736 0.5467202668179325 0.7254945096275542 -0.4180366806283886 -60.459664216629854 -0.11494942643226536 -0.4294991614262663 -0.8957215525468977 968.8803005250985
-0.8282882121154111 0.5386982321669862 -0.15408715822812136 358.8119152750065 0.5488140472584272 0.7246196914252767 -0.4168086423414947 -60.94621576295681 -0.11287948973342404 -0.4298028820970141 -0.8958391057207872 967.870935362642
-0.8257136841933375 0.5419697331154133 -0.15641521704320047 358.6167674345298 0.5529115695754993 0.7226868159074489 -0.41474397203950936 -61.442782927811294 -0.11173946467305457 -0.42894355631057085 -0.8963937290801499 966.8369356775925
-0.8239266010026444 0.5443100733235132 -0.15770700757664327 358.4264773873996 0.5556522155926953 0.7212812540716748 -0.4135262601476709 -61.92043311123063 -0.11133540078140286 -0.4283455341232623 -0.8967299102458328 965.8351294271398
-0.8233666190445645 0.5447366722720292 -0.1591520295978577 358.23650494743913 0.556646609234067 0.7205897862894948 -0.41339437867909445 -62.4018047309462 -0.11050775118215159 -0.4289665695334025 -0.8965353976009013 964.8247028085033
-0.8242787604023719 0.543096511644668 -0.16003344709441442 358.04111225844264 0.5556670712512739 0.7217531932079823 -0.4126820010869277 -62.901445052949335 -0.10862150374837545 -0.4290903251455028 -0.8967066754463057 963.7831481480473
-0.8249204499145047 0.5419651324176306 -0.1605616596712611 357.8532286586824 0.554980314469575 0.7226741681423141 -0.41199380729698387 -63.37743821475314 -0.10725251448847387 -0.42897067725353183 -0.8969286795462301 962.7900932698295
-0.8250324990068719 0.5422829004461803 -0.15890447276949926 357.6653349436536 0.5549117406078186 0.7243672210689661 -0.4091027855886866 -63.85100257771479 -0.10674425379417163 -0.4257010511197979 -0.8985456467856392 961.8024776865662
-0.8248320018299988 0.5422198925999533 -0.16015541460097507 357.47803156408264 0.5551195369865848 0.7229771542309059 -0.41127403773637233 -64.31955287165577 -0.10721225868767932 -0.428137387445987 -0.8973315491266364 960.8229027127121
-0.8238903649219416 0.5432895960070199 -0.16137249288313477 357.29439422269405 0.5561669556764667 0.720274131367505 -0.41458834172749687 -64.7734173702107 -0.10900910054834155 -0.4313253882549861 -0.8955866375981304 959.8698825918399
-0.8247720746229692 0.5433711738406493 -0.15652090071666586 357.10612926207654 0.5547380782973589 0.7238507954465961 -0.41025076528664967 -65.25738006154604 -0.10962066141505346 -0.42519147847806654 -0.8984406030565182 958.8690144257132
-0.8263175205820281 0.5414767792180282 -0.15492660438684583 356.92967134275204 0.5526328930405777 0.7264795546505517 -0.4084413571179291 -65.7204708055486 -0.10861049999317697 -0.42311978710810233 -0.8995406633659337 957.9082657299203
-0.8260455460148389 0.5415022255135203 -0.15628210285553817 356.75525695961255 0.5529792587625693 0.725106076186614 -0.4104084765884471 -66.16194533642833 -0.10891600106248374 -0.4254368555275339 -0.8984101439049978 956.9707169071642
-0.8253309718758616 0.5426777232047096 -0.1559797281693874 356.5674129108377 0.5540687619481074 0.7251263914604392 -0.40890038327305517 -66.63310567467798 -0.10879611158370486 -0.42390164560297855 -0.8991500436297328 955.9660343963149
-0.8244725798677465 0.5442595194709918 -0.15500496931203595 356.36862734899523 0.5552418535720245 0.7250901816951297 -0.40737048549351773 -67.12917151434777 -0.1093226833192527 -0.4219310416105073 -0.9000126371542504 954.908138352585
-0.8238594563583026 0.5453298857933684 -0.15450214182849176 356.17203551814856 0.5559769907925254 0.724531278888134 -0.4073622609201928 -67.62229201033084 -0.11020518081418235 -0.4215088867074047 -0.9001028144319932 953.8549989822415
-0.8234268417798418 0.5462462008758244 -0.15356863047250663 355.98706741595055 0.5563994070155812 0.7242100620743288 -0.4073567059261507 -68.0951809568333 -0.1113011056062848 -0.42087394076970847 -0.9002650664508716 952.8431765169477
-0.8225123020597915 0.5485288128179657 -0.15029855112013737 355.80586885658596 0.5575003942732943 0.7252919972532367 -0.40391190760552026 -68.56021694026393 -0.112546982835702 -0.41601401446216063 -0.9023666197425827 951.8555790162056
-0.8215077553812551 0.5498299064614907 -0.15103669027424257 355.6192762367069 0.5586250533459436 0.7229912682976398 -0.4064746926188763 -69.03595381118164 -0.11429373396074571 -0.41829499151426314 -0.9010916948076872 950.842738618282
-0.8208425360794203 0.5507072325728631 -0.15145651176044336 355.4218818246137 0.5592862234442597 0.721232912284434 -0.408683259386985 -69.54172945150081 -0.11582940571443615 -0.4201721435669567 -0.900021621152618 949.7654609956752
-0.8203768076606724 0.5517657227014854 -0.15012155309677896 355.2179191338039 0.55962604049698 0.7207809168859807 -0.4090153599202304 -70.07400821836846 -0.11747590497694854 -0.41955864560834794 -0.9000944142950411 948.6417935894002
-0.8198750542185784 0.5534010209163922 -0.14680669439359761 355.0164319113515 0.5596633741878172 0.7205585840114054 -0.4093558776910181 -70.60394590148816 -0.12075513679668759 -0.4177830023542986 -0.900486290779065 947.5258239424052
-0.8197001158957953 0.5540022364517863 -0.1455102814471759 354.8348651345747 0.5592866928538452 0.7192746402488904 -0.41211938451307506 -71.09891620367534 -0.1236532053649432 -0.41919627133509546 -0.8994355846316763 946.4935120498017
-0.8195590345234197 0.5546741184107163 -0.14373451671860882 354.6668519512756 0.5589858442971984 0.7188293070556335 -0.4133028589222 -71.56946186657096 -0.1259278158564842 -0.41907165220664955 -0.8991780332672732 945.5145276976173
-0.8203308812401249 0.5547474334628056 -0.13896953029433326 354.4943233110298 0.5573404535033165 0.7210360914623863 -0.4116777546787788 -72.06511147679153 -0.12817513086599153 -0.415165316319986 -0.9006713584612364 944.4920552760639
-0.8203324715202078 0.5556335143603698 -0.1353736824094311 354.32942521815795 0.5563764927674082 0.7206458914616602 -0.41366012306634675 -72.54712363863878 -0.13228693988970341 -0.41465756575633866 -0.9003106512174798 943.4968152598925
-0.8213745333262613 0.5554426451681351 -0.12972025258874892 354.18479908799395 0.5533419770838787 0.7207605620871538 -0.41751271661676653 -72.99666695015506 -0.1384071255389948 -0.4147139738041556 -0.8993641017583457 942.5777131725201
-0.822599460597046 0.555111905298515 -0.12321079506804129 354.0413526977535 0.5498632046596001 0.7213678683206738 -0.42104495569470934 -73.45916937746159 -0.14484675897968888 -0.4141004360663464 -0.8986324305647657 941.6463010291338
-0.8232097168718667 0.5552406865705825 -0.11846325178875802 353.8988343378074 0.5470257181946028 0.7198736881302731 -0.4272525444879122 -73.9431903848763 -0.15194941816741658 -0.4165208915700932 -0.8963379503313664 940.6810326008797
-0.8243186601603982 0.5551357041615312 -0.11100944318590343 353.77236843883577 0.5431137660995621 0.7201204765384458 -0.4318031222017623 -74.41020354495973 -0.15976915717532095 -0.4162341279077457 -0.8951105893577412 939.7623159329672
-0.8263113515852165 0.553705939700939 -0.10304990335420246 353.6520024310792 0.5378927921889527 0.7215959944337561 -0.43585612870341645 -74.89095583942984 -0.16697572983095862 -0.4155826670556147 -0.8940973954163818 938.8350952812315
-0.8271295016128211 0.553633585695957 -0.09667802413765553 353.5351675797409 0.5341771779823894 0.7209808498472972 -0.44140837857503123 -75.38365527350776 -0.1746754993824068 -0.41674508628525614 -0.8920829574499213 937.885118303826
-0.8279360639565465 0.5537470307493915 -0.0888037157802039 353.42089360729176 0.5307446514478211 0.7224874386154252 -0.4430824031740048 -75.89403375868511 -0.18119599598133646 -0.4139759980713298 -0.8920716810106544 936.9105375308345
-0.829410212749166 0.5526606051155237 -0.08151659058574273 353.3107885412724 0.5262869823233647 0.7240749894870792 -0.44579975531201316 -76.42670365960427 -0.18735183805969366 -0.4126519903655237 -0.8914132731920829 935.9021759227214
-0.8299232884496698 0.5527206785804047 -0.07567817887938585 353.2097523904831 0.5227013668427274 0.7229985202340433 -0.4517260462272753 -76.95776282382614 -0.19496311545937792 -0.4144550533037323 -0.8889411636331004 934.9045570573834
-0.8302981509989177 0.5531580448167707 -0.06797909901038222 353.11339591564445 0.5191729825266228 0.7233413042493089 -0.4552326567606042 -77.51032288162057 -0.20264351621057536 -0.4132717447653483 -0.8877736593954655 933.875423625955
-0.8308940369580765 0.5532265573328183 -0.05962780902553595 353.02694997053686 0.5147232273966739 0.7234820473842632 -0.4600366575513574 -78.07504299104825 -0.21136484694919982 -0.4129335338457649 -0.8858954780897048 932.8364073097376
-0.8316042798208015 0.5530370471726558 -0.050836465635140986 352.9497054076376 0.5096848852809307 0.7236374437313702 -0.4653710001129109 -78.63476996863872 -0.2205802337016771 -0.4129150935537192 -0.8836546191898923 931.8163365956066
-0.8313590560332933 0.5540488376538013 -0.04326667823972887 352.88474651232605 0.5059913227239682 0.722450406221082 -0.47120928670712864 -79.18193167770494 -0.2298149283216307 -0.4136366715433537 -0.8809595919649529 930.8310126612088
-0.8328801875302665 0.5522976739738011 -0.03574734315545586 352.83184872175406 0.5001848594565377 0.7234979163081178 -0.4757792255534638 -79.73812470981879 -0.23690863131170922 -0.41414737041413124 -0.8788380146472213 929.8465631488434
-0.8341133501715515 0.5508489944155178 -0.028640956984715468 352.78569598718207 0.49553639920531295 0.725527416473468 -0.4775496257018384 -80.31359700248544 -0.24227793157491456 -0.4125231548613322 -0.8781378311945288 928.8342226420768
-0.8345782583198439 0.5504215094874607 -0.022700058003403037 352.7446465852295 0.49247803575986127 0.72698771105669 -0.4784916428388918 -80.8937246630643 -0.24686942911976797 -0.4105180018782351 -0.8777986415459854 927.8172384369309
-0.8346063476388846 0.5505068420414397 -0.019351003757925644 352.70863576499767 0.48984503342143587 0.725653923041984 -0.4831958476706198 -81.45301857650043 -0.2519604883969489 -0.4127573147011914 -0.8752984127984175 926.8429360165306
-0.8360108088671202 0.5485618449569869 -0.01287748868088865 352.6854282349983 0.4850006298430807 0.7277599057818555 -0.4849122689602706 -81.9764109426363 -0.2566326489540126 -0.41163748832409575 -0.8744679878057702 925.9397787696644
-0.836907892650456 0.5473132068732421 -0.005782110470823317 352.6686598623314 0.4810653058322371 0.7304858785493616 -0.4847334863247033 -82.50908152784345 -0.2610772888320697 -0.4084588532791197 -0.8746427924781629 925.0258042737722
-0.8371051021558349 0.5470390982240233 -0.0018091320883414854 352.65584502018 0.4783099456688612 0.7303196071052842 -0.48770161713063076 -83.05075179444245 -0.2654706082015773 -0.4091228379005861 -0.8730085106625546 924.0948666708839
-0.8377517452822518 0.5460504719889031 0.0009462120448665089 352.64580755457047 0.47552765966536775 0.7304050874996351 -0.49028752079552945 -83.61363960194727 -0.2684128502320902 -0.41028927623732175 -0.8715602398199086 923.1313275782464
-0.8373341184389672 0.5466868447276344 0.002251199630780902 352.635452803313 0.4751203342809867 0.7297437404746469 -0.4916652735253861 -84.19598582177312 -0.2704297358848621 -0.4106185176533242 -0.8707813680307054 922.1308625317745
-0.836994412528763 0.5471844803366719 0.00543119455679995 352.6286264916382 0.47480531404750814 0.7311429407008221 -0.4898876544837593 -84.7730908669515 -0.27202990120182213 -0.40745446953253445 -0.8717686551546139 921.1399176152942
-0.8365203769193819 0.5479185924568111 0.004344541264496361 352.6221422590733 0.4749528775422588 0.7290300455647151 -0.4928843239323355 -85.34131487181028 -0.27322778612904397 -0.41024432805835953 -0.8700840006476172 920.1650297065881
-0.8358259967598548 0.5489778224549134 0.004272422387051777 352.61531499552706 0.4752065673344279 0.727361403717137 -0.4951000977023371 -85.89327045851363 -0.27490656867856067 -0.411787249481205 -0.8688254368180525 919.2233458614025
-0.8359819186145335 0.5487188306015657 0.006471220349407267 352.61030552629717 0.4744431415996641 0.7286469213377059 -0.4939406537369868 -86.43859310250592 -0.27574977269002404 -0.4098552292802079 -0.86947153713797 918.3080145539458
-0.8359271333038751 0.548803465146645 0.006370592546804122 352.6069260894113 0.4743127032998748 0.7282069198640212 -0.4947142016867091 -86.99483748112802 -0.27613997771913734 -0.41052337144819034 -0.8690323781080206 917.3713781015806
-0.8352983275278025 0.5497620783147785 0.0061936480581446934 352.6034480315172 0.4746313036763618 0.7267403102219353 -0.49656182602874377 -87.56478995902286 -0.27749203520052346 -0.4118375635436127 -0.8679792576177892 916.4077062667706
-0.8350452419379867 0.5501347729544888 0.007153705546018488 352.60063031502733 0.47452177332696316 0.7267314613758059 -0.4966794435903478 -88.14193652259776 -0.2784394558164463 -0.41135521709697215 -0.8679045770196976 915.4452675279463
-0.8344674351831942 0.551020143864371 0.006395363513203985 352.59708294230416 0.4752389974225166 0.7254820085235277 -0.4978189938496793 -88.70426250939029 -0.27894801477626224 -0.4123744128390539 -0.8672573716538959 914.5114634977565
-0.8335440210126672 0.552412406829122 0.006700583205022502 352.5915471365969 0.47629522486506226 0.7247290154295555 -0.49790632950912045 -89.2419429840241 -0.279905740928565 -0.41183538820232835 -0.8672049291946309 913.6209634098569
-0.8335272092478095 0.5524580183632043 0.0047465134316052445 352.5870662902682 0.47636935112601686 0.7230260208275183 -0.5003055211709145 -89.77630196566979 -0.2798296495215096 -0.4147571713093399 -0.8658359290859556 912.7330903584677
-0.8342078913660208 0.5514393989193938 0.0034326814695666004 352.5823294218834 0.475397366123389 0.7222994719140413 -0.5022756386244899 -90.29412255936877 -0.2794540002676585 -0.41737041365208605 -0.8647007572231483 911.8811139258186
-0.8350588110993185 0.5501535914490159 0.002794247866356382 352.5772718349233 0.47402144427198384 0.7220599140060616 -0.5039178017850322 -90.77435530227092 -0.27924980282121975 -0.4194764670411282 -0.8637470933224604 911.0991272146674
-0.8357966886495847 0.5490377225498709 0.0012142732956329245 352.56982457073855 0.47318479410134356 0.7214444174167164 -0.5055829340568384 -91.24619547342026 -0.27846013336499875 -0.42198996646307146 -0.8627771568202526 910.3424760697657
-0.836386146680763 0.5481396910287741 -0.001045351319617858 352.5637708981877 0.47219618255301377 0.7195356296523723 -0.5092143388035364 -91.71163319145694 -0.27836842281922075 -0.4263934295690342 -0.8606391022940408 909.5917965866981
-0.8368622550121625 0.5474131601341223 -0.0006310688777674382 352.5576995886251 0.471167241806948 0.7197128544301168 -0.5099165004352031 -92.1506418035695 -0.278680814524405 -0.42702721140464384 -0.8602236711088482 908.8833963064047
-0.8364577369468842 0.5480310899819536 0.0006153981520354857 352.55117992097075 0.47118706127195814 0.7197435217128908 -0.5098548972425581 -92.58338941295195 -0.27985926390167565 -0.4261821058720281 -0.8602601961284108 908.1809975740994
-0.8374927576251978 0.5464306896508021 0.004402537119298364 352.5460460431231 0.4690613390985175 0.7229982907341488 -0.5072030478601274 -93.04390682622615 -0.28033433804734265 -0.42271381927167595 -0.8618153432773792 907.435244639358
-0.8375707556788168 0.5462885273623658 0.006638833020171803 352.54450027609585 0.46818445857317087 0.7239781266313358 -0.5066152237249945 -93.51757892023994 -0.281564454401043 -0.42121789733063136 -0.8621467050254269 906.6633590918744
-0.8372249801386562 0.5467403680386037 0.011371129620002137 352.54601019851304 0.4679873900587499 0.7270780217656178 -0.5023398779824205 -93.98686377543683 -0.2829171881979255 -0.41524994909380425 -0.8645954802101202 905.8931232872546
-0.8368592476511593 0.5472720302942579 0.012646125032298125 352.5469113182109 0.468963156482363 0.7286475281029646 -0.49914560766527405 -94.45749762563271 -0.2823829978642987 -0.4117840509867266 -0.8664258409524315 905.1139715481883
-0.8362978502131385 0.5481563505962352 0.011424580075257644 352.54500612469224 0.4710623757019995 0.7290291496187252 -0.49660521262284807 -94.93887509157338 -0.280546152935422 -0.40992818188947966 -0.8679013433368541 904.3040924049258
-0.8346472608206267 0.5507655470848161 0.004611089782662863 352.542728388362 0.4752397079082778 0.7243743424983514 -0.499428705580019 -95.42138206100134 -0.2784082793881561 -0.41465542812610445 -0.8663427184975232 903.4791098278845
-0.8343363845303254 0.5512516996629692 0.0020883169176009863 352.5353759453326 0.4774179428351307 0.7244703037638497 -0.4972070864573278 -95.94736358889969 -0.2755991750857225 -0.41384096291087696 -0.8676293863793819 902.5893702638958
-0.8336651477360705 0.5522579742487519 -0.0036812129599406254 352.52348182248284 0.4800548096549838 0.7213427033803986 -0.4992114622151348 -96.50519945840514 -0.2730380947364433 -0.4179423813859059 -0.8664723680903889 901.6486489914922
-0.8333697001183136 0.5526920167878078 -0.005145629576022045 352.5059645139136 0.4824047660437378 0.7227808693157813 -0.49484690223280925 -97.07704451651198 -0.2697787697781143 -0.41487269075000327 -0.8689649393657115 900.6775068011182
-0.8321442371050963 0.554459337567467 -0.010526710645730429 352.4848419172425 0.48567029584050325 0.7194785886998905 -0.49646240959473414 -97.61777335400221 -0.2676944758320006 -0.41824084375710907 -0.8679943918150436 899.7607477311037
-0.8314888780010372 0.5552990659469822 -0.016407105746637757 352.4621482664903 0.4882788174942345 0.7164106059517183 -0.4983368740784906 -98.11529299522098 -0.26497177613286016 -0.42237281048654135 -0.8668282222070837 898.9133007979077
-0.8304137342993043 0.5568315439760989 -0.018752640354742042 352.4317336903853 0.4913415119016026 0.7160485459775932 -0.49584069869830155 -98.62027347728942 -0.26267194096310725 -0.42096687688768064 -0.868210999696561 898.0608740947819
-0.8294045218107803 0.5582017768532146 -0.022336416850985724 352.3968892701272 0.4940267299148621 0.7142095741237234 -0.4958248424188076 -99.13987193726649 -0.26081742527954915 -0.4222741533031862 -0.8681352487502276 897.1899471633753
-0.8287698235316694 0.5589859784577658 -0.025985678572932838 352.36244980144573 0.49532170505816225 0.7111883275340602 -0.49886628597007726 -99.66126285082059 -0.26037854769845165 -0.42631659440716063 -0.8662893126614926 896.3131074479637
-0.8293477682009104 0.5581915906756044 -0.024585106857679437 352.32725565867565 0.4952220741739603 0.7139895452676984 -0.4949485089373073 -100.18348419125114 -0.2587225862405601 -0.42265952887337455 -0.8685744332073843 895.4385414817468
-0.8294097218300945 0.5580476792828033 -0.02573520897134686 352.2890517725332 0.49630893528157427 0.7149375577328102 -0.49248525795470555 -100.705805710767 -0.25643118783289626 -0.42124467496945456 -0.8699402104262594 894.5607516198862
-0.8288666799395875 0.5586529139676883 -0.029781682311987356 352.2458979170707 0.49870050329138094 0.713694394448668 -0.4918720558737512 -101.26306653036114 -0.2535307375898306 -0.42254849786498944 -0.870157992579045 893.6106541032524
-0.8284568325702399 0.5591173341866924 -0.032358664676531416 352.19787349059635 0.5012139098838017 0.7144011318807191 -0.4882782396406152 -101.8327547606869 -0.24988776101816726 -0.42073605666678165 -0.8720878840540155 892.6425087195839
-0.8273799963948518 0.560417732058961 -0.037071648999498406 352.14201649001245 0.5044951492307473 0.7125643709122551 -0.4875824665726469 -102.40146782751134 -0.24683392386034758 -0.42211844652930325 -0.8722895340031244 891.676999448182
-0.82639510061251 0.5615340241886936 -0.041841096568896397 352.0794819127456 0.5081753643197042 0.7117324878412811 -0.4849687256409375 -102.99158195352682 -0.24254677235982833 -0.42203839331240006 -0.8735299982187869 890.6679913181234
-0.8262967795941092 0.560938994902292 -0.05080429145659849 352.00943041902605 0.5121915890841657 0.7108286617686062 -0.48206056640186595 -103.57929942496122 -0.2342934230912943 -0.42434662436062626 -0.8746636692408697 889.6651788880683
-0.8262174134404344 0.5603622331011329 -0.057956478858764864 351.93612528716733 0.5160034871333905 0.7114775567056077 -0.47701162204960756 -104.15132270306987 -0.22606456377321563 -0.42402105374395005 -0.876984012960266 888.679830787612
-0.8256171173935103 0.5605409422636869 -0.06442225945250223 351.85605204361696 0.5194724038841917 0.7105858713937595 -0.4745694269317702 -104.69781741375103 -0.22023804637165936 -0.4252782282479424 -0.8778574095538989 887.7324963912126
-0.8246914900876899 0.5610551141292472 -0.0714220210184488 351.7656598423658 0.5238136727947551 0.7100445183345604 -0.47059113695044186 -105.24363862088683 -0.21331474953741517 -0.42550433710181973 -0.8794560118262463 886.7693774099334
-0.8235249985276953 0.5614665923536217 -0.08100520026991005 351.6696742322757 0.5284823858956469 0.7074387133049665 -0.4692939747274156 -105.7581361157173 -0.20618667415233047 -0.4292851413550497 -0.879318669660648 885.8544074483331
-0.8220851836203024 0.561761572282547 -0.09273557450413104 351.56498846193233 0.5338602641601813 0.7039129645089949 -0.4685080114010628 -106.2556614093833 -0.1979120239469809 -0.43466133288204883 -0.8785786000548877 884.9514592704008
-0.8197076600089772 0.5636691942687152 -0.10176635767807028 351.4396032196882 0.5405640064442714 0.7025448005645433 -0.46284053208058834 -106.78593308076007 -0.1893935243336469 -0.4344051595367894 -0.8805806324853465 883.9798702769045
-0.818257274174614 0.5644028060971664 -0.10910777117131155 351.3039597074433 0.5460422736016232 0.7037871295466691 -0.4544463793721196 -107.32553345511559 -0.17970216665442773 -0.43143151108154365 -0.8840667296904663 882.976732670709
-0.8165297290679617 0.5647254080730685 -0.11985163755620326 351.160991064727 0.5522002483272737 0.7034535578002459 -0.44746840979612357 -107.84036998933102 -0.1683867194748243 -0.4315533634382682 -0.8862322535371981 881.9992947103595
-0.81468743064661 0.5651693558123454 -0.12987682471126147 351.0057443697371 0.5569903605057612 0.7002943007528646 -0.44648586835051857 -108.34969225756619 -0.1613881304498012 -0.4360865643237755 -0.8853148478175431 881.0215213380119
-0.8139471000755542 0.5662437692967154 -0.12983879239749593 350.8466165230955 0.5587760638841942 0.7019468453894906 -0.44163326038448153 -108.86652498124715 -0.15893215127430155 -0.4320169209422126 -0.8877510638185281 880.0404403090397
-0.8141668263117814 0.5662175439748417 -0.12856932693490913 350.6898382648789 0.5588777721867889 0.704168305663188 -0.4379527749141046 -109.38179674367454 -0.15744209948081775 -0.4284211598351934 -0.8897568741608775 879.0615336141045
-0.8132881501217015 0.5668774891242372 -0.13119564472884304 350.5286573567592 0.5607230677778942 0.7033380372444611 -0.4369270495481527 -109.90127632270618 -0.15540922151971012 -0.4289120162566077 -0.8898777759767488 878.0571173443552
-0.810614537903872 0.5701115721449375 -0.13370439875081072 350.3578174343912 0.5644943474875654 0.7000638465516216 -0.4373291007993099 -110.42979848711877 -0.15572476551106026 -0.42998070428540647 -0.889306691388717 877.0257331659752
-0.8114762252926988 0.5687978206240892 -0.13407227542633654 350.18952852136186 0.5629832314765052 0.6993843113904182 -0.4403537964605503 -110.96949384073666 -0.15670423370470818 -0.4328170794160455 -0.887757376147774 875.9886718011505
-0.8116903120899189 0.5687887954671423 -0.1328086721957694 350.0235358850557 0.5618606630848282 0.698220426729776 -0.44362239683672877 -111.50142051998795 -0.15959772096506275 -0.43470397036181463 -0.8863188058562382 874.9739671751217
-0.812139188753615 0.5687683379877779 -0.1301250006464444 349.864639956961 0.5601270430896362 0.6975757798738248 -0.44681733060959417 -112.02975099764394 -0.1633635017079272 -0.4357643962464633 -0.8851111553209998 873.9823267126095
-0.8119435231841401 0.5694964122734295 -0.12814660185511675 349.71010336078587 0.5595449263774489 0.696766560674487 -0.4488048966879698 -112.54689600302186 -0.1663045114378317 -0.43610800993966764 -0.8843939241886969 873.0144023890307
-0.8113789522158007 0.5702401867105974 -0.1284146617853594 349.54725584707774 0.5601519398916565 0.6957838350938131 -0.44957163951672574 -113.07848111644557 -0.16701496979851307 -0.43670468772662246 -0.8839655058772319 872.0183629565776
-0.8120531897146132 0.5696353444383415 -0.12682740808252166 349.38971885839044 0.5591473016778611 0.6972250989144557 -0.44858829283664087 -113.60639223530646 -0.16710449455560558 -0.43519275707476784 -0.8846939313056089 871.0308686445441
-0.8123354962347663 0.5694667242737361 -0.12577237972604563 349.24116564676234 0.5589186615499533 0.6986367001469813 -0.4466729127437021 -114.1181783210678 -0.16649616010052498 -0.4331447923647193 -0.8858129698300314 870.0673115401764
-0.8103222444136494 0.5711831229509966 -0.1308728400561725 349.0837377550416 0.5618976980406798 0.6940127613299424 -0.45013027452924187 -114.63909808305151 -0.16627939482992388 -0.4382877218986786 -0.8833204603584458 869.0701345873222
