0.9999973035247748 -0.00047202346259602926 -0.0022737935329161106 -0.002238237760482788 0.00046984181007538934 0.999999428905201 -0.0009599155929064575 -0.024545516716122626 0.0022742453370464136 0.0009588446812486 0.9999969542078737 0.7900994391632079
0.9999878078996629 -0.0006005254632278168 -0.004901369318390435 -0.007150285176248406 0.0005902565724950127 0.9999976285920332 -0.0020962842099535657 -0.049554357299269755 0.004902616567290423 0.0020933655863917375 0.99998579098471 1.609912215244013
0.9999707656291105 -0.0005866697838527559 -0.007623890456695669 -0.014781241959096476 0.000570533986070953 0.9999975932622867 -0.0021184807304619672 -0.07568470693171431 0.007625114956623218 0.0021140691093989436 0.9999686936768066 2.4734813844753987
0.9999504256641834 -0.00037699042782612035 -0.009950080011552145 -0.025383851680790354 0.0003475657992692622 0.9999955623733836 -0.00295878886637821 -0.10451474712091785 0.00995115129189283 0.0029551838788733293 0.9999461192865384 3.3167767082151753
0.9999196246610359 0.0012458830352708435 -0.012617130941544567 -0.04146956638081217 -0.0013285589833620386 0.9999776894493272 -0.006546413874266509 -0.1313793515331058 0.012608693380417535 0.006562650306689008 0.9998989711326796 4.135000452237817
0.9998895076916888 0.004080279948403287 -0.01429418495806672 -0.061230502662157925 -0.004122505300609926 0.9999872222287751 -0.0029258040305447327 -0.15543895997400692 0.014282064210722686 0.0029844086049612595 0.9998935523080243 4.997917051133666
0.9998744985176203 0.006032658184398561 -0.014649035782879455 -0.08048577972738531 -0.00595236112226008 0.9999670554847331 0.005518817107253829 -0.17938713823499544 0.014681846314686732 -0.005430928136453277 0.9998774666969794 5.938716561133191
0.9998244789821782 0.0068761750220852425 -0.017427835352733914 -0.10359298028144882 -0.006833307439670177 0.9999734822473166 0.002518076966824102 -0.20208192964035196 0.017444687943649183 -0.002398545234418748 0.9998449529018526 6.901464496074523
0.9997857485460961 0.007467449179882629 -0.01930528960851128 -0.12431643130538536 -0.007458982991450319 0.9999720510846172 0.0005105118585359596 -0.21729977782197832 0.019308562267964912 -0.00036640465379312535 0.9998135051952312 7.86221211279143
0.999772858706134 0.008852234604578431 -0.01938733960785453 -0.14524889247001002 -0.008676622658364575 0.9999207355104227 0.009123536350580531 -0.23388592860239305 0.019466566564474985 -0.00895324738860231 0.9997704197201425 8.856144776220145
0.9997623399690264 0.008296906302036828 -0.020159983270629258 -0.16540093734491543 -0.008074023793202685 0.9999056618340337 0.011112046257575751 -0.24912798994575225 0.020250277021404597 -0.010946633183720371 0.999735013642364 9.87635765403928
0.9997307681655775 0.009426486795139187 -0.02120218219348196 -0.18968686146041538 -0.00922664939298239 0.9999122725412601 0.009503481591107265 -0.2631020899916664 0.021289906623644803 -0.009305297849859704 0.9997300392145282 10.86435358458553
0.9997272272211439 0.008675810529456597 -0.021684129320313952 -0.21337179217651425 -0.008574574960125803 0.999951921345312 0.004757274647635905 -0.27834497912691225 0.021724359990027624 -0.004570044800308402 0.9997535530687285 11.81175600991811
0.999700948998612 0.010005647888352199 -0.022313663563143554 -0.24033237431464036 -0.009963195674754085 0.9999483401796231 0.0020128844885512554 -0.29706319508225054 0.022332651056724297 -0.0017899671371290544 0.99974899285492 12.814629280706692
0.999650682074218 0.010986405408276948 -0.024037735433185284 -0.2698072085071762 -0.010939829798511344 0.9999380193038051 0.0020682540375539 -0.3217423317199999 0.024058968234952047 -0.0018045628249628277 0.999708912434255 13.879321083067387
0.9995564477628635 0.013174465930062362 -0.02670844778612477 -0.3026606216831411 -0.01315612211452206 0.9999130825558522 0.0008624294535586255 -0.34698358190309037 0.026717488403559024 -0.0005106673204815422 0.9996428937537115 14.954315523132763
0.9994691513079256 0.013973503113452265 -0.029430541866462007 -0.33783511765570606 -0.0139594552248725 0.99990232896739 0.0006827411041516007 -0.37349698705181145 0.029437207639992167 -0.00027154434050083345 0.9995665946149019 16.043825131505237
0.9993716531961311 0.014149240969846209 -0.03249765788497886 -0.3764460629053472 -0.014111044744732652 0.9998994479653838 0.0014044125940367571 -0.4000291137857625 0.03251426155157236 -0.0009449542313580392 0.9994708249154937 17.138685712621946
0.9992457314903421 0.014681250512532102 -0.03595036831131465 -0.418847151528567 -0.014584537023173676 0.9998892853778258 0.002950977201143514 -0.42758462621161214 0.03598971211541678 -0.002424431894334884 0.9993492196183674 18.22792917688652
0.9991724320007948 0.014629296452809429 -0.037953060679120916 -0.46360862942435277 -0.014557636981424246 0.9998916907457517 0.002163789065666788 -0.45341819198794475 0.037980604723125276 -0.0016094915033784117 0.9992771803668725 19.30617443945724
0.999108378792253 0.015204904834209743 -0.039386016504570236 -0.5108090454075054 -0.015064895396523165 0.9998791091002065 0.0038491702574269303 -0.476653834477341 0.039439781361050544 -0.0032523920368661024 0.9992166559821908 20.408781159677886
0.9990635294766883 0.015494193946205187 -0.0403979457836594 -0.5596324734215471 -0.015230300158730097 0.9998606713355573 0.006831974347503102 -0.49859707850908974 0.04049817312740282 -0.0062103035648294145 0.999160312513951 21.53570924851019
0.9990505468495599 0.014910434653829513 -0.040935116685175965 -0.6074015732255366 -0.014662639001049457 0.9998723533606859 0.006346967976108809 -0.5166666375080966 0.04102452750635887 -0.005740724988947586 0.9991416477254274 22.62174065580288
0.9990170949205444 0.01492902590518262 -0.04173689305684116 -0.6549591806490792 -0.014654527559446304 0.9998689801560574 0.0068751249949633554 -0.5321611286740331 0.041834063614777366 -0.006256732950136779 0.9991049816782349 23.656760763042005
0.9989644172686208 0.01607336278954938 -0.04256453969914422 -0.703903968301983 -0.015696990718227943 0.9998348182805599 0.009161912260710421 -0.5488353354534143 0.04270477155490194 -0.008484289158003715 0.999051710035035 24.66956366763934
0.9988825808277452 0.01750796808528254 -0.04389830033643169 -0.7563257025009186 -0.017191538689659818 0.9998235161527416 0.0075754567817230625 -0.5670154620177803 0.044023183851066044 -0.006812312492432513 0.9990072830976365 25.700358871375926
0.9987978251446513 0.018923851413821503 -0.04521938007074107 -0.8117415528051374 -0.018710021469952147 0.9998117022862969 0.005147336007343721 -0.5842537568513105 0.04530827278663866 -0.004295092437442177 0.9989638194639714 26.774822599052236
0.9987302702118935 0.02037767424199234 -0.04607165891266729 -0.8667267695060806 -0.020053160458468413 0.9997708218192475 0.007494971280446654 -0.6036993460834289 0.04621383037689947 -0.006561572323387331 0.9989100197968488 27.869160738281092
0.9986860416163287 0.021532592669394977 -0.04650309380721148 -0.9191752033836514 -0.0211928382446199 0.9997450819178945 0.007786834281081484 -0.6232394759167025 0.04665891005848478 -0.006791070159964984 0.998887795239404 28.930134261966625
0.998631642770733 0.022210655473702167 -0.04734478683503997 -0.9709432303941223 -0.021924653147561087 0.9997381583232842 0.006551669766415599 -0.640635149499843 0.04747790687663065 -0.0055046867120234905 0.9988571203044093 29.958974433807423
0.9985414221429041 0.023139806771352512 -0.04878091437653606 -1.0260978245352501 -0.022946142364474155 0.9997264555793494 0.0045264296461388276 -0.6579790570718738 0.04887231133694989 -0.0034004936901320497 0.9987992460085502 30.972987711766166
0.9984512909850206 0.023032833027558118 -0.05064097286852232 -1.0829904125013992 -0.02280055868795076 0.9997267187599408 0.005159682257694708 -0.6736061297531755 0.05074597574057574 -0.003997048937364124 0.998703594439276 31.983708826799198
0.9983733956011399 0.023761934562515973 -0.05182599175796234 -1.1389245263037517 -0.02317281874291635 0.9996601863971599 0.011938685183224553 -0.6886273879098519 0.05209206683706857 -0.01071831135220978 0.9985847657431992 32.979567088671935
0.9983609602830652 0.02249341189434394 -0.05262546345665175 -1.1922356429011705 -0.021885154560209567 0.9996871916258663 0.012106151703370985 -0.7004736899180101 0.052881310427709174 -0.010934592838358442 0.9985409364101745 33.95088459163889
0.9982906312838616 0.022866496712291188 -0.053786046694063464 -1.2493688199803634 -0.02239909467792703 0.9997060664127314 0.009276924878076343 -0.7107073414325153 0.05398236794063839 -0.008056308440656067 0.9985093889622826 34.928226423433856
0.9982221302131375 0.024236025559458398 -0.054453593249916714 -1.311981134592176 -0.023878617085128596 0.9996889035812305 0.007204700039539986 -0.7209984083326009 0.05461126622637406 -0.005891614518892183 0.9984903096572912 35.93769449183133
0.998176097302389 0.025611004436892723 -0.05466767990234511 -1.3768647441118373 -0.02510874993141124 0.9996361518922345 0.009854669297746976 -0.7330597849780688 0.05490017714956542 -0.008464058235832336 0.9984559731240668 36.9778108941639
0.9981120409858124 0.02534261105470045 -0.055947347605284456 -1.4399078340015614 -0.02477377741456472 0.9996343356267522 0.010837665277915638 -0.7446840862038727 0.05620154438936673 -0.009431177073552854 0.998374899177287 37.99005669515621
0.9980011295757732 0.02545898718753806 -0.057841035060462016 -1.507313875714613 -0.024739255879002543 0.999607767510442 0.01312556099159793 -0.7564715244273492 0.05815251141639597 -0.011668380529263316 0.9982395175065906 39.023053191646234
0.9979053936541064 0.025692816048597127 -0.05936922198863854 -1.5804386794521907 -0.024925618622461898 0.9995964246889238 0.01362722588823481 -0.7700041521217093 0.05969538384440521 -0.012118867629211305 0.998143073008602 40.088529837590315
0.9977700930577559 0.02562526293914342 -0.06162943532774777 -1.6537747785586616 -0.025002409295353963 0.999628437996772 0.010856586828369699 -0.7819296188773268 0.06188473906339819 -0.009291493283326147 0.9980400529155238 41.148581865474206
0.9975944627141482 0.026318079410757138 -0.06412992014808029 -1.729520944584477 -0.025476295752443825 0.9995786611522531 0.01390893683225762 -0.7923801850675686 0.06446895622548955 -0.012241685553827968 0.9978446245874143 42.24101698085673
0.9974693402300443 0.02700895045351532 -0.06576801575568406 -1.805826432879963 -0.02596840945135452 0.9995245068390654 0.016625340257888605 -0.80261451840255 0.06618577650528212 -0.0148753764161894 0.997696429864751 43.32495751473318
0.9973294130574212 0.027155938854651757 -0.06779820672748282 -1.878158242459564 -0.026139523724913023 0.9995328907769482 0.015834315726066507 -0.810998133287108 0.06819653326947635 -0.014019815975984203 0.9975733945981244 44.31692039803728
0.997195587351161 0.027154952039952912 -0.06973929413953993 -1.9524986841073961 -0.026092597791082753 0.9995298819012599 0.01609942629309725 -0.8174930127394782 0.07014368758403138 -0.014234597506144801 0.9974353308991778 45.315305528667096
0.9970163654474284 0.027973685524716553 -0.07194331065612915 -2.0318942824641715 -0.026722998624495276 0.9994755652475974 0.01828868003743469 -0.8235992950193578 0.07241718286784753 -0.01631157230804869 0.9972410361764724 46.33340767056771
0.9967608899140366 0.02863462266553768 -0.07515175794737196 -2.1103571974696447 -0.027256099655836613 0.9994420483877979 0.019305360549719767 -0.8294353063793647 0.07566262861762875 -0.017194484557725122 0.9969852136975078 47.28660856882479
0.9964142839586196 0.028787019855788295 -0.07956055687998823 -2.189211580717935 -0.027372850504086534 0.9994483256501132 0.018808812042954058 -0.8337632107554184 0.08005811500723908 -0.016563569754394537 0.9966525705472692 48.21386863307632
0.9960152887984441 0.029496095048638128 -0.08416367896327724 -2.2695466190784677 -0.027911004629249378 0.9994113420330586 0.019948564767114357 -0.8390014737467332 0.08470254010558306 -0.01751998266447318 0.9962522421089446 49.12233187173472
0.995588905916499 0.03082074314527527 -0.08861609451990915 -2.3552275190780647 -0.029016954429027967 0.9993461174184702 0.021572064256661982 -0.8451327006212808 0.08922301705082729 -0.018905538675287874 0.9958322317718711 50.03169391188487
0.9950697158363138 0.03294529763427441 -0.09354607415186697 -2.447124285685395 -0.030952491283051622 0.9992636242608522 0.02267493136571183 -0.8502948643888962 0.09422422145504909 -0.019667653465937428 0.9953567096766537 50.9639986004058
0.9945816947243799 0.03330251406171388 -0.09847941448013284 -2.5389132061272535 -0.031399810082418864 0.9992902786832724 0.0208084323267503 -0.8559617454899696 0.09910249465058121 -0.017603450976392904 0.9949215115112114 51.85472683565158
0.9941459046823209 0.03465598220509076 -0.10233710520026584 -2.631071451618158 -0.032972754874197284 0.9992924441397713 0.01809443343046104 -0.861387021762132 0.10289177634473975 -0.014614170608136415 0.9945851941277132 52.69095696794018
0.9939042298981513 0.03617208299500285 -0.10414394942753648 -2.714875735460404 -0.034456812982680454 0.9992400353098729 0.018223058826698037 -0.8646427137170782 0.10472396969958327 -0.01452350666083567 0.9943952724770134 53.460501056505485
0.994133231785467 0.038964635607895697 -0.10090032027564055 -2.7836522003261956 -0.03720067370902625 0.9991213099452797 0.01930590295282342 -0.867926055864085 0.10156390764133437 -0.015439079803316588 0.9947092074970704 54.11135177998473
0.9948100599294414 0.039523818919211376 -0.09375933234202523 -2.835968541148166 -0.0376691516160986 0.9990595979040274 0.02146985916040232 -0.8745769171972017 0.09451973169505046 -0.01782659737262058 0.9953633671913039 54.68208370955622
0.9958055719480438 0.03914505352836033 -0.08269780929075873 -2.8752602958826805 -0.03743947474743255 0.9990550246869876 0.022075855098280712 -0.8830887245421065 0.08348382243204522 -0.018887096969776217 0.9963301305090544 55.19978084775899
0.9969345922989712 0.03902707957170501 -0.06781080841419938 -2.902546095445227 -0.03777034518909391 0.9990918937618398 0.01971772917144607 -0.8933905561377303 0.06851875438141104 -0.0170960486512413 0.9975033360438122 55.68522483270161
0.9980926328773253 0.03834721438030965 -0.04837961704353313 -2.9191488542586588 -0.037657004685478765 0.9991766528519292 0.015098556014872548 -0.9055584506812833 0.04891877138815094 -0.013247926059839923 0.9987148973861296 56.176329981219496
0.9990783802829901 0.03689928906732007 -0.021927893593390264 -2.912970920895813 -0.036614747080661696 0.9992417542531383 0.013239216492331935 -0.9216149034730968 0.022399784537710764 -0.012424130691441193 0.9996718914870153 56.66920357711152
0.9992850666318792 0.036159330378828215 0.011038950723464173 -2.8855765586928794 -0.03628043501956856 0.9992813827094649 0.01097488975123488 -0.9389768877293388 -0.010634173278218875 -0.011367541370747134 0.9998788393409843 57.154583544609366
0.9982996260638002 0.03419333559340888 0.04720881699293863 -2.8366260937984125 -0.03468941133872978 0.9993507859434297 0.009728893833441816 -0.9556576289060027 -0.046845505033553315 -0.01134999714742224 0.998837662597334 57.63549680605065
0.9955722300590233 0.034730608224064465 0.08734826608290155 -2.768729919849076 -0.035414661909734656 0.9993528878452809 0.00629343126739663 -0.9731302974979028 -0.08707316726249273 -0.009358974713332748 0.9961579559162261 58.16340047610495
0.9907984074091792 0.034371879307838235 0.13090870783978087 -2.673068071510003 -0.03536003095273695 0.999360949632559 0.005230732313179759 -0.991228310504951 -0.1306452604821745 -0.009811537206679684 0.9913806280390935 58.684492724364205
0.983363171676129 0.03236316776018812 0.17874422497968934 -2.5489278771837074 -0.03342917360260416 0.9994367223297641 0.002954388428370584 -1.008909849455168 -0.17854792898073868 -0.008880508502594716 0.9838911391131772 59.16926881916449
0.9728721607862797 0.031230044851548292 0.22922574695178827 -2.4079008123828953 -0.031876148185073554 0.9994914351184444 -0.0008844782395838791 -1.0233754764445804 -0.22913679308203283 -0.0064463496215569575 0.9733728857085753 59.61360726450664
0.959239130564475 0.029479089299475753 0.28105386260996934 -2.247355182890674 -0.02986914286583305 0.999549619954036 -0.0028968179444099347 -1.03505397149539 -0.2810126771132765 -0.005616096848892027 0.9596876235306018 60.04632575602757
0.9422744434070213 0.025847730768465887 0.33384243007159675 -2.0611191286099326 -0.026458457707740836 0.9996462180619372 -0.0027182218809507163 -1.0459745572489847 -0.33379458251702643 -0.006271644807169141 0.9426249748196244 60.47975743453333
0.9225736525960038 0.02525321949896829 0.3849936758449482 -1.8613596831413732 -0.02656698946129383 0.999645215915415 -0.0019071886082509062 -1.054995056264729 -0.38490524886864286 -0.008468600968333979 0.9229172401634981 60.88796748225717
0.9006677253616322 0.022801966401668355 0.43390980493660314 -1.6423575274651643 -0.025238286291067266 0.9996814530442708 -0.0001460971800222501 -1.0596876964319835 -0.4337749155921701 -0.010819554866678745 0.9009563029556392 61.29400987416573
0.8765964718441047 0.021257869238240232 0.48075641290150034 -1.4106161247857147 -0.024439106932257045 0.9997012566137844 0.0003571794714098678 -1.065593945559519 -0.4806051972282677 -0.012062359647721111 0.8768541177852264 61.69115219278678
0.8508847111693886 0.02004802056629316 0.5249697945306568 -1.159907363395325 -0.02280395537710922 0.9997392144092354 -0.0012176992914543325 -1.0703247185901918 -0.5248573024330954 -0.010935266058906995 0.8511199868637065 62.069183295546416
0.8259201524715971 0.019305728143809528 0.5634564673531856 -0.8509394355819917 -0.021736779950024716 0.9997608647401137 -0.0023928500799006262 -1.0766810788416517 -0.5633679207575621 -0.010271426139441268 0.8261422902057272 62.48972417310887
0.8066128464316873 0.017918997093239342 0.5908084507812528 -0.46302894272518463 -0.02102173574416386 0.9997777022834407 -0.0016225421865582903 -1.0859984073282238 -0.5907061897404451 -0.011111055756187043 0.8068102266594722 63.001307243302875
0.7896780499892456 0.014492732177622163 0.6133502572586158 -0.015171156684872456 -0.021145937414544184 0.999769912182861 0.0036016697149103814 -1.097736306384033 -0.6131569348022115 -0.015814025670361 0.7898028170980744 63.58394487054152
0.7727010278417736 0.011250510236130388 0.6346704243870933 0.4451416481560243 -0.01847984025440307 0.9998178279903247 0.004775598065382102 -1.1073989807739821 -0.6345010772854832 -0.015418717590547604 0.7727681709745974 64.13805460864582
0.7616358921064998 0.011130464648708184 0.6479096237993691 0.9001011640472873 -0.015903478969984945 0.9998723791632866 0.0015181380045518854 -1.11715771773766 -0.6478100394496739 -0.011460285469981759 0.7617157046071448 64.66289060536116
0.7564079673250308 0.011345507613032962 0.6540017327379322 1.338853447603427 -0.01436752841330434 0.9998965161521796 -0.000728775704709815 -1.1248522266956427 -0.6539423224524534 -0.008845136728027074 0.7564926982210431 65.16295003184845
0.756371009910121 0.007510571801597917 0.6540997528502489 1.7595297129952043 -0.011654439659809996 0.9999300942434055 0.001995159790760782 -1.1342279906833257 -0.6540390427212738 -0.009132247126959633 0.756405666728279 65.6455315243704
0.7589963233125875 0.007186663168817377 0.6510552457898424 2.174178392819495 -0.011944250882391911 0.9999244975311833 0.0028868854964417406 -1.143178939671406 -0.6509853424377797 -0.009967502671634902 0.7590248565242498 66.13307305413414
0.7610079561839125 0.007775504607465654 0.6486959473843533 2.6069482976757983 -0.012020929018056296 0.9999255056403488 0.0021167039084651266 -1.1478929735571037 -0.6486311647541521 -0.009408756453035617 0.7610447341724926 66.64290270121688
0.7626017203502456 0.007197349527395361 0.6468282726339551 3.0755044642943243 -0.011913876315908744 0.9999247637634101 0.002919993804472124 -1.152110691031066 -0.6467585914929739 -0.00993302433649632 0.762630093398861 67.19538294166655
0.7636640120906202 0.006509952365494512 0.6455810539024949 3.563412948358966 -0.012213036471590171 0.9999158955188375 0.004363900652513115 -1.1588125824151474 -0.6454983488575327 -0.011217058837341809 0.7636792908107689 67.77338059893181
0.7637243546537751 0.006726158680661015 0.6455074506913746 4.046120497272295 -0.013732052975017388 0.9998887256946175 0.005828117181856321 -1.1659317109358496 -0.6453964214572052 -0.013315217542222155 0.7637317357240283 68.34836433730685
0.7632326631033503 0.00427854702025651 0.6461095851382826 4.5307927838096145 -0.012868791322591515 0.9998803787435705 0.008580350430476951 -1.1707260967904103 -0.6459955852651503 -0.014863453132083612 0.763196423982009 68.91990307364148
0.7628250743592362 0.006868032696267072 0.6465684310695267 5.01036991206294 -0.014580037861108829 0.9998720503410917 0.006580687097104913 -1.1754700578815693 -0.6464405064851638 -0.014446905328975329 0.7628276073279079 69.48960021058497
0.7626579573147522 0.008891779353678431 0.646740888149509 5.505959991370349 -0.013946981918079622 0.9998990920328478 0.0026995272295901184 -1.1771407553159856 -0.6466516232407271 -0.011078899395338685 0.7627050125365121 70.07463090918343
0.7620862932838067 0.009460533970635723 0.6474063483515888 6.034895574346119 -0.01722599984423308 0.9998355626532707 0.005666796553986964 -1.181052244302927 -0.6472462796481067 -0.015470809636481328 0.7621239449924645 70.70714786436706
0.761844242970866 0.00782377984745581 0.647713005829779 6.561148544172569 -0.02044307883965794 0.9997193653697141 0.011969587809603935 -1.1873237221293889 -0.6474375877099696 -0.022360209607130983 0.7617903852416495 71.33743141756297
0.762424246327411 0.01007320266607108 0.6469990720241631 7.048930587426239 -0.021328876934727327 0.9997267182625152 0.009569106581336632 -1.1955758292838357 -0.6467258674436824 -0.02109548245738838 0.7624307398046768 71.91716081556747
0.7632158177226013 0.013538967394660784 0.6460017894246951 7.563871554341138 -0.018969226077564454 0.9998190067162301 0.001456801630066953 -1.1979229000278047 -0.6458651438497361 -0.013366008037459371 0.7633345045188921 72.52199709703308
0.7633943243871063 0.010110401975585735 0.6458536097796824 8.105341283997639 -0.01904277593177208 0.9997951540351484 0.006857306515423771 -1.2022993680400005 -0.6456519791484936 -0.01753367445021786 0.7634304762595656 73.16240932269453
0.7632187191721652 0.010135652126648641 0.6460607210326037 8.62279659935408 -0.02010265210197089 0.9997654049618093 0.008063400028332706 -1.2080034702373712 -0.6458274305754345 -0.01914167175346376 0.7632434253361212 73.77624509403859
0.7623160081607729 0.012762041930191934 0.6470791558902179 9.144684220653936 -0.022478868668235678 0.9997244297976653 0.006764978132238482 -1.2110773079854562 -0.6468145052217223 -0.019702658488271945 0.7623928128486478 74.39213933778285
0.7611497195353856 0.014643551728190696 0.648410881188763 9.650558771838794 -0.024616296770608937 0.9996769964898837 0.006319859355003526 -1.213512196160746 -0.6481088970107616 -0.020771833856198633 0.7612643355193678 74.98599378700698
0.7599516158141224 0.01646785986780428 0.6497709990549587 10.15498238777298 -0.026546820288536437 0.999631242737233 0.005713569478361079 -1.2178544778581526 -0.6494373010184071 -0.0215913902977615 0.7601085474528863 75.57622941828949
0.7590283941717798 0.017235695968407926 0.6508293383257197 10.676638062904086 -0.02811018572576396 0.9995849033316124 0.006311773918229758 -1.224495713202825 -0.6504503934194158 -0.023085749197641284 0.7591978226289317 76.18287712483918
0.7586306522677455 0.01923754523227939 0.6512368618968456 11.193698141546076 -0.03010778364174796 0.9995312683634678 0.005546614093272524 -1.232366232462254 -0.6508249033372933 -0.023815130004977907 0.7588542579302358 76.78443343217035
0.7580132605653296 0.019360867927093794 0.6519517264339649 11.698789435323457 -0.03139510112272175 0.999483776849732 0.00682110252744678 -1.2410366243723379 -0.6514831113947714 -0.025638576546007676 0.7582297929784098 77.37364410568992
0.7571435242555122 0.020631867764226763 0.652922667480998 12.208043409786072 -0.03344901195827611 0.9994144365921448 0.007207463508168954 -1.2479764502633373 -0.652391636424746 -0.02729670243391946 0.7573902843047803 77.97013100571088
0.7569683253759313 0.021999306655901538 0.6530811472429883 12.728461008909749 -0.0356989517460721 0.9993328112982114 0.007714733115657151 -1.2546767939658814 -0.6524757001006168 -0.02915412096897806 0.7572486368483841 78.5812327921103
0.7573514420351726 0.025320284887892355 0.6525164185064164 13.270352776399594 -0.03766793099034677 0.9992780827392858 0.004943716396008486 -1.264134258569974 -0.6519201793334454 -0.028323074163897854 0.757758459700553 79.21667786129599
0.7578515912048904 0.027766877222270343 0.6518358430138215 13.830911689016514 -0.03974075256509327 0.9992033933520074 0.0036402334257712035 -1.274304362417339 -0.6512155083332831 -0.02866320364434917 0.7583513581863397 79.87037276165442
0.7582720911382038 0.02861313658941611 0.6513100062300679 14.363651269670902 -0.04139795086086656 0.9991334716154731 0.004302971314592189 -1.2864374912913688 -0.6506225061165785 -0.030225722689926543 0.7587995520705413 80.49489295885601
0.7588676484433122 0.02996811692426607 0.6505549969942056 14.853159675461484 -0.04276619565463183 0.9990776376357434 0.003863480996721858 -1.2977829089458093 -0.6498391682988549 -0.030753633024340338 0.7594493198367198 81.07243903957477
0.7591635491997193 0.029502682095397515 0.650230956903517 15.325838316369433 -0.04294642203544024 0.9990657933591544 0.004810963936398336 -1.3082884532008205 -0.6494815704859065 -0.03157740155271458 0.759721368207015 81.62785432108261
0.7574930896633182 0.031763359422596754 0.6520700177975607 15.78093945757424 -0.04605300876130396 0.99892727550459 0.004839280629191608 -1.319484049824814 -0.6512168145067752 -0.03369550787816886 0.7581433065407095 82.16701366177993
0.754008442318173 0.034085792303187916 0.655979746391599 16.23123571735069 -0.04721433839557303 0.9988819781576352 0.0023664238330367293 -1.3300259570106874 -0.6551656852757102 -0.03275595327498772 0.7547747825426174 82.69148593605101
0.7504415527318696 0.03589065606646633 0.6599616176267367 16.705875176789725 -0.04955310494948608 0.998769425759466 0.0020307530552489826 -1.3407493034389488 -0.6590766008008823 -0.03422710877688629 0.7512965721348187 83.23614672107375
0.7476453724345934 0.037288316824860133 0.6630505097694344 17.211417751938058 -0.051621736810679844 0.9986646146046725 0.002045440086995828 -1.35211020661508 -0.6620888107843137 -0.03575708272313946 0.748571865400606 83.81296617819865
0.7456890996759382 0.03726251888884837 0.6652512843358868 17.761644338220822 -0.053394230427747456 0.9985658245036505 0.00391794466181725 -1.3620857099404815 -0.6641512047580107 -0.0384421489956359 0.7466092541611573 84.43539289332705
0.7443633220926804 0.03602681522817552 0.6668023045158613 18.346790431210138 -0.054321666712851664 0.9985010634056644 0.006692002935977939 -1.3732929819185131 -0.6655617185871542 -0.04120309408615052 0.7452046053192647 85.09332105570975
0.7437379833317485 0.03779252763936574 0.667402080461435 18.948677918425933 -0.05579621492419706 0.9984262432679468 0.005640846921082797 -1.3856590025721562 -0.6661385700811481 -0.04143382203565167 0.7446762006682911 85.7708907977201
0.7435475009842766 0.03968694341831997 0.6675043522720644 19.555269884918456 -0.05581700418217112 0.9984370531808846 0.0028129841091628425 -1.3969683292251744 -0.6663494397267581 -0.03934968052706372 0.74460058206951 86.45120774337569
0.7431067598271061 0.04016309894992202 0.6679665178599886 20.159499240920262 -0.056380257519436844 0.9984057417753966 0.0026909760239925136 -1.4063051856537054 -0.6667935288088072 -0.03965980676526913 0.7441864616250684 87.1269784732606
0.7423199891828576 0.037566221326372225 0.6689916387181684 20.756888139562996 -0.05556090119651083 0.9984396793548934 0.005585064720188135 -1.414599033463459 -0.667737987475472 -0.04131568352278759 0.743248945089901 87.78971831697561
0.741031777112487 0.037926898010324686 0.6703979830793227 21.334423855912128 -0.05568332774588268 0.9984356328984503 0.005064974808931102 -1.4231959531447758 -0.6691571357466449 -0.04108329789567679 0.7419844272714629 88.43007966946539
0.7390933437310995 0.03865459608994068 0.6724930121967859 21.897135332897935 -0.05635223653507102 0.9984006030748236 0.004545461178303646 -1.4305717302840912 -0.6712417259749859 -0.04125600539256799 0.7400895130517454 89.04929758256134
0.7377539725882298 0.03878095695731902 0.6739548303171067 22.449282688480178 -0.05687353490468665 0.9983698092905997 0.004808838164951601 -1.4381702625235757 -0.6726696640682783 -0.041877933025949034 0.7387569030254424 89.65250340384667
0.7370154596231667 0.04038168906254568 0.6746684604047445 22.998857647201397 -0.0581788129967971 0.9982989350762774 0.0038028862530564487 -1.4455590047270883 -0.6733672385813966 -0.042054196152415624 0.7381111072130251 90.25165675708362
0.736339479835737 0.04163741542462002 0.6753299164645336 23.537319560589278 -0.05924806464735363 0.9982386180232705 0.0030542302686235746 -1.4520617348853218 -0.6740132322668293 -0.04226094087627943 0.7375094410280264 90.83754762039068
0.7350603933905693 0.041572650732053296 0.6767258919086901 24.035472707384308 -0.06076709054806134 0.9981409662774915 0.004687445462006952 -1.459382767848106 -0.6752729661217193 -0.04456821905513259 0.7362201403625332 91.3811721996954
0.7332623320422472 0.0416648052406428 0.6786681047553542 24.5094650104707 -0.06208621267065961 0.9980538905177683 0.005808082175736073 -1.466369697549801 -0.6771053497087276 -0.04639478016550763 0.7344221332239483 91.89704311485808
0.731560661032379 0.0436591088980028 0.6803770141914708 24.995513835923582 -0.06413594214279597 0.9979290197363407 0.004924682073150137 -1.4771688970475476 -0.678752959592313 -0.047239324490280434 0.7328457314239996 92.42597592599566
0.7301245038255418 0.04813583862001748 0.6816165710675277 25.50860984048307 -0.06649738914854883 0.9977863050462992 0.0007659624530376176 -1.4903380024976642 -0.6800708096587681 -0.04588497033234993 0.7317091384885567 92.98225738425069
0.7295931591429344 0.05160698677838554 0.6819314782641204 26.034486786787742 -0.0682918353139024 0.9976624137332866 -0.002435868085625339 -1.5038384855889626 -0.6804631124177792 -0.04479315951713245 0.7314120080359499 93.54922638014095
0.729413835820994 0.05218484783940516 0.6820793192649095 26.558000926029777 -0.06994225391581503 0.9975498762603751 -0.0015249557650942147 -1.5173683846559214 -0.6804877201170344 -0.04659384110467782 0.7312766075439797 94.11314331428586
0.7296220046159266 0.05222855994229996 0.6818532891367397 27.09763842110528 -0.07165659863773916 0.9974293237638749 0.00027562222051430733 -1.5304867957267596 -0.6800860697381664 -0.04906038750654197 0.7314889036245189 94.6966394057207
0.7302907612026148 0.051161334760481354 0.6812179694691204 27.68036658494083 -0.0735691917010816 0.9972822123524283 0.003970259172281763 -1.5467499254292343 -0.6791634399277942 -0.05301609897919256 0.7320698840373594 95.33276622999983
0.7316174620032668 0.05421701832059703 0.6795560346405015 28.265079554514735 -0.07617744521155641 0.9970912359095342 0.0024625420681358987 -1.5656244065436515 -0.6774458547610565 -0.05356848137497517 0.7336194733444849 95.97493677781559
0.7330533782284109 0.05888853910265256 0.6776170634143371 28.819119309576823 -0.07767251880866878 0.9969754955974187 -0.0026155305767246832 -1.576910973747728 -0.6757216323974179 -0.050714900577997254 0.7354102762196973 96.57978918924876
0.7335145261137686 0.059055933792283494 0.6771032688327646 29.357009299703872 -0.08025399274891488 0.9967744462208707 2.9888470362974128e-06 -1.587948094224631 -0.6749190593159675 -0.05434243318988869 0.735888010044362 97.17403747727599
0.7336541166200777 0.059295083750324946 0.6769311118640179 29.89256600322842 -0.08149435344560682 0.9966732808867915 0.0010205502637709678 -1.6017946900644402 -0.6746186385824925 -0.05591479419080713 0.7360456699605691 97.76313881696777
0.7338249890984088 0.05935668987112515 0.6767404736989384 30.421024058834156 -0.08240571354569098 0.9965969661636589 0.0019456126069068167 -1.6144570791465112 -0.6743220178444017 -0.057195020770463026 0.7362190882130941 98.34390514295951
0.7345553225904256 0.059590548214074696 0.6759271000763485 30.916447821536167 -0.08232666521549163 0.9966041049831322 0.0016056541551517742 -1.6299818871927048 -0.6735360407940855 -0.056826265883969766 0.7369667409436543 98.8894984345151
0.7350980503161756 0.062873631442736 0.6750390824911995 31.392273788694723 -0.08455862144524905 0.9964182422995019 -0.0007252255166099583 -1.6434914801913643 -0.6726668536211935 -0.05654726237382202 0.7377816148138885 99.42153318395441
0.7348882394714983 0.06404632476958048 0.6751572733593199 31.8630506983952 -0.08878570852307881 0.9960484214976895 0.002154064533808174 -1.6567207482033999 -0.6723513764755275 -0.06152731357267545 0.7376706692257677 99.94803337163201
0.734399052571199 0.06748178209766333 0.675354899787844 32.332683636797576 -0.09081468690695825 0.9958675239668117 -0.0007532265281668998 -1.6706194844438882 -0.6726148409190181 -0.060778974926655904 0.7374925030007746 100.4663406191599
0.7338201831051357 0.06947656809430243 0.6757817290763214 32.78745598015777 -0.09195110776766799 0.9957603213330362 -0.0025251215865829436 -1.683699143770822 -0.673092068477889 -0.060285893412688765 0.7370974687296039 100.96377355334872
0.7329879765008154 0.06982760526253481 0.6766481595693138 33.238331487777614 -0.09276585251808094 0.9956853837181341 -0.002261251128382628 -1.7007981456154773 -0.6738865801541333 -0.061112373488284445 0.7363030319744678 101.45486178852288
0.7320079449482363 0.07194166621994785 0.6774870959613603 33.725424538224665 -0.0930868499078531 0.9956446814028546 -0.005148472437616631 -1.7187670647510191 -0.674906813498643 -0.05929641688757998 0.7355166402178819 101.98832944561237
0.7305880268337072 0.07286733597804027 0.6789193519076429 34.24348478754995 -0.09461708734109747 0.9955010442428329 -0.005027692762706564 -1.7397718475469879 -0.6762312783584601 -0.06056419948197479 0.7341956387168133 102.55571826002465
0.7287493641093443 0.0751935065538323 0.6806396262945356 34.75077487238026 -0.09428615162232871 0.9955042067856013 -0.009027507098965978 -1.7617311247409098 -0.6782584211954004 -0.057596100947107626 0.732562764023133 103.10282979963664
0.7268106010606261 0.07701904539894133 0.682505983000682 35.24957469070134 -0.094650065492747 0.9954437281770596 -0.011539026612960026 -1.7812359560272406 -0.6802850250359107 -0.05621254912198611 0.7307889120895976 103.63598098942457
0.7248969575769162 0.07703154560536685 0.6845367352285624 35.736836529921156 -0.09478343216935557 0.9954298067900037 -0.011644773085494513 -1.8039974870871147 -0.682305284958227 -0.05644148062961995 0.7288853527012379 104.15382398277741
0.7223322852340939 0.08358000866507481 0.6864768400026598 36.212385186102075 -0.09742116907441031 0.9950686342486257 -0.018642128385713483 -1.824784542416381 -0.6846496808767722 -0.05341156509708616 0.7269126626969794 104.66027089008116
0.7200267255898525 0.08452073804896551 0.6887799062661549 36.73241555819419 -0.09727532752271435 0.9950481108831405 -0.020414888763868703 -1.8456148429477772 -0.6870946260099137 -0.05230202546317517 0.7246830155597309 105.20559464185087
0.7180599457794556 0.08152604348699342 0.6911898570585088 37.25093068426477 -0.09712597589579552 0.9951357325425144 -0.016474787505810516 -1.8723476235010728 -0.6891708489725126 -0.05530260437293263 0.7224854066872743 105.74845907332217
0.7156864800052599 0.08458816974826801 0.6932803934024953 37.75849672261349 -0.09704129892606264 0.9950538955573758 -0.021230431904058673 -1.8978080845457233 -0.6916471995464322 -0.05208249681734263 0.7203551657931303 106.2743150254728
0.7126993179151456 0.08713246178524509 0.6960370797209936 38.30109042890252 -0.09733831327915268 0.9949402743245861 -0.024881786408660258 -1.9266807651837898 -0.6946833343410901 -0.05001784311782605 0.7175745817394765 106.83158879900415
0.7089263864505467 0.09104318420284747 0.6993815247805565 38.86560613860927 -0.09865672068845271 0.9946847161881333 -0.029481635720098775 -1.9588641889082983 -0.6983482154750376 -0.04809837826723846 0.7141402634993289 107.40885156733972
0.7048102383301303 0.08889531665427619 0.7038040569803221 39.45836879511063 -0.0981769020371036 0.9947935741801335 -0.027332044861507716 -1.9941595321479437 -0.7025694441487053 -0.04983339690258401 0.7098681629019065 108.00559559706188
0.6990284962703099 0.08705257547495936 0.7097753239619178 40.02429315907878 -0.09650569970509389 0.9949665285676131 -0.02698623639084449 -2.0291807443960392 -0.7085519115255411 -0.049633216028067355 0.7039110260112508 108.56161476488805
0.6905273233702166 0.08703388592540884 0.7180509162865031 40.56187834811023 -0.09518339910911845 0.9950351504079382 -0.029071807420337187 -2.06316829058187 -0.7170161338583653 -0.04827164958206651 0.6953831401705305 109.07369750827247
0.6799570331972744 0.08643420420909374 0.7281397951961566 41.09728760908903 -0.09234599099468556 0.9952157843097564 -0.03190236053844086 -2.0954631798805186 -0.7274136725088198 -0.04554855654634833 0.6846858243338867 109.56401722024904
0.6695335596285298 0.08528358536476327 0.7378695837331151 41.63374098902286 -0.08987311798726108 0.9953897178045489 -0.03349824401707048 -2.1295052998753166 -0.7373246470818646 -0.043886441600003094 0.6741115227091817 110.04034969741171
0.6606257944474871 0.08382325790034399 0.7460209254073227 42.18381501759491 -0.08693044258855377 0.9956033421649966 -0.034886719840728005 -2.163467650206141 -0.7456652451750603 -0.041804862215533097 0.6650080417808161 110.51698556940335
0.653025118741449 0.08351151095449298 0.7527177570848276 42.74916251868754 -0.0855405201358556 0.9956748234699486 -0.036255555753184655 -2.198409093620644 -0.7524898761495746 -0.04071207985577005 0.6573442879087135 110.99592907714633
0.6473855310475892 0.08057999195946261 0.7578910469757795 43.3605666935993 -0.08446703429549768 0.9958552316049043 -0.033729479724178925 -2.237541552982849 -0.7574676853223196 -0.04218083191395726 0.6515086209034323 111.51084590314795
0.6429181215070849 0.07905967961776246 0.761843721570597 44.028347435572066 -0.08476265678745275 0.995893053596449 -0.03181694222691753 -2.284180591777806 -0.7612303074971019 -0.04412020916853489 0.6469789997293505 112.07776451261213
0.6401092352452885 0.08340040434306148 0.7637437656106301 44.740775204165566 -0.08556116625427294 0.9956451670173108 -0.037013351973013614 -2.3331270298459406 -0.7635047175904671 -0.04165421887976507 0.6444575022967891 112.68342786064918
0.6388507631838328 0.0819631102496414 0.7649521232976864 45.47934897870851 -0.08456632998332872 0.9957648292368187 -0.03606855539272775 -2.381849424822782 -0.7646687114120622 -0.04164676954065757 0.6430764405373922 113.30456223441173
0.6378738199249692 0.08048852190467498 0.7659233562804623 46.23280126595113 -0.08394819119609886 0.9958644049935184 -0.03473885521727937 -2.432352193349685 -0.7655518865819806 -0.04213887407732351 0.6419926979664676 113.93699082901809
0.638907927414852 0.08072091618639132 0.7650364657821789 46.96627694470389 -0.08335073235729813 0.9958888269831228 -0.035469701234715864 -2.4807800878591593 -0.7647544152876522 -0.04110447640108728 0.6430094138640834 114.5548212199066
0.6404689638611879 0.08095723347089213 0.7637050691722002 47.65950681007179 -0.08557013616055352 0.9957588554430372 -0.03379428360292893 -2.528278932038503 -0.7632019772825797 -0.043706156951971054 0.6446801638924908 115.14497119471558
0.6421173278435285 0.0806209152039868 0.762355301230835 48.3364790526952 -0.08569477103425178 0.9957705907311184 -0.03312607511288743 -2.5756341094122517 -0.7618016431463457 -0.04405903615229313 0.6463103417344157 115.71998226337608
0.6439272746528447 0.0786759287557753 0.7610307242106424 48.970192021715015 -0.0849566565218019 0.9959000149954538 -0.031072924624014047 -2.61978503574378 -0.7603552008573328 -0.04464592217066705 0.6479712263385885 116.25736164323133
0.645553823345944 0.07847535336785555 0.7596722188399566 49.56105093220075 -0.0864985787630789 0.9958191066461595 -0.02936499123804784 -2.663610863709424 -0.7588005383731615 -0.04675388488920896 0.6496428381906211 116.76829643547379
0.6482691245349136 0.08219207546778999 0.7569620894767669 50.11170693034774 -0.08941774650572482 0.9954955147299126 -0.03151423111012813 -2.7056917604658097 -0.7561425849564177 -0.04725614121912362 0.6526984359813524 117.25200262495598
0.652235615404064 0.08560333243248809 0.7531671603800405 50.64343907580211 -0.09161960602105998 0.9952211991637977 -0.033772955563833806 -2.7418772310216504 -0.7524590020665752 -0.04697695404582855 0.6569616548913252 117.72047606139033
0.6590790850752987 0.08794786408354015 0.7469136046554844 51.15268636054361 -0.09581977205302082 0.9948649807057287 -0.03259204579488275 -2.7783531013030545 -0.745944589698198 -0.050088355618165076 0.6641218455460217 118.18539575345419
0.6660027153014708 0.08952928837986318 0.7405571481886204 51.62854132720245 -0.09888399522769352 0.9946061660577091 -0.031313414502296785 -2.8131281902041922 -0.7393661736236491 -0.05237443042342775 0.6712634209749136 118.63083041141745
0.6735642341461796 0.09290236904343155 0.7332669175035703 52.124848887277935 -0.10368786081210246 0.994135729577142 -0.030707958224731418 -2.848500545303499 -0.7318196840747584 -0.05534709571639552 0.6792471192404718 119.10375267775756
0.6836659504089173 0.09659080027470919 0.7233747891333803 52.6416795642845 -0.10842051439464187 0.9936459665318904 -0.03021068111289419 -2.8887938155068706 -0.7216965153787785 -0.057774652722409135 0.6897943383305868 119.61135557659877
0.6927943787106198 0.10118927137297853 0.7140004763205494 53.21195300727777 -0.11237899471234343 0.9931592955881259 -0.03171080469396799 -2.937263821511674 -0.7123250033337366 -0.058269588516666325 0.6994267257402229 120.18199435855254
0.6997330903265144 0.10293153179626728 0.7069502825971423 53.82423608556401 -0.11418555543990434 0.9929582001535788 -0.03155426558556239 -2.9901501055797834 -0.7052200090971505 -0.05864394691558285 0.7065590040889549 120.79654769226613
0.7022378510464602 0.1038075761285688 0.704333718982671 54.42269554698504 -0.11772149166981881 0.992625276029843 -0.028925970782485672 -3.037019655808733 -0.7021421871363954 -0.06260230447026553 0.7092794234420803 121.40791445959485
0.697915817779084 0.1030592478107082 0.7087258304411113 55.03987503056448 -0.11965840696538053 0.9924617829002073 -0.026485375682583436 -3.079634275672281 -0.7061128641628465 -0.06632044121710325 0.7049866822433662 122.0291917749604
0.690203794400054 0.10173567572417762 0.7164276477640379 55.65665111480687 -0.1201701454777469 0.9924344794772593 -0.025158300430611628 -3.124134780551445 -0.7135669963862005 -0.06872886023821977 0.6972076343806988 122.6351235662126
0.6813972472881374 0.10141289934700622 0.7248539268253861 56.253411784795354 -0.12082058250611542 0.9923528939641042 -0.025261050729310067 -3.166671912024939 -0.7218726883814282 -0.07036446324033044 0.6884392958582974 123.20588179322692
0.6701395952142595 0.10168499268617291 0.7352367545141365 56.841971765827 -0.12244352631062876 0.9921449143262501 -0.025613508958650673 -3.2051886496245143 -0.7320659162880656 -0.072860354370326 0.6773262603578456 123.74839910510542
0.6590798181448864 0.10087284955409567 0.7452774393049474 57.429313678473946 -0.12288560663514914 0.992090449961612 -0.025605991034844833 -3.244864569324081 -0.7419655793876243 -0.07470747832581387 0.6662626146544496 124.2726522290285
0.6491914359752268 0.10055575917747941 0.7539489496992904 58.0465665018234 -0.12391212044832145 0.9919627860815231 -0.025605027541126976 -3.2855193072437663 -0.7504640336901043 -0.07680084846941444 0.6564338228732236 124.81377851491516
0.6413274668879972 0.10062234247975768 0.7606406670754007 58.691745542721364 -0.12424977981313498 0.9918982580629707 -0.026454448926990302 -3.3309012624569085 -0.7571400613039906 -0.07754347068277002 0.6486339011515344 125.36821683680508
0.6367548901179162 0.1019575802472193 0.7642956638245776 59.33581698335514 -0.12461732539916456 0.9917959302443972 -0.02848429323343875 -3.380171090749093 -0.7609295184977893 -0.07710696843205304 0.6442365895367475 125.91739733800661
0.6339358594409849 0.10193925662121993 0.7666379289301648 59.958864592423716 -0.12581845116380808 0.991663104995512 -0.027820919061015914 -3.4282915287059685 -0.7630825928178147 -0.07882051858603967 0.641476642122118 126.44943930625828
0.6325384183587074 0.1008287826066638 0.7679379570631487 60.5538107569919 -0.1255482088127638 0.9917254813088281 -0.026799570643556717 -3.473221957190791 -0.76428580816614 -0.0794614769610436 0.6399633404461528 126.95339933827348
0.6309099842289865 0.1012358096758743 0.7692229212909932 61.12044300637317 -0.12602568238161058 0.9916555360670899 -0.02714452371549513 -3.5156808123741614 -0.7655521662045165 -0.07981609253002694 0.6384036906165322 127.43062754813926
0.6275505373877683 0.10345285241800428 0.7716721002802299 61.64782233739868 -0.1270463271289257 0.991455051547916 -0.029599181123274046 -3.554701650190446 -0.7681403216778633 -0.07946312406831871 0.635331455325431 127.87122344938304
0.6232596534077322 0.10369086655921787 0.7751100622661735 62.16419382815562 -0.12945858874266325 0.9911752152169118 -0.028498535760033535 -3.5931588525160456 -0.7712249206520946 -0.08258266726079029 0.6311831943526874 128.2999710836046
0.619542345641332 0.1030310560666623 0.7781721425513921 62.69165132077488 -0.12866774156386962 0.9912692865665272 -0.028806488691624214 -3.6311142348958505 -0.7743461075243341 -0.08227881255630581 0.6273900722566744 128.72887724826202
0.6151741622587934 0.10495270314421597 0.7813742254463694 63.18229064064352 -0.13050270262814662 0.990982928923135 -0.030362463498106836 -3.6664063061432706 -0.7775151411361322 -0.08329324513816481 0.6233237045215051 129.12747376273
0.6113550224724482 0.10410341641004728 0.7844791362359285 63.64406061278015 -0.12984072143999587 0.9910708031552564 -0.030332329108326724 -3.698822181767418 -0.7806320666957333 -0.08331351525983492 0.6194129758258184 129.49346887690038
0.607593005695027 0.10384123763231112 0.7874310997144275 64.10003460463251 -0.13098569768151994 0.9909420184200548 -0.02960849763957689 -3.731869477004035 -0.7833731463570641 -0.08515229589727609 0.6156911564007193 129.85470412677645
0.6048112491366566 0.10143450365004453 0.7898825193578005 64.57757828840593 -0.13235430828976696 0.9908640150899406 -0.025900592212902154 -3.765320057472883 -0.7852933782955848 -0.0888793849501156 0.612710996258428 130.2321202901951
0.6033954238190014 0.09828523614131394 0.7913621009821823 65.11447956121943 -0.13187666625717298 0.9910101056815053 -0.022528100985787124 -3.80104173899047 -0.7864620190518928 -0.09076884263764616 0.6109324920112212 130.65345477408462
0.6031818630400483 0.09885453613299701 0.7914539915784532 65.6626525336108 -0.13353873829988397 0.9907997997899799 -0.021980948783222844 -3.833642055415282 -0.7863453728946395 -0.0924312578193413 0.6108333791674483 131.08800010859008
0.6048384358060112 0.09881042052233431 0.7901942592603017 66.18709632581398 -0.13270030893458487 0.9909045110610829 -0.022335576273328602 -3.8599944105669324 -0.7852140437997791 -0.09134960730619147 0.6124493078325763 131.4978881957337
0.6066854991336784 0.09988509346470606 0.7886416633962893 66.67788507495973 -0.13373444805825044 0.9907593582089518 -0.022605121630745607 -3.88682930733741 -0.7836120229702149 -0.09175435807051677 0.6144374136001106 131.88679066393243
0.6097854561150623 0.10007736076956283 0.7862227542954627 67.11766323153265 -0.13299892777894115 0.9908499323731206 -0.022971650481281476 -3.912561325394326 -0.7813277050765546 -0.09055900495025833 0.6175160596310207 132.23692016591932
0.6137101196894799 0.10094915778102535 0.7830511838532813 67.52833894237044 -0.1327219106945896 0.990869423699782 -0.023720868416629785 -3.9352990265459082 -0.7782960769606254 -0.08937031229755951 0.621504757719147 132.5691682850857
0.6176493725684317 0.100370570340036 0.7800224363282368 67.94290488401471 -0.13256446558006774 0.9909180952859256 -0.02253865347318564 -3.9589867893099275 -0.7752005643904627 -0.08948227223606461 0.6253455108371514 132.90865050555308
0.622366597210846 0.09696593244596845 0.776696482946251 68.35175781239695 -0.13202370214628603 0.991084195923956 -0.017940419765272952 -3.983348036231495 -0.7715112188087607 -0.09137682712071656 0.629619499950224 133.24659506296007
0.6289784684761897 0.09473198131735763 0.7716294045129658 68.74369606185083 -0.13173037257477446 0.9911823076494076 -0.014308806522774225 -4.00720256874976 -0.7661809154074879 -0.09264709773372762 0.6359114090397027 133.5802067956429
0.6394475502839109 0.09538923599909138 0.7628943072873298 69.12382012779963 -0.13259629401489492 0.9910877171413975 -0.012781226270153889 -4.029445874777556 -0.757314368838608 -0.092984034043286 0.6463968720249325 133.91924577904857
0.65323762968467 0.09769651745895509 0.7508235409471028 69.48242543242841 -0.1330163761145938 0.9910256227930664 -0.013223413060023156 -4.049764390807758 -0.7453772486796824 -0.09123379551464002 0.6603704655015235 134.25404396937967
0.6695688309110384 0.09957810544915895 0.7360446872218978 69.85588641056168 -0.13403604093715657 0.9909022566242424 -0.012126728613980719 -4.06911098273508 -0.7305558982051383 -0.09053683632721228 0.6768243205334322 134.6189297472391
0.690053973026036 0.0997538339925543 0.716850533176037 70.22083898705594 -0.13790656996293946 0.990432251434946 -0.0050727979026290665 -4.086742665496366 -0.7104979185557392 -0.09535789385934416 0.6972084192023726 135.00758915700249
0.714596137572137 0.10086379101947478 0.6922274596028122 70.54181236554074 -0.1422507476027952 0.9898271853202578 0.0026206883488990402 -4.099210638133625 -0.6849212253780922 -0.1003426074115872 0.721674633172329 135.3793836766717
0.7391740226713938 0.099867653596245 0.6660692276129938 70.82516686254417 -0.14504890854381502 0.9893438628709006 0.012630721671100952 -4.105571533272203 -0.6577101020495549 -0.10594891582675697 0.745782977076507 135.7449981443076
0.7647901613538663 0.09894494729308052 0.6366364005470438 71.08176122683032 -0.14526630329163723 0.9891745101554832 0.02077232742478223 -4.108984729032542 -0.6276891828160709 -0.10836828809125756 0.7708842999515959 136.09685736263168
0.7914483367639316 0.099431837129032 0.6030943873049653 71.3473914777844 -0.1454191785841193 0.988979967729557 0.027782835160667846 -4.109003847713283 -0.5936857693540617 -0.10969016908907771 0.7971858466328189 136.48567039428855
0.8181939242412428 0.10115167125338245 0.5659744179177735 71.60373728882334 -0.1452347260869404 0.9888390300439993 0.03323021215843025 -4.1053989651385745 -0.5562963029475968 -0.10938789724777835 0.8237528217023259 136.89250221308845
0.8449019908363535 0.10170400868128639 0.525163708284305 71.82195283018022 -0.1444813913919614 0.9886585005849217 0.040981663736571305 -4.095785773199119 -0.5150395649095386 -0.11050187256029347 0.8500138720858976 137.30099809417268
0.8705959560994436 0.10311079149030823 0.48107259940838165 72.04349672650255 -0.1433625449309463 0.9885264670363417 0.047566844330591364 -4.081411923516535 -0.4706483421135315 -0.11037929446635568 0.8753893701770045 137.7511297320705
0.8935280668252706 0.10441253126674926 0.43669854260114505 72.24645408115839 -0.14167877816093774 0.9884631098899429 0.053551883305130936 -4.061100957295701 -0.42606891181394146 -0.10972102670487842 0.8980125715626202 138.23043599635605
0.9132885640561861 0.10399240741045328 0.393814141398157 72.45539878803245 -0.13900739628883554 0.9883878084930865 0.06137168564763696 -4.036152207247078 -0.38285890683277374 -0.11079313707631895 0.9171389961372269 138.75588139135778
0.9300978532750035 0.10500294939651829 0.351983471133606 72.62767401736933 -0.1379914701555729 0.987963157298115 0.06990818253855317 -4.005657599359596 -0.3404061361044072 -0.11359216715765313 0.9333919230756684 139.32216976416424
0.9439203531151875 0.1061984007944469 0.31262800041519245 72.80459579184443 -0.13650159413067697 0.9876713784479367 0.0766326496640721 -3.9709404989046098 -0.3006354632685278 -0.11500933815762288 0.9467793673089113 139.91328211051183
0.9554759732349074 0.10663167445020957 0.27512788040246094 72.98066146004906 -0.13393244569988408 0.9875607676759559 0.08237615028710803 -3.9276160946086884 -0.2629215939394346 -0.1155569822694461 0.957872026571987 140.56686996137236
0.9647178643494656 0.1076268527431416 0.24028296396875942 73.12965369093546 -0.13208164287176327 0.9873194993175378 0.08806046720102245 -3.8788593917148737 -0.22775838474423096 -0.11669047448687675 0.9667002903396306 141.24340192122358
0.9716396509864651 0.10735846220891174 0.21069064816227095 73.27625866289084 -0.12934193840355107 0.9871859134441446 0.09345927063412113 -3.8222940561722063 -0.19795719638576267 -0.1180598699371955 0.9730749280037487 141.99654578763028
0.9762454810420991 0.1073281023996323 0.18821646893982066 73.40906115345909 -0.1275086185815772 0.9869260790190727 0.09858228410549676 -3.762866941657844 -0.17517509221432595 -0.12023973131761818 0.9771673828369268 142.78567242598126
0.9794965082908409 0.10763924088408275 0.17029499131785655 73.52562502808314 -0.12590909211557508 0.9869510395325388 0.10037203837858613 -3.704645987570593 -0.15726884869128221 -0.11975574887052019 0.9802678561718625 143.56197488194934
0.982481386497057 0.10730997126600568 0.15236435033730633 73.63440960278595 -0.12357998349066959 0.9871146479265571 0.1016496902566599 -3.6430065573846346 -0.13949305669912618 -0.11869811251961025 0.9830831324038758 144.3667558539678
0.9848002854101364 0.10878720183175225 0.13540215128915584 73.73364668360378 -0.12310875613142934 0.9871052130075055 0.10231096039613492 -3.5790258616311017 -0.1225260462917399 -0.11742505342142615 0.985494152600151 145.2188674821656
0.9861933025998355 0.1102780718471296 0.12353751161857111 73.83078063867897 -0.12341980683764893 0.9868562803127767 0.1043179432666677 -3.5099031692782963 -0.11040978755249115 -0.11812463281174489 0.9868415525988478 146.11427261640952
0.9865545445831556 0.11273405983078802 0.118326507243267 73.92872055061565 -0.12550019975780255 0.9863458773056011 0.1066372832690141 -3.437608459031313 -0.104689208723124 -0.12005349672671997 0.9872321548149725 147.0424075515991
0.9866598467451445 0.11358781235066912 0.1166197054799813 74.03280740572436 -0.12613995217074686 0.9862708783594231 0.10657610879786328 -3.361988888262239 -0.10291287231056014 -0.11986477124460475 0.9874418349084008 147.98684959961125
0.9868000815920659 0.11454298617973427 0.11447927011875034 74.1370930857334 -0.1267006503102656 0.9863406008921884 0.10525760895342776 -3.285183189817853 -0.10085903123096096 -0.1183728150745182 0.9878336562754311 148.94372851522843
0.9868843023203256 0.11580654196465014 0.11246429954396216 74.2397956538495 -0.1278019418296981 0.9861130947746639 0.10605483477189157 -3.2079352690987553 -0.09862067480139422 -0.11903700748979053 0.9879798344852964 149.9165262526682
0.9868944522544926 0.11674785849037667 0.11139693733319754 74.34372234394529 -0.12873942965513202 0.985853422325605 0.10732748455527877 -3.1281151496245774 -0.09729079792753395 -0.1202620772596384 0.9879633259447543 150.90448296669462
0.9867169743356473 0.11883421902293746 0.1107611888123034 74.44768063324271 -0.1306736206624206 0.9856795415084373 0.10658445625273297 -3.044471768332914 -0.09650915718666069 -0.11964225775588422 0.9881152325200717 151.89604682426491
0.986576559429059 0.12001414590106559 0.11073977229865949 74.55027965761816 -0.13203131375891172 0.9852951289213971 0.10844925592581675 -2.959981763882992 -0.09609591340018889 -0.12161461140588822 0.9879147036664544 152.88378919165015
0.9863221066469228 0.12189099517536096 0.11095624017934712 74.64981803934317 -0.13400546847511302 0.9849454805813391 0.10920134935595177 -2.879230718194303 -0.0959751861594543 -0.1225764478909192 0.987807561250724 153.8415300013901
0.9860829363472703 0.12408649611288196 0.11064801908382095 74.74670907526678 -0.13602319580214697 0.9848243539228001 0.10778999083546867 -2.8001482727127405 -0.09559358162824665 -0.12134056783684226 0.9879971324596627 154.7731050464672
0.9860515112466589 0.1254277497580347 0.10940885137326196 74.83901931376816 -0.13716557255009015 0.9847175763503738 0.10731682316231668 -2.723987413269765 -0.09427631131512446 -0.12082704340205369 0.9881866234206632 155.68926235663216
0.9860662340321416 0.12710529341601365 0.10732020540093798 74.92600504488581 -0.1387228562837419 0.9843376663169187 0.10879029283094532 -2.648609250755991 -0.0918114984419183 -0.12216219978123978 0.988254544992563 156.59605090336512
0.986167914662462 0.12880255822358855 0.1043203963055677 75.01091458523405 -0.14017387560697897 0.9839747962294605 0.11020383379225557 -2.57207371130638 -0.08845410497885585 -0.12330247921372428 0.9884191266523218 157.4901087905751
0.9863973025951357 0.12962292129376837 0.10108540798903862 75.1048720861313 -0.14067456590877725 0.9837933187734182 0.11118170912142128 -2.4859385981301787 -0.08503545107434667 -0.12388948386385623 0.9886457241340446 158.46041988169216
0.9866884362905397 0.1294029368047992 0.09849268824041171 75.21220580819526 -0.14029074828205373 0.9836305555768041 0.11309038899097086 -2.3854388322004634 -0.08224618919433835 -0.12540259200654796 0.9886909296039122 159.56208099149546
0.986806090370754 0.1309631169611299 0.09519664911651703 75.31361211080855 -0.14152995147113986 0.9833075196137331 0.11434856670577354 -2.2846634588516044 -0.07863213620247342 -0.1263130391800992 0.9888690526502092 160.6735702677798
0.986938575845707 0.1325897417657627 0.09149976986930831 75.40818747234316 -0.1427360309905942 0.9830480603868651 0.11507795804008152 -2.185568743516465 -0.07469051455640034 -0.12663519000700757 0.9891333861958098 161.76158352595982
0.987198527935656 0.13276451745766726 0.08838919247230889 75.50304761547041 -0.14258599688757767 0.9829531233363403 0.11607062856256593 -2.0809579768092354 -0.07147237181771372 -0.12718781477628321 0.98930023746039 162.873935915885
0.9874838982071196 0.13248643216973097 0.08557392168532753 75.59816257571481 -0.1422584747781612 0.982462683732645 0.12053879635470129 -1.972866825802068 -0.06810342968942387 -0.13120373608927477 0.9890133985446069 164.01412432734213
0.9878141047650383 0.1328725152459458 0.08104436513084737 75.68176389812919 -0.14193273008532176 0.9827245396145441 0.11877533148726446 -1.8692598298607692 -0.06386230936767913 -0.12883079574231532 0.989608120172136 165.10487590143254
0.9881888887699765 0.13253906896002401 0.0769162876819308 75.75938053695062 -0.14096523548321824 0.9830669595946733 0.11708183180342743 -1.7656261950094367 -0.06009594409542248 -0.12654148787056027 0.9901392474550157 166.164134253732
0.9884052638852984 0.13255894204286417 0.07404837073366664 75.83248425556248 -0.14077319980201083 0.9827765621010944 0.11972107250712857 -1.6661378049365423 -0.05690290450703614 -0.12875696435234288 0.9900422736375617 167.19749845073608
0.9887224739132083 0.13208326782368818 0.07058243365003163 75.89862659151086 -0.14002578915957548 0.9824875328743825 0.1229269137196871 -1.5722746679246367 -0.05310977263351047 -0.1314239632160933 0.9899025679042316 168.1827297400378
0.9890449358984273 0.13214455747266482 0.06578701014660647 75.95764231014451 -0.1394798340594216 0.9825035852380655 0.12341831665155654 -1.4787276208185922 -0.04832691449319063 -0.13124222233984437 0.9901716964299004 169.15409412084614
0.989307351960175 0.13252482342214406 0.060894454053521875 76.0119755601083 -0.13916116430018483 0.9827022164680731 0.12219052377068282 -1.3826271611353265 -0.04364783738243809 -0.1293581266317129 0.9906368362655259 170.13207702567445
0.9894326679731473 0.13354927950384912 0.05645870607393279 76.0612077790341 -0.13958501341311974 0.982703985892887 0.12169182446118676 -1.2875797770517508 -0.03923034001890626 -0.1282866557917689 0.9909609045607024 171.10657168937834
0.9894416517660392 0.13495961928468964 0.05283104118815145 76.1037814026033 -0.14044398258424132 0.98284162250083 0.11957354571900092 -1.1960904478872159 -0.035786946033012086 -0.12573084841226603 0.9914187048120296 172.04768346664648
0.9892836440358749 0.13689177140616332 0.05077907604893352 76.14284613974796 -0.14213802790430533 0.9824781887792987 0.12055450881831153 -1.1076170501245985 -0.03338641440130181 -0.12648024151713208 0.9914071292053496 172.97376634373998
0.98969496584891 0.13566698447720676 0.04580768381163201 76.1807133157477 -0.14028958778594708 0.9827619707632976 0.12040656286220085 -1.0223421465775466 -0.0286828543240394 -0.12559211019925304 0.9916672404206589 173.86521049212539
0.9904274660323823 0.1333921122581019 0.03549618171009927 76.2075454174288 -0.1367638850821586 0.9831184795938703 0.12154708889262442 -0.9428135674901967 -0.01868352926800804 -0.12523817097178983 0.9919507680654985 174.6901808482364
0.9911734504578952 0.13138705704321554 0.017681412525968575 76.21623368499897 -0.13256591412428434 0.9834967564737611 0.12312761029917246 -0.8662420078246353 -0.0012122375111903918 -0.1243847709613791 0.9922333189492792 175.46468563524772
0.9913867022972106 0.13072089059131442 -0.008028404030412445 76.2002207350665 -0.1286651746032811 0.9835722737073135 0.1266130137013309 -0.7897174376325564 0.02444748151792404 -0.12448948211491496 0.9919196991138907 176.21103188157676
0.9906579633675485 0.1308393262331303 -0.03844307905620112 76.15849602973097 -0.12473709876798325 0.9833288212467527 0.13230678552674044 -0.7149576707296426 0.055113118287822 -0.12627549254044865 0.9904630453359984 176.91225624596512
0.9886560112334956 0.1317070266565736 -0.07219799568657417 76.09624291199533 -0.12086041089913535 0.98300047804557 0.1382129561201608 -0.6397884301355005 0.0891742817698383 -0.12791919047377462 0.9877674970251694 177.57565516566652
0.9850154004457758 0.13292605384222114 -0.10988778410079396 76.00546951138801 -0.11655892260734327 0.982701837462873 0.14391357200663463 -0.5569345083132936 0.12711679057175604 -0.12894868303719992 0.9834701615695864 178.26306130543253
0.979797752525764 0.13466484469174836 -0.14785717348038716 75.88104235564211 -0.11236198184607919 0.9822731057192071 0.15004776178392298 -0.4666190403310311 0.16544228353442197 -0.1304029347249927 0.9775601901847403 178.9818788210651
0.9733293417352451 0.13562814065366596 -0.18502702499922613 75.73394118706781 -0.1070917775486045 0.9818743134677204 0.1563783352442825 -0.37434611173365745 0.20288258599178963 -0.1323927491032733 0.9702117378624948 179.69754993291613
0.9645882968190278 0.13660530606963084 -0.22562891657185638 75.55749715282936 -0.10110498036734678 0.981587675859487 0.1620599196152127 -0.2760575514257865 0.24361280874512056 -0.13350889466396293 0.9606394612240956 180.4165658536648
0.9520656448083847 0.13847451994116097 -0.2727559629094472 75.3460071010013 -0.09469836979081944 0.9812896465690112 0.16763904168011234 -0.17681865363228183 0.29086633826305364 -0.13377382727398554 0.9473654714005114 181.08131009224562
0.9340087740214834 0.1400677379576827 -0.3286466778081036 75.10532060549068 -0.08578417834666868 0.9809523411776225 0.17428017409771018 -0.07295296753610514 0.3467977577728464 -0.13458652652312203 0.9282336893703911 181.7035973863309
0.9122136334489628 0.14193330034637172 -0.38434519016455504 74.81220300379994 -0.07637655925180999 0.9805447488974943 0.18082758806776292 0.044263562675059376 0.40253311434799705 -0.1355984279493546 0.9053066652747932 182.35018471863052
0.8887749302936179 0.14392588080030144 -0.43516027405707886 74.471043440449 -0.06808887198331669 0.9803437296307107 0.18517580102645045 0.17165583366470336 0.45325823632187406 -0.1349500374568505 0.8811046808392174 183.01242411631813
0.8634797966654789 0.14556423042944056 -0.482922038811678 74.07979081493808 -0.05879145593090544 0.9799706987081265 0.19026558906704835 0.30664782795583245 0.500945311845584 -0.1358988023971923 0.8547428326970281 183.67349415710427
0.8369970473123016 0.14957303096065952 -0.5263685507320229 73.66472436782114 -0.05202668763402545 0.9793122913992146 0.19555219172448982 0.4379481883547839 0.5447285255650949 -0.13629139489953704 0.8274632856580505 184.28838730953325
0.8080959763438291 0.1516811642041608 -0.5691868914887129 73.2613321712178 -0.04364267891350056 0.9790393131513226 0.19894054358385474 0.5600190555688908 0.5874318765560553 -0.1359222120547514 0.7977775019865969 184.8262030664682
0.7775122571538792 0.1540312391917799 -0.609712282415669 72.85250649555452 -0.035800931011904936 0.9788088756856735 0.20162211738206803 0.6756705172667419 0.6278478982318589 -0.13493540021800124 0.7665503600246008 185.30541909118375
0.7492551266779166 0.15613550194776107 -0.6436135953958552 72.43503468896333 -0.028417345332343483 0.9784970542265303 0.20429383092561773 0.7885161800941826 0.6616715269913942 -0.134778410368735 0.7375808907959542 185.7524644550078
0.7253915833505872 0.1574465733212364 -0.6700877758574084 71.99816351782064 -0.021214707760625607 0.9781400552286544 0.20686219696192937 0.9049641131054155 0.6880094381465717 -0.13584038025081208 0.7128747464418651 186.19222551275615
0.7073803270750436 0.16273706837575141 -0.6878442552232811 71.51567381947599 -0.019575011301570036 0.9772723559863105 0.21108188258945773 1.0306013798208817 0.7065620226135493 -0.13585061207603039 0.694488818771633 186.65272123137726
0.6955905267859489 0.16568611979696982 -0.6990721913738739 70.98224187312407 -0.018450271658202174 0.976842700445066 0.21316173686412365 1.169821753117509 0.7182015082979056 -0.1353752129963805 0.6825394825098384 187.1578232847343
0.6850019156055925 0.16307245578970586 -0.7100561595954105 70.42764209931117 -0.016002903654278828 0.9777600112722798 0.20911544044250582 1.3155815216403872 0.7283654870264671 -0.13188151697469067 0.6723771135227254 187.6738863152046
0.6743154109990843 0.16372838486015448 -0.7200637072372285 69.86783582554631 -0.014481143172365036 0.9778545845205956 0.20878387874659984 1.461704041469217 0.7383014445208403 -0.13035884136926976 0.661753390240883 188.1799983722431
0.6641806728000776 0.16729906758111393 -0.7286117319020646 69.26784145008364 -0.013899831033672736 0.9772325794314137 0.21171509250655968 1.6157080987318928 0.7474428597398424 -0.13048949262034662 0.6513844208603787 188.70664065030135
0.6564789838521228 0.16899869528615172 -0.7351699019628476 68.64351443593395 -0.012823041546121435 0.976940625618086 0.2131257460337654 1.7777599802238535 0.7542353169707667 -0.13048545899264377 0.6435080664805114 189.24503558591329
0.6520240752604417 0.1707416237806413 -0.7387231573394163 68.00203993295582 -0.01306589957075603 0.9766996134253646 0.21421285536388854 1.9457951476174737 0.758085672961292 -0.13001985634314903 0.6390625551597684 189.79382128225328
0.649681846231301 0.1713389403232871 -0.7406459789983212 67.31582754888805 -0.01382801317757845 0.9767721360340811 0.2138340017840456 2.1244311870013637 0.760080446222011 -0.12868240670857622 0.6369604018105345 190.3800274939489
0.6501178176144791 0.17133825752715576 -0.7402634833137085 66.61055485853637 -0.01557282023545176 0.9770443373963662 0.21246611501980706 2.305716530693057 0.7596738184840277 -0.1266000168611896 0.6378621522246348 190.98299990486535
0.6537830139707509 0.1718273691883503 -0.7369145987433902 65.91176962724458 -0.017411024363673054 0.9770343091598336 0.2123695245443052 2.4851918109775073 0.7564817425912742 -0.12601314979944314 0.6417601259066291 191.587813634876
0.6591089478835985 0.17238356585207973 -0.7320241123377685 65.24184184597944 -0.020058912124611136 0.977058252188615 0.2120254981706348 2.6577956906685927 0.7517799111868814 -0.12506429568126262 0.6474456634201782 192.177391789927
0.6643830816569078 0.17294523260104772 -0.7271073286170622 64.59977725136258 -0.023084933409538315 0.9771434636784497 0.2113237734850466 2.8268967403828347 0.7470356127103647 -0.12361471559264889 0.653190014797684 192.75155679405475
0.6707354238966823 0.17502234085057794 -0.7207504223608353 63.9861828431524 -0.026745628087870624 0.9768344523530694 0.21231844967940053 2.9940326185046664 0.7412143161787457 -0.12313258260615997 0.659878552911376 193.31239148502394
0.6776028133856837 0.1780243795045202 -0.713555707421528 63.37314450169655 -0.030371174506803628 0.9762051521987539 0.21471164984621766 3.1660195998885836 0.7348006662019885 -0.12381769309205337 0.6668861670678707 193.88414987170907
0.6838002695869526 0.17976484960031627 -0.707178754036762 62.73371577341661 -0.03243613279165154 0.9757078738870436 0.21666112278013147 3.3466630820144183 0.7289479327101052 -0.12521479019269405 0.6730201837349781 194.48996109977654
0.687933454077364 0.1803579219065467 -0.7030068155905315 62.08182516291649 -0.03336954327871584 0.9754665416886745 0.21760399726867813 3.530785892717543 0.7250062319336018 -0.12623805310400202 0.677074528841509 195.11512075524735
0.6902485364361185 0.1798645804268152 -0.7008606784915831 61.436603874169805 -0.034379197120765745 0.9756701509435047 0.21653135422661055 3.711807614862762 0.7227551651514709 -0.1253654229273924 0.6796384935986968 195.73489149220484
0.6915492721964338 0.17992656549373165 -0.6995613162219682 60.771745709974404 -0.03569544819875064 0.9758090946108697 0.2156906253238761 3.8950563533153573 0.7214467680310689 -0.12418954023726862 0.6812426285789671 196.3749861397459
0.6930802040251279 0.17918574979613347 -0.6982351307822349 60.120474965647816 -0.036151812268113544 0.9760345786665772 0.21459158351829216 4.072535891401853 0.7199533854759073 -0.12348671311989162 0.6829481345055605 197.00740977676233
0.6944813801668306 0.1793168656564897 -0.6968077742768851 59.511814782341645 -0.036805813713534224 0.9760325152004735 0.21448976979875303 4.238284876176057 0.7185686777744078 -0.12331257422732583 0.684436311397174 197.6019471762253
0.6951537112080184 0.17944384722158094 -0.6961043194005024 58.906798513217005 -0.03794094237638906 0.9761521459960129 0.21374628127518427 4.401810723762592 0.7178591802612211 -0.12217566681502684 0.6853840556600299 198.1894760287044
0.6956733120893541 0.17815027196568828 -0.6959174688461118 58.26548946046644 -0.03831613355072019 0.9765841051821708 0.2116963849839242 4.576106469962653 0.7173357071527618 -0.12060665862252233 0.686209528598632 198.81491215753115
0.695623540078789 0.17908344773510568 -0.6957276832465132 57.60266220730843 -0.04004838767457871 0.9765924606220115 0.21133691703275911 4.756381354783146 0.7172893538404996 -0.11914816240107191 0.6865127080131334 199.4626351286754
0.696127389065628 0.1811579652191541 -0.6946858641359612 56.96660371343125 -0.04104851626539381 0.9760998768177642 0.2134105193957294 4.929889301143086 0.7167438018602484 -0.12004508367276405 0.6869261243983341 200.08764760971803
0.6967690084208606 0.18131037526029373 -0.6940025192513221 56.33079224481931 -0.04210554846897593 0.9761966196975473 0.2127610924939253 5.1075260184734095 0.7160587068755877 -0.11902397873560297 0.6878177235239052 200.71300350982486
0.6975932389882527 0.18160909049429041 -0.6930958167293428 55.674991347822306 -0.04313711954575293 0.9762342023536635 0.21238166369110448 5.29424765726657 0.7151942825800381 -0.11825785557307597 0.6888484722782517 201.3641369049987
0.699240909280822 0.18162478464847337 -0.6914293806235922 55.00514266971494 -0.04374630926673345 0.9762465819505052 0.2122000745888056 5.483920521463668 0.7135463623435199 -0.11813148958406866 0.6905769616451004 202.03582661745548
0.699950626602582 0.18153641263594122 -0.6907341393082619 54.34754576160924 -0.04461796495877898 0.9763815688261175 0.21139600104918363 5.668923457237485 0.7127961542556126 -0.11714761177216737 0.6915186762007846 202.69577066302668
0.700726864465103 0.18102576634018414 -0.69008081652648 53.70426680729046 -0.04467156592807748 0.9765075234999324 0.2108020582099759 5.850077054662997 0.7120297132946346 -0.11688767458110194 0.6923517595244355 203.34420375467462
0.7014434282109302 0.1808223837311771 -0.6894058184853619 53.040744672486156 -0.04451655362958658 0.9765081745530142 0.21083183223622537 6.034909475419003 0.7113335318067346 -0.11719663208861658 0.693014830977261 204.01188915072692
0.7019691302147275 0.1813030578761456 -0.6887441770572997 52.38091275723999 -0.04462374081048342 0.9763519527837838 0.21153152495874084 6.216028586947999 0.7108080345505802 -0.11775425894654719 0.6934593517418953 204.67511081497284
0.7024106361514304 0.18119636966371114 -0.688321998661988 51.74042050798791 -0.044609802369298415 0.9763599313686792 0.21149763580314548 6.389120877120451 0.7103726231731597 -0.11785228058225881 0.6938887347461722 205.3160631267323
0.7029647394590866 0.1795806847704429 -0.688179738683577 51.08401426905972 -0.044370583526035644 0.9767866376772785 0.20956888073537028 6.569088117340464 0.7098392961753938 -0.11678459706868657 0.6946146640351938 205.9755840705707
0.703796941740507 0.17982846024009042 -0.6872638428466803 50.42146179785222 -0.045580862596831334 0.9768680881210936 0.20892851259597817 6.749753059049421 0.7089374089167807 -0.11571716941887726 0.6957135092407242 206.64095402850396
0.7040460625719666 0.18093603489974527 -0.6867177681199662 49.74766847179882 -0.046807503253535436 0.9767184131606803 0.2093566312110811 6.934265549253525 0.70861004749868 -0.11525316771195666 0.6961239170695669 207.31638995557879
0.7043761825947851 0.18217268406081918 -0.6860519707538736 49.04189961798468 -0.04831930075797415 0.9765697831223945 0.20970623230256957 7.12958560520905 0.7081803714926438 -0.1145625238651615 0.6966749525841907 208.02694264480004
0.7046595619445939 0.18422306800929691 -0.6852129325788399 48.286975904835245 -0.04870185840984255 0.9759868936298426 0.21231512534484553 7.340645757533752 0.7078721853184239 -0.1162387399966624 0.6967105027028846 208.79194018146518
0.704921430993721 0.1832646269355085 -0.6852005929944546 47.5152389130322 -0.049403539966461386 0.9763836558673032 0.2103193923393205 7.555435758439016 0.7075627649647395 -0.11440731213251873 0.6973276852141066 209.57121782632393
0.7052244439382579 0.1813942998650926 -0.6853864542347087 46.7706091887201 -0.04952141555988239 0.976958051113538 0.20760682976574396 7.7666024952390895 0.707252510121329 -0.1124681036600597 0.6979576008513615 210.32621850909158
0.7050351577336853 0.18221952657820567 -0.6853622914145852 46.078166658244136 -0.05044804752122096 0.9768640519074057 0.2078259333970172 7.959689351932143 0.7073757282100752 -0.11194940028718016 0.6979161202570158 211.03007321900293
0.7035606073459051 0.18349616858222503 -0.6865359625734863 45.448133726319554 -0.05084174838999669 0.9766093822627715 0.2089239840156593 8.132793567991609 0.7088142129018784 -0.11208599641333772 0.69643315615809 211.66765601835942
0.7011250339584225 0.1846182543655996 -0.6887233021408512 44.82683729326209 -0.05100007167646097 0.9764097275539937 0.20981667385346472 8.304210595937736 0.7112121198670597 -0.11198278480612107 0.6940008475940559 212.29185231556573
0.6969921351025621 0.1868058562676261 -0.6923189551567177 44.19548544860233 -0.05145184478835171 0.976011010329252 0.21155428472131538 8.478236516151812 0.7152305021970521 -0.11183058517324733 0.6898835038952306 212.91403242169548
0.6927167230573493 0.18649498884567384 -0.6966800992795316 43.54956238866616 -0.05124611649223397 0.9762744790131218 0.21038530645489747 8.653684737339464 0.7193868063435357 -0.11003527054135244 0.6858388018300935 213.54354157143007
0.6905472674471549 0.18452242614796074 -0.6993539487768239 42.87659792542505 -0.05132243853045696 0.976973647146584 0.20709538885351528 8.837420991222032 0.7214641215781661 -0.1071166048265697 0.6841166232784235 214.19849052463016
0.6900153067511677 0.1845862638793634 -0.6998619775613965 42.13490473245443 -0.050732022224669084 0.9768903059803711 0.20763331139913904 9.038025917906197 0.7220146386120488 -0.10776474965699166 0.6834336985847839 214.92001315636924
0.6895291352300333 0.18667138056151966 -0.699788087458037 41.38899060412164 -0.05130128191128428 0.9763753949173547 0.20990299348565242 9.238053606572363 0.7224387518282648 -0.10883420362751367 0.6828157628362006 215.64114735986016
0.6884879004590174 0.18921436388135202 -0.7001302274737952 40.733479250363466 -0.053197573233193816 0.9759419320441148 0.21144115843444158 9.416310146982068 0.7232941511747715 -0.1083294501923409 0.6819899567423195 216.27085160373704
0.6873013331531548 0.19090784313353237 -0.7008359814364536 40.157552976695115 -0.05504038357716599 0.9757577593121669 0.21181914766559 9.573625781631597 0.7242840835069997 -0.10700930133498263 0.6811472497237461 216.8251279408026
0.6861228275314869 0.19184070526381494 -0.7017354268840058 39.56795799808336 -0.05672455480923078 0.9757749021495463 0.21129520869328092 9.733656661017188 0.7252708393571962 -0.10516883634862846 0.6803835134974849 217.3926789920684
0.6853473909127472 0.19182127466954738 -0.7024980799640941 38.93053758747529 -0.05822417572085536 0.9760289841792535 0.20970781435998226 9.904944276631026 0.7258849076339287 -0.10282033177423533 0.6800875533658279 218.00531864930596
0.6864742086178214 0.19129532570825133 -0.7015406326540955 38.28835361260154 -0.05856565726696771 0.9761865689969484 0.2088775868753121 10.075722080552296 0.7247918492170176 -0.1023028878973583 0.6813302388977281 218.62839988880458
0.6881035468667175 0.1911165429024508 -0.6999914112462078 37.65286463357691 -0.05942274333351063 0.9762921969962898 0.20814053824009585 10.243676225224991 0.7231752528703971 -0.10162683264361194 0.6831467928071265 219.2415831801323
0.6899731944689586 0.19153267151526016 -0.6980345454607005 37.020982416034606 -0.060685616505145444 0.9762675070639232 0.20789182427546893 10.409921202366013 0.7212865220310796 -0.10107912936615274 0.6852216887569219 219.85004735793365
0.691967953099269 0.19337149418321814 -0.6955485727977279 36.37285743242362 -0.06257168257777262 0.9758983239731029 0.20906277958037894 10.581796306177182 0.7192114685007424 -0.1011430991409559 0.6873899454262964 220.47894939320705
0.6933635880960136 0.19452085305082495 -0.6938361279372814 35.74558903923175 -0.06415787564773565 0.9757158825113675 0.20943324379723435 10.7500445232264 0.7177260631292354 -0.10069833336973072 0.6890059099612756 221.09288412328058
0.6932479984254696 0.19575742395722398 -0.6936038088453023 35.139361812582685 -0.06544154165374934 0.9755266165917195 0.20991718592600234 10.91371700744926 0.7177218244592125 -0.10013416643055885 0.6890925419769065 221.68805044745466
0.6923894761150257 0.1979844346764109 -0.6938292131288658 34.518710865523346 -0.06596426250553931 0.9749587308478831 0.21237746870980545 11.081736171960618 0.7185022821378236 -0.10127999194977279 0.6881110621065407 222.29871188102902
0.6909770013391561 0.19903063940878785 -0.6949371109653562 33.86903175877241 -0.06726770562729205 0.9748816121879252 0.21232262714442507 11.256864916022149 0.7197401193486354 -0.09996322721080779 0.6870091075128559 222.93110095371614
0.6897253001278288 0.20062095834644567 -0.6957228194013251 33.21728400677831 -0.06826982976930027 0.9745867780829462 0.2133537961442726 11.433299613575537 0.7208455040484383 -0.09965863263187356 0.6858935166883388 223.56196436782227
0.6885005645746862 0.2006398293822061 -0.6969294307502132 32.568034269504714 -0.07011033025317351 0.974882344892982 0.2113976234676039 11.60721470185361 0.721838980779044 -0.09668543055413821 0.6852739695526381 224.19003604122753
0.687631905640082 0.19880733241552423 -0.6983108240057656 31.883548600712317 -0.07097124193509884 0.9755806170024559 0.20785942977718416 11.79250729577623 0.7225824832944533 -0.09337078936653417 0.6849499620622587 224.8554614336349
0.6881177303633957 0.20118623907902464 -0.6971499740836009 31.167850852026284 -0.0714080704572974 0.9749048223280199 0.21085889802220084 11.98474135873169 0.7220767802893918 -0.09531361186529837 0.6852156147958793 225.55598634291903
0.688945517387 0.2035219963504425 -0.6956528380405619 30.43489897230596 -0.07258667995411767 0.9743167908818895 0.21316182795907485 12.18185896669649 0.7211693614995007 -0.09636175593639922 0.6860241716056765 226.27417411276306
0.6888365014942297 0.2056386202126688 -0.6951381388517097 29.736209105721585 -0.07371829712944163 0.97382123912412 0.2150297814236394 12.371667779978054 0.7211587112955967 -0.09687596248705088 0.6859629443451594 226.95814106149413
0.688465884814448 0.20724267631207713 -0.6950289192268663 29.093587642868975 -0.07555913310686042 0.9735857592239818 0.21545669365420497 12.545823999627224 0.721322079830362 -0.09581880061485716 0.6859396581317699 227.58532873624566
0.6881646599474427 0.2057725174551398 -0.6957636609220073 28.511698166522017 -0.07612315241511673 0.974124628167879 0.21280618990803765 12.70306106636665 0.7215501829157871 -0.09348197610750969 0.6860221961986562 228.15429167344968
0.6871087464000919 0.2046902381253149 -0.6971251516311079 27.946441733238288 -0.07574861059052153 0.9744474679717613 0.21145751383440672 12.854991797667363 0.722595127726516 -0.09248804560387584 0.685056379290255 228.70454801864793
0.686370518553677 0.20590535346748692 -0.6974944420379168 27.356308481537166 -0.07483932119175128 0.9739883555129548 0.21388258304202212 13.012434790210467 0.7233910334417442 -0.09460268885501523 0.6839267095219229 229.2791261395466
0.6858421751436078 0.20610225708662935 -0.6979558513388083 26.764917100711504 -0.07487748096742984 0.9739541345121246 0.21402501421728715 13.169262960494693 0.7238880256215439 -0.09452620531119751 0.6834112399362526 229.8528758860677
0.6850155172995082 0.20817896546197534 -0.6981513155456113 26.154312921500107 -0.07452964663324196 0.9733006228167345 0.2170972809532177 13.33256093859171 0.7247061975943155 -0.09668203537233733 0.6822415343590925 230.43970889043212
0.6847720851964784 0.21117915260008333 -0.697488750334209 25.541208649689793 -0.07507894146272269 0.9724438209424402 0.2207173931970557 13.494997373394389 0.7248795374988205 -0.0987743925214288 0.6817574902393936 231.0279311921301
0.6875534864751724 0.20830176910736833 -0.6956152501365782 24.987667668157 -0.07697919301003082 0.9734822093569576 0.21542189282665922 13.646119642106967 0.7220418319456007 -0.09456617287506562 0.6853559891533758 231.56649723459822
0.6906551687588063 0.2093272397833327 -0.6922265124592056 24.470166865864453 -0.07876409266861199 0.9732713827214343 0.2157290737976629 13.791320996125979 0.7188822264966875 -0.09447180669489856 0.688682381193947 232.07642174143686
0.6916433947643575 0.21280319113646798 -0.690176945660292 23.937585486402945 -0.08000404203624582 0.9723003061906289 0.2196166383484455 13.938110523577926 0.7177943770584283 -0.096679451921001 0.6895101999532389 232.60249907475563
0.6914649331324063 0.21433566466618748 -0.6898814891706394 23.383499604339736 -0.08125270584898975 0.9719871646976962 0.22054239831640346 14.093517922119013 0.717826054166616 -0.09644259699446718 0.689510392557318 233.15114050657613
0.6915798218180967 0.21534416642539914 -0.6894521303474217 22.821678384224132 -0.08074802482951182 0.9715898323612068 0.22247011965307753 14.25512587270976 0.7177723222165794 -0.0981839479694723 0.6893205392420455 233.7119639571495
0.6913243156768202 0.2156137806659597 -0.6896240919087052 22.261173662728417 -0.08157075449396162 0.9716261249424717 0.22201100274662505 14.417567312905605 0.7179254157398672 -0.09722844705232869 0.6892965446877918 234.2693548752605
0.690880691396753 0.21610583664024008 -0.6899145871955203 21.70907592778481 -0.08216614952218522 0.9715674248525737 0.22204833446354943 14.578290963083148 0.7182844799435957 -0.09672128170863037 0.6889937587067069 234.81741841803654
0.6904385967055149 0.2156321607670151 -0.6905051161448887 21.140017199426133 -0.081944321394826 0.971708908869831 0.2215105519250582 14.745364492128187 0.7187347719224804 -0.09635646146445255 0.6885751665312851 235.38202237634007
0.6901511295948572 0.21685762712384918 -0.6904087107483183 20.51941418280592 -0.08217014089914552 0.9713573147198294 0.2229642013528103 14.925716188267952 0.7189850389706007 -0.09714801438267018 0.6882025697699375 235.99517425085102
0.6901823967153722 0.21653185105952696 -0.6904797004553851 19.901954707241806 -0.08238373936540264 0.9714897770932632 0.22230729293357626 15.102187920934485 0.7189305799257651 -0.09654828056478393 0.6883438463207064 236.60368498938072
0.6906604980265562 0.21576638029363923 -0.690241222762513 19.314455129077317 -0.0822121903483969 0.9716921996150358 0.2214845930655498 15.270519458472577 0.7184909409476417 -0.09622441655979949 0.6888480452421247 237.1827063177126
0.6911088926838536 0.216306403201066 -0.689623113292699 18.70931948200956 -0.08253558880974483 0.971542685042551 0.22201956607501747 15.444385064123642 0.7180225449337407 -0.09652124675183239 0.6892947656063724 237.77876511903645
0.6904240308616368 0.21715384553685102 -0.690042654462263 18.066109132317226 -0.0827310992239332 0.9713254293713658 0.22289566051794618 15.628879890370058 0.7186586274650631 -0.09680453308130335 0.6885917945669554 238.41328953763056
0.6882234478293219 0.21643472312706025 -0.6924626318313736 17.461879486180802 -0.08208987746123532 0.9715658719141312 0.22208333694839288 15.803483511321677 0.7208396062067616 -0.09599878726654171 0.6864215140619004 239.00624029665622
0.6855489643545369 0.21711255836010468 -0.6948990966138545 16.88593035654596 -0.08244920247423329 0.9715096265082651 0.2221962524732005 15.969720730874238 0.723342758644741 -0.095032534450584 0.6839181755971342 239.56591993271218
0.6832761304505156 0.21561018624617712 -0.697600155636062 16.28710865021472 -0.0837920278576487 0.9722495090563038 0.21842570409015397 16.142548118713076 0.7253362155745928 -0.09079173820709248 0.6823812971127363 240.14205655595006
0.681243531387711 0.21501033481420198 -0.6997698242032767 15.692983388995216 -0.08385434858619671 0.9725227751323857 0.2171817213118728 16.314699201324157 0.7272384060028627 -0.08927490001051847 0.6805544012513072 240.71593511139483
0.6793686315687416 0.21745591755577867 -0.7008360624000373 15.063833126711128 -0.08335651951615458 0.9717691335157665 0.2207180142176195 16.489709401997946 0.7290472913978677 -0.09152964036852028 0.6783158348729886 241.31831817165138
0.6778837414999798 0.21802039983184948 -0.7020973851732736 14.42287944384079 -0.08398256050580373 0.971727984229801 0.22066185487205695 16.67059129009211 0.7303564626542828 -0.09061914765571417 0.6770285130903076 241.92857384744073
0.6764809248077241 0.21841644516137185 -0.7033262506506881 13.805347159948065 -0.08450248207937852 0.9717221236612599 0.22048910383435205 16.84817228773874 0.7315961241653139 -0.0897238589803223 0.6758082126135841 242.51610064106413
0.6743837047419395 0.21981162888136893 -0.7049038704582736 13.180196788090349 -0.08515880769036083 0.9714449168479387 0.22145597983133766 17.025267786906838 0.7334538814753736 -0.08931753097136635 0.6738455182086508 243.10874122472373
0.6724011673732827 0.21962224084908394 -0.706854116094313 12.557032794642762 -0.08577600725942293 0.9716531732726922 0.22030112902057336 17.202854417671297 0.7352000725609846 -0.08749961253362666 0.6721790469159135 243.69612015343267
0.6707457177771442 0.22057694324141358 -0.7081285153091188 11.954888987414355 -0.08653731842162896 0.9715068424586661 0.22064847059607343 17.374427575818068 0.7366216631378799 -0.08671947397365151 0.6707221915440957 244.2615354799199
0.6692531228601422 0.2225059715269191 -0.7089367744565156 11.399601843028368 -0.08784833447792956 0.9711128813606177 0.2218613120508685 17.52919884048566 0.7378231005270846 -0.08620246104573148 0.6694671075103366 244.77961178130894
0.6680186204727323 0.22273315292257445 -0.7100289186299921 10.877902685658782 -0.08786320708384562 0.9710885534451257 0.22196188458560773 17.676192310611007 0.7389392258789946 -0.08588925402529925 0.6682752849689471 245.26596821103155
0.6667117347274194 0.22421352589290244 -0.7107909380284946 10.329115729087185 -0.08923490889122415 0.970831099893192 0.2225401233830652 17.830920204881558 0.7399544538766756 -0.08494274711149657 0.6672721602923509 245.77141570027226
0.6654986868459485 0.22684568708540095 -0.7110924919144272 9.763866201570574 -0.09115040957386225 0.9702667204210242 0.22421885308320358 17.99138314619251 0.7408124598309848 -0.08440098041007793 0.6663883056184141 246.2916458928392
0.664331630431981 0.22909419389137733 -0.7114628135980439 9.207507810327819 -0.09199909772139012 0.9696936972305914 0.22634111329963125 18.15121133082239 0.741754441055822 -0.08491162391879185 0.6652746540320295 246.80414408829049
0.6633555323224055 0.2309552308946887 -0.7117718167078815 8.667603201796972 -0.09282779040470597 0.969230276868531 0.22798173551828865 18.30834851666428 0.7425243693413952 -0.08516074050718392 0.6643833300214786 247.30320493416173
0.6641926397740711 0.23259365999200193 -0.7104564213246826 8.112366060090547 -0.0949964530114845 0.968921366944237 0.22840109149071114 18.472743514748988 0.7415010527202146 -0.08421148383941664 0.6656460131363928 247.8207510315182
0.6660072811393325 0.2326954616160949 -0.7087221766056607 7.565627891136587 -0.09585033622845515 0.9689193035228321 0.22805283665353157 18.634334668963422 0.7397614578458955 -0.08395359077551547 0.6676112492173946 248.3339717365136
0.6672849439058075 0.23299911841927143 -0.707419404916535 7.035063048475132 -0.09616699760124245 0.9688106001497973 0.22838110606999076 18.789686142450392 0.7385680146127264 -0.084364873337379 0.6688795526384261 248.83105032596583
0.6681411347493509 0.23296407427112673 -0.7066223631861969 6.538170153578692 -0.09610476381006228 0.9687830988971052 0.2285239192389579 18.936351993089353 0.737801666051833 -0.08477645540076856 0.6696727963571601 249.29590328798633
0.6692567358196697 0.23412331812202006 -0.7051820286078873 6.070765066003899 -0.09637264135848211 0.9683956188243223 0.23004834152726922 19.07376411014473 0.7367548680243576 -0.08600114739579366 0.6706683734074655 249.7331214748836
0.6701936996244185 0.23502644790228377 -0.7039907483555226 5.575422946273432 -0.09628116937205716 0.9680528971120587 0.23152435037658425 19.218203683041867 0.7359146291575419 -0.08738510845324347 0.671411573785059 250.19834542977128
0.6712027170854163 0.2354596823042751 -0.7028838101609136 5.0230397730910825 -0.09644133380056658 0.9678895590200804 0.2321397653886162 19.37955207445632 0.7349734564675929 -0.08802578911366724 0.6723581476705647 250.71922502444832
0.6721715339404958 0.23624282565117313 -0.7016942042574026 4.443241964195277 -0.09633218916748129 0.9675779925947042 0.23348005819898796 19.551978449411678 0.734101858252845 -0.08934291004188027 0.6731361720595365 251.2686594545544
0.6732574254256548 0.2383881255930436 -0.6999253822268865 3.8817245372385063 -0.0969707379896129 0.9668931394080896 0.2360388377774265 19.719286019010354 0.7330219062776823 -0.09104261937029058 0.6740846581663366 251.8003373036221
0.6744645855140677 0.23953108088636904 -0.6983712366476326 3.365066750714152 -0.09842558442490576 0.9666368457523148 0.23648596737360808 19.872490530871826 0.7317171087366695 -0.09076381285194621 0.6755383061371304 252.28863252698673
0.6766759549601866 0.23989514762050893 -0.6961034191317068 2.8826956923893654 -0.09862173319517965 0.9664438234528525 0.23719209483330278 20.016464153850272 0.7296460825087029 -0.0918512616024725 0.6776281723937804 252.75109376464707
0.6802957160269414 0.24036483190786725 -0.6924034130023428 2.4002244023616006 -0.09905165660323219 0.9661801088778725 0.23808562857278448 20.159894943055694 0.72621381705359 -0.09338492807003253 0.6810967237696914 253.21864290357385
0.6846284326396326 0.2413497892646669 -0.6877748093986141 1.9436805177652552 -0.10097581019230328 0.9658953965615477 0.23843231462454625 20.296144934659658 0.7218641111576379 -0.09378892324316053 0.6856499419525094 253.66416693699927
0.6895194588161133 0.24138499779825418 -0.6828588424790808 1.5365063664130663 -0.10217533209815101 0.965817536229864 0.23823662233482892 20.41619795821123 0.7170237913936786 -0.09449745789603066 0.690613577209875 254.06920160214452
0.6947012035320026 0.2407293838130538 -0.6778197412145605 1.165245156251586 -0.10415970181956266 0.9660695130124148 0.2363481595968446 20.522902323634757 0.7117169341304489 -0.09358984879217971 0.6962039542224742 254.44590796266434
0.7021040787633915 0.24043790550351946 -0.6702532925550528 0.8190185056279675 -0.10668601655575574 0.9661633155802255 0.23483300768522863 20.621837953172104 0.7040368999244806 -0.09337055865799541 0.7039985669876171 254.8127945814773
0.7115665639797736 0.2389405968409948 -0.6607423220948445 0.48979799181985645 -0.10809771834668344 0.9664325256523617 0.23307307148068052 20.714357239347997 0.6942534899546842 -0.09442226719617758 0.7135100049356509 255.1774885775794
0.7217876881945579 0.23937531808463963 -0.6494012552056183 0.18392999589506565 -0.11208836448152364 0.9663284218516722 0.2316151542311381 20.798737388256605 0.6829778413086413 -0.09438664213507252 0.7243151455463649 255.52880842362615
0.7349107439085906 0.23987236010152846 -0.6343244038715866 -0.09972256527286988 -0.11623074589227726 0.9660673444960379 0.23066057228685313 20.876647868085154 0.6681291882540721 -0.09578693417004353 0.7378538141429208 255.8781476894765
0.7497421092123093 0.2376464315331526 -0.617584766047087 -0.3598855327611785 -0.119997267300354 0.966640881877342 0.22628756334328703 20.94976446845016 0.650759114814632 -0.09554883077753092 0.7532482959972235 256.22139686986026
0.7655098137449993 0.23760076846403944 -0.5979469875209621 -0.6240117471182551 -0.12631788695527527 0.9667319568706368 0.22242552686286568 21.027119834753112 0.6309029374596773 -0.09473752366600505 0.7700560272567064 256.58661803193826
0.7837536007707391 0.23963520607051955 -0.5729792852193172 -0.8892219304839826 -0.13301936615745957 0.96592501266287 0.2220241386410542 21.10634570060149 0.6066598235469094 -0.09779487677671986 0.7889233299695584 256.9855769294893
0.8039028343509225 0.24103210019228447 -0.5437313303456486 -1.137806411527003 -0.14079155059773132 0.9653390980309801 0.21976843516078534 21.182265278833015 0.577856359489829 -0.10011969081869078 0.8099741201467668 257.3931260086661
0.8250819805384451 0.23991030977148542 -0.5115493804669358 -1.3681679080222773 -0.1482325182642273 0.9655749314650252 0.21375727415776413 21.256944262294343 0.545221831844435 -0.10053902223346785 0.8322409861864141 257.8117696095996
0.8462380821862316 0.23889036868850952 -0.47624835958314377 -1.5748219074168404 -0.15732465094921835 0.9660305514135965 0.20502177430519247 21.325563067733125 0.5090481926708648 -0.09857162615788824 0.8550751850305993 258.23250571953827
0.8676784214371457 0.2381223277775708 -0.4363850524320615 -1.7740985186930303 -0.16785560277249956 0.9665964043907593 0.1936901846680322 21.39564530415339 0.4679301802515228 -0.09481111766373455 0.8786650091912894 258.6785752880343
0.8885256583195169 0.23607148702541245 -0.39343666265547567 -1.966546465683214 -0.17515602035690478 0.9670619132405068 0.18469332552190948 21.47116768727748 0.4240784397261897 -0.09519195855333991 0.9006086652848604 259.18067230682584
0.9069759820639203 0.23263727721036695 -0.3511046357018561 -2.1393821607791708 -0.17954021010188648 0.9676321808962735 0.1773507131378162 21.547924697082703 0.38099853138267686 -0.09781543715624952 0.9193868931729302 259.7187489437013
0.9233090472090935 0.23034526698795008 -0.30731329505585087 -2.2886325258204745 -0.18534824210222897 0.9680757879726946 0.16874625296776213 21.61959895244672 0.33637246095875317 -0.09884496303452318 0.9365272237320459 260.26365042778843
0.9372844867697285 0.22871457908252543 -0.263035039825321 -2.4100945449477473 -0.19192458012873997 0.9685603182388748 0.15829044657027275 21.68566085236892 0.29096863474129275 -0.0978802903965477 0.9517125103457837 260.8146211941432
0.9486608215941169 0.22759436703676073 -0.2196439156123153 -2.504213956561651 -0.19852876015590615 0.9690580673121912 0.14667240220341124 21.74480621565508 0.24622952090139877 -0.09553672733716904 0.9644914498150665 261.3445724169362
0.957878756659927 0.22723605682268505 -0.17559060914327923 -2.577473562289246 -0.20472109316473389 0.9691308835399794 0.13738487756101472 21.799685764400643 0.20138908002438166 -0.09565095424874709 0.9748298997251957 261.88434781002667
0.9650757813690969 0.22694659981830584 -0.13085861471731602 -2.6356998474864346 -0.21049406654975308 0.9691304190748622 0.12836852718298988 21.854099554736393 0.15595186488841165 -0.09634039471940853 0.9830552091226276 262.4589735020429
0.9699636620081281 0.2263725763295647 -0.08902781065316143 -2.6672662711415547 -0.21536252784747292 0.9693351331620209 0.11835700746856297 21.903173348058356 0.11309056540192147 -0.09562874203753932 0.9889720257486504 263.0423054281831
0.9725824465639301 0.22618111910700445 -0.054087761972752856 -2.6839576373131826 -0.21940205456447415 0.9695174349665561 0.10908107878434777 21.950610901610084 0.07711110872374802 -0.09422337637429719 0.9925602411219279 263.6514809841092
0.974051260874627 0.22451569633801935 -0.02858047036704626 -2.6932751087967466 -0.220545527089743 0.9699301001854286 0.10293333393508484 21.996259768346693 0.050831207631285236 -0.09395904880392507 0.9942775696346592 264.28587274083674
0.974722154282526 0.22310773895611052 -0.01181773111566663 -2.699128415686733 -0.22089080494903598 0.9702738890141251 0.09887281014703742 22.042633118684847 0.033525725045063334 -0.09376309036767624 0.9950299033923069 264.9550138269439
0.9749543471479338 0.22239640598056792 -0.0019645824673507 -2.7029770150212817 -0.22115300468206578 0.970363794823769 0.09739329656248641 22.0921904894602 0.023566278820359193 -0.09451954455106334 0.9952440334914942 265.6731379483075
0.9751449597144888 0.2215531666591532 0.002549879747733585 -2.705155141147035 -0.22076119320480717 0.9705493596706279 0.09642839839862469 22.147596529723014 0.01888923286468573 -0.09459458116739759 0.9953366576669151 266.44798564697254
0.9754312374641997 0.22029399752514017 0.002110837144798625 -2.7090588468064953 -0.2194795201764836 0.9709074023331896 0.09574735671400277 22.208251923982445 0.01904314055398835 -0.0938582481671766 0.9954034297955916 267.27511143092056
0.9753500182688254 0.22066264156275886 -0.0005835079653477609 -2.7178904555553696 -0.2195679351277478 0.9707676898101606 0.09695367081436865 22.269208263376612 0.02196050379061117 -0.09443564496094177 0.9952887245588945 268.103478160032
0.9755691939510188 0.2196524086769986 -0.004191321527946665 -2.728364463054131 -0.21825781630526045 0.9711990745972453 0.09558181376765044 22.33269131581968 0.02506538320906199 -0.0923318843295599 0.9954127534348418 268.9734870074066
0.9751943768449195 0.22121123663034584 -0.00784322373266924 -2.745089456140927 -0.21950012852184259 0.9710078660517012 0.09467532753899614 22.401996430196043 0.02855907822290954 -0.09060525842463314 0.9954773057166401 269.8928035304109
0.9750817027603413 0.2216418313635945 -0.009516907679704315 -2.7612717763752475 -0.2196302736566808 0.970501957230644 0.09944090659774302 22.472018761599422 0.03127644218071624 -0.09487280749130012 0.9949979570648538 270.8058749544488
0.9748980814202227 0.22238530953919008 -0.01088599762660349 -2.7777841228343094 -0.22019374135281958 0.9702278235089181 0.10085973804346242 22.538327038313053 0.032991621848819715 -0.09593093656535763 0.994841097008701 271.67090139604727
0.974643287040822 0.22339329079879944 -0.012880242712931481 -2.796850097142038 -0.2210548207966507 0.970175775912105 0.09946723096531004 22.60350054853604 0.03471641151993934 -0.09409782919615359 0.9949574711070558 272.5103142391291
0.9745022683485046 0.22393239616479085 -0.014128373279100308 -2.817393931783354 -0.22141777457780462 0.9699326896327544 0.10101854623179028 22.669925814483346 0.036324896209501745 -0.0953145294782846 0.9947842190071675 273.363517544064
0.9743477864631596 0.2244806533745385 -0.015963310273273013 -2.8419532051485596 -0.22175480830170669 0.9697630213426117 0.10190430526490646 22.740796142814144 0.03835617302878336 -0.09575029345641697 0.9946661174955111 274.2821987910601
0.9742908360776544 0.22452253086205257 -0.018627932531631763 -2.86783559268977 -0.22147022940754788 0.9696442684656502 0.10363845868152771 22.816318767412824 0.041331637050480374 -0.09684846806745587 0.9944405814384849 275.23247413129764
0.9740659465826074 0.22526393904043393 -0.021252987463321084 -2.896916032753793 -0.22184207512528673 0.969285822418815 0.10616538118421018 22.888199283029326 0.04451545138752623 -0.09869727567602576 0.994121331811109 276.12862525211216
0.9739362034370662 0.22560703486020162 -0.023446480677936078 -2.928776791103233 -0.221908252171277 0.9691324486211234 0.10741985220579682 22.962165841035006 0.04695741957222689 -0.09941711548427568 0.9939372404210951 277.02245566046184
0.9737788254619968 0.22609239423361857 -0.02523942058692152 -2.9629065033731923 -0.22217576835248665 0.9689865051189767 0.10818077858054971 23.042528181349944 0.04891550918508242 -0.09973656384206074 0.9938107922507887 277.9784112277095
0.9737781498403597 0.22587422877909444 -0.027146780047265312 -2.998358137833707 -0.2218838846158955 0.9693041011615362 0.10591081729071228 23.126238807727457 0.05023600940804759 -0.09711020669772925 0.9940050055778775 278.9757255575844
0.9738329162533342 0.22555152930919528 -0.027856037905791105 -3.0304702475502543 -0.22149416135115216 0.9693941361168067 0.1059025275888167 23.205712692481423 0.05088995685668817 -0.09696141752590703 0.9939862653993207 279.91547149857826
0.9739807027631382 0.22493166601591794 -0.027700835155752966 -3.0600014522051393 -0.22078406576830337 0.9693232067860107 0.10801350419694127 23.27579781284878 0.051146719815060394 -0.0990871657147809 0.993763425893089 280.7765099958098
0.9739100433381057 0.2250952981510979 -0.028832867277403182 -3.093015445035753 -0.22086501046868334 0.9693688385747896 0.10743696733821292 23.34590611546327 0.05213323926092211 -0.09826576998340737 0.9937937229695754 281.63644862727733
0.973642095227696 0.22599013736433676 -0.030814415695732515 -3.128771887371938 -0.2215973625798756 0.9692751847821958 0.10677183646956649 23.418495373716382 0.053997030457836284 -0.09712916132392296 0.9938059401725492 282.4961692303264
0.9736745745751273 0.22559257755897144 -0.032646772830451976 -3.1603290379887787 -0.22087933664863327 0.9691537789329926 0.10933101765537748 23.487604461293405 0.056304009338621425 -0.09924183457695612 0.9934691322845386 283.30548469023086
0.9736079919178242 0.22538720183037744 -0.03588993347463111 -3.193412364582132 -0.22023380034151097 0.9690737415751648 0.11132455513787941 23.552805980802333 0.059871122094682656 -0.10048230013581343 0.993135819562731 284.0715749728735
0.9737310301487344 0.224199701847898 -0.03977907259849993 -3.2274672409628784 -0.21863519210840207 0.9693884143409716 0.11173519997395402 23.61653009000713 0.0636123706302899 -0.10010292619504557 0.9929415241946433 284.8089495148632
0.9737620649810169 0.22359129048917487 -0.04236007107276313 -3.2613104503544363 -0.21773481550942456 0.9695281952521898 0.1122792444136888 23.677781088279946 0.06617394441153661 -0.10011000663478732 0.9927733858502651 285.4997603323409
0.973513991214361 0.22473019591703314 -0.042033890528660106 -3.289730875798188 -0.21887045062231317 0.9692182515823448 0.11274620456604513 23.729997020498278 0.06607749052642076 -0.10056003103994417 0.9927343277045344 286.0788430964748
0.9732977371929233 0.22661070694662147 -0.03659374635489029 -3.3105326983268326 -0.22136587404815983 0.9687876082849354 0.11156934991497035 23.772919264830165 0.06073437726714606 -0.10048958916577874 0.9930826641761815 286.5750035844222
0.9730864406853024 0.22882070249072511 -0.027273889822669022 -3.326113833463347 -0.22464741560463952 0.9683277705742257 0.10897186516209686 23.812977458402948 0.05134508366498766 -0.09991203554327484 0.9936706031361863 287.0804491126059
0.9730872951242588 0.2301026860849091 -0.01240443163801203 -3.3286753574146695 -0.22755410868725742 0.9680089865239543 0.1057247824704066 23.843710700901752 0.03633515773050091 -0.10005676321656833 0.9943180579911644 287.54823419872736
0.9729730093235271 0.23076296884531605 0.008483828004731504 -3.3172632081410187 -0.23045570177870145 0.9680401376346969 0.09893665370267701 23.86414250984286 0.014618229906681246 -0.0982178402220931 0.9950575677901757 287.9854183058965
0.9719783918948299 0.2323164816165582 0.03587559140756483 -3.287619533985056 -0.23464867192245223 0.9680052823074892 0.08891442059546703 23.88304181942231 -0.014071476630714218 -0.09484105542485975 0.9953929715199558 288.4385015028417
0.9702855272605589 0.23149829559329255 0.07038845591500398 -3.2344851212156893 -0.23682700034389192 0.9682365148060397 0.080193661248056 23.897977415248324 -0.04958797734141119 -0.09448063576021287 0.9942909242115867 288.90440570488454
0.9672333810533744 0.22905939084637286 0.1095051690156459 -3.157531352778859 -0.23761629625082203 0.9686391730715079 0.07264054066006838 23.9069128044647 -0.08943199836802448 -0.09628056842600065 0.9913283864650833 289.36010100236103
0.9619016020448655 0.22760001920540127 0.15147124889305283 -3.069095644447399 -0.23946394819053304 0.9687206788347676 0.06509426944753925 23.907535453459722 -0.13191787407520664 -0.098886185362809 0.9863159721123184 289.7737393053897
0.9540083300416068 0.22796094828920874 0.19468413460348646 -2.9635779870382 -0.24265258349816268 0.9685551754881397 0.05495994684137231 23.901278612600397 -0.1760336045557526 -0.09967285533295266 0.9793250185596621 290.17460410289186
0.9431950877914148 0.23080226073071747 0.2389839802324297 -2.8359072000004826 -0.24688486046333324 0.9682485009795805 0.03927729655661388 23.89309189801848 -0.22233059177752626 -0.09604767978657978 0.9702288138204653 290.58504143670706
0.9302825649935076 0.23215656074575935 0.284038167456066 -2.674389555856546 -0.24894531226806776 0.9682206780000334 0.023978119044462384 23.878373556427142 -0.2694449494216843 -0.09301639638180176 0.9585131033195566 290.9985898386715
0.9159651832894709 0.23032562260907521 0.32856946080125493 -2.4826533167596203 -0.24707973445387496 0.9689479387576682 0.00956539593896751 23.860722944772128 -0.31616354600694924 -0.08994442476889922 0.944431369994295 291.4434228389478
0.8984312150697287 0.2311322445735164 0.373362072667724 -2.2561581114747047 -0.24698960370058265 0.9690023528838412 -0.005529536093488756 23.838300307525305 -0.36306678098135037 -0.0872486425337838 0.9276692227964931 291.9259132299402
0.8794808451263191 0.22826679483533122 0.41762149541361016 -1.9886391170180195 -0.24304902355927735 0.9698421224508997 -0.018260056593997025 23.808015951224075 -0.40919508208527766 -0.0854431266722998 0.9084375910879523 292.4300127276172
0.8580875811740596 0.22669617358489733 0.4607543249029983 -1.7015791517108547 -0.2388874474499422 0.9704997657435304 -0.03260356027497813 23.774449416347256 -0.45455306674326007 -0.0820917144035795 0.8869286667712213 292.9337661530769
0.8339073011363889 0.2268053274375511 0.5031480463614753 -1.371759796484346 -0.23584876738749402 0.9706689471219758 -0.04665998301451722 23.729777620713197 -0.49897291713400993 -0.07975674604107338 0.8629396789044491 293.4516663816462
0.8089971476314066 0.22530847271147922 0.5429177720876971 -1.0076987020350392 -0.23311244396543232 0.9708621844119419 -0.05554464283201531 23.671756479621465 -0.5396130128089119 -0.08162543110632457 0.8379469466523481 293.9829011720664
0.783664947515473 0.22529929782785277 0.5788864106487968 -0.6464818725282331 -0.22970107814353158 0.9709568714669239 -0.06693406046896515 23.609403902932975 -0.577153935042697 -0.08051695566425829 0.8126563573339518 294.46078513694005
0.7625145808354529 0.22697540555481302 0.6058495516929608 -0.26021314789958544 -0.22682563481300955 0.9707895214814886 -0.07821659909135693 23.54652285542462 -0.6059056406776622 -0.07778091189341196 0.7917250055038165 294.94504854117474
0.7468347523814538 0.22439393750321593 0.626007358940081 0.17020146033181355 -0.22301251908565226 0.971349947656519 -0.08212609523622703 23.474386541269606 -0.6265008132208638 -0.07827285608357983 0.7754805549039336 295.4781169220388
0.7313829518440601 0.22265846900734285 0.6445945888162385 0.6351233250653617 -0.22039685339374168 0.9716504833030272 -0.08556030219168122 23.39086597600389 -0.6453713696516188 -0.07948927271210965 0.7597218245895604 296.0251808206749
0.7162048978894264 0.22344538063398606 0.6611525588792118 1.1054730032714142 -0.2173416432765058 0.9716602045128444 -0.09294652798209392 23.30719747803577 -0.6631841028983307 -0.0771272250206819 0.7444717837658742 296.54973697577
0.703140089990899 0.22205723971383343 0.6754884130303521 1.6217926490080783 -0.2140337279689218 0.9720237791288838 -0.09674366180649423 23.21558332141011 -0.6780734304920929 -0.0765529561720292 0.7309966263684159 297.1018812795031
0.6941446550426954 0.21913651605409487 0.6856692972616835 2.1767692536404915 -0.2121498753574496 0.9725068046363077 -0.09603616673887957 23.11835841090066 -0.6878630883115296 -0.07880166411791345 0.7215501849980842 297.68922808157134
0.6883268479607956 0.2186896292377241 0.6916509209422211 2.7364383315381637 -0.20922757579112214 0.9728054929840009 -0.09936445213820867 23.02430784695953 -0.694571790317549 -0.07631722534279307 0.7153640396406918 298.2649991399047
0.6854208166962024 0.21890607580402754 0.6944626944736431 3.3362228759529327 -0.20874263061302836 0.9727814530525665 -0.10061192156842871 22.923611311204922 -0.6975849899505172 -0.07600246425623296 0.7124596881387145 298.8806902582191
0.6840665730362161 0.21854935409023582 0.6959088327368952 3.9323844804228 -0.20942948627773997 0.9727358141232643 -0.09962091246015443 22.82100835932542 -0.6987075310399399 -0.0775964931468705 0.7111867337903433 299.49635162155926
0.6827783728735353 0.2190480852763619 0.6970162335791955 4.509353189493505 -0.20966834264310855 0.9726172006413342 -0.10027445891107184 22.72306526065218 -0.6998949061319558 -0.07767700659381555 0.7100094386817422 300.0881341772915
0.6827262740966799 0.21769293472165824 0.6974916636278438 5.1038299918033285 -0.21063664984557773 0.9726990935282697 -0.09740983108041755 22.622741585011585 -0.6996549409529644 -0.08041305628786678 0.7099413384065937 300.69786163526345
0.683595761805358 0.21910631361175212 0.6961962781983402 5.710276033681039 -0.2123156075533483 0.9723214221700063 -0.09753530016640322 22.520572862157408 -0.6982971553937508 -0.08113861796189342 0.7111944934012264 301.3261847162398
0.6853397954595016 0.22053969348032487 0.6940256539632614 6.332280456755857 -0.21459668839357873 0.9718818058957682 -0.09692273571918515 22.417437978735226 -0.6958862163385888 -0.08251059912754165 0.7133963659436277 301.97638486750355
0.6881706248728116 0.2213684318248074 0.6909538395968211 6.981927376588251 -0.21657193758034018 0.9715770576930758 -0.09557518933888902 22.308746574841667 -0.6924722282625209 -0.0838691740503782 0.7165529811041497 302.65920980576084
0.6910649165533845 0.2244059545128416 0.6870744127736412 7.666778790202448 -0.218162200040603 0.9710084948500588 -0.09771262662762152 22.197137507060223 -0.6890823866436488 -0.08236789731567327 0.7199868012049144 303.383044368123
0.692860563837897 0.22495540567160457 0.6850834288883033 8.344479217642075 -0.2208211332657626 0.970638059046837 -0.09539279549848162 22.08832711779681 -0.686427174710803 -0.08518699307355808 0.7221917404883744 304.10490821848873
0.6943844605292229 0.22617802131747658 0.6831352162262245 8.979221641453927 -0.22210898489973158 0.9703336695704157 -0.09549957342744429 21.986407408204315 -0.6844690057280534 -0.08541704965007817 0.724020792399447 304.7850581551669
0.6959590346323095 0.22765745004651003 0.6810382570399288 9.625537423965623 -0.22306076440881256 0.9700346600597762 -0.09631538643473575 21.883329445130908 -0.682557629431405 -0.08488135084361498 0.7258858304058161 305.47886866513153
0.6974347876718697 0.2266813725523607 0.6798531255226171 10.297297514258698 -0.22257020171972614 0.9702589502017778 -0.09518442551061916 21.773938066165265 -0.681210116081326 -0.08493011769168722 0.7271448637357895 306.1979693061041
0.6982126064145824 0.22642152743234822 0.6791409633934309 10.948587450672381 -0.22296742487909188 0.9702589936281748 -0.09424973594886112 21.666802473554366 -0.6802827968474151 -0.08561995794699803 0.7279316857470969 306.8978557026864
0.698315162137167 0.2265070091580989 0.6790070022699284 11.602742813574997 -0.22350595071652896 0.9701809010364555 -0.09377691218201813 21.559274052253947 -0.6800007531787313 -0.08627626595041145 0.7281176976354916 307.60515352559287
0.6980069311318484 0.22705692850717474 0.679140247157232 12.241643042849134 -0.22515281692463443 0.9698887126339009 -0.092855232142613 21.454033916333337 -0.6797738838193184 -0.08809674410694221 0.728111550900652 308.29669402963964
0.6970996352016213 0.22792152023742576 0.679782229257596 12.873809039029112 -0.22682869463669364 0.969535475898433 -0.09246461087256416 21.349044104118494 -0.6801476618287969 -0.08973706919139743 0.7275619674788918 308.9848262331754
0.6958113109365888 0.22683523464755023 0.6814634222723155 13.498376633951036 -0.22798532466907503 0.9695027856618166 -0.08992797300904885 21.246628930541032 -0.6810795190785299 -0.09279075878755605 0.7263061088655286 309.66213266872484
0.6942394428490222 0.22695509740340955 0.6830248749169298 14.084029569689053 -0.2302938191474594 0.9691385828300613 -0.08794978187931898 21.148247226660132 -0.6819064106277016 -0.09623819944674372 0.7250805859434454 310.3007733853362
0.6932589125586706 0.2301277670181306 0.6829592162092974 14.620100266525606 -0.23121166445109542 0.9685751793460838 -0.09166945061718994 21.057416227898337 -0.6825930313002929 -0.09435747348224302 0.7246815996134592 310.8842758999068
0.6926088656412577 0.2319542379445164 0.6830008716939594 15.139000213763639 -0.23158074938121476 0.9682641451562507 -0.0939941579082013 20.97276555602117 -0.683127598440558 -0.09306866660920513 0.7243444674631105 311.4420911832873
0.6915836885553925 0.23274123081742404 0.6837715416728805 15.689968892667714 -0.2328027585434427 0.9679691830938149 -0.09401348943241049 20.88618882509864 -0.6837505958598356 -0.09416570531931896 0.723614498613061 312.03129733825295
0.6900571444751118 0.23263903653830864 0.6853467852389633 16.250881325599632 -0.23394713599903366 0.967794984360728 -0.09296023775824575 20.800650300657438 -0.684901361450467 -0.09618704135561738 0.7222590796650094 312.6275731408471
0.6882825034553918 0.23192638179671973 0.6873698777687749 16.793566732821816 -0.23434603698901182 0.967800708093739 -0.0918897402368926 20.716697123665316 -0.686548709404309 -0.09783630634861942 0.7204713226599194 313.20011827447286
0.687351256526756 0.23284746556561603 0.6879900492963243 17.345769668175635 -0.23357956451306158 0.9677664238177847 -0.09417396653441952 20.63220083456973 -0.6877418390595249 -0.09596982187441293 0.7195838770403442 313.7769877849242
0.6884229602623179 0.23212571711695057 0.687161901764503 17.92505213157558 -0.23316738298772796 0.9679428151589727 -0.093379216599726 20.54117481534894 -0.6868091432809559 -0.09593934560473948 0.7204782041606888 314.3846311509024
0.6895841841705443 0.23165037311263595 0.686157239689724 18.50037692542723 -0.23404008711625335 0.967905871128613 -0.09156124866655733 20.448106260544428 -0.6853458182293526 -0.09744911118906635 0.7216680539998965 314.9958261678944
0.6899393745815653 0.2316937320642274 0.6857854430681279 19.062964142515305 -0.23412398254212055 0.9678948936824954 -0.09146275516279623 20.35777304866729 -0.6849595755959726 -0.09745506300599605 0.7220338568889133 315.5926628291282
0.689978154442084 0.23439071350836047 0.6848292778596264 19.636969294406008 -0.2344683986472593 0.9674805109264966 -0.09490011071224859 20.268244074530543 -0.6848026843029205 -0.09509182088091858 0.7224976326418401 316.20015120149253
0.6902726461448823 0.2327558322729237 0.6850900645368322 20.237377629244012 -0.23461507300127624 0.9676890843993389 -0.09237750513505433 20.173645185187564 -0.6844555803737359 -0.09696679058992123 0.7225773315140325 316.8341052161659
0.6900045852737203 0.23628611966486873 0.6841509643017107 20.825269746825168 -0.23467002485890276 0.9671870826343351 -0.09736080637509131 20.077302092081016 -0.6847069823902505 -0.09337032097516458 0.7228127914107699 317.45509786839074
0.689992624898074 0.2421478376240207 0.6821104033221287 21.4265405687235 -0.23388295785623134 0.9664153667766618 -0.1064899097677936 19.982724588455486 -0.6849882769877786 -0.08605674634764714 0.7234537281660578 318.08748069648243
0.6905729803799757 0.24051690832462413 0.6821001213744815 22.051539584980382 -0.23544007958632895 0.9664764399681739 -0.1024268515128257 19.879831080594332 -0.6838690866631569 -0.089860490742103 0.7240498356536553 318.75157331477857
0.6914492069932473 0.23931650686489492 0.6816345088758303 22.627123585615934 -0.23689631080661563 0.9664761756770927 -0.09901484623428687 19.782556164482912 -0.6824794004763984 -0.09301296356190726 0.7249623828412093 319.36804298517535
0.691975148823915 0.24014404096172662 0.6808092486157145 23.18902617862196 -0.23861000739363075 0.966131261905007 -0.0982631626880241 19.686512493202432 -0.6813484114472798 -0.09445223322089351 0.7258395951295653 319.9731592103235
0.692091705286133 0.24233066929372915 0.6799153757592089 23.76766082557898 -0.24064399270688566 0.9655334154970078 -0.09917505902581364 19.586955833333825 -0.6805141734366891 -0.09497931500246995 0.7265530878562407 320.6003078419482
0.6914836411410781 0.24344100702286883 0.6801373759278113 24.35845382259607 -0.24150712766763144 0.9652378730779381 -0.09995076618871701 19.485975674259866 -0.6808264693150573 -0.09514370434071089 0.7262389374058084 321.237250044199
0.6907345621542365 0.24336942338157136 0.6809237023400767 24.945945997712098 -0.2421896791713432 0.9651369884272022 -0.09927110794463409 19.38315374274277 -0.6813442037241358 -0.0963427077292033 0.7255950376890167 321.8706638243993
0.6902995846351335 0.2441304721565045 0.6810923549836726 25.535387900283684 -0.24314540802403595 0.9648813909914559 -0.09941937374184742 19.279934737274107 -0.6814446375233919 -0.09697532615587393 0.7254164266871629 322.5065322614643
0.6907310815347616 0.24516509867136174 0.680282770173757 26.122234414403568 -0.2443330183086002 0.9645696507475806 -0.09953273341420181 19.17586252660221 -0.6805820664446188 -0.09746518994058685 0.7261601666187805 323.1465850752933
0.6911748804449094 0.248042171254475 0.6787874232197675 26.67522683030812 -0.24611294032436418 0.9638989365707127 -0.10162313064823528 19.078369469881622 -0.6794892973747719 -0.09681901340758388 0.727269120337113 323.75414737673196
0.6914545735714083 0.24866046048654736 0.6782761591548098 27.214173903691577 -0.24635370272882431 0.963777806494762 -0.10218704839629422 18.983508366592375 -0.6791173873778964 -0.096438141307092 0.7276669973705354 324.3394111738445
0.6921687843879655 0.24787396279276497 0.6778354317150276 27.760367425651413 -0.24714625766774134 0.9637966982840879 -0.1000732316732333 18.884968606657687 -0.6781010995712339 -0.0982569231459295 0.7283711113259338 324.9370220982102
0.6920749948152339 0.24698259959822838 0.6782564390016477 28.292485486860596 -0.24762596135247436 0.9638549914530632 -0.09831042017650865 18.787881937199444 -0.6780218173597047 -0.09991571921734795 0.7282192418753578 325.5211844431223
0.6913679120053056 0.24655381651585015 0.679132995672345 28.804974631416727 -0.24727803767248957 0.9639532560766705 -0.09822266634555951 18.69732341749398 -0.6788696357433192 -0.10002667474557332 0.7274136938531429 326.07751541184524
0.6899734161537604 0.24644350445328123 0.680589659129417 29.296215663889036 -0.24841043476630753 0.9637709075699067 -0.09714882202628962 18.610607164044072 -0.6798742096155168 -0.10203546851299856 0.7261954435721879 326.6113222946537
0.6878516771943621 0.24804218171341452 0.6821547817553971 29.77093095993103 -0.24715246302859464 0.9636782829152991 -0.10119203059689628 18.526279444516597 -0.6824776408057647 -0.0989911265128013 0.7241719593245252 327.1186854914892
0.6843094099658724 0.24974291124043155 0.6850905850450102 30.21641861809209 -0.2466000222194817 0.9634245933116811 -0.10488794994457873 18.448466734814513 -0.6862281402518484 -0.09716754235535238 0.7208671224567726 327.5893986238409
0.6800600150554816 0.24811640842204125 0.689896096375741 30.62867412335015 -0.24449030743721475 0.963879135746554 -0.10564800633109815 18.37335096390515 -0.6911894570173898 -0.09682592392653082 0.7161577165427857 328.01577180541244
0.675351572102736 0.24760060809699175 0.6946899977172292 31.03512762426055 -0.24258095314115866 0.9641228640859968 -0.10780345133503398 18.300288725552235 -0.6964587103565364 -0.09571333144665856 0.7111850834711663 328.4276438117414
0.6708017381313292 0.24612608257556445 0.699604873908119 31.48680640404881 -0.24162897259024543 0.9643849820947028 -0.10759668171084938 18.22145898697481 -0.7011707835648673 -0.09686876579274561 0.70638231467727 328.882179027996
0.6673029212682434 0.24281605615986923 0.7040931572866169 31.976088865383414 -0.23817528830715387 0.9652918986491101 -0.10716381125269754 18.134074118258123 -0.7056765146344834 -0.09618686642867026 0.7019748880266005 329.36784807777013
0.6634936247273736 0.24324428536606937 0.7075368736559828 32.47625804343459 -0.23493168719536417 0.965578383611311 -0.11164894739365465 18.046482011721938 -0.7103402792307855 -0.09214446667772126 0.6978008920623457 329.8560892639432
0.6603105950660304 0.24125452965320915 0.7111864523212985 32.999894477805576 -0.23129888280485897 0.9662931609360873 -0.11304138154398316 17.9541794895822 -0.7144863503642099 -0.08985420997347354 0.6938555152863396 330.3636801541015
0.6572089645067637 0.23748863238057324 0.7153149840887951 33.51870742555576 -0.2289771492642688 0.9671155951399573 -0.11071084297347938 17.859396795987802 -0.718084843237034 -0.09103062741239663 0.6899765088654447 330.86418130777014
0.655122839154927 0.23441411292120698 0.7182367919293415 34.02832157344807 -0.22657507522837197 0.9678509487727898 -0.1092166482037954 17.766641098636892 -0.7207480842172561 -0.09118423450891967 0.6871736567085316 331.35395021802407
0.6536643167100745 0.2341913475314302 0.7196369736202866 34.554593587162756 -0.22454327144585157 0.9681107763970026 -0.11109385164081248 17.670094126295012 -0.7227055280737416 -0.08897155368660892 0.6854055604722233 331.8587425203077
0.6526263905189604 0.23582376812640984 0.7200457935331999 35.11539070421417 -0.22332840049536629 0.9679821158153606 -0.1146082413869197 17.566908122742415 -0.7240187980504197 -0.08601031245311502 0.6843968192659435 332.39712654334215
0.652530217544156 0.2358069210560391 0.7201384666672431 35.719874401780636 -0.22314201745833512 0.9680050937826045 -0.11477708157798142 17.45352530422916 -0.7241629341773853 -0.085797636290317 0.684271006524894 332.97729799162306
0.6536352570829121 0.2351998660241306 0.7193343963139723 36.340706553423104 -0.22336352236668977 0.9680958952082006 -0.11357409280721217 17.336065267738967 -0.7230972877656923 -0.08643703317020453 0.6853166798806446 333.57408525440417
0.6547593286102438 0.2359283718770943 0.7180724371129191 36.971991625307616 -0.22532348772138122 0.9677658244982947 -0.1125105986750211 17.219344626896387 -0.721470406516397 -0.08813122191688165 0.6868139051042135 334.1853048347544
0.6564138065149462 0.23720494987713725 0.7161387619521404 37.628413001073206 -0.2262563915796379 0.9674829128453506 -0.11307014911832533 17.101408046085236 -0.7196728144691309 -0.087810165163628 0.6887382775830116 334.8220055553768
0.6582114244656866 0.23737942509105464 0.7144289532530809 38.26947639290446 -0.22854028205992416 0.967207341321971 -0.11081199560001538 16.98381043908813 -0.7173054162480732 -0.09033807301646388 0.6908776826507336 335.4504028668739
0.6588582485118232 0.24245313849811262 0.7121251884327281 38.86632242274344 -0.22835282262780943 0.9664299850116514 -0.11776278048812615 16.874574796692137 -0.7167710909110694 -0.085026817550685 0.6921052257650966 336.0326083777765
0.6579419421165669 0.2441893545369463 0.7123790844309725 39.46654371413975 -0.2299385923830164 0.9659348324918339 -0.11873560170350345 16.76773876414592 -0.7171057415310499 -0.08568231153397758 0.6916775961048578 336.61368197868046
0.657370145830142 0.24099089836293902 0.713994312496593 40.10254269755701 -0.23045261775115436 0.966382509457806 -0.11400191395620085 16.651192077674718 -0.7174650391084556 -0.08960040357197248 0.6908079945519154 337.2314122357911
0.6569189704645726 0.2397504107116262 0.7148266970443771 40.73099832655722 -0.2313284959516105 0.9664584370385987 -0.11155813030737895 16.537868753744196 -0.7175963999383855 -0.09207513258485721 0.6903459833698947 337.8411378941682
0.656221504204911 0.24249944465100098 0.7145399616277602 41.33535062220505 -0.2323623250177639 0.9658779831495103 -0.11440048767106137 16.430055985435196 -0.7179004717447834 -0.09096010670065084 0.6901776377553978 338.42566517357955
0.6556501167251662 0.2443305902946974 0.7144406812916813 41.935938523613444 -0.2334260814719637 0.9654365423529263 -0.11595062388048684 16.323814221700506 -0.7180774254402653 -0.09074604859648015 0.6900217139606571 339.0030334450459
0.6554213609848386 0.2457077034500972 0.7141782438789785 42.52732086366714 -0.23585819543283354 0.964897835556396 -0.1155122443109521 16.21538778529741 -0.7174912899903026 -0.0927355994419885 0.6903668281313811 339.5766638797678
0.6565230573254178 0.24783619543455387 0.7124287300724281 43.12877619458097 -0.2364245267657936 0.9645004009251018 -0.11765381319316429 16.106691384015768 -0.7162966692255774 -0.09119318421815927 0.6918113072279853 340.1603415713008
0.6579277809818279 0.2458432311316077 0.7118231105542302 43.74897347287588 -0.23828692363161869 0.9646098561557177 -0.11290335439405001 15.993123862522374 -0.7143881137298596 -0.09533588576197481 0.6932248494157364 340.76833852558985
0.6596421995708232 0.24589388570688933 0.7102171256153534 44.35218435256805 -0.23927956047575777 0.9645049246611317 -0.11169396690491766 15.883826289551251 -0.7124727787669466 -0.09626238765164717 0.6950655308959776 341.3639216241323
0.660917805945499 0.2473100066120317 0.7085375180001023 44.953050587254864 -0.24212184433772893 0.9639214123278937 -0.11060073847085822 15.777714652737846 -0.7103271544004803 -0.09845441323455 0.6969519798637163 341.96500334496915
0.6614100206298091 0.24821403911212409 0.7077616656743435 45.57566647617421 -0.24596656518010762 0.9632476504490524 -0.10795560531016433 15.663313962134863 -0.708545858377547 -0.10268278673677056 0.69815400298501 342.5928166788202
0.6619622569213504 0.25150398794196216 0.7060819459955638 46.21465756249906 -0.24831117257942328 0.9624129765618183 -0.11001283614949856 15.543467222793657 -0.7072110943585541 -0.10250369063947863 0.6995323162095227 343.23489638073687
0.6617651814518061 0.25577311590599877 0.7047318339608305 46.84285789419998 -0.25032871645068744 0.9614405161209382 -0.11387566764352693 15.425582897428644 -0.7066840725092149 -0.10105566357628942 0.7002752134132293 343.8662681860535
0.6618372081706304 0.2559679370978655 0.704593446647618 47.45929582237645 -0.25155873649164756 0.9612336058936839 -0.11290773664968809 15.310414972848662 -0.7061796598427567 -0.10252009597387544 0.7005711369631733 344.4886968803835
0.6618979573850545 0.255816096918207 0.7045915260397531 48.07896171082276 -0.2540362227051949 0.9608929944829459 -0.11022817565068173 15.192506992937844 -0.7052352030090169 -0.10603196551576047 0.7009996652821546 345.1224760378607
0.6616905234259773 0.2567622230568118 0.7044421992038674 48.707382862559086 -0.2559706082233256 0.9604471288447468 -0.1096374042909934 15.07456814915616 -0.7047302313183655 -0.10777046675601794 0.7012423458128799 345.7637339384914
0.6599289815148883 0.2581220786579499 0.7055967204189817 49.33135145317307 -0.258573911015412 0.9597910654300817 -0.10927325044486477 14.95920957792432 -0.7054312666014431 -0.11033631872548315 0.7001375756743743 346.398401430061
0.6574710684787121 0.2593201778441613 0.7074495313987668 49.93072867175224 -0.2595634890536989 0.9593898503186551 -0.1104441499393365 14.849133256335309 -0.7073602966407794 -0.11101423543142937 0.698081120119891 346.99917906638973
0.6544448962669994 0.2609982505901043 0.7096349702057975 50.521559015203565 -0.2594918323330453 0.9590614113216717 -0.11342485735554506 14.74104614549975 -0.7101872053920117 -0.10991415970015932 0.695379760127436 347.58211719319144
0.650503050965869 0.26076572481734756 0.7133351368358221 51.10039633981779 -0.2592022619690339 0.9590458031088293 -0.11421617630388733 14.632550048474616 -0.7139047331922045 -0.11060010985450085 0.6914532866549538 348.14594755887396
0.6453168661253493 0.2589907945382605 0.7186723249427379 51.66325110057203 -0.25883956433366445 0.9592558113089958 -0.11327121613844715 14.525414795972635 -0.7187268063942776 -0.11292500526617 0.6860610183911605 348.6886562086569
0.6386070075642237 0.2572197726576131 0.7252717273159316 52.18743285584155 -0.2574174111251517 0.9595919530994712 -0.11366424238242492 14.426266312229549 -0.7252016039278267 -0.11411078871303885 0.6790149936192821 349.1824492221905
0.6293987620344998 0.25614826208839164 0.7336520061844971 52.64225849785635 -0.25493240044712956 0.9599221938978573 -0.1164424873686258 14.341408820153 -0.7340753841069075 -0.11374290963143499 0.6694743318133037 349.5915861079029
0.6196113935149484 0.25582307342688004 0.7420487019925921 53.088572942021614 -0.25095827105030494 0.9603388542652939 -0.12152872573950622 14.259426635546642 -0.7437080524089449 -0.11092267617963224 0.6592378119398498 349.9778805579803
0.6092131163973424 0.25478921285900347 0.7509606087007024 53.530646225880766 -0.24715867615656334 0.9608155353847295 -0.12548344816705614 14.177532287908194 -0.7535064482869233 -0.10916026737805568 0.6483147911439133 350.3469041490141
0.5979261838639164 0.2532436788212751 0.7604945218652157 53.94570451330547 -0.24220091962743426 0.9615104196392693 -0.1297552598423088 14.096252533767156 -0.7640831062008634 -0.10660840521359836 0.6362481078606456 350.68027114544185
0.5881597119088461 0.2519917109854045 0.7684844376315982 54.398733722004444 -0.23777202874760803 0.9621027763175596 -0.13350172338698268 14.006623262578618 -0.7730023386979825 -0.10420376863000733 0.6257866720942145 351.0367603424979
0.5827234449632811 0.25063684463016567 0.7730553400656142 54.885978220868175 -0.23408300938040116 0.9627033767413962 -0.13567370095244083 13.90949683908899 -0.7782278145951489 -0.10189887401022384 0.6196596550251642 351.419796717393
0.5813901145568606 0.25177950447300135 0.773687673304217 55.36696520583433 -0.2318138750855509 0.962761720578228 -0.13911217310887902 13.812772851984851 -0.779902469552047 -0.09847309539454908 0.6181061296169394 351.8001911723376
0.5838672559223617 0.25100717468702816 0.7720715159344564 55.90927851339598 -0.23051047798320978 0.9631198565068717 -0.13879863667247944 13.70263942591834 -0.7784368612814042 -0.09693059505554731 0.6201939315573248 352.2374031668076
0.5872680465947162 0.24645828209072498 0.7709569097152689 56.53265730251177 -0.23042574612313466 0.9640065074092241 -0.13264776363086575 13.572897397540194 -0.7758996178452617 -0.09974852811727063 0.6229205520497884 352.7504825814114
0.589980493335678 0.24767335569524312 0.7684926326010223 57.16337635262844 -0.23192436355522986 0.9636642015589318 -0.1325231912658737 13.440594261704636 -0.7733913026876444 -0.1000460669514164 0.6259845664348754 353.2805922774676
0.5931842325508151 0.25181044246950884 0.7646724575374826 57.766634346433165 -0.23277713286849078 0.9629011434380546 -0.1365144475109341 13.317187756919035 -0.7706797471496353 -0.0970200444702058 0.6297934886170001 353.79174255050606
0.5961940772110313 0.251357934211847 0.7624774168506514 58.364998921153315 -0.23558539836670142 0.9626890629548001 -0.13315137304442223 13.195884270413206 -0.7674973240180644 -0.10024448601277287 0.6331657765934157 354.3047868546816
0.5992921390334309 0.25017475784356563 0.7604350877166639 58.98491913462724 -0.2372002364799394 0.9627503849964036 -0.1297988597913737 13.068803870193857 -0.7645815717806672 -0.10258794630556324 0.6363102493015564 354.8403846461455
0.6012374654007245 0.25159749656450725 0.7584274585752995 59.60763861866984 -0.23896673901655738 0.9623139701115523 -0.12979491735787882 12.941193862358556 -0.7625014149772479 -0.10320136942220674 0.6387026456083251 355.3800000553832
0.6013408178530351 0.2540414381636167 0.757530308621118 60.263362351618376 -0.2391287139254665 0.9618713958731117 -0.1327436475974194 12.81017069095306 -0.7623691225123138 -0.10132307484910229 0.6391611342556159 355.9438389052532
0.6004125413918714 0.2516983461481348 0.7590472466754954 60.96085253781936 -0.24058888753743066 0.9620557692653213 -0.12870774652994313 12.674088361392354 -0.762641309747155 -0.105340587475143 0.6381861744800912 356.5411026122545
0.5986571951002596 0.25110047347150616 0.7606300776179427 61.64532170254269 -0.2429579243681497 0.9617815932592447 -0.12628386220904345 12.537756741167186 -0.7632699455247866 -0.10920036213354611 0.6367843207621319 357.1270712408109
0.5972877983780671 0.2556835238450141 0.7601797297632185 62.32571088168422 -0.2427311983371669 0.9610008163363151 -0.1325103631975346 12.40185597298189 -0.764414057473098 -0.10537251366051602 0.6360564299670096 357.7016320828547
0.5959595273202877 0.25869034241622707 0.7602049385111601 62.998860871927455 -0.24449526302739874 0.9601963186204066 -0.1350744093638221 12.264880501674496 -0.7648884285654627 -0.10536762523848292 0.6354867074913979 358.2718194186437
0.5939335521978405 0.2588343335927141 0.7617399315562188 63.67015308472767 -0.246775666706106 0.9598021623494362 -0.1337220231342129 12.126958325645585 -0.7657314842001812 -0.1085568832592644 0.6339327229301385 358.84424116642487
0.5908747407226482 0.2559626890291373 0.7650817881775245 64.34024806454315 -0.24877318817188301 0.9599297954323475 -0.12902204729429642 11.990573750952102 -0.7674496345837558 -0.11409596691464517 0.6308749231908567 359.411218510849
0.5883446788734427 0.2558241861036036 0.7670753057201988 64.98074470276653 -0.24960388334671552 0.9597651603919182 -0.12864189953556346 11.861762018899007 -0.7691218630747307 -0.11577919805520968 0.6285274353901706 359.94454877525715
0.5876473477228131 0.2610429136981054 0.7658506329058876 65.64298083503361 -0.24912107196457184 0.9589186782803267 -0.13569694155852277 11.732508858440529 -0.7698112016706211 -0.11104758283329687 0.6285373084625239 360.4901474221859
0.5889445313601684 0.26159547061658006 0.7646647296258955 66.34460608129666 -0.2508412393948829 0.9586043880110173 -0.1347453149644374 11.596387197059075 -0.7682597292581402 -0.11245193212620361 0.6301837441264972 361.07330975456625
0.5907056586748429 0.25974853495821376 0.763935549242594 67.04523717650785 -0.2531910019029564 0.9586193548050835 -0.13016623659177523 11.457390079340657 -0.7661338925833378 -0.11653167457884743 0.632027869207482 361.6645249559167
0.5932353646071769 0.26044454696684194 0.7617351509118038 67.71751437784141 -0.25488878185197394 0.9583070606182418 -0.12914831185596595 11.323751483409156 -0.7636121470127404 -0.11754239883746366 0.6348860318278591 362.2341431086749
0.5954143876275837 0.26326350565799767 0.7590612844788838 68.36105414578465 -0.2566867815708898 0.9576060187912974 -0.13077694346276475 11.197486317839722 -0.761310451243675 -0.1169745244202609 0.6377486632395268 362.7837527388842
0.5966373382413608 0.2616199936914931 0.7586691410075469 69.01215121654737 -0.259030190792376 0.957550304655032 -0.12649416711107153 11.072525366014283 -0.7595572703057549 -0.12104706917526509 0.6390777418825871 363.34339229173304
0.597574375658192 0.2599570967422793 0.7585032454841899 69.65161523114953 -0.25987254784221886 0.9577135662576555 -0.12349487391807026 10.949180678134153 -0.7585322171369625 -0.12331679877199021 0.6398607994758784 363.89357729348325
0.5983835658364244 0.26304303334802875 0.7567994917704131 70.25870883551573 -0.26009820512886567 0.9571885580646952 -0.1270393167439723 10.833078202877605 -0.7578166215026091 -0.12082395009724087 0.6411829233980492 364.4135789121299
0.5967210574877606 0.26539020974178507 0.7572925564957721 70.84119929702958 -0.2628305734295693 0.956309356214064 -0.12803321790898403 10.721580244810097 -0.7581847197229532 -0.12263951969351825 0.6404025913345198 364.91559251189545
0.5943585341583691 0.26329435283575137 0.7598776326737877 71.4309815234258 -0.2644404223701018 0.9563288415268001 -0.12452473601953025 10.604196636505845 -0.7594795559393536 -0.12693002256682334 0.6380278782947858 365.42324611426164
0.5933574968572478 0.2627842764475882 0.7608359251344675 72.00321213628153 -0.26613081566958086 0.9560987219016627 -0.122676904627783 10.487451205434274 -0.7596718172173729 -0.12969062429461903 0.6372433382121185 365.91584721371487
0.5932351530638497 0.2656132621151099 0.7599484509872253 72.56012593590802 -0.26696776556767415 0.9554913716017898 -0.1255565647122331 10.37482856252145 -0.7594736765136202 -0.12839717202144163 0.6377412491753841 366.39538208338024
0.5943506357976408 0.26702291171986825 0.7585816280029369 73.13668138656567 -0.26720107276458316 0.9552489578905858 -0.1268976562526236 10.25868171780844 -0.7585188912877499 -0.12727212210691113 0.6391016339315716 366.88972363317595
0.594641113469159 0.26826363513417967 0.7579159374473906 73.68507110782684 -0.26931089326409885 0.9546933528572 -0.1266185009371625 10.14552336597673 -0.7575444468421988 -0.1288224517499833 0.6399462375728671 367.3652621015096
0.594260111208999 0.2697922229445108 0.7576721432549373 74.21168564933183 -0.2695203372551791 0.9543897554496836 -0.12844836510657104 10.03472748128488 -0.7577689014678048 -0.12787631184607978 0.6398702531270839 367.8167971178006
0.5920548899363426 0.27136969917581866 0.7588342992193314 74.69348674280097 -0.26987937687607927 0.9539964645534647 -0.13059811467426577 9.931971741598032 -0.7593656097292303 -0.1274724754161429 0.6380553571374769 368.2248952363491
0.5883690447360305 0.2709723467644005 0.76183715745913 75.12902428421476 -0.2692389965449818 0.9540658193581495 -0.13141071140480667 9.836712507936365 -0.7624514607080659 -0.12779827706764887 0.6342991174853352 368.5887675942161
0.584293745716468 0.26969103577339704 0.7654198612135008 75.59272966544226 -0.26793351843469704 0.9543875992925949 -0.13174194478496448 9.734317800331924 -0.7660368453382804 -0.12810564210835143 0.6299019733610782 368.9718431389495
0.5801831432801628 0.26805743631380285 0.7691116506011496 76.06787953019145 -0.26719827117269523 0.9546726786559123 -0.13116844327151106 9.631218835143173 -0.7694105562935006 -0.1294035836629738 0.6255094790643094 369.3618028987774
0.5760103384402319 0.26925539645776253 0.7718248645180757 76.49915411368983 -0.26767169392360596 0.9542672013924935 -0.133138922252695 9.537412132186965 -0.7723755267239104 -0.12990627323156806 0.621739821704421 369.7153692703763
0.5723430527911042 0.27031414911881924 0.774179365979184 76.89691730705708 -0.267183941451609 0.9540580957248052 -0.13559458474565014 9.451978617109756 -0.7752652264561745 -0.12924167581755822 0.6182721228389032 370.0344421849389
0.5685250644285126 0.26852497851729806 0.7776076047910306 77.30024052618238 -0.26633206115263697 0.9544010843688407 -0.1348547491109324 9.363151961999913 -0.7783614098339825 -0.1304335312251762 0.6141177489809136 370.35427262930864
0.5643283025208697 0.2677211287384383 0.7809346734528655 77.7039893842141 -0.2653350987430041 0.9545855521300737 -0.1355127633825177 9.272081648135574 -0.7817485864067523 -0.13073569096288284 0.6097354563739104 370.67227439718
0.5591019783540946 0.2684278977032968 0.784443396004536 78.09620691492711 -0.26586381465425585 0.9542213495898931 -0.13703301808080412 9.183292703140355 -0.7853161209716927 -0.13193968213329452 0.604872309186441 370.978713864646
0.5530290321829966 0.27005794014804024 0.7881799277612561 78.51030592101391 -0.2658662059355416 0.9537541144462881 -0.14024353717095334 9.088422381751625 -0.7896037297937362 -0.13199165935686155 0.5992529947827053 371.29628267334743
0.5440433714723133 0.27159190685347234 0.793885789070907 78.94945303712267 -0.26493374484848814 0.953363998204016 -0.14459321480973047 8.986170157344151 -0.7961324769142356 -0.1316621550034457 0.5906252247764662 371.62256100525224
0.5307934623758052 0.27293562309428987 0.8023493291236926 79.37749159624518 -0.2630666641718015 0.9530207135517765 -0.15015808250902374 8.881585278076654 -0.8056390199714921 -0.1313684329943757 0.5776574281630716 371.92859285786903
0.514247131742983 0.27336244792218967 0.8129101177621707 79.8235138804861 -0.2619640610140441 0.9526105734926064 -0.15462188075146774 8.7703124583565 -0.8166545893039149 -0.13343937700723477 0.5614883920730448 372.23419499037925
0.49648680823059527 0.2740489008161242 0.8236492270466071 80.2748093295894 -0.258820408556523 0.9524327970785629 -0.1608843160899874 8.654778396522088 -0.8285607071106083 -0.1333002888615867 0.5437997679493661 372.52361838555146
0.4770949898965964 0.27595325632974504 0.8344040813278538 80.7085872370221 -0.25565080730016054 0.9519452062646286 -0.16865049361497028 8.542851989600313 -0.8408466182023587 -0.13285377145872393 0.5247159613227409 372.78809544291516
0.4534614303057567 0.27801512402566797 0.8468059530010716 81.18759243994862 -0.2539019115135589 0.9510324025178561 -0.17627021498505913 8.418721699223084 -0.8543456856301311 -0.13507390634060434 0.5018450849326606 373.07155969013627
0.4260108576827827 0.27821148975311616 0.8608792691810712 81.73993764815563 -0.24912295765480422 0.9508318076505168 -0.18400169980023842 8.275289519961392 -0.8697427787028202 -0.13607806777510473 0.4743735430701101 373.369313878573
0.3946961263574473 0.2759799761545512 0.876384630513431 82.31680332201897 -0.2411323964260898 0.9515040543406402 -0.19103717430683195 8.122106302743182 -0.8866059639051823 -0.13592309345751724 0.4421026774774161 373.6509543221633
0.3618658357628478 0.2735071068966752 0.8912053519726358 82.86987021890997 -0.2322083436812709 0.9523057228698193 -0.19797246099949248 7.968813328260756 -0.9028468319889351 -0.13530584860384012 0.4081175385855608 373.8933284054998
0.329493385809413 0.27229587626432006 0.9040404108651884 83.46417448784166 -0.22273723383362695 0.952901463721377 -0.20583227419869127 7.803029056506894 -0.9175087102431198 -0.13354308745534882 0.37462515988771794 374.13087749679266
0.29594413403644876 0.2698451477323029 0.9162972584127659 84.10265399021179 -0.21351167434851168 0.953683898924617 -0.21189569568266253 7.624382203667054 -0.9310369672823474 -0.13293087367980352 0.33985224491889326 374.3612386235068
0.26235930987827655 0.2684263076028924 0.9268845181072315 84.77516633253352 -0.20493919751993153 0.9541190317055019 -0.21830437159444377 7.435246218968091 -0.9429567953199552 -0.13268078505961478 0.3053330827733581 374.5774211902065
0.23021842045606464 0.2673572006655717 0.9356920466344611 85.49930864883429 -0.1953771443753602 0.9546399666679785 -0.22470047951861075 7.234760899884668 -0.9533243154029185 -0.13108265061568194 0.27201119162476 374.7778455129643
0.19851181209272392 0.26680054743295883 0.9430856421074065 86.22325861908907 -0.18664837790178088 0.9549168549178984 -0.23085966131038702 7.031414119709024 -0.9621618592972265 -0.13019703561596888 0.23936016466930404 374.9573296054386
0.16543623221874076 0.2659692384302487 0.9496795339892837 86.92120943270791 -0.1776561815235754 0.9552328896129623 -0.23657643113407537 6.829239014042623 -0.9700871786781475 -0.1295781262810463 0.20528120945123862 375.1016805640677
0.1291997340542849 0.2649254034553152 0.9555741516618913 87.57462613820927 -0.17026166861254763 0.9552665676095125 -0.24181966216338777 6.637352909230658 -0.9768922115164865 -0.131454613504366 0.16852682773625152 375.2134158640478
0.09234186205119549 0.26028444698716463 0.9611061269024908 88.17422364067622 -0.16061811601679668 0.9564834491497423 -0.24360055892758234 6.457172853159189 -0.9826875400248706 -0.1318765261871929 0.13012986021918807 375.28060593858817
0.054841561238014695 0.2565847021115027 0.9649646075392254 88.71090791721892 -0.15210431370218527 0.9572868518388723 -0.24589868045520558 6.2927221137093206 -0.9868417709613648 -0.1332898118341207 0.09152674552861648 375.3203101587861
0.016759874380013622 0.25701101808177984 0.9662631335176439 89.16540261201844 -0.14177848316797084 0.9572448268044746 -0.252153134556491 6.152693983221885 -0.9897565197165179 -0.13276926655156798 0.0524819353492506 375.3231520213327
-0.020857548879085436 0.2593898885693205 0.9655474345482749 89.6143977365274 -0.12914223892367938 0.9569678223526388 -0.25987471809976226 6.010889213937531 -0.9914066999877165 -0.13011330711978272 0.013538187833572827 375.3010442967917
-0.056618603412173285 0.265085445664429 0.9625611877925212 90.109597269525 -0.11924063437165287 0.9554115823327424 -0.2701303008903194 5.856874311395243 -0.9912497187199092 -0.13007080702963134 -0.022485112771776325 375.26690323439436
-0.08614758850269513 0.2687697343233382 0.959344267146542 90.71458521675505 -0.10939698048157517 0.9545494662793275 -0.2772500984442894 5.667031153081753 -0.9902579934828512 -0.12883379346125104 -0.052829537246690934 375.2183091861131
-0.11050466623954956 0.2684460328240621 0.9569354451582989 91.3908354842186 -0.10234160102098051 0.9546405677458298 -0.2796204268546657 5.450101211748066 -0.9885923909477284 -0.12883366747455963 -0.07801904053054226 375.15356114116804
-0.13169717201331188 0.2695699279853387 0.9539328638901581 92.04005560973471 -0.09511411599379108 0.9544383703289526 -0.2828439537669776 5.24180978277963 -0.9867163522626012 -0.12798222989851213 -0.10005692883448207 375.07760570325456
-0.15094993486530792 0.26923551771151555 0.9511710430657437 92.74086771678648 -0.08951355432968582 0.9545208156068065 -0.2843894093748691 5.01806179243375 -0.9844802896734011 -0.12807126366180868 -0.11998462680127742 374.984088069995
-0.1709858665502942 0.26563537232681256 0.9487895880588298 93.45811260676108 -0.0829624922538002 0.9556693300926806 -0.2825125774178003 4.7869889513546475 -0.9817744437084728 -0.12701960671095602 -0.14136817602243776 374.8749124991041
-0.19091545935436963 0.2636819567110271 0.9455279546816993 94.10815094813589 -0.07618108801708584 0.9563600879096334 -0.28208478172708035 4.573049834633082 -0.978645865064601 -0.1258856940185237 -0.16249634713873282 374.75927976711944
-0.204867693789724 0.267651321192709 0.9414839341725809 94.78635435267388 -0.06980596029244433 0.9554411164061978 -0.28680899739745136 4.350868474061503 -0.9762972682277298 -0.12447908797978366 -0.1770553605706184 374.62846915768813
-0.21436629929711531 0.27365268417725186 0.9376360158229036 95.49620492335127 -0.06629820914604535 0.9536612969991742 -0.29348710034664777 4.1215512531756 -0.9745007117440628 -0.12507733227264295 -0.1862901601316399 374.4885858764779
-0.22104714196557881 0.27161981817341224 0.936675416248497 96.19807820722576 -0.061656035997852285 0.9546202615485011 -0.29137379680765085 3.890995040913328 -0.973312228554578 -0.12215903821051052 -0.19426907919069933 374.3412134986947
-0.22561385675921689 0.27232142687349603 0.9353819690927435 96.92893017048578 -0.05728724871181943 0.9547674725325075 -0.29178287223365446 3.6489491769674736 -0.9725310065870701 -0.1194157186448834 -0.19980822647544896 374.1803405389407
-0.2290894630198934 0.27292471614908465 0.9343608067808719 97.72631849881273 -0.055718547251897475 0.9546381369984303 -0.29250892444557597 3.387463927335615 -0.9718093750450203 -0.11907193919270405 -0.20349056949031813 374.0041232604886
-0.23069097994948332 0.27332646352399514 0.9338491934501076 98.62080481565334 -0.05424240163527495 0.9546312372627824 -0.2928087476612853 3.0925700786636887 -0.9715139904472723 -0.11820255995366064 -0.20539893180252086 373.8054563271073
-0.2302952279097532 0.27285120328006196 0.9340858252166235 99.59475718398306 -0.05348571633164638 0.9548867550876853 -0.29211395568614157 2.7687444623786175 -0.9716498269183623 -0.11723269947730712 -0.2053122208315372 373.58909885872305
-0.22746022034926267 0.27194882099666196 0.9350431470885148 100.6258673450786 -0.053426394766176166 0.955281442197288 -0.290831543226937 2.425852375234978 -0.972320661356608 -0.11610859120667337 -0.20275928227099252 373.363100145049
-0.22281461244659312 0.2700484310937228 0.9367109977704419 101.69027223566277 -0.05494769966390143 0.9558598760254111 -0.28863930381418057 2.071193881173536 -0.9733110493474931 -0.11578316919357423 -0.1981410077434047 373.1367642192306
-0.21712983670775654 0.2698857978585737 0.9380918345905733 102.75416223298797 -0.05617604030202275 0.9559716027754662 -0.28803219817043924 1.717725454092781 -0.9745249542763113 -0.11523866886228161 -0.19240884255044235 372.917039578972
-0.2110800374468909 0.2699547257856163 0.9394517889798472 103.80913488641819 -0.057162745109585585 0.9560526718561572 -0.2875686165217667 1.3684525389257445 -0.9757958999519077 -0.11440163750016379 -0.18637228059538646 372.70604318998676
-0.20569744332418632 0.2693383120127473 0.940821681027824 104.85492822035783 -0.058431055282616516 0.9562847493155205 -0.28654020661176866 1.0241635670159424 -0.9768696809648926 -0.11391379156484538 -0.18096760622516955 372.5041326317947
-0.20149117539508565 0.2682598265578765 0.9420392622884932 105.8860533232489 -0.05842106947670889 0.9567610996112206 -0.28494767398932896 0.6879394478787552 -0.977746534066525 -0.1124493829501487 -0.1771068925678119 372.3074412714017
-0.20011088985350867 0.26814369365216 0.9423664846102164 106.91162905023299 -0.05835351388247271 0.9568518259395372 -0.28465672416745236 0.355629924260132 -0.9780339969446885 -0.11195330611801241 -0.17582934359668656 372.1144585059002
-0.1997509507775107 0.26877350090693236 0.9422634254144195 107.88201235787842 -0.05820309975362503 0.9566910385394584 -0.28522737589047403 0.04284478616053722 -0.9781165354100442 -0.11181709166548398 -0.17545649366416372 371.93283150522205
-0.20057856371919666 0.26897130591192536 0.9420311440564909 108.78752221816096 -0.057180306193698044 0.9567191400877296 -0.28533997191664806 -0.25067115115279204 -0.9780074909528746 -0.11109871099986648 -0.17651748937209902 371.76065272539665
-0.20323576423599146 0.26951751602798407 0.9413052282280819 109.66956716751835 -0.056041499051224096 0.9565912066216601 -0.28599408000553284 -0.5392776159141388 -0.9775247181117734 -0.11087638147154955 -0.17930937932041183 371.59121078131074
-0.2074961207523694 0.2692365785645982 0.9404557536830485 110.47512443930655 -0.055367211672536554 0.9566059818042186 -0.28607598194884926 -0.8060078895438426 -0.9766677181848106 -0.11143006927763477 -0.1835851516775115 371.4351227071309
-0.21414060326351608 0.2691500593099451 0.9389899081499194 111.14215671220069 -0.055176922516812506 0.9564211925194762 -0.2867298549527053 -1.0287393118762556 -0.9752432051829478 -0.11321107751928919 -0.1899577391721918 371.30454499035955
-0.22561962633076343 0.26874194278729807 0.9364152670697328 111.68167467280504 -0.05329792433710221 0.9563548492948805 -0.28730599278735164 -1.2113806829397773 -0.9727564522920017 -0.11473086078766068 -0.20144903600464123 371.18959513037885
-0.24350126786899276 0.2676615616135107 0.9322362474077124 112.1591811693905 -0.05000999158688862 0.9564233737924261 -0.28766878663663736 -1.3774593181392176 -0.9686104135758972 -0.11666884116220767 -0.21950455169357014 371.0725251246303
-0.2677430788220879 0.26680193125738944 0.925813357659199 112.60253891252513 -0.0441904383655177 0.9564836313901188 -0.2884202975517453 -1.5371996997992459 -0.9624764147239822 -0.11813463658089819 -0.24430177801229053 370.9433444979546
-0.3035765314012913 0.2661482777619491 0.9148805298107031 112.98091638386194 -0.035764795758992066 0.956335266029042 -0.29007540111750574 -1.6794747103527259 -0.9521355832898363 -0.12078059940864824 -0.2808022041220638 370.80323664538406
-0.3481381273699314 0.2665049081592748 0.898763026719712 113.29504581582907 -0.02236628024852347 0.9561043313359604 -0.29217162269540015 -1.803104341484849 -0.9371763941645139 -0.12181806732843437 -0.32689564801808385 370.64384469729515
-0.3931719534454649 0.26782152883228094 0.8795950453008592 113.61177101534189 -0.008644510247708778 0.9555189284787586 -0.294803069457197 -1.9255577470143683 -0.9194243239475738 -0.12351196708314169 -0.3733680577135626 370.4693577430518
-0.4399529794317226 0.2682223959893539 0.857028658901722 113.93217056403861 0.006995606171878127 0.9553474801440147 -0.2954018511735703 -2.0518886204362046 -0.8979935619944259 -0.1239674895777686 -0.42218434853076586 370.2664582046697
-0.488808155453326 0.26915933626416794 0.8298312110689456 114.2334117750547 0.02632332038112967 0.9553318995799176 -0.2943603989145643 -2.175313955132661 -0.8719940767954953 -0.12204185080070407 -0.4740591911214343 370.0295333123904
-0.5359709665550808 0.27009884404621837 0.7998635742768342 114.53204145235685 0.045758830901405555 0.9553417237924846 -0.291938898017622 -2.298339153126476 -0.8429954047351316 -0.11986995130600188 -0.5243948344228295 369.77893437887826
-0.580533469302171 0.27167838769410557 0.7675752371461184 114.81188693398067 0.06480844184789306 0.95511999495161 -0.2890426631293165 -2.418302487239592 -0.811653101321761 -0.11805358488233325 -0.5720861772593314 369.50002754975446
-0.6220851243800944 0.27221253338217744 0.734105193207801 115.1119124571931 0.08233299012330168 0.9551601952174866 -0.2844121660714464 -2.5495876938600244 -0.7786086159055515 -0.11648750208392486 -0.6166030206671773 369.1934200337435
-0.6597509095350697 0.2728840007465737 0.700187874433852 115.45074929431522 0.09709391857330693 0.9548836489909963 -0.28065991496065584 -2.6991502378241883 -0.7451855529622997 -0.11718164969903008 -0.6564807328704201 368.8312506466524
-0.6923756851925343 0.2722967215654316 0.6681844101585203 115.79691882962832 0.1105160467912797 0.9551509294090114 -0.27472332527605303 -2.85575185727534 -0.7130232211897424 -0.11636665103809543 -0.6914164364334855 368.4345133901589
-0.717624472610688 0.2709735193207746 0.6415516098780744 116.15472798312244 0.1226921713846695 0.955982792871983 -0.26653992348914746 -3.0252613387288245 -0.6855375608900995 -0.11256221195232065 -0.7192829770328588 367.9865599873804
-0.7360751498438759 0.27012459151939766 0.620665835082613 116.51566987045969 0.13103252654349357 0.956441860395703 -0.2608628848081645 -3.1988726054447003 -0.6640962661918409 -0.11068727451377273 -0.7394081934160363 367.53227671952897
-0.7502659476946524 0.2706321120337898 0.6032074830984597 116.85553968619865 0.13529475408368075 0.9559200722715568 -0.2605995873860516 -3.360913914927657 -0.6471447575676418 -0.11390818831178864 -0.7538093839879167 367.09164428113127
-0.7608225667866829 0.27004492217353687 0.5901057209317792 117.20955544605097 0.13710459064119068 0.9556711508097407 -0.26056665699029785 -3.529487802979802 -0.6343117160302458 -0.1173387894870067 -0.764120576472383 366.62400040249594
-0.7682801371624329 0.26935028753252915 0.5806858474664421 117.6058957143478 0.14019703946971251 0.9559396939230957 -0.2579226467492683 -3.718394792826618 -0.6245721903556077 -0.1167464097450687 -0.7721915920586245 366.0895612971657
-0.7756209895911882 0.26830296539176546 0.5713366776845104 118.05104734233598 0.14290195391295935 0.9563000613591278 -0.2550866994031412 -3.9328067902716106 -0.6148098178082756 -0.11620547063935847 -0.780067417932603 365.4739181820323
-0.780685267194038 0.26793839881335985 0.5645702153209197 118.51958281845917 0.14425330435879777 0.9562880184990104 -0.25437022203238774 -4.157635323780331 -0.6080472825099561 -0.11714196565096008 -0.7852109666297874 364.81901269508603
-0.7831416505304591 0.2669996249548412 0.5616051597683248 119.00559627194994 0.14388440264405908 0.9564251619549238 -0.2540633548059658 -4.394975502943299 -0.6049681263341 -0.11816137208696224 -0.7874334614850534 364.13873841938033
-0.7841258650674271 0.2655844054262066 0.5609024436804234 119.53378910987246 0.14196178189196 0.9565999442037127 -0.25448654037397556 -4.653788071676257 -0.6041469028426113 -0.11992276824633194 -0.7877975942092075 363.4004676830435
-0.7846177033147761 0.2646022413712302 0.5606787970900723 120.0864149176613 0.14061742702083752 0.9567331702070293 -0.2547319772695389 -4.9244195449054295 -0.6038226551422914 -0.12102600913411239 -0.7878774690584708 362.62707751703505
-0.7856914327577366 0.2645288766250778 0.5592078736235503 120.62357529073995 0.14021665024788055 0.9565870566994581 -0.25550047739355214 -5.1884784469866805 -0.6025182681747996 -0.12233428132189059 -0.7886736081099045 361.8708108117467
-0.7866388013791606 0.2639030326436372 0.5581707494362741 121.14372980385744 0.13959226851663745 0.9566576631945963 -0.2555779998776007 -5.444763186515543 -0.6014261340639742 -0.12313125034915721 -0.7893828605007295 361.13633644528386
-0.7872341513982465 0.2629322839884016 0.5577893911763906 121.63882812079376 0.13930787716826257 0.9569875876699157 -0.25449572178052304 -5.687073469597884 -0.6007126652827924 -0.12264326757861292 -0.7900018497994059 360.43486345081396
-0.7887637049976808 0.2615374830938455 0.5562822688305564 122.11896385241867 0.13884215170023723 0.957385613645289 -0.25325016030850483 -5.92091083472142 -0.5988110508245328 -0.12251910757906782 -0.7914634506333481 359.7518547928001
-0.7903873336279188 0.2609343917092533 0.5542572562121985 122.62490875315854 0.13906156460026545 0.9575536872274444 -0.2524932025383127 -6.168786481528914 -0.5966152395736106 -0.12249154787351169 -0.793124250422387 359.0285838776109
-0.7921750422520005 0.26025439014186774 0.5520202485823591 123.16566926755353 0.1394837539949057 0.9577828616667252 -0.25138868763130334 -6.434111520092735 -0.594140542973236 -0.12214598769253335 -0.7950329382397202 358.25183915094175
-0.7935033275766674 0.2601827443613236 0.550143080172213 123.70361022014261 0.13997692369900983 0.957792375733934 -0.2510781269201081 -6.699519910948256 -0.5922490438629003 -0.12222399323601765 -0.7964310174277 357.4756916727531
-0.7939351902262174 0.2607869401436347 0.5492331795976859 124.21542927648278 0.14036362640967323 0.9575551755679353 -0.25176603846465867 -6.95507989140569 -0.5915783685206784 -0.12279355680809259 -0.7968417511054683 356.7343510348979
-0.7944420402408788 0.26043849574036615 0.5486653211516188 124.69740482616079 0.1397845115296824 0.9575459724252288 -0.25212298790200227 -7.1985403593534665 -0.5910348001888891 -0.12360218699003692 -0.7971200438685246 356.0351330650974
-0.7948808224031252 0.25956172108501613 0.5484452489748814 125.16166304330302 0.13887794749902835 0.9577165175690715 -0.2519761648922963 -7.433352587514863 -0.5906584409573699 -0.124124070682348 -0.7973178921879602 355.3630692479097
-0.795736237899577 0.25907882842026275 0.5474321879080696 125.63706218583509 0.1383447660976242 0.9577431250762455 -0.2521682614100817 -7.67357093188349 -0.5896308721452972 -0.12492504566168208 -0.7979531111410005 354.6751850075834
-0.7966721990288096 0.2596164085359736 0.5458138214753154 126.12460842019516 0.13764995626209903 0.9572522021694665 -0.25440265521953837 -7.919175902122155 -0.5885285862518874 -0.1275442741191905 -0.7983524042074167 353.9662203565294
-0.7983530314278703 0.2588509369689025 0.5437174170837784 126.62096839586299 0.13708320123088508 0.9573149843196057 -0.25447242824606364 -8.168597232078424 -0.5863792570940968 -0.12862431040622255 -0.7997594348441898 353.2365537505971
-0.800027704028675 0.25729653673098923 0.5419909270207848 127.12813335853284 0.13711260050993787 0.9578759087833141 -0.25233683471491947 -8.425336475083977 -0.5840854454341514 -0.12756267306222763 -0.8016058613016792 352.48117907418555
-0.8007317423657425 0.257392386003389 0.5409046463059904 127.65805602963054 0.13698600117696788 0.9577313633168336 -0.25295349612295354 -8.691067352518584 -0.5831496482460296 -0.12845152917253796 -0.8021450569590064 351.68982298850864
-0.8012480156118235 0.2575210806976656 0.5400782447705383 128.190619041425 0.1370386084296025 0.9576293118663243 -0.25331111474649165 -8.957751100879412 -0.5824277099158274 -0.1289534569165876 -0.8025889163647014 350.8911894572979
-0.8016989929236902 0.25702350013864345 0.539645851574554 128.7127564040087 0.13648330631535713 0.9576925925075971 -0.25337167433102675 -9.222740922346276 -0.5819373092029512 -0.12947516608431084 -0.8028606040434839 350.1055257327231
-0.8017903575526655 0.25748513068709655 0.5392899313084025 129.22388645980325 0.13621466895704748 0.9574055894500271 -0.2545979207510735 -9.48243751175137 -0.5818743734660365 -0.13067495844612456 -0.8027118217259603 349.3378120951327
-0.80161130217397 0.2587728415324231 0.5389396410658539 129.7235255233457 0.13730364945018592 0.9570601783530858 -0.255310639924038 -9.737513244636876 -0.5818651287666363 -0.13066151497666173 -0.8027207113494632 348.58503306400723
-0.8016519484416037 0.2592554683127612 0.5386471532549998 130.22718334949997 0.13779150333586784 0.9569366115043247 -0.2555109061685319 -9.996458318887475 -0.5816937812700285 -0.1306098147634904 -0.8028532998744055 347.82765580192614
-0.8019227260844504 0.2592856329217378 0.5382294138651859 130.74045020962888 0.13852026445934149 0.9570567246982998 -0.25466558865280287 -10.261668783746654 -0.5811472083073268 -0.12966644234395408 -0.8034018521303405 347.0564583139397
-0.8026802727249899 0.25996326514872614 0.5367713484821566 131.27884312120474 0.1391974129967366 0.9568064264278231 -0.25523624852562854 -10.540973812886609 -0.5799383243010875 -0.1301559184963679 -0.8041958572929934 346.24808719476414
-0.8040328770796912 0.2614277510390784 0.5340287104282012 131.8179213285158 0.14122893238332812 0.9564194698418599 -0.25557031589228574 -10.82067221091554 -0.5775686290241369 -0.13006663174721875 -0.8059138602066052 345.42973105415706
-0.8056275047636917 0.26102661675116384 0.5318171009996506 132.3252632032609 0.14198129859596648 0.9566090119080579 -0.2544415633997199 -11.085693444830476 -0.5751570519581868 -0.12947703921441542 -0.8077314293123894 344.6566248963081
-0.8071038502573368 0.26013532484045915 0.5300122523771835 132.82800067564983 0.14152888864486862 0.9567738208413328 -0.25407366930012115 -11.349239648155372 -0.5731953842964305 -0.13005179169402972 -0.8090324980484032 343.89086001517364
-0.8078024225148365 0.2588599081590243 0.5295722746963505 133.37576035294921 0.14189004831185578 0.9573886973749931 -0.2515434283154197 -11.633334140766392 -0.5721210189891841 -0.1280563551195977 -0.8101105539025278 343.05005629139157
-0.8081791763366813 0.2581455555302042 0.52934609764857 133.9553286972847 0.14017798310795695 0.957302110224862 -0.2528295924349303 -11.932089848168726 -0.5720109719118597 -0.13012894343315573 -0.8098579542694013 342.1628476135212
-0.8075798527768994 0.2594352507017644 0.5296301842627156 134.53333686964137 0.13913890883565153 0.9565091846848891 -0.25637968652269355 -12.228103839687329 -0.5731100639814899 -0.13335490357224422 -0.8085550842437202 341.2776007987718
-0.8067263153304884 0.25874899748267893 0.5312641607100987 135.07299302414515 0.1377951910603172 0.9566243215117473 -0.25667565683726523 -12.507436582338743 -0.574634786167654 -0.13386136034681187 -0.8073883815934899 340.4514191779304
-0.8046156083561903 0.25815059809601176 0.5347447909912474 135.56075443058134 0.13643813241714614 0.9568334126362112 -0.2566212315562854 -12.761192617925513 -0.5779086076639804 -0.13352186774313152 -0.8051046838904022 339.71057859191774
-0.8021801526920843 0.2568003515524094 0.5390367168101509 136.04066463283542 0.13394105464525827 0.957171768208666 -0.25667489169144114 -13.007004614001191 -0.5818649297796024 -0.13370035746719458 -0.8022203050943812 338.9974724480082
-0.799685223995107 0.2547640787602161 0.5436899913529377 136.54585174570772 0.13125414125198948 0.957791306609289 -0.2557501972391718 -13.262591007731748 -0.585897510600702 -0.1331580908436676 -0.7993703959459402 338.25803462600334
-0.7970901608178366 0.25537167606698585 0.5472043334899107 137.0645333815168 0.12957483851608848 0.9574009680721751 -0.2580576438666241 -13.527096082249312 -0.5897945716526445 -0.13479129570265952 -0.7962246352957634 337.50074589167195
-0.7960852890771731 0.25604994680854154 0.548349010443404 137.61098552435092 0.12818734648403327 0.9568698342266809 -0.26070697065554016 -13.80431171638093 -0.591452632690309 -0.1372535795028635 -0.794572361838337 336.70619783182883
-0.7960440902897483 0.2553266952459842 0.5487459202668709 138.19255668001958 0.12799685202524297 0.9571733414678254 -0.25968442435954403 -14.10357351416855 -0.5915493319972532 -0.13648250099585485 -0.7946331950878465 335.86205863225297
-0.7963116710437508 0.2533554449768995 0.549271099785953 138.74622841351265 0.1271921216165554 0.9578879991539392 -0.2574349340620742 -14.38715332669291 -0.591362737038943 -0.1351354860035731 -0.7950022098487447 335.0608125520877
-0.796444850139855 0.2510949682538026 0.5501153675396913 139.23482520207872 0.12449089424001836 0.9583119813513353 -0.25717730002821154 -14.635108925502141 -0.5917580738249594 -0.13634318214014804 -0.7945016795116748 334.35625474036004
-0.7968740640893869 0.24907189522643566 0.5504134055325859 139.69602418236752 0.1219499115869104 0.9586223942064515 -0.2572378751075311 -14.86761755059467 -0.5917093416920253 -0.13786332483370645 -0.7942756188000395 333.69120393490573
-0.7977074502384006 0.2480236895065509 0.5496790638888398 140.18828042201923 0.12015084758944349 0.9585992579404162 -0.25816900762799494 -15.115064897826468 -0.5909539725373621 -0.1398989353770892 -0.7944820263685437 332.9795404893077
-0.7988141650260638 0.24794364500869762 0.5481057185010177 140.6971193973642 0.11974593861261436 0.9584163260553396 -0.25903485506080265 -15.373349083062763 -0.5895395151637401 -0.14128727773719588 -0.7952867817398416 332.2385590010675
-0.8003584517372788 0.2482930649176586 0.5456893829336474 141.196520993008 0.1203893340081309 0.9582293763381354 -0.2594279679982648 -15.630002108534772 -0.5873097623824979 -0.1419401854177489 -0.7968188167794412 331.511668573948
-0.8020101514511435 0.24817218797788484 0.5433141651784782 141.69210436514976 0.12075259262445763 0.9581841809834214 -0.2594260717190996 -15.885857704795347 -0.5849773742152657 -0.1424557490149153 -0.798440875224216 330.79077576760807
-0.8039168214552436 0.24650981590926285 0.5412491615159166 142.1999980358717 0.12048254611309504 0.9586895195729905 -0.2576787945156065 -16.148702807138303 -0.5824102508227387 -0.14194124038238887 -0.80040676160019 330.04694538392897
-0.8049694265367067 0.24576770170187048 0.5400207951008456 142.69339621059692 0.12013344715670528 0.958835239729726 -0.25729931583019744 -16.403895202253608 -0.5810268300306054 -0.1422435230603507 -0.8013579742736484 329.31785024685263
-0.8045379550784694 0.24414004243395335 0.5414003311030625 143.18527693027315 0.11848437085124382 0.959255351774338 -0.2564968303045434 -16.65607763615508 -0.5819623120977346 -0.1422139577279242 -0.8006841184419852 328.5934470717934
-0.8034890175441398 0.24230818388963846 0.5437758202660923 143.6928215903599 0.11688348957685488 0.9598496648106837 -0.2550036682621589 -16.91730939850894 -0.5837325145563604 -0.14133423146189544 -0.7995504902548579 327.84933577817293
-0.8024970673203023 0.24191221807863114 0.5454144623005464 144.2117646634245 0.11553587467859629 0.9598213101190078 -0.2557235114409404 -17.18282462811407 -0.5853630656306964 -0.14220243101195373 -0.7982033262331868 327.0956278948494
-0.8023895631420082 0.24017236252027846 0.5463407592722773 144.73052899097993 0.11302403959868391 0.9600361069063632 -0.2560395280203246 -17.448948761414947 -0.5860004739192398 -0.14369380542494847 -0.797468203033151 326.34471531698426
-0.802996892657364 0.24228170346014136 0.5445140646035448 145.25424436672031 0.11241411545514203 0.9588128746895371 -0.2608465793834099 -17.71738130898114 -0.5852854491861704 -0.14824792577988816 -0.7971596424010081 325.58113423315837
-0.8042997952345082 0.24207584467440474 0.5426795783986212 145.79865973694604 0.11346637130820784 0.9590197816847073 -0.259627504166192 -17.998202466380377 -0.5832899981723308 -0.14724246589415413 -0.7988068817114252 324.77638240813206
-0.8057868675871798 0.2402772136167078 0.5412710823983075 146.33396532090046 0.11413558141766274 0.9598660484746483 -0.2561839925524585 -18.276653477814758 -0.5811029109189648 -0.14465140719072356 -0.8008716359812282 323.9807344813029
-0.8062111635759995 0.23909847955560795 0.54116122994874 146.8481609449749 0.114444596117991 0.9604484514618126 -0.25385272601254144 -18.541466833720445 -0.5804532661160796 -0.14272592321931074 -0.8016877925329603 323.2169322122773
-0.8065390987985185 0.23792484639624747 0.5411898461506826 147.35586741322015 0.11359885901131529 0.9607524276429322 -0.25308115696262734 -18.804618794796294 -0.5801637539010884 -0.14264129922829616 -0.8019123882406735 322.4668908376115
-0.8063508745627194 0.23933258669202956 0.5408494985106704 147.83993817457466 0.11318521961918686 0.9600093858472597 -0.2560685165047165 -19.055882270157507 -0.580506135326489 -0.14526490296169808 -0.8011933192531202 321.7536961099221
-0.8057901661431427 0.23975828140314426 0.5414962369634909 148.31064877009123 0.11344307657991123 0.9599386479954716 -0.25621955518795453 -19.299367467412914 -0.5812339258191083 -0.14503019886644003 -0.8007080397333775 321.0572294245753
-0.8056648909737167 0.23858696543899244 0.5421995420275879 148.78793880734352 0.11319509518145243 0.9604436780219221 -0.2544303672413876 -19.54913705478291 -0.5814558916024265 -0.14361128531678163 -0.8008026254018458 320.35230227067854
-0.8054890798509583 0.23772470032536794 0.5428391189810057 149.25914371057425 0.11292851198703632 0.9608017177572543 -0.2531940171787363 -19.79325702281634 -0.5817512298407731 -0.1426430019661884 -0.8007611882258165 319.66216841889155
-0.804837469323694 0.23445614886014501 0.5452219385115618 149.73641056991957 0.11218017827214026 0.9621996149694368 -0.2481683069118643 -20.0389494762309 -0.58279692481641 -0.13857205784118093 -0.8007156356723626 318.9680936844163
-0.8046640688647388 0.23573126341481374 0.5449279839821974 150.17933396145142 0.11158577723796109 0.961491953002842 -0.251160981501872 -20.262919867882317 -0.5831503670548824 -0.14129400468398817 -0.7999822833313975 318.32643649296153
-0.8047874997390907 0.23496968037468705 0.5450746091759584 150.60122306611228 0.10954295804810515 0.9613310689645312 -0.25267155792764945 -20.469818699681817 -0.5833673119105793 -0.14363782631372365 -0.7994065012533316 317.717365519331
-0.8045661750206702 0.2313529452083911 0.5469452301245662 151.06886842563176 0.10744723816937288 0.96250558625789 -0.24907446162168553 -20.703247402079956 -0.5840619496443705 -0.14162913247549466 -0.7992576729765282 317.03737074094215
-0.8042826610576692 0.23043358918290532 0.5477497257856745 151.54783324809947 0.1070412324414782 0.962855948338583 -0.24789230989770572 -20.94080237427534 -0.584526796374131 -0.14074368094267795 -0.7990742397270107 316.3343914284175
-0.8049274523409478 0.2293593196343612 0.5472532311140588 152.00599143277364 0.10725890816467774 0.9633229321914166 -0.24597653329831182 -21.166279361808172 -0.5835985975713388 -0.13929548022458157 -0.8000059037918215 315.6567564576925
-0.8055510199850756 0.22872755638338402 0.5465997248004185 152.4621733933433 0.10650740624748678 0.9633599912631325 -0.24615787545380832 -21.389053438290485 -0.582875395445234 -0.14007580870509098 -0.8003968023425482 314.9864054783721
-0.8057627196564402 0.22850756795185317 0.5463796582968561 152.92266168383378 0.10593739668747695 0.963298786802514 -0.24664289028449116 -21.6112697723939 -0.5826866289824556 -0.1408536074565936 -0.8003977471679474 314.31118151113554
-0.8052009533139741 0.22772107512452475 0.5475349639305247 153.41180269187294 0.1065163156139986 0.9638506707998848 -0.24422563114184728 -21.848159536052908 -0.5833572655674113 -0.13832930399139845 -0.800349488890302 313.5945298756081
-0.8046442611029636 0.22788616727610245 0.5482841488117973 153.89555498545337 0.10622407963444178 0.9637666079709157 -0.24468422561753667 -22.085789874274482 -0.5841781046734655 -0.13864277883988624 -0.7996962685267899 312.89063434863783
-0.804013646519757 0.22797101043022122 0.5491732646564563 154.37792166678616 0.10551274971456659 0.9636265244055131 -0.24554221858944114 -22.320377824469517 -0.5851744319924405 -0.1394745133190188 -0.7988227239361355 312.19186035288095
-0.8034609927367621 0.2270349038026224 0.550368590678823 154.8974162005159 0.10442449839128709 0.9638438328786568 -0.2451542166831126 -22.572423235978675 -0.5861279359373566 -0.13949988629786028 -0.7981189287547928 311.44083783652894
-0.8023305461781072 0.22708556574130165 0.5519944207159129 155.4132929353773 0.1039980331152333 0.963839477889463 -0.2453525422120846 -22.82247820816812 -0.5877500351150173 -0.13944750515417048 -0.7969343069090283 310.6968895247918
-0.8012197845903701 0.22711479113992297 0.5535934685547085 155.8982002984703 0.10264659574329991 0.9636223878550332 -0.2467702778028141 -23.05644182082159 -0.5895002401723628 -0.14089274385160921 -0.7953858821771299 310.00265403489715
-0.8008530858559239 0.22741366557165252 0.5540012270620993 156.38122820380767 0.10019766192690407 0.9629346339722002 -0.2504342613166356 -23.28885555743618 -0.590419142151935 -0.14505142332321722 -0.7939554906746862 309.3166290635432
-0.8003461043200384 0.22819801558253083 0.5544112002692013 156.8752672832675 0.09976335459456576 0.9625285381273558 -0.25216281718456596 -23.526758953855158 -0.5911796566017629 -0.14650760722437725 -0.7931217653334255 308.61096382269665
-0.7996600584409433 0.22636706757249206 0.5561490282764694 157.37663177310327 0.09959015948423368 0.9633881088160411 -0.24892800550713307 -23.774208314387206 -0.5921364632144629 -0.14367081300836532 -0.7929269237586666 307.8943968774275
-0.7986401765435239 0.22616547157151362 0.557694403665096 157.88779808404314 0.09888898814328219 0.9634188123770242 -0.24908865887881043 -24.02302833461828 -0.593628534046779 -0.14378237523034923 -0.7917902450387925 307.1672052636632
-0.7974184111806273 0.22425850190828667 0.5602071061955732 158.4083175340209 0.09633607572209475 0.9637812767536487 -0.2486865720009343 -24.27310892314901 -0.5956871981372707 -0.14433909692442834 -0.7901411184556897 306.435375010634
-0.7959295656642459 0.22328128041072115 0.5627091578423772 158.91622838809363 0.09405093614067997 0.9638201415450517 -0.24940961521789906 -24.515743102173055 -0.598038918392932 -0.1455891636428588 -0.7881327600837214 305.72769576405705
-0.7949791049025631 0.22175985741498552 0.5646510324152508 159.42383724504953 0.09126401374990871 0.9639157696097483 -0.25007452667535973 -24.756493217610572 -0.5997325258501306 -0.14727170378906293 -0.7865315904021204 305.0229121966918
-0.7939654398409979 0.21973555749931845 0.5668643268971496 159.8983672855539 0.08911249026502323 0.9643908033055723 -0.24901675160197895 -24.983834933726882 -0.601396578321542 -0.14719600290122942 -0.7852741510536577 304.3654532905175
-0.793528448693201 0.2177570430381717 0.5682380410724346 160.35414793207082 0.08684138122463343 0.9647482322407164 -0.2484339407074106 -25.200944935719313 -0.6023048859353223 -0.14779282322117887 -0.7844654904983087 303.73855211893726
-0.7935092114821959 0.2158089857406116 0.569007568461542 160.82113518522652 0.08455379654251634 0.9650378501750094 -0.24809797101114162 -25.422001140045786 -0.6026556120896513 -0.1487562751725334 -0.784013892615202 303.09933991131055
-0.7938582237501204 0.21364366464006676 0.569337777723796 161.2842008875404 0.08220708292140548 0.9653618496019147 -0.24762571524525862 -25.63801755409164 -0.6025206354157995 -0.14977611255582418 -0.7839234656558041 302.4709936249554
-0.7942237854558453 0.2115406517085159 0.5696131417821465 161.7256476418163 0.08111961929730727 0.9659637815596475 -0.24562894796837015 -25.842466155546624 -0.6021861721936571 -0.14887755166486388 -0.7843515083360438 301.86859855194973
-0.7953759758458498 0.20986941805145032 0.5686227962489823 162.14364923511957 0.08016573415981625 0.9663245133450705 -0.24452073526601548 -26.03570186551429 -0.6007915712739996 -0.1489018545054434 -0.7854156387613876 301.290252004637
-0.7982290945314181 0.2089293285885742 0.5649591563105107 162.5688462028678 0.08010733591314732 0.9664086359613585 -0.24420721339102003 -26.232572833958898 -0.5970034567541902 -0.14967592991137918 -0.7881522623381296 300.6927011697649
-0.8023677101531769 0.208762934219372 0.5591279773000719 163.0058327939842 0.08196716991242071 0.9664971934287608 -0.24323765775652242 -26.439602289760703 -0.5911746279739156 -0.14933590455897877 -0.79259784686148 300.0672954574726
-0.8069543747823179 0.20977326380807315 0.552104894753697 163.41217340934398 0.08544169022500549 0.9664280736716315 -0.2423148695207042 -26.63625119657661 -0.5844008509500769 -0.14836426864528307 -0.7977867441855475 299.47337581995254
-0.8118951549272848 0.21066542319363107 0.5444688575816364 163.76172417617258 0.08878604938755665 0.9663313120690042 -0.2414970657154024 -26.808234536995727 -0.577012387076527 -0.1477290587042605 -0.8032638609912692 298.95006402191615
-0.8170722157623765 0.21007433768652606 0.5369001460930435 164.10528361685815 0.09152405983642489 0.9667061667767193 -0.23896136421380432 -26.979175867355025 -0.5692243324913475 -0.14610941024256732 -0.8090956059319249 298.4266064993269
-0.8221374473705144 0.21070268545790838 0.528861414712705 164.46703689389915 0.09521438737081056 0.9667925478106483 -0.23716321370608584 -27.160476857338995 -0.5612702005885374 -0.1446255435205778 -0.8148982845071402 297.8636945179592
-0.8257741917937702 0.2103362406105633 0.5233121917681302 164.84134163013778 0.09724900312977697 0.9670606825694316 -0.23523662048799207 -27.349168598169765 -0.5555534317755687 -0.1433607411886591 -0.8190287432857448 297.27719061248115
-0.8270022031373399 0.21075437945566083 0.5212004869013928 165.22424832568336 0.09949515929192398 0.9673079718263656 -0.2332723749582011 -27.54135822089532 -0.5533245605279618 -0.14105984255422846 -0.8209348643681263 296.67001965624803
-0.8266857281127649 0.2114494746865686 0.5214209686898347 165.61881162575446 0.10093195209977782 0.967397455388078 -0.23228195012527666 -27.73688530673794 -0.5535372146296915 -0.13939613683114405 -0.8210756780325157 296.0450808601787
-0.8253907556654951 0.21146144134977185 0.5234636179184026 166.01560403439302 0.10145281422106854 0.9676655641363234 -0.23093436832000167 -27.933424029401976 -0.5553714315199958 -0.13750423559661482 -0.8201555695381341 295.4210635690949
-0.8236917436498687 0.21161968467137904 0.526069406545019 166.41436517780792 0.10191456554714522 0.9678924173316559 -0.22977747888168326 -28.129948181066265 -0.5578040272106116 -0.13565167721584345 -0.8188121211219042 294.7993189506565
-0.8217464814588319 0.21152393096563657 0.5291411407544093 166.80401249158427 0.10161125270211746 0.9680651888747072 -0.2291832092743404 -28.319551339192333 -0.5607208517028213 -0.1345638016623484 -0.8169973743824632 294.198826230753
-0.8199461244811218 0.21139662608761284 0.5319772734122822 167.1497957359724 0.10094387493655883 0.9681465254923709 -0.2291345440780258 -28.488381729914487 -0.5634702184332214 -0.13417813404510412 -0.8151671860931301 293.67403631090843
-0.8181625516365597 0.21256921929283787 0.5342512200349105 167.46192481103068 0.10010570782113602 0.9676236230833248 -0.23169672270606537 -28.64178788950581 -0.5662056926252016 -0.13608398531912175 -0.8129528046439601 293.20543702851904
-0.8161795977506136 0.21250716034578593 0.5373002615087958 167.75182550629523 0.09799223001369887 0.9673482357377466 -0.23374112533316335 -28.78483443673281 -0.5694281228325401 -0.13812348684000558 -0.8103539444653607 292.77437702185637
-0.8138501618454914 0.21264245314020622 0.5407689905926429 168.01157370261572 0.09661870439349936 0.9672019010511735 -0.23491553495739675 -28.91629076306099 -0.5729858113648106 -0.13893764689785498 -0.8077026620292252 292.38871409720633
-0.8120368434918075 0.21144655534174664 0.543954519280771 168.2549783095647 0.09417017237439977 0.9673169673379293 -0.23543547594856976 -29.040248733548143 -0.5759584563550038 -0.13995798989076302 -0.805408975377664 292.0313234829234
-0.810412597842641 0.21019276200333697 0.5468550302039417 168.50123672821792 0.0920239265056421 0.9675072206892196 -0.23550238823567837 -29.16545650998958 -0.5785870878341717 -0.1405303551394931 -0.8034228034328754 291.6701868880604
-0.808279947894217 0.2104928368332123 0.5498875262033428 168.73898984836103 0.09099866520688273 0.9673520036397805 -0.23653613674166113 -29.286938746541253 -0.5817239626856444 -0.1411483853822293 -0.8010457942847593 291.32037078483125
-0.8063454816741688 0.2110668023464215 0.5525013747773962 168.9490285652129 0.08980952276746935 0.9670181948695117 -0.23834861109642008 -29.393831529590887 -0.5845863612879909 -0.14257144082378229 -0.7987065609205282 291.0104939397683
-0.8047436334257244 0.2118231206817309 0.5545436412090755 169.13689852490256 0.08997729401545411 0.9669008963716995 -0.23876084929749805 -29.490064480929988 -0.5867638119570951 -0.1422449371340099 -0.7971666117176011 290.73070508514013
-0.8036446389577961 0.21228302172452487 0.5559597224277151 169.33464657915545 0.08920359045957511 0.9666297007472957 -0.24014524996825562 -29.59144658117399 -0.5883859394339019 -0.14339783931670655 -0.7957631845943773 290.44116067516234
-0.8018572540381053 0.2129592714194977 0.5582770753514333 169.55818253297136 0.0899214320939676 0.9666984657224353 -0.23960010939075488 -29.705371305481833 -0.5907106569181236 -0.14192401166246663 -0.7943037798707693 290.11371584124373
-0.7998730929138751 0.2135769056157174 0.5608813962149306 169.78811557350613 0.09039935758306179 0.9667508529845478 -0.23920857928222616 -29.821316847425894 -0.5933219963737757 -0.14063318826388668 -0.792585209916115 289.7813046029868
-0.7982313307244758 0.21294243653142422 0.563455642774031 170.0090528560684 0.0893665817147993 0.9669415223129533 -0.2388256822448595 -29.931257696029554 -0.5956847796632427 -0.14028403740686385 -0.7908729557434521 289.46828846508083
-0.7968011666451862 0.21051079251968358 0.5663860053581908 170.23214660349532 0.08610311341790765 0.9673415689342363 -0.2384041586709321 -30.042993523868642 -0.5980753754273909 -0.14119311330438983 -0.7889045253151992 289.16071444167517
-0.7947223542270794 0.21076971259539287 0.569203397692097 170.47624631154306 0.08293148240870524 0.9666846255625673 -0.242163589183955 -30.1627011056243 -0.6012809234602945 -0.1452479361416736 -0.7857253261345979 288.8286443729507
-0.7921511475028963 0.2105925892089977 0.5728414447996046 170.73428724947283 0.08092542516723777 0.9665391801919986 -0.24341957340214598 -30.28756864942599 -0.604936058663515 -0.1464676569213517 -0.7826874155144069 288.47583959130867
-0.7896669234855604 0.21121857446753747 0.5760319988965497 170.98791267233372 0.0800720265446565 0.9663221002692096 -0.24456097214465167 -30.41198333622913 -0.6082882709027708 -0.14699766097188793 -0.7799852993171802 288.1309237693543
-0.7875203425242574 0.21250405854671997 0.5784926405855579 171.26126439943283 0.07909126215455109 0.9657585098879605 -0.2470932472363171 -30.54446710772092 -0.6111925084302628 -0.14883724560794367 -0.777361686706107 287.7639768539422
-0.7869455871783408 0.21178799837552367 0.5795364411015311 171.5686870351894 0.07649245585744528 0.9654875480211571 -0.24896324791621843 -30.68969317679873 -0.6122626454532677 -0.15159036367851464 -0.7759863495077615 287.35742166728767
-0.7874255225349059 0.21087808454405074 0.5792162635144713 171.8957654342603 0.07606759388431676 0.9657218041678699 -0.24818363788817105 -30.84238936524259 -0.6116982651775968 -0.15136654324449586 -0.7764749847644355 286.91737221415934
-0.7882121496757178 0.2087361785817275 0.578922114670604 172.25022190308553 0.0765888071025326 0.9666783285727667 -0.24426863018892753 -31.008295165620666 -0.6106191625966184 -0.14819654793165946 -0.7779344583259852 286.43747897394536
-0.7898340402494489 0.20467128108139201 0.5781624819752115 172.64727337802807 0.07554442587425872 0.9679628470546597 -0.23945973866428558 -31.192801943149597 -0.6086503335927465 -0.1454565001034351 -0.7799917807227832 285.901207568954
-0.7894873613381547 0.20673221906497172 0.577902669908864 173.0607715698978 0.07943146604251161 0.9680632010093156 -0.23779041413382634 -31.38383038586186 -0.608605248490067 -0.14182887030527797 -0.7806947054119637 285.33307398267385
-0.7886671503751678 0.20802796667885895 0.578557249542839 173.49151688044986 0.07961041905436013 0.9676493920256273 -0.23940934670648337 -31.578251733524958 -0.6096444103714087 -0.14275510215713846 -0.7797144821734445 284.75179696157994
-0.7877754959763404 0.20711607806335747 0.580097145439354 173.98407198631398 0.0774635254732045 0.9676088066895198 -0.2402760900259279 -31.797587757846436 -0.6110721480811362 -0.14434724598875567 -0.7783024491898815 284.09689303605603
-0.7860741989710189 0.20602899909869382 0.5827859000031352 174.52652500943736 0.07688043788383923 0.9680839429596372 -0.23854324063891022 -32.04297928485355 -0.6133324970869073 -0.1427078516204131 -0.7768254096661781 283.3732053979788
-0.7851999270637928 0.20886040972610118 0.5829566054073516 175.0656970084823 0.07553257295218851 0.9666771151937171 -0.2446020960334912 -32.289240657284445 -0.6146185035957166 -0.1480293356392563 -0.774810564478804 282.65743611722064
-0.7841274071777973 0.21387124591904183 0.5825832983202187 175.5847154539096 0.07538914167536459 0.9646165042638607 -0.2526489204790373 -32.52223845603003 -0.6160038040711097 -0.15418848812673194 -0.772505808068208 281.9668269231064
-0.7836705184576411 0.21067566370707969 0.5843597207387902 176.1022560897489 0.0749221122262848 0.9659198509999541 -0.2477610109435711 -32.7549139606371 -0.6166418698076587 -0.1503815353220247 -0.7727471761412693 281.2801765090178
-0.7833286116809138 0.207767829260385 0.5858573335262461 176.63035176350851 0.07287418170293608 0.9666825418043168 -0.24538585332466642 -32.99437003200369 -0.617321342384322 -0.14952388603555708 -0.7723710039492973 280.5845275261639
-0.7819058297886716 0.20993238390169688 0.5869852362128397 177.1602524754606 0.07247783879285705 0.9658199243180163 -0.24887514274081263 -33.230654342123145 -0.6191689884243295 -0.15205350367450693 -0.7703956748281368 279.8841382327884
-0.7808877745758063 0.2068870293792596 0.5894166952103359 177.71541245723657 0.07075107121875966 0.9667834716124666 -0.24560945612566978 -33.4803109461286 -0.6206517295870888 -0.15009155902839502 -0.7695868725939796 279.1567231246701
-0.7802246357719683 0.2043427449958465 0.5911798036994038 178.3072866854181 0.0698852798669703 0.9676929988752916 -0.24225256982261834 -33.74605949657713 -0.6215831122162316 -0.14769665702144139 -0.7692984675093767 278.3892806700883
-0.7796409136676108 0.20335507842850048 0.5922894206491244 178.91857942959925 0.07011257978769841 0.9682053028509331 -0.2401306262992059 -34.016975900210866 -0.6222895402391466 -0.14568872162481614 -0.7691102160940781 277.60187577996345
-0.7794504261394962 0.20569057744038377 0.591733402423087 179.53568904169413 0.071533241084291 0.9676056479927281 -0.24212043571857367 -34.28932009031568 -0.622366474523601 -0.14639226866476332 -0.7689143483277242 276.8010911329633
-0.7796367766585353 0.20748283242758772 0.5908615495438153 180.11880273966975 0.07456671179647256 0.9675634451840244 -0.24137270979853065 -34.54837366771976 -0.6217767300031037 -0.14412443856421064 -0.7698193581842429 276.0388089782894
-0.7807710348482879 0.20750176343900428 0.5893552488199635 180.65124658205193 0.07616828397430224 0.9678185003850522 -0.23984524766782664 -34.78991661874262 -0.6201572249505325 -0.14237404427118736 -0.7714497053337449 275.3418209835988
-0.782380667400728 0.20840791988849183 0.5868957575288372 181.17306874853284 0.07792333261554933 0.9677012630126941 -0.23975449901456594 -35.02641271236563 -0.6179065022409781 -0.14184641162676787 -0.7733505996615836 274.652746209189
-0.7831538777771773 0.21073545838604835 0.5850304011770637 181.66193862339418 0.08087439684828665 0.9673512189372049 -0.2401894068337154 -35.2485523635 -0.6165462964425281 -0.140791284529717 -0.7746279613746689 273.99926000567757
-0.7832941353840214 0.21234782463875587 0.5842591024915149 182.12088228383485 0.08361748529196072 0.9672988167064859 -0.23946004959425557 -35.45738503809585 -0.6160019591092621 -0.1387133755966678 -0.7754354813936035 273.38269791145575
-0.7839029782242743 0.2126133114454247 0.5833452669965941 182.61275804836703 0.08408861716817446 0.9672397863900375 -0.23953350514469005 -35.6812637591536 -0.6151627631723647 -0.1387183312340779 -0.7761005085591521 272.72634453696946
-0.7840588753565948 0.2133402644052384 0.5828701498258926 183.15781755586448 0.08497509803672558 0.9671263577663313 -0.2396786198793739 -35.92671673748977 -0.6148421851891771 -0.13839270102550547 -0.7764126142810043 271.9971700373692
-0.7845813895716989 0.2128979862970838 0.5823285074323535 183.74186082275597 0.08562356302754144 0.9674051167747987 -0.23831899943648877 -36.18925625237703 -0.6140852128102519 -0.13711961008034795 -0.7772371349460868 271.2174720042371
-0.7849051419871901 0.21248307372475886 0.5820436937744035 184.32368312320804 0.08627983668804344 0.9676909561559379 -0.23691771389048505 -36.450799296312645 -0.613579422620377 -0.1357392970163295 -0.7778786122412404 270.4391323355757
-0.7844107457709023 0.2119956381871968 0.5828873229953999 184.89026272345316 0.08586676141690273 0.9678421664503669 -0.23644965663843834 -36.70518613021715 -0.6142692253425293 -0.13542300480444705 -0.7773891744595008 269.6848159705449
-0.7842798004723494 0.21171613801102032 0.5831650465149245 185.51114481920777 0.08419359427944233 0.9675960259269665 -0.23805329086709173 -36.98518822312677 -0.6146679048505476 -0.13760162613879817 -0.7766911607779484 268.8602021814045
-0.7839995691574835 0.21283649067326554 0.5831340358774925 186.17849162667372 0.08341260671432997 0.9669856470515183 -0.24079263991550762 -37.28432275899226 -0.6151317034603255 -0.14014059595366077 -0.7758695771608467 267.972458163316
-0.7834615659344154 0.20868112951706336 0.5853547308146401 186.83607012516592 0.08190284450598653 0.9683897168196016 -0.23561256422330776 -37.573922309153446 -0.6160193980431323 -0.13665117102145963 -0.7757877020764385 267.0997935772969
-0.7828310312439438 0.20796325700449367 0.5864527775171925 187.4579387128159 0.0829629341849896 0.9689644292615218 -0.2328628059122204 -37.8461756619074 -0.6166787884084888 -0.13363838730685765 -0.7757886654012554 266.2728669804175
-0.7831956473703551 0.21331566936275054 0.5840385288184808 188.0276381250427 0.08394564206356155 0.9669843279140511 -0.240612632143762 -38.097106348683646 -0.6160825489483271 -0.1394192769057925 -0.7752448375245063 265.5140701177376
-0.783763298913598 0.21547188419154625 0.5824834404504753 188.63390917766006 0.08497975407223082 0.9662721556252551 -0.24309784585871538 -38.36884065699871 -0.6152182805101766 -0.14103187010838678 -0.7756394000692802 264.7023289382667
-0.7844749807962041 0.21543430203195593 0.5815385335580117 189.29809160901326 0.08590568759921619 0.9664316628827163 -0.24213643636564802 -38.67169441709951 -0.6141817461817813 -0.13999250867726115 -0.7766484920292739 263.8103093587569
-0.7855530763125338 0.21662344207103412 0.5796383774744521 189.95453208966518 0.08713907252995397 0.9661138060890473 -0.24296274554498243 -38.97034094881185 -0.6126280652521031 -0.14035098157630813 -0.7778100382715769 262.92561572936665
-0.7862271567911794 0.21811235009517535 0.5781642159975153 190.55811713245714 0.0875901512034997 0.9655246295093284 -0.24513293377884568 -39.24148002699828 -0.6116983107187787 -0.14208867846114598 -0.7782261779951621 262.11204579083613
-0.7859829920874053 0.21607745117357308 0.5792592435547883 191.14089004939112 0.08757017228286898 0.9663995027528213 -0.24166809058179425 -39.503778421905714 -0.6120148699792185 -0.1392211771729905 -0.778495512351155 261.32907210911816
-0.7859391689626443 0.21519004777340808 0.5796489161808123 191.68540690936413 0.08685987908974371 0.966611801781498 -0.24107464831716094 -39.75121474938343 -0.6121723483585524 -0.13912177398238376 -0.7783894577325481 260.59963536407537
-0.7863682304507237 0.21751662370624084 0.5781967870450673 192.19790071087522 0.08653536463308842 0.9655176129899146 -0.24553486447769 -39.981131125942696 -0.6116670963895454 -0.14304634709665318 -0.7780752571420626 259.9083205696415
-0.7865849624524418 0.21526303433098445 0.5787451277499553 192.76483242609882 0.08629833434245616 0.9663914419186143 -0.2421573423957676 -40.23980136855734 -0.6114218628192896 -0.1405325835423237 -0.77872581736418 259.14372314130077
-0.7864485186443848 0.21367237289189234 0.5795194945683922 193.36907521170494 0.08597976067032155 0.9669936058706629 -0.23985588790006704 -40.51637698214335 -0.6116422224447301 -0.13880736028036422 -0.7788621883586782 258.33244030943604
-0.7853961185017782 0.21289485392231244 0.5812303486705954 193.96154350054897 0.08341181106567377 0.9668288710885004 -0.24142163077173226 -40.78209443215685 -0.6133477046643989 -0.14113013570153954 -0.777101587940585 257.5472679352446
-0.7835736167550561 0.21170488742252602 0.5841176489088648 194.53206508245228 0.08123466685056045 0.9669947643165152 -0.24149959562311457 -41.03991737770017 -0.615965352943719 -0.14178210897664212 -0.774909360859098 256.7940765402569
-0.7819042540874177 0.2115280899190154 0.5864141920308678 195.0933794939789 0.07944545041993961 0.9668142205254654 -0.24281409225436604 -41.294387134244595 -0.6183155811133769 -0.14326943206752524 -0.7727610963211569 256.0553951650328
-0.7807847162690864 0.21301462740021468 0.5873670022687291 195.63426750068197 0.07887251637402631 0.9661707552865066 -0.24554673239514344 -41.54066107849584 -0.6198018659228383 -0.14539202227993928 -0.7711723587213938 255.34714733406585
-0.7799709199137258 0.21397927292420385 0.5880971304536085 196.173486488307 0.0776032513847436 0.9655460621985609 -0.2483919023385643 -41.78395983342045 -0.6209855871624181 -0.1481002111128916 -0.769703337659948 254.64745693033976
-0.7794227155711541 0.21173983839057617 0.5896324883264352 196.73652781583166 0.07695366110186093 0.9663855441870643 -0.2453102403677703 -42.03874422529451 -0.6217542637527373 -0.14582599502353957 -0.7695170009042597 253.9165772263085
-0.7792016295868633 0.20943667161526508 0.5907462238828948 197.30452468564238 0.07619062308063133 0.9671807307762292 -0.24239724208362246 -42.2966422214404 -0.6221252361090668 -0.14386700315875114 -0.7695859120321512 253.1768628979697
-0.7789014642671492 0.21048825247111963 0.5907683171380708 197.89104782613313 0.07461633625816577 0.9664066568975621 -0.2459483195053134 -42.561040196174105 -0.622691666337281 -0.14748853879448723 -0.7684414223598098 252.415877193733
-0.777990771500644 0.21093225170878951 0.5918090440749411 198.47581432148766 0.07393302024427036 0.9661494296446741 -0.24716227081582026 -42.822877943706594 -0.6239104647122 -0.14853573572151518 -0.7672501985899222 251.65698137266565
-0.7768437608735977 0.20854317063421948 0.5941578217726283 199.0288517693613 0.07250139442530243 0.9669139499779832 -0.2445832397045277 -43.070819403247775 -0.6255056506524554 -0.14692569319149704 -0.7662607400108964 250.94564855310378
-0.7755447956678182 0.20826765430110272 0.5959487008832903 199.5875280953685 0.07145420965003725 0.9669067828777325 -0.24491951565427267 -43.322188998313116 -0.6272356541491012 -0.14736301230957094 -0.7647611239904906 250.22941496352504
-0.7739862323130676 0.20856432828126947 0.59786807337272 200.1700480606226 0.07068061240591679 0.9667535848904454 -0.2457473440983615 -43.58385790142485 -0.629245232973399 -0.14794737939570335 -0.7629954191934556 249.48507862337604
-0.7727730932011287 0.20941716978900685 0.5991378768046008 200.76341469151535 0.0699739730362247 0.9663533690815045 -0.24751729063310457 -43.848801667973 -0.6308132762726905 -0.14935064466679993 -0.7614256335425843 248.72912938080995
-0.7725648145827511 0.2085662196592841 0.5997030425850429 201.34554076395608 0.06860151962501593 0.966399516359801 -0.24772122695619464 -44.107436993809195 -0.631219010149297 -0.15024016372654353 -0.7609142227804414 247.9907938741781
-0.7725871687272807 0.20773541778698604 0.5999625512603547 201.8869591409696 0.06713069795623414 0.9663892681923407 -0.24816375987356074 -44.3487970085974 -0.6313497731922245 -0.15145223180771952 -0.7605653721874193 247.30582988287773
-0.7720110795647641 0.20632816060032208 0.6011884755819411 202.41327021317508 0.06646470717681739 0.9668663800218409 -0.24647889541168042 -44.585589733274595 -0.6321244622138488 -0.15032662214907 -0.7601450986121684 246.63924896687865
-0.772310420135704 0.20547660820847344 0.6010956483197638 202.95939207367607 0.06396630036161573 0.9665871937270293 -0.24822874398617692 -44.832613174226516 -0.6320165562450561 -0.15325978077123917 -0.759648940123062 245.95140186206936
-0.7721229445908057 0.20499001981631576 0.6015024939367528 203.53328756809282 0.06216293562624692 0.9663674844251563 -0.24953888370376948 -45.09236197582877 -0.6324254326564919 -0.15528353686563864 -0.7588972890370257 245.22852881026876
-0.7715395558826291 0.20563718710408246 0.6020299502419786 204.14272228265716 0.061958592044183726 0.9661079209041843 -0.25059253388338976 -45.36841135193602 -0.6331570473273894 -0.15604112421446917 -0.7581314668139997 244.46022319104483
-0.7720961055270837 0.2051515585523946 0.6014818715916855 204.78783699671936 0.06303683568166055 0.966517084259137 -0.2487389860525705 -45.6576167286481 -0.632371695426949 -0.1541348885189215 -0.7591761817681754 243.64547115761283
-0.7729267277206271 0.20615022475070546 0.6000719610266092 205.42309122960975 0.06319020703636136 0.9660551447125582 -0.2504884330844467 -45.943762877323195 -0.6313408519253175 -0.15569053346184078 -0.7597165171829435 242.8393404435433
-0.7730030091992579 0.2080407662125651 0.5993207716762236 206.0419677962671 0.06398699463412538 0.9654515126955295 -0.2526045153032852 -46.22246518827136 -0.6311671825171083 -0.156915315465392 -0.7596088279409421 242.05241505014266
-0.7733422774358673 0.2066307323895412 0.5993708888179932 206.67539304858806 0.06367384379441003 0.9659308069034215 -0.25084520703284663 -46.50923191962783 -0.6307831351159854 -0.15582495534113858 -0.7601521030334526 241.25125814922768
-0.7735498516487879 0.2057117301326934 0.5994191447559508 207.31223232412316 0.06380594785467086 0.9663254113548809 -0.24928698399272448 -46.79631971286699 -0.6305152084069866 -0.15458940279215508 -0.7606265105239622 240.44514004592557
-0.7737337497963079 0.20585449646704204 0.5991327154399503 207.93820763266046 0.06328455544037885 0.9661187459749424 -0.25021917136486577 -47.077929722034064 -0.6303420892411188 -0.1556871701846572 -0.7605460903660181 239.6506922294675
-0.7738316034452166 0.20594754262969445 0.59897433934535 208.5760841180228 0.06231226497507425 0.9658281610091387 -0.25158128912020306 -47.36512019513452 -0.6303188329274968 -0.1573581046101428 -0.7602214123335531 238.8439044170829
-0.7743362590951072 0.20492607118558712 0.5986724172692759 209.20556094592305 0.061338084621928676 0.9659603602729835 -0.2513129955975272 -47.65060372021506 -0.6297944086966069 -0.15787934548169585 -0.7605479045035646 238.0500308055639
-0.7748602359292076 0.20415415895535163 0.5982580498054073 209.79956785052002 0.06055121150905797 0.9660314842213407 -0.2512304167052638 -47.91855148939316 -0.6292258462273452 -0.15844321025006902 -0.7609011654381496 237.29721480833726
-0.775421841313953 0.20269065708594647 0.5980279805689276 210.40226981631668 0.059399173940363294 0.9662954141784905 -0.25048934243361254 -48.189557223971065 -0.6286435445850708 -0.1587125391003741 -0.7613262269118481 236.5314685481468
-0.7753890445463835 0.2034966207524374 0.5977967505262878 211.00990736793216 0.057937242971439845 0.9655864093577039 -0.2535471592042921 -48.464631880641804 -0.6288204079658319 -0.16196299394008598 -0.7604951565392436 235.76002827650544
-0.7752072901251739 0.20283176850773824 0.5982582477666408 211.62229189792978 0.05734441700657265 0.9657352381459029 -0.25311473216992725 -48.74188448332264 -0.6290987801410534 -0.16190961517865565 -0.7602762664569628 234.98349806793834
-0.774592208245723 0.20349532712479265 0.5988293269065835 212.2364151809349 0.057795088354502505 0.965637202743927 -0.2533861094041675 -49.021357598422966 -0.6298147653771786 -0.16166151216433208 -0.7597360836485466 234.20411627630043
-0.7742580330023564 0.20308086871302394 0.5994019178265025 212.83153597386914 0.05768759755489686 0.9658208773092904 -0.2527096635308153 -49.29096139407237 -0.6302353841380752 -0.1610844303968466 -0.7595098201235169 233.4498523435823
-0.7740397167743329 0.20367828716121028 0.5994811691746371 213.42691489108253 0.057937735305942095 0.9656562663680106 -0.2532808600187025 -49.56213646687242 -0.6304805593224346 -0.16131686385269794 -0.7592569616099683 232.69586975343293
-0.7734398366535783 0.20350040046011833 0.6003152555864804 214.03422010001526 0.05788833143564625 0.9657832859722575 -0.25280740815930713 -49.834852786339205 -0.6312208489592875 -0.160780071990283 -0.7587555655742607 231.92963685507624
-0.7726570072596997 0.20074965860429575 0.6022463978329355 214.61625746142823 0.05762792322908564 0.9669462827107334 -0.24838258557354229 -50.09677485381087 -0.6322026349176247 -0.15720833604536852 -0.7586866068944801 231.19915566015806
-0.772280324543335 0.2043001763260757 0.6015351513223306 215.18567693290063 0.05674421354211698 0.9652778966836484 -0.25498760048967 -50.35330933292781 -0.6327425973906992 -0.16278826778096347 -0.7570579801574945 230.48944027591398
-0.772070111260161 0.20543023443359673 0.6014201211127573 215.78945485381914 0.05576337223817431 0.9645649197371473 -0.2578855597529622 -50.62036478791752 -0.6330862418465197 -0.1655685187257187 -0.7561672275308033 229.73672758958318
-0.7713377164847087 0.2013236860011768 0.6037440687767113 216.3707282751176 0.05588135757917434 0.9664081409994358 -0.25086366593256226 -50.8829957908192 -0.6339679810552455 -0.1597625690357872 -0.7566772895573262 229.01376582610266
-0.7711681073357752 0.19976467931808145 0.6044781411474744 216.8879741800536 0.054742485617006925 0.9667850257463143 -0.24965971693721714 -51.11666276042587 -0.6342736085449487 -0.15943897544089725 -0.7564893935897097 228.37207443827302
-0.7717356708285267 0.20496841007180214 0.6020066488366097 217.412044279501 0.05459354528390151 0.964493943855506 -0.2584008070408989 -51.35113537060004 -0.6335957695440992 -0.16655144291986837 -0.7555243329484042 227.71749395199433
-0.7723228578754104 0.2017698265568636 0.6023340769825125 218.00556947821116 0.05445208027439341 0.9657521712633507 -0.25368822332523855 -51.61597323901374 -0.6328920714916173 -0.16313087013602803 -0.7568592637021182 226.9685288000202
-0.7728070378102595 0.19610992758805218 0.6035811284428504 218.63636471536566 0.05360901888184475 0.9678320218587685 -0.24581954877367934 -51.9021049396904 -0.6323727978063723 -0.1576136852122227 -0.758460658721574 226.17775402133387
-0.7730150195301234 0.19996484606161788 0.6020480378843536 219.22857518660044 0.05208166911290798 0.9658226023874967 -0.25391770410874887 -52.1673941120967 -0.6322462173261755 -0.1649265323014991 -0.7570098807939998 225.4392850733677
-0.7737054327274927 0.20409528732089036 0.599770803775384 219.82682939204102 0.05167746953031004 0.9638655462891124 -0.2613286203609083 -52.43424501847121 -0.6314343532869496 -0.17119673586314213 -0.7562951375745437 224.6878385777316
-0.774699716950622 0.19877803331995667 0.6002729729265515 220.47687843515942 0.05168639787315768 0.9660340684256983 -0.25319299934198786 -52.73073636476548 -0.6302133486618047 -0.1651225972129309 -0.7586604398926649 223.86822653765796
-0.7750473735365982 0.19625893515375414 0.6006529773058147 221.11254908692263 0.05188213781685618 0.9671006483900432 -0.24904734421212354 -53.02147479140011 -0.6297696503878027 -0.16186032946918502 -0.7597311506016802 223.06817451147623
-0.7745488796766604 0.19905145648227274 0.6003770071079674 221.72971220044377 0.05430294617041252 0.9666135390722089 -0.2504185618509813 -53.30466391201699 -0.6301787230848446 -0.16135917623297957 -0.7594985142951698 222.28959285481753
-0.7743139937674064 0.20384774891826374 0.5990692233097354 222.3062414625626 0.056527866318067665 0.9651906789885681 -0.25536552923821715 -53.56815863584248 -0.6302717186940069 -0.16386899784444875 -0.758883727694803 221.55540821607173
-0.7749078722387459 0.20431953368364575 0.5981398813803684 222.8374230288029 0.058418166030982245 0.9654135021336088 -0.2540946433431809 -53.81277552697137 -0.6293688166885913 -0.16195770452009572 -0.7600424952110143 220.87249903064424
-0.7770156564158915 0.2076037932686744 0.5942620084651576 223.35260837503668 0.06158388262235279 0.9645923121381423 -0.2564548630171595 -54.05341545571894 -0.6264615671258209 -0.16267248195208256 -0.7622883762263538 220.2019427915305
-0.7783925063708788 0.2090106683931362 0.5919625381082153 223.87409279408712 0.06434489839997981 0.9645453416144902 -0.2559531559088183 -54.294927796931155 -0.6244716487364016 -0.16114224917023282 -0.7642436361899261 219.5220098399688
-0.7793029366732801 0.20810345581457018 0.5910836527687423 224.40776184577368 0.06560447213655447 0.9651582426092797 -0.2533093365019385 -54.54269560683495 -0.6232038078574998 -0.15862697879427973 -0.7658031701883408 218.8277353839791
-0.7791519433469427 0.2090902825988322 0.5909344319816096 224.97517411287265 0.0659336101630051 0.9648348144991139 -0.25445341377418174 -54.80382235718657 -0.6233578492563943 -0.15929543136324384 -0.7655389979075148 218.09105147081686
-0.7781061925436389 0.2079839295861166 0.5927001249866268 225.53451783435665 0.06479721967257827 0.9651344164750281 -0.25360772554895106 -55.05876150807816 -0.62478162060671 -0.15892842152782213 -0.7644538464699677 217.37354551252528
-0.776264506283034 0.20665367201450255 0.5955734011254062 226.12135330688398 0.06488327668899531 0.9659170127459903 -0.2505882776467469 -55.32488655214826 -0.6270594682255092 -0.15588003185394084 -0.7632154603897625 216.62696604217803
-0.773820108630345 0.20783946047736704 0.5983353559232502 226.75368265233823 0.06529959647217345 0.965775949717498 -0.25102346035348416 -55.614494254601695 -0.6300304771833615 -0.15517594406267438 -0.7609086832231348 215.8252129355517
-0.7709880294434596 0.2110695603210534 0.6008553063431933 227.31655118542466 0.06394248852703288 0.96436896972302 -0.25671744856229073 -55.86985131093891 -0.6336314517255777 -0.15950589625853545 -0.7570132445624048 215.12058369906865
-0.7667031786275452 0.2086233247355057 0.6071594059707274 227.82377980672044 0.06194608388052511 0.9653557183082435 -0.25347784877863205 -56.099367912947535 -0.6390061960374774 -0.15673112487913565 -0.7530646957067066 214.49380603366265
-0.7619712321328219 0.20732782056937543 0.613526703754569 228.38023784593864 0.059006538020582734 0.9656550852000373 -0.2530385047737504 -56.34974545851102 -0.6449171031014889 -0.15660597448776342 -0.7480350920123484 213.8189403157468
-0.759187217647548 0.20816946066949682 0.6166848824198221 228.97637618842398 0.05524405630555431 0.964664564854633 -0.2576244777903122 -56.61307914203963 -0.6485236023488157 -0.16151703612434354 -0.7438611323614936 213.10506128442123
-0.7584369922984397 0.2063028743097619 0.6182333319749361 229.54702419783987 0.05302859428694551 0.9649679778818475 -0.25695285530729073 -56.866887822546836 -0.6495854808270028 -0.16209850620579103 -0.7428073622310185 212.42497139830456
-0.7589187037983502 0.20473684328016023 0.6181627827916459 230.11578926449428 0.052027738763023905 0.9653178553097577 -0.25584087362924873 -57.12170684417852 -0.6491036245656312 -0.162000812417238 -0.7432497705024307 211.7468747643352
-0.7595202641843098 0.20313108480293535 0.6179536638617684 230.6786571181842 0.05148320273358176 0.9657829120878685 -0.25419057133452116 -57.37183696154335 -0.648443095521643 -0.16124865613659975 -0.7439895313540715 211.0723611240013
-0.7602521810452325 0.20269247225070866 0.6171971993689435 231.2365903242381 0.0505336435598571 0.9656510680555918 -0.25488108135297305 -57.621492713603374 -0.6476596112809058 -0.16258467472671145 -0.7443811197629051 210.4009598335644
-0.7616445163844251 0.20331555366316065 0.6152726357479115 231.81530146636945 0.05043268222916324 0.9652210059279347 -0.25652476348032927 -57.881431483917076 -0.6460295467118428 -0.16435083009862894 -0.7454090349742104 209.70105499031683
-0.765374683574268 0.20266041134877757 0.6108439665049806 232.39312934408255 0.050907043752876364 0.9652171028719395 -0.25644573932869896 -58.14568941336829 -0.6415684426777344 -0.16518081606362123 -0.7490695771185902 208.99042189400154
-0.7707022129041066 0.20190061786349123 0.6043626721853841 232.92956914164048 0.05237546942871032 0.9653361409838869 -0.2557008899328665 -58.39536727122773 -0.6350392973878363 -0.16541546305190893 -0.7545613396911391 208.3211005327902
-0.776259810555454 0.20021150355164255 0.5977759282222778 233.42128235606984 0.053357438425831065 0.965692410039304 -0.25414789583452146 -58.6279787616906 -0.6281510091379666 -0.16538900519100727 -0.7603109802448496 207.69539234706633
-0.7826241634337718 0.19850867715624698 0.5899946812499839 233.91910669482039 0.05530469049119839 0.96621597348969 -0.25173018051684576 -58.8655359518689 -0.6200329104323923 -0.16438064870004376 -0.7671624288986594 207.0468386135439
-0.7902007402206404 0.19843755477114436 0.5798321541715374 234.42303406910372 0.058774355494077835 0.9663042261103109 -0.25060270895904013 -59.10711616526467 -0.610023249795456 -0.16394718496455493 -0.7752373541381952 206.36872299485714
-0.7980199364878022 0.19871586652657533 0.56892546555643 234.87843673223063 0.0628113726677719 0.9663544979109221 -0.2494267744868624 -59.328235237607196 -0.5993487402436045 -0.16331254929711142 -0.7836517713949758 205.73483070729586
-0.8057337095362942 0.19898002571688672 0.5578531515395372 235.26677562240891 0.06687378407362074 0.9664179137476596 -0.24812156897637072 -59.52259076785556 -0.5884905150642266 -0.1626141609864515 -0.7919820378809825 205.17506880992192
-0.8126511392060882 0.1985792732031779 0.5478726112894755 235.658961861249 0.06855996186163332 0.9661998790559353 -0.24851021174556848 -59.720319105813246 -0.5787034279979509 -0.1643899813443412 -0.798798019812911 204.603428813792
-0.8184033718082343 0.1973207413088401 0.5397040356178994 236.0355986125989 0.07021059582255487 0.9664959185624807 -0.24689291532222724 -59.91114870953079 -0.5703388407316794 -0.16416505246670426 -0.8048375254058725 204.04139914123334
-0.8229617957671523 0.19709539369045614 0.5328107435982422 236.3662204673814 0.07312321143119946 0.9668363484852819 -0.24470486549644743 -60.08217308409342 -0.5633709955772421 -0.1624219228849657 -0.8100816257073465 203.5317211021831
-0.8271942699335965 0.19616790213447485 0.5265622412983934 236.68978182787436 0.07430720863006193 0.9670415876003589 -0.24353440536603 -60.25071910855287 -0.5569812191938198 -0.1623228943295917 -0.8145079492809327 203.0258358052622
-0.8293955832367772 0.19661539962303415 0.5229200236541002 237.02536885028468 0.07579484246719045 0.9669702674202981 -0.24335908403117154 -60.42296570335817 -0.5534962586709156 -0.16220630862019805 -0.8169033021607318 202.49575400852646
-0.8290350786535191 0.1967512942021915 0.5234403180800272 237.3913270220258 0.07586316163984354 0.966976145426449 -0.24331443623881802 -60.608645895103585 -0.5540267313658805 -0.16200636532546764 -0.8165833200146018 201.92441180126062
-0.8277833737509923 0.19589599525472973 0.5257370494692074 237.78861655688573 0.07427208874650852 0.9670776273482609 -0.24340197105958108 -60.811194210649035 -0.5561100097774332 -0.1624365159858356 -0.8150803857900928 201.31110866739957
-0.8240372077125244 0.19499230635555784 0.5319216866865744 238.192213758446 0.07153045321763396 0.9671982677532952 -0.2437435232319109 -61.015661558212756 -0.5620018456978828 -0.1628051329570564 -0.8109552479113804 200.69988468025426
-0.816068676745536 0.19370948379417902 0.5445259871879273 238.56768712560162 0.06664780925826327 0.9674155826455585 -0.24426452868893772 -61.20201349375285 -0.5740992809226164 -0.16304516657278356 -0.8023878671200033 200.157067461179
-0.803767586152919 0.19262958564539187 0.5628956476861399 238.91131116726189 0.060162800414507764 0.9675997103345317 -0.24521671640982093 -61.36644119979695 -0.5918936601250222 -0.16323186972712894 -0.7893144188529627 199.6912573846973
-0.7876456622132798 0.19154519971309575 0.5855977691756334 239.26244560698746 0.052947818855530175 0.9679744286127859 -0.2454017808211519 -61.52785646082587 -0.6138491991320401 -0.16228352355867895 -0.772562760367294 199.24692455522276
-0.7666781332009128 0.18847363042236356 0.6137445158263999 239.63456700452258 0.04321861498769079 0.9689232118535812 -0.2435568944823491 -61.69071794415929 -0.6405753596495186 -0.16020455725962984 -0.7509978085474925 198.81581518028912
-0.7380535355788528 0.184639839558209 0.6489877566391204 240.03822199823855 0.02992532810592931 0.96984161838968 -0.24189193863591033 -61.856614591081886 -0.6740782249541284 -0.15910802898409843 -0.7213204431842253 198.39927705382698
-0.7043349632481212 0.1840553353914573 0.6855916372449493 240.44583984591847 0.016824749690124218 0.9698589189452095 -0.2430855922104282 -62.01505581048274 -0.7096683643393815 -0.1596787739693896 -0.6862022309782299 198.01227588805358
-0.670221068186263 0.1825767827602829 0.7193534862334187 240.85821727287774 0.005213739211242227 0.9704024704653763 -0.24143707718188623 -62.16390285692902 -0.7421432049697027 -0.15806569429069262 -0.651336088057233 197.66385150708632
-0.6384020368499557 0.17930241314063672 0.748527543907221 241.30050586593177 -0.006598809505949471 0.9711779804409003 -0.23826410980220886 -62.32081358067896 -0.769674798248541 -0.15704768367817015 -0.6188188183890252 197.32056827787795
-0.6064589411830651 0.17519900121197313 0.7755726030704329 241.80433913800735 -0.018562582301508847 0.9720366200050083 -0.23409451063094036 -62.489743043568126 -0.7948980961088129 -0.15636533932929675 -0.5862481534802634 196.95884108232977
-0.573078275190996 0.16953872900788092 0.8017717317731463 242.33704811352587 -0.03102525600438113 0.9731763386291522 -0.22795887221650515 -62.65750855754819 -0.8189131358049985 -0.1555134505396558 -0.5524462351281565 196.6134874049309
-0.5398376542697084 0.16363689554343516 0.8257107686408663 242.8196121401292 -0.04222153729010539 0.9744246414025534 -0.22071239207703358 -62.80070825847231 -0.8407096102825513 -0.1540116380161324 -0.5191221113901323 196.33805436003485
-0.5076247368997197 0.16234357973838068 0.8461451935721334 243.24400653205902 -0.05090898537413578 0.9747197508685039 -0.21755386108965846 -62.92053173339288 -0.8600729048724106 -0.1535121147811136 -0.48652711015909894 196.10972256292115
-0.4798555622942204 0.15769223675115585 0.8630595563480654 243.66869273899283 -0.060042627172303804 0.9755057468021588 -0.21162093676716145 -63.03090921755974 -0.8752905359122453 -0.15336784677493528 -0.4586336024737775 195.90765079305578
-0.45646935593117677 0.1559732938229255 0.875961219866387 244.1140308835863 -0.06669434001048181 0.975746546787245 -0.20849590270154927 -63.14621546714948 -0.8872359280971117 -0.15359364585422927 -0.43499586187326317 195.70509055686833
-0.43534939239893083 0.15838038368286245 0.8862203792524497 244.57302870431357 -0.06966807250934613 0.9755241341831627 -0.20856419467162718 -63.26208104925749 -0.8975618453403167 -0.15253956106748365 -0.4136597830326579 195.50196000853927
-0.4166956740736637 0.15961496682869636 0.8949233361425849 245.0481865456368 -0.07313133174634841 0.9753873233219662 -0.20801773438776092 -63.381641075414066 -0.90609962119256 -0.15212702543297515 -0.39476682308372213 195.30353738141258
-0.39832574963976936 0.16395404343678593 0.9024719767475603 245.56864731648764 -0.07585165088395882 0.9746373968682974 -0.21054327746087834 -63.51215774273425 -0.9141023598219697 -0.15231879813902902 -0.3757869868707382 195.09445036394516
-0.38007768541450077 0.16517498201054115 0.9100869070411781 246.0742945901778 -0.07962466007957947 0.9744307018703687 -0.21010645101860526 -63.634639330959146 -0.9215209528584616 -0.1523221342098349 -0.357207363967478 194.90655655512205
-0.35910485975846584 0.16082470663314888 0.9193362352448743 246.543911654558 -0.08479420638642285 0.9753451502961191 -0.20374439957245238 -63.74543321782679 -0.9294372718269636 -0.15111999050490782 -0.3366141800469014 194.75357101213203
-0.33442040723622835 0.1577088504977277 0.9291344949460467 247.0125890152512 -0.09036550998064721 0.9759897659419519 -0.1981869102199063 -63.85467672861319 -0.9380815880454602 -0.15023945970104008 -0.3121394542810109 194.6135168680065
-0.30667043138602895 0.1543145665195686 0.9392232221753194 247.48007985286728 -0.09782439698024613 0.9764345118527709 -0.1923695179031595 -63.96035115905277 -0.9467753872323454 -0.1508729883800273 -0.2843478635550521 194.49328154407038
-0.2773965932407543 0.15142557355215647 0.9487472928724638 247.99794092224226 -0.10462204794193186 0.9768678107832601 -0.18650337085414423 -64.07452487694482 -0.9550420708758641 -0.15099528446253618 -0.25513734914202313 194.3745535214643
-0.24486239384087596 0.1508053878087013 0.957757872893973 248.56640936572086 -0.11149728187635552 0.9768961782555973 -0.18232447187307155 -64.19470600729954 -0.9631255184121641 -0.15143180616197033 -0.22239074590869012 194.25957457475786
-0.21027557476978245 0.14988611656541598 0.9660840205262589 249.21042896190224 -0.11942870303612609 0.9768383022470605 -0.17754919361740534 -64.3261739690579 -0.9703200335695158 -0.1527124203331872 -0.18750453095761138 194.14982076239497
-0.17893492608900183 0.14664904991750707 0.9728701600850038 249.9539647119406 -0.12665636291317828 0.9771675942492365 -0.17059208212213856 -64.47308329195073 -0.9756743606137904 -0.15374507766902046 -0.1562753759663319 194.04573444265563
-0.15241763000883385 0.1442561344753267 0.9777315754994986 250.79175805920883 -0.1334172569773849 0.9772314098767757 -0.164980626410744 -64.63200443955478 -0.9792694734357448 -0.15559222093821698 -0.12970103769975228 193.94419601842955
-0.13407778716192073 0.14149590814661303 0.9808170343991447 251.69921941206871 -0.13912634404358185 0.9772631602982679 -0.16000179973022494 -64.79933657797316 -0.9811559546692002 -0.15791017542137295 -0.11134347361009415 193.84712361782022
-0.1196179709853105 0.14058522990700828 0.9828160225339003 252.6309948394883 -0.1400821627411231 0.9776306220151638 -0.15689281239118474 -64.96904676911858 -0.9828878515370547 -0.15644219389358818 -0.09724870832373095 193.7530484662773
-0.10172035507759167 0.14192641206723222 0.9846369193365725 253.57596567398627 -0.14068931781576924 0.9777705761673737 -0.15547094980689405 -65.13867184505624 -0.9848144420221622 -0.15434245669628924 -0.0794916400983898 193.67264178966127
-0.08172250013117952 0.14155789464896004 0.9865509593705073 254.52063199469154 -0.1424961610017624 0.9780329237054285 -0.15213955517213054 -65.30191559494142 -0.9864158743005254 -0.15301294916041355 -0.05975583918884791 193.613569296437
-0.06324757206447515 0.13778598803109185 0.9884405728875408 255.4820268482358 -0.14344968536713332 0.9788836983523664 -0.14563273281809422 -65.46381370283073 -0.9876345135706933 -0.15100240594868417 -0.042146660623223454 193.57166783437296
-0.04773709366968844 0.1367694116789396 0.9894520190069719 256.4609417625853 -0.1442350800816158 0.9792556423297815 -0.14231875715849773 -65.62679112937568 -0.9883913251146136 -0.14950757503981443 -0.027019871278242343 193.5421921480066
-0.03660454568426231 0.13782178524591265 0.9897804113776365 257.49151256746984 -0.14477519152563972 0.9792639956020589 -0.14171157622511796 -65.79359893910204 -0.9887872628396686 -0.1484829364914435 -0.015892338308588244 193.52177785537978
-0.030500419464124132 0.13582732032023517 0.9902629264327438 258.5897932110092 -0.1464658632296293 0.9794222732392276 -0.1388515811624257 -65.97254454895167 -0.9887454047028046 -0.14927474581298011 -0.009978724445433866 193.51163178909445
-0.026779991539219217 0.13574428811723718 0.9903819062849992 259.72111063313645 -0.14728741187611422 0.9793883850058959 -0.1382201491041783 -66.15497927409993 -0.9887311314791276 -0.14957232216920788 -0.00623458779031609 193.50715694050822
-0.024522972937686214 0.1355053982591385 0.9904730742634728 260.88906027100825 -0.14791061388185986 0.9793748811200648 -0.1376491646620234 -66.339551203711 -0.9886966542369755 -0.14987704718766368 -0.0039744970647439875 193.50636041445756
-0.023738378473068946 0.13403017606050324 0.9906928894933408 262.09127690476333 -0.14792091688027714 0.979593566478563 -0.1360729468451007 -66.5251203206225 -0.9887142619264516 -0.14977435167277936 -0.0034280962983590057 193.50579052656528
-0.02324206237513328 0.13394775059054406 0.990715805187486 263.2803026601789 -0.14801098827426765 0.9796015570965648 -0.13591738918939872 -66.71047226594662 -0.9887125739498945 -0.1497958258621404 -0.002942221550796566 193.50522953839646
-0.021419693113911762 0.1372501741192932 0.9903047947228846 264.43704050145567 -0.1477354488524322 0.9792233201539972 -0.13890977798180687 -66.89057630835039 -0.9887949402678377 -0.1492785281639915 -0.0006979469290982143 193.50676472088028
-0.019388320152434878 0.13630249049496324 0.9904775232818471 265.59748957889747 -0.14862505082539473 0.9792639764468405 -0.13766865547637433 -67.07256554286086 -0.9887035386347194 -0.1498789362065053 0.0012716810883419143 193.5101812308031
-0.018876480384574776 0.13086828982071508 0.9912200407617358 266.75924201856304 -0.14909041686013927 0.9799440002437897 -0.1322187732005993 -67.2529613184034 -0.9886433765968199 -0.1502772341560835 0.0010133141845582077 193.5123230460048
-0.018292230283311395 0.12802404704881867 0.991602358654168 267.93015697722365 -0.14802005337148552 0.980492902143536 -0.12932027159749857 -67.43170249867006 -0.9888151789445618 -0.1491425902396411 0.0010147243198357625 193.51236934503896
-0.016045226043555228 0.13084502131270553 0.991272985165486 269.09157931970833 -0.14778229270802928 0.9802017904958938 -0.13177573323872696 -67.60445376691135 -0.9888897535535347 -0.14860696587415684 0.0036090179422163015 193.51588320761718
-0.01391384759871803 0.1309049226001118 0.9912972844127352 270.23423549190926 -0.1484979887368985 0.9801287230758648 -0.13151438530735887 -67.77507429675151 -0.9888148219894848 -0.14903552408984455 0.005801756041870182 193.52250066262926
-0.012254706741804205 0.12999237567871486 0.9914392590714174 271.38554051405714 -0.14843168166205745 0.9802922343961453 -0.1303655286553491 -67.9490641263053 -0.988846731319696 -0.14875858781266474 0.0072817930714427215 193.53126933728316
-0.010184622192486715 0.12994110832628206 0.9914694053967266 272.5474516163972 -0.14878613797552517 0.9802865304463698 -0.13000385906483108 -68.12409798224753 -0.9888169489936575 -0.14884094393800829 0.009349587719144846 193.54199764670415
-0.007723285708336377 0.1294195679780005 0.991559845033198 273.69485931294884 -0.14884013227662501 0.9803949304977781 -0.1291216297842292 -68.29667712920225 -0.9888311108989974 -0.1485811417328791 0.011690955461788213 193.55490164188262
-0.005842422543313954 0.12901250362208583 0.9916257560229017 274.82920264852737 -0.14903017790915732 0.9804559429576943 -0.12843733877383803 -68.46903701998596 -0.9888153883163386 -0.14853254804284965 0.013498518463440953 193.57067267074316
-0.004489585881207099 0.12894021732904976 0.9916422056234584 275.9640246337227 -0.14956781554971302 0.9804107588703547 -0.128156983590223 -68.64091524206235 -0.988741276659523 -0.14889313028610326 0.01488366834160121 193.58887960859343
-0.0029254977603205947 0.13019940676433697 0.9914835126925076 277.05610261177264 -0.14922530395275443 0.9803293499941597 -0.12917497513155918 -68.80566502157609 -0.9887988926586962 -0.14833232964611942 0.0165610947310899 193.60694319838942
-0.0013080524962763133 0.13050289824061775 0.9914470649255414 278.09298778298967 -0.14894254152825806 0.9803637122512788 -0.12924051618589916 -68.962098862714 -0.9888449870034088 -0.14783769902055752 0.018155066139690097 193.6246712758147
-0.0003052479729038381 0.12942916788336029 0.9915886230310939 279.1266182349091 -0.1488622648030959 0.9805344468038832 -0.1280321238935701 -69.11944712087046 -0.988857893198699 -0.1476492097236755 0.018967812910445712 193.64499249861709
0.0013593468982737913 0.13043101182556058 0.9914564555895411 280.19011396133976 -0.14978009145902219 0.9802996089625896 -0.12875791575792084 -69.27982237245422 -0.988718400950715 -0.14832541192242418 0.02086853611314542 193.67268085853033
0.0031491921018792215 0.1302501774345048 0.9914761590010074 281.32126089488924 -0.15083947287444135 0.9801985760468346 -0.12828953557762054 -69.45183686547381 -0.9885532540091443 -0.1491497327990914 0.022733701719980945 193.70397719667136
0.004114445705950222 0.13246936303093385 0.9911785607017116 282.47347696692856 -0.15249179150123746 0.9796776764025704 -0.13029928581234376 -69.62707982851599 -0.9882961726432402 -0.15061048508202157 0.024231321096502573 193.73662636313594
0.005063721467435982 0.134120272384896 0.9909521235964464 283.57577282149975 -0.15345603985726985 0.9793312405377416 -0.13176329207383736 -69.79247569513414 -0.9881425011384873 -0.15140037596456665 0.02554062649120398 193.7660400810443
0.005180551834833863 0.13212247199295754 0.9912198617245127 284.6607995100555 -0.1549234178658228 0.9793712118731526 -0.12973343420601957 -69.95603157845852 -0.9879128992373061 -0.152891078054233 0.02554254826668118 193.7970684716351
0.0041892448673654945 0.1336274146583039 0.991022786962633 285.79702798451257 -0.15592432693014915 0.9789972541903089 -0.13134679500931473 -70.1277473428167 -0.9877601199171904 -0.15397431714274998 0.024937023912291474 193.83012887501567
0.0029249199812946573 0.13663950312420878 0.9906165206723931 286.9691728905908 -0.1567939075114336 0.9784306694598361 -0.13449570858460994 -70.30276844681546 -0.9876270122927989 -0.15492924593616636 0.02428607303067784 193.86332204872429
0.000489528366057487 0.13562043436791577 0.9907607471755439 288.1222413804204 -0.15716690739155775 0.9784581753912219 -0.13385873983815078 -70.47878016274939 -0.9875719333714145 -0.1556492749483323 0.02179402728055774 193.89454574106855
-0.0018947273425643626 0.13678602754946123 0.9905988051050438 289.2243445362876 -0.15585433752171965 0.9784550557931161 -0.13540727184519835 -70.64921991615263 -0.9877782319346607 -0.15464568037979934 0.019464790158265254 193.9199560251641
-0.003414949467603334 0.13411687249006762 0.990959637237371 290.2923518063462 -0.15376909771317718 0.9791091081481235 -0.13304292138202956 -70.814578891119 -0.9881009071489664 -0.15283330414170837 0.017279422343312773 193.94117525545752
-0.005370296411208521 0.1283350137600244 0.9917163325062643 291.3528882730468 -0.15368052903312812 0.9798431948534195 -0.1276307505875633 -70.97778382927237 -0.9881059937641079 -0.15309290559219502 0.014460544415243779 193.96203262587434
-0.006052124388682411 0.1292419720029705 0.991594616999897 292.3813490106467 -0.15371414954737214 0.979707142440437 -0.12863077112466068 -71.13425337703708 -0.9880968232006989 -0.15320061267494847 0.013937010321729637 193.98355981100894
-0.004947692862418879 0.13567257864719715 0.9907413747989757 293.4208969360328 -0.15271642686748096 0.9790292110370303 -0.13483136467841214 -71.28671378326946 -0.988257665439621 -0.15196958688972345 0.015875495595347594 194.00404887872165
-0.004409757828773871 0.13407837273302964 0.9909609195125504 294.50240315969046 -0.15186779130066005 0.9793860865010728 -0.13318809080986171 -71.44715761915195 -0.9883909793201029 -0.151082373337789 0.016043330865809405 194.02628732140374
-0.00421515161513115 0.1298351131658254 0.9915266390198924 295.61270178987917 -0.1533434636417845 0.9797243777302261 -0.128941559783748 -71.61355258141855 -0.9881639614230036 -0.1525876373443862 0.015779679161995665 194.0531308423224
-0.004318981629159363 0.12863924727133172 0.9916820510925654 296.70528254006297 -0.15439003025940945 0.979714898511748 -0.12775929003645042 -71.77405638660387 -0.9880005389442794 -0.1536576119025148 0.01562924663028046 194.07801555429316
-0.004131372440050632 0.12992199842892296 0.9915156106113517 297.7437239462918 -0.1544939815581349 0.9795364348375336 -0.12899605609510958 -71.9248165566458 -0.9879850917013259 -0.15371612521141814 0.01602533699835868 194.0993742146006
-0.0037993634037969733 0.13031117066350176 0.9914658660982933 298.73962549296783 -0.15452970360734078 0.9794869083522819 -0.12932891041650244 -72.06975407757724 -0.9879808376384405 -0.1537022939542526 0.016415519865262483 194.1202545093927
-0.0029921868900905264 0.12924732228942404 0.9916078743629629 299.7187226766756 -0.15437208513257042 0.979665833163219 -0.12815660211023913 -72.21261013994098 -0.9880082520654564 -0.15346004370399785 0.01702083537695699 194.1422516616453
-0.002284846421812364 0.12939553846060994 0.9915904265891854 300.6890673418505 -0.15502524293342076 0.9795592639581139 -0.12818276969731798 -72.35529951669879 -0.9879078669239676 -0.15401442471512225 0.017821432305146847 194.1663256567404
-0.0013188720942754128 0.13041974024238454 0.9914579930241689 301.6279357929228 -0.15537712633850395 0.9793910650533235 -0.12903910378063344 -72.49427302712998 -0.9878543461397478 -0.15422007991448103 0.018972552911592194 194.1892159347888
-0.0006198295223279611 0.13168256598280173 0.9912917419345091 302.5855212324878 -0.1558763047629927 0.9791622301141911 -0.13016875481943493 -72.63567019380707 -0.9877763883717807 -0.1545995761119418 0.01991927812973268 194.2142104399985
0.00014694472624809948 0.13270174284463007 0.9911560048010859 303.5462658818853 -0.1553049564381431 0.97913292673487 -0.13106899820078713 -72.77989265445493 -0.9878665643258684 -0.153912180250975 0.020753116811628336 194.24129584035813
0.00041135024198671354 0.1324609131457281 0.9911881442388137 304.517028540965 -0.15599184416767195 0.979062939573653 -0.13077578103980073 -72.92748104079996 -0.987758257542881 -0.15456347188776687 0.021065559898847633 194.27102825960924
0.00020707139871602395 0.13239096626106417 0.9911975530508047 305.52657518799424 -0.15735815539339615 0.9788531513845465 -0.1307092917727486 -73.07964816885537 -0.9875415778855213 -0.1559459524226486 0.021035490732783026 194.30050450971765
-0.0003867652397031432 0.13288732834694744 0.9911310752758512 306.49128662991023 -0.15750961841210223 0.9787512110555011 -0.13128894456528895 -73.22538084422118 -0.9875173773257486 -0.15616345546318972 0.020552485432975644 194.32582772844535
-0.0024459238927417508 0.1329204554217738 0.9911236905587436 307.4230010024721 -0.1574083827602062 0.978719618638695 -0.13164539159631633 -73.36629622274863 -0.9875305658525861 -0.15633317185485232 0.01852892022416586 194.34788732843543
-0.005979985134553142 0.13196530979213184 0.9912362971508166 308.35396184392886 -0.15812817090374268 0.9786574124133814 -0.13124462158498168 -73.50726481459563 -0.9874004868058497 -0.1575272234879243 0.015015076282121162 194.36874764892667
-0.010015700372591132 0.13257812631773067 0.9911219532268121 309.2881445771455 -0.15697468768721487 0.9786740409189165 -0.13249931719425523 -73.64968719971637 -0.9875518382199232 -0.15690813252831043 0.011009304016602904 194.3842225340955
-0.01455235151130085 0.1335812283024352 0.9909310190475968 310.19660199294464 -0.15561804029531826 0.9786573244180645 -0.13421202217954786 -73.78974704505806 -0.9877101065596817 -0.15615984377582767 0.006545883574623492 194.39497795881366
-0.019379542090744526 0.1336984701131979 0.9908325551967638 311.03795957918294 -0.1550636722188803 0.9786253268715529 -0.13508414845401126 -73.91896974126436 -0.9877143771892511 -0.15626000350358216 0.001766465032620704 194.3996335833192
-0.022801469760917407 0.13334075918603744 0.9908079202935541 311.8710632130935 -0.15344722950091533 0.9788553197265619 -0.1352634865789997 -74.04890561272367 -0.9878937395971475 -0.15512093663559562 -0.0018585698964142608 194.40069895895707
-0.0247294927189992 0.13425213676585826 0.9906385899830811 312.7869440216002 -0.15280184405876335 0.9787900877910701 -0.13646083868346343 -74.19288581703725 -0.9879473916368744 -0.15474601066183785 -0.0036910082828075 194.40228807832437
-0.02612089912814028 0.1342437676608672 0.9906040124454157 313.7013303850074 -0.15249225196385274 0.9788096824072877 -0.13666645058953128 -74.33587490176117 -0.9879594180530554 -0.15462928723227864 -0.005096254537092 194.4026271181097
-0.02666356184184154 0.13431533375291982 0.990579853211619 314.59417122038343 -0.15226812729050962 0.978823146047428 -0.13681983106721068 -74.4784807299941 -0.9879794896056037 -0.1544818432070907 -0.005646967149906696 194.40290068880418
-0.02564102727441661 0.13531521953499037 0.9904707613466006 315.49949608677537 -0.15308344900596926 0.978579044867293 -0.13765358908163958 -74.62451628307656 -0.9878805572338951 -0.15515425971856822 -0.0043772514702006705 194.40512159709877
-0.02148291739765171 0.13593582571680324 0.9904846972804685 316.35834975389645 -0.15360383995201934 0.9785018220350683 -0.13762283468250985 -74.76358255409717 -0.9878989546568423 -0.15509879290550713 -0.0001408089990837277 194.41114891343344
-0.015568822431621762 0.13525672718990459 0.9906882605128481 317.18562619833835 -0.1549322701382762 0.9785151784682518 -0.13602954523576408 -74.89612881733116 -0.987802411131849 -0.1556074010358241 0.005721302734784411 194.4219296854456
-0.008539462470671187 0.13478138398260306 0.9908385620838799 318.05726604199066 -0.1572838113204425 0.9783597671140694 -0.1344394614278957 -75.03693374217586 -0.9875165215211487 -0.15699090618325895 0.012844263253740506 194.44065242835447
0.0004383776232588649 0.13816189591765363 0.99040956090978 318.9917298658632 -0.15781933533839151 0.9780074017182948 -0.13636194328910703 -75.18428496673391 -0.9874679059181669 -0.1562460005909663 0.022233355143108785 194.46634891139954
0.012871862240782435 0.13722620161758317 0.990456099356286 319.93933573326007 -0.15990197501358408 0.9780731707223466 -0.13343249641633073 -75.33249182174498 -0.9870489722142521 -0.15665836173900474 0.03453236377720494 194.50559629102102
0.029335468675558973 0.13757968519315142 0.9900561905769505 320.85475599515405 -0.16234838374314148 0.9779866400503082 -0.13109208282387685 -75.47531090218423 -0.9862973347695801 -0.15688837466576458 0.05102553597130706 194.56150592069534
0.04571939064607251 0.13783786245455457 0.9893990403234254 321.7384740118613 -0.165091137937508 0.9778581792100788 -0.12860131230454638 -75.60649331968125 -0.9852180740797707 -0.15746143980642216 0.06746288965525658 194.63020029359674
0.06088984734132689 0.13623884143193382 0.9888030160633807 322.5792024636875 -0.16809257310887737 0.9778923146082118 -0.12438451630260987 -75.73014301184634 -0.9838888724629365 -0.15863668905862022 0.08244445116641455 194.71043275130336
0.07670403172892161 0.1359540885807822 0.9877413514249069 323.4487418068595 -0.17100117833959846 0.9777751099818054 -0.12130305563562989 -75.85655199711587 -0.9822805548940686 -0.15960050156011465 0.09824760240719173 194.80900254826636
0.09388957989382016 0.13670435997533473 0.9861524551260319 324.41245977615716 -0.1736033089793386 0.9776007163059888 -0.11899046427947706 -75.99417129355984 -0.9803298617806092 -0.16002736466540576 0.11551884980148526 194.9334264493817
0.11245584201896232 0.13727170820986884 0.9841291387419412 325.37335540958225 -0.17658409310685214 0.9774077140602458 -0.11615600956110196 -76.12706047161396 -0.9778403456891309 -0.1607191296040154 0.1341552075839397 195.077548391532
0.13148018226461275 0.13624921981062402 0.9819109490033526 326.28916545573196 -0.17976673348543037 0.9773643914735952 -0.11154715510236266 -76.2497923114334 -0.974883010008711 -0.16184868359195262 0.15299712551518235 195.2341423620679
0.1513418518759061 0.13480185695958746 0.9792467019250166 327.21331460198724 -0.18166593487481508 0.9775766820056788 -0.10649562857146248 -76.37143138748398 -0.9716445502223706 -0.16177852193359232 0.17243717077286516 195.40700054450872
0.1722291726654596 0.13507983388795752 0.9757512749465292 328.14930828459023 -0.1844391429018854 0.9774571235021228 -0.10276076235887557 -76.49133272350323 -0.9676359411723975 -0.1622683277530173 0.19326064048235184 195.60301363027875
0.19199012202589724 0.13254081209427734 0.9724056386991361 329.06691956130703 -0.18829373944730993 0.9774050659595583 -0.09604584697707272 -76.60661545874059 -0.963164191988797 -0.1646580400890998 0.2126087230209178 195.81488428722733
0.21153675158527735 0.1345141511625853 0.968069287740171 329.9442428104823 -0.19062318408620235 0.9771407664765448 -0.09412079567487426 -76.71322727839137 -0.958600544761784 -0.16462644267140744 0.2323426993812584 196.03476386109065
0.22919260919604656 0.13389671846756493 0.9641278010064485 330.8244054337489 -0.19424880936464975 0.9768619316529492 -0.08948835984466219 -76.81563826043826 -0.9538019437757123 -0.16677060673538632 0.24989881307998493 196.27326820798444
0.24193614960296758 0.1339292017522133 0.9610046141581785 331.75039912979315 -0.19693180981383865 0.9765918236478147 -0.08652324697839671 -76.92022685223654 -0.9500972380755242 -0.1683192766805185 0.2626477856350759 196.53536673658326
0.24945037302596754 0.13369402222996737 0.959114393499119 332.74966291376666 -0.1982136737360281 0.9765039512231858 -0.08456578971177676 -77.03172635649778 -0.9478849354965379 -0.16901461967972317 0.27008925819670015 196.8224303967835
0.2538927265071721 0.13418471591034847 0.9578794002601879 333.77015112122825 -0.19868391643809435 0.9764466195122624 -0.084123127568455 -77.14487065829539 -0.9466061402587548 -0.16895698049840005 0.27457303939987787 197.11985365537467
0.25726643414470163 0.13558700467977683 0.9567811379957487 334.71353774199275 -0.19914458528764195 0.9762938068628126 -0.08480469817134874 -77.24508061428372 -0.945597914556227 -0.16872038063993958 0.27816904418649674 197.39975095119775
0.26018330017664026 0.13473238134870316 0.9561128781296191 335.65483284495565 -0.19943760566663887 0.9763623663620352 -0.08331369033891435 -77.3415204614572 -0.9447376840981592 -0.1690080322589354 0.28090388619029527 197.68070976835256
0.26228022066452805 0.1336303410121611 0.955694521177737 336.6128133628322 -0.20056118591057223 0.9762879625951985 -0.08146793723830603 -77.43966170618792 -0.9439196451787165 -0.17030779797969525 0.28286208192862156 197.97027877594238
0.26223199183660156 0.13323793481639404 0.9557625412116101 337.5354412048526 -0.20096135894599162 0.976248248600098 -0.08095609498873496 -77.53407073404698 -0.9438479298425099 -0.17084206107134906 0.28277919920125466 198.24715677783595
0.2587256267545244 0.13189012022936286 0.9569044081026936 338.46471732032484 -0.20232337746192136 0.9760599193651096 -0.07982659169336985 -77.63068975509081 -0.9445243781887697 -0.17295094678799175 0.27921616896636925 198.52358465731731
0.2532462334557293 0.1307041728911181 0.9585315667359832 339.4224906021975 -0.20294217927743108 0.9759611132623256 -0.07946305600650154 -77.7297595983362 -0.9458756879794594 -0.17440276542708125 0.27368386562011915 198.8019923441529
0.24668238248938648 0.12998748628725895 0.9603390315810784 340.3634978194028 -0.2030432051962248 0.975901296647748 -0.07993820128631393 -77.82646365380408 -0.9475870719849475 -0.1752709691020353 0.26713073278271054 199.0664325844412
0.2395306151039314 0.12860961104662108 0.9623329217970114 341.3176040933257 -0.20264989706765446 0.9759785992841804 -0.07999245563027632 -77.92592711761635 -0.9495041356657714 -0.17585602544618414 0.25983947865531914 199.32747062564
0.23226387083240374 0.1270040391215218 0.964325395472281 342.28042832941037 -0.2012102428644733 0.9762664563057697 -0.08011394671714657 -78.027642386138 -0.9516133313864252 -0.17542457165117017 0.2523059396618195 199.58269966496118
0.22771791539937725 0.1265713573533584 0.9654658163311087 343.27250543020807 -0.19878733552678016 0.9766767872908727 -0.08115447246668542 -78.13151020294514 -0.9532198834688289 -0.1734420498751977 0.2475675849031178 199.83896409335114
0.22608228253153753 0.12558087203915072 0.9659794232297189 344.3201067250043 -0.1984138397489693 0.9768027461793469 -0.0805502529639731 -78.23983105898066 -0.9536869243737185 -0.17345270143291414 0.24575477745960997 200.1093847517171
0.22476655937506565 0.12514745499707963 0.9663426453874696 345.3724258543533 -0.19863697989031562 0.9767782506517232 -0.08029694436164565 -78.3497832278603 -0.9539514369226304 -0.17390331670648573 0.24440599917295963 200.3799870641117
0.22365440214211577 0.12475239668099815 0.9666517200754383 346.42806777980877 -0.19783559604616283 0.9769400581940456 -0.08030690899840315 -78.45988019862963 -0.9543792670314638 -0.17327712549025243 0.2431774093996429 200.6457525674093
0.2227424195213395 0.12535842503140524 0.9667838847536864 347.48497726420425 -0.1975777751803296 0.9769223952594643 -0.08115205724629361 -78.568854656014 -0.9546459224762722 -0.17293900344965454 0.24237009672248788 200.90900629398064
0.22116119341515617 0.12434159847523872 0.9672780848421051 348.521873182357 -0.19639807402716775 0.9771967216454175 -0.08071160835884361 -78.67437804739343 -0.9552567838260062 -0.17212127728457696 0.24053844362247223 201.16592119994942
0.21825963992771585 0.12269309729793301 0.968147268474207 349.50746106861305 -0.19488249303753685 0.9775625356319736 -0.07995187825351227 -78.7765654259219 -0.9562340422125224 -0.17122468514857747 0.237273183713775 201.40887707044402
0.21531447046730184 0.12210721250379411 0.9688805434427625 350.4597039165325 -0.19425367616651315 0.9776798868114058 -0.08004716247460557 -78.87668982665943 -0.9570293559255028 -0.1709732949293346 0.23422840203063436 201.6434525997448
0.21402432529486223 0.12167511482446276 0.9692206944832209 351.39483106769495 -0.19464400951688376 0.9776266277615053 -0.07974889498207528 -78.97599896359637 -0.9572394150583604 -0.17158479863940193 0.23291921160480558 201.87543036333315
0.21533818366016855 0.12032318626876062 0.9690984457236927 352.31855481796276 -0.19392538289614833 0.9778846861291136 -0.07832296280626222 -79.07435754406322 -0.957090597867581 -0.17106686260144457 0.23390963210858862 202.10499353383207
0.21923437788788835 0.11913145913540751 0.9683718206331614 353.20506094717416 -0.19418093126540562 0.9779897580128376 -0.07635312144827629 -79.17116787547101 -0.9561537812951495 -0.17130011286121105 0.2375420338565882 202.3313910479822
0.2243472815701493 0.12084873049023015 0.9669870121108082 354.0501128677409 -0.19438994924328784 0.9778887331189092 -0.07711143412160423 -79.26348736089577 -0.9549245231353515 -0.17067281557997968 0.2428784575394134 202.55176418393208
0.2294715609135353 0.11952920106015633 0.9659480176623537 354.8798061941483 -0.19640423480825542 0.977701932921039 -0.0743256813749578 -79.35366457924943 -0.9532933332827267 -0.1726606511524508 0.24783082992703076 202.77702447960334
0.2346866126326312 0.1199066809832505 0.9646473872387811 355.6582274564425 -0.19870490714545144 0.9773263831119211 -0.07314028130716735 -79.43845264705297 -0.9515453503261635 -0.17451512464240612 0.2531914641999312 202.99563731721483
0.2407468526974498 0.12001282737332662 0.9631395922617536 356.39079459266964 -0.1996129899935861 0.9772352843388142 -0.07187387055850779 -79.51569313645344 -0.9498397797218725 -0.174951765664426 0.259222438359038 203.20447975944236
0.24661346028738543 0.11936712906955785 0.9617345214261461 357.117424745167 -0.20078177354478238 0.9771465702957366 -0.0697944093140316 -79.59159055900622 -0.9480867474114889 -0.1758865221015353 0.2649442407861145 203.4172817768359
0.2542820564820961 0.11848366878031337 0.9598449124642989 357.8542542591407 -0.20160262059115616 0.9771585783656036 -0.06721232102296881 -79.66559220666178 -0.9458842524971102 -0.17641636250323484 0.27236051093929015 203.63778458387787
0.2663925253021118 0.11914245678763406 0.9564727374336266 358.5672366429429 -0.20287594947432208 0.9770314269514081 -0.06519923215952458 -79.73597306187838 -0.9422719201950456 -0.17667672665041517 0.2844450081686033 203.8604697722908
0.2811439698519431 0.12025353527446025 0.9521014417959299 359.242212020674 -0.20419494381396347 0.9768951990854066 -0.06308878604554294 -79.80307248116253 -0.9376899770908849 -0.1766772686507284 0.29920335827897154 204.08409482790918
0.2963997516643422 0.12144858912242326 0.9473106287873548 359.90594355550763 -0.20582029951329234 0.9766980994182063 -0.06081798172519654 -79.86838856875261 -0.9326227487690708 -0.1769493226690626 0.31448965910723237 204.31892043344462
0.31312693015782034 0.12265884298584533 0.9417570460831804 360.5463791624293 -0.20756162191088767 0.9764908663070383 -0.05817010511126533 -79.92902813359804 -0.9267522315698321 -0.17725799349058202 0.3312248556857254 204.56100667523623
0.33407253202074805 0.12305454913598864 0.9344801342383845 361.16279934361745 -0.20998209298328727 0.9762411390864707 -0.053486063432566365 -79.98470199382939 -0.918859654123309 -0.17835586979993817 0.3519746009761231 204.81371845958392
0.3595177800673342 0.12296704722718604 0.9250005789791091 361.75049439833 -0.21292606613108409 0.9759381479037713 -0.046981079469313416 -80.03484604533314 -0.9085204764766723 -0.18006620105502105 0.3770500060472263 205.0745401036947
0.386658241819681 0.1229263460782627 0.9139937185083739 362.26067453794377 -0.21638331286052756 0.9755026303116887 -0.0396595533318747 -80.07620254280326 -0.8964784804714606 -0.18243829558189661 0.4037853419290428 205.31928490534023
0.4111657474719964 0.12272793546281038 0.9032610818378234 362.7040345549067 -0.22012064918518368 0.9749388162302606 -0.03226769917170279 -80.11020906431737 -0.8845844379753076 -0.185559043068717 0.4278763999420063 205.55356642541363
0.4342288146112518 0.12595616005392712 0.891953127863668 363.1363254444399 -0.2227656352198704 0.9744359669687968 -0.029155068901954247 -80.1420982640094 -0.8728234691656717 -0.186036534105694 0.45118687885569486 205.78961458843753
0.45829226162320696 0.12610780857176995 0.8798096518869954 363.5219573907036 -0.22427063579450812 0.9742596031771497 -0.022823398901871447 -80.17681818756108 -0.8600412111385225 -0.18685568290617274 0.4747779153552236 206.01860065398984
0.48310557570324664 0.12419467969657845 0.8667091116744436 363.8922048152301 -0.2267336473462166 0.9738677807776234 -0.013168094940129563 -80.20874747039154 -0.845695486499437 -0.19015053799117834 0.49864006760001384 206.25764501835104
0.5069419699457601 0.12340457737809765 0.8531009022323499 364.270212873908 -0.22871391974115474 0.9734813046412019 -0.004908404089331709 -80.23119560351472 -0.8310834988279772 -0.1926277752459394 0.5217228748863213 206.51093282782125
0.530391185898834 0.12371297805994519 0.838677702684632 364.59777245346004 -0.23031801010619798 0.9731131231718718 0.002112754460511891 -80.25547004785096 -0.8158669034478316 -0.19428316594658465 0.544623950343922 206.74594223639807
0.556893216456553 0.12514278705486212 0.8211024469046602 364.9201973467215 -0.23211151101453117 0.9726458166534298 0.009184868052263007 -80.28599038193127 -0.7974924400389197 -0.195702320361122 0.5707069387050093 206.99838711144466
0.5840647245047476 0.1264038251758708 0.801804508948475 365.26512463565314 -0.23262005903650382 0.9724336577907 0.016145876552755567 -80.31254233441979 -0.7776607909127546 -0.19594604914800076 0.5973682617115165 207.2841082583368
0.6122526791281738 0.1279310211320656 0.7802437508448781 365.67451557265304 -0.23307591477208864 0.9721747322967759 0.023492718804979863 -80.32273302425473 -0.755527812097961 -0.19623950600172804 0.625034224207496 207.64368805857643
0.63922203001991 0.13055994366355309 0.7578583623922077 366.12472142858934 -0.23307306020955873 0.9720227644527133 0.02913235298186614 -80.32138195975196 -0.73285206211198 -0.1952584095404804 0.6517683703294763 208.06130234584157
0.6642839053336065 0.13234304679076514 0.7356712656349118 366.56599772479086 -0.2335011609347561 0.9716883250821391 0.036041736101247675 -80.31436617053158 -0.7100733067485765 -0.19572203980443204 0.676379170419917 208.50306260938558
0.6873574378063092 0.13489859350866318 0.7136820876004483 367.00816384284155 -0.23437242264915184 0.9712328159395598 0.042147179546017696 -80.30266462804386 -0.6874658683846916 -0.19623757721573326 0.6992006100502072 208.97228598239508
0.7067126930536923 0.13549172805188564 0.6944056171333259 367.4573030800452 -0.2351644271192449 0.970671990851834 0.049935742644104886 -80.2869369314491 -0.6672742027790973 -0.1985897223051946 0.7178490513334028 209.4722964209898
0.7238255261478206 0.13540641881475823 0.6765661160896228 367.90359934305263 -0.23500767165253558 0.9703073322424511 0.05722827326588894 -80.26897852005006 -0.6487279876506716 -0.20042151266843344 0.7341547624979406 209.98734456268437
0.7405398689945866 0.13550831598205326 0.658208324718848 368.3144905592457 -0.2345447969988967 0.9699838525338226 0.064187724873167 -80.24729044763451 -0.6297534760763391 -0.20191290727280048 0.7500944855459303 210.48523050454855
0.7579098097275885 0.13661561492853208 0.6378941088271576 368.7137696106678 -0.23391233339173484 0.9697171255379815 0.07024042088136906 -80.22313709490079 -0.6089809033179365 -0.2024472034779846 0.7669141993717512 210.99826890213953
0.7761290310339234 0.13575185479185933 0.6157882437225618 369.0852563429208 -0.23188171259286128 0.9695700687910443 0.07851594149938308 -80.19690646597587 -0.5863911651375304 -0.20372853414556902 0.7839898505870775 211.50838953278458
0.7941561248966701 0.13369500991861893 0.5928251796372762 369.41862605396796 -0.2291811793892175 0.9693611747710752 0.0884019222653656 -80.16568644407569 -0.5628428166929711 -0.20606930186057384 0.8004644942330791 211.99636143485245
0.8118499486631724 0.1347137227409978 0.5681125537786239 369.75664373114137 -0.22752795252325797 0.9690922262358839 0.09534824523690016 -80.12120779046283 -0.537708742421196 -0.2066699541647093 0.8174086116315229 212.53135916515313
0.8285593791844734 0.1381991718602753 0.5425775005126714 370.1100361581624 -0.22488672908314764 0.9695991062244573 0.09645481994706062 -80.0633570140865 -0.5127526833159711 -0.20193702509909 0.83444959323281 213.11699888311665
0.841361507496598 0.13943442085115457 0.5221770350991691 370.4231427516953 -0.22320227943677884 0.969552433339286 0.10074135923293356 -80.00917439252179 -0.4922312019338917 -0.2013110063751495 0.8468661774772576 213.66333520308928
0.8506703521596246 0.13940270380947853 0.5068795104630198 370.7049385207002 -0.22287332777661464 0.9688942561896474 0.1075704424481509 -79.96020917459062 -0.47611703574058684 -0.20447690943800853 0.8552787626173575 214.1783774029583
0.8568709755601677 0.14216133933817543 0.49554241477410005 371.0017369844617 -0.22463735013031108 0.968134676265825 0.1106946680653671 -79.90460605141209 -0.464015293033542 -0.20616838314650818 0.8615012510854245 214.735249635028
0.8599469724782773 0.14552190448299798 0.4891978943547176 371.3092088513491 -0.2271890438611082 0.9674367471575216 0.11158529741302106 -79.8458869027267 -0.45702991463899323 -0.20709784056073013 0.8650052841226796 215.31158112064733
0.8607368300479962 0.1472275706696178 0.4872947278943751 371.6114053649204 -0.22972080979780118 0.9665886085169019 0.11373131244826551 -79.78904523072762 -0.45426914813222197 -0.2098344688560121 0.8657996516141256 215.87137546028697
0.8600467632208751 0.1496005416386201 0.48779016289254 371.9231992744458 -0.23171654622615545 0.9662913237977282 0.11219857288869131 -79.73247434981815 -0.45456243496171456 -0.20952507127947234 0.8657206461827104 216.43828143419563
0.8589570023652788 0.1515130951543054 0.48911823732551624 372.2573563132879 -0.23316555705790168 0.9661750380125702 0.11017993884228529 -79.67195678169043 -0.4558801279827164 -0.20868535626194087 0.8652304496446536 217.05042925075858
0.8575774444823085 0.15093358808997331 0.49171127575182016 372.6206210714487 -0.23403273972007102 0.9657891024495354 0.11171430673302908 -79.60745204406051 -0.45802795051646755 -0.21088020669567245 0.8635623515240085 217.7115816819298
0.855234984184343 0.1523155443734901 0.4953514881065941 373.02506463798693 -0.236085139166321 0.9653999421422342 0.11075540066557783 -79.5366509178869 -0.46134252881349513 -0.2116670183424443 0.861603240740185 218.43382305831952
0.8522245230738 0.15555696644558156 0.49951515738952834 373.4862301755458 -0.23846216764845804 0.9653249968915282 0.10622356130714453 -79.45419695744272 -0.465670652792333 -0.20964179107854825 0.8597680864985285 219.24844216409366
0.8494310534673284 0.15734373160241447 0.5036961738298347 373.985590525181 -0.23992216812626443 0.965305826341609 0.10306315962815805 -79.36712768119988 -0.4700045091772865 -0.2083929263587743 0.8577109942146277 220.1260132611024
0.8463809957456885 0.15511977946092032 0.5094870597576893 374.48704183993846 -0.23935670065152778 0.9653771412813222 0.10370797917576026 -79.2856015603016 -0.47576000241062355 -0.20972560432980022 0.8542058247253668 220.98864455332213
0.8424548049700205 0.15418238808101825 0.5162341453144706 374.9920983688988 -0.23840368613012528 0.9659458439307965 0.100559977289143 -79.20855066064209 -0.4831496497178677 -0.20778935920411806 0.8505233672151777 221.8368827123168
0.8381324891189345 0.15282958408256955 0.5236191831020431 375.5000795263524 -0.23717195848785938 0.9665607297975302 0.09751829428523646 -79.13320043674781 -0.49120605939904405 -0.20592103788204147 0.8463528421215624 222.67556824754956
0.8340508991210316 0.15050993105992483 0.5307596992309593 376.01295062882446 -0.2354129010613294 0.9671754543191038 0.09566821089853773 -79.06163344170365 -0.49893873741100964 -0.20473983787962352 0.8421055367919947 223.50496693780195
0.8286387425004207 0.15230134939101317 0.5386669967623793 376.54801810824006 -0.2361109691290072 0.9675826226165221 0.08964083147481992 -78.98968115952248 -0.507552405850162 -0.20146505251336294 0.8377364668745779 224.3551526611015
0.8236582657564456 0.15353960064639743 0.5459053510311401 377.0372466539297 -0.23706803620533934 0.9677226465197182 0.08550804419830718 -78.93049144796211 -0.5151561000908691 -0.1998461169155409 0.8334720883706587 225.11662964794002
0.819248605573645 0.15334496557417548 0.5525550142734172 377.4816795711026 -0.23762865763251667 0.9677384760690818 0.0837547790114839 -78.88147863366379 -0.5218853737530988 -0.1999188922251941 0.8292575554036515 225.79436542071602
0.8144888975587204 0.15141516585690287 0.5600725696747787 377.92576800910547 -0.2362147836887774 0.9682559507762086 0.08174955506501094 -78.8337270713742 -0.5299154760152316 -0.19888152587656113 0.8244002225524699 226.46002095527197
0.8096599990748141 0.15077664512077843 0.5672011011839608 378.3962943154374 -0.23694641713621553 0.9681507524539729 0.0808734562703949 -78.78572047370413 -0.5369423444882025 -0.19987627125031937 0.8195989231853479 227.1567608950463
0.8075311317465114 0.15461584367610479 0.569198921418978 378.94560243752187 -0.23608176918043106 0.969084894004167 0.07169286208244759 -78.72544743073887 -0.540517224074165 -0.1922717064397698 0.8190682031320093 227.9599762764465
0.8068096102500649 0.1552505040188488 0.5700487117870144 379.5239920075121 -0.23727526165562127 0.9687718733175544 0.0719826901071044 -78.66554641757934 -0.541071809480405 -0.19333478339577667 0.8184515614957976 228.80536542832212
0.8053820266040126 0.15495212305198325 0.5721447638359538 380.06609227392175 -0.2385222037689703 0.968351548463616 0.07350127139930072 -78.61592562044183 -0.542648089955555 -0.19566583286256806 0.8168524544357972 229.5902829595288
0.8040654207691027 0.15553089373958537 0.573837032802846 380.594790336735 -0.23797988423455382 0.96867798332384 0.07091219446166852 -78.56696135435529 -0.5448342627103395 -0.19357971411340202 0.8158936943380891 230.34537580474282
0.8033822994470488 0.15709392831961852 0.5743678077854695 381.1246650108121 -0.23718904846443398 0.969171963801613 0.06668627946934934 -78.5210414586908 -0.5461851666090118 -0.18980833033889172 0.8158765602162186 231.09874322105804
0.8027649633174697 0.15818188364415497 0.5749320876039984 381.6409619064085 -0.23877240714411022 0.968771591808191 0.06685312626971145 -78.47989309201961 -0.5464029202488893 -0.19094526595915712 0.81546536048521 231.83821989544657
0.8017922436240573 0.16036634956487045 0.5756837951441236 382.1726521265587 -0.24224487734524983 0.9678446005314469 0.06778088684955 -78.43771322693681 -0.5463026793493608 -0.19380263968626407 0.8148582204201823 232.61075736865396
0.8005826487368917 0.16386525181042258 0.5763814724559879 382.7167808823678 -0.24509816994176095 0.9672874002444403 0.06543678185511922 -78.39268757861218 -0.5468037213046634 -0.19365759622968853 0.8145565823132928 233.39647321189716
0.7990996982802324 0.16616598398275959 0.5777789698279836 383.2534504446932 -0.24700619841931767 0.9669284521584794 0.0635398012968743 -78.3460542832593 -0.5481127713809302 -0.1934896229089569 0.8137162623885963 234.16071727050442
0.7977971446769939 0.1665702278578494 0.5794601583686517 383.7995025805437 -0.24876002707542658 0.9664023232753999 0.06469156434454844 -78.30054241878521 -0.5492159546796455 -0.1957572700036844 0.8124290285102025 234.93257276046043
0.7978022381218927 0.16803509852580073 0.5790300462939089 384.3312884277056 -0.24960450985153296 0.9662635471357628 0.0635007569906989 -78.25785611147157 -0.5488252704727439 -0.19518955694411447 0.8128295389258937 235.69007901717538
0.7984856391568033 0.17051058074076147 0.5773619539905646 384.8673312345781 -0.25058550860052725 0.9661565061200624 0.06122506481247052 -78.21573258295054 -0.5473824868771127 -0.19356587389652094 0.8141895759114736 236.46140442914475
0.799033651840251 0.17170751871968562 0.5762479945665447 385.4224610370505 -0.2523883930207249 0.9656226187027448 0.06223389203699324 -78.17340595299522 -0.5457520703536127 -0.19516527935261518 0.8149019520408345 237.26288755417846
0.7990409613604468 0.17448059280205247 0.5754042620659153 385.9817812211688 -0.2544746241264716 0.9651720885310628 0.06070836183162813 -78.13092870204 -0.5447717024074122 -0.19493425111055449 0.8156129167687933 238.07170799688956
0.7974547859415989 0.17464078227701388 0.5775521288546298 386.5349390903164 -0.2570082788422106 0.9643360470497437 0.06326715551565334 -78.08729255612562 -0.5459053113731444 -0.1988883745374511 0.8138985228444897 238.87013057049126
0.793235191905196 0.17597367932811034 0.5829332676274858 387.06571591783677 -0.26076137713618186 0.9632765869082299 0.06404468212487349 -78.05079145376901 -0.5502557900805547 -0.2028089773608678 0.8099920272352469 239.62807594965622
0.7880221886151227 0.180749644310678 0.5885155871612907 387.5743122402554 -0.262488517957197 0.963331595509698 0.055605890275910355 -78.01591317240556 -0.5568849146734652 -0.19829725962379094 0.8065713785120469 240.33316640740807
0.7809516098085113 0.17907913638257517 0.5983688210877711 388.0661206163254 -0.262403731647796 0.9634384506236962 0.05413532559360542 -77.9866508929708 -0.5667970225352392 -0.1992912812249565 0.799389842613042 240.9895147110669
0.7743866922948188 0.17866323894829197 0.6069635061889622 388.5585343594747 -0.2624478704523274 0.9635866973368886 0.05120343748644521 -77.9612334670388 -0.5757137883460273 -0.19894754023082292 0.7930785018800927 241.63340639352657
0.7706133398301909 0.18083524043529878 0.6111085797896065 389.0856618639723 -0.26200816290525997 0.9640098032158043 0.045131163012266336 -77.92975373336483 -0.580953357032022 -0.1948941125856195 0.7902591232201558 242.3160383235958
0.7682246262245792 0.1783943530479491 0.614822233220882 389.62939669565816 -0.26220121808712027 0.9638205132847263 0.047963938591402876 -77.90461729436568 -0.584021784607169 -0.19805421725419683 0.7872058702347731 243.02131368879296
0.7659060127470438 0.18175227662800442 0.6167285379958235 390.1746176239487 -0.26269465614987647 0.963957733990047 0.04215453369537356 -77.88575429953461 -0.5868385615041244 -0.19429770204846222 0.7860463763102395 243.72775345642975
0.76453191529179 0.18341180320788547 0.61794098500124 390.72605622390444 -0.26384040141271214 0.9637204697580046 0.04038686360429454 -77.86686306499764 -0.5881149488685464 -0.1939148437161123 0.7851865003321851 244.44250347312087
0.7649734446685054 0.1817384298683639 0.6178889641844936 391.2892474901681 -0.2638966701454688 0.9635785612858924 0.04330015838707061 -77.84909984468393 -0.5875152563450088 -0.1961823114839688 0.7850721777153151 245.17153678867373
0.7652710961447441 0.18183753469098335 0.6174911014605237 391.8565883035221 -0.2662563413104239 0.9627819413506591 0.04645959665177071 -77.82742263252446 -0.5860611829130261 -0.19996510792276487 0.7852045883055085 245.91313633403365
0.764220609713537 0.18398603822958934 0.6181553182054276 392.38983693828334 -0.26828418859025543 0.962275608914794 0.04526860545822817 -77.8065693552369 -0.5865069938556101 -0.20043649923166176 0.7847513975356865 246.60571779424603
0.7612700386296273 0.1898324784541111 0.62002544980736 392.88889232541374 -0.2694372628924482 0.9623381371484573 0.03617832437613586 -77.7845088768665 -0.5898063153696121 -0.194599434515129 0.7837471342445314 247.2419765640055
0.7584155148365576 0.1887586409205418 0.6238397889947651 393.4104660183444 -0.26943406118353874 0.962331473010014 0.036378877504997215 -77.7657684000624 -0.5934738355895323 -0.19567399298886873 0.780705126753016 247.89901497041578
0.7546121146229953 0.18841982036822216 0.6285368149572642 393.9570218004637 -0.2707412754563397 0.9619531540593825 0.03667821096348704 -77.75262657096329 -0.5977120696694126 -0.19784868128853908 0.7769145262407539 248.58682690222835
0.7502800640904256 0.1891136395754191 0.6334949540091135 394.51705094801997 -0.27155793793901795 0.9618036038450846 0.03449802853668246 -77.73946829120396 -0.6027736820488945 -0.19791376646698203 0.7729773795345324 249.2820953283296
0.7460763423951096 0.1896096985084938 0.63829323476742 395.11026723004574 -0.27138356123220464 0.9619571983460674 0.03145331847536153 -77.72676482293595 -0.6080469176069128 -0.19668886796589108 0.7691504633080773 250.00995565694268
0.7422601444469747 0.1881255646271336 0.6431630041438032 395.6951344421624 -0.27072259911863134 0.9621580325824687 0.031003139574687893 -77.71697497364508 -0.6129919675591315 -0.19713115499777378 0.7651014020619945 250.71372490910613
0.7390096926298678 0.1874784624720327 0.6470830706394924 396.24659175415 -0.2702234461423794 0.9623364781468071 0.029795838349308157 -77.70788377972539 -0.6171255653058388 -0.1968764306287666 0.7618370611284454 251.36839112134817
0.7372873803681479 0.18738483252710386 0.6490718321485434 396.80256171165814 -0.2692192772244111 0.9626750458084818 0.027887935535006108 -77.69758870868283 -0.6196194796168422 -0.1953040724522343 0.760215771845683 252.02098842988738
0.7356577974370964 0.18852174701403093 0.6505898523438416 397.35350383611063 -0.2687268972115435 0.9628959221729005 0.024845478016284353 -77.68745695473427 -0.6217664029079276 -0.19310876201140711 0.7590227573988542 252.66793890911197
0.7336724861353481 0.1867401702345397 0.6533397216676453 397.89637350522634 -0.2691840081604 0.9627069225618978 0.027117356104595695 -77.68392410898366 -0.6239107731388245 -0.19576386303957194 0.7565790488039829 253.30874583581846
0.7320812900061714 0.18740843986737038 0.6549313410498706 398.44983932621597 -0.26889174123742704 0.962844627622207 0.025049042962954016 -77.68266087117931 -0.6259027211294189 -0.194443564371601 0.7552731187837003 253.96535763499682
0.7305616304653388 0.18719768369697515 0.6566861741428066 399.0114659461732 -0.26877429167895495 0.9628909096467327 0.024525012786242816 -77.68088786492122 -0.6277261219865781 -0.1944173946388953 0.7537650777513624 254.62671392146677
0.7282299517407216 0.18852763294872232 0.658891849245733 399.57455468286776 -0.2707837567578251 0.9623428208984804 0.02392597210723008 -77.68003797730982 -0.6295691339827834 -0.1958408197488669 0.7518570867234422 255.28750849023012
0.7259720763490836 0.1912491068022423 0.660596944822445 400.1555312264972 -0.2730597057577802 0.9617535297219516 0.02164590397380803 -77.6768613779195 -0.6311916836056075 -0.19609672923002247 0.7504286317381605 255.96201368646777
0.7235200684863048 0.19115300937738133 0.663309307565895 400.76214468878845 -0.2731439135928128 0.9617487044308841 0.02078056767077392 -77.6733078369007 -0.6339645991416092 -0.1962140579354287 0.7480567695728265 256.65921982041743
0.7208558226272053 0.19115500373805497 0.6662031578507887 401.4121948388333 -0.27410692353371396 0.9614760893080949 0.020715312203696632 -77.67385134486263 -0.6365785713133487 -0.1975436514664988 0.7454825472872857 257.4011644724346
0.7185243352971329 0.19293221816435016 0.6682065090823347 402.0720845118096 -0.2743265622125439 0.9614796178922498 0.01737474150662715 -77.67743493301478 -0.6391147916066933 -0.19579096907660942 0.7437729354968337 258.15057912212757
0.7161778466147792 0.1934147566100201 0.670581854767714 402.6709862503761 -0.27484156195239956 0.9613522313332228 0.016248173257342808 -77.68541074593094 -0.6415227258965883 -0.1959403461161621 0.7416575846858786 258.82824195184116
0.7144819375775568 0.19345305397588888 0.6723774808712923 403.244087916254 -0.2765413600222619 0.9608443144938982 0.01740917866501877 -77.69580530900089 -0.6426822209089529 -0.19837872671270482 0.7400036781769289 259.47638106093365
0.7130636288495129 0.19539404342045266 0.6733211930481423 403.82664070323926 -0.2769588695026754 0.9607724323987323 0.014495438814512256 -77.70442337617595 -0.6440761180293605 -0.19681844664164708 0.7392079905180954 260.1295334645621
0.7107181993538594 0.1984756680876398 0.6748978072896489 404.3707056894025 -0.27891120226852595 0.960250155341497 0.01132167901675102 -77.71119000458461 -0.6458236464827992 -0.19628308216399432 0.7378243485409418 260.7408267110899
0.70894328094662 0.2007404147112335 0.6760937141419132 404.92187803762914 -0.27907964525507456 0.9602384111336867 0.007532953455102517 -77.71857998171689 -0.6476989856445275 -0.1940244306395883 0.7367771334060496 261.3529373347672
0.7074900897878786 0.2009672957295528 0.6775469864880909 405.5084937902679 -0.28021965330449505 0.9599035109855433 0.007886412336291719 -77.72679614717299 -0.6487948202273616 -0.19544154022310425 0.7354372071097358 261.9987058260235
0.7055678060681241 0.20135631492561862 0.6794333708906213 406.1401601012845 -0.2810346968750945 0.9596687837212005 0.007438057770556812 -77.74055366118102 -0.6505332967593159 -0.1961924055376479 0.7336995092112364 262.6943596399663
0.7031942541944919 0.20499657610470892 0.6808041162134687 406.80506361056064 -0.28310944395272947 0.959080732501433 0.0036319814555745827 -77.75514848399631 -0.652201566705137 -0.19529606327282428 0.7324565270768663 263.42561692010213
0.7006539219993101 0.20541892332695072 0.6832914074728179 407.4552151436344 -0.284183232124162 0.9587647495716762 0.003169472862824794 -77.76949752306622 -0.6544646454671602 -0.1964006642503005 0.7301388956325962 264.13427771480696
0.6969430933090376 0.20593652296188678 0.6869210094320902 408.0747530845713 -0.285889260551835 0.9582586367020152 0.0027777485708221717 -77.78600453818339 -0.6576759501380306 -0.19831927212544265 0.7267267787233902 264.80304493679915
0.6931472039524347 0.20617774290353552 0.6906791527070503 408.6660842359033 -0.28656265465176983 0.958060181387055 0.0015917912979084255 -77.80431463084803 -0.661384002385799 -0.19902619719978723 0.7231595772831436 265.4340237497401
0.6902572349650564 0.20694768795605978 0.693338015709538 409.25611131186224 -0.2860594054273381 0.9582111099526206 -0.0012187411238631604 -77.82718025604866 -0.6646164052631856 -0.19749461565574358 0.7206114838399632 266.0591325703157
0.6870678891120703 0.20732917155470015 0.6963851882209509 409.8523442236545 -0.2856859357514506 0.9583170948265524 -0.0034484600935814117 -77.85123705974824 -0.6680727968304863 -0.19657812794316695 0.7176599318266654 266.6820197775533
0.6838117113816367 0.20671376662130633 0.6997649334359025 410.4344083722675 -0.28617036779808686 0.9581727112828816 -0.0034023443567289115 -77.8756740441427 -0.671198974948287 -0.19792542545627026 0.7143650761244741 267.28421077968324
0.6823137161351909 0.207424590939046 0.7010157144084285 411.00688652979517 -0.28615618178564717 0.9581699827693705 -0.004992368737042192 -77.90137254764284 -0.6727277550388806 -0.19719361854156392 0.7131283505841249 267.87791425571044
0.6812827710377596 0.20625830147559107 0.702361231105134 411.5903156411405 -0.2858252843078691 0.9582727049872417 -0.004162898841338662 -77.92998593330057 -0.6739122292535161 -0.19791648730927155 0.7118085215236735 268.48872537931067
0.6797881980827697 0.20234383485381574 0.7049432446970723 412.1807428844802 -0.28527965486280304 0.9584443220444371 -7.883028201240656e-06 -77.96184669564529 -0.6756504453256486 -0.20110060675550767 0.7092637180159592 269.1051505575897
0.6781937593203078 0.20125932022916249 0.7067870335821728 412.75095954631763 -0.2852981458367451 0.9584384511479749 0.0008386555842684155 -77.99109809123539 -0.6772430825051741 -0.2022138011659159 0.7074258871549189 269.6984513648183
0.677239078400249 0.2036267352300692 0.7070243159801 413.25593992312935 -0.2865396717166682 0.9580672653686725 -0.0014599868151444065 -78.0133539436817 -0.6776741453088583 -0.20160175527147356 0.7071877297092845 270.224142072712
0.6762620929861096 0.20708295879475952 0.706955606645041 413.6803112009932 -0.2880971139030192 0.9575886095977229 -0.004909962265970699 -78.03484737973474 -0.6779894059281482 -0.20035144857352494 0.7072408801134797 270.663280026746
0.6769070578900434 0.20618579592300013 0.7066004900495385 414.0532205712645 -0.2875806168718107 0.9577481862857768 -0.0039749799919404335 -78.05686764294674 -0.6775649221870037 -0.20051391279885253 0.707601545359969 271.0451031134212
0.6778306729758045 0.20503874610366238 0.7060486466026328 414.3970624550169 -0.28822519386713863 0.9575616704097345 -0.0013729466019957602 -78.07773748820543 -0.6763666286810907 -0.2025703827274827 0.7081620038156659 271.4021201259491
0.6797631752010093 0.20476772142299546 0.7042671410082116 414.74008133982187 -0.288348570989511 0.95752550564665 -8.743246926876131e-05 -78.09713943266483 -0.6743716536517197 -0.2030149903316591 0.7099350579114146 271.7569972579014
0.6819272307334489 0.20701100981948428 0.7015138585927799 415.1185794149764 -0.28989129701648386 0.9570593752521805 -0.0006230216760900596 -78.11322952581297 -0.6715193875818601 -0.20293790689623484 0.7126555395464634 272.1535690371301
0.684078391269519 0.20716042905728455 0.6993720835370202 415.5161493689903 -0.28942849672482607 0.9571995396526756 -0.00043194017593937674 -78.12837236959064 -0.6695281173197436 -0.20212272984874652 0.7147576527724432 272.5685884329451
0.6850723905627142 0.20531739924546757 0.6989424763567953 415.8973396251545 -0.2875531083934949 0.9577645642722663 0.000499277074758527 -78.14603101574815 -0.6693198260487531 -0.20132512260379987 0.7151777160025571 272.96555606457594
0.6852249708766894 0.2046094922558103 0.6990004971141749 416.2817865887374 -0.28693205401311184 0.9579505424127991 0.0008687179307720005 -78.16463775982812 -0.6694301574226117 -0.20116091561196836 0.7151206544096556 273.36967614068215
0.6850397716382971 0.2057460054626015 0.6988484045270026 416.6807127404105 -0.28812479163358706 0.957592734338771 0.0005094974982913245 -78.18234952241659 -0.6691073275042337 -0.2017045769876857 0.7152696330072759 273.79317719282216
0.6850399685427618 0.2084790744192649 0.698037761892738 417.07263684976505 -0.2877375770989385 0.9577023287296588 -0.0036518859544147696 -78.20039487799436 -0.6692737319095756 -0.19835000649124668 0.7160516368955204 274.2058602233241
0.6849552730245748 0.21045932288274768 0.6975264492243788 417.43969519703455 -0.28829905478569123 0.9575228361759061 -0.00580286233932903 -78.21871240202168 -0.6691187704477534 -0.19712151484144727 0.7165355395380623 274.59106210488096
0.6852465355189353 0.21151718991491292 0.6969201273674047 417.7675923754249 -0.28864357692563364 0.9574126959778746 -0.006768683768449908 -78.23939207465115 -0.6686718709941959 -0.19652330129244092 0.7171168112589776 274.9356943839458
0.6874947129645337 0.21252909946741683 0.6943935494554848 418.09069896693046 -0.2895235362161712 0.9571501457502407 -0.006302417566269897 -78.25892103113249 -0.6659783341991713 -0.19671039720834396 0.7195678411431646 275.2779894361679
0.6926885261184397 0.21260178994022302 0.6891901658454519 418.419762492873 -0.2905089039032159 0.9568669667478946 -0.0031913476211239506 -78.27673648043383 -0.6601417897215884 -0.1980052697806285 0.7245734818514135 275.6337315378524
0.7008400782028332 0.21267136776978426 0.68087742958302 418.75896418132436 -0.29149306385624935 0.956572118884113 0.0012550287877728993 -78.29140566942765 -0.6510414568277119 -0.19935062253349028 0.7323963071911016 276.0115121861222
0.7112101983999519 0.21288211605571977 0.6699710877012117 419.0761112216035 -0.2913862506367273 0.9565904274794673 0.005367214782697117 -78.30196310192314 -0.6397453451427199 -0.19903758117072182 0.7423677893402518 276.3769187944852
0.7226565557638766 0.21299018048980575 0.6575733308357448 419.37871455001545 -0.29293012343954933 0.9560553321800048 0.012253350230627548 -78.30857083750219 -0.6260666459676542 -0.20147800084650264 0.7532908933351781 276.7461609773707
0.7310617072899988 0.21351920769769103 0.6480419184577393 419.6828603464938 -0.29577795675823987 0.9550679369587349 0.018990420988222775 -78.31108089412211 -0.6148692384809631 -0.20555968412492448 0.7613678715524472 277.1292590133657
0.7363329914351354 0.2114841518372989 0.6427193627438401 419.9369213889433 -0.29657069784000506 0.9546667085610447 0.02563779920189626 -78.31358457950624 -0.6081607903399262 -0.20948968730436804 0.7656725958307744 277.44833279211986
0.7398693015310945 0.21233848749018597 0.6383617966187163 420.14519348952086 -0.29744087700188615 0.9543500802104378 0.027291923543107638 -78.31556894931848 -0.60342550604051 -0.2100673490400482 0.769252473201772 277.7121425961271
0.7408096382353241 0.2128343195190958 0.6371048833061136 420.3196354811076 -0.2984403846950605 0.9540080708899178 0.028318500312778574 -78.31599013996687 -0.6017760519335403 -0.21111644443705305 0.7702567300631262 277.930502170045
0.74110797324741 0.21341765900817436 0.6365625458763592 420.4864357872677 -0.29738513756365526 0.9543966935508013 0.02624940562273261 -78.3181770526969 -0.6019311023243181 -0.20875788407332266 0.7707782391141194 278.1281045203731
0.7413032208301189 0.2139083163996353 0.6361703914533988 420.6680680049396 -0.29674026307166307 0.9546364420515366 0.024788702655572526 -78.31697586338319 -0.6020089293848214 -0.2071533144370589 0.7711502792962499 278.3434933119462
0.7415738198353179 0.21252193861952842 0.6363196487145892 420.8456555784211 -0.29644859909006593 0.9546773183253819 0.026635427021124806 -78.3162543611407 -0.601819323246105 -0.20838820379392164 0.7709655366403517 278.5567851158416
0.7418650804159366 0.21128708700767335 0.6363913649031334 421.0105311947986 -0.29582323041797015 0.954836966346053 0.027838535237076877 -78.31691067942019 -0.6017680772561298 -0.20891178655806053 0.7708638314466325 278.7542020360683
0.7421682058043975 0.21039669772537903 0.6363329190599385 421.17117352558336 -0.29529579399576233 0.9549760070837017 0.028656935336583454 -78.31761118831191 -0.6016533456580297 -0.20917470086204895 0.770882089672457 278.947036298253
0.7424620182908723 0.20944194176459494 0.6363051346840801 421.33076411272594 -0.29475193560377944 0.9551169048305731 0.02954648142663789 -78.3181868751757 -0.6015575183249531 -0.20948931031617 0.7708714425959633 279.13881815210505
0.7427020557655971 0.20845571238848237 0.6363488605585549 421.4877462517009 -0.29423363348305026 0.9552471047699539 0.03048832163281714 -78.31868955785035 -0.6015149418667205 -0.20987897655847698 0.770798670153137 279.3274391637492
0.7429252423108678 0.2075687983795277 0.6363782509456324 421.65180518785786 -0.2937108886193762 0.9553828002721207 0.03126689704176754 -78.31869172084143 -0.6014948031726967 -0.21014018864434866 0.7707432146135046 279.5251429512556
0.7432385819023781 0.20673141975859446 0.6362849443891806 421.8351527480656 -0.2932875407694374 0.9554836694320288 0.03214616428322448 -78.31723181907009 -0.6013142512872647 -0.2105067161239841 0.770784077200311 279.74781297666226
0.7435421156692561 0.2061102705647367 0.6361318091353572 422.06317931635715 -0.29294885671713783 0.9555651884187472 0.03280454283127623 -78.31377986398321 -0.6011040588568793 -0.2107456453879357 0.7708827299763629 280.0272497193754
0.7436958480431157 0.20575859821321485 0.6360659438020311 422.3466117375927 -0.2928165970807646 0.9555905304920107 0.03324422518335704 -78.30890241710813 -0.6009783074932725 -0.210974257423347 0.7709182425051252 280.37666016657863
0.74375838012596 0.2053520835496189 0.6361241968155614 422.67241927044296 -0.292547171930561 0.9556626304144138 0.03354234674016209 -78.30248346418593 -0.6010321324087798 -0.21104373625207673 0.7708572612364243 280.77902517391954
0.7438548542549438 0.20502185312922191 0.6361179100927916 423.03394402802365 -0.2922505094974859 0.9557475348393343 0.033708891215798 -78.29568920405902 -0.6010570650943408 -0.21098030568751586 0.7708551842675652 281.22527178855114
0.7441206007587485 0.20425918397694998 0.6360524485351146 423.4207239147166 -0.29161186770019437 0.9559260008610565 0.03417600758126768 -78.28860919960192 -0.6010383100459152 -0.2109115137655134 0.7708886321760698 281.7026738768986
0.7444161185898065 0.20373176883712094 0.6358757809117989 423.80282909173076 -0.2909754278781601 0.9561151850041159 0.03430821149040385 -78.27916769494355 -0.6009808172935432 -0.21056381306161295 0.7710284935552908 282.1729951802429
0.7445970717208551 0.20326866681221817 0.6358121183786261 424.1327080781236 -0.29054251327799224 0.9562383202020432 0.0345445068757028 -78.27023139867255 -0.6009660961841705 -0.21045218951001804 0.7710704424159961 282.5772093246986
0.7448213293627648 0.20245454872589816 0.6358092033200538 424.3734802245291 -0.2900163955488945 0.9563736696902032 0.03521213194517608 -78.26467377156882 -0.6009423247193669 -0.21062184032879783 0.7710426465101624 282.8702071053162
0.7451752960703157 0.20152287637269894 0.6356904186984383 424.5457976009193 -0.2894445008598565 0.9565150692539399 0.036066649582709095 -78.26251032055009 -0.6007792099003693 -0.21087307222262075 0.7711010882905582 283.07887240526935
0.7454691409631121 0.2006350996991418 0.6356267117109221 424.7019660548683 -0.2889583833477322 0.95662894319493 0.03693396451532406 -78.26135756594951 -0.6006486598376715 -0.21120279782822232 0.7711125505558459 283.2670912858221
0.7457147275524926 0.19976514808063672 0.6356126420420205 424.85729307058926 -0.28848551992940563 0.956739153830199 0.03776633844229826 -78.26014290077377 -0.6005711031196709 -0.21152795829534765 0.771083830045103 283.45439847949916
0.7459431447511763 0.19886574581155775 0.6356266513776332 425.01229887942685 -0.287994305158596 0.9568534329146333 0.038610725397248455 -78.25870102840346 -0.6005231927202721 -0.21185826172773273 0.7710304610991425 283.641344103885
0.7461666060674358 0.1979704579035098 0.6356438419329518 425.1673941849897 -0.28750029523566933 0.9569680390075656 0.039443029262725776 -78.25705011899676 -0.6004822863575684 -0.21217886349844395 0.7709741588764812 283.8283213947607
0.7463831158728975 0.19710717244781678 0.6356579323106855 425.32255516686524 -0.28701665425645967 0.9570801519108303 0.0402370848567937 -78.25516806025159 -0.6004445723955696 -0.21247669375244646 0.7709215070892318 284.01539468347767
0.746609873636213 0.19624271182898984 0.6356591025407616 425.4778880015709 -0.28652471067412033 0.9571939674196409 0.04102802589160485 -78.25305946108493 -0.6003976072254414 -0.21276396966933564 0.7708788532892262 284.2025728899726
0.7468569496923184 0.19536142710303708 0.6356403145620602 425.6333961837409 -0.28603353887369853 0.95730499300804 0.04185648099479952 -78.25072275514468 -0.6003245050268062 -0.21307525234560598 0.7708498073569053 284.3898668583057
0.7471027717683156 0.19446696909118436 0.635625712466537 425.7889999842569 -0.285556538207672 0.9574091270806969 0.04272267394992439 -78.24820798664139 -0.6002457096081206 -0.21342530617307048 0.7708143270476857 284.5772141402207
0.7473435482663732 0.19356612223471964 0.6356176344215483 425.9446198126153 -0.28506699276699443 0.9575163648185367 0.043580049787493844 -78.2456088936042 -0.6001786654817173 -0.213762876636031 0.7707729899736209 284.7646007194962
0.7475837016935127 0.19269956065498575 0.6355985275986759 426.10048687186776 -0.2845873867929797 0.9576214212152518 0.0443985687610256 -78.24277936614625 -0.6001071806274055 -0.21407497040303275 0.7707420312960548 284.9525152468847
0.7478516560104835 0.19180410175357274 0.6355541575293853 426.2568309959092 -0.2840996769635619 0.957725641123073 0.04526554853971945 -78.23969777079836 -0.6000043951102214 -0.2144126462825978 0.770728190066065 285.140910931953
0.7480960565500265 0.19088879901581848 0.6355420966266533 426.43613127641805 -0.28356661436861913 0.9578442007059398 0.046091890713244384 -78.23510016459645 -0.5999518858957141 -0.21469968231066536 0.7706891597952296 285.3576131121436
0.7484652557171868 0.19010685957884788 0.6353417528584745 426.639872298925 -0.28293971130757517 0.9580018564039627 0.04666436425957821 -78.2288065425797 -0.5997873629457343 -0.21469006746384922 0.770819884397757 285.6044675601853
0.74893409106866 0.18962431958867926 0.6349333387495848 426.9007171074513 -0.2822801603892972 0.9581899238098778 0.046797232394841064 -78.21760296893011 -0.5995128341293109 -0.21427712740690247 0.7711482830068994 285.9222154582661
0.7495672000758188 0.189392189628242 0.6342551624372654 427.23559954986683 -0.2820220340199984 0.9582482802093757 0.047157245498438236 -78.19938900931288 -0.5988427046376421 -0.214221455469793 0.7716842509204648 286.33490600545235
0.7506689443286778 0.1893722922275672 0.6329567686319104 427.5653677207315 -0.2821871697441548 0.9581579226827319 0.047997879454190484 -78.17991413300848 -0.5973830741260233 -0.21464279661053548 0.7726978274920617 286.74695353831055
0.7525946656093349 0.18983241647893884 0.6305274957923284 427.85124551481954 -0.282676136160242 0.9579636856295174 0.04898753985077121 -78.16396440152316 -0.5947230206927387 -0.2151028374263823 0.7746194536604573 287.1105463400008
0.7563670737721816 0.19262547078354925 0.6251434057228211 428.14080659207826 -0.2839538049556183 0.9576110821137432 0.048489710910417205 -78.14677649828131 -0.5893038998382244 -0.21418786944727872 0.7790022273505367 287.4868161964851
0.7632634889633516 0.19472692736072084 0.6160440488927305 428.441229054635 -0.2848370612241999 0.9572539960883536 0.05032529707854 -78.12770441148348 -0.5799109371003959 -0.21388363830254475 0.7861024706091495 287.8893450000314
0.773858833897162 0.19633506921171975 0.602158655004608 428.7088789203125 -0.2867369130508674 0.9563309570152796 0.05668371325435677 -78.10953627889158 -0.5647339620506191 -0.21652630614285967 0.7963616708849945 288.2733966719673
0.7871509358777683 0.1981744070650327 0.5840550560787748 428.93568207047014 -0.2885988298590263 0.9552527456003372 0.06482983438989749 -78.08905339441066 -0.5450725819106667 -0.21958847057038947 0.8091209946860843 288.6280194044109
0.8030113189623503 0.19819669442605012 0.5620417172567691 429.1543751557621 -0.28932223860305545 0.9541376916133966 0.076901935556779 -78.06221974675712 -0.5210234772714847 -0.2243642925272393 0.8235260775292328 288.99464835398163
0.8222430753826286 0.19763525354763262 0.5337196188454053 429.39952619422394 -0.288231779032416 0.9532200184702 0.09107160887720966 -78.0263252598588 -0.4907532644222877 -0.22871795500755343 0.8407433202327764 289.4273748923858
0.8437393648141419 0.1971972549734828 0.4992165130421434 429.6643333100877 -0.28657966836443216 0.9519111847546027 0.10833831279480018 -77.97448216697485 -0.4538457644874158 -0.23447460197218467 0.8596776623169993 289.9508376918225
0.8646193955493205 0.19826326514127016 0.4616546095680785 429.9462859596137 -0.2846176998649813 0.9504751581060754 0.12485887532250799 -77.90512054508915 -0.41403630971631167 -0.23935047841764578 0.8782284911785455 290.55633308957937
0.8834656116605761 0.20015742999736677 0.4235864920297367 430.2322870905313 -0.28262688751419923 0.9487899422128007 0.14113712484626384 -77.8136119576371 -0.3736449591085722 -0.24440672816574072 0.8947931580874282 291.2396954058818
0.9009901968901601 0.2022492474705098 0.383812333055424 430.4916068759155 -0.27878838678392953 0.947756638118523 0.15503028832035526 -77.71022713420975 -0.3324059272971086 -0.2466831911579916 0.9103041814129281 291.9178071656282
0.9172543777959626 0.20402319896254706 0.342080313229562 430.71940303822134 -0.274131899960762 0.9464427138451608 0.17058103890325288 -77.59510921872504 -0.2889569307665943 -0.250241330907783 0.9240579897752377 292.6008440855038
0.9303840774252339 0.2059813867621766 0.30324435160631136 430.9128880161554 -0.2694037700039636 0.9451817392062134 0.18453478961640915 -77.47795168001137 -0.2486102917846608 -0.25338340154526867 0.9348742025749226 293.26424547466775
0.9406979736007602 0.20799423900764658 0.2680032070760697 431.0831852147894 -0.264359178744094 0.9445322856284448 0.19486658517882857 -77.34922831544833 -0.21260655464302583 -0.2541597095236356 0.9435047932987335 293.94190561785575
0.9488481400783586 0.209400458461332 0.23630204202678587 431.24578715118514 -0.25946168625058696 0.9435999171341218 0.20566679302328822 -77.20146090773687 -0.1799078665257521 -0.25645788032475314 0.9496644224048246 294.68861434821906
0.9554844302546057 0.21002929000866835 0.20721293608144198 431.390602633526 -0.2536799109267156 0.9434337888612215 0.21349283085663007 -77.0498225713057 -0.1506519377016159 -0.25655483502249193 0.954716507814405 295.44429843759497
0.9612998653081998 0.20908052152715528 0.17940987842472678 431.5098355122758 -0.24634421159644448 0.9438951725845968 0.21994643117001156 -76.89689468347547 -0.12335760362202819 -0.25563105971190303 0.9588720785064099 296.1734147922584
0.9656468824098392 0.20889105797004612 0.15456592248072928 431.61332721815404 -0.2405075285327645 0.9436795946062004 0.22721124849563035 -76.73618930388959 -0.09839830898560258 -0.25658010176947815 0.9615011306102249 296.9248471754457
0.9686577074911888 0.20987685135122325 0.1328681789775742 431.70886688837186 -0.2362442306076166 0.9436627107635766 0.23170962823965274 -76.5600246124526 -0.07675225874549885 -0.25583665800904815 0.9636683533229822 297.7444419930294
0.9713755812750415 0.20963441949193487 0.11172685562057294 431.7984171024999 -0.23087222325972315 0.9438611418456185 0.23627137245337634 -76.36182071627283 -0.05592402551403026 -0.25530286931048846 0.9652424298030731 298.6416337001463
0.972730022720453 0.21257720159159268 0.09277519205994778 431.87199111222844 -0.22908359618857912 0.9431285054567271 0.2408927731424769 -76.15076101736489 -0.03629061663269531 -0.25557690732625177 0.9661073623495321 299.5801484525461
0.9734611274476905 0.21474256794123206 0.0791142393143121 431.933487392869 -0.22778663118577414 0.9425132873569881 0.2445034842462664 -75.93603246499066 -0.022060915695260058 -0.2560358034914897 0.9664155334684749 300.5222137675777
0.9736957799284504 0.21633794475435264 0.07151518586282986 431.9915626993613 -0.22745049970735087 0.9414872614586662 0.2487328018053551 -75.7141250965921 -0.013520293355143109 -0.2584562442088169 0.9659283469787323 301.4967114991605
0.973745762793217 0.21704641788781978 0.06862974518623322 432.0517075345056 -0.22739717550681698 0.941327027331172 0.2493871532124008 -75.48067085814262 -0.010474445750662411 -0.2584458939467384 0.9659689466480228 302.51214227998787
0.9738844855539914 0.21673180783939985 0.0676485939832326 432.1168060920109 -0.2268466502096696 0.9412651066174744 0.2501211633449895 -75.23038378220176 -0.009466049117498425 -0.25893497742688965 0.9658483687303325 303.58286294129243
0.9738354608968619 0.217195897628596 0.06686132778453008 432.182430664924 -0.2271253482688238 0.9401133883295486 0.2541670577736332 -74.96565064788327 -0.007653187150965853 -0.2627027962105611 0.964846448710668 304.6950574157081
0.9738736409496466 0.21729030999511126 0.06599282268332653 432.2467974979381 -0.22700729116931975 0.9393734480477628 0.2569926358066108 -74.70331743252163 -0.0061498958895640395 -0.26525920584418805 0.9641575247310272 305.776970041144
0.9739241382496847 0.21746137349438352 0.06467088968423962 432.3050453877302 -0.2268302636430323 0.9389297872312157 0.2587641515851475 -74.45526329191799 -0.004450216876463681 -0.2666859682995793 0.9637732045880252 306.7918113067727
0.9737961558647351 0.2184498735253779 0.0632510836256328 432.3570619509995 -0.2274091246437089 0.938349975447981 0.26035440001190724 -74.21753526863488 -0.0024772670127961322 -0.2679159874541342 0.9634390934639442 307.76155250490353
0.9737539516024523 0.21909823482919166 0.0616376932837959 432.40827594993357 -0.22760104039947981 0.9385525213894731 0.2594550654786717 -73.98168908202818 -0.0010040655802705121 -0.2666741983923437 0.9637862126862546 308.72682762166653
0.9736529217798351 0.21992086404932176 0.06028931468673118 432.4607742183454 -0.2280349808094499 0.9387887566477987 0.2582164168268909 -73.73901345188222 0.00018824672638323957 -0.26516124141262387 0.9642040658572693 309.71282094303604
0.9734996241562927 0.22079636124895888 0.05956046194231373 432.5162881149896 -0.22868200153960677 0.9378956822147342 0.2608758928203259 -73.4825607133487 0.001738947785888103 -0.26758298926161456 0.9635332479569242 310.7540643909148
0.973388547552855 0.221686042871231 0.05805199298080886 432.5704169947523 -0.22913537552509186 0.9377493521290323 0.26100408476604353 -73.22499157045264 0.003422743917456682 -0.2673601521874171 0.9635905945194774 311.7998264327847
0.9733524050151169 0.22200361025053503 0.057441210702963666 432.6219247560182 -0.22928251152302603 0.9380123083706345 0.25992775776144406 -72.97874271516756 0.0038243379802739464 -0.2661715732021852 0.9639180816117568 312.79924665308937
0.973302047428528 0.2223800866849204 0.056835037762357134 432.6722812943507 -0.22949442219643568 0.9386150249027148 0.2575541597559733 -72.73630644613462 0.003928695987931393 -0.26372131516600583 0.9645909149867367 313.7841051177647
0.9732398308739056 0.22267376524377094 0.056750558347027406 432.7200634377186 -0.22974327758902885 0.9378238783866303 0.2602006908724772 -72.49537459976912 0.004717838825986786 -0.26627573565765467 0.9638853534507047 314.75367994718994
0.9733103550763392 0.222175695092202 0.0574883745767183 432.7673218725498 -0.22943044228815293 0.9361813353721571 0.26631969407513284 -72.25773214179706 0.005350219868276105 -0.27240129920965106 0.9621688559375939 315.7059466626673
0.9736531198144974 0.22092917687958774 0.05647920926154526 432.8161295576313 -0.22796496385848936 0.936926319526441 0.2649548018656008 -72.02112530831833 0.005619388623275925 -0.2708493503443364 0.9626053458658717 316.64602892511226
0.9735491986264624 0.2216483813032055 0.05544324052079962 432.86112370703995 -0.2284050034561467 0.938039017010291 0.260603063993057 -71.78662961490187 0.005754324458718518 -0.2663734176528126 0.9638527325883279 317.5771796999654
0.97307464598822 0.2237170245308899 0.0554655412842158 432.9028260061268 -0.23040383761680786 0.9375390215712003 0.26064277209001785 -71.54925643174457 0.006309116130938756 -0.2664043467482573 0.963840712507665 318.5224326406527
0.9727986353822854 0.22488084202151015 0.05560055656255241 432.94687485323374 -0.23154646405518367 0.9366742409401413 0.26273104373628253 -71.30596304927764 0.00700356922652503 -0.2684585130907765 0.963265787188137 319.49493033119785
0.9728638551007619 0.22479926814190845 0.05478328651470061 432.99362122885316 -0.23123719489718061 0.9363570962297311 0.2641301725216451 -71.05410034724434 0.008079550394233168 -0.26963063138874294 0.9629299265690819 320.49656344104136
0.972813829923631 0.22528700997957468 0.053656457614954765 433.0374733375531 -0.23138471369614622 0.9357921856796084 0.2659964275864213 -70.79887414667715 0.009714246088867291 -0.271180287549534 0.9624795504671669 321.5100547410476
0.972789274576821 0.2258241849619501 0.051811820606683386 433.08170211700883 -0.23141842381612102 0.9361783535120798 0.264604617370669 -70.53741436841521 0.011249017146869647 -0.26939474364153065 0.9629641383309901 322.5502541912812
0.9726159426506852 0.22680926842110546 0.05075218083992098 433.12708033758065 -0.232091753601092 0.9362406839498307 0.2637931000377527 -70.26204618977654 0.012314463532582821 -0.2683485373081803 0.9632431762086187 323.63212399770595
0.9724773129542806 0.2273963882331962 0.050781477014022025 433.17190875802095 -0.23261035476747532 0.9349615925228053 0.2678418252666555 -69.98338582228494 0.013427533063731789 -0.2722823959159331 0.9621236917517957 324.7209662185937
0.972346381487556 0.2282297968955378 0.04953457597561437 433.21293230359936 -0.23305786822190752 0.934578637325653 0.2687876498546578 -69.72631476836683 0.015051394218561533 -0.27289912140487144 0.9619249061483591 325.7262400230963
0.9724256050571877 0.22818627004955225 0.048160863676241415 433.25154077514435 -0.23264164661703596 0.9346818943566909 0.2687891750445072 -69.48707088336323 0.01631891198833638 -0.2725816988036145 0.9619942362555274 326.6607221470686
0.9727058532842985 0.22734340032303108 0.046457521630333204 433.2893900774861 -0.23137115069679082 0.9350482102895916 0.26861168079493375 -69.24504322618941 0.017627070423469556 -0.27202908440789475 0.9621275713877507 327.6084717558498
0.9727157054498698 0.22755439189988083 0.045201273192728805 433.3258879007606 -0.2312065427137587 0.9347073498155714 0.26993648291238226 -68.99345425980415 0.019175269946452293 -0.2730222865039234 0.9618165833955313 328.590632496844
0.9724973589683144 0.22852939141114664 0.04498004069485135 433.3608849782066 -0.23208908433099226 0.9345732485186439 0.26964328303837937 -68.74609501973114 0.019584272620174117 -0.2726667570764063 0.9619091931421477 329.55499335724073
0.9723273513448369 0.2290890310250457 0.045801066480441105 433.39777903781226 -0.23287293924882604 0.9347063598777835 0.2685036591364094 -68.50529138328616 0.01870069496978345 -0.27173928068653097 0.9621891951896033 330.49091063776825
0.9720548049934914 0.2301937578084292 0.04604660633646901 433.4343219977351 -0.23399033323155513 0.9342621780408176 0.2690775104623549 -68.26442582287235 0.018920360547766493 -0.27233254772146903 0.962017153385676 331.43182704709557
0.9717812299407673 0.23122544437983458 0.04664799037647584 433.4733761389538 -0.2351344395404478 0.9338101489275015 0.2696486623404655 -68.01371506185865 0.018789264935474278 -0.2730080578139589 0.961828240327678 332.4144465629241
0.9713857556939554 0.2330997678000641 0.04554351640404697 433.51227335184353 -0.23673121013262502 0.9347550788958736 0.2649363633545185 -67.75720259199805 0.019184571510268963 -0.2681369812799603 0.9631897588149703 333.4244028692579
0.9712801518374827 0.23365895543468693 0.0449261526478034 433.5492866928408 -0.23717850405509752 0.9356799947087475 0.26124567884661687 -67.51378202016242 0.019005890159342845 -0.2643982602949832 0.9642262888410791 334.38502863645647
0.9706719282785337 0.235606615575095 0.04780722068149046 433.58529812056065 -0.23975219582281976 0.9340125038072519 0.2648386817099231 -67.28187727049693 0.01774520358225777 -0.2685333599926873 0.9631069215413545 335.3189539057459
0.9706919463533259 0.23482297053854534 0.051140177866833905 433.62778549639734 -0.23987489804732054 0.9336267582377485 0.2660847789507426 -67.05089125640352 0.014736979730789317 -0.2705535969266174 0.9625921112384448 336.25760728757575
0.9710754062523035 0.23366533084881513 0.0491229939157165 433.67300215785275 -0.23835185576038306 0.9364125721866563 0.2575264792334123 -66.80709681038039 0.014175620886277987 -0.2617861872026262 0.9650217841905968 337.23621752059546
0.9711129477173429 0.2338437426715299 0.0475052290712355 433.7195894028068 -0.23817248895851414 0.937697047093156 0.25297848401808265 -66.54819834408568 0.014611922496574517 -0.2569851199703034 0.9663048896879315 338.27949222882364
0.9707850420395603 0.2350870247538697 0.04806758725615824 433.7614370414417 -0.23949470322146788 0.9369533572000296 0.2544812243770849 -66.293325388823 0.014788146642365732 -0.25855849864967073 0.9658824014831799 339.3211678499851
0.9703367363471707 0.2367683942813411 0.04886047036779615 433.80183666799957 -0.24122692364532988 0.9348469048205699 0.26052031754935384 -66.03904203166191 0.016005917772411914 -0.26457889563765374 0.9642312059767746 340.3479622954095
0.9701722530936624 0.23739276578214133 0.049096579121948106 433.84203937378754 -0.24180448247584016 0.9332842607507663 0.2655392266492694 -65.78621105175684 0.017216026886699813 -0.26949056270898497 0.9628491289028794 341.3493613566994
0.9702327054160521 0.2370796078156541 0.04941413663142738 433.87911775111036 -0.24149350326059507 0.9318584321867884 0.2707780460918331 -65.5557035585317 0.018148973083312942 -0.27465090919267066 0.9613727127683951 342.2563088654044
0.9706248913871595 0.2356084248746004 0.04874413141887063 433.91019076849756 -0.23992483065411732 0.9326949317388393 0.2692883954875891 -65.36134825566822 0.017983210371444486 -0.2730729470980161 0.9618252282550833 343.02872324319986
0.9707025651571911 0.23510841702112267 0.049604054703991214 433.94028612252424 -0.23981645173641344 0.935068226733591 0.2610277395792629 -65.17931933764002 0.014986643180222975 -0.26527616477762184 0.9640559926306497 343.75528352992296
0.9703792924463522 0.23617653807236835 0.05083966616209747 433.9743260134714 -0.24119660152473366 0.9351673484461586 0.25939589397888607 -64.97032563040342 0.013719628429421567 -0.2639747587636683 0.964432008247043 344.58595495648683
0.9704869801162089 0.2356909350535834 0.05103728596324685 434.0128123917647 -0.24069296573741084 0.9336185057640731 0.2653740415703735 -64.74507092924519 0.014896901337407353 -0.26982636792654513 0.9627937543950496 345.49479094200274
0.9704443610916584 0.2361299155805014 0.04980366445708169 434.0518686036543 -0.24075666247174848 0.9331622481062102 0.2669165565955656 -64.50992008988823 0.016552084487249062 -0.2710182312637169 0.9624318920431805 346.4239734579597
0.9705196508321383 0.23624756371168523 0.04773568883930686 434.09318029046574 -0.24027249771255138 0.9327290834703779 0.2688597844443945 -64.25321971451997 0.018993003755120946 -0.27240327730922503 0.9619956966221596 347.409239187429
0.9702600731929704 0.2376765119709675 0.04588317801647661 434.1315397408581 -0.24105242528757112 0.9313679962315863 0.27285047894138875 -63.98577335602196 0.022116026554451922 -0.2757961770091798 0.9609616798377377 348.4269440149037
0.9700548903476012 0.23882165504798578 0.044246206536265646 434.1673303920089 -0.2416922302660356 0.9310985298944685 0.2732039411454282 -63.71628006965298 0.024049439530657392 -0.27571678350892037 0.9609380207639613 349.4411175040643
0.9698723602066806 0.23988623482083357 0.04245231737622972 434.20427200516343 -0.2422159258766227 0.9309132959506502 0.27337132379610146 -63.439094809542496 0.026058590883982352 -0.27541791838183927 0.9609713419636189 350.48626812843935
0.9693682607256991 0.24213445672616105 0.04118349139600892 434.24001128324363 -0.2439915575939977 0.9301112611305286 0.27451987494722113 -63.156667373981826 0.028165491660776594 -0.2761592779250933 0.960699098727276 351.5626792814068
0.9690222517167661 0.24384923092764502 0.039159012420767594 434.2737816831206 -0.24514964023271713 0.9304655072606349 0.2722785222744975 -62.87027933797323 0.029958797898834523 -0.27344376455536484 0.9614213322234167 352.6479018094144
0.9688136815475474 0.2450362127860885 0.0368416187177422 434.30430622777203 -0.2455584990919448 0.9295061849985933 0.27517135674535187 -62.58225456225309 0.033182434660587054 -0.2756365477813424 0.9606890337446254 353.7410761688322
0.968536714680555 0.24650712370075734 0.03421798183093151 434.330727296383 -0.24613380854259762 0.9284532737699555 0.2781953750840829 -62.29326990701505 0.03680734448609903 -0.27786463681194895 0.9599148207009036 354.8363206590468
0.9682697773872354 0.24793228385785812 0.03135635213963909 434.3555321946274 -0.2468097184459304 0.9290172179978881 0.27570268686414817 -62.00444847989392 0.039225005788644164 -0.2746936316780853 0.9607313920323347 355.92131631949
0.9677807952822588 0.2500324393286259 0.02973401362448014 434.3766249578349 -0.24845148649459486 0.9290731754595297 0.27403447502126005 -61.731203129316945 0.04089243379245001 -0.2725927620552821 0.9612601078447003 356.95357496204844
0.9673742929098176 0.2516479679084894 0.02933049036009202 434.3948005726199 -0.24985864006321928 0.9284651943382353 0.2748145609101297 -61.46714103215742 0.04192418637247698 -0.2731770179755168 0.9610497799006107 357.96410931263426
0.9668219696886124 0.25390819281338833 0.028034060527798242 434.4159065429469 -0.25171787548312285 0.9282446998630128 0.27386107488742206 -61.18735430024077 0.04351310250602733 -0.2718315780009188 0.9613605999373143 359.0285627520001
0.9664050325425252 0.2556008488127688 0.027009612412582342 434.43570548813904 -0.25302460207654287 0.9276340048235983 0.27472477834906983 -60.90421540145034 0.04516485160490267 -0.27232950479360435 0.9611434736803761 360.10699605253905
0.9656903886034385 0.2584954973270949 0.02494295933851873 434.451922466488 -0.2553090323849426 0.927408028545454 0.27337089562004324 -60.61454414271489 0.04753284487182892 -0.2703598092377219 0.9615852547784497 361.21348013968884
0.9655625726936811 0.2591282368340457 0.023269617281846733 434.47065038461074 -0.25553390117286384 0.9277415635122237 0.2720257647416462 -60.3281555798628 0.048901365671541706 -0.2686040733257379 0.9620085801219668 362.3007476464502
0.9656769694958901 0.2588212350954441 0.021898832135701016 434.49216833201245 -0.25501805292837515 0.9287112744478878 0.2691861092144359 -60.065321523792036 0.049333388955747716 -0.2655314237092361 0.9628391764760561 363.29352720629413
0.9659983157859517 0.2576998526679497 0.02092940117697519 434.5157740833254 -0.25359290831204107 0.9286012783957759 0.27090644624219856 -59.8053581996539 0.05037748259441274 -0.267002718519218 0.9623781260766477 364.2795520056614
0.9658638263338544 0.25838938930805944 0.01849303849396373 434.53079495977346 -0.2536745906517879 0.9289396417533287 0.2696670985434655 -59.54718908972561 0.052500200355606694 -0.2651529096054022 0.962776019378554 365.2794882504225
0.96530881571033 0.2606945971046613 0.014738295436159975 434.5340844461093 -0.25512659257151427 0.9296665176152872 0.265764158207835 -59.281556967529355 0.055581580355128404 -0.26030461591279586 0.9639254093858722 366.3054708186597
0.9650639155521255 0.26174105132109915 0.011969166743385573 434.53502696825143 -0.2553029507992603 0.929088496474577 0.2676097326926018 -59.00692137750726 0.05892403764505181 -0.26131626006037273 0.9634530450497665 367.37384411603136
0.9654744833881884 0.26032091746096075 0.00959384482882272 434.5365177574536 -0.25322463904123954 0.9292402264231066 0.26905368196620777 -58.72946075399207 0.0611253147946869 -0.2621938624938088 0.9630773979083048 368.4447132450799
0.9656130183456445 0.259851578478622 0.008285889426467618 434.53742402453935 -0.25203634591715046 0.9278002694366242 0.275071518645722 -58.45200069348322 0.06379011787220135 -0.26770098467413445 0.9613880609131532 369.4937914070168
0.9660808456947128 0.25810332490560345 0.008394834987432473 434.53985752451496 -0.2498628958135707 0.926035937040562 0.2828886293315285 -58.193025759211764 0.06524057692456592 -0.27539084404185626 0.9591160253798636 370.4639881807837
0.9661068484577106 0.25807810509021056 0.005766197721356571 434.5375242898262 -0.2492633226722476 0.9268353134304327 0.28079191182922 -57.96091857234555 0.06712192885716471 -0.27271229061295166 0.9597513496813299 371.3369313963181
0.9662326676733256 0.2576537600508999 0.0029953050808013966 434.5322913166957 -0.24837057792461012 0.928198772766748 0.27705431643579165 -57.72693816117954 0.06860384786794921 -0.268442876914142 0.9608495896298097 372.2116142540796
0.9657444116796782 0.2594877702417065 0.0019566308964041475 434.52169255496597 -0.24991236293703037 0.9280242604716543 0.27625130375669693 -57.47494343765465 0.0698680338975357 -0.26727713907296946 0.9610834452680292 373.15785679598395
0.9659917193267659 0.25857125946972465 0.0009497201504648788 434.51280102848557 -0.2488830564865276 0.928789124116458 0.2746051476518829 -57.230212348069706 0.07012290913850852 -0.2655026679700755 0.9615566082736512 374.085450908102
0.9656991012098749 0.2596626481576255 0.0007450330288677067 434.5002774200076 -0.24986689590188446 0.9284798373410483 0.27475757675358614 -56.99397251483616 0.07065253183574892 -0.26551930401180707 0.9615132442885472 374.9818078885277
0.9655443357697404 0.2602369221057215 0.0009381022954167762 434.48840060774626 -0.25037026997422496 0.9279412369605204 0.276115534987111 -56.749737745582884 0.07098495316621335 -0.2668366637498017 0.9611239937192648 375.90632164978916
0.9656224954627699 0.2599430894330187 0.0016692849594835512 434.48084368810834 -0.25020635940963165 0.9276731523747764 0.27716294859527774 -56.50476139635879 0.07049804229364302 -0.26805244378491927 0.9608214784306708 376.84020344634234
0.9653847434816973 0.26082696302945463 0.0012619071338130208 434.4714453041417 -0.25128575730615355 0.92875184112051 0.2725352927426857 -56.247947912953414 0.06991255415056362 -0.2634185129638753 0.9621449588289952 377.8128254161331
0.965166945339077 0.26162574142000306 0.0021769362126911177 434.4627334904004 -0.25208802617598336 0.9276897123705908 0.27539684932924086 -55.97446721294968 0.07003138356149247 -0.26635271537607597 0.9613281626626039 378.83980375547156
0.9649309518080188 0.2624919803675276 0.0024936891565725695 434.45373012565824 -0.2529934051645581 0.9273960162290158 0.27555574032452684 -55.72135774747786 0.07001853458990384 -0.2665231496986504 0.9612818605843954 379.79849223899043
0.9647511425123467 0.26314691642288085 0.0029888790969964706 434.44664730055695 -0.25369833186118657 0.9269720214031167 0.2763331828548218 -55.47762094540973 0.06994561767529159 -0.26735102751430345 0.9610572504565335 380.72468657222026
0.9644940416340669 0.2640972177303662 0.0019756617797327125 434.43711569035884 -0.25438134252718003 0.9269481665944751 0.2757847512485348 -55.220730293870986 0.07100264943266266 -0.2664953208486513 0.9612173883879342 381.70345063156077
0.9640097701055735 0.2658560882660459 0.002388194481485747 434.42692301604797 -0.25595091676771337 0.9255878118601933 0.27888408119079106 -54.957549979583796 0.0719325472006366 -0.26945823956179255 0.9603218032438354 382.6999084442315
0.9637607066327047 0.26675235611688225 0.002912191087064963 434.4173437982139 -0.2568531463982358 0.9249362957620585 0.28021297251785743 -54.70071561667191 0.07205387939703002 -0.2708062578450846 0.9599334399716387 383.6661927928514
0.9634541899207756 0.2678426351292891 0.004043109089122223 434.40958016660545 -0.2582540915574985 0.9247433255100413 0.2795614532056346 -54.44668835059267 0.07113963816269338 -0.2703888028961868 0.960119287979599 384.62604313346753
0.963315623651565 0.2683207214665723 0.005196119750410714 434.4039959922922 -0.25933166865832413 0.9257116404621322 0.2753271587471944 -54.189456571002964 0.06906587333619585 -0.26657447204218765 0.9613365466868206 385.59627095893114
0.9630849933941432 0.26911208482445365 0.006780951293540694 434.3998924529972 -0.26044691975439044 0.925112827503625 0.27628546537721416 -53.93457922743004 0.06807861257002226 -0.2678524634751175 0.9610516949263739 386.5668610623946
0.9633178548129837 0.2682933063931041 0.006116563019630817 434.3958187942923 -0.25962584701992 0.92594427542526 0.27426559821892477 -53.68526829379934 0.06792002766273054 -0.26579296558007487 0.9616345300011055 387.5205661517954
0.9631318348398153 0.26898524825409104 0.004899483623986646 434.39246895638735 -0.26000309373824054 0.9259834889287382 0.2737753996945501 -53.43333253612623 0.06910470291261075 -0.2649556839417705 0.9617811734393186 388.4789880052046
0.9633608635277012 0.2681854198886505 0.0035252208889685554 434.39038813938055 -0.25880739600690095 0.9260636330839311 0.2746359030635339 -53.181769184865516 0.07038876611572853 -0.2654858339696174 0.9615418314177321 389.44399522432747
0.9636599918651886 0.26712052636957373 0.002458550473903508 434.38727725027024 -0.2574613758058358 0.9262811771684891 0.27516689624940305 -52.92382159848099 0.0712254171385245 -0.2658003107887664 0.9613933298801499 390.43215299412225
0.9640627194479995 0.2656686044641934 0.00180708953348176 434.38337427894163 -0.25588637707154416 0.9266925381781059 0.2752509794973032 -52.65452395401897 0.07145092721395109 -0.2658216174186604 0.9613707051461462 391.46179172373985
0.9640783116629466 0.2656111531195097 0.00192984964518342 434.3814008388928 -0.25588554266258234 0.9267798902019889 0.2749574952123885 -52.37984481333086 0.07124323151994269 -0.26557437838714526 0.9614544458823213 392.5110228634345
0.964741778673682 0.2631921724125445 0.0017834972138178883 434.38041527816625 -0.25378562122650533 0.9284229888410117 0.2713367137897207 -52.1026003862531 0.06975785934375255 -0.2622224898293296 0.9624828345936818 393.575734577791
0.9645963590150933 0.2637290628983659 -0.0009195420496316375 434.37090953238624 -0.2541675078559831 0.930543812509034 0.26360404198615 -51.82601855130114 0.07037572113385301 -0.2540377814103766 0.9646305321163061 394.6427290071213
0.9643287064251569 0.26464777878217155 -0.0056301998235369416 434.3552329896341 -0.25375751688340786 0.9302825088024489 0.2649180560879042 -51.551199644841695 0.0753476515198512 -0.25403938080913574 0.964254491515885 395.7040250337771
0.9638968245948849 0.26601694673462767 -0.0117428951238855 434.33031095042986 -0.2528898295879853 0.9283561377000525 0.2723997351056098 -51.278218253997714 0.08336453458674033 -0.25959558094203405 0.962112513549485 396.7502743997016
0.9632728045232897 0.2680209490123977 -0.016440041251060324 434.2983855299345 -0.2527795433773283 0.9257458819153175 0.28124200356060963 -50.991219480220295 0.09059804918314726 -0.26675706739902794 0.9594960450553627 397.81854603683763
0.963270795678121 0.2677042152936705 -0.021067209298957397 434.2648236967519 -0.25103229912275604 0.9255791250250991 0.28334796296236275 -50.71549084509622 0.09535281322954642 -0.2676522677501103 0.9587857448760065 398.82978865115166
0.962645045990419 0.2697855240231215 -0.02302794948926686 434.2327569462528 -0.25282198536985284 0.9260366867582173 0.28024471179937493 -50.46684692627165 0.09693069247537675 -0.2639542115698058 0.9596523407207479 399.7377395802959
0.9631253173713921 0.26820934648951855 -0.021292475054041506 434.20962748406737 -0.25184039945985676 0.9265330747992335 0.2794868055973005 -50.229889849054885 0.09468915586359959 -0.26381851291891567 0.959913410679888 400.6082411194867
0.964096346836947 0.2648157982865413 -0.019769344792410534 434.190501629295 -0.2491196083662767 0.9277077582715068 0.27802470388491424 -50.01339662880516 0.09196550844252395 -0.26311766991352453 0.9603704686401963 401.42790660167043
0.9640907086179031 0.26491095242632867 -0.018742807719520603 434.1686633625855 -0.24975264923216065 0.9283927086984879 0.2751555789676225 -49.8019815052348 0.09029241251706893 -0.26059387122506333 0.9612169965839072 402.22994640772555
0.9636419103541061 0.2666423193806795 -0.01720878044448903 434.144353296634 -0.2515038995972539 0.9269086792159303 0.2785427954221032 -49.57211072456872 0.09022226497084349 -0.26408743610682456 0.9602696334853348 403.0965249771606
0.9638106230816283 0.2660868696395312 -0.016335869748642463 434.1209861565968 -0.25091031581759066 0.9261300246020674 0.28165083161051885 -49.325185369747686 0.0900727275668176 -0.2673592252682041 0.9593778965624881 404.02387830019165
0.9639804525350762 0.26543107411753036 -0.016971506211582638 434.09726409622493 -0.25013585928817783 0.9264230065295247 0.2813760204263451 -49.07528991483124 0.09040873314254733 -0.2669958012134562 0.9594474988794065 404.95835276721004
0.9635472996498935 0.26686656436514905 -0.018943024081332988 434.06955490047665 -0.25124240385165747 0.9269205523724608 0.2787392044481337 -48.823781544849275 0.09194485219001981 -0.263819116846143 0.9601799923672024 405.8944675984696
0.9629240555567212 0.2691354873571532 -0.01852977806748066 434.0364499967602 -0.25298131672378993 0.9247109609521887 0.28444699345147395 -48.550518045718626 0.09368946909284773 -0.26921316487109664 0.958512678706543 406.9022864387096
0.9626426396973904 0.27015854914288767 -0.018262162014835836 434.0024260716497 -0.25376201821396976 0.9236342603372472 0.2872361245443282 -48.25752290903377 0.09446685317305084 -0.27187149805796335 0.9576857011542483 407.9707965554653
0.9622142335342556 0.27171124159841337 -0.01779803284465726 433.9703162694482 -0.255364552487398 0.9231495189646702 0.287374165450227 -47.962107383362884 0.09451303675684927 -0.2719705256537027 0.9576530264446781 409.0464392076844
0.9618650846370976 0.2729637075352127 -0.017503523208363646 433.94274269362387 -0.2570188292334892 0.9238631330998215 0.28358108667263676 -47.66216449462284 0.09357820459658918 -0.2682680108913792 0.958788503246084 410.14327985094246
0.9618799128017342 0.2729257577820309 -0.0172790071369275 433.918346190704 -0.2572952089775527 0.9245814844775913 0.28097731936655795 -47.35449044418456 0.09266179787663832 -0.2658206336993476 0.9595588475512852 411.26433701874987
0.9623314029899817 0.27141972560885785 -0.015798840772403684 433.89684270620705 -0.25596957358800887 0.9240741143342003 0.28384257717023703 -47.056868339410684 0.09163977420592025 -0.2691066029808275 0.9587407303414263 412.35035386046
0.9617679183399169 0.27347274759483126 -0.014667227926321514 433.8732042018335 -0.25821343790622625 0.9233446250715509 0.2841839612577217 -46.78021092358072 0.09125947477799802 -0.2695317414970191 0.9586575762955365 413.3678535088216
0.9611265196121694 0.27573037861666666 -0.01444200838228574 433.8492956003391 -0.26067410058866397 0.9234010959342437 0.28174355238360754 -46.522209525025566 0.09102102273922841 -0.26702654237987755 0.9593810499922106 414.31210108296176
0.960857809300581 0.27670660652491585 -0.013628067051491518 433.82722588106816 -0.2617475121487312 0.9228316276370528 0.2826128569557711 -46.267970587231936 0.09077725590721515 -0.2679836579685748 0.9591372419376396 415.2482411027448
0.9611181688147431 0.2758128566622047 -0.013384082861201888 433.8071755141425 -0.26071483329891054 0.9223436011869375 0.2851491838449456 -45.98740724165512 0.0909925341559534 -0.27057263248405367 0.9583896959371648 416.28094612659777
0.9610262393476438 0.27602272555235674 -0.01549265193503756 433.78123699220413 -0.26042147313886654 0.9226683894915614 0.284365432781899 -45.686653731561464 0.09278590201918717 -0.2692480232271015 0.9585907773261687 417.3792890743497
0.9606063544680011 0.2772762265891521 -0.018796965823894708 433.75116303725684 -0.2607536914471595 0.9226303341745589 0.2841844099482361 -45.39594014873793 0.09614023170547682 -0.26808797181042654 0.9585853614666737 418.43220054458044
0.9605782471927513 0.27729686689733957 -0.019896698948002618 433.72231677484376 -0.2602053959439804 0.9219552861160273 0.2868651291536778 -45.1264354360731 0.09789066830778322 -0.2703791745154169 0.9577643337724692 419.4110994282686
0.9602917587439432 0.2783444918756163 -0.019080931082519972 433.69638354834035 -0.2609653930633008 0.9203108654153587 0.2914188988754098 -44.87771187440806 0.09867523352790979 -0.2748677042523251 0.9564052192701968 420.30976490042684
0.9600291559578134 0.279119239127072 -0.0208918658826678 433.67263731596205 -0.26156510219473417 0.9212099322670464 0.28802075967958934 -44.646259076375124 0.09963792964927033 -0.2710437437788838 0.9573962460410727 421.14111713118837
0.9600938007386036 0.2787649644349188 -0.022582922461620178 433.65163071233826 -0.26105736796845785 0.9222154163096156 0.28525037519742086 -44.42397197286477 0.1003441299363846 -0.2679716785865363 0.9581869520416297 421.93335535438894
0.9599432059113233 0.27924146705982733 -0.023092087367157035 433.6300356532867 -0.26133310994506126 0.9220044642031194 0.2856794946018472 -44.21401834316709 0.10106456882181457 -0.2682013629044398 0.9580469622440572 422.68253134904205
0.9595891180798909 0.2802614581817091 -0.025342445038425896 433.60351727915975 -0.2617909917962199 0.9221111825169584 0.284914800758988 -44.001462621879725 0.1032191894805165 -0.2667667185670727 0.9582177815026945 423.4529644216543
0.959095788151517 0.2817094452046978 -0.02783985690494876 433.5717901662823 -0.26295988732451187 0.9230188228341699 0.2808707004158835 -43.780846266264774 0.10482064113668846 -0.2620611401491828 0.9593417493340983 424.2677852478018
0.9586338575116286 0.28322683625638456 -0.02834936430645051 433.53886471906173 -0.26440391691636234 0.9229307802852924 0.279802329370705 -43.55849135413433 0.1054120294447735 -0.26073230338066206 0.959638979003121 425.09202999565423
0.9579871028579817 0.2855192326911528 -0.02719335435786558 433.50450757331504 -0.2667283256187192 0.921748458560378 0.28148850678883436 -43.33315563173645 0.10543581493217256 -0.2624091212306231 0.9591792022477159 425.93566705641445
0.9577988737138157 0.28633624868749313 -0.025156911577665773 433.4717192754229 -0.26796717081198146 0.9211528683081291 0.28226049772282163 -43.106357520286004 0.10399477332815572 -0.26360756039098365 0.9590078942454767 426.78395699308123
0.9575626384515697 0.2872431714892986 -0.023772965200914747 433.4398981071873 -0.2691372593916157 0.9206172356890665 0.28289404546472563 -42.874227025264965 0.10314518432212162 -0.26449057787565294 0.9588565091639951 427.6386943509904
0.957252648702134 0.2883724497577373 -0.022554307204529722 433.4075757317095 -0.2702237293853225 0.9193690125892996 0.28590165226467407 -42.624164200591 0.10318189099761053 -0.2675854048921638 0.9579935012612861 428.54899031716417
0.9569737239298426 0.28928977684022833 -0.022643248962688996 433.37739748304136 -0.27117969018274457 0.9193717613639794 0.2849862102609372 -42.37557025707605 0.10326116085075689 -0.26658392566362776 0.9582641302049907 429.4542001796863
0.9574286209404704 0.2878192142803924 -0.022148040433693415 433.3543860616337 -0.2699204429038009 0.9198033425653462 0.2847889841764226 -42.135948852232005 0.1023395832835502 -0.26668691549575424 0.9583343356035584 430.3183756689169
0.9572859862773684 0.28838320021062785 -0.02094445781702742 433.32755626076334 -0.27069745953466856 0.9193211459051736 0.28560727598064023 -41.893464360378594 0.10161902321144671 -0.2677382313527176 0.9581178495329654 431.2070204273883
0.9571253258363464 0.2889017447219957 -0.021139832999830275 433.3010943452528 -0.27197606816578856 0.9213697137127586 0.27768123630874636 -41.64553745194155 0.09970019552514425 -0.26002621511967144 0.9604406480687863 432.1061652873671
0.9569554169291963 0.2897568021106272 -0.016653097024190256 433.2760013620519 -0.27353871345169695 0.9195995046182217 0.28198106913251814 -41.39340539108771 0.09702011262137618 -0.2652880448428644 0.959275430213028 433.0300940425852
0.957103837282647 0.28940260012858743 -0.014084732785938234 433.25335062544957 -0.27401020104304813 0.9198585386688897 0.2806753971446184 -41.14557559499496 0.09418415144378896 -0.264776139175631 0.9596994017608139 433.9569511609679
0.9568577218402747 0.29030178533518525 -0.012172657304361387 433.23577947966675 -0.2757755452011378 0.9205748605758943 0.2765678483567712 -40.88772266897789 0.09149398244507964 -0.26127916010826807 0.9609172969977495 434.91147126477955
0.9566368470054583 0.29113026866379016 -0.009439789150779705 433.2197511714268 -0.2774831961898069 0.9206926280952578 0.2744597609911931 -40.62274210096395 0.08859468823665975 -0.2599389375195687 0.9615522502586381 435.89227223128694
0.9564110532181829 0.2919922526916076 -0.004292044987283299 433.2052275430919 -0.27925662246827365 0.9187966528276649 0.27897750726590465 -40.35423018364428 0.0854027873649601 -0.26561858956173473 0.9602880446978052 436.88841998972293
0.9558895452800646 0.29372362938676266 -0.0012675820072778157 433.1930232138382 -0.2815865821381722 0.917601720434556 0.28056385978114046 -40.09592716375956 0.08357137060034299 -0.26783112626320316 0.9598345241866266 437.8466144056367
0.9561847556512797 0.29276087310268395 -0.0013357545669075174 433.1845982802396 -0.2807569881921948 0.9182530903978471 0.27926112431926 -39.84612276110237 0.08298329133841723 -0.26665020749094254 0.9602142678609208 438.7754750844066
0.9561950261919654 0.2927112129834473 -0.003349280446886331 433.1750025946176 -0.2804444737174523 0.9192834555371657 0.2761681110066748 -39.59029098809162 0.08391644086288548 -0.26313128694515203 0.9611035099215367 439.7301885867926
0.9558011579565745 0.2939941649948896 -0.003402557543275909 433.16203850387365 -0.28136591301416425 0.9179808948992209 0.2795430192183975 -39.33405404058354 0.0853074993337833 -0.26623017775787244 0.9601271389813079 440.69115035411056
0.9556039202646857 0.294626915477802 -0.0040159993534262745 433.14733928419804 -0.2817752715761958 0.9177361431657669 0.27993404197308747 -39.094244199050955 0.08616173108133159 -0.2663744586165581 0.9600108353002103 441.5933361481782
0.9555705218615526 0.2947128273926862 -0.005415451916062127 433.13250605434575 -0.28155752990204946 0.9180453311276944 0.2791381868360266 -38.866632159422174 0.0872372346231983 -0.265211461601598 0.9602356718693825 442.439764273622
0.9550520915503103 0.2963541024467379 -0.007053253743667009 433.1131729744045 -0.28231312878302567 0.9165446293107298 0.2832759075502217 -38.63902315101639 0.09041459916475246 -0.2685520218591746 0.959012519111836 443.2817350282785
0.9544637482521868 0.2982024728528475 -0.008616174141662604 433.0921305579838 -0.2832180356928188 0.9148213531769666 0.2879052553007173 -38.40909976380513 0.09373631916548607 -0.2723548732002347 0.9576201363345453 444.12923653487826
0.9544202436113699 0.29824093665967816 -0.011590611941474944 433.0711275715467 -0.28251165118981036 0.9152472085889588 0.28724504192784944 -38.175520952035065 0.09627650558068074 -0.270877999975048 0.9577870032542173 444.9757535505621
0.9537877596885299 0.30012182672960447 -0.014690084711353635 433.0440923186973 -0.2834837270939201 0.9149682694235353 0.287175978140664 -37.92793474186736 0.09962874053846697 -0.2697405328618445 0.9577651899031047 445.87986811352266
0.9535044065828646 0.3008609494399829 -0.017664533085749834 433.01354550160676 -0.2832179173151521 0.9145445927731725 0.28878330827980053 -37.6596050274364 0.10303862352891294 -0.2703532447214753 0.9572315107275983 446.8657716816146
0.9531451478722447 0.3017867458718828 -0.020954405352162236 432.9808026483977 -0.28322742029936415 0.9145730912012526 0.28868371835134554 -37.396697532075834 0.10628525522465633 -0.26922262324450086 0.9571951857668226 447.8204001952753
0.9527915050619803 0.3026662099709967 -0.02411458528619647 432.94624481253913 -0.2830801298345349 0.9142324528643367 0.28990457433874284 -37.14785675348617 0.10979065522436554 -0.26939225577483933 0.9567517047562293 448.7125773901952
0.9522905383096598 0.3038085378636831 -0.029036235414315617 432.9055533240389 -0.28292142154489625 0.9144701593758501 0.289309171721411 -36.9007329593837 0.11444736727823653 -0.2672914138767722 0.956795223750014 449.5995399435917
0.9525120471733924 0.3026333159695598 -0.03367307611175166 432.86420480031296 -0.28049549395970247 0.9150755319616315 0.28975687856105514 -36.643487389366165 0.11850349301966433 -0.2665517714636526 0.9565077497185948 450.4933237165141
0.9517678820106101 0.30489451504863296 -0.03431083598956479 432.8190510206366 -0.2811961940008227 0.9115511354318838 0.30000537990559717 -36.38973913860329 0.12274607632220033 -0.27588740853128485 0.9533202707177686 451.36866875861455
0.9509718833379326 0.30717294279748625 -0.03601750010542503 432.7727240680999 -0.28270078876684906 0.9105693207862763 0.3015688579303694 -36.135051381516924 0.12543022415396257 -0.27660132909289736 0.9527638551145465 452.24757104207396
0.9500239051957968 0.3097290028221966 -0.039019538276377184 432.72494582714916 -0.2851542496517995 0.9118509133810445 0.29532180019714205 -35.86584958076909 0.12704972830373537 -0.26943618275378 0.9546007070817735 453.1561190989005
0.9489171393972192 0.31308111427235 -0.039197939284972234 432.6754960862899 -0.28798704787587825 0.9101467293331882 0.29781939382760725 -35.600868755292815 0.1289175039082789 -0.2713174284304082 0.9538171366755644 454.0564028478395
