0.9998618582143745 0.001623666594412081 0.016541710760626934 0.01730534583002472 -0.0016279142561228407 0.9999986453436353 0.00024332297288381447 -0.01969724107953906 -0.016541293276910445 -0.0002702178465817418 0.9998631469351407 0.6449816238975524
0.9991509779192537 0.0033259593845824924 0.041064112277886915 0.05434014602902823 -0.0034606437145983746 0.9999888624077884 0.003209206359463782 -0.03879457241907786 -0.04105298123254152 -0.0033485899344529576 0.9991513597435433 1.2549053731651876
0.9970358274243355 0.004096980962137797 0.07682950982055098 0.12493683525133799 -0.004785421716637736 0.9999500161186744 0.008778667510309777 -0.05354039707613671 -0.07678970354978715 -0.00912030762959874 0.9970055974855293 1.8463023500006996
0.9937153605141759 0.0043069012011545445 0.11185362256192025 0.23334044825532455 -0.006507113591014236 0.9997923141209472 0.019312847987672105 -0.059520854033722655 -0.11174721361579742 -0.019919317928201917 0.9935370053613406 2.5237877513688587
0.9892048996719999 0.001439569606171514 0.14653188767042188 0.37871619877604723 -0.005970385356555866 0.9995173858966065 0.030485238872412068 -0.057721831549119404 -0.1464172836915177 -0.031030999496677314 0.988736090221569 3.2223247341541863
0.982989639090992 0.0007250066157089096 0.18365958674996585 0.5365503506807049 -0.00859052246339747 0.9990792241466564 0.042034590545412524 -0.052900498465470285 -0.18346000208101743 -0.042897298795166565 0.9820907541528487 3.859191541261643
0.9744565091469107 -0.0021596467620841695 0.22456590949447294 0.7226181563930922 -0.010123650060144833 0.9985148074105412 0.053532150072167536 -0.04160141310836791 -0.2243479964044175 -0.05443817876961312 0.9729873900527032 4.447765397835405
0.9616763890522302 -0.004087044356346687 0.27415655893648266 0.9309081130129495 -0.013206397452315286 0.9980379443076638 0.061203372361852186 -0.028288682028689123 -0.27386878939703097 -0.06247845861223936 0.95973555128673 4.9903159313468
0.9459807795816719 -0.004921096785051111 0.32418535973804313 1.1289287584869345 -0.01738946824534611 0.9976755207476763 0.0658874927053415 -0.01786216203416674 -0.32375603632395233 -0.06796571273285149 0.9436962916301618 5.482560263686887
0.9274685117520766 -0.006021751156028077 0.37385277613173223 1.348144895856144 -0.021123838002463164 0.9974294685550789 0.0684707143673709 -0.007254612068322914 -0.37330408941831034 -0.07140163703268487 0.924957222282533 5.943884636266387
0.9083374785178906 -0.005659086111612411 0.41819971289342384 1.573604417646978 -0.026124167700086305 0.9971882530833328 0.07023614293644279 0.0025600691376623085 -0.41742131352116946 -0.07472324040746636 0.9056356244987659 6.366105802144985
0.8915741451085145 -0.005188479754899306 0.4528450324910878 1.7976587534910138 -0.029103812244494303 0.9972109650237858 0.06872597288628918 0.012477255121525192 -0.45193861517562156 -0.0744538173243168 0.8889365090932979 6.752865511548182
0.878493362377912 -0.005300441888603205 0.4777251485673914 2.0341862385393656 -0.029960227156045918 0.9973591312568827 0.06616001879741333 0.026826219781287585 -0.47681421648972333 -0.07243389133756035 0.8760145742731624 7.148014862150077
0.8694960445382757 -0.0064334766260277666 0.4938980045624759 2.285115811245996 -0.029898628578075168 0.9973961386267763 0.06562784974038291 0.04445672138721405 -0.49303417786340475 -0.0718300287546812 0.8670396452456246 7.565369943459219
0.8631799542527558 -0.008352730683945847 0.5048272956827233 2.5532677599865106 -0.02964245455993862 0.9973000883006881 0.0671852570368037 0.06482718414604527 -0.5040254869189378 -0.0729572872683797 0.8606018491559073 8.009890173498023
0.8576040511619744 -0.009861333209876606 0.5142159522398089 2.8540215315099613 -0.02976450006033246 0.9971888124460072 0.0687644302578012 0.0886226445524709 -0.5134485037145675 -0.07427803470640108 0.8548996476741739 8.50343703578527
0.8523952971798605 -0.01177770932385583 0.5227652847203418 3.199485689042722 -0.029593586967038694 0.9970573204963895 0.07071717793424762 0.11602669480740038 -0.5220598403977093 -0.07574948981770427 0.8495384263447275 9.06041948684969
0.8480860288533771 -0.013913525651143713 0.5296758456524742 3.5609108815874166 -0.029308714660325117 0.9968928596968998 0.07311378481720618 0.14618154443020298 -0.5290473390053752 -0.07753089764275953 0.8450431190194023 9.636903469041133
0.8445318780976798 -0.017865254309884008 0.5352071931180007 3.9584337996060244 -0.027482212174554446 0.9966803997060307 0.07663490624917198 0.18165880403374585 -0.5347996212515475 -0.0794292989410695 0.8412373931173839 10.260764903259169
0.8401679844007405 -0.02031141166219481 0.5419457579355021 4.381949672721066 -0.02637291715809001 0.996585959385054 0.07823614763741621 0.21945254055978858 -0.5416846197083407 -0.08002419704601807 0.8367639456014884 10.912527393406428
0.833241415409242 -0.021725309370812455 0.5524823568038578 4.796357127971964 -0.025259965858783224 0.9966886603937919 0.0772893806886889 0.2566537631189332 -0.5523320358005827 -0.07835639843159246 0.8299334895358866 11.52960238788968
0.8227868523002971 -0.020673997825924613 0.5679739267745152 5.2218380037954875 -0.026875347951967162 0.996805043695983 0.0752158263579514 0.2945527270399049 -0.5677142867272493 -0.07715108992193483 0.8196024633745486 12.138023802400504
0.8086773263388218 -0.02005084881265178 0.5879106610084448 5.663656137687972 -0.028895062924272494 0.9968585448339587 0.07374358907812988 0.3321050421780458 -0.5875423875807572 -0.07662248399402051 0.8055575322362082 12.736838717016004
0.7931323748332819 -0.02038439967647217 0.6087080681584135 6.131099444947702 -0.02994863281408766 0.9969253988132084 0.07240737941461269 0.3684199393770315 -0.6083125145711576 -0.07565861121481528 0.790083324191291 13.327676957411974
0.7773747298519963 -0.01769058735567185 0.6287889729524101 6.6330335392650115 -0.033203608151521485 0.9970569308961653 0.06910135279167144 0.40595407397577665 -0.6281608470712383 -0.07459570812674259 0.7744994709719396 13.938608750266194
0.7613819796085296 -0.014757678229276133 0.648135550684174 7.184781989395418 -0.034894451927816025 0.9973588092104947 0.0637007293120017 0.44799185727607405 -0.6473637759035129 -0.07111692220213646 0.758856063443155 14.577937242485367
0.7443693798521898 -0.013007793396715853 0.6676413885083927 7.773912102023029 -0.03514341564437097 0.9976615908991479 0.05861988042829547 0.4869923558443965 -0.6668426851029509 -0.06709804285915526 0.7421716014299913 15.227668946034624
0.7280889707481142 -0.009922913578560429 0.6854108158331498 8.380269156855364 -0.036287950602346394 0.9979352306611632 0.05299490585265948 0.5168638954680127 -0.6845214644669905 -0.06345716028442337 0.7262255527675985 15.866827830152435
0.7127821544577305 -0.0015922553114126573 0.7013836788873968 8.978834915653493 -0.03697374809028694 0.9985217084985639 0.039841430813470774 0.5390483838483734 -0.7004102670854788 -0.05433104434972567 0.7116695830096413 16.465414499382376
0.6962638090590588 0.006284747150165644 0.7177584622613855 9.557960977644846 -0.03525215780296922 0.9990543782084232 0.02544866897924303 0.5563237927745676 -0.7169197957685398 -0.0430215217750258 0.6958269577268162 17.01545658896676
0.6782486294472343 0.006237511381652586 0.7348060220933902 10.150097136501762 -0.03354478641221874 0.9991843400312552 0.02248114634228473 0.5641536719934224 -0.7340664438301935 -0.039896717760592226 0.67790464517838 17.552772447228005
0.6605763564984501 0.0013942704323106913 0.7507575728856778 10.748926248582476 -0.03163883835107071 0.9991615881188617 0.0259827776726928 0.5644267978957423 -0.7500919017980576 -0.04091670609610888 0.6600666345295889 18.067224051300116
0.6477407625528648 0.000329224777159428 0.7618607458968333 11.353815108029892 -0.0291425906911377 0.9992787436865674 0.0243454682436741 0.5657500494108632 -0.7613032338925415 -0.037972148046180335 0.6472831699013326 18.573132833761846
0.6385744438270147 0.002698751695800316 0.7695553238268857 11.987573528656316 -0.02991506823581382 0.9993250689745359 0.021318893298790102 0.5683010834156598 -0.7689783926635813 -0.03663500045479749 0.6382241834639394 19.096838030230685
0.6310901595348917 0.002350813344477452 0.7757059263759972 12.6096914267733 -0.02936093275646039 0.999351217620104 0.020858558648324615 0.5694896439987165 -0.7751536274609668 -0.035939080648152585 0.6307497414317905 19.598134147101256
0.6279041050268489 0.0035523332851529464 0.7782826066530477 13.24741274019957 -0.028613421150698187 0.9994189144044378 0.01852311152876864 0.5691843599491192 -0.7777645575754172 -0.033900065765210846 0.6276408834043798 20.107555486515388
0.6294499838161701 0.0040283145334083425 0.7770305596022866 13.972334391206829 -0.028430770806693085 0.9994363822464509 0.017849625023027196 0.5687285076269568 -0.7765207074799488 -0.03332702393171828 0.6292097427175575 20.693998078895262
0.6348020399867794 0.004287941117787013 0.7726629171829028 14.723962078424966 -0.029988908799019054 0.9993678779488778 0.01909214165567396 0.56621686891272 -0.7720926339356355 -0.03529104822652051 0.634529358294324 21.314718969132947
0.6406263007271743 0.004647573856457761 0.7678387479633106 15.469283810160071 -0.031383982215423344 0.9993045553880398 0.020135819849550346 0.5651897531956125 -0.7672111759332746 -0.036997373392719746 0.6403266399933102 21.94065178978198
0.6430047436148999 0.004779967542743913 0.7658472769417066 16.261842885880448 -0.033327364804229105 0.9992079036565498 0.021745160967177674 0.5647542681281942 -0.7651367109503653 -0.03950591323552657 0.6426547256307115 22.611401911104327
0.6429025906866501 0.0036917268908267125 0.7659390511267573 17.112679573695885 -0.03353176661010124 0.9991653280016782 0.023329550945185514 0.5665873854894683 -0.7652136169177857 -0.0406819182421608 0.6424897680210475 23.32769081212794
0.6420707201082516 0.002426236136347422 0.7666415745039413 17.972900906469672 -0.033058238683309614 0.9991524902713111 0.024524559930696344 0.5693031212959855 -0.7659323359376002 -0.04109032200953977 0.6416067660197516 24.046986489076932
0.6410938191068601 0.0018811186185348412 0.7674602116694543 18.830229479133514 -0.033426803289715805 0.9991164724611284 0.025473972573221176 0.5734666824475216 -0.766734219873361 -0.0419849478929483 0.6405902748447058 24.763076882023405
0.6412860930223006 0.0009245869515812738 0.767301304596286 19.675912848937536 -0.033186592004911857 0.9990969330687067 0.02653240365671784 0.5786067869715648 -0.7665838486475522 -0.04247897681998075 0.6407376526481295 25.469848401722984
0.6422884562802057 5.517440641994924e-05 0.7664630035983312 20.494626552084565 -0.033641074539776765 0.9990383383346697 0.02811897297752247 0.5865332381618124 -0.7657243740622338 -0.0438451307819504 0.6416726482200363 26.156975692177188
0.6437083651417841 -0.002711883317231246 0.7652660885831578 21.30946791832714 -0.03305812284934107 0.998961721511304 0.03134708070697161 0.5980787111526743 -0.7645565388904667 -0.04547663844266905 0.64295036682141 26.84142774075439
0.6449886040639997 -0.003557806871639033 0.7641839062933985 22.087852620379596 -0.03282860822173193 0.9989370290895693 0.032358837987925854 0.6108873406819018 -0.7634867275269411 -0.045958175812024125 0.6441862020924031 27.496996734195324
0.6443563502798269 -0.002394572459705156 0.7647216224723851 22.8387986215776 -0.03387768289097513 0.9989239718186722 0.03167335043765816 0.6226776849303103 -0.7639746045883989 -0.04631592111513485 0.6435818821216592 28.13083722795759
0.64189374725602 -0.00020666508097999604 0.7667935670851508 23.59379739825092 -0.03420259465088188 0.9989969622863306 0.028900724244054654 0.6354072799256164 -0.766030416989282 -0.04477752373934638 0.6412428351373606 28.762630637567398
0.6380037391851784 -0.0019370525520822999 0.770030828352438 24.356702451502684 -0.033974942658712155 0.9989522045377353 0.03066262090127875 0.6488969472254861 -0.7692833886527571 -0.04572462002694818 0.6372694305129686 29.393706274747625
0.633316162193576 -0.0017704858254351968 0.7738911448545865 25.108435823392455 -0.033204663789288526 0.9990143332537311 0.029458653333830603 0.6608209785458119 -0.7731805022160358 -0.044353436547176744 0.6326331351260501 30.007122678110374
0.6286764481622465 -0.00031263151264595017 0.7776669118508515 25.827806657249617 -0.03236507718201672 0.999122989457313 0.026566025613242134 0.6728248853618938 -0.7769931951472324 -0.04187068424827376 0.6281149739462332 30.58637746331642
0.6253279868822162 0.0002601380323290762 0.7803619936606597 26.522762132309346 -0.031684770227336075 0.9991837805883854 0.02505689415593332 0.6874858415102096 -0.7797185288022062 -0.040394367643334476 0.624825824454479 31.14184848117967
0.6227519445248512 -0.005780305234316195 0.7823979829101783 27.22578098873642 -0.03170667759946478 0.9989648631126139 0.032617309239109805 0.7004281273345525 -0.781776631900776 -0.04511973335242862 0.6219240367408911 31.7043213259712
0.6199295311747696 -0.005490435339942066 0.7846382806728264 27.90862069273454 -0.03158863840774098 0.9989902319046727 0.031947996534876004 0.7120431370618296 -0.7840213863798464 -0.04459116144288435 0.6191301107361837 32.24556110849565
0.6168405973179779 -0.003589538608640912 0.7870799150740527 28.56348543118043 -0.029393345017131863 0.9991870077009233 0.02759266044400658 0.7259656935854283 -0.786539070084319 -0.04015518464969965 0.6162336021158245 32.756166382059256
0.6156871583260684 -0.006411326478149773 0.7879646045128945 29.22443116792485 -0.02757292500808727 0.9991792457041996 0.029674378855916547 0.7389956614465181 -0.7875081313096841 -0.03999662294215162 0.6150050514218186 33.2708419416468
0.615533642672171 -0.011573748328467276 0.7880256233704322 29.902052951977232 -0.027841374659679875 0.9989487147797186 0.03641871904676513 0.7515915972095037 -0.7876186847680728 -0.04435666341799372 0.614564312187614 33.80354796005868
0.6153242671426715 -0.012084256362841059 0.7881814619828942 30.622721456669495 -0.029790454640685908 0.9988117101288005 0.03857066919152045 0.7701595397930563 -0.7877109717895499 -0.047213752845305657 0.6142330880574789 34.373302213280226
0.6151728409796704 -0.015136295184643015 0.7882469589469315 31.33921997339306 -0.02558670732436253 0.9989056947163664 0.03915014012121155 0.7928338523985142 -0.787976964212343 -0.04425274716101183 0.6141123661345738 34.925412423542454
0.6167457392220341 -0.015564913164958906 0.787008530214022 32.08355191205198 -0.023774650582443577 0.9989800304611985 0.0383883410611259 0.8151939822703712 -0.7868033166815903 -0.04238669859649253 0.6157466269829991 35.50861345694878
0.6207368655075263 -0.01584774344898749 0.783858783727954 32.92108854071104 -0.02303899960015825 0.9989952098058327 0.03844184285936329 0.8352109799158881 -0.7836803865717941 -0.041921591245742934 0.6197480390369214 36.17732857570109
0.6255468562929107 -0.01782853139587479 0.7799828677928278 33.763089985102944 -0.024243255738696352 0.9988119001342056 0.042273546119118745 0.8542873435011317 -0.7798098454964814 -0.04535340801487143 0.6243714225108256 36.86535220110103
0.6308397800340338 -0.018709333783971303 0.7756875226249116 34.578138425033266 -0.025631260999414814 0.9986611625840928 0.04493240262624928 0.8764655060735621 -0.7754896584650199 -0.04822699633553234 0.6295156443157396 37.541590468648636
0.6354787686941034 -0.01734434780887972 0.7719235118443484 35.41322595608348 -0.026544424513316383 0.9986659397167523 0.04429147070161915 0.8984435450961953 -0.7716619260183081 -0.04863655465532229 0.634170605976796 38.24452842003737
0.6399125671303487 -0.012896849766738156 0.7683394937752076 36.25356036704001 -0.025184779980027116 0.9989700568542106 0.03774324265418429 0.9220870682122557 -0.7680349167101757 -0.043502836399356766 0.6389286892441175 38.955793973928095
0.6445760981160402 -0.015533901898470563 0.7643823334099963 37.10897471230307 -0.024071057804010535 0.9988855816070937 0.0405977712892419 0.9426813231783575 -0.7641611334749356 -0.044567844341703425 0.6434838532061522 39.688255019809205
0.6465686423091658 -0.01273675427887313 0.7627494777926253 37.96387617126261 -0.022415074183799923 0.9991116963565777 0.035684487565549844 0.9630050715831967 -0.7625264292021741 -0.040169556805132234 0.6457087977364583 40.42275089019841
0.6468467388997751 -0.00896409057420147 0.7625673356857771 38.82012364517589 -0.021565650134712712 0.9993160224380043 0.030040140361738125 0.9806240832457269 -0.762315039277722 -0.03587662719464133 0.6462109938032183 41.15850409694996
0.647975982503692 -0.008176091937568625 0.7616168837539018 39.6804029645858 -0.02152067184777563 0.9993466218974533 0.02903773381943603 0.9926957990009908 -0.7613566751408941 -0.03520626113032296 0.6473766541941621 41.89789655184942
0.6487840487357006 -0.011029378403375105 0.760892640862131 40.5119180697245 -0.02121194864605071 0.9992443067757519 0.03257097804616179 1.0052730521410838 -0.760676877090891 -0.03727154663119592 0.6480598124177807 42.61859582694055
0.6491272059302472 -0.012195750383554497 0.7605821022044714 41.33967461964029 -0.021188873953276937 0.9991935910447794 0.034105706789764496 1.0170544909365842 -0.7603847066727366 -0.03825482044944506 0.6483453297206652 43.34016053436033
0.6501911606418599 -0.009485096126959231 0.7597114502063622 42.19162689368931 -0.021168548590371858 0.9993077295297185 0.03059336942436092 1.0278895056227457 -0.7594757054532879 -0.035973527122325696 0.6495402667830616 44.08224644796772
0.652552589710785 -0.00840581773623222 0.7576968126433774 43.057315780848704 -0.021166539108137764 0.9993460625746412 0.02931594853904759 1.0392007073203988 -0.7574477508606997 -0.035168017355911026 0.6519479390805086 44.83940412613215
0.6544628419735048 -0.01135535089459266 0.7560088918008996 43.94471705184079 -0.020939611648194512 0.999231486432746 0.033135618078240024 1.0507382852513174 -0.7558041552809744 -0.03751656337492638 0.6537221017623228 45.62174757634304
0.655854964126242 -0.009111686147391655 0.7548319304365162 44.82704563562307 -0.021016880355662813 0.9993191417314491 0.030323979112819973 1.0621279697943709 -0.7545942994557292 -0.035752344603821734 0.6552169206333486 46.40334085506675
0.6585010001467076 -0.009432282680525612 0.7525207404777764 45.665817530714655 -0.0210913272709841 0.9992974005786386 0.030981625372523823 1.0692558988180074 -0.7522842472893708 -0.03627309250959765 0.6578393983641113 47.151417212047235
0.6614435593327966 -0.010574573518447296 0.7499203932498867 46.422774388750994 -0.02057275893851011 0.9992685281075091 0.03223616483872814 1.0779281114021149 -0.7497127312556593 -0.036750335083569736 0.6607421838088029 47.8313483089741
0.6642071025177505 -0.009288566532391788 0.7474909012802419 47.16111539735004 -0.022435980307402792 0.9992246575820034 0.03235290509016576 1.0895756981176719 -0.7472118519888596 -0.038259720489057084 0.6634837164810291 48.5060210598359
0.6663877437389043 -0.010358860368428069 0.7455334124011078 47.90439556386948 -0.02288087599408984 0.9991484385832574 0.03433457718366643 1.1016475630049496 -0.7452542120030698 -0.03993859898025315 0.665583253848216 49.18803738412423
0.6683238593739819 -0.008726705182068752 0.7438192412193516 48.634636395084215 -0.02432898100709484 0.9991398095632509 0.03358186458591284 1.1140789344494308 -0.7434724740530908 -0.04053992553736904 0.667536661736868 49.85908558804504
0.6705320870071138 -0.011881567980607285 0.7417853790930415 49.41317071958955 -0.023343494465228966 0.9990387500249602 0.03710333158513131 1.1322424908068311 -0.7415131836724399 -0.04219483725394126 0.6696101807388212 50.567126667517584
0.6725431853122231 -0.011637693241937091 0.7399663694966792 50.1826667128188 -0.024068510843245104 0.9990034608472362 0.03758712546913427 1.149130835072232 -0.7396663914738041 -0.04308885367760931 0.6715928677501509 51.2738461011319
0.6738105093604794 -0.010028993203973333 0.7388361230818961 50.92993504805565 -0.025411497060238923 0.9990018811857821 0.03673550332342395 1.1697496919617574 -0.7384670969600001 -0.04352770017566383 0.6728831146825488 51.964583890176954
0.6727945250369323 -0.013275470848968813 0.7397102736572391 51.686492561438854 -0.02460248546013675 0.9988845415691403 0.040303725924431245 1.1954339020039704 -0.7394202085347099 -0.04531483739291244 0.6717174411332051 52.657522149951525
0.6711172048363899 -0.017713564399387788 0.7411396137090906 52.43745207871928 -0.02419835166960218 0.9986583935968081 0.04578048356140839 1.2208101825957791 -0.7409562316014804 -0.04865842717259642 0.6697881906364305 53.33778253440542
0.6696374028674461 -0.015191153439936093 0.7425328124319532 53.17712958677776 -0.02365597084908365 0.9988472246359332 0.04176861118447793 1.2496474926744088 -0.7423113522802477 -0.04553515888033238 0.6685060998836238 54.00209252643266
0.6682918317895422 -0.01607794856810924 0.7437254380033131 53.92015522284596 -0.023801282984162328 0.9987924138384168 0.04297921575757157 1.279079833505737 -0.7435183430768115 -0.04642427843994242 0.6671021360178995 54.666921680676346
0.66769167894295 -0.017366927425627933 0.744235320111951 54.62958156455026 -0.02176372545671178 0.9988451416716053 0.04283366915494124 1.3065368009337293 -0.7441197229778221 -0.0447970176554541 0.6665426206062045 55.29550465888944
0.6671952103091597 -0.016823184821332354 0.744692911066692 55.37166054924055 -0.021105490120514284 0.9989165876307016 0.041475405278397014 1.333385168672728 -0.7445838499640522 -0.04338930062471285 0.6661173012045315 55.9599317089118
0.6670171136322172 -0.015418541609747358 0.7448828355495748 56.14585770560601 -0.02082361342429661 0.9990094459857316 0.03932561449280365 1.3590115728857657 -0.7447513324900483 -0.04174201008468146 0.6660353274026748 56.6572296566031
0.6663192730892947 -0.015952508753349668 0.745495904599233 56.86478351796015 -0.02100745199130573 0.9989726898202713 0.04015285735890412 1.382156994224213 -0.7453705878759826 -0.042415592153426586 0.6652996349553234 57.308622121778704
0.6649588105991111 -0.01953051371893944 0.7466246307486049 57.550880854202866 -0.02100331455636205 0.9987737107367907 0.04483230440996399 1.4035223929925125 -0.7465846509166012 -0.045493227792007575 0.6637331732261103 57.9266101101888
0.664574099633407 -0.01871594732019496 0.7469879379296261 58.19698444951659 -0.020477918803488933 0.9988546000029216 0.04324514879707075 1.426453911804014 -0.7469417118744444 -0.04403636416543454 0.6634296328120747 58.503299812374976
0.6666563838477354 -0.018518711962389068 0.7451351039793493 58.88902046045435 -0.01977522427413066 0.9988999769991322 0.042517954513832557 1.4547944379796427 -0.7451028159790902 -0.04308007960051343 0.6655568348095029 59.1239487804452
0.6705240176321474 -0.020554143569572497 0.7416030400157256 59.64409259641065 -0.01939062016477273 0.9987890981309202 0.045214392669234556 1.482087010343096 -0.7416343746267905 -0.044697479089358366 0.6693135212551635 59.81157371365648
0.6767290481932197 -0.018966441947560034 0.7359878187927771 60.3644395143142 -0.019323962394975202 0.9988661370567238 0.043508903901790054 1.509213945790484 -0.7359785185784011 -0.04366594005890011 0.6755952233918732 60.4806263226262
0.6840934262865271 -0.018600168144161856 0.7291571969449178 61.09307598517823 -0.01875037790877786 0.9988959809192539 0.04307252757429915 1.5350290198480772 -0.7291533497419039 -0.04313760596474561 0.6829894139090236 61.16707106984876
0.6915670818025408 -0.0137928424387577 0.7221805375836283 61.788290057118346 -0.01788924950294012 0.9991839196389045 0.03621421664562242 1.5574103530151964 -0.7220906772139776 -0.037963827948379054 0.6907559638889595 61.83105726847428
0.7004569398098502 -0.01026716252255017 0.7136208102668787 62.430119354849126 -0.017165505813846516 0.9993649037809738 0.031227143657390283 1.5774295586114195 -0.7134882065475057 -0.03412293165277615 0.6998358412178134 62.45856208019123
0.7087860481125426 -0.010761566996989326 0.705341425606617 63.04577684518961 -0.018224326764095203 0.9992705527945631 0.03355944325585894 1.5903251888012953 -0.7051880684718095 -0.03664083778268512 0.708072903797047 63.08616282465172
0.7135235723653327 -0.004884816257534696 0.7006141950097392 63.639587314756156 -0.018216908170184697 0.9995082820333238 0.02552133232243429 1.600427917446174 -0.7003943574413877 -0.03097309666344645 0.7130837337559616 63.69836080777454
0.7147426881084155 -0.005236890669258727 0.6993679037328459 64.277277225393 -0.018350947876345145 0.9994872587158327 0.026238566590979843 1.6108740330792102 -0.6991467174403361 -0.03158788756513884 0.7142801081169595 64.35532718436751
0.7132786699634356 -0.008818232026505569 0.7008250692998357 64.95023464460435 -0.017379373717036854 0.9993908630483199 0.03026318266040976 1.6193436139681936 -0.7006650386200219 -0.0337659834665077 0.7126909302188033 65.0424947912107
0.711228443716238 -0.010392911629436313 0.7028841214857834 65.58073092950465 -0.015033988353921236 0.9994371240050288 0.02999023765711293 1.6313491064080332 -0.7028001707762693 -0.03189706175212199 0.7106718633859289 65.67829238860106
0.7074126686972786 -0.011392016692612908 0.7067089486643494 66.18329556316732 -0.014709134405613476 0.9994162768134061 0.030834185662447083 1.6421729992725764 -0.706647689822611 -0.03220757047813279 0.7068321688153869 66.28075040503013
0.7034286023725762 -0.013517603076746413 0.7106373729063397 66.80704081912656 -0.014064216829820422 0.9993586629163371 0.032931150284099715 1.6546012437567301 -0.7106267650244599 -0.03315927111879426 0.7027873530234745 66.89766887063259
0.7002651637222903 -0.015002332230483792 0.7137251785558925 67.4044779045552 -0.011941208221158146 0.9993931217649742 0.03272301506703923 1.66551741450895 -0.7137829558228566 -0.0314375284732264 0.6996610420627132 67.48377150050626
0.697388536648111 -0.014629983807755778 0.7165439222584976 67.976644816192 -0.010210147794897104 0.9994873609968498 0.030344160715999737 1.6750430445447202 -0.7166205284764134 -0.02847768918534068 0.696881653786961 68.04021271016714
0.6958716154699361 -0.016607716917281277 0.7179741489232446 68.56484365110259 -0.006993209831097623 0.9995284798486546 0.029898377676642395 1.6876795526504973 -0.7181321534366225 -0.02582637625049941 0.6954273567312746 68.60756370583056
0.696498174528556 -0.018749767480786626 0.7173135570291462 69.16169872143954 -0.005552914306428566 0.9994877825348959 0.03151726044854146 1.6942841524189045 -0.7175370778023222 -0.025934895081572498 0.6960373001470629 69.18855116609848
0.700487945116054 -0.017832118480971073 0.7134414161636325 69.77226839418115 -0.005018024131584069 0.99954000203119 0.02990992767130312 1.6984621976619847 -0.713646591935325 -0.024531610015821544 0.7000762400832696 69.79483106595535
0.7072998487020584 -0.019042877822830664 0.7066571253658105 70.39602354936339 -0.0051826871712907785 0.9994705514926768 0.032120965935164225 1.7009759264428872 -0.7068946624354515 -0.026381537164240233 0.7068266765743362 70.43109360451476
0.715040631921883 -0.023444799893240872 0.6986896564703967 71.01668118910855 -0.004998187612734048 0.9992405004690541 0.038645055866712 1.706325005768547 -0.6990650276056894 -0.031124967153705958 0.7143803773889215 71.07922580351668
0.7250694967352543 -0.027627821890145864 0.6881213035226363 71.62961939908136 -0.0046373448739547435 0.9989764537283663 0.04499488780757458 1.7171635992107122 -0.6886600902742995 -0.03581547645784707 0.7241992348169747 71.73770474339787
0.7365952990585937 -0.028774669210508457 0.6757213803163309 72.21900162195834 -0.0038705284841464493 0.998898843676155 0.04675595268725261 1.734764471255235 -0.6763226925174372 -0.037055613802297396 0.7356728193101196 72.39102090355505
0.7484528706436225 -0.02918456166856105 0.6625455167651014 72.79961182057419 -0.003955018919741402 0.9988170573558731 0.04846487140494492 1.7598970170572386 -0.6631761894479223 -0.03889405218240086 0.7474520683322555 73.05667294791819
0.7579958512263169 -0.03204412797488918 0.651471767144226 73.38058225655293 -0.003234853375970552 0.9985955287626439 0.052881997493387026 1.7859182354763 -0.6522513512805693 -0.042191750349843855 0.7568276097996747 73.74135479815428
0.7657553436427605 -0.03098866557577619 0.6423849751421581 73.91246972077866 -0.0029811045998911004 0.9986567173588871 0.051728849681155605 1.8063014059629197 -0.6431250785795278 -0.04152665986813523 0.7646343373288131 74.38624887626655
0.7729155901073146 -0.02363576245208062 0.6340684831328326 74.42989549193268 -0.004136283219668349 0.9990970384856201 0.04228473543004892 1.8284696519607995 -0.6344953756570572 -0.035305218064350836 0.7721199128679685 75.0315368771717
0.7780119291683474 -0.021756050632165156 0.6278726879970475 74.99525132698331 -0.002658452468753053 0.9992772599319699 0.037919525489186465 1.8550263634702235 -0.6282438783643016 -0.031171012876458657 0.7773917913472183 75.73746151576529
0.7804400017531745 -0.026606494041057426 0.6246643083595771 75.57726701735413 -0.003806108580292568 0.9988734516087897 0.04730054131421223 1.8781132999413648 -0.6252190953585642 -0.0392927747300398 0.7794595311195018 76.47124564060616
0.7811409529782188 -0.029734903654074153 0.6236462515601 76.1259827009366 -0.002956062788885747 0.9986779541407382 0.05131866722799038 1.9019247672132098 -0.6243477182412613 -0.04193065010170939 0.7800203505736111 77.15629975661354
0.782144708089918 -0.029638533292957493 0.6223915270560644 76.6619307428685 -0.0014229429636333096 0.9987805078265746 0.04935050576247263 1.9318233152301667 -0.6230952020680791 -0.0394848645677284 0.7811487147975142 77.82936082481233
0.7839616682760613 -0.02977135650342338 0.620094967731364 77.25608480461447 -0.003388557428985489 0.998629376029 0.05222917776952173 1.9665028787775645 -0.6207999841755525 -0.043046900746463876 0.782786269669926 78.58686014402598
0.7866559242630364 -0.03137960312842948 0.6165936890119542 77.87473906172124 -0.004569931051978389 0.9983842079482336 0.05663999514263962 2.003264094190037 -0.617374742398852 -0.04737397837505672 0.7852414492504016 79.38125683154642
0.7918307711597231 -0.032212204852000804 0.6098904850079 78.4778705733935 -0.004985479905592032 0.9982339399543391 0.059195828513060975 2.041161337910389 -0.6107202099445459 -0.04991367529855447 0.7902717571718484 80.16715572036807
0.7998200594203378 -0.0312427131151485 0.5994261968132958 79.03482232045658 -0.005243844813713071 0.9982426518562973 0.05902635095003496 2.0772444604853773 -0.6002169396480056 -0.05035375747758585 0.7982506651844841 80.91772309921448
0.8086357082988861 -0.029056946877894 0.587591682294852 79.58021038855352 -0.0053909649191021015 0.9983716270043284 0.056789364232847396 2.1138494643106873 -0.5882849894066654 -0.04908959391627974 0.8071623027668814 81.67581430265228
0.8172246162316401 -0.02964303338830586 0.5755564413648661 80.12770138337301 -0.005187882909350933 0.998257497089916 0.058779719076352495 2.151291449459849 -0.5762959417660061 -0.05102215278989944 0.8156468153733677 82.45862864119093
0.8261058964407532 -0.030113228128131775 0.5627097309959399 80.63819701563857 -0.00531869874144185 0.9981100130899555 0.06122183608212042 2.1899758650234564 -0.5634898040865672 -0.053568603316414144 0.8243844039216238 83.21639972403959
0.8328863713688754 -0.029721145503205534 0.5526454070178862 81.13561910559417 -0.006560971579371667 0.997956588578559 0.06355785525471004 2.231455216125183 -0.5534051373450762 -0.05656236224399831 0.830989442253905 83.9787492548883
0.8356068844905689 -0.03144443857774081 0.5484271892188569 81.64067815098767 -0.006698806294314158 0.9977028339168069 0.06741054211770552 2.2726956995290104 -0.5492870475317951 -0.060002520587908496 0.8334767164935689 84.75438980405859
0.8358036000962336 -0.032451879756258975 0.5480686248696058 82.15004841880744 -0.004474973747334162 0.9978157791024851 0.06590633948309574 2.3150453785741605 -0.5490103065299742 -0.05753734851716499 0.8338327990967244 85.52758925009871
0.8358574657524435 -0.034644300364176046 0.5478522331780529 82.6596292520057 -0.0010446069121972123 0.9979043551058702 0.06469781184194631 2.360466365649841 -0.5489455398692132 -0.05465043927557816 0.8340696156464906 86.29797860088875
0.8355696842070001 -0.03887872645601197 0.5480070688078509 83.14273230936658 0.0014491364678631915 0.9976453203211617 0.0685690516543994 2.4015902449941757 -0.549382565101689 -0.05650008380918374 0.8336585258316763 87.03034339243919
0.834985043860352 -0.04052846574955269 0.5487781154469568 83.59155503054382 0.002644966444563707 0.9975681104667691 0.06964818111240728 2.4381885228011404 -0.5502662816146681 -0.05670368986006906 0.8330616489037411 87.71200744014132
0.8349700185352497 -0.041079794423105734 0.5487599827223193 84.03707195305888 0.0035185754267086505 0.9975879209271814 0.06932502900936863 2.4734382863147335 -0.5502841881920754 -0.055953467366541464 0.8331005471823015 88.38725844934392
0.8353830654893453 -0.03882391114497767 0.5482953928468038 84.50398908238262 0.004057197348120083 0.9979108225779999 0.06447890609631642 2.5125040336607167 -0.5496532298124905 -0.05164004362029597 0.8337953183195451 89.09523456890663
0.8357521820710869 -0.038987024426754856 0.5477210075300782 84.99706467767386 0.0042399848417541105 0.9979047143714648 0.06456162609280204 2.5537732821620094 -0.5490904412680647 -0.05163519111567916 0.8341663469275713 89.84329794345908
0.8359766708167617 -0.04063796964489244 0.5472582217502665 85.50945075537851 0.004893822682825134 0.9977666933244503 0.06661588543238763 2.596079194160899 -0.5487431606404511 -0.05301114142831428 0.8343085535548554 90.62224271063705
0.8347749172640044 -0.04293878325615766 0.5489144727545038 86.0293882431393 0.006850603392331632 0.9976872377615468 0.06762577053827716 2.642612064412319 -0.5505487323934503 -0.05269190165685298 0.8331384379319858 91.40675109794559
0.8313695181118907 -0.044360749279251856 0.5539466113966088 86.54750964120551 0.009434060538376768 0.997791813340442 0.0657456898401014 2.6910934182854964 -0.5556399219424035 -0.04943299661335471 0.8299522010270612 92.17311301884452
0.826672641680679 -0.04403090868507068 0.5609577725435793 87.05380134566062 0.009824388004524598 0.9979111219151205 0.06385040452841241 2.7419910521918363 -0.5625973914772654 -0.04727231577226076 0.825378400047217 92.91326033858282
0.8220168955165306 -0.049790041872114096 0.5672822711981556 87.57924428526572 0.011871842267033084 0.9974522157670588 0.07034299270411613 2.794540324600617 -0.5693393389241175 -0.05108844283943078 0.8205136733544973 93.66797675132744
0.8192987930811321 -0.05174437275830614 0.5710271513191374 88.11231233019987 0.01106876216792869 0.9971612388769627 0.07447782344718856 2.848037964946908 -0.5732599499004525 -0.054699027132209935 0.8175457456747727 94.42940428518344
0.8184053154946822 -0.052784070163579805 0.5722120074823799 88.59344156934841 0.011362064854574664 0.9970640608572244 0.07572424994109632 2.8959306994089076 -0.5745290619736214 -0.055471618724060014 0.816602263322753 95.11216846421901
0.8185365510068624 -0.04976259252010771 0.5722950279807323 89.0055039619088 0.00899242405001959 0.9972288074454235 0.07385013141953801 2.9383316521973804 -0.5743840622575577 -0.05530271229023167 0.8167157149448329 95.70595148050565
0.8191132358955445 -0.04985618593032127 0.5714611688515767 89.42337400673534 0.008049755637637619 0.9971168244008414 0.07545356141996247 2.9823184062496626 -0.5735753727409356 -0.05720488808889479 0.8171529187146266 96.30721407562572
0.8198241386256817 -0.05113346823404265 0.5703277567793945 89.86684596585542 0.009041880297124539 0.9970367668039758 0.07639325913827073 3.0266100565619167 -0.5725439949273333 -0.05747220256291452 0.8178571512221535 96.94303137884751
0.8203438556663759 -0.052623409681449754 0.5694442336383095 90.32974797224237 0.0097038041486632 0.9968947317538615 0.07814556920543177 3.073496433639489 -0.5717882428447331 -0.0585804622284158 0.8183071152016443 97.60989620208457
0.8210525495194255 -0.05555319300770199 0.5681430750033827 90.83451499856213 0.009941921277480364 0.9964941290348269 0.08306990430013755 3.1269750193865438 -0.5707660371193808 -0.06255632298793344 0.8187263506967799 98.33957626810232
0.822114603846349 -0.05491515383657772 0.5666673662931937 91.34933680029782 0.009697133374237514 0.996543429169272 0.0825055112333125 3.182444073506248 -0.5692394432458817 -0.06233393665294226 0.819805426058199 99.08534071181032
0.824106628828467 -0.051928504695978484 0.5640493725916359 91.856267799147 0.00793760356419889 0.9967498201338569 0.08016726584324257 3.2382102157283876 -0.5663790769181322 -0.061589174886202684 0.8218403219398527 99.82592491643723
0.8267743806099674 -0.05151869740601491 0.5601695702058362 92.35950310597758 0.00781418917154678 0.9967531510414047 0.08013797062954336 3.290344519162647 -0.5624793880797718 -0.061878750040848064 0.8244925459206937 100.56661900648602
0.8293784012314457 -0.05092043611865335 0.5563619116692444 92.87627265080528 0.008164379460146273 0.9968361406824517 0.07906359173061692 3.3454096921644045 -0.5586276134231104 -0.06103128554111476 0.8271700984116859 101.33287470752778
0.8320541796840669 -0.05166933661337534 0.5522826465897755 93.41915405548558 0.009169174004080615 0.9967972947034182 0.0794423030886505 3.401810403309398 -0.5546185791319611 -0.06103632464262434 0.8298631204938341 102.14676812765478
0.8344849351192734 -0.05085441202475098 0.54867906998226 93.97077818092107 0.00929555584245749 0.9968897005608661 0.07825929693809984 3.4595730750953817 -0.5509523443098868 -0.060205927393262484 0.8323621571204186 102.98734614839812
0.8367853760425465 -0.050724020037302336 0.5451764010231807 94.52260095969646 0.007836982850094019 0.9967071234097801 0.08070620697324328 3.5183720817650066 -0.5474749456743562 -0.06326123564597837 0.8344274683418589 103.84141314657032
0.8391708865088232 -0.0473626005120443 0.5418016309579833 95.0577876814746 0.007404435178561275 0.997103504290664 0.07569528433768818 3.5766819329161708 -0.5438174303713335 -0.0595095438061281 0.8370909249420313 104.67549010661249
0.8407707210560625 -0.04518664275911618 0.5395023280126113 95.59760779559998 0.005217008730657707 0.9971407496124258 0.07538639321703239 3.6389725210759125 -0.54136621379134 -0.06056808382744826 0.8386024861558063 105.52126163511234
0.8404912374561205 -0.05059886017533792 0.5394573524463584 96.1694505567791 0.004789687173705451 0.9962849262391784 0.08598490940491903 3.7065072322722386 -0.5418039669993707 -0.0696857309465194 0.8376111032252337 106.41626024424127
0.8405412234260873 -0.053313713650917825 0.5391178903153958 96.73221673368985 0.004093905572592937 0.9957425683510736 0.09208679335697177 3.7770600497663844 -0.5417321216787289 -0.07519564821420761 0.8371809379286577 107.29640000579785
0.8423355944676296 -0.051027245790661466 0.5365323536189438 97.24654303466474 0.0051049727007844254 0.9962186538029046 0.08673138456667223 3.8416365298399255 -0.5389292027220156 -0.07031794935965614 0.8394109246675697 108.0981069408501
0.8443678750116299 -0.049989282481778724 0.5334266240874188 97.7392881792945 0.006587659400763967 0.9965310429145867 0.08296073318856878 3.901129405667516 -0.5357233375465009 -0.06653534507705137 0.8417681114555923 108.86603208431853
0.8457955091133043 -0.0493392290826288 0.5312208554238975 98.23536381952928 0.006918854871246366 0.9966451276411484 0.08155132737380219 3.9599017665191156 -0.5334623568828782 -0.0653003064517335 0.8432993441040219 109.64803543632739
0.8463425339832722 -0.051715300069767385 0.5301224791587948 98.73543061935094 0.006346518830828055 0.9961838175645304 0.08704897082267958 4.0181099470034685 -0.5326011987120401 -0.07030881425007603 0.8434409485964299 110.44684331471132
0.8465713890916475 -0.05479944692213153 0.5294467903278534 99.23894697137516 0.006281372851312976 0.9956454762685373 0.09300876271136939 4.083025672726143 -0.5322381304703181 -0.07541290475127928 0.8432291896456352 111.2540970060856
0.8470983412659044 -0.056902838859292405 0.5283809867456493 99.72824397470124 0.0062499777306950395 0.9952490302021959 0.09716123537684178 4.149090958221605 -0.5313994147559042 -0.07900275192258584 0.8434294441064649 112.03938069845219
0.8481265156877159 -0.050761818718214904 0.5273562848282297 100.20539505373858 0.00522132812668576 0.9961517596559457 0.08748948203616401 4.215946905660332 -0.5297680163241327 -0.07144864935589666 0.8451277651250202 112.80456552523152
0.8489678926985426 -0.04913164770614966 0.526155488767982 100.70134370394844 0.005664972069329793 0.9964574726975534 0.08390717011470605 4.285665417051798 -0.5284140661057842 -0.06825383724658494 0.8462387301717338 113.59706989754008
0.8492510804593335 -0.05026225113998507 0.5255913892454811 101.19353242383823 0.0046394305962689985 0.9961305385222148 0.08776346567441631 4.344486650247681 -0.5279688229643823 -0.07209477327645268 0.846198124344306 114.39426634551178
0.8496857391299485 -0.05138230485878197 0.5247799571883359 101.68401690875007 0.006414081446189559 0.9961743502243292 0.08715230068298192 4.406027897069757 -0.5272504189456783 -0.07068608563596115 0.8467647093609135 115.18354582641898
0.8501942216683113 -0.054386468091252055 0.5236524587265614 102.1545961534282 0.007520853702133014 0.9958029862018343 0.09121320864381646 4.4668939244211305 -0.5264154463932494 -0.07361062939595411 0.8470349774587397 115.94808079055046
0.8508390576724761 -0.053848117407613465 0.5226598111493445 102.6069361530355 0.008563614238897172 0.9960236490878449 0.08867668785481696 4.526481255316667 -0.5253566050314576 -0.07097373253105094 0.8479169575143738 116.68281148939695
0.8518370882195397 -0.0554378558048771 0.5208648762178282 103.07041952587329 0.010552903520092574 0.9959980488490894 0.08874977699184532 4.587732770201486 -0.5237004977665675 -0.0701037148271353 0.849013108147622 117.43715094056603
0.8527623466269437 -0.05720626421445505 0.5191568390283747 103.53079975402153 0.010698858801548772 0.995688419315332 0.09214177153538845 4.6451255018977395 -0.5221895389565473 -0.07302064760025861 0.8496976347080106 118.19503651666294
0.854153292044042 -0.05630930648260377 0.5169636502635103 103.97574885110394 0.01019306023313603 0.9957420685677926 0.0916178716595008 4.701699070591157 -0.5199213933023025 -0.07298626506255335 0.8510903300465888 118.9324825305202
0.8568256304721384 -0.053321284032643634 0.5128417686139963 104.43103544564057 0.008903440501927987 0.9960201024607535 0.08868305498401985 4.762644651599514 -0.5155294052847512 -0.07141985832511993 0.8538902951337314 119.70011218374403
0.860251570139894 -0.053063994995368756 0.5071010239656175 104.8968069337062 0.009878803238876507 0.9961175475008021 0.0874770873289395 4.827193080711921 -0.5097741120520077 -0.07024275048799573 0.8574358930470947 120.49125594302546
0.8651670791759415 -0.05522104684690204 0.49843410908093133 105.34321936065932 0.012466243390896114 0.9959799144314724 0.08870514542458167 4.890231858994299 -0.5013287523032043 -0.07053117065673516 0.8623774324968758 121.26367072338458
0.8719154531400037 -0.05756865698336464 0.4862605189698142 105.78857441586283 0.0138737604190956 0.9955704663611761 0.09298906000828387 4.95568465767311 -0.4894598669426269 -0.07433233645273359 0.8688519680647472 122.06287346363506
0.8790042799727933 -0.05752287462684794 0.4733313793571843 106.25082998645341 0.013487079636944949 0.9952986287961196 0.09591005265054858 5.024968057217905 -0.4766230947744524 -0.07792148876419284 0.875647570153881 122.9286218145985
0.883688234403832 -0.05532295206938944 0.46479508963689103 106.72572827149114 0.01242764516451229 0.9954137438559169 0.09485268672216189 5.098258613408106 -0.46791095094248614 -0.07804389480975212 0.8803229478271162 123.83676642836392
0.8843236962822879 -0.053286837986581834 0.4638233641064486 107.19267310380349 0.011238266620173971 0.9956069294533578 0.09295452322416058 5.173525867829155 -0.4667390079659129 -0.07698931693325319 0.8810376515910926 124.7242066476626
0.8812836909302527 -0.05000375428668436 0.46993476212936947 107.63464616343936 0.00921862661609139 0.9960162730785461 0.08869385934796527 5.247864892150724 -0.47249769631572014 -0.07383229862303119 0.8782338633054283 125.54874095096645
0.8764216779348232 -0.051204223025403416 0.47881433770332454 108.07831055613435 0.008834206224885654 0.995872875675537 0.09032813677981714 5.319616768014743 -0.4814633934644295 -0.07493559259859038 0.8732569253751239 126.35509518969072
0.8717770503463826 -0.052263147167967455 0.4871071113599755 108.52933140510517 0.008178249310497645 0.9957073196895342 0.09219571440636457 5.3894267782945775 -0.48983455444422747 -0.07639042456213982 0.8684622112145364 127.15709821751015
0.867716006513188 -0.052856339810175706 0.49424198464181074 108.98140431735125 0.008435049271071166 0.9957526992716764 0.09168103313644366 5.457069418248451 -0.49698871414208046 -0.07538414445387252 0.8644764015173346 127.94281103997342
0.8642209545189374 -0.05269925613629449 0.50034481127824 109.45160632607295 0.007428163556232015 0.99572709268204 0.09204552832785998 5.527438976080823 -0.5030576151461755 -0.07583103125801628 0.8609196771719119 128.75510172420687
0.8614593262792911 -0.05520947302988839 0.5048165441565794 109.94006680292188 0.005982942460499 0.99510712696949 0.09862053667488473 5.6019554880790885 -0.5077913287620648 -0.08193729274445159 0.8575746302752708 129.594617393275
0.8593185261011105 -0.056073538552530645 0.5083575798329488 110.41607585457457 0.005554506507297471 0.9949361351706518 0.10035553990262513 5.673050027234744 -0.5114106159993892 -0.08341369914998896 0.8552785140743575 130.39932131997915
0.8580551290319235 -0.05058635987389049 0.5110600901427524 110.87855084684368 0.004463711997384271 0.9958339062554773 0.09107637688864212 5.744598287673038 -0.5135381882754317 -0.07586732726718948 0.8547061938678816 131.17336276528675
0.8576421805731903 -0.049027757579828427 0.5119044530851011 111.34469247513236 0.004642783177976999 0.9961425134277834 0.08762726462774566 5.814567531656056 -0.5142259568186193 -0.07277617692948882 0.8545614626260088 131.95316874422704
0.8574240583202578 -0.05104836128183484 0.5120723083940958 111.8032898506427 0.004665133412935296 0.9957978737793396 0.09145945061493628 5.876524703078644 -0.5145893709977475 -0.07603064768227175 0.8540592016184575 132.72269519387112
0.8577664434422164 -0.05230019944079698 0.5113720931405463 112.25635720900264 0.004446126850513825 0.9955283017786144 0.09435906058146858 5.9402678974937775 -0.5140203891486398 -0.07866441060759938 0.8541633040837332 133.4842560144888
0.8590661284567294 -0.05194573576688606 0.5092219825125411 112.71152275369336 0.0038689861418493812 0.9954677852974577 0.09502062608301869 6.0046674927681405 -0.5118499954914518 -0.07965882857920739 0.8553736336506925 134.25871056478883
0.860570454712622 -0.050522706565696233 0.5068194437834714 113.16953731358102 0.0018099467082862632 0.9953651595168411 0.09615052424675827 6.07103938056384 -0.5093282012304277 -0.08182698418791849 0.8566732913369524 135.04203077028296
0.8618993391729265 -0.048379662267008475 0.5047662205538347 113.60665201561588 0.0011684537859892924 0.9956250526092364 0.09343120106583919 6.13554807325054 -0.5070780648470423 -0.07993849445533412 0.8581851043074523 135.7925308905035
0.8642808281403824 -0.04551775408972535 0.5009458894647224 114.04417994293843 0.00030941996389233326 0.9959452101335293 0.08996133987089111 6.2012951808784935 -0.5030094972942951 -0.0775968586652021 0.8607904350984813 136.55472048011683
0.8674484115332757 -0.04593855988996209 0.49540175821613 114.50145793784884 -0.0008927744124189851 0.9955827852147605 0.09388354881377478 6.2698027146817585 -0.4975263372749668 -0.08188141730121853 0.8635756928136058 137.36303343242466
0.8701848776034825 -0.04708624619055424 0.49047034998039846 114.97517972223345 -0.003054236834865887 0.9948888087860769 0.10093032145781415 6.344917780986002 -0.4927158922011421 -0.08932605203356796 0.8655933837550566 138.21222089560766
0.8727077536843837 -0.045091419268625206 0.48615629232531615 115.4499612212375 -0.005137639206375237 0.9948229501963429 0.10149336148748851 6.420960650986489 -0.48821591670340003 -0.09107173914549989 0.8679580387360166 139.07086110625542
0.8748993151177588 -0.039094742100122495 0.48272434115818286 115.90647352798457 -0.007649966426109388 0.9954966123509169 0.09448795061555687 6.49481229825693 -0.48424442838318243 -0.08636026828335727 0.8706602308833631 139.90721393561793
0.8773995373262897 -0.03657882401121641 0.4783639216470755 116.37058929883435 -0.007355439126841228 0.9959463813568012 0.08964766019001585 6.567402262163057 -0.47970402272116 -0.08217539227925653 0.8735738408909043 140.75709558289725
0.8805326582775342 -0.036937818901490324 0.4725440034975579 116.8362547085143 -0.007654976292117567 0.995720553348508 0.09209767085713018 6.639243053388449 -0.47392366373147615 -0.08471232008475442 0.876481707613566 141.62471316562724
0.8835744937552991 -0.03745801120248311 0.4667901149144244 117.29408831040412 -0.008972085369984404 0.9952586959778942 0.09684848870527135 6.711532253728888 -0.46820467283996586 -0.08976093513960305 0.879049121979929 142.49226731682845
0.8866398053206046 -0.03622085948500586 0.4610400253331677 117.75201990699544 -0.010946276156024157 0.9950051057452457 0.09922206699725723 6.787417616373106 -0.4623310877059376 -0.09302090560223343 0.8818146497204413 143.37697918285048
0.8893649341220866 -0.03557325922373301 0.4558119756897769 118.20368414052089 -0.012216121260820539 0.9947635190813721 0.10147072231035484 6.865043933030875 -0.4570347692849598 -0.09581275663002982 0.8842732243665403 144.26081059979842
0.8916750318345796 -0.03518852867624314 0.4513063317220386 118.64885477796345 -0.01123206507980974 0.9949472946414927 0.09976833966553303 6.943914623668643 -0.452536714882719 -0.0940300395361795 0.886774420779028 145.13708552673936
0.8942045452406738 -0.034376827150566266 0.4463367170936981 119.10305936961315 -0.01104314880444638 0.9950497215561832 0.09876284977381132 7.027310504214036 -0.44752237947995566 -0.09324315195241778 0.8893983553383581 146.0420600125289
0.8969371862130744 -0.032821364477606474 0.44093813854326636 119.52150805056246 -0.014549557424932484 0.9945102493559934 0.10362274993753898 7.102909510154827 -0.44191853815710197 -0.09935855252421538 0.8915356883901969 146.9072881959663
0.8998277942065054 -0.031946731165123025 0.4350739559446397 119.92330788251203 -0.014103980561258445 0.9946632125579892 0.10220651308085762 7.176996239830533 -0.4360172227169258 -0.0981045358364395 0.894575028459064 147.73901756128754
0.9025326016232849 -0.030841214364639723 0.42951568365266846 120.33933738586504 -0.013100951380918689 0.995003711789793 0.0989746361319344 7.255737895708018 -0.4304221974759414 -0.09495489993174841 0.8976192393765483 148.60668065660994
0.9047188897817189 -0.031088612083027715 0.42487319128286355 120.7486178338713 -0.012722150495116612 0.9949171543742076 0.0998899535424257 7.332493707969429 -0.4258190664577057 -0.09577762855009193 0.8997248293286167 149.47303266989405
0.9065443438704046 -0.03229883616384402 0.42087306611262076 121.16085392721817 -0.011220588842596767 0.9948720026038578 0.10051764432682536 7.413867435137633 -0.421961433051175 -0.09584614555343339 0.9015331748748621 150.35318761035975
0.9081458676631476 -0.03192156118210306 0.41743514104354634 121.56186878117407 -0.011974931162044013 0.9947002804834377 0.10211734930869469 7.493340245194496 -0.418482597093369 -0.09773620587001991 0.9029506907866685 151.22417390443667
0.909580361692176 -0.029102429344084572 0.4145076769255335 121.95507482835032 -0.014196669453082284 0.99478551889749 0.10099616808716523 7.570962758759062 -0.41528546832313834 -0.09774875957332439 0.9044242145152395 152.0957079746519
0.9111256231436837 -0.027947816088446334 0.4111800316490573 122.3672830710576 -0.015750447089819132 0.9946078503618248 0.10250437754115808 7.650733284567728 -0.41182766088195527 -0.09987063419502173 0.9057725068459415 153.02137329147084
0.9128099574227078 -0.025989919726857817 0.40755675151142495 122.77882211148047 -0.01706352616155083 0.9946740954614507 0.10164782286344522 7.733467826799883 -0.408027961915463 -0.09973950015182424 0.9075049390524424 153.9478019323908
0.9146852343641289 -0.024220107576116895 0.403440588470272 123.1561847500282 -0.020118443571701467 0.9942369009419912 0.10530067916930412 7.80996836347945 -0.4036659141722135 -0.10443357311835008 0.9089265418840209 154.81570659599333
0.9163968199437559 -0.02505906203704372 0.3994858092683574 123.51477403257405 -0.020455952381039602 0.9938022315405163 0.10926426038405285 7.884221655933177 -0.3997479485990566 -0.10830128344074712 0.9102045976569951 155.64533211717213
0.9174521765186631 -0.021883427661066594 0.39724377829611146 123.87549611796906 -0.022863658499949098 0.9939357993325868 0.10755872779597676 7.961369833645782 -0.3971885659496803 -0.10776243500818909 0.9113882272006489 156.49492401810306
0.917976051258111 -0.018100672538213326 0.3962225826101154 124.23893462828558 -0.025047334062815393 0.9943188436304072 0.10345370103498112 8.043496547698581 -0.39584416172644205 -0.10489233935399617 0.9123075121755471 157.35206507287631
0.9178438909530535 -0.017480979202453843 0.39655643634454063 124.61367366464765 -0.0274844475946536 0.9938333488206379 0.10742383307428881 8.128122451431377 -0.39598888492049067 -0.10949744352303072 0.9117034127836455 158.2358021902845
0.9168659207986756 -0.017021094887519416 0.3988322524656522 124.99463990384697 -0.028796622108142128 0.9936675935221129 0.10860694332837738 8.212902841614483 -0.39815529361438246 -0.11106302675869487 0.9105698030651146 159.12004196472014
0.9150148344982374 -0.015054062324990554 0.4031392164695435 125.36736644629494 -0.02964268887526695 0.9940932957010373 0.10440225303360816 8.295420875732923 -0.4023296703505781 -0.10747974064801567 0.9091638695558847 159.96597703570495
0.9127924898841967 -0.014796441637857012 0.40815552884392614 125.7584041115536 -0.03016260768665831 0.9941724295527047 0.10349588114902435 8.37937844465142 -0.4073083445113135 -0.10678129813843677 0.9070268280813544 160.8381437704588
0.9107118388793994 -0.014988348064049282 0.41277027018332185 126.16200938523588 -0.031151530439409277 0.9940026968067227 0.10482471508306097 8.464047170363061 -0.4118659110392395 -0.10832353466940259 0.90478311387898 161.7299395646634
0.9084507036382053 -0.017187666886270738 0.4176384838185471 126.56901823357654 -0.0326880613272772 0.9931730401087917 0.11197679691670132 8.551651724828453 -0.4167119025248871 -0.11537719232182155 0.9016869156120775 162.62246096965177
0.9060757291106859 -0.013689649857922382 0.42289403708648454 126.97684483288772 -0.03461433950514323 0.9937280498965706 0.10633160559956419 8.638030301160589 -0.4216973092363274 -0.1109826848455473 0.899919009159888 163.49692944496135
0.9044467546218281 -0.012542305176872366 0.4264021090882307 127.39535986567596 -0.034661083031448145 0.9941020173999329 0.1027608306918078 8.723646291948185 -0.4251760545669603 -0.10772125872934057 0.8986776135192414 164.3820183142968
0.9030463243073454 -0.013008097445154139 0.429346160523008 127.83175191061707 -0.03535860172451128 0.9938979667688405 0.10448253890891145 8.807940676828263 -0.42808539503126836 -0.1095336526078729 0.8970759574903899 165.3014105736855
0.9019174574245328 -0.013116531648259338 0.43170922689975577 128.26963699874938 -0.036379881277199225 0.9936796094325715 0.10619481171973097 8.893307782656583 -0.4303735635829878 -0.11148448499882141 0.8957398089698965 166.2190963201834
0.9011742706906329 -0.011798544752309303 0.43329635145813533 128.69090864719146 -0.03843571378489504 0.9935166663831471 0.10699219375620014 8.976489606016413 -0.4317494988428456 -0.11307266672651883 0.8948781717576446 167.0992956451356
0.9003352892567783 -0.010984906651359233 0.4350582705164594 129.12100058423755 -0.039343851248951484 0.9935333056616756 0.10650648764222774 9.062516616482748 -0.4334148454861817 -0.11300841723891436 0.8940809076058743 167.99021328682653
0.8993880751068732 -0.010967444662114814 0.4370135072433518 129.56758180091813 -0.03954179004567083 0.9935462046446675 0.10631268069313753 9.152742064287974 -0.4353590899424683 -0.11289665359859158 0.8931499361309414 168.90746554834516
0.8987865358959544 -0.011558590661705472 0.4382341404706663 130.01475863388404 -0.039359466112067365 0.9934875154468992 0.10692702688525772 9.244185605398659 -0.4366160731346476 -0.11335323388886064 0.8924782625069455 169.8215850100975
0.8982168815924344 -0.011228038842169873 0.4394091086517434 130.4659711625155 -0.04064327341693208 0.9932694707027209 0.10846143506285277 9.3349092275502 -0.4376694619782329 -0.11528091652001926 0.8917150623029688 170.74622543095217
0.8982205559827929 -0.010351123042515032 0.4394231298665551 130.91882222319387 -0.040805446862278966 0.9934415827500833 0.10681169022807926 9.426387613572485 -0.43764683057955395 -0.11387131295795332 0.8919072685929307 171.67193067129497
0.8985196142899032 -0.011695746385666264 0.4387775202227249 131.4003661663812 -0.04034896859193972 0.9932115181422907 0.1091001419020751 9.52747518313312 -0.4370748945774473 -0.11573283780314227 0.8919481188859272 172.65402093321006
0.8987143471627486 -0.015323122333233914 0.438266727148883 131.90210011985175 -0.03975605054398374 0.9924272300799366 0.1162224136774349 9.633183364622957 -0.43672872432320636 -0.12187450479007225 0.891299403361855 173.67487191696307
0.8990626050512841 -0.01436176572836655 0.4375844739973761 132.38959383761798 -0.03913221587363941 0.992825649601452 0.11298627869911433 9.738423468186069 -0.4360677721171492 -0.11870538816169454 0.8920504071756072 174.67094539668435
0.8991261509207075 -0.012981077952990935 0.4374970358136036 132.8594966345496 -0.03818475949120203 0.9934225303614769 0.10795184256324684 9.840723161197396 -0.4360207436270762 -0.11376804377934671 0.8927164966222543 175.62623951970318
0.8982979871873481 -0.01585298552492203 0.43910068215057857 133.32250034920554 -0.03705831868545505 0.9930546558675575 0.1116652653065158 9.938194231340374 -0.4378212046387912 -0.11658101607772133 0.8914715135431547 176.56256549172653
0.8972159999461736 -0.01877793855438604 0.4411925185950382 133.77935859295806 -0.03600314885286099 0.9926587539527131 0.11546588878853446 10.034743420989956 -0.44012182712660636 -0.11948216278882458 0.8899532516160844 177.4832555474926
0.8963596616290069 -0.019570619782609162 0.4428954141167579 134.22891331034046 -0.03521161472877122 0.9927261613240836 0.11512997355572709 10.13177389941397 -0.4419270292622083 -0.11879292682678705 0.8891505729309317 178.3836510075961
0.8953764633900196 -0.021138094728736855 0.44480801449436286 134.67877389469027 -0.03328544131617983 0.9929015731509045 0.11418645029444839 10.229681406676445 -0.44406426134464333 -0.11704549109512222 0.8883171082506163 179.27987701241543
0.8939903335672265 -0.02420113162594393 0.44743221689590096 135.1177779131175 -0.031455593514362674 0.9926873841391476 0.11654313796889086 10.321431942061682 -0.44698079279205516 -0.11826268472768783 0.8866916647155224 180.14615208504702
0.892769492631463 -0.024985859244543277 0.4498203417636531 135.54460559265897 -0.030054156135157568 0.9929335403071883 0.11480301490830803 10.413912307439336 -0.44951015642091946 -0.11601160015638738 0.8857098440819059 180.98473689326775
0.892424763819468 -0.027410072040191275 0.45036288576271033 135.96420402944364 -0.02850080482031534 0.9927350877018544 0.11689632060157469 10.504471158992716 -0.45029517546422476 -0.11715687600966224 0.8851601670642996 181.8092015882159
0.8924521809850127 -0.029019297297348184 0.45020771321631115 136.39394239978157 -0.027523560936765414 0.992567884431338 0.11853880541349565 10.598581679066095 -0.450301630297349 -0.11818153485154331 0.8850206588389234 182.65532924046724
0.8923506813421459 -0.03098192863199395 0.4502781158422513 136.83820287042147 -0.026026386748247848 0.9924489792781874 0.11986513555873947 10.69911065992711 -0.4505917095342906 -0.11868084777219279 0.8848061751994264 183.52348211908478
0.8927394591670538 -0.033073247818748104 0.449357784315387 137.27890222263474 -0.024174424807585443 0.9923501161345251 0.12106545416846863 10.799775532248038 -0.44992427721932793 -0.1189428740468081 0.8851105792397636 184.38572300759225
0.8936821555691842 -0.03484667261418793 0.44734540818581553 137.73457128931938 -0.022595729815296443 0.9922197722445907 0.12243102777077089 10.90489385024462 -0.4481312729673377 -0.11952252078421355 0.8859417188585601 185.28527504190978
0.8941963009228723 -0.034658315715493326 0.44633146490877723 138.18410507983327 -0.022550948640543977 0.9922457283617319 0.12222875792262758 11.009205695401954 -0.4471067323707612 -0.11936170114262758 0.8864808820099156 186.18008975965182
0.894645608468818 -0.034124111043924606 0.4454714135530113 138.62220829867883 -0.02347968385224327 0.9921099710238696 0.12315238463471144 11.113671869617558 -0.44615909684063704 -0.12063726804134414 0.8867856053555827 187.05623415493355
0.8953320290631835 -0.03567466770398855 0.4439683274939895 139.07177663549265 -0.02403739117384912 0.991464308864084 0.12814338872614492 11.222795739271081 -0.4447502237876376 -0.12540272059598437 0.8868322254564113 187.96138532864467
0.8960216672959103 -0.036901719343734894 0.4424742194136635 139.5335100843274 -0.024570259277971518 0.9908925354200165 0.13239443193693842 11.338380347477498 -0.4433299833028057 -0.12949998593964246 0.8869544968860384 188.8954047078901
0.8969294048454433 -0.03478291239743618 0.4408035749954269 139.9810650431606 -0.027028270924760844 0.9907243159564558 0.1331720779421525 11.454036924771016 -0.44134693302934885 -0.13136011106026557 0.8876696490969044 189.80909847424158
0.8976532160459502 -0.03221224937728163 0.4395236907294258 140.41705472380144 -0.029046637778352865 0.9908320446251901 0.131939956713797 11.567016632573207 -0.4397442399351371 -0.13120301190872596 0.8884879138795003 190.7010965730623
0.8980904881242321 -0.030873110431897343 0.43872579841289905 140.83902265956095 -0.029835557310092232 0.9909586320773706 0.13080836758916833 11.67528830655846 -0.43879757823029303 -0.13056737940085442 0.8890494051376573 191.5612049932676
0.898445086216573 -0.029672392549971005 0.4380821568765984 141.26366579846615 -0.030865112376637322 0.9909781008586418 0.13042142637073612 11.784889903589042 -0.4379997396018264 -0.13069794466234053 0.8894235635341414 192.42729577476226
0.8978314599652393 -0.028896199915958175 0.43939012179053516 141.69142737977805 -0.032562196532095224 0.9907556491612369 0.13169262322583378 11.894247288102083 -0.43913366171780505 -0.1325452876775074 0.8885906672145495 193.2947884298061
0.8963226701992337 -0.027776779174933035 0.44253149201563047 142.10690441094474 -0.034703881721046013 0.9905796451701712 0.1324673815247734 11.9974223251752 -0.4420422055419626 -0.13409107767933423 0.8869150305448605 194.1295881520573
0.8943530566224523 -0.024332715422648567 0.44669959600410925 142.52662905734863 -0.03620724795723454 0.9913068101865311 0.12649048688802117 12.10224093647619 -0.44589420864756185 -0.12930091661688148 0.8856972550801981 194.96221190149373
0.8911969791171999 -0.024111771517585315 0.4529752387125134 142.98263204617453 -0.03680776432206895 0.9914496044729488 0.12519133466835836 12.215386831930951 -0.4521207061150637 -0.1282431450983547 0.8826893920498292 195.8560880228224
0.8872525555227487 -0.02656014431557872 0.4605186874083232 143.4749788739428 -0.03776857103508919 0.9908061343276865 0.12991050465837864 12.331539313683352 -0.4597351822085348 -0.13265656000576392 0.8780921360125719 196.8079540348881
0.8835737818363836 -0.02848537988339861 0.4674248123326861 143.94133151598123 -0.03785648731621874 0.9905366209570693 0.13192455764954808 12.44122901020707 -0.4667593153001055 -0.1342601417988617 0.874133831804218 197.6829387860928
0.8802984933837377 -0.029144009004325143 0.47352422249075576 144.3699763669462 -0.0363516408986124 0.9910334213404285 0.12857416532983454 12.541772292050076 -0.4730254969346739 -0.13039702652070378 0.8713457951492406 198.46174445915204
0.8779153860583935 -0.03006219001098371 0.47787115382044454 144.79133596003342 -0.03390980892490577 0.9916175969658576 0.1246782508953959 12.641041586996929 -0.4776135464793829 -0.12566147428469251 0.8695369423434421 199.21801462044553
0.8761242628896068 -0.03552559667768385 0.48077459162983566 145.2476520996677 -0.0328251181924187 0.9905705081774301 0.13301345775808726 12.749161097900702 -0.48096651400257817 -0.1323178004268635 0.8666967244073345 200.04044065637444
0.8746236573561454 -0.040909120198428794 0.4830733918128255 145.6964949267622 -0.03410241154551768 0.9887735475342894 0.14547816751402037 12.858968907235514 -0.4836015751832649 -0.1437126145508729 0.8634096367884805 200.8521008223744
0.8730887768822372 -0.04276232950495533 0.4856823765153375 146.09130608209716 -0.033255639816567845 0.9886033615926199 0.14682457515063171 12.963161698086518 -0.48642579095136895 -0.14434256691316824 0.861716411166836 201.55444362013804
0.8716666037322915 -0.04469398045390511 0.48805714834330133 146.47593774271894 -0.03221432725728119 0.9884546858799292 0.1480525956590164 13.068357925536759 -0.4890394350736634 -0.14477493592883195 0.8601631524714561 202.22968329538656
0.8701577176392509 -0.04752028278424377 0.4904766754463991 146.886322096195 -0.03211828819561705 0.9877535275264033 0.15268066158662968 13.181206768436608 -0.4917254945558832 -0.1486095272290885 0.8579750849648944 202.95128251688172
0.8685535205725988 -0.04829933441489881 0.49323620730438983 147.312937855676 -0.03229907101510038 0.9876072438540267 0.153586138367417 13.300385618661862 -0.4945417595234002 -0.14932885247711397 0.8562297249601689 203.69700028965877
0.8672652162308816 -0.048313860679067226 0.4954965343796899 147.7372673198221 -0.032709781223921736 0.9875995621624627 0.15354860803275264 13.422066834543266 -0.49677068646235606 -0.14937494998424755 0.8549304120154586 204.4348743145611
0.8649873980825924 -0.0484778828731505 0.49944638954590614 148.17056069338713 -0.03412647577497995 0.9873347058108336 0.1549372852241033 13.545099914077285 -0.5006317856563658 -0.15106314432571755 0.8523776989204639 205.18136002450044
0.8620423679982999 -0.04926294932272767 0.5044364356387303 148.65446577320103 -0.03463254172424537 0.9872136501245039 0.1555949744097562 13.68095412512551 -0.5056516022219218 -0.15159937609330945 0.8493138915256959 205.99937977139112
0.8585029756640615 -0.04940042635315322 0.5104235874762014 149.16732614692407 -0.03566919054542206 0.9871859485829989 0.15553652871952545 13.8221021612049 -0.511566564214063 -0.15173496893073826 0.8457400011716402 206.85594254816417
0.8541445771563019 -0.045019367574279844 0.5180832923938881 149.63563943572174 -0.03889058432510137 0.9879262283515858 0.14996429503672948 13.947722428036688 -0.5185793707479397 -0.14823975134296122 0.8420810010660774 207.62144721149383
0.8472208180917743 -0.0415636116588931 0.5296124541377121 150.06620527322798 -0.04102295631216558 0.988839174251432 0.14322780638254953 14.05796294104011 -0.5296546067460467 -0.14307184786538438 0.8360600719452365 208.30840958982586
0.8360334361850775 -0.04166974413099524 0.5470938913976523 150.50923130705712 -0.041642276121057156 0.9894172131361229 0.13899460129590138 14.157658806442903 -0.5470959828220495 -0.13898636902231232 0.8254506495278616 208.97173473048989
0.8247041723779238 -0.03799763022283626 0.5642864593093557 150.96921863414477 -0.04419879813008549 0.99035891080196 0.13128478220651607 14.253085227078076 -0.5638346338300748 -0.13321189095799607 0.8150736763023941 209.63445375161825
0.8152825222734619 -0.03639643919771636 0.577918426846857 151.4735254327299 -0.04678975065473206 0.9906187121602505 0.12839504021431689 14.355073772532283 -0.5771699300111581 -0.13171889132427061 0.8059311419465185 210.34223188588098
0.8082624396645904 -0.03943161415403109 0.5875006182402269 152.00298264359864 -0.04850793901190646 0.989904676200297 0.13317549282658547 14.461593722906423 -0.5868209339144749 -0.13613919289460474 0.7981900222865158 211.06669145027936
0.8029346454310667 -0.04442462005285302 0.5944092935845162 152.5127020198117 -0.04868860206371495 0.988998341134522 0.1396842913940085 14.564385142360063 -0.5940752268825585 -0.14109831454104882 0.7919380597231777 211.7474059629629
0.7981408457637105 -0.04523493864872495 0.6007703310326101 153.0263808322253 -0.0505071576488769 0.9886432375508254 0.14154001508850877 14.67112264805319 -0.6003500789954271 -0.1433120691723831 0.7867918615998224 212.42672588689592
0.7933245813154238 -0.04659892325986475 0.6070128903340732 153.56733177264857 -0.052661822113659 0.98807646520411 0.14467768107563192 14.780742789307144 -0.6065169751724777 -0.14674276561648344 0.7814113638582776 213.12719012936188
0.7886440275389641 -0.03892552190776699 0.6136166568561569 154.10413445305113 -0.055193695350242565 0.9894828568686693 0.1337061403100207 14.88771293745028 -0.6123677439420706 -0.13931431982113796 0.7782013020241433 213.8121297724154
0.7866349884024774 -0.036747290457933686 0.6163238042336444 154.65982795376084 -0.05523407481777637 0.9900364161676404 0.12952641290856895 14.99933133104205 -0.614942755059407 -0.1359320834311646 0.7767675821595599 214.50830581831372
0.7852789792876674 -0.04017342240152746 0.6178373740892215 155.23368869192788 -0.057660695219187166 0.9888105424212298 0.1375825404020262 15.104162211692907 -0.6164512705119151 -0.14366560941708925 0.7741757059964239 215.228402281471
0.7847095224046182 -0.03428601668467272 0.618914723130264 155.80091547676375 -0.056890205016182284 0.9902714526061636 0.12698801016827196 15.205377022322264 -0.6172474949489286 -0.1348588862966722 0.7751249001071329 215.93421653084457
0.7856606109374141 -0.03076836611530244 0.6178921524570778 156.35062751419986 -0.0576486038230034 0.9907757899327626 0.1226375658612412 15.304730891901423 -0.6159659429698224 -0.13197212482076132 0.7766397590721131 216.62865963139654
0.7850806849772352 -0.03512688048424307 0.6183966529203709 156.90694704648743 -0.06029149032467486 0.989315589827429 0.1327388410332008 15.400425034856632 -0.6164521508358128 -0.14149475605778977 0.7745747089455256 217.3346156868692
0.7836877507131218 -0.0315322470026185 0.6203541140197028 157.45555248591438 -0.06113372392576699 0.9899465387857513 0.1275481012993939 15.496621758789408 -0.6181392862301917 -0.137882441757746 0.7738812926242304 218.02425715116826
0.7825119531978794 -0.029802370892523113 0.6219219097214868 158.03060783230563 -0.061400033376992194 0.9902917168792349 0.124709066958594 15.595607368771143 -0.6196007416100622 -0.13577236158203682 0.773085239043339 218.7439545829231
0.7819926534115679 -0.02806003341865972 0.6226557030453315 158.59839997562042 -0.06080975054285103 0.9907856246246683 0.12102074316423525 15.686123566690275 -0.6203141657654182 -0.1325008700411106 0.7730807559298712 219.4575240213123
0.7801282549800358 -0.024865949572083743 0.6251252597149467 159.15093622617667 -0.06295423874107793 0.9910178923973358 0.11798432426757212 15.772516025398659 -0.6224441096245755 -0.13139718984903315 0.7715556421240439 220.15334906530532
0.7735932473750621 -0.02259681997717796 0.633279457540367 159.68162070271543 -0.06667473938084079 0.9909141800941811 0.11680567972823676 15.85107061768191 -0.6301650313562295 -0.13258382787956266 0.7650578813662426 220.80636084520438
0.7615338053389115 -0.022185407095542592 0.6477453751575833 160.11993160863696 -0.06930056211788424 0.9908972157686141 0.11541291033569667 15.91027451243329 -0.6444095711705227 -0.13277995140086235 0.7530642662414722 221.31765153832137
0.7485910346837684 -0.023756223539748864 0.6626062968567467 160.4729019772743 -0.07100263906498151 0.9907388864647098 0.11573713359366077 15.952076566301207 -0.659219301929857 -0.13368657632611594 0.739971493554524 221.70434885664588
0.7357076582790639 -0.02435672452843856 0.6768611316361566 160.80576352062286 -0.07289189563672638 0.9907015218796406 0.11487935452399883 15.988522067307068 -0.67336543800526 -0.1338553118692411 0.7270912888931977 222.05729445154904
0.7217610824536609 -0.025077431235976846 0.6916878358753471 161.15678597717644 -0.07565215872276586 0.9904977060185598 0.11485227578310268 16.025389350629858 -0.6879954147637178 -0.13522358083772706 0.7130055346556025 222.41647705751288
0.7074786202624159 -0.02488136668743829 0.7062966228599354 161.50832100123122 -0.07637853811571843 0.9908349077882855 0.11141141962782397 16.05902689009371 -0.7025954175675279 -0.13276710096988106 0.699094111055989 222.75084758084088
0.6959659464459254 -0.021134259488433893 0.7177637107457433 161.8835779585552 -0.07539012487262022 0.9918919890314543 0.10230645711252911 16.099119308922475 -0.7141062459181496 -0.12531410603400797 0.6887297324564864 223.09808332131672
0.6866445815987631 -0.015473538513467914 0.7268285823816562 162.25607888689134 -0.07805304799060914 0.9924254319869183 0.09486560833598105 16.138696014906575 -0.7227910764947433 -0.12187014216555399 0.6802357886704553 223.44217144585204
0.6793753762623075 -0.015073536184820588 0.733636072337865 162.58685876347886 -0.07678847278619301 0.9928392417577286 0.0915083082190038 16.170749184901535 -0.7297620355811933 -0.11850328490309892 0.6733530596140235 223.73655405680682
0.6743229440649608 -0.019551470654436975 0.738177693447051 162.8910441454178 -0.07165353782406489 0.9931996957844595 0.09176129255276347 16.198409412499387 -0.7349519287850421 -0.11476978822367523 0.6683364108637488 223.99743104382017
0.6712521132033585 -0.02005907001977018 0.7409576467180587 163.19576779036535 -0.07389955896217229 0.9928421977184111 0.09382550620632663 16.22686707422214 -0.7375360707824511 -0.11773701261548554 0.6649650668683001 224.27259752793722
0.6691231918102722 -0.02021397962191754 0.7428765369894749 163.4678915691991 -0.07717691506134161 0.9923347593940944 0.09651657412009987 16.25457230746711 -0.7391331936554081 -0.12191439753413456 0.6624341489617248 224.51925900935498
0.666711951044535 -0.020895854978740996 0.7450225081023347 163.67820479753595 -0.07461273555724642 0.99271411815515 0.09461299756433425 16.275658751646823 -0.7415713816127543 -0.1186677835815254 0.6602952696429059 224.6964353984409
0.6661972873555847 -0.02133771753776809 0.7454702382592717 163.87196820907712 -0.07148623326990207 0.9931607349677444 0.09231182465541606 16.295379252219135 -0.7423414933660497 -0.11478874652425462 0.6601156344902401 224.86085530784723
0.6675876034855124 -0.021189069259896012 0.7442296789408268 164.08973861918503 -0.0704448337003555 0.9933129272524108 0.09147105530263293 16.319174603678412 -0.7411911474629164 -0.11349207856563127 0.6616307361553397 225.0554655545021
0.6702684748259579 -0.026802024904302245 0.7416345617050962 164.31497553133627 -0.06520651375167491 0.9933555390509551 0.09483081567265092 16.34214484125319 -0.7392484577047367 -0.1119215104339503 0.6640672355141083 225.25297480255705
0.6739065149404145 -0.02625934501017296 0.7383498194761735 164.52028485735232 -0.06448332686806468 0.9934639319672216 0.09418766605164107 16.361636380253618 -0.7359972212426388 -0.11108493453149197 0.6678085261834017 225.4454132970855
0.6787901159576889 -0.02438387631649621 0.7339273840468998 164.73622829323259 -0.0657389737830196 0.9934178056747356 0.09380538734182682 16.38425306574763 -0.7313838703472324 -0.11192180280971414 0.6727192165024907 225.65610468039407
0.6843820917349132 -0.024789575941183677 0.7287020169021065 164.96901521085954 -0.06509335722926271 0.9933537670035008 0.0949270689770818 16.40912226400961 -0.7262120952980355 -0.11240004672869294 0.6782198921723126 225.8839219562249
0.6911093049513936 -0.025092439972976718 0.7223145423330481 165.23204229941945 -0.06761458123560002 0.9927695318675739 0.09918127343291144 16.438674531549 -0.7195805702031778 -0.11738409624664696 0.6844156463249697 226.1536340779782
0.6987634798765658 -0.026181244110114594 0.714873514439887 165.52337663894141 -0.06774674866162984 0.992416551544558 0.10256591181375382 16.473192740030242 -0.7121376111655419 -0.12009966976330691 0.6916907488800025 226.45340435737384
0.7075211085742835 -0.02845608421938738 0.7061190637510878 165.85541960322254 -0.06419678436206741 0.9924696965086774 0.10432005746521161 16.51406024822535 -0.703770313241033 -0.11913921597389326 0.7003664707977838 226.79383460118805
0.718700534467247 -0.029977122346473244 0.6946732425337215 166.20897213845478 -0.06029235621944268 0.9926203904185511 0.10521213003657057 16.55972369422442 -0.6927007821115808 -0.11749950068467949 0.7115894137779553 227.16752675386266
0.7322486986615906 -0.031004494147306366 0.6803312168723948 166.54543860632302 -0.05777266556878739 0.9925344258826534 0.10741383779974513 16.604115709164777 -0.6785824654538891 -0.11795819081548586 0.7249908294579026 227.54516206952576
0.7467068471061135 -0.03073423828950701 0.6644428425994279 166.87258882478258 -0.05531190330408733 0.9926029964539949 0.10807351564297041 16.647992547049398 -0.6628495137191558 -0.11745083238238842 0.7394834846938515 227.9294644873845
0.7619530038524315 -0.028843063699556293 0.6469897198539378 167.20552864115513 -0.0537485531541636 0.9927450738918316 0.10755608442732244 16.69530322368916 -0.6453981042380628 -0.11672744295977112 0.7548748181692029 228.34010220180252
0.7782587906953561 -0.02975128532651895 0.6272384839331998 167.53705369009427 -0.05059171689099279 0.9926590503650647 0.10985666984917762 16.745202237898678 -0.6259023349432546 -0.11722999082892421 0.7710404635055357 228.76712540729775
0.7952175794407657 -0.030820591714960776 0.6055403310058763 167.8605098208088 -0.04720926412484058 0.9925279951967563 0.112514284122063 16.795904775061356 -0.6044834875570674 -0.11806045009675759 0.787820692412807 229.21011930222227
0.8120815833764901 -0.03185612885400218 0.5826737414670127 168.18546979909246 -0.04414328990486256 0.9922941589003129 0.11577422929433545 16.846946030830146 -0.5818718689686784 -0.11973925532906629 0.8044175774037616 229.67987985087086
0.8268196175990101 -0.032348105865015006 0.5615362143267071 168.51380306133697 -0.04116020824840705 0.9921884941860658 0.1177617478714393 16.90096365271261 -0.5609591404107515 -0.12048067086356415 0.8190294565752171 230.17436013282756
0.8390510130724004 -0.033140487485764675 0.5430424528076802 168.8545035979904 -0.038600136481990246 0.9920013983048195 0.12018009496108722 16.958374606699852 -0.5426816994571911 -0.12179874322212898 0.8310605508768683 230.71144740019932
0.8497949417860438 -0.03360066665090291 0.5260413977202425 169.20780973699524 -0.03598521691452945 0.9919398789451989 0.12149214263399785 17.018444863864026 -0.525883657360127 -0.12217312208010538 0.8417363644055871 231.2947652629218
0.859524934905001 -0.03419754645586644 0.5099484425831201 169.589874096531 -0.03300766441321712 0.9919618226697258 0.12215660627138154 17.087797843197404 -0.5100268427901937 -0.12182885611445167 0.8514871399212735 231.9499738349174
0.8680587988380593 -0.0344990956360439 0.4952612786803728 170.0004103155105 -0.029808949455305895 0.9921609445741872 0.12135932841783802 17.165814111885705 -0.4955656851439489 -0.12011025127753569 0.8602256560030366 232.67776456289351
0.8754732563843263 -0.03476473493464618 0.48201451281133045 170.39299992165948 -0.027691006990882113 0.9921617924951738 0.12185313145174281 17.2410277157845 -0.4824725748554513 -0.12002662503665014 0.8676484448177505 233.40312565764611
0.8815596249057805 -0.03553138675944317 0.47073362774601857 170.6960253459369 -0.025913944258706228 0.9920175672327209 0.12340832141566377 17.29977751282453 -0.47136089700878947 -0.12099035852755374 0.8736018760937057 233.98828375994273
0.8855145058923365 -0.03618400255498939 0.4632005805408155 170.9527582873022 -0.025644179462353967 0.9916365097922951 0.12648876830240333 17.353915876621212 -0.46390347693668804 -0.12388603797868843 0.8771806049383408 234.49467028541744
0.8877040202153472 -0.03711880569355366 0.45891586021556424 171.26509799427438 -0.02531150580076777 0.9913030738812979 0.12914156336202823 17.424533799775173 -0.45971828348196303 -0.12625533643127834 0.8790441910706316 235.1036121246608
0.889253193885849 -0.037297313292119015 0.4558921666194791 171.61032139319607 -0.025603076667096755 0.9910490345980987 0.13102020259241115 17.50470199148401 -0.4566981931527536 -0.1281823757127603 0.8803385933421537 235.7790323568458
0.8902756084344259 -0.037005846686839844 0.4539161908741517 171.97768036488458 -0.02581106153985813 0.9909913550450689 0.13141508029189347 17.589975429425934 -0.4546901473848895 -0.12871169930091547 0.8813002713798386 236.49849082081502
0.8911128760725573 -0.037362677691007776 0.45224094508729473 172.37403470763385 -0.024738334828533652 0.9911226755974674 0.13062869786700707 17.681296267139814 -0.4531068934452451 -0.12759260257662416 0.8822778875615788 237.27184969314754
0.8919526711652892 -0.036881585698662414 0.4506219935128047 172.76690508039758 -0.02454391471172506 0.9912479761472175 0.12971139516121857 17.77239480967601 -0.451462101013721 -0.12675645317063144 0.8832410616178785 238.04219226567096
0.8924976894838818 -0.03748116733788925 0.4494919758582105 173.16936906633705 -0.023531485302210747 0.9913152033694133 0.1293848397925019 17.867444948621152 -0.45043772429204726 -0.12605288439241968 0.8838645410191267 238.83019438583128
0.8928728368937646 -0.036155768993614355 0.44885505177702695 173.5758163468956 -0.02439363677207807 0.9914243874703021 0.1283847125407415 17.962805030218252 -0.44964769277992156 -0.1255804295964038 0.8843339347102285 239.63134265307764
0.8931730646371431 -0.034312912464242014 0.4484021639610042 173.96630428030255 -0.02480092666052192 0.9918092611113013 0.12529686193450676 18.05472204001158 -0.44902871917447224 -0.12303257134627699 0.8850063252567492 240.39934463504406
0.892500950963144 -0.034004861372583246 0.44976185024178206 174.32824448818803 -0.02667131863932872 0.9914303613228944 0.12788463320194193 18.139831886025508 -0.4502562529181764 -0.12613289836591904 0.8839455858014647 241.1094954161684
0.8919342966686298 -0.03435260700687357 0.45085819147273376 174.68139542544534 -0.027365349823969185 0.9911809754157254 0.12965882770927606 18.22076856163233 -0.45133618075138004 -0.127985047430406 0.8831282350706453 241.79720645826038
0.8921547848512286 -0.03439566514482712 0.4504184477641866 175.0680729561587 -0.02727910340566742 0.9911750504942778 0.12972227948602175 18.309645550563985 -0.45090541179324395 -0.1280193637576425 0.8833432810174378 242.55269016736077
0.8919818857907589 -0.035524879569646985 0.45067316134058827 175.4889176961547 -0.026672240491562794 0.9910354156559964 0.13090987931668008 18.406742156802224 -0.45128362147137097 -0.12878970396390238 0.883038110810951 243.37802063733216
0.8917862019546698 -0.03595006911694552 0.45102656521955314 175.92219453303304 -0.026364704322590377 0.9910158187000425 0.13112036246238773 18.50674235363305 -0.45168824687968245 -0.12882251207289985 0.8828264200928657 244.2313673095728
0.8921334890969937 -0.03625422227154796 0.4503148554057546 176.34682753122476 -0.025885993510705047 0.9910350422648321 0.1310704403864871 18.606869611864077 -0.4510296586385222 -0.1285891767242841 0.8831970735106562 245.0717345906455
0.8921997261238647 -0.036904695495019145 0.4501307500659303 176.75208786692335 -0.025513358992751 0.9909460703668986 0.13181408929742724 18.702222124289957 -0.45091985675661 -0.12908884179053998 0.8831802498401863 245.87732982153022
0.8910438934848856 -0.035706182886067396 0.45251060582819363 177.13494120795258 -0.025827020779991886 0.9912982506885742 0.12907650126728754 18.789408564373755 -0.4531818011360558 -0.1266998290665025 0.8823680685709326 246.63434669831278
0.8878557395430209 -0.03409040459417459 0.45885730905709365 177.51238200215042 -0.026667898196560024 0.991762619799783 0.12528259724978041 18.87304823638668 -0.459348461373593 -0.12346963303775667 0.879633014814265 247.3599691147616
0.8830791840008178 -0.03378127060886083 0.4680063894227268 177.92058143232592 -0.027003016822723633 0.9920933926986819 0.12256238103958383 18.96063457834345 -0.46844635964741516 -0.12086987184435741 0.8751848274584128 248.12502084040895
0.8778507354481374 -0.03685522145613395 0.47751416620303494 178.34651102196204 -0.025772198485957538 0.991955036619177 0.12393949778439939 19.047862272094463 -0.47824039986011047 -0.12110696915234935 0.8698386183450192 248.8998086245158
0.8714415351325279 -0.0375327466584762 0.4890612883618269 178.77794953804684 -0.02539855059539288 0.9922776126615561 0.12140862011545096 19.134350663297216 -0.48984136664180383 -0.11822196216843679 0.863758648690439 249.66232204158263
0.8627766829531986 -0.03735910526685209 0.5042030271685525 179.22066038855328 -0.025802368622862646 0.9927130236941913 0.11770764784578631 19.224295260227414 -0.5049263640628395 -0.11456504633437738 0.855525696301801 250.412479391557
0.8517742767707669 -0.03942970126711822 0.5224230853337349 179.66102698373544 -0.027025358562224756 0.9925295311238355 0.11897377795835655 19.31218364788797 -0.523211440458075 -0.11545747487749332 0.8443455217318901 251.11211394771047
0.8387010317051801 -0.03721287087070986 0.5433192262917098 180.09120159471712 -0.029713793877180376 0.9930496400127226 0.11388372545727574 19.38853460208878 -0.5437809024506876 -0.11165847353498806 0.8317660220385 251.76993819730387
0.8225271261710484 -0.03372062708607929 0.567725326211288 180.53311005515963 -0.03482457441760719 0.9933812868187021 0.10945715150255646 19.455279845125194 -0.5676586788990562 -0.10980226913567255 0.81590874855172 252.40258783465626
0.8058321468151489 -0.0320857374258466 0.5912740960105759 181.00337370044699 -0.03908311681834969 0.9934715415710579 0.10717651826865159 19.52286405140226 -0.5908528252780423 -0.10947511837064637 0.7993172945199464 253.0195867974201
0.7911358235047777 -0.03122803352189677 0.6108427937610201 181.49670033303073 -0.04185438233514827 0.9935907406637627 0.10500309874751369 19.593073339890793 -0.610206784169722 -0.108638160834912 0.7847581987871505 253.63989641977815
0.7772478414372442 -0.032359092260269645 0.6283619037857335 182.01364085117507 -0.04334285086412747 0.9935506818258598 0.10477805076608632 19.662696996871546 -0.6276999205512995 -0.10867351007242726 0.7708325874977192 254.26537891642113
0.7644969910057073 -0.03235429578009847 0.6438148416181385 182.53862835473115 -0.04507532596139962 0.9936119619788902 0.10345764351625007 19.7304074043694 -0.6430494271303615 -0.10811322100943921 0.7581549747316023 254.87949694228212
0.7523612798273578 -0.031830381504736854 0.6579812546188519 183.10207285514264 -0.046823188222924764 0.9937216324376684 0.10161154594856478 19.803152862391094 -0.6570845407260575 -0.1072573728872737 0.7461472792285347 255.52011028696518
0.7437603371184017 -0.03646308336220899 0.667451125162912 183.68713123254082 -0.04555567224350052 0.9934245314518185 0.10503514191059442 19.8778271703538 -0.6668922264174004 -0.1085271572531806 0.7372086641396618 256.16263296538193
0.7397063081152256 -0.03678700947496747 0.6719235772529693 184.23471222586514 -0.04376392852512412 0.9937609534162396 0.10258599331924166 19.950846803046936 -0.6715052466619928 -0.10528952179175456 0.733481301947281 256.7600429842549
0.7372675200271177 -0.036154583902542003 0.6746328260438362 184.78932976486286 -0.045308700452324 0.9936729447541043 0.1027677017697175 20.02371268036005 -0.6740799103788649 -0.10633402525317148 0.7309646704848861 257.3673829230994
0.7352452021712 -0.03514162443482999 0.6768896209252346 185.38481398486536 -0.04490362089445729 0.9939357421152022 0.10037631880314393 20.098081336925592 -0.6763121746019299 -0.10419600173703848 0.7292084994754398 258.01190146441417
0.7336235677793788 -0.034419564799979804 0.6786838397646068 185.99756556726422 -0.04453665074674539 0.9941340427265111 0.09855958518838866 20.171492163462215 -0.6780950873873892 -0.10253193966381817 0.7277872311396119 258.67325739267636
0.7327431652910662 -0.03623724375900454 0.6795397824145213 186.61409026856754 -0.046120546896499776 0.9936406807857604 0.10271851167915005 20.240736839874877 -0.67894060776565 -0.10660703378465441 0.7264121361007441 259.3453224865986
0.7328102302683107 -0.03418086095449686 0.6795740100669757 187.1933238946024 -0.04652872402396822 0.9938824675740964 0.10016345885365557 20.307445000645572 -0.6788403672843859 -0.10502051891528598 0.7267368480763603 259.97823120539465
0.7338219758346866 -0.03385616372703754 0.678497655087886 187.7765121534773 -0.045268839862005666 0.9941004957888299 0.09856437698251795 20.376249273039694 -0.6778318669991975 -0.10304350755914657 0.7279601607439029 260.60891627979635
0.7348468746690815 -0.0334409065819367 0.6774081314510895 188.39475582219146 -0.04513222199122103 0.994158886288605 0.09803668370327859 20.444282975702873 -0.6767297491075823 -0.10261488478958483 0.7290452880942359 261.27854909093224
0.7348949928461302 -0.03410451396392542 0.6773228414995066 189.0371360843088 -0.044236024193927984 0.9941972792279381 0.09805582154711992 20.513793741877727 -0.6767366723129414 -0.10202280187806481 0.7291219543010307 261.9733930240846
0.73445232485514 -0.03501820513360008 0.6777562303838278 189.70668927625815 -0.04253755368960243 0.9943289225271031 0.09747076665439502 20.58560799336325 -0.6773258735948136 -0.10041772321314839 0.7287976000397566 262.692590283597
0.7340476288753599 -0.03533338257401637 0.678178170260836 190.40512913625219 -0.04204355357256881 0.9943652832798532 0.09731404323513171 20.661486338083574 -0.6777952627050781 -0.0999461629261313 0.7284259374644043 263.4412928373136
0.7331835123019314 -0.03554865371560446 0.6791010458743287 191.14125599913535 -0.04230316118786177 0.9943143490308615 0.09772112292053035 20.744372254484816 -0.6787137687141102 -0.10037563713543092 0.7275110663265162 264.2306455343296
0.7320780487646555 -0.03640812231535482 0.6802471456363489 191.8560260103463 -0.04198163710962281 0.9942615017579178 0.09839516384298169 20.82661636606524 -0.6799259317473659 -0.10059082836701104 0.7263485475898701 264.9954530457782
0.7313984683475553 -0.035781846050046334 0.6810109690688516 192.56297009786306 -0.042641730926133464 0.9942687053180684 0.09803787231859194 20.907108666635622 -0.6806158705778661 -0.10074423615465117 0.7256808083442392 265.7521621316799
0.7306701344995676 -0.03491184128467616 0.6818374570881927 193.32440994871047 -0.04378029589227235 0.9942403389834025 0.09782348404015799 20.99213306583634 -0.6813255024156678 -0.10132774386259462 0.7249332714683149 266.5697640770345
0.7293323886850276 -0.03420411291386226 0.6833039919938734 194.07989808492874 -0.044496224004277087 0.9942635092585472 0.09726335489916427 21.077537553845584 -0.682711031743553 -0.10134176245090362 0.7236266263198152 267.3783865344833
0.7271530937843889 -0.03377208982252839 0.6856440943731714 194.8259585124432 -0.04565060599119013 0.9941993080732519 0.0973845880994789 21.16281351456747 -0.684955765266942 -0.10211357292587094 0.7213933863377803 268.1714511582146
0.7256602711317645 -0.03282631563228636 0.6872696733473544 195.5572829605048 -0.04652421411005663 0.9942342826848821 0.09661101715394836 21.24718644278867 -0.68647845443423 -0.10208145833641115 0.7199491006046898 268.94623869834464
0.7254185402583199 -0.03088059453348295 0.6876149579021259 196.2247493738378 -0.04764682347218713 0.9943437966452272 0.09492204320476047 21.324308785849187 -0.6866569169989419 -0.10162087853593293 0.7198440632408469 269.6521022012243
0.7251663182685616 -0.029815675528258263 0.687927929612985 196.9002516000976 -0.048762125098006516 0.9943301918961681 0.09449722027476222 21.401053250911087 -0.6868450087208458 -0.10207102907546405 0.7196008887006298 270.36466682746357
0.7244269597586472 -0.030206107442997655 0.6886894590800563 197.62579486562004 -0.04763476176278588 0.9944580301432241 0.09372382704233796 21.484299013762303 -0.6877037948467632 -0.100701625393047 0.7189733466524043 271.12555861795386
0.7239735448846024 -0.030589121189729437 0.6891491942765787 198.38698610001316 -0.04678733154771573 0.9945384889185178 0.09329597883251128 21.565738763623656 -0.6882392403182629 -0.09978727235731194 0.7185883719916618 271.92411465212956
0.7241002775045688 -0.030838136107286026 0.6890049328409993 199.13803059361712 -0.045400544443254066 0.9947018559993613 0.09223344423625819 21.641263613718138 -0.688198792996657 -0.09806746164174628 0.718863821794565 272.7141555984353
0.7240235358902787 -0.031887847482304506 0.6890377962491452 199.8584738499195 -0.04510912270121933 0.994603571580917 0.09342859544920465 21.71536785843919 -0.6882986899058123 -0.09872639252717648 0.7186779618803621 273.4704557763934
0.7243821647762037 -0.03019706095647012 0.6887369721916541 200.5830339554405 -0.04580875440009207 0.9947239429940559 0.09179234856278279 21.79344292465676 -0.6878750158091559 -0.09804292296719143 0.7191769934317993 274.23178519668613
0.7247591085671187 -0.02986812089695457 0.6883546541595225 201.3555766871854 -0.045552345649986434 0.9947969573827867 0.09112627166594327 21.876747965624403 -0.687494886057179 -0.09740076455570602 0.7196275930710203 275.0430403362395
0.7250858222207884 -0.031333695119002455 0.6879453103005994 202.13014970250993 -0.04395646602378024 0.9948215166212298 0.09164048866160453 21.95528921029584 -0.6872542320779823 -0.09668686372836208 0.7199536588373416 275.85863634333447
0.7260865684419479 -0.031052481241112845 0.6869017677491901 202.863703283554 -0.042874595968378205 0.9949912450055265 0.09030056136537502 22.030654175228516 -0.6862653015771222 -0.09501666049237843 0.7211184161288192 276.6352497875349
0.7277397954260639 -0.03373076994320748 0.6850233757414884 203.57757652084376 -0.04038321895983434 0.9949496776948372 0.09189306002839849 22.107291955370247 -0.6846634105746168 -0.09453768568131561 0.7227023178365722 277.3905085106996
0.7299089658923101 -0.03327191201015885 0.682734122027896 204.26817923633047 -0.040720215136727474 0.9949242252590014 0.09201983520956511 22.18046311131051 -0.682330393276769 -0.09496718308955561 0.7248492729849452 278.1320790782802
0.731303258187936 -0.03261349569717318 0.6812722689660241 204.9277513748118 -0.0414180994312113 0.9948892450346659 0.09208654165435788 22.250578727129543 -0.6807937173646716 -0.0955601905228532 0.7262149574224057 278.84377096153463
0.7317587149260145 -0.03155592052287461 0.680832877444808 205.56582096742196 -0.04259342265749169 0.9948577891176831 0.09189004177927451 22.318236374498877 -0.6802315660686007 -0.09624034139502312 0.7266517826387184 279.5331728733027
0.7320799040962999 -0.03137055131326117 0.6804960709134548 206.24319628547343 -0.04380697581707231 0.9947035237094151 0.09298305646641476 22.39261655366765 -0.679808769352167 -0.09788150198263267 0.7268282112586955 280.2644424888896
0.7318631663842156 -0.03284810636533513 0.6806594652234529 206.95173197089522 -0.04440792349679209 0.9944154624238605 0.09573831220072752 22.47145519728024 -0.6800031191257626 -0.10029401777051601 0.7263173328364677 281.02794228861404
0.7319186182189668 -0.034207082498084566 0.6805328881188644 207.66561100295633 -0.04233589468481438 0.9945265716794024 0.09552261640497432 22.551713207236684 -0.6800755901557324 -0.0987257500887425 0.7264643266835243 281.7914761395929
0.7328990684916282 -0.03110815626629978 0.6796258073512292 208.39204029736865 -0.043672690285883234 0.9947425679311509 0.09262785579367527 22.634145641326473 -0.6789342026494833 -0.09756795662230552 0.7276873245517315 282.57539590765157
0.7346015838156229 -0.029128306365850416 0.6778731849128056 209.1055284856001 -0.04643065643777968 0.9945779300541167 0.09305339968011189 22.710266454891997 -0.6769081970240336 -0.09983127174150881 0.7292660762603345 283.35470742393846
0.7364962774531446 -0.02703732815984419 0.6759010402297312 209.88101677327936 -0.04754526374598635 0.9946605498147696 0.09159606180129186 22.79409494075405 -0.6747686130763477 -0.0995960517699292 0.7312782953697331 284.2035228754038
0.7373995227206882 -0.026123959391397535 0.6749514668752213 210.71205918092457 -0.04864840330189159 0.9946026513646108 0.09164550591635245 22.88377150792037 -0.6737026619714889 -0.10041466349196386 0.7321486315006839 285.11026261755086
0.7366949665987711 -0.02530389188465864 0.6757516106111182 211.5116714894783 -0.04831038587767436 0.9947768544209583 0.08991727600797834 22.96661042883933 -0.674497318604291 -0.09888742571143362 0.7316246607597273 285.9837423484325
0.7369365347869588 -0.027167451115312803 0.6754157780923405 212.29911288303268 -0.04651804369899506 0.9947849582840093 0.09076870816697656 23.048984018671256 -0.6743594110758747 -0.09830979794395117 0.7318296033378383 286.84235281051303
0.7379091664791892 -0.024326827535257483 0.6744614647910235 213.06902073832595 -0.04715947349126127 0.9950488539560001 0.08748578342153283 23.130443371537165 -0.6732503591428731 -0.09636380909305217 0.7331084300504728 287.6864022274412
0.7386051061754831 -0.023384938776215634 0.6737326189000582 213.82918433882253 -0.0489913495714371 0.9948936562083885 0.0882409230656368 23.208302814062215 -0.672355817107776 -0.09818226660013035 0.7336878748668229 288.5257492373523
0.7386279195620488 -0.02357315186297743 0.6737010486519074 214.60649315736728 -0.05080389164711538 0.9945996307557898 0.09050159719008402 23.285556858495745 -0.672196222123377 -0.10107364152781431 0.7334414482093069 289.38361331984606
0.7376421849922556 -0.02392419536825568 0.674767841406085 215.37553519139922 -0.05082047670755215 0.9945698684272207 0.09081880842578542 23.363962566382533 -0.6732765301620581 -0.10128380765277312 0.7324208518606595 290.22370001254444
0.7358834339952317 -0.02410185225815174 0.6766791501805759 216.08403494720315 -0.051024466575062 0.9945508661325515 0.09091247706296045 23.438813005814737 -0.6751829939965226 -0.10142817849453475 0.7306437224976147 290.9918262873797
0.734348522664438 -0.02419272141559821 0.6783413296350588 216.75669862004676 -0.0515905198353679 0.9944845189999365 0.09131790477547513 23.509883486779586 -0.6768091795503859 -0.10205515028636983 0.7290501222661986 291.7185567467825
0.7330650026336414 -0.024724874820535887 0.6797090425166071 217.3907934122123 -0.052326840809493964 0.994327135172648 0.09260372557437291 23.577786505194588 -0.6781427605192211 -0.10345157719660325 0.7276126493752735 292.4044770235636
0.7329884732322162 -0.025384889502072367 0.6797672436162742 217.97945859424502 -0.05286657890429974 0.9941551668859628 0.0941309140978675 23.640481658283935 -0.6781836203740492 -0.10493384362974739 0.7273622656678267 293.0418712167695
0.7336707852421477 -0.023976474219256874 0.6790819593879508 218.55562642539508 -0.05223464476508324 0.9944300960718725 0.09154412003374847 23.702866299950912 -0.6774944433487469 -0.10263485134446845 0.7283319068399169 293.66375469479897
0.7343170375007839 -0.025323570978206193 0.6783341397784567 219.1557015755629 -0.05247793611045297 0.994195304520072 0.09392423910700545 23.768585506137313 -0.6767751137990018 -0.10456774465940495 0.72872562197249 294.3137442135072
0.7351861674997907 -0.025078746299456008 0.6774011777381348 219.78321388223864 -0.05372547135723065 0.9940160289072837 0.0951089270407298 23.837226132787254 -0.6757328413244434 -0.10631646513801633 0.7294394672597243 294.9987941439504
0.7356481791638716 -0.027181875767533427 0.6768182194080131 220.42035806830287 -0.05430193688244788 0.9936120055511449 0.09892664997586578 23.907322956670875 -0.6751837202892907 -0.10952775015671254 0.7294728341767912 295.69499061344817
0.7356289525536394 -0.026189077565362505 0.6768782581684137 221.02103150871102 -0.05613816950514699 0.993457839230446 0.09944861786966282 23.971024671746452 -0.6750544793492146 -0.11115598898777475 0.729346142803751 296.35385497897084
0.736132594702979 -0.024221992806416886 0.6764037980972168 221.546747180105 -0.057146050551971146 0.993566805896072 0.09777183197521659 24.027234561433268 -0.6744205897821949 -0.11062683800038921 0.7300127196096455 296.92963101670085
0.7352236811449281 -0.0220778012382086 0.6774649137602495 222.01338116881058 -0.06047208762094723 0.9933474529188345 0.09799981835916861 24.0778159908398 -0.6751216670367336 -0.11301950483059 0.7289974802599726 297.4403004164525
0.7278299757659471 -0.018840018952104434 0.6854987819554607 222.41969282329387 -0.06676162877222705 0.9929274034198777 0.09817360369030109 24.11963928485448 -0.6825001181686439 -0.11721870679949227 0.721424537617096 297.8736855697122
0.7128920328217825 -0.015378388140412392 0.7011051666600556 222.75032654789808 -0.0750505057112304 0.9923446811225946 0.09807882258768207 24.14994094126825 -0.6972462772447823 -0.12253790852589372 0.7062804611784123 298.2030661015922
0.6907089184586849 -0.013428539621603341 0.7230082048533473 223.05827904216383 -0.08136591149089374 0.9920350638827428 0.09615622951436784 24.173246273718505 -0.7185407284273331 -0.12524418689422195 0.6841148406812423 298.480656080087
0.6619121494466382 -0.013525174241906857 0.7494593892110848 223.40421297398322 -0.08739971325716017 0.9916249339162732 0.09508564853916666 24.194748582896487 -0.7444686672637676 -0.12844088172102305 0.6551864951029094 298.762888288223
0.6263688389220194 -0.015108717898547801 0.7793803976691603 223.75989268872038 -0.09126142963880028 0.9915154835872383 0.09256563761487506 24.212904803131213 -0.7741662799991723 -0.1291076002806504 0.6196755590323164 299.0065864309208
0.5841686737555065 -0.016008220046571906 0.8114743973124896 224.14492331496908 -0.09375738223172105 0.9917813008670178 0.08705977560034084 24.231748988754955 -0.8061988054318743 -0.1269393088899861 0.5778666783772453 299.2315860050416
0.5345999258983508 -0.01488051888076861 0.8449742536831002 224.57287126862056 -0.09737029902273267 0.9921018186173087 0.07907595313654617 24.254134605981296 -0.839477184977469 -0.12454939443477331 0.5289286381434029 299.45491354044526
0.48183290910262455 -0.015250803083052223 0.8761303902450931 225.005337977903 -0.09889395750256826 0.9925141094972003 0.07166399108660322 24.273327261138114 -0.8706647074937497 -0.1211740708827698 0.476717748432466 299.62435820850203
0.42965059900551245 -0.01549726319327435 0.9028622251527184 225.414547047037 -0.1030019635112238 0.9924856454775127 0.06605179054286577 24.2859302900424 -0.8971014202903884 -0.12137577334297198 0.42482580354583305 299.7714301548529
0.3758907713436553 -0.017742908323148458 0.9264940999396075 225.86067554273595 -0.10629395125274474 0.9923918037054337 0.06212973414844279 24.295770237183845 -0.9205475131386466 -0.12183471238737109 0.37114495673757875 299.8787875129115
0.3216988819838782 -0.014952201200732953 0.9467239624143727 226.30480893789294 -0.11096243865444247 0.9923900694823536 0.05337871486528369 24.308403062828692 -0.940317588125511 -0.12222267249599396 0.3175916431358958 299.98356770542125
0.2671003351085459 -0.011160668005814913 0.963604094259962 226.74301887405002 -0.11906759087199438 0.9918887680284694 0.044492478722878 24.32367850737946 -0.9562846437064849 -0.12661797403461486 0.263604948478837 300.0741331631399
0.21009484335200443 -0.014000716236318416 0.9775807571458033 227.2224016476678 -0.12467535519224233 0.9913504368701762 0.04099228128562941 24.32676207279196 -0.9696990319705298 -0.1304924950416003 0.2065320704714766 300.1199567544902
0.15015404048264056 -0.011433749587965003 0.9885964968059985 227.68381965928296 -0.13174994257814568 0.9907833215571333 0.03147002311519034 24.323733554322903 -0.9798447411490204 -0.13497288281197467 0.1472637231229521 300.15625525803244
0.08590433194717889 -0.00837107788775977 0.99626822232153 228.10658395217723 -0.13698390486136183 0.9903686526976795 0.020133096202967948 24.32026684200805 -0.9868413527825236 -0.13820223156223524 0.08393025455446228 300.1372149568752
0.022537565433216913 -0.008076966419461795 0.9997133693003201 228.56393321819178 -0.13839458230406684 0.9903147292010427 0.011121003387718065 24.3128880020258 -0.9901206985682228 -0.1386055545096433 0.021201474614945984 300.11112901010455
-0.03617217940543173 -0.00612863856089943 0.9993267800006398 229.0414815671156 -0.14049207054973156 0.9900813121722384 0.0009866103330470545 24.301360512023948 -0.9894208162100242 -0.14036180063211617 -0.03667442397092682 300.05719725008004
-0.08499716035754566 -0.0036926188841045534 0.9963743509830663 229.57035423700881 -0.13920794226136177 0.9902291748517793 -0.008205491071420485 24.283202012100734 -0.9866086516661565 -0.1394006665627629 -0.08468070984200418 299.9913269577576
-0.1227822258610504 -0.003960976934569272 0.992425733077456 230.18998882239774 -0.1391125292150707 0.990187813911699 -0.013258861043019684 24.258100062019228 -0.9826353490629128 -0.13968680625777033 -0.12212848533209227 299.9098127028304
-0.15534907556121946 -0.008053202396119548 0.9878268120745851 230.8607945567891 -0.14010999140988084 0.9900374872095515 -0.013962959103330945 24.230880875137778 -0.977873128288838 -0.14057353894302216 -0.1549297425274947 299.8000623263305
-0.1849486616047222 -0.010969055931212572 0.982686965611428 231.5209048137877 -0.1400783979867284 0.9900219997844371 -0.015312816863557248 24.201527990572078 -0.9727137477120875 -0.14048530084960173 -0.1846397716016292 299.6713581689057
-0.21207495646699218 -0.014673307743714805 0.9771432376470593 232.1580944115058 -0.14100985601921998 0.989883067285604 -0.015739555479248966 24.17062785958833 -0.9670265939181628 -0.14112479279383836 -0.21199848941427002 299.5331825993379
-0.2391147591453803 -0.01720766889582052 0.9708388270408299 232.84072460481647 -0.14036561308619716 0.9899533514778235 -0.017025174323983094 24.140340538433378 -0.9607921870112102 -0.14034335762335848 -0.2391278221981239 299.3622759839762
-0.26859178522079075 -0.02000534581790983 0.9630463327642188 233.53112836854203 -0.13931690123224072 0.9900789555575069 -0.0182883239582879 24.10831899406788 -0.9531260430514719 -0.13908072440443756 -0.2687141569701534 299.16354104865763
-0.30094209433019525 -0.02123918863145247 0.9534058698825121 234.16490806621158 -0.13760544416646564 0.990256457777185 -0.021374975235846402 24.07736765401612 -0.9436623324028078 -0.1376264680098308 -0.30093248031282915 298.9472347252117
-0.3360367353078176 -0.02214608694276274 0.9415884787723262 234.78095111571076 -0.13337011229294926 0.9907684797993973 -0.02429470277567468 24.04852411704024 -0.9323581531099687 -0.13374367375362442 -0.33588823150008085 298.70386976636325
-0.36712984657072895 -0.02370871005721793 0.9298675028327271 235.45609153386073 -0.1288847019684758 0.991328825472797 -0.025610415561309913 24.020544274164994 -0.9211972695115048 -0.1292480439084037 -0.3670020896267468 298.4212411604822
-0.3836844857831273 -0.02238328692875932 0.9231929396586598 236.2892984147445 -0.1255110127062904 0.9916936560143308 -0.028119002656077037 23.98940103137231 -0.9148951858321152 -0.12665970585468744 -0.3833068194723685 298.07105731559625
-0.388813883081414 -0.024241567093409824 0.9209973456791306 237.27955241502085 -0.12473263497004652 0.991835052463279 -0.026551807444964923 23.94961081706071 -0.9128337932485757 -0.12520213708248407 -0.3886629526638661 297.65863674392017
-0.3902181417666899 -0.02385352311641332 0.9204133915100768 238.2986118222544 -0.1250607141455698 0.9917729351389534 -0.027317812929771975 23.903764734016576 -0.9121894647569404 -0.1257674622499823 -0.3899909304402412 297.2340945184119
-0.38909501584563455 -0.016451852003986737 0.9210507071870256 239.2865248193723 -0.12340815841075693 0.9917589374352515 -0.034418548124040396 23.857015310018433 -0.9128940218238658 -0.12705725710458388 -0.38791875223467365 296.8181363485198
-0.387541447804794 -0.010767234281172976 0.9217893972590995 240.2541598380011 -0.1209692289181004 0.991879091226439 -0.03927230630831683 23.805390061964605 -0.9138807755327422 -0.12672779905667272 -0.3856967630897679 296.4097026829469
-0.38709120118829893 -0.011803836533681278 0.921965873232671 241.21641440178462 -0.1206875100386397 0.9919640707995809 -0.037971135924511366 23.74544753357272 -0.9141088156687228 -0.12596805819655496 -0.3854051393415941 296.01288531212606
-0.3885789125518168 -0.008179542239994108 0.9213791422692329 242.17898809906526 -0.1187706076185591 0.9920631388004649 -0.04128282208483499 23.685542446376605 -0.9137286093178696 -0.12547439468717933 -0.3864663048597089 295.6108052244782
-0.38905901961405226 -0.008319493153884583 0.9211752630692005 243.23504003852614 -0.11767699830073033 0.9922158972374087 -0.040739874082946666 23.619258179279527 -0.9136658050555929 -0.12425135533678072 -0.3870095572063924 295.1665886411678
-0.3883323321109614 -0.010430817243677807 0.9214603615397067 244.30763400143672 -0.11637429936103548 0.9924855183661433 -0.0378089709158636 23.55221495116568 -0.9141416861107979 -0.12191674981362305 -0.38662809498197315 294.71817829122983
-0.3880646836362412 -0.012736604982349077 0.9215441281934488 245.3251338724493 -0.11570092589931803 0.9926671796061178 -0.03500237533191911 23.489981557944127 -0.9143407991883262 -0.12020669459876045 -0.38669271199919586 294.2950292341578
-0.3885639236081865 -0.01366850362053394 0.9213203836228648 246.30323503022413 -0.1153262762146446 0.9927486803024579 -0.033910290063524764 23.430032858892865 -0.9141760920548501 -0.11942876440164812 -0.387322659999151 293.88872587043045
-0.3885042102928705 -0.013622178509199662 0.921346251328659 247.25843472710494 -0.11291837890588208 0.9930583730070891 -0.03293186155961193 23.371392190282013 -0.9145020056238168 -0.11683109197973517 -0.38734555329426357 293.49010620115365
-0.386969794549025 -0.012193329747456764 0.9220117682634811 248.224502040128 -0.11187699899217138 0.9931463560407542 -0.03382088969081444 23.31594256426629 -0.9152802386172191 -0.11623957240390374 -0.3856817944940671 293.08833878480164
-0.38525971665149106 -0.015081249188808378 0.9226849444141342 249.21043081398176 -0.11268974103590802 0.99315213858989 -0.030819667090816 23.259333882608694 -0.9159017267102815 -0.11585070365446144 -0.38432101357054443 292.6826427148572
-0.3840278146019582 -0.013062136128171328 0.9232291255218333 250.24657603509914 -0.11331746147551651 0.9930077785957871 -0.033086320028159207 23.200531871611968 -0.9163415250531819 -0.11732404803803055 -0.3828227752043735 292.2594941156201
-0.38367285807082663 -0.01679171712389971 0.9233164009242932 251.30272403276584 -0.11475480502120655 0.9929519554446896 -0.02962682742233599 23.141162661218907 -0.9163113404865785 -0.1173220031136487 -0.3828956448970008 291.8304721259116
-0.38404737449767656 -0.016497676999131714 0.9231659876723523 252.2847138575673 -0.11624644384953067 0.9927483378520355 -0.030618654189227084 23.086050937049603 -0.9159663631563014 -0.11907377690177602 -0.3831801889719302 291.43371676059206
-0.3838655582198817 -0.016683357506843563 0.9232382676182965 253.2174439553448 -0.11676538588237388 0.992687683952101 -0.030610566632370176 23.033106121905345 -0.915976570591345 -0.11955261482758689 -0.38300665061537126 291.0562639333378
-0.38285249291637025 -0.015438037774318732 0.9236804835317217 254.1525707180094 -0.11600100412297741 0.9927498433950235 -0.031488338819604125 22.979483522447946 -0.9164975372090117 -0.11920325259335822 -0.3818675802696266 290.67769238458595
-0.3802245063867411 -0.018167711949932743 0.9247157719999477 255.0927317244081 -0.11725928867351376 0.9926862074338814 -0.02871154454778639 22.92766043615172 -0.917430969589943 -0.11934834650317648 -0.37957395619854434 290.3014909903965
-0.37768408626083877 -0.01740047924283275 0.9257710053287644 256.03521350191306 -0.11921741680407702 0.9924153297107724 -0.029983676986369303 22.877555052349646 -0.9182276071409967 -0.1216923854527462 -0.37689391717954185 289.9295868993396
-0.3754013298774396 -0.017794041858078112 0.9266915417767655 256.9560977558133 -0.12108004896324324 0.9921893790016215 -0.029997632230496937 22.832583170792283 -0.9189197262379944 -0.1234650082846575 -0.374623715826906 289.5672739736697
-0.37328676720758663 -0.018841959173585214 0.9275246465739905 257.82692660220414 -0.12415577867387351 0.9918145804623201 -0.029819131513791983 22.789382921522748 -0.9193706173516725 -0.12628863193832487 -0.37257059652306235 289.228766019867
-0.3708044214167459 -0.02006006061130018 0.9284943053277491 258.6705988664169 -0.1255679004190683 0.9916691739772715 -0.02872197360182246 22.74680110616374 -0.9201830162756436 -0.1272393152744381 -0.3702342139867009 288.90001108256655
-0.36828092310113736 -0.023525739185984735 0.92941686087327 259.5124566961558 -0.12725950608317804 0.9915460169387783 -0.02532813463937546 22.701803072376986 -0.9209637233850428 -0.12760499946552975 -0.3681613563645155 288.5785452570976
-0.3668343103483734 -0.025059037398695378 0.9299487262187525 260.31540282723284 -0.12874966947848754 0.9913848969160837 -0.024072988511340827 22.660693195696403 -0.9213338761602198 -0.12856138927118746 -0.36690033773253206 288.27532460334174
-0.36502924014595006 -0.024258248412152444 0.9306799617604543 261.0194312387573 -0.13010705082620946 0.9911797825303834 -0.025195119137024918 22.62961035691754 -0.9218599726443155 -0.13028498028167756 -0.36496577202420477 288.00926724411636
-0.3622006666782376 -0.02405853941906956 0.9317896027209454 261.62696386672326 -0.13060339661955148 0.9911149585572496 -0.025177206268731607 22.604261868400105 -0.9229048866753702 -0.13081408794576863 -0.36212462571004167 287.7810715548479
-0.36012061093999526 -0.023632362524885382 0.9326063783921342 262.2321099499374 -0.1326527728186538 0.9908184571237381 -0.026115644477183036 22.57503754223844 -0.9234264385643983 -0.13311760388629476 -0.35994904652720194 287.5565122933993
-0.3586054086734412 -0.025212543180578632 0.9331486958339048 262.820409621187 -0.13292929384431498 0.9908272645310418 -0.024313261812956902 22.54671180855663 -0.9239761705304999 -0.13276166437756484 -0.3586675016829519 287.33573160996735
-0.35662279832519206 -0.02434094799715574 0.9339313133016287 263.3236532965387 -0.13067654807387274 0.9911328917623617 -0.024067211102989726 22.521587803557004 -0.9250642245261718 -0.13062583633178734 -0.3566413764335433 287.14266143830326
-0.3539763720823328 -0.024205095317831403 0.9349410897848487 263.75972036628167 -0.13052018231496418 0.9911610173225999 -0.02375541514051372 22.500677171372438 -0.9261021596000625 -0.13043753716121914 -0.3540068345151187 286.980046307781
-0.3510638410249902 -0.024886856397543677 0.9360207390348915 264.1669165116376 -0.12881656282422008 0.9914253961471154 -0.021953974963315987 22.480667906731984 -0.9274483665773181 -0.1282822211110498 -0.3512594469617565 286.8287060049924
-0.3480581998879262 -0.022497713479097948 0.937202935536901 264.5680479635985 -0.12782768009188392 0.9915138731053044 -0.023671156330990283 22.463241436004573 -0.9287171656070025 -0.1280394170868163 -0.34798036435833907 286.6816095034745
-0.34545918702091327 -0.02147749030009664 0.938187970245438 264.97768280155145 -0.1260827581269518 0.9917360368775879 -0.023722800455194554 22.44653001194099 -0.9299253132407738 -0.1264845862891829 -0.3453122662537511 286.5330854703775
-0.34322678323677963 -0.02167095032381846 0.9390025267170432 265.38495776686716 -0.1248358028043305 0.9919168298811266 -0.02273818235425458 22.429721663906104 -0.9309196515312865 -0.12502548744411962 -0.3431577332397258 286.38815650582933
-0.3409713336403863 -0.021481091358640125 0.9398282355566544 265.78755480878897 -0.12451909457309214 0.99196199885585 -0.0225030645158606 22.413573765125363 -0.9317905047392332 -0.12469946086471063 -0.34090541171687827 286.24703267363054
-0.3386342634589855 -0.022684013563723807 0.9406446040562967 266.1914642015943 -0.1244076470804532 0.9920118037149798 -0.02086429097905648 22.399863368567413 -0.9326572644650857 -0.12408874573785578 -0.3387512512474418 286.10676597556363
-0.33683510221855417 -0.023104677468169094 0.9412801324751862 266.5824313521998 -0.12350451999033289 0.9921456064613884 -0.019842608732781472 22.38916667258288 -0.9334284908097538 -0.1229360380785747 -0.3370429988683448 285.9708773825569
-0.3349447876285328 -0.023347673643478967 0.9419484462410407 266.9586243030935 -0.12330435462962287 0.9921821261689973 -0.019252652807885014 22.37981671267706 -0.9341349074784916 -0.1225949209641511 -0.33520510136920917 285.84216049826637
-0.3324027152177385 -0.023916043682926644 0.942834268453596 267.3408016344821 -0.12332075643243604 0.992197942886643 -0.01830937367706616 22.37126620061047 -0.9350403338620252 -0.12235712070031353 -0.33275863484682044 285.71268757700113
-0.32988690089147904 -0.025286367126001727 0.9436817430986894 267.7557310010567 -0.12333277010618034 0.9922277425158956 -0.016526790364320098 22.361761124710448 -0.9359293031197133 -0.12183885512995951 -0.3304415726606849 285.5707223160368
-0.32752534167218655 -0.02512304362013577 0.9445083288366358 268.1859726458703 -0.12373165346793748 0.9921782738730304 -0.0165151683135508 22.352541930910576 -0.9367057320699007 -0.12227471338586535 -0.32807204387724703 285.42400023954383
-0.32540878149592556 -0.02520448676798906 0.9452374615788859 268.6339664814832 -0.12355462738699997 0.9922075119678616 -0.016078160523079404 22.34181541694664 -0.9374664681878481 -0.1220204369821247 -0.3259871684316612 285.2718418362455
-0.3236584180518313 -0.02579041844315566 0.9458224372157331 269.11520785946146 -0.12319693858172033 0.9922673421115192 -0.01510086431412968 22.326583810797196 -0.938119258275982 -0.12140995056200687 -0.32433297882924383 285.1098234558645
-0.3216256689114204 -0.028187346832270165 0.9464472529284635 269.60723905059376 -0.12514357048322378 0.992053715872797 -0.012981201396133171 22.30959744235254 -0.9385606085192327 -0.12261687608781249 -0.32259740518868374 284.95187980804286
-0.31982891882594955 -0.027445735008214678 0.9470777129214263 270.0577016201114 -0.12609303309903988 0.9919219224691606 -0.01383642760867112 22.293548063702104 -0.9390473948031106 -0.12384519108525978 -0.3207060319958832 284.80862291119047
-0.3172367369800936 -0.027129225645323805 0.9479582574280918 270.47786721474165 -0.12611276959908344 0.9919196893008606 -0.013816632054652 22.279367197938885 -0.9399236256495906 -0.12393278457765054 -0.31809470736331946 284.67367080958655
-0.31479238943945886 -0.02714704551443421 0.948772253742082 270.90358720828056 -0.12659434826960725 0.9918610250413978 -0.013622701274780344 22.264221588311045 -0.9406804040359242 -0.12439752780367398 -0.31566696459899374 284.5367171344788
-0.3123809755590679 -0.025623452944924813 0.9496112703458929 271.36934324844174 -0.1268572844637531 0.9918080325351262 -0.014968499500139258 22.247761776825616 -0.9414485410723454 -0.1251409815287644 -0.31307248242981633 284.38630579771143
-0.3091831088512209 -0.023144909813395315 0.9507208414412824 271.8692322033717 -0.12632908343862098 0.9918437826240308 -0.0169373418107218 22.230645466054295 -0.9425745423459367 -0.12534043250198704 -0.3095852194494441 284.2256155906835
-0.30434542036101914 -0.02179778336885931 0.9523123026326369 272.4180683019314 -0.12660005908714503 0.9917948761558372 -0.01775805930162498 22.212397285444048 -0.9441113759215096 -0.1259673778056565 -0.30460782915801543 284.0540887067073
-0.29831993645443716 -0.021111090648544068 0.9542324336163834 273.09370032341576 -0.12603886521183413 0.9918716502555113 -0.017459492418821256 22.187602463092105 -0.9461075097312852 -0.1254788877502459 -0.2985559055839043 283.84661078790396
-0.2896427530219641 -0.02074311100316605 0.9569100265791785 273.8814219295742 -0.1272499310184119 0.9917246652985958 -0.017018909900421885 22.156121450331746 -0.9486382506928903 -0.1266961387900187 -0.2898854217411271 283.61474518419766
-0.2785688777428681 -0.020589377923912737 0.9601955310611383 274.7152657875953 -0.1281724548271829 0.9916240828393791 -0.015921688243881262 22.12393422474005 -0.951825195178533 -0.12750590515606705 -0.27887459901123496 283.3782465564286
-0.26642541430448435 -0.023336480570669574 0.9635729901191994 275.5935092064512 -0.13039225172136987 0.9913893421813503 -0.012042960610322907 22.092729120480396 -0.954994952501695 -0.12885100264959415 -0.26717421247657375 283.1430373397984
-0.25471813659195425 -0.02227778508175758 0.9667586933578459 276.4898518636982 -0.13170903063938882 0.9912174596093092 -0.01186081842461533 22.061789342152963 -0.958003863321623 -0.13035201593193818 -0.2554152497470004 282.915235600046
-0.2448174899364657 -0.02541150892587247 0.9692361176902741 277.41355296860064 -0.13341899706241914 0.9910296750120656 -0.007717154160652852 22.031524737741293 -0.960345650192714 -0.1312038050499736 -0.2460117755237335 282.6875214996956
-0.23706956874710106 -0.028441995570238784 0.9710762444123747 278.34145875144594 -0.13490699788481067 0.9908505357823166 -0.003913778430784881 22.004299173816964 -0.9620801013926912 -0.13193281861568862 -0.23873753344697748 282.46803878937664
-0.23167875107736455 -0.030675402099555105 0.9723085806498158 279.3091448861683 -0.13730572093667628 0.990527631160358 -0.0014665967103462943 21.98134282425211 -0.9630535267041452 -0.13384330993322724 -0.23369611269514964 282.2459786154681
-0.22841812659431315 -0.032487162851090955 0.9730209369242921 280.33643767149727 -0.13911882848180915 0.990275611944598 0.00040490690585022807 21.96319999288994 -0.9635720580242003 -0.13527304475630106 -0.2307164761289593 282.01090117922666
-0.22660312257912457 -0.03280637129780431 0.9734345210848325 281.34164657763193 -0.1394260469824163 0.9902320630024825 0.0009158737392807554 21.948217259925368 -0.9639561205056209 -0.13551458742187117 -0.22896374022021684 281.78057260061007
-0.2249430050310433 -0.029975741108113275 0.9739107245700809 282.29104500403406 -0.14059259451106573 0.9900655151098526 -0.001999539674733501 21.93336714847097 -0.9641754855088626 -0.13737441805257358 -0.2269226793611954 281.5641939487389
-0.22318307954180883 -0.025195231275373167 0.9744508778420858 283.2203716997327 -0.14183654686792557 0.9898661013497666 -0.006891688559275604 21.91823800261076 -0.9644022537192752 -0.13975085588144295 -0.22449496943491853 281.3548641880946
-0.22109124125467172 -0.027392350855849866 0.9748683614494088 284.1881414468025 -0.14300127917781522 0.989711711391196 -0.004621957228316075 21.8983239589038 -0.9647120281171874 -0.14042929697788117 -0.2227337319678347 281.1418906475708
-0.21892449106813214 -0.029922676911177077 0.9752828823562041 285.21089004899176 -0.14554387040874295 0.9893490870670051 -0.002316399388850461 21.874743785629608 -0.9648259164206786 -0.14245356199883186 -0.22094780758550395 280.9220182942786
-0.2168689127558761 -0.031879360475566235 0.9756800608066919 286.23182045929155 -0.1472128374571168 0.9891047555904217 -0.00040367838525150353 21.852313105326406 -0.9650369190698916 -0.14372017549419847 -0.21919912405848338 280.70280733969787
-0.21370870515790644 -0.03294553921823137 0.9763417336083446 287.20878325564814 -0.1500011176965111 0.9886856857038648 0.0005287476504693324 21.833765203206045 -0.9653125162503221 -0.14633935331926443 -0.21623260540577444 280.4980300781812
-0.20986813762244608 -0.03536954707693991 0.9770897399678573 288.1805970466417 -0.15093593705693814 0.9885378204929401 0.0033645742395477774 21.81769884716865 -0.9660091654407995 -0.14677183856122275 -0.21280112708753832 280.2947574948114
-0.20679901630416375 -0.03557629890974644 0.9777364132584565 289.1893252418634 -0.15255893756616418 0.9882874753289752 0.0036927870998876193 21.803122573409507 -0.9664160270940839 -0.14839876368678526 -0.2098043600879604 280.0867079275164
-0.20465468261587552 -0.033241464360967726 0.978269628441224 290.2548373301152 -0.1541195432454021 0.9880513105874212 0.0013319295437843124 21.786705064518664 -0.9666248637776828 -0.15049788268816133 -0.20733248668058482 279.87047880012346
-0.20361322382784977 -0.031425506580439064 0.9785469291856111 291.3128695553113 -0.15571768867150673 0.9878013671605165 -0.0006785798552451948 21.766324992295328 -0.9665886697645661 -0.1525152339013356 -0.20602292811914308 279.65592696805203
-0.20414878129240896 -0.032215579819436 0.978409644021214 292.383658960229 -0.15634659048454094 0.9877022494128779 -0.00010074027116107947 21.744882462985238 -0.9663741608407602 -0.15299157794349535 -0.206675006562657 279.436184418633
-0.20451668317152985 -0.03277067526357821 0.9783143713281953 293.44125494334446 -0.15668093892505813 0.9876492165752733 0.00032920481902411105 21.72294397820042 -0.9662422106708433 -0.15321588638590924 -0.20712528208043604 279.2194819452307
-0.2031288254319185 -0.030776136946884185 0.9786682326883165 294.4246093841817 -0.15876695129274485 0.9873142488122244 -0.0019050641884281226 21.70072198538099 -0.9661944604766974 -0.15576714508195094 -0.20543821712904448 279.02337438329454
-0.20245907079176284 -0.03089979892803343 0.9788031094557986 295.3637241243975 -0.15921542019828505 0.9872422851484626 -0.0017664614139675375 21.67798795787278 -0.9662612351870581 -0.15619818449985487 -0.20479588016785927 278.83381802553066
-0.20270923225190232 -0.03047238592834882 0.9787647321270189 296.242968781465 -0.15867137826639813 0.9873291683943765 -0.0021229594231373782 21.65352458161693 -0.9662982773858627 -0.15573229251990267 -0.2049758331794455 278.655896779302
-0.202432541963854 -0.029450247225018444 0.9788532826182046 297.0977965860604 -0.15831181257726387 0.9873845105309432 -0.003032880161253518 21.63162467335126 -0.9664152502690307 -0.1555779910590075 -0.2045410783815514 278.4821319199119
-0.20150156581104903 -0.02951913551895027 0.97904327770222 298.00282944302353 -0.1577925019280274 0.9874685923524679 -0.0027028601019471734 21.610825660341227 -0.9666947011911199 -0.1550303188271609 -0.20363436579653799 278.29898555349047
-0.20085922271626921 -0.029952574216324353 0.9791620989129576 298.9662236686818 -0.15809346150508674 0.9874216457360242 -0.0022250755724118492 21.588450619576072 -0.9667792044097533 -0.15524605254169574 -0.20306805039459944 278.1062267476976
-0.2006570559829523 -0.0282369865584355 0.9792545218043927 299.9557632091851 -0.15744055336092683 0.9875212111160179 -0.003785466069073701 21.567304136657377 -0.9669277212086016 -0.15493395427101758 -0.20259874573226036 277.9064726592424
-0.19943911282415913 -0.0293909859349651 0.9794693513437158 300.9433214700801 -0.15568379120228407 0.9878047970287382 -0.002059156113211225 21.54465770384725 -0.9674640031715886 -0.15289817825201754 -0.20158261248038403 277.707704394513
-0.19774919308914302 -0.027608646868067497 0.9798637758641267 301.95507681545007 -0.15432524140960946 0.988014568080289 -0.003306527632930662 21.519456917908126 -0.9680283965341401 -0.15187157693010236 -0.19963979469109797 277.50618051383844
-0.19525497886742194 -0.029224606548243676 0.9803169975062043 303.00889617028866 -0.1544748897235967 0.9879958409196052 -0.0013140663781497006 21.49371373756104 -0.9685107132460461 -0.1516909380868349 -0.19742557491360924 277.30033065641726
-0.1929219328795353 -0.03285476777741311 0.9806639037143727 304.01501473145123 -0.15478978644016414 0.9879438813415575 0.00264751460588308 21.469002948618755 -0.9689278868047055 -0.15128599259043232 -0.19568162565272598 277.10614856943556
-0.19193564421897805 -0.03275715239854169 0.9808606819752643 305.0098387462856 -0.15534548855503985 0.987856799993845 0.0025926610881062896 21.4480348910184 -0.9690348227302472 -0.1518746577696905 -0.19469360714593562 276.9141056722425
-0.1903071268872666 -0.032011864513478754 0.9812025468710731 306.04553983783904 -0.15505543179369183 0.9879034164949992 0.0021570231294933463 21.427008341029364 -0.9694023986597028 -0.1517302877077618 -0.19296867430993206 276.71427116571516
-0.1880915731239475 -0.030125628222220344 0.981689363619659 307.05208391491703 -0.15490777501685482 0.9879287300925476 0.0006367865069482495 21.406039028567495 -0.9698583099396973 -0.1519515409001982 -0.19048776301633555 276.52277923580573
-0.18539776436775904 -0.032565273863097065 0.9821238068113685 308.0452817345313 -0.15559444944986595 0.9878152301468611 0.003382068937538069 21.38571204290536 -0.9702669922592594 -0.15218598499246483 -0.18820571113555956 276.3373460731492
-0.184478328914131 -0.034661860359275105 0.9822251786619399 309.0780342663738 -0.1561681475658248 0.9877150340434285 0.005524600478683995 21.364824774802244 -0.9703500687107248 -0.15237311757992128 -0.18762509744718442 276.1467775951429
-0.18561171574347274 -0.03246959866789857 0.9820865624480899 310.17164333790384 -0.1564410862305679 0.9876824656034356 0.0030876655453638837 21.343490844579307 -0.9700899326958116 -0.1530655817023073 -0.18840501633546927 275.9455335459563
-0.18738646809683854 -0.03281131568088927 0.981738116371916 311.3199981417132 -0.15625344246648626 0.9877118545911295 0.0031865369173397894 21.321070390597882 -0.969778930113232 -0.15280284638527594 -0.1902107169561989 275.72977399247594
-0.18947778686541558 -0.03261573154388839 0.981343152185023 312.43596606257626 -0.15649669080464942 0.9876750350069552 0.0026097875786454294 21.297264028598953 -0.9693332523192311 -0.15308245908616963 -0.19224673383012647 275.52017359481704
-0.19088431589248345 -0.03315128691119818 0.9810525827509888 313.4920545129587 -0.1567001720302312 0.9876420074349732 0.0028846551811399735 21.275060256963027 -0.9690243722590027 -0.15318047305694565 -0.19372018129790758 275.3206184377234
-0.19241470021161283 -0.027644385442376292 0.9809242433011757 314.527663806048 -0.1555381220277226 0.9878262796563125 -0.0026709205266418953 21.25491343259912 -0.9689089099283607 -0.15308503902695325 -0.19437205325753526 275.12108301028314
-0.1931433788983786 -0.02416407079402721 0.9808729443054152 315.6201590982495 -0.15532391544404944 0.9878438295155344 -0.006248982254346778 21.234111346103006 -0.9687982847212554 -0.15355997580993136 -0.194548753145335 274.9057844930533
-0.19342493887704415 -0.02754733127198936 0.9807282689716854 316.7307303133452 -0.15493246381434184 0.987921075106054 -0.002807315037140059 21.207774204762448 -0.968804791832095 -0.15248965178362586 -0.19535654947320674 274.6893960020887
-0.19405320200308443 -0.02649784848159968 0.9806330704285838 317.74779701611004 -0.1540124584700773 0.9880616819155041 -0.0037782755735482954 21.180473789129124 -0.968825844735963 -0.15176289650686445 -0.1958175319410708 274.49083806619564
-0.19375567313015943 -0.021424870507267303 0.9808158410494914 318.6345799049573 -0.15294565120570142 0.9881969399520185 -0.008627609560717172 21.156066517384208 -0.9690543673639482 -0.1516831658201238 -0.19474560405729427 274.31710282799725
-0.19353353893556388 -0.022483945109643813 0.9808359911419333 319.4178741159613 -0.1545619569693184 0.9879519087990566 -0.007850309428091203 21.132767891075765 -0.9688422837412136 -0.15311922842219663 -0.1946769917645595 274.1673767327186
-0.192873211551775 -0.02236355251223719 0.9809688046949976 320.15480248915424 -0.1551251550499231 0.9878626009001747 -0.007979223864588767 21.106606503351514 -0.968883951016034 -0.1537119164599037 -0.1940013819584293 274.0289357724937
-0.19196631079887877 -0.019495587559374018 0.9812078564626247 320.88507994646955 -0.15747697752172257 0.9874592638524173 -0.01118944961410571 21.082293101090084 -0.9686846427340997 -0.15666564491859275 -0.1926290181497808 273.8950599390947
-0.19123195729022607 -0.02092899382374791 0.9813217187693699 321.6195520210355 -0.15798710502704066 0.9873932479107761 -0.009728752509192345 21.057224104110727 -0.9687468261398968 -0.15689662583285813 -0.1921276545584692 273.75739915819355
-0.1905205247264033 -0.022311295449801136 0.9814296387175818 322.39379344051486 -0.15897905353026104 0.987246064387976 -0.00841836617617805 21.03060883943437 -0.9687247236426857 -0.15763062661109226 -0.19163766685491243 273.6140893457722
-0.19006527919427624 -0.022238250127353892 0.9815195616369908 323.1613956195469 -0.15943911053907928 0.9871711006767843 -0.008508114896685159 21.00497827818891 -0.9687385404097992 -0.15810970311736489 -0.19117259768290015 273.4715227198533
-0.1899687822411814 -0.021921017556596065 0.9815453788608459 323.85577467514236 -0.15741657466843534 0.9874964561356538 -0.008412558420781082 20.980283154095467 -0.9690881713205763 -0.15610963490063515 -0.19104423073657367 273.33853646977997
-0.18954701460688927 -0.02149199421773533 0.9816364008318742 324.50426159948887 -0.1570030220388362 0.9875598498274489 -0.008694485577683533 20.957457560957724 -0.9692378347569226 -0.1557678952587237 -0.1905633293222418 273.2169797550545
-0.18815058307634286 -0.020885264011168022 0.9819181044441596 325.14960546797266 -0.15678431386921352 0.9875915265948179 -0.00903634454180306 20.934508250829136 -0.9695452733176473 -0.1556495497754558 -0.1890904033580342 273.0983256033893
-0.18554541419914194 -0.01980055063163604 0.98243617475353 325.8059232467001 -0.15706509804592775 0.9875400202046034 -0.009760300718505142 20.910624290496994 -0.9700017805372788 -0.15611741315105307 -0.1863434975134087 272.97978873932817
-0.18335813863185338 -0.016538924267308155 0.9829070439169403 326.4202832273943 -0.15695064743354398 0.9875252745762737 -0.012662003919122247 20.889267146656387 -0.9704361325031404 -0.15658957837971452 -0.1836665910698191 272.86853947610376
-0.1804851961505849 -0.015247842905184977 0.9834595046351524 327.02784596324545 -0.15574002612729426 0.98770897024817 -0.013267793832076966 20.869363527495764 -0.971169469367913 -0.15555864931928284 -0.18064154668736684 272.7587540634347
-0.176338126505337 -0.014749380115171686 0.9842191427353979 327.6693783089294 -0.15776318736526984 0.9873851150990253 -0.013468897253919707 20.847063561048397 -0.9716046736471257 -0.1576486291316993 -0.17644055055444535 272.65230463437354
-0.17234796019232518 -0.015060264604358588 0.9849209963482285 328.3110344357318 -0.16074373257982036 0.9869100672252739 -0.013037317427818003 20.824889864873594 -0.9718321012674211 -0.16056683231431448 -0.1725127801256861 272.55133490890734
-0.16888496991555674 -0.015521925732515362 0.9855135396117962 328.89229070625646 -0.16194852750415314 0.9867236432725296 -0.012211725767618581 20.80500592932676 -0.9722399607997283 -0.16166484351441796 -0.16915654582545464 272.4618246565587
-0.16613399603186763 -0.015510708278858363 0.9859811931731595 329.42903513098736 -0.1621064447177796 0.986702814192546 -0.011792245141305242 20.786409280975043 -0.9726875119705424 -0.16179299859140792 -0.1664392671918327 272.37920137353984
-0.16451359982157576 -0.013783369268366298 0.9862785074234123 329.9836271037897 -0.16310236767002007 0.9865178883965213 -0.013419148039405748 20.766935915912743 -0.9727964294415246 -0.16307199209331363 -0.16454370927062725 272.29518406870085
-0.16364526157917017 -0.012917742186863033 0.9864346710753198 330.5163750652859 -0.1620644950913266 0.9866813482499035 -0.013964828912208538 20.747418712994218 -0.973116297157476 -0.16215131498864757 -0.16355923469487293 272.2115867980491
-0.16199532984577558 -0.012530518518470991 0.9867119636519122 330.99478913096823 -0.16226012676003906 0.9866471346983737 -0.014109672402519799 20.730848890323838 -0.9733597301984367 -0.16238970933266866 -0.16186543155002384 272.1399689471817
-0.15971012194386836 -0.012811744173856362 0.9870808154147735 331.4355558821914 -0.16241068772938086 0.9866312725533349 -0.013472213294692881 20.717712249563306 -0.9737121984754752 -0.16246412290414095 -0.15965576503541132 272.0741125756001
-0.15735946100305523 -0.01262690300259205 0.9874606631929127 331.835006727018 -0.1626878776082927 0.9865878080788292 -0.013309824548882293 20.706072404399546 -0.9740485894000034 -0.16274230633358983 -0.15730316976172298 272.01491052505315
-0.15525739809277309 -0.012849741824052685 0.98779047599808 332.2199789241422 -0.16335597205502975 0.9864835956618342 -0.012842970219411711 20.694246140545893 -0.9742740716715281 -0.16335543953341605 -0.15525795838997913 271.96048110431946
-0.1529010406987776 -0.01327301639286178 0.988152366180976 332.5762975964662 -0.16268324704700976 0.9866063372032517 -0.011920424515369408 20.681377481997956 -0.9747591666065375 -0.1625784808214785 -0.1530124331232805 271.90888439010837
-0.1505621649778995 -0.013271446135981368 0.98851145830214 332.89650037556044 -0.16319313939344074 0.9865258094027742 -0.011611487291292365 20.670586710799153 -0.9750379652772911 -0.16306653887190523 -0.15069927062947333 271.8647652502123
-0.14822110999648277 -0.013607516926543065 0.9888606261928424 333.19809716797585 -0.16296550558471723 0.9865720955303359 -0.010851005041056318 20.66135254056102 -0.9754346449357473 -0.1627585199120998 -0.14844836696674435 271.82229073628525
-0.14621494066638197 -0.013736672097866996 0.9891574672243031 333.4873852746433 -0.1625453629437607 0.9866470462501445 -0.010325265679295741 20.652274144647947 -0.9758074585241736 -0.16229266762716865 -0.14649537167790838 271.78157368394017
-0.144447491216797 -0.01391997575340625 0.9894145524279467 333.78380292069994 -0.16257807988189518 0.9866464728803157 -0.009854212030923164 20.642419085302034 -0.9760652079769512 -0.16228053434672585 -0.14478169065544969 271.7415425656427
-0.1429281400607065 -0.014129135619315236 0.9896322116349257 334.0758312224112 -0.16201585824944553 0.9867442226803687 -0.009311320132640214 20.631058284242588 -0.9763823065042105 -0.16166696178739784 -0.14332266049703404 271.70069161864745
-0.14159785726065802 -0.014494647060083807 0.9898181408853801 334.34538868746336 -0.16168438771382795 0.9868043529956637 -0.0086791519410511 20.619771498278624 -0.9766310488556026 -0.16126708937478504 -0.14207294005470886 271.66481920728944
-0.14032619365611765 -0.014726832037371006 0.9899957978658925 334.6242541676031 -0.1616176875827637 0.9868191374042443 -0.008228797794635341 20.60975703118462 -0.9768256151608564 -0.16115554744062607 -0.14085668991824582 271.6284545059
-0.13909968925578586 -0.015032591926654303 0.9901642781018243 334.9228687844374 -0.16147243696874702 0.9868471699023624 -0.007701646257356701 20.600163486967773 -0.9770250398778515 -0.16095553558565837 -0.1396974839287191 271.5894302754374
-0.13807241575840962 -0.01505405875990536 0.990307721529771 335.215576758724 -0.16136656397899254 0.9868660664745549 -0.007496590602041062 20.591943703593746 -0.9771882316300428 -0.16083762667950005 -0.13868820356416003 271.5503805091675
-0.13723306438323943 -0.015034044104283238 0.9904246884836082 335.49843225688136 -0.16104397794959546 0.9869199859729726 -0.007333379390101604 20.58489675486204 -0.977359669316345 -0.160508313818878 -0.13785919624335335 271.5118565881172
-0.13643432681286297 -0.015604030032498863 0.9905262180850449 335.782415163149 -0.16105206040402326 0.9869236031850919 -0.006635911073482433 20.57854891216261 -0.9774701572461121 -0.16043165436690227 -0.13716331860361855 271.4745417926941
-0.13548536208101133 -0.016288428955350376 0.9906454480508855 336.08562067439414 -0.16116248717072545 0.9869107590772899 -0.005814322525817334 20.572356025534845 -0.9775839449329772 -0.1604426399049049 -0.1363370452577755 271.4358116894992
-0.1341222227070689 -0.016777395739220432 0.9908227633478759 336.41708751656387 -0.16169729413896164 0.9868268185808734 -0.005178339279259733 20.56513178687622 -0.977683596284735 -0.16090789017870627 -0.13506826582873788 271.3948633480955
-0.13244033980757908 -0.01746065801422333 0.9910371747887962 336.77419774268293 -0.1619458459848351 0.9867904675637162 -0.004256300463936406 20.557414128041717 -0.9778717192760552 -0.1610580595533598 -0.13351854587657894 271.35211222653265
-0.13062995893211715 -0.0178760928072522 0.991270023321262 337.16233155927756 -0.16271463085125965 0.9866664227955788 -0.003649525272579367 20.54947953719875 -0.9779876086824059 -0.16177087325511788 -0.1317968961316755 271.30716636804715
-0.12890783956878463 -0.01792179124272434 0.9914946183900123 337.56127600442073 -0.1635379104607391 0.9865310873628845 -0.0034300887365723625 20.541225117635047 -0.9780787906604675 -0.16258912345313173 -0.13010248343093725 271.26191231700096
-0.12713524267630183 -0.01823778667819905 0.9917177084265026 337.9633887061587 -0.1635610445576992 0.9865291685023766 -0.0028256675679525665 20.532495561772375 -0.9783069123607535 -0.16256562622858123 -0.12840561668430178 271.2151408638911
-0.12536562801819615 -0.018598905540549607 0.9919362580449876 338.3785186549904 -0.16351154723104383 0.9865390388466475 -0.002167660869168239 20.523873360331784 -0.978543526489094 -0.16246478247370214 -0.126719221991212 271.16679714377653
-0.12326678355329711 -0.018984506144206367 0.9921919615673574 338.80749084843654 -0.16314663058809287 0.9866008520316046 -0.0013912937378551306 20.515539043421906 -0.9788710216367507 -0.16204427573034866 -0.12471237189167962 271.1166627643337
-0.12069495509678889 -0.019840309649765124 0.9924913550893936 339.2546071637032 -0.16296352992473817 0.9866320889695133 -9.449933306695171e-05 20.50716406387868 -0.9792219440600032 -0.16175130023791606 -0.12231476257054709 271.06622484469483
-0.1183214419866421 -0.020128034505820156 0.9927713224066906 339.68856438823656 -0.1628092914954595 0.986657374485195 0.0005999806068629288 20.49865615029404 -0.9795372228603398 -0.16156140504747624 -0.12001975433292643 271.01758454269293
-0.11647507388429618 -0.02043496580900138 0.992983368106449 340.1030192131562 -0.1620714450640227 0.9867781744358419 0.0012965924290894817 20.48907502510161 -0.9798808110471936 -0.1607832286945772 -0.1182469852133194 270.97172665311564
-0.11507236677474332 -0.021220382916562162 0.993130427362755 340.5132389245171 -0.16091816702976494 0.9869647276923142 0.002443319671562755 20.479314637340604 -0.9802365499840527 -0.15953156941530827 -0.11698711226134265 270.92713418365076
-0.11330901020619076 -0.02211483139370514 0.9933136475648144 340.92400711676504 -0.1599682560131495 0.9871151157943945 0.003728972825241114 20.47085679977208 -0.9805973818413976 -0.15847612565509034 -0.11538670774030317 270.8817520598232
-0.11116970886140917 -0.0226892770358944 0.9935423959445581 341.3277007677756 -0.16020264540913576 0.9870733528709995 0.004616108308813475 20.46373703020116 -0.9808039601447288 -0.15865494873968627 -0.11336753946709016 270.8393357555113
-0.10906493505195451 -0.023561219298484266 0.9937553566584065 341.72539885508024 -0.15962818680043883 0.9871596637221334 0.005885600972649234 20.457065956546426 -0.9811338756362026 -0.15798945301878173 -0.1114255393251834 270.79665072130547
