0.9999932554950762 -0.0012945392815730799 -0.003437023771751435 -0.0034018838061676024 0.0012889270443086766 0.999997833388486 -0.0016345902875801858 -0.020438210793316362 0.0034391323663927075 0.0016301491901866006 0.9999927574648649 0.7802548222541809
0.9999798202574659 -0.000964522987015573 -0.006279233492528976 -0.011199228553044848 0.0009515229414119702 0.9999973986714611 -0.002072982007420224 -0.03982342074089364 0.006281216596977515 0.0020669653404544125 0.9999781367471706 1.5406514034314784
0.9999523505959055 0.0009711287102645356 -0.009713570237119325 -0.024910438710401148 -0.0009912465172141785 0.9999973734936988 -0.002066503338057521 -0.059626213342323306 0.009711537883644442 0.002076033413072163 0.9999506868427074 2.3275183579154404
0.9999169105737017 0.0018484387654475142 -0.012757555521113796 -0.03997205977711115 -0.0018522738067921062 0.9999982428365418 -0.0002888002313290729 -0.0770466100067036 0.012756999274460357 0.0003124067210139921 0.9999185773709537 3.1448264675152484
0.9998986704387108 0.0023101636153968256 -0.014046778953498434 -0.05304230850318791 -0.0023040562602295142 0.9999972439786243 0.00045095443859485617 -0.09315659041875833 0.014047782018811619 -0.0004185441745955635 0.9999012374435416 3.949817099592421
0.9999017363246094 0.0017724342931239746 -0.013905976114888715 -0.06313635010362668 -0.0017768725858924494 0.9999983742926397 -0.0003068157288427842 -0.10694947951101438 0.01390540969712152 0.00033149472774022143 0.9999032601669027 4.791117175283622
0.9999055842635716 0.0020517222154607492 -0.013587236454709833 -0.07229474810749548 -0.002050636063723956 0.999997893037809 9.387053460163181e-05 -0.12008563569903374 0.013587400423177558 -6.599919466560558e-05 0.9999076848358786 5.621940718793832
0.9999164588138446 0.003107235700078099 -0.012546731824867286 -0.08398201318858343 -0.0031338659268680263 0.9999928773119247 -0.0021033805577566783 -0.13635904463756085 0.012540106759250219 0.002142524614209449 0.9999190743808941 6.44576762374782
0.9999137804831426 0.00561778685258454 -0.01186895407307373 -0.09803309646502248 -0.00564268824913279 0.999981946555597 -0.0020655827754748187 -0.15357340601195743 0.011857135793812262 0.002132377489603518 0.9999274280151581 7.29065511631565
0.9999157270923753 0.006626866547928716 -0.011163483017514107 -0.1110786008066171 -0.006632220819790543 0.9999779086006015 -0.00044267116967446773 -0.1701861804565564 0.01116030287778604 0.0005166725489780125 0.9999375883969726 8.12866252149515
0.9999185687648414 0.007753212763334702 -0.010136248374887333 -0.12460824303516745 -0.007757345931284759 0.9999698434382941 -0.00036850793215481445 -0.19027396483525286 0.010133085580084775 0.00044710830918815705 0.9999485590123058 9.008078884058481
0.9999248333560721 0.008435449414470456 -0.008897799222668501 -0.1361778788195094 -0.008442057201225891 0.9999641164433238 -0.0007053339166090993 -0.21329791664458062 0.008891530129411934 0.0007803966290285299 0.9999601650431178 9.932050954191551
0.9999325717479258 0.009237491776103455 -0.007037094802900363 -0.1465392500077494 -0.009216296298945877 0.9999529127060166 0.0030384623222450124 -0.23293497264502008 0.007064831215862326 -0.00297340149325433 0.9999706230902243 10.844361806002814
0.9999394936770406 0.00989806212166762 -0.0047997240690362515 -0.15468407645305712 -0.009872392255162295 0.9999369936377706 0.0053427170819092 -0.25001207815277693 0.004852304201458186 -0.005295009055017894 0.9999742086789258 11.72478867329453
0.9999497082173451 0.009670306458889456 -0.0026582341953081297 -0.15874666831812992 -0.009664218051771065 0.9999506695210254 0.002293777212518078 -0.26435037440734266 0.002680284591935513 -0.0022679720994769168 0.9999938361695346 12.586184473102385
0.9999661552726271 0.008199939947652241 -0.0006702940660431155 -0.15795621351535902 -0.008198868828394214 0.9999651319033998 0.001585410782998701 -0.2750457832607312 0.0006832709673778169 -0.0015798614720790385 0.9999985185881598 13.445066920897789
0.9999743349648565 0.007117701309084592 0.00081715339261963 -0.15736683456610587 -0.0071223266134966745 0.999957790828686 0.005804224722058866 -0.28715168313531536 -0.0007758061633496747 -0.00580989578978296 0.9999828214703034 14.293608313315739
0.9999868902273307 0.004772788148425976 0.0018546877802505506 -0.1538230992384055 -0.004778956698130992 0.9999830167015846 0.0033358479094877666 -0.3000566347878822 -0.00183873498616716 -0.0033446676498703858 0.9999927160994536 15.167938962747778
0.9999886621382575 0.004549394438036344 0.0014066290144366068 -0.15293295900538434 -0.004550272900388893 0.9999894540431756 0.0006219477174531978 -0.315372382378553 -0.0014037846947012249 -0.0006283412117812589 0.9999988172872267 16.066063951502507
0.9999799856541591 0.0063241268407777055 -0.00018360503515766407 -0.15594322241660621 -0.0063234199839364595 0.9999734390269152 0.003624306884226578 -0.33285639236992615 0.00020652073487501712 -0.003623073334346698 0.9999934153227209 16.980871363287402
0.9999703494239955 0.007493276524665551 -0.00177512810141488 -0.16167652073276767 -0.007482253760555581 0.9999531761768917 0.006136882955437165 -0.3512524535086337 0.0018210303441152597 -0.0061234190344103875 0.9999795935856963 17.91413905783911
0.9999452550684744 0.01000467599796722 -0.0030648530500851714 -0.17436493851419022 -0.009973294860086699 0.9998993707657468 0.010088693270053151 -0.36768851663302354 0.003165478743679395 -0.010057574282059568 0.9999444109268693 18.81315044647582
0.9999414517270387 0.010226954517921882 -0.0035358901722309095 -0.18561985102098405 -0.010190726048940472 0.9998968978382633 0.010116461635020809 -0.3838297192454165 0.003638986207334147 -0.010079836045579257 0.9999425756935627 19.68650538135597
0.9999304167631021 0.011360009667764088 -0.00317990759559559 -0.1946066099438172 -0.011330181530264747 0.9998930626643195 0.009246092269602851 -0.39946987244324206 0.003284603242321333 -0.009209419966266515 0.9999521978401891 20.549145696920355
0.9999201910050713 0.01250009844775265 -0.0018328009104611727 -0.20396942616901784 -0.012479432061743359 0.9998628901827944 0.010884144923945856 -0.4153165413895284 0.001968602498532294 -0.010860403956834025 0.9999390862598063 21.46279544130623
0.9998954887822434 0.01434779089214956 -0.001775502585976785 -0.21339218677613828 -0.014333235191776978 0.9998656222548081 0.007955865882631431 -0.42944035853051143 0.0018894130979926799 -0.007929585709251325 0.999966775342373 22.399151245542004
0.9998856964018995 0.01494030975452393 -0.0023197576008896826 -0.21903539727449825 -0.014917814562695432 0.9998442618921461 0.00942925076676382 -0.44231873473242805 0.0024602722534387725 -0.009393567255753318 0.9999528528658987 23.298989477309743
0.9998947421270628 0.014452398047083086 -0.001277833065388609 -0.2215386076966381 -0.014436707505832775 0.9998292277703893 0.0115367574499166 -0.4562836249915625 0.0014443486578258064 -0.011517095413160539 0.999932632915937 24.16533070423435
0.9998984781803979 0.01424853554969561 -0.00011210358165968784 -0.22298755709807375 -0.01424661980888913 0.9998452431049519 0.010321030201518824 -0.46598607637870815 0.00025914579859328776 -0.010318385294645483 0.9999467304653612 25.004439539895564
0.99989944389529 0.014179448106279559 0.0002129537290134623 -0.22562715021543284 -0.014181009180118184 0.999818765013103 0.012701815079236683 -0.4733141742367662 -3.2810406575580805e-05 -0.012703557732975653 0.9999193060164413 25.891375981559612
0.9998661649359729 0.016359331626170277 0.00015647675370189054 -0.2346113857177309 -0.016359616269789053 0.9997200815359066 0.017091563104216737 -0.4843794885938902 0.0001231735958621682 -0.01709183555342007 0.9998539163226193 26.801073376346988
0.9998372935056082 0.018035655798120886 0.00031880293564775684 -0.24238251573633343 -0.018038158685524417 0.9997680655061342 0.011766053941663137 -0.4924437997883353 -0.00010652049525627615 -0.011769890146216095 0.9999307267702745 27.69438385253619
0.9997909358493301 0.020447030535355487 5.9462649793040726e-05 -0.2500362540189361 -0.020446558542142657 0.9997379085073026 0.010298181258211875 -0.4975775375946173 0.0001511201615068855 -0.010297244084243751 0.9999469705574219 28.60665070489363
0.9997283281079808 0.023298727857480123 -0.0006627659046360286 -0.2594100608015821 -0.023287705894452795 0.9996382171599186 0.013457991956928457 -0.5078552275310438 0.000976080219417371 -0.013438901501326705 0.9999092174761878 29.483211760831463
0.9996899962313506 0.024859492618879944 -0.0013845799703005104 -0.2672228994907289 -0.02483612532174846 0.9995804262882118 0.014904303421458546 -0.5182617357183978 0.0017545124578383982 -0.014865295429568432 0.9998879660631116 30.288740685463356
0.9996918358149466 0.024771886988068655 -0.0016084215840832497 -0.2734035431158385 -0.024742589876609468 0.9995623452426126 0.016214876480738348 -0.5276410519371613 0.0020093907384314325 -0.01617008312093826 0.9998672365672961 31.068791180218412
0.9996550116355944 0.02620618572353828 -0.0017588466853485324 -0.28116683512866675 -0.026168284594091738 0.9994786192691079 0.018913236246604948 -0.5344011664112657 0.0022535734382898823 -0.018860685399547047 0.999819581701127 31.850813634215932
0.9995952750161438 0.028341041135231528 -0.00246405210384174 -0.29134713763778347 -0.028276118545642166 0.9993291200977066 0.023275971402622504 -0.5427979116443463 0.0031220642837912647 -0.02319687720608148 0.9997260412745547 32.59124966151263
0.9995448625742873 0.029877958901725375 -0.004168365772718345 -0.30579227702979755 -0.02979523587407533 0.9993817039517852 0.01866691526830423 -0.5518737340403177 0.004723517815841942 -0.01853422181513546 0.999817068768657 33.234311219621645
0.9995335994341955 0.029883357098938853 -0.006290355364985366 -0.3162560667791827 -0.029778875858384107 0.9994269174198475 0.016095194601854775 -0.5570882342485391 0.006767728919766862 -0.015900368082466726 0.9998506769213636 33.851890791634176
0.9994808767554256 0.03129542372798403 -0.007653329595095118 -0.3282846684548185 -0.03113585276438353 0.9993120571148929 0.020148726446971472 -0.5648236667005411 0.008278627473190003 -0.019899973831294104 0.9997677007028544 34.50589087348535
0.9995666231522209 0.027943615692097707 -0.00925852159462256 -0.33351388278949584 -0.027787799890213214 0.9994768128874967 0.016551092940130695 -0.5712830290674114 0.009716175035846623 -0.016286646134294418 0.9998201543779598 35.14069234216094
0.9995576199980621 0.02849983947935711 -0.008504319694135357 -0.34061883804714765 -0.028375821916726975 0.9994941213132433 0.01436364127989072 -0.5767846556219529 0.008909379010872681 -0.014115970031069798 0.999860671471641 35.689267988722534
0.9995057469198534 0.03125199365360096 -0.0034021709041554197 -0.34858391636041736 -0.03118738094757489 0.999358126244259 0.01762619582310177 -0.5835524697906298 0.003950840899940204 -0.01751137922148829 0.9998388582436387 36.20748612047363
0.9995852241527297 0.02852075228772303 0.00399328742761426 -0.34034509417400144 -0.0286021865953239 0.9993468258614948 0.022087022491073357 -0.5906362666422365 -0.003360740618297647 -0.022192078079739327 0.9997480768138531 36.74359370338077
0.9993299372503213 0.033565179379913226 0.014596412177758991 -0.3355332061026685 -0.03387754905784041 0.9991902227205036 0.02170738329655764 -0.598602078493062 -0.013855980120597779 -0.02218732865723811 0.9996578085834932 37.26163506153317
0.9987860288330965 0.0358362760920644 0.03379689221904498 -0.31737379260910714 -0.03658804668534528 0.9990905734728265 0.021893853874759762 -0.6057737463654298 -0.03298156223654974 -0.023103837637753415 0.9991888856661905 37.711724095890126
0.9973941960849652 0.034909181749519014 0.06313609621765262 -0.27343857012495015 -0.03641264326007106 0.9990762353449906 0.02282094169168511 -0.6150132678210287 -0.06228111292230125 -0.025060426940887046 0.9977439741610562 38.11024207625807
0.9944211676395699 0.034577948526336846 0.09965393532652958 -0.20977459715158717 -0.037028385188234605 0.9990530514797696 0.022845109308379446 -0.6230901126751789 -0.09876963116619328 -0.026407684576086454 0.9947598675834397 38.502937027012884
0.9894554771969217 0.03409661127478052 0.14076675653217285 -0.12548837912540187 -0.03749913876682287 0.9990634204705181 0.021589267460814434 -0.631287760815995 -0.1398987964092546 -0.026640251074727644 0.9898073670093165 38.89103645281851
0.9817997644267323 0.03503919592717503 0.186658718843749 -0.022854367645100737 -0.03909040138021081 0.9990723421700368 0.01806642274525993 -0.6403942128695348 -0.18585253049540829 -0.02503417383604803 0.9822586864206385 39.267129318636705
0.970512904230831 0.035790670469384694 0.2383772863105654 0.11024136533369355 -0.04043080724174966 0.9990756232449526 0.0146030429530812 -0.6487266993100325 -0.23763428318998456 -0.023810227740636253 0.9710628303604868 39.63798640053232
0.955298997516119 0.035321302759507525 0.2935238166079015 0.2762009670986745 -0.04077443780749168 0.9990904581905862 0.012478043677075605 -0.65622570365755 -0.29281610366607347 -0.02388853122096915 0.9558703194000338 40.01160257934686
0.9362593146307058 0.035052405155477404 0.34955661152388035 0.46381262519508526 -0.04156644535759356 0.9990735413275378 0.011148526341457904 -0.6642274854719966 -0.34884197910741016 -0.02496773742388868 0.9368489129525398 40.391082821247416
0.9133967749229674 0.03497004794662362 0.40556556474500194 0.6662787108490633 -0.042889610322680405 0.9990251355069513 0.010452748523026766 -0.6743697931379106 -0.40480466015930444 -0.026942055822224406 0.9140061885684257 40.75501133004624
0.8876402530267675 0.03304565205797844 0.4593503739920525 0.8892109074224203 -0.04109567269436087 0.9991268006765525 0.007535373622726272 -0.684039781663124 -0.45870025822139354 -0.02556601357073763 0.8882231994593061 41.06950328441738
0.8605182404955937 0.034302111707007775 0.5082634384911107 1.115175274053227 -0.042320816262445216 0.9990951449802269 0.004223717298708153 -0.6909930878039892 -0.5076586513448255 -0.02514470937153607 0.8611912896130408 41.37731568479734
0.8330935164259989 0.03393313868521204 0.5520903322717521 1.3488982088998744 -0.041895155316473504 0.9991203730305686 0.0018100155429915206 -0.697100948758703 -0.5515432792174804 -0.024637822432745045 0.8337823390164842 41.66382899071439
0.8072588986122894 0.027923228670451876 0.58953656706933 1.6195397252509955 -0.03684498228029731 0.9993161228445343 0.003119920468832458 -0.7067023423317912 -0.5890462782261143 -0.024240047928684415 0.8077356635585534 41.954941130714985
0.7839234679045677 0.033867057027596306 0.6199330761596491 1.8913370567613401 -0.04120931322024137 0.9991474744199712 -0.0024732294896747365 -0.7165001391048109 -0.6194883283584857 -0.02360819367258108 0.7846507912562922 42.27180855384641
0.7627324860982332 0.03746553185644574 0.6456279800110291 2.172666380488269 -0.043503503192408095 0.9990316107809623 -0.006579199828529772 -0.7270457221497179 -0.6452492540564424 -0.02306890944776623 0.7636237460664079 42.574195963521696
0.7436947213594534 0.03615020011652102 0.6675412529976107 2.48670066736343 -0.03940024815371175 0.9991713005941886 -0.010214328873875463 -0.7380870384387779 -0.6673573119907429 -0.018704948555214932 0.7445027488411549 42.88488489340793
0.727369326028135 0.038619749547747856 0.685158652064064 2.8657894107503323 -0.039398225066647766 0.9991185066200755 -0.014491017592559618 -0.7514450710722582 -0.6851143287181877 -0.016453713080619093 0.7282497043671808 43.269661878067524
0.7146304340025389 0.036172855470315214 0.6985662941514326 3.300307332173147 -0.03838284468446966 0.9991852478210481 -0.0124738835459735 -0.7714990659323797 -0.698448351727792 -0.017898744758063845 0.7154366043926008 43.698134245855634
0.7045670280798275 0.03317723459869876 0.7088614632261664 3.760419570703474 -0.03554960508634842 0.9993024708331331 -0.011436667565328686 -0.79592448856304 -0.70874644868314 -0.017141846200980745 0.70525500961557 44.13995755504221
0.6970251522519615 0.03258323804253571 0.7163059888949641 4.224039282256662 -0.03355645937606364 0.9993547859124298 -0.012805307808252165 -0.8233121287338659 -0.716261056572442 -0.015111071192504783 0.6976687999080528 44.58141137849089
0.6918252797795202 0.03151246806769673 0.7213769795427838 4.710470554100693 -0.031165901619266637 0.9994193787446226 -0.013769239847232956 -0.8509442146938999 -0.7213920354663232 -0.012956455765170889 0.6924057057966512 45.04211937132671
0.688713454081138 0.030646719087111005 0.7243856409239645 5.216326990627272 -0.02932358311360172 0.9994661684897722 -0.014405051813649204 -0.8795183968383882 -0.7244404086196504 -0.011320629557137448 0.6892444687521421 45.52124677972551
0.6868331021993227 0.02975609163289068 0.7262058005372779 5.709668700303365 -0.028123136936124796 0.9995013740369205 -0.014355920979858106 -0.9051814666068579 -0.7262708715707417 -0.010563063430793744 0.6873274640219397 45.98718617123548
0.6857482910313779 0.027639190333486587 0.7273137950742121 6.200291166464727 -0.025473843735123715 0.9995779046563554 -0.013967670105235178 -0.9286322822350788 -0.7273928544004961 -0.008949172057765215 0.6861629162863422 46.44816587271576
0.6862688817912669 0.026438718381518928 0.7268672616477551 6.673007682189156 -0.02398267812911864 0.9996182718045318 -0.013716480025017354 -0.9510368146215871 -0.7269524420721877 -0.008019030169811096 0.6866409848825052 46.89797798619733
0.688445922900323 0.02586977378732879 0.7248261626390939 7.131135123263668 -0.023879067544588708 0.9996303621774991 -0.012997274563659322 -0.9714309450923757 -0.7248944760274573 -0.008360252213576662 0.6888091933241035 47.3378290871188
0.6908554201278109 0.02417583919882327 0.7225886224395301 7.5998545964470186 -0.023764699212828495 0.9996600506264232 -0.010724842791433157 -0.9911034030875236 -0.7226022609647357 -0.009762785494407284 0.6911950958072842 47.79007028368524
0.6935364767555106 0.02318570311084452 0.7200483168377023 8.084970663567825 -0.025136466099094267 0.9996521938953877 -0.007978051904268875 -1.010065776736843 -0.719982856380345 -0.012566400096841597 0.6938780671753533 48.26479162710118
0.6961003392293073 0.026075068883683473 0.7174708415730591 8.579667994412068 -0.027175165452040812 0.9995810458997723 -0.009962081136582196 -1.029531707658411 -0.7174300161740486 -0.012562780768158121 0.6965172994491048 48.74975694229771
0.6970136682522774 0.03067483208670248 0.7164014244443935 9.062426691777466 -0.029710132841027373 0.9994620598128272 -0.013888808489902137 -1.0497939483456689 -0.7164420801963484 -0.011603692134544128 0.6975500699252881 49.223093387858896
0.6966927952286925 0.030768585873606393 0.7167094552186183 9.570845645776647 -0.03197626830088273 0.9994187082718421 -0.011822175002619064 -1.0737229641034158 -0.7166565895475874 -0.014681269685592606 0.6972716780268924 49.71679266026421
0.696324476665769 0.03063453689999033 0.7170730425452242 10.094454382088234 -0.033060438816325435 0.9993972261901378 -0.010592056869676845 -1.0996711372510164 -0.7169652924524399 -0.01633124099331094 0.6969175417409178 50.224200605617
0.696877592641958 0.032163336341421433 0.7164685203614578 10.609018665424424 -0.034572582304055736 0.9993390419985535 -0.0112345756592155 -1.1258634007507449 -0.7163563061957202 -0.01694104284871352 0.6975289554139096 50.72814534500021
0.6962839089347381 0.03393502144932865 0.7169638292674142 11.170770311371417 -0.036537275778638426 0.999262465272805 -0.011813254233786019 -1.1543089565691456 -0.7168359265809959 -0.017970526318111794 0.69701026860916 51.27937163198715
0.6935267726850891 0.03290864443679793 0.7196788427419107 11.7648799184653 -0.036843666036276944 0.9992691012040703 -0.010188604017092826 -1.1822119805463225 -0.7194881234891995 -0.019449537273216536 0.6942323499073249 51.8527604184775
0.6893987272817257 0.0320451520030564 0.7236729254680159 12.366694209303297 -0.03701699788741362 0.9992742396954037 -0.008985307372386802 -1.2102376167174638 -0.7234356479257416 -0.020593739686469433 0.6900846043754246 52.42650616870048
0.6833881577498198 0.03307716350153392 0.729305510127271 12.99410334312503 -0.03759723479595469 0.9992420341210351 -0.010089855368359555 -1.2399788887245946 -0.7290864652309785 -0.020524582830093178 0.6841137827267082 53.01566667001053
0.6764324494221294 0.032894595842625725 0.7357697241210238 13.631368443517056 -0.03886187164976916 0.999204560196016 -0.008944373391330565 -1.2687973185543548 -0.7354786851436641 -0.022543124180933457 0.6771727336887599 53.60311276695362
0.6690549119609516 0.03271845956659956 0.7424924425100305 14.26625563398384 -0.039622662270149156 0.9991800260952556 -0.008325868537920873 -1.295318594295743 -0.7421560276758161 -0.02384906404607599 0.6698026968657095 54.17455057118081
0.6617140258841553 0.033809132305926394 0.7489936518562108 14.947215617807151 -0.040858393857888 0.9991243882799477 -0.009002688241562615 -1.3220978288385137 -0.7486421973142675 -0.024645472544494576 0.6625160081715172 54.777070848885735
0.6543187120576557 0.03413662731940598 0.7554480218562132 15.650080589666484 -0.04051190621969884 0.9991284195020332 -0.01005916486672655 -1.349976973406731 -0.7551329740553344 -0.02402273961532379 0.6551313604733923 55.38675828285682
0.6460792807457144 0.035156302319734954 0.7624602267648476 16.32145120150746 -0.041361740639801595 0.9990834802640701 -0.011018433404072837 -1.3779443775339129 -0.7621487842949982 -0.024417900618964018 0.646941262192339 55.954242804281364
0.6397787173193054 0.03448338134819133 0.7677851843296135 16.953701879574712 -0.04052858796830791 0.9991167046304965 -0.011101535280909661 -1.4024247538257513 -0.7674898217061624 -0.024014723381570863 0.6406111664952053 56.47306862382866
0.6360719096142768 0.03319046716670218 0.7709156365575303 17.552445948962593 -0.040318842509469384 0.9991392964774313 -0.009749726831101407 -1.424843191852843 -0.7705757047418126 -0.024880898774774188 0.6368626414995752 56.96259191084626
0.6346562873409247 0.03227128210220245 0.7721204318563992 18.103506231123237 -0.04056168409729781 0.9991415626249673 -0.008419478518900587 -1.4483997002813849 -0.7717293221861029 -0.025975030063876324 0.6354204522136165 57.41677328659492
0.6354293291263683 0.03244923414579546 0.7714769049617516 18.600764119092936 -0.04049510063554505 0.9991421106702292 -0.00867118849739902 -1.470450000898055 -0.7710964365826933 -0.025731107414794424 0.6361982360873681 57.82861949490839
0.6388316900457499 0.032939202958134475 0.7686410610302915 19.084165485516397 -0.040313920539339014 0.9991436754241181 -0.009311480587599452 -1.4918676708985723 -0.7682895675486136 -0.025038465777044057 0.6396125511803954 58.232701663517815
0.646217204824665 0.03375220232426022 0.7624067897302972 19.538046534132167 -0.041631318981471294 0.999093010707205 -0.008943670156958527 -1.5147321168337486 -0.7620171634999152 -0.025960446727198005 0.6470362414403581 58.62573767318195
0.6586953779194449 0.03493905096831387 0.7515980719939293 19.963151362892955 -0.04311505786297835 0.9990326179280866 -0.008655639850785438 -1.5381993875113464 -0.7511734093357062 -0.026703764401073506 0.6595645670241702 59.013985149078714
0.6769692835480601 0.038176328034556256 0.735020514754672 20.350433375805697 -0.04548486782120482 0.9989150721494313 -0.00999026686253884 -1.5599732400580624 -0.734604462232371 -0.02666920715910333 0.6779712659529102 59.39218449466707
0.7006473639517822 0.04016996593551348 0.712376056043546 20.732505069204517 -0.047937430798667066 0.998808216238831 -0.00917332558173217 -1.5784870619069076 -0.71189555000424 -0.027722211501702752 0.7017379887633372 59.78930169578657
0.7270981001894754 0.04043841954220355 0.6853415841212198 21.127830391357207 -0.05051221849864256 0.9987091735315042 -0.0053387719904479675 -1.5980735112983846 -0.6846728185660639 -0.030736312871737365 0.7282021770002135 60.22939138662383
0.7572984420666534 0.03982804562000576 0.6518533550005776 21.489486667661296 -0.052735092050175736 0.9986085054184869 0.0002509428543269079 -1.617245885860383 -0.6509363100257017 -0.03456558531180085 0.7583450010398789 60.67956143451504
0.7912870428018078 0.04059329956316547 0.6100958940400629 21.813699445159948 -0.053329390096311685 0.998573253167235 0.0027265749505979266 -1.6316522726463725 -0.609114760981806 -0.03469354535905666 0.7923228924273829 61.1356271173438
0.8272572993792191 0.041626734758079764 0.5602790158279891 22.080515596067603 -0.050936813123767785 0.9987013685386188 0.0010087357853810902 -1.6435105908285337 -0.5595094294939029 -0.029373311568000344 0.8283033302329129 61.5643734496523
0.8634144392453205 0.04279113538547542 0.5026772571293725 22.278855854054417 -0.048880473242053135 0.9988040663618685 -0.0010659993570844156 -1.659654758481538 -0.5021217038112565 -0.023650702979368034 0.8644735038219853 61.9761872275737
0.8955186963518892 0.042396448674061546 0.44299978061398537 22.46314389844626 -0.04797293452458803 0.9988476772690212 0.0013838957261836308 -1.6733782210290917 -0.4424306296328389 -0.02249130396640049 0.896520651858382 62.40798308447987
0.9217146657655484 0.04161883657117875 0.3856292874707046 22.640288842882516 -0.048054251130429354 0.998819775325532 0.007060125136811546 -1.6860876073452347 -0.38488032407619216 -0.025038547504104964 0.9226267973985405 62.85768046121899
0.9428580563890884 0.043100378828720774 0.3303952827251168 22.76611698450623 -0.05026988273182547 0.9986486755566975 0.013181870086704397 -1.6960504279194202 -0.3293806679092096 -0.029037564527263502 0.9437506002403419 63.32938652016364
0.9587561210349514 0.04433242573297991 0.28075137828093 22.88099962516277 -0.05147974844754165 0.9985094483872369 0.01813055380273424 -1.7016109962977308 -0.27952913243128946 -0.03183578976632784 0.9596092676772991 63.808992960012276
0.970030297722799 0.04617161815790065 0.23855691810655458 22.981249342665272 -0.05279653158241269 0.998374836660751 0.02145254706290451 -1.707493667303695 -0.23717872533741988 -0.03340459847535735 0.9708915413412635 64.28948534139907
0.9771519270529804 0.049684706868635686 0.20665319102308327 23.06007623006095 -0.05544547974240421 0.9982154329703085 0.022175395284737578 -1.7112403696600407 -0.2051826265373837 -0.03312671555221643 0.9781629263491541 64.76865491765459
0.9808916891917573 0.051261874547179426 0.18767981855396296 23.14569399705874 -0.05650945779873805 0.9981436567189411 0.022713910518298547 -1.709162351559872 -0.1861670627523342 -0.03288557084269425 0.9819675982314876 65.27872369194205
0.9824361536189847 0.05728158629879947 0.17758948148307174 23.232158847211732 -0.06251124598635144 0.9977559081895878 0.023989410122065707 -1.7068518064001 -0.17581680291589494 -0.03466940356948745 0.9838122200240078 65.83828114678097
0.9828603253048889 0.06287931739230102 0.1732967754629172 23.325509665559604 -0.06762744080517757 0.9974762395832214 0.021625926964138155 -1.7045814038493716 -0.17149959239516682 -0.03297488303533915 0.9846321886354796 66.43044018822717
0.9825042418011266 0.06460531812377876 0.17467560709188112 23.424328093456 -0.06898928357394966 0.9974338380966963 0.01913680672544825 -1.70272452328626 -0.1729910217171537 -0.03085273877339481 0.9844400514584082 67.01080089682192
0.9819073035668789 0.06319123847332124 0.17850746365972303 23.53371448416015 -0.06662872971615068 0.9976889005418814 0.01332179086851689 -1.6986964496087147 -0.1772530946935238 -0.02497448929888655 0.9838483700783499 67.58395185229782
0.980867696289434 0.06506080750937457 0.1834820255558704 23.646589710452538 -0.06897256110560843 0.9975056014117121 0.015012027404457383 -1.7001934612184986 -0.18204765362505984 -0.027380037956277026 0.9829084318140323 68.19473012198614
0.9799215859535676 0.0624590901151068 0.18934768930260518 23.77556603365674 -0.0674006182059016 0.9975301970894536 0.01976518555791065 -1.701303955395449 -0.18764552232255607 -0.03213048329342891 0.981711154054808 68.84354859921757
0.9791698547143775 0.059496120867807145 0.1941303871636438 23.91116795109853 -0.06509653275907251 0.9976231900091581 0.0225923035279453 -1.7025007012288935 -0.19232482169852547 -0.03475891767065087 0.9807155452020696 69.51069308519688
0.9789934704704372 0.057958761185420885 0.19548034882846582 24.040552152654605 -0.06244519879337113 0.9979059546730452 0.01686128037057383 -1.7041904302319846 -0.1940937451952106 -0.028713892629354205 0.9805626601325199 70.15958030298383
0.9790604513977724 0.06133959154634281 0.19410844138706604 24.15978783913829 -0.06467201880999396 0.9978473523378265 0.01087158753033323 -1.7024230791607344 -0.1930237355659342 -0.023197326167421383 0.9809198344242264 70.79145618274222
0.9796587340972711 0.059313770078903344 0.19170456798406643 24.282282079502032 -0.06369852164491017 0.9978280126102583 0.01678557685977445 -1.7031022036794212 -0.19029257223334586 -0.028655434550700274 0.9813091271477732 71.43091253994929
0.9801652524399255 0.06107049014126928 0.18853772339582453 24.397111530988568 -0.06607109660718626 0.9976074383131153 0.02034721640588333 -1.7069256796479686 -0.18684402078337659 -0.03240052864150689 0.9818551408640936 72.06697015492367
0.9807141122060734 0.06515587582794462 0.18426758251234765 24.512058854766657 -0.06926573577671827 0.9974707519615871 0.01594856822714361 -1.7082784356129883 -0.18276238115969315 -0.028404415612356012 0.9827467126409309 72.71446457589829
0.9815060154106261 0.06575978680331246 0.17978206849498904 24.639002015187714 -0.06976296281420587 0.9974348153460619 0.01602866666167443 -1.707354081182365 -0.1782668525894186 -0.028274362506522113 0.983575868803576 73.4083556326398
0.9819723587398904 0.06562264721322075 0.17726803108158984 24.7678463194836 -0.07011128246438102 0.9973549570508652 0.019170229974275234 -1.7063418030812705 -0.17554114828727152 -0.03125312494449118 0.9839758876309862 74.14002532399591
0.9820481735694742 0.06560982572610745 0.1768522987044509 24.899060298284127 -0.07071025184911507 0.9972388737817415 0.02268675609156913 -1.703400945022948 -0.17487551307227944 -0.034784757965428216 0.9839759019107076 74.89201988196652
0.9819366786168244 0.06833248540116635 0.1764398782187781 25.027699164000857 -0.07351223356504487 0.9970294888040692 0.022981513687626097 -1.699847111425019 -0.17434537763656338 -0.03553688075782151 0.9840430983461879 75.65797308390755
0.9815714835807704 0.07310594965656023 0.1765586099454135 25.15502012728482 -0.07808406557121461 0.9967169736166921 0.021404513735482193 -1.694969859730474 -0.17441416606719248 -0.034796474378802365 0.9840573682696999 76.42863223258198
0.9809712901874994 0.07668935060726159 0.17836499469152617 25.28031744184445 -0.08212388550453753 0.9963502750180493 0.02327653112246663 -1.6913643840436194 -0.17592894945832258 -0.03748163516835987 0.9836890422118127 77.17848287491442
0.9805999651636074 0.07779036488236203 0.17992322655121498 25.41091678402889 -0.08310333183251373 0.9962942813904571 0.022170726352735808 -1.6855046160925677 -0.17753181280960806 -0.036692833089606726 0.9834307761303738 77.92325679593453
0.9806239105454694 0.07496951965187065 0.18098706359758884 25.551226602198568 -0.0804768232991064 0.9964848235334807 0.023269666502387393 -1.675096547847264 -0.1786063464107422 -0.037384055299227295 0.9832101532384554 78.68545648696605
0.9803568504313598 0.07590544864290441 0.18204067863700765 25.689162683002436 -0.08178364641773173 0.9963366780996559 0.02499318010902558 -1.664933371356418 -0.17947668648301388 -0.039390185829240955 0.9829733120840121 79.45872393854401
0.9798477813635018 0.07887129360530382 0.18351469805453624 25.82398167453388 -0.08591146875472962 0.9958290070236754 0.03072146328946185 -1.657518157609157 -0.18032621798680992 -0.04586837489236535 0.9825367918257838 80.22972876790305
0.9798998887692302 0.07838053821966873 0.18344672038072438 25.968971945062354 -0.08376104968901803 0.9962483566631595 0.021755422334402818 -1.654169192953497 -0.18105329200277523 -0.03668382578670617 0.9827888900372272 80.9905599449211
0.9798919121107013 0.0776704926694256 0.18379100943332488 26.125381994069294 -0.08288200439016537 0.9963415710182845 0.02083379967950004 -1.642506521608903 -0.1815004515925515 -0.03564783905520234 0.9827445332548999 81.78221572005756
0.9795404551148076 0.07841601534313497 0.18534137511947807 26.277863174055675 -0.08657281695768747 0.9955831873637445 0.036321679513178516 -1.6393524524729766 -0.1816745556138347 -0.0516240794237777 0.9820027037977849 82.59435191656551
0.9796029033288142 0.08130654300284536 0.18375907557093038 26.418205546490114 -0.08779136314612197 0.9957614150321888 0.02742044656891821 -1.6300839364408308 -0.18075073539740275 -0.042993608804328086 0.9825887854312583 83.35664717976364
0.9801835060468156 0.08116279660817619 0.18070112041852504 26.56519825829786 -0.08695574963195406 0.9959143628449374 0.02435732918666255 -1.6174116566538477 -0.17798593225228537 -0.03958765370544615 0.9832364037170203 84.125598045029
0.9808622526805957 0.08162871572037365 0.17676536435678766 26.705920405450193 -0.08748465360422329 0.9958374138251979 0.02557890947032254 -1.608811180326196 -0.17394158976534127 -0.04055364343415146 0.9839205889471558 84.91007928797482
0.9815284149109522 0.0830700336249837 0.172340767771111 26.843092812395437 -0.0888877830504157 0.9956942180236932 0.026305630928916877 -1.5992279670093104 -0.16941349635366693 -0.04113871300527287 0.9846860786796431 85.71657019420698
0.9819426236564011 0.08474697185741448 0.16913495974452028 26.982338225306943 -0.09073461385276986 0.9954820179316386 0.02797823839596699 -1.5875981592056811 -0.16599974004729767 -0.04281942007724289 0.9851957082572348 86.53678496667878
0.9823461349067637 0.08533169310968379 0.1664769455053025 27.11965038512539 -0.0916693450341911 0.9953146116544053 0.030749878182569364 -1.578908825661939 -0.1630729971967858 -0.04546785653926462 0.9855657621929539 87.36312664912568
0.9832530560894359 0.0840413936065234 0.16171107522818667 27.251855291739286 -0.0895599079358469 0.9956118270008983 0.027131399271982576 -1.5686106707926741 -0.15872129844890145 -0.04115986025980276 0.9864651110516197 88.15856358064826
0.984425594078499 0.08360611369416215 0.1546488521656445 27.38208834912488 -0.08924804035828106 0.9955607104354628 0.029894132023577494 -1.5552536002805462 -0.1514629889293056 -0.04323065567621263 0.9875171256208178 88.99524672976116
0.9851375432450261 0.08402283811543089 0.14981382968264453 27.509342439031922 -0.09084943832036003 0.9950885302550427 0.039308987671187554 -1.5415490424814549 -0.14577517088320363 -0.05233526182113305 0.9879324976556254 89.88911956555302
0.9854355382254989 0.0868556914390486 0.1461946950708681 27.627317429119714 -0.09353916537758829 0.9948330303614741 0.039467280654614655 -1.5279161296313255 -0.14201135356964711 -0.05256739071373702 0.9884682316042647 90.75575892785079
0.9862748727946334 0.08754605723605782 0.13999129671643354 27.742670917772415 -0.09300273488808235 0.9951217756824247 0.032911135896453926 -1.5088070615051956 -0.13642714758164717 -0.04547899982495933 0.9896056254779744 91.5875503739627
0.9870094601766176 0.08895552778797988 0.13378803981605325 27.84494548627515 -0.09455404763362171 0.9948657402727304 0.03607895380537514 -1.4925439772461528 -0.12989171489343931 -0.04826046940875642 0.9903530024665367 92.39568888182592
0.9879462398988563 0.09050040538103579 0.12558624007261912 27.939298304201685 -0.09535363139590187 0.9948905137351893 0.03317454836685984 -1.479305832546349 -0.12194224882838452 -0.044749774363663695 0.991527884451604 93.19868554733651
0.9890540559274338 0.0904336131525623 0.11659260725133075 28.030138503721844 -0.09493380792970821 0.9949154105867222 0.03362882526968099 -1.4620879630497299 -0.11295860553961999 -0.0443293062118747 0.99261032940692 94.01409788088802
0.989665016017309 0.09217208150758531 0.10985200709143203 28.108535219146383 -0.09709715103203105 0.9944566513414952 0.04034986820452157 -1.4450381838628459 -0.10552392777431946 -0.05059916988665268 0.9931286042974785 94.81558452920828
0.9900284498168426 0.09291144310307083 0.10588263452408986 28.18849420167636 -0.09805662374948242 0.994187236916741 0.044459380233058475 -1.4261348806847398 -0.10113637867804769 -0.05439854494708509 0.9933842314107499 95.62249877294192
0.9901414714982829 0.09399727019260487 0.10384786765047758 28.268328328659052 -0.09870987351912953 0.994262921348633 0.041201991470303526 -1.4101175671112058 -0.09937920954128178 -0.051046610344075975 0.993739410652172 96.42407947328017
0.9902263854562693 0.0945421209016561 0.10253532523782381 28.351006252280534 -0.0988139196462578 0.9944027185963904 0.03740377697841336 -1.389761084463412 -0.09842517376338457 -0.0471701242686999 0.9940258872615537 97.22376596277935
0.9902043928958608 0.09630618537614548 0.10109588986715948 28.432610185015207 -0.10120306121009998 0.9938713914278611 0.044470188924177916 -1.367164731842307 -0.09619355847166672 -0.054265789955945484 0.9938822985389223 98.06149597850364
0.9904187889460648 0.09664463208491252 0.09864298044858472 28.510616528738428 -0.10158132504132832 0.9937490611599374 0.04630375629029495 -1.3503716575956988 -0.0935513597199733 -0.055880394888680726 0.9940450314556306 98.87507853556085
0.9914097953517327 0.09276372630074786 0.0922036266284193 28.58906024577079 -0.09667495001155228 0.9945559517263217 0.03888975348358492 -1.327163968127603 -0.08809410718599037 -0.04746946353762654 0.99498044116985 99.69134662252381
0.9917927474564165 0.09458879371816904 0.08602386991871389 28.65819839441633 -0.0986247612589229 0.9941543484500341 0.043935042102042125 -1.30229460663245 -0.08136524171579958 -0.0520585397492995 0.9953238698432265 100.55654631269394
0.9925602870133323 0.09025596576532717 0.08171864712400004 28.729150939398153 -0.0943580522140537 0.994389960187614 0.04780340009293362 -1.2778739355188318 -0.07694566021796524 -0.05515856888864359 0.9955083614173084 101.42513444675222
0.9931518605998478 0.08868847661900953 0.07605087706303781 28.793449580839493 -0.09231951157763658 0.9946832828399996 0.04563194736922611 -1.2560770076936767 -0.07159950816258742 -0.05234043325805179 0.9960592299041413 102.30023171027766
0.9939344464110733 0.08560109905195705 0.06904178501898448 28.855253591942454 -0.08839819154217408 0.9953399454107362 0.03852470378634474 -1.2291389167308306 -0.06542228954709282 -0.04439419906755295 0.9968696399828629 103.17093052067939
0.9939686647562861 0.08835814643782622 0.06495484154914798 28.90474787468702 -0.09162397232628922 0.9945803135674594 0.049143133388149574 -1.1990094039510995 -0.06026061049935172 -0.05479815528031673 0.996677390633557 104.0465882340103
0.9940477454305997 0.08919211656987536 0.06256073965455416 28.947310014876763 -0.09258120707808679 0.9942645819810879 0.05354120949265686 -1.175178993952538 -0.05742647386270104 -0.05901446737671953 0.9966039798936861 104.88434955115626
0.9939251474236909 0.09248853736837172 0.05965460396525305 28.989645997771387 -0.09522573751454046 0.9944472772433 0.04479588930023524 -1.1481978505678612 -0.05518025220677826 -0.05020441453544071 0.9972134458216786 105.71175666568485
0.9942376468165376 0.08995478718092999 0.05830641402062665 29.040300854558183 -0.09259105551281376 0.9947224573530133 0.04420553445673279 -1.1186050495509245 -0.054022199989764506 -0.049349458971866336 0.997319523927736 106.56314902411238
0.9940026216559842 0.09234352328053902 0.05857868084179159 29.081528795695093 -0.09541619277701144 0.9940772149514427 0.05202154236778502 -1.0946923147564462 -0.05342787939800777 -0.057298904199989585 0.996926425209257 107.42544806279092
0.9938387456207005 0.09353053770280857 0.059469203963844544 29.12307284134122 -0.09639285234160298 0.9942221069121858 0.04723155877741108 -1.0759611156988127 -0.05470800417233022 -0.05267295932561217 0.9971121269121938 108.22970767226845
0.9940503986185925 0.09003127111178905 0.06130395768798404 29.1750958609378 -0.09251319901660902 0.994950405663404 0.038922978790693334 -1.0537094781949563 -0.057490112314447804 -0.044362827820405994 0.9973599282575198 109.01688535792366
0.9936705240811363 0.09202160969891318 0.06442757888309732 29.223397405920267 -0.0950290955927708 0.9944441793755229 0.045279632252950335 -1.0350090818913935 -0.05990292616506143 -0.051115530463482946 0.9968945992341898 109.8201700589292
0.993448538415572 0.09243213436681176 0.0672034378313804 29.27198143562975 -0.09552219990565772 0.9944403750580265 0.044315344742362706 -1.0215873286160857 -0.06273365002248832 -0.05044443468655902 0.9967546579595229 110.59657366815509
0.9931393785049232 0.09460494129984819 0.06873194267954438 29.324229062494148 -0.09751010576775815 0.9944217929190315 0.04021289644950576 -1.004249052843509 -0.06454420296209755 -0.04663906998805087 0.9968243792236591 111.38593140022259
0.9930083442325226 0.09592305972215162 0.06879821871328813 29.379032116322417 -0.09901392860202377 0.9941560153947792 0.04301231215789574 -0.9830699408415892 -0.06427029039435068 -0.0495235667931484 0.9967029377425886 112.23963060862667
0.9927892994937907 0.09790522578869167 0.06916627483022712 29.43346539358025 -0.10109035565486063 0.9938971302397813 0.044150135840107615 -0.9619697586217784 -0.06442163304511091 -0.050823825755165655 0.9966277097950897 113.11524797340472
0.9927787615507405 0.09771313993615656 0.06958787895597562 29.48959437906598 -0.10056354821194613 0.9941776443975462 0.038701216404252226 -0.9389606578563983 -0.06540109620486453 -0.04541974971267707 0.996824830625339 113.97561048649445
0.992523079885197 0.09735148231220307 0.07362489244009902 29.550190599738688 -0.10052242079382216 0.9941037529821026 0.04065674882042987 -0.9121121463878684 -0.0692327871239416 -0.04775371397613545 0.9964569253051194 114.80615916797298
0.9920312482178307 0.09749928807956079 0.0797990688125372 29.610061507255555 -0.10118356693930747 0.9939163888279618 0.04349825054667864 -0.8901774524218733 -0.07507255384498276 -0.05122597820600133 0.995861441575095 115.5930421030992
0.9918125705183088 0.09633784416942881 0.08382627716085284 29.667676065605757 -0.09990704444023571 0.9942135879907794 0.0394705450395194 -0.8733538039381161 -0.07953871656670067 -0.04752221833297328 0.9956983636280776 116.30852101676734
0.9915890237603773 0.09577301234401642 0.08705594789841561 29.723911139977062 -0.09914491717369134 0.9944480423993844 0.03526154231812887 -0.8629375950994064 -0.0831955128390983 -0.04359611306738426 0.9955791709195465 116.9621305348788
0.9912560122093794 0.09522030474480868 0.09134884686224168 29.777841452194718 -0.0984585256958694 0.9946389065832856 0.03161272257495866 -0.8596990794808506 -0.08784894408330271 -0.04033037410080902 0.9953170469495305 117.55499543077538
0.9904914701792602 0.09559684610065192 0.09893376833888776 29.832522017462374 -0.09951931367151852 0.9944024695157301 0.03549133453910553 -0.8568607211441854 -0.0949871239088448 -0.04499968485028572 0.9944608964936215 118.12263019268487
0.9896780206394139 0.09562745646817822 0.106737083680769 29.891561929528894 -0.09995293815023434 0.9943433457589878 0.03592660434770956 -0.855331420533412 -0.10269773911038212 -0.04622445580261685 0.9936379995085557 118.68020256628931
0.9888811982738324 0.09423283684014193 0.11503976773953178 29.95690266447077 -0.09809592892570711 0.9947721708159913 0.028381629591023666 -0.8542179884759309 -0.1117638780139125 -0.039350992758742515 0.9929553539511178 119.22651553662519
0.9878104321956004 0.09350734369226976 0.1244464813530446 30.03269799045093 -0.09740377655862997 0.9949159172048588 0.025589490118608837 -0.8502866477305329 -0.12142097989085034 -0.037399122556947724 0.9918962905840071 119.81237672867803
0.9867586650579429 0.08936084921169882 0.1353586922263491 30.119719738886133 -0.09406637580194642 0.995150341729461 0.028763071797413286 -0.8481377121513677 -0.13213195630334965 -0.04111491194080508 0.9903790739608478 120.401809683701
0.9857019598657597 0.08741216818261023 0.1440512380037479 30.211003868939116 -0.09243101800950922 0.9953107976414209 0.028511804715304283 -0.8464282522019485 -0.14088347392977987 -0.041418944361401776 0.9891593996022386 121.00900267182767
0.9848968625716594 0.08784160013943294 0.14920463592476896 30.312984787596402 -0.09325098804387756 0.995201327713088 0.029640690729920264 -0.8384917818183569 -0.14588496607032306 -0.043106503025067085 0.988361981296128 121.70071521602394
0.9846056804351699 0.08836044974640933 0.15081142189968644 30.426421438258444 -0.0941781749113767 0.9950452476076859 0.03186575879718613 -0.827671559200076 -0.14724851586741008 -0.04557835159338856 0.9880488289760135 122.47044045929975
0.9840442237708933 0.0918430296243793 0.15238708466452305 30.542323445432178 -0.09682766954170817 0.99497181715103 0.02560245078694945 -0.8146487482994763 -0.14926944789292526 -0.03994923008759691 0.9879892160044799 123.2467024306935
0.9840095564432885 0.08995074262961374 0.15373372020692358 30.66532588598385 -0.09370408295370845 0.9954492409481208 0.017330710707115993 -0.7971400676900873 -0.15147520478970822 -0.03145906222680793 0.9879603178962821 123.99429511398627
0.9833995218701462 0.09089250287125812 0.15704755110272522 30.78492809893404 -0.09585158872572946 0.9950994364847127 0.024281360064046843 -0.7845013929042561 -0.154070936014286 -0.03893153515602193 0.987292500855787 124.75690916455099
0.9834115232472825 0.08671061399629854 0.1593205742044681 30.917364545577378 -0.0931995118685628 0.9950768245582695 0.03370406821871244 -0.7753218324114753 -0.15561371061676402 -0.04799356881306989 0.9866514026851957 125.56545828651828
0.9834931282718988 0.0867923752172139 0.15877137728855964 31.046825683027038 -0.09267452286127015 0.9952440245643904 0.030012736984657895 -0.7638200329400316 -0.15541138778862879 -0.044231382219286866 0.9868591010739988 126.36803004237966
0.9836781350153407 0.08430275715490802 0.1589665745646524 31.181394769802676 -0.08884236606324421 0.9958102262275613 0.021657038876470414 -0.7469859498228774 -0.15647479249074894 -0.03542652222125399 0.9870464025760295 127.15523621650787
0.9835877611119075 0.08160372333284904 0.16092218159433058 31.32456968210241 -0.08656050874936531 0.9959568785696994 0.024024453266436964 -0.7359121412323546 -0.15831106883573798 -0.03755966410813538 0.9866746561639086 127.99560624320841
0.9832839102866073 0.08150339912548003 0.16281875721939865 31.464960069812005 -0.08637441107842597 0.9959959870968262 0.02305330340478178 -0.7304143600372638 -0.16028790622605216 -0.036731316584224155 0.98638663692269 128.8395912963706
0.9831180941097531 0.07917421384239001 0.16495531787864118 31.605054480537543 -0.08330532169275677 0.9963566355418674 0.018266860413215385 -0.7217656318186771 -0.1629080612237166 -0.03170013681562035 0.9861318699414382 129.6457126984639
0.9825433144122743 0.07909991219694656 0.16838004393091094 31.73509149137869 -0.08372392048332598 0.9962774743419434 0.020530447090580935 -0.7206719179057528 -0.16612928833484386 -0.03426949093979574 0.985508326473238 130.38543410298058
0.9818897781076542 0.07981781443274176 0.17181845112466593 31.858957409648696 -0.08472445498915801 0.9961745001842381 0.021404016199593208 -0.7216253393708661 -0.16945273787840898 -0.035573609345449814 0.984896079768645 131.08878584890488
0.9813839261167733 0.08110528377834035 0.174090558339216 31.991549327466117 -0.08497156012650542 0.9962725802219855 0.014858663045318288 -0.7228099704295721 -0.172236533666039 -0.02937479942163826 0.9846175387578888 131.8598849572896
0.9808428896930452 0.08178705811982401 0.17679961216783954 32.136176506047846 -0.08560767136665416 0.9962294586387055 0.014078080252992968 -0.7262912066803753 -0.17498157714963228 -0.02894378801289253 0.9841461806020938 132.68517793213354
0.9802034783791818 0.07991136984613058 0.18114997638052616 32.27854398764021 -0.08507015800334923 0.9961562235819875 0.020876935506854207 -0.7304772761352618 -0.17878537185864862 -0.03587410191471067 0.983233868223209 133.47766066929668
0.9799153700408684 0.07945309637345145 0.18290181255071442 32.41642564995488 -0.0854936191746417 0.9960156978738893 0.025368694669008415 -0.7321852354776126 -0.1801574551276932 -0.040496111732597644 0.9828038239122044 134.25621023851167
0.9806501961055019 0.07721478750535257 0.17989738594193547 32.553696635066615 -0.08344953204516843 0.9961369024976571 0.027339478484681004 -0.7306600229826473 -0.17709141277792284 -0.04182281761042813 0.9833053866665438 135.02072197851282
0.982386329244738 0.07502957122308829 0.17113638875214798 32.67834070553094 -0.08061199304003074 0.9964090701858669 0.025897324754672768 -0.7278054424614226 -0.16857878481932612 -0.03923682318198599 0.9849069321592888 135.747556761049
0.984992853077491 0.07432401763299276 0.15577233319544473 32.785027230172176 -0.07921705633769827 0.996532875348153 0.025433960280132305 -0.7224085929886108 -0.15334189698660913 -0.037392094795985334 0.9874654899667701 136.45485912787325
0.9883845857980486 0.07402444229306346 0.13272638207989665 32.863796961861475 -0.07854750117441986 0.996483658057495 0.02916520673005687 -0.7154757624814267 -0.13010073257315724 -0.03925176642589888 0.9907235225916318 137.110485443348
0.9918760106600081 0.07466656452067107 0.10298972579760511 32.9181490674277 -0.07837900252054077 0.9963944554069153 0.03247801099576206 -0.7082015549707715 -0.1001933702450936 -0.040286391958528615 0.9941520483215283 137.7492621894571
0.994837508398777 0.07636450175002826 0.06683408378500431 32.947976895843674 -0.0787874992362609 0.9962977923154753 0.034398241109180175 -0.6972791836868405 -0.06395984558304686 -0.03948635080352439 0.9971709814536374 138.36114310454693
0.9966935074585854 0.07805750375671588 0.02256276350917475 32.9457208415308 -0.07888021856928192 0.9961512045493229 0.03821895855978546 -0.684594779364542 -0.01949264754626717 -0.03987234357549759 0.9990146309786615 138.92186027059233
0.9961921609910984 0.0824512307053493 -0.02833677707603194 32.91072950720497 -0.08109955076933507 0.9956470461813023 0.04593280195523839 -0.671901642653488 0.03200064444500425 -0.04345979734904807 0.9985425402903378 139.4562756835427
0.9928431672539046 0.08925751246513125 -0.07934444974772993 32.837263513603446 -0.08492811879561575 0.9947914926094847 0.05636577746852082 -0.6544173322911088 0.08396225267982634 -0.04922380217262698 0.9952524089016795 139.97615709435448
0.9872525236287174 0.09536384509105318 -0.12742916321696796 32.74576068668374 -0.08732198896465697 0.9939053786611475 0.06728275047660483 -0.6345471130656979 0.13306887251338512 -0.05529769722050182 0.9895629539600415 140.50076002783746
0.97990512238564 0.10257498948041642 -0.17106818130638632 32.61679635787831 -0.08989583681076856 0.9927083268081062 0.08030514560065019 -0.6046472732605878 0.17805810749997897 -0.06331310621776784 0.9819810389893384 141.0408279280852
0.9717299644231576 0.10870557987762614 -0.20958046938022665 32.469462143287046 -0.0913950320884226 0.9916837311272899 0.09061084663004162 -0.5670099128009174 0.21768744647251362 -0.06889466104805 0.9735839467284513 141.631663993127
0.9614073931653947 0.11182423173111962 -0.251378530436995 32.286416777549135 -0.08968590880894364 0.991146983259852 0.09789839291841314 -0.5186436081419249 0.26010048467473573 -0.07157512677347447 0.9629250952692663 142.2663086405374
0.947412288155853 0.11258619768942131 -0.29955684659364323 32.08087811441409 -0.08545605895494847 0.9910845537743483 0.1022187324211587 -0.46796591072148247 0.3083945820522429 -0.07124433563265598 0.9485868575945383 142.87427296988355
0.9306285802766256 0.11428228427232606 -0.3476636378366443 31.857651641695558 -0.08189861169498623 0.9909332388142474 0.1065079040050021 -0.4144229033374007 0.3566834212221591 -0.07064613021676455 0.9315503536098565 143.43170321273405
0.9129687579930411 0.11712162125886316 -0.390858763189899 31.599904124865084 -0.07871174302566593 0.9904787411087438 0.1129439016569689 -0.3580497030516451 0.4003654685890179 -0.0723490790911181 0.9134949930438373 143.99043426912218
0.8963817736596953 0.11859601282647149 -0.42712375442295464 31.32504802863668 -0.07581752486244235 0.9903661910699342 0.11587282040825285 -0.30274780440556853 0.43675098027872844 -0.07148281840619891 0.8967378590749213 144.5278192926359
0.8811467734411503 0.12023511605338437 -0.45730064566090134 31.030954799190276 -0.07384432208260222 0.9902551779766996 0.11807497019476876 -0.24445370281800072 0.4670410900021637 -0.07027232284451489 0.8814388355930458 145.05124675709163
0.8681838827336902 0.12129893567815594 -0.4811894782357556 30.71037594991804 -0.07169258061541278 0.9901518162996756 0.12024788797794035 -0.18003801761271515 0.4910365766886973 -0.06989956281550871 0.8683300820955376 145.60302700544537
0.8587025428767932 0.12365854681478071 -0.49733138515137365 30.356602239912878 -0.07186803873937218 0.9899187350471186 0.12204869114606776 -0.11018788690422075 0.5074100194760481 -0.06906129018754814 0.8589328322592781 146.19134930913353
0.8534684518138445 0.12413045026062439 -0.5061454663202783 29.990860836452015 -0.07170799739867156 0.9899526458909795 0.12186764132664775 -0.03554090151942811 0.5161875287795606 -0.06771550938701497 0.8537944980619779 146.79313281132582
0.8509280304471943 0.12558434136848662 -0.5100490762684508 29.622702345073897 -0.07255155940698181 0.9897924216929288 0.12266716425703376 0.03966798420227266 0.520247785412751 -0.06737607262441347 0.8513534557461051 147.3946105479024
0.849812835148223 0.12671691817842146 -0.5116258084427526 29.223904494845492 -0.0733639185905498 0.98965937410041 0.12325606964455393 0.1211400644375163 0.5219539066492138 -0.06720971583444683 0.8503216882045724 148.04535732254587
0.8497643174281555 0.12630836589917485 -0.5118073871386959 28.800435381591154 -0.07334714525069705 0.9897568154518462 0.12248119263867545 0.20999698730412553 0.5220352489146992 -0.06654053629554878 0.8503243827622881 148.73966358725892
0.8495406825104287 0.12578367094816975 -0.512307619387527 28.369982333554972 -0.07388322489151343 0.9899552774242109 0.12053969379247322 0.3013267599665671 0.5223235566575021 -0.06455243467721124 0.8503005852861086 149.4428107376967
0.8494955339114838 0.12653815935831192 -0.5121966732522294 27.916046965521044 -0.07483679562722698 0.9898964515271289 0.12043450200937682 0.3953655211792835 0.5222612295438838 -0.06397741382869657 0.8503823249780652 150.19056053155163
0.849819294787476 0.12656017354090707 -0.5116538758577033 27.453914155479563 -0.07422826259964016 0.9898064175972898 0.1215459613259854 0.49158055337148676 0.5218211678710949 -0.06531292488102544 0.8505509335748973 150.95946627442882
0.8500758487646077 0.1266261675216631 -0.511211174609774 27.005483730834282 -0.07393012520819055 0.9897454326027058 0.12222240068327801 0.5873955422311922 0.5214454793493088 -0.06610440485215877 0.8507201771001488 151.70797661272238
0.8500802537264137 0.1282596274276911 -0.5107964665074959 26.568721039765876 -0.0738390084936249 0.9893375029718161 0.12553527806226328 0.6827922504467145 0.5214512086946504 -0.06899835639782409 0.8504868392663604 152.43438063933777
0.8497598402529981 0.12886773341788735 -0.5111764090575119 26.154304973502143 -0.07287880390801092 0.9890678086482656 0.12819340792979608 0.7726487047125872 0.5221081246582303 -0.07167968456580735 0.8498618293501651 153.1219770642328
0.8486637285549333 0.12684968400179 -0.5134968680565459 25.75506349747542 -0.07192109340811251 0.9894748777730626 0.12556600885177416 0.8609980608345017 0.5240202593013148 -0.06963206103964037 0.8488546070542066 153.78263973387647
0.8471535161461011 0.12713424097787585 -0.5159145325073469 25.341472548576117 -0.07045839080282028 0.9892575901176237 0.1280821437990032 0.9579091752696984 0.5266559932695837 -0.07215473072259916 0.8470107198776023 154.46197938787788
0.8451863496736742 0.13077574257449057 -0.5182255681451635 24.90240267098828 -0.07039690863159719 0.9883945612514811 0.13461228229105587 1.0593415587682569 0.5298153542323981 -0.0772909855195471 0.8445837992626974 155.17163525238803
0.8430339661464054 0.13135332493722354 -0.521574573720187 24.47041098609438 -0.0702700930413179 0.9883074859867688 0.13531602701261022 1.1589824586269422 0.53325026577342 -0.0774249131123117 0.8424069900482335 155.8630191614695
0.8411100506326954 0.13214257113680422 -0.5244732820821444 24.048360424514858 -0.0720655199778722 0.988429941480953 0.13346464555933504 1.2539103150712665 0.5360414569368501 -0.0744620149963361 0.8409012812261029 156.52901365635765
0.8394008580429573 0.13345963671606256 -0.526872588852714 23.633181218036402 -0.07339220891650934 0.9883377388868393 0.13342450135715453 1.3425054665058165 0.5385348486282944 -0.07332829780968876 0.8394064435976356 157.18142991467298
0.8387446921832363 0.13395508682083732 -0.5277910344532837 23.20862868796602 -0.07567662530183837 0.9885384832413235 0.130631985110343 1.4297522071714759 0.5392405675738525 -0.069625439788669 0.8392686747501428 157.84653082659537
0.8387943179926672 0.13537029428119882 -0.5273509036016106 22.758201534425933 -0.07717026803347683 0.9883782897860062 0.1309698668065718 1.5229184401883695 0.53895161363044 -0.06916096952697644 0.8394926553932623 158.55566815223665
0.8391779107444722 0.13548189201766525 -0.5267115824185508 22.293310551385723 -0.07698370713373238 0.9883140925081898 0.13156277355567234 1.6196396081395599 0.5383808530719568 -0.06985636323934283 0.8398012536073534 159.29696921979433
0.8398055650233579 0.13630195318495814 -0.5254982307427509 21.841242711780023 -0.07693704879601095 0.9880807410872292 0.13333094020171118 1.7143742357236966 0.5374079488418052 -0.07154178255032125 0.8402823750806412 160.02465068100284
0.8409408923609251 0.13631845861385952 -0.5236751792823009 21.38935905857625 -0.07734846959845362 0.9880929594384608 0.13300194644786836 1.8112768524093448 0.5355703780139317 -0.07134130184742865 0.8414717991975283 160.7520952128219
0.8417881873537005 0.13643853741403345 -0.5222807416898387 20.94777514088867 -0.07771109897422973 0.9880820660811388 0.13287142576583413 1.9094764902354164 0.5341850173188932 -0.0712625862367302 0.842358600048022 161.46519538379326
0.8415273951767089 0.1391826966207844 -0.5219768386896755 20.506873582312593 -0.07795977577425311 0.9874146052291478 0.13760330934027198 2.003880870823112 0.5345595537714476 -0.07510375717321346 0.8417870925181349 162.1721572129729
0.839788037769316 0.14089775170515448 -0.5243127646586454 20.073496452878715 -0.07880089528703105 0.987143894211237 0.13905880419245847 2.0972570632813587 0.53716521715532 -0.07546360504181263 0.8400945028939115 162.8548191582179
0.8370644513485609 0.14073396608120675 -0.5286937252129857 19.649455673468257 -0.07977775639316488 0.9874179753166411 0.13653296893592387 2.1923062711480936 0.541256513931614 -0.07210889551670283 0.837759925822401 163.51864842277055
0.8342591964287915 0.14218539706610336 -0.5327240430421168 19.190197463472394 -0.08129369275031363 0.987338228627017 0.13621511594049276 2.29485618816409 0.545346613350631 -0.07033160849019951 0.8352547732004744 164.23072452746086
0.8309692160625314 0.1453174572458915 -0.5370037230560027 18.713872180682337 -0.08312720743439247 0.9868781703366339 0.138424507574263 2.400644968015361 0.5500727491346752 -0.0703868846633099 0.8321452139661752 164.95820636211775
0.8278318491913609 0.14956413361815235 -0.5406708790007659 18.246708742598248 -0.08534960236523635 0.9861631121449548 0.14211882922636812 2.5044208471865375 0.5544455562456115 -0.07150444867019738 0.8291424720636752 165.66349445806506
0.8255157217256387 0.15186006465949495 -0.5435644524298928 17.79092475384318 -0.08735759697551135 0.9858936903208931 0.14276652841655665 2.60369994433288 0.5575772981699123 -0.07037152937847263 0.8271368716352042 166.34537358197682
0.8237135313169424 0.15491707474481434 -0.5454325973737538 17.333667597580376 -0.09022387527957632 0.9855066650569795 0.14365328209896996 2.7035385907959353 0.5597818062914381 -0.06911810964414657 0.8257523940409204 167.0250877842742
0.8222502285930626 0.15742029496807589 -0.5469217606850341 16.872397750861758 -0.09233388153364573 0.985152181400755 0.14473988324668902 2.8057462381544838 0.5615861607087411 -0.06851299302685841 0.8245768332222987 167.71149602025787
0.821320158167231 0.15960066547096322 -0.5476867949561844 16.435053369337716 -0.09447893249522066 0.9848639882652668 0.14531571123865594 2.902772134645811 0.5625894854178445 -0.06760585920952752 0.8239675471144621 168.35848131880715
0.8215458894205765 0.16133490786392762 -0.5468394637191882 16.0335433276373 -0.09561368614511022 0.9845309839478473 0.14682222130327652 2.990799900221186 0.5620679448233064 -0.06833585553149821 0.8242632081143011 168.95226755230823
0.8224431614933014 0.1624122061921114 -0.5451692593981358 15.640107210845024 -0.09695782552399054 0.9843750843737104 0.14698596305059314 3.077181068710838 0.5605233502563115 -0.06802917421269986 0.8253396908384906 169.5371539615452
0.8237955472596137 0.16125730136115285 -0.5434675510763722 15.243864920110806 -0.0965299755337679 0.9845897344864586 0.1458253015334968 3.165024562484857 0.5586079664117588 -0.06766932467228626 0.8266668025025031 170.13357650381107
0.8253912926121355 0.16037372911654196 -0.5413035018262116 14.839453463711996 -0.09543623048435329 0.9846408665496783 0.14619948642603312 3.2532537558405474 0.5564361059376022 -0.06901181731813999 0.8280194617757735 170.74723175522774
0.8274404136755559 0.16079513611344806 -0.5380402271379716 14.456069535603813 -0.09581375217456836 0.9845040406577007 0.1468724576729437 3.3356155226763073 0.5533191544765574 -0.06997655415150004 0.8300248159895136 171.326030580204
0.8301419589596558 0.15975606631053557 -0.5341744352284246 14.107435798635391 -0.09484396398467365 0.9845695781019086 0.14706246418411253 3.4096314721268817 0.5494260191056629 -0.0714195012108953 0.8324844168970894 171.85986937266892
0.8328163070959814 0.15805824478822625 -0.5305040903607385 13.784921857785031 -0.09294462088070297 0.9846899898745739 0.1474683738642072 3.479167861272014 0.545690659700486 -0.07350656498079751 0.8347565446406326 172.3611724995969
0.8352340224010248 0.1579538164463 -0.5267207226736486 13.491057603805592 -0.09231938162686454 0.9845405486791052 0.14885240939494226 3.5427687328763304 0.5420897154529268 -0.07570006523573523 0.8369039613500864 172.82071018596125
0.8380815766464368 0.15753965467387637 -0.5223030998290705 13.235229853103382 -0.09184992654936175 0.9844769927225452 0.14956149836388544 3.597190674725533 0.5377572518141405 -0.07737123499860445 0.8395420359434604 173.2297123493165
0.8416081412550201 0.1558046057330661 -0.5171273164372884 13.015513924745292 -0.09049701752173683 0.9846302924774284 0.14937696259960637 3.6444743012871212 0.5324528395951492 -0.07891838802318128 0.8427727224103079 173.59175251446533
0.8445314619074025 0.153944261069109 -0.5129013300162412 12.817386331276087 -0.089346988662847 0.9848700307699843 0.14848615460039116 3.6886110651571786 0.5279997400240117 -0.07957503989955661 0.8455081830234151 173.92380018961367
0.846571293370484 0.1534357804448469 -0.5096807888475927 12.634363509042664 -0.0892283840026893 0.9849098468250985 0.14829325377517805 3.730236834757335 0.5247431188012779 -0.08006281850048318 0.8474872296173339 174.2305581384394
0.8487289628230772 0.15361987180636813 -0.5060237965268594 12.477499038806473 -0.08974605938074934 0.9848387522163706 0.1484529452672759 3.7666048767143705 0.5211571667845393 -0.08058267257355428 0.8496479508537711 174.49930086910473
0.8509968855560371 0.15069368157543003 -0.5030861905351465 12.348892557168687 -0.08888286081489223 0.9854560072084757 0.14483195403670035 3.799224230875515 0.5175945689700415 -0.07853580196299721 0.8520140785120531 174.7299149175161
0.8521270944060442 0.14973566837366784 -0.5014565231361554 12.241112055543905 -0.08878929480742832 0.9856677407735258 0.14344185555831612 3.8294727269339934 0.515747880370545 -0.07770672052727515 0.8532091123975313 174.91853458689795
0.8525391013401787 0.15003964058938382 -0.5006647450519027 12.161422437446314 -0.0889437931777812 0.985586077518465 0.14390651638099655 3.851311891552431 0.515039884223762 -0.07815491061714737 0.8535957635820346 175.0590846741146
0.852599570983013 0.1489660332749445 -0.5008823140118925 12.094911949900837 -0.08864063179454987 0.9858446415791673 0.14231367139072 3.8697828106358636 0.5149920484382675 -0.07693805040401494 0.8537351617717193 175.17985746331618
0.8521930091195637 0.14919984206440803 -0.5015042196589145 12.028186765406165 -0.08875970043632884 0.9858132284930343 0.14245699037461573 3.8887986597413526 0.5156440543496978 -0.07688748699298024 0.8533460749061353 175.29578481867037
0.8517482224799672 0.14951422130736503 -0.5021657725582922 11.960127067933369 -0.08888054646557607 0.9857607495984452 0.14274450255996465 3.9087684243088576 0.5163576415259047 -0.07694960804294768 0.8529088719551694 175.41258239307595
0.8512790472685987 0.1498736209810372 -0.5028537375972235 11.892241862314647 -0.08901620781922268 0.9856986323703714 0.1430885071858119 3.9285777934309594 0.5171074341246216 -0.0770461152635965 0.8524457740500779 175.52854113887602
0.8508074470377752 0.14963386363956155 -0.5037225376309449 11.821943677472278 -0.0893086321149059 0.9858294631432616 0.14200083742158975 3.9491621452500727 0.5178326527893214 -0.07582859916261987 0.8521146444312564 175.64896010334817
0.8503737851062799 0.14988689835111169 -0.5043791662100053 11.749853149309564 -0.08914404425197721 0.9857518303418695 0.1426417482788799 3.971165349491765 0.5185728155027202 -0.076336404685688 0.851619039442662 175.77560958132472
0.8499481221033555 0.14998683164702828 -0.5050664709377012 11.67998478194099 -0.0889570483354793 0.9857137435493489 0.1430211848970878 3.9920819818955438 0.5193022561903781 -0.0766313650564413 0.8511479310937478 175.8985836717111
0.8495081005815859 0.15002695933971222 -0.5057943243231825 11.609232478230973 -0.08878301514867706 0.9856950844738714 0.14325772811669377 4.013562658367663 0.520051500591407 -0.07679265534754558 0.8506758047677719 176.0228372450331
0.8490562079405761 0.1502988824689989 -0.5064719159895615 11.53543453323576 -0.08863253933763801 0.9856146464841711 0.14390288949998162 4.035792286685051 0.5208145819081197 -0.07729174965319223 0.8501636058473782 176.15172279204577
0.8486029725565727 0.15057649060368172 -0.5071486127809344 11.456868143143279 -0.0885862133734049 0.985547961509928 0.14438732064757867 4.058722137852567 0.5215606175396187 -0.07760113427717591 0.8496779308600315 176.2871308884984
0.8484736400490539 0.15025742372301845 -0.5074595439619084 11.364081226363243 -0.088805018104556 0.9856762120704606 0.1433738948270484 4.084087218789753 0.5217337931372246 -0.07658401644304877 0.8496638967992532 176.44560000521807
0.8491122759894 0.1495149681902085 -0.5066099259303751 11.263875667014647 -0.08921232427556525 0.985917871634442 0.14144649726721037 4.110023192117001 0.5206241484616813 -0.07490810823196851 0.8504935457483815 176.61812007561898
0.8510957791096001 0.1492222797551161 -0.5033574137792218 11.163279202000831 -0.08990279815688512 0.986019218593305 0.14029820899858444 4.136038120639701 0.5172557024000637 -0.07415397352356645 0.8526122955630423 176.7983383052469
0.8547418926964898 0.14862860643187392 -0.49731864455270497 11.0386531035746 -0.09101515340180469 0.9861984153487638 0.13830736572877494 4.168350257267554 0.5110112902088041 -0.0729535668333365 0.8564725555237745 177.02494291087652
0.8597569318980052 0.1490638452372164 -0.48846493026257537 10.903442304190328 -0.09289265718340249 0.9861449477452262 0.1374376086737989 4.202815260285439 0.5021842015582871 -0.07278813144778776 0.8616918913542143 177.2768600405096
0.8664057635124142 0.15024019765627541 -0.47620262069908076 10.75137938602025 -0.09603828666657448 0.9859952352485365 0.13634531000856795 4.243032098518636 0.490018061347353 -0.07239667862123754 0.8687007657864663 177.57335538524543
0.8758266740030283 0.15323530531833485 -0.45765333857493995 10.60383622450815 -0.0994355199912803 0.9852053436539914 0.13958154677350793 4.2831310832191685 0.47227133564176393 -0.0767422441658947 0.8781061516078363 177.89089348523967
0.8872035448664399 0.15415087299397195 -0.43486478166393056 10.480514179181107 -0.10349930001844405 0.9850084240975022 0.1380083307364001 4.319290099965523 0.44961957794574947 -0.07743327974554365 0.8898574730347171 178.20130983640115
0.9004612230068543 0.15498305325589679 -0.4063863175163247 10.364690154447544 -0.10760826262860473 0.9846954264678175 0.1370962395816043 4.35769978082566 0.4214143420376822 -0.07971932197932363 0.9033575051042095 178.54650028756353
0.9164535536264218 0.1546146189059413 -0.36906260128340374 10.272587168693523 -0.1104864279101912 0.9842527980213 0.13798253090478046 4.396895852612836 0.3845850143897295 -0.08567817229500696 0.9191047913589812 178.91292979516746
0.9326685399069105 0.15977731567281472 -0.32342016644652877 10.192592827362613 -0.12027117091094305 0.9829918075162516 0.1387874338823355 4.438505563826687 0.3400944576373182 -0.09054455120172836 0.9360221386976131 179.3059725106693
0.9481194153955436 0.1626716315843098 -0.2731437614658449 10.128981796752004 -0.12905157985205998 0.9821345612825837 0.13695763312774775 4.478629089786346 0.2905430499731485 -0.09460255711113574 0.9521738771360684 179.6954392496381
0.9620478804051885 0.1630444331408506 -0.21881587837645997 10.111478001583912 -0.13585088868706494 0.981607226328838 0.1341334755455936 4.508750148090579 0.23666096393536898 -0.09931649430373643 0.9665028826177373 180.06467177590628
0.9734563630096157 0.1626171046826607 -0.16105398654090677 10.125287536210644 -0.14332702618369955 0.981753194774386 0.12497210935094141 4.537588879369286 0.17843786840642153 -0.09857150610046941 0.9790013203789132 180.41535892250218
0.9812979646848816 0.16391000384055635 -0.10093470734240292 10.143269324312374 -0.15178976206848588 0.9813530722793753 0.11792377054276909 4.570747506576985 0.11838147083264533 -0.10039750080963045 0.9878796329486085 180.81174196720735
0.9856606759162019 0.1638764811483834 -0.04021853899433109 10.180570499149121 -0.15845878263829088 0.980855529244246 0.11319560484303667 4.601237499196242 0.057998673753855194 -0.1051994756517982 0.9927583916368464 181.22420339672018
0.9864268990940093 0.16306326423798678 0.01929623278851408 10.250273710937002 -0.16419403784145692 0.9806335186686614 0.1067624465851088 4.627279405022544 -0.0015134996182481013 -0.10848167550131324 0.9940972967468179 181.64143151584236
0.9834810899554485 0.16444371370387773 0.07565190495499009 10.322174581141944 -0.17143787429610924 0.9803315365810912 0.09777082203494182 4.657576522677624 -0.05808615116250481 -0.10912535639269927 0.9923294088332214 182.08521257546204
0.978107746588696 0.16591207343220107 0.12561218074935868 10.420700572741891 -0.17773576318677475 0.9799927362963547 0.08957809604361043 4.685582630355289 -0.10823693707601147 -0.10994280647596366 0.9880269959654898 182.55642885167595
0.9721895384671968 0.16649045420689865 0.16470710352901577 10.538127990119415 -0.18187074873347248 0.9798061752782838 0.08308363040736302 4.715986058945943 -0.1475484057862487 -0.11072844054045679 0.9828370568946884 183.08242776585013
0.967524389537455 0.16647443676253398 0.19021781608138236 10.671477144024424 -0.18405347317280576 0.9797600390294259 0.07870568552579504 4.75134451262856 -0.17326533024007085 -0.11115992005059587 0.9785819319357691 183.67730793244579
0.9644336923125986 0.1670580823004729 0.2048395720322978 10.820386330357987 -0.18591677255893196 0.9795882436345548 0.07643184293367958 4.790211903923136 -0.18788987948678038 -0.11179655661538254 0.9758068062456753 184.33477496094415
0.96238106406456 0.16739883387757176 0.2140100884220019 10.985790758791854 -0.1867730416529606 0.9796404507312786 0.07362348947665517 4.832346929933989 -0.19732845319838033 -0.11082516730168536 0.9740530087479257 185.05307516653167
0.9609328248023117 0.1691785443788029 0.21905872806012056 11.15294387409174 -0.18876446767134397 0.9794050172218832 0.07165045697940187 4.872709043575314 -0.2024254973124743 -0.1102017802146232 0.9730773276956585 185.77776825451596
0.9603951570368157 0.17013351834933174 0.22067108617647707 11.319646840474176 -0.19008149564826052 0.9790951744083399 0.07239934020709533 4.915435117476278 -0.20374044113123166 -0.11147746581430582 0.972657497407628 186.51300349032246
0.9599927882284446 0.171842737418383 0.22109708307875003 11.494726075705543 -0.19259314583343048 0.9783440392985742 0.07583416741108645 4.964197209133791 -0.20327746241863112 -0.11538203658068304 0.9722989555209521 187.29783692571104
0.9604667626713916 0.17245940086496833 0.21854370925934047 11.666844314676526 -0.19307013377201943 0.9781907804791973 0.07659451958693207 5.012388431171796 -0.20056799657171004 -0.11576075344776501 0.972816491797099 188.0670713787451
0.9608520536990781 0.1743138801830778 0.21535552483691214 11.826688759093281 -0.1939243400978548 0.9782667143216593 0.07340017689294694 5.056275160541061 -0.19788047205288808 -0.11228938874988874 0.9737732857058163 188.79669513590218
0.9603152095613798 0.17814633426675436 0.21461263213613305 11.983144915024237 -0.1974366371258904 0.9776748512002219 0.07190729901089889 5.099760598434378 -0.1970113514635662 -0.11142606929233778 0.9740486427671655 189.5357814993825
0.9594542177385535 0.17958282006656476 0.2172501203696753 12.147552212999788 -0.2008382807612692 0.976360873157467 0.07989637255874377 5.1421291527570245 -0.19776650132051232 -0.12028905230372162 0.9728406626222587 190.29301031761784
0.9588955758075738 0.17983454476800892 0.21949672253758865 12.31806696613078 -0.20170829652623634 0.9760485640567105 0.08150437850395999 5.183962973932775 -0.19958215804310792 -0.1224284979525418 0.9722027695290419 191.05071665697804
0.9595024701571521 0.17902526561991222 0.21749704373172993 12.504564100998879 -0.19928463215373765 0.9770741137896884 0.07491202539942297 5.237677659224194 -0.19909958601079927 -0.11522209176982455 0.9731820099131064 191.8580797046314
0.9600241723790809 0.1784055790001357 0.21569663379266218 12.703600660335319 -0.19803806123632622 0.9774762793204069 0.07294552534384922 5.297184156267367 -0.1978244543771487 -0.11274561076848647 0.9737319510536888 192.74413831611344
0.9599621090366092 0.1780865278270198 0.21623583842762958 12.912678290494553 -0.19864315965827303 0.9770261639049579 0.0772060241570537 5.356610948221676 -0.19751871894825992 -0.11706862795675652 0.9732837674662821 193.68524321650244
0.959555049622841 0.17829590511058765 0.21786389550382523 13.120155665156338 -0.19997403158197147 0.9763888235800056 0.08170221466340245 5.417056941612399 -0.19815270231858573 -0.12196489416569015 0.9725533770210214 194.6050891319343
0.9597192272342754 0.17786173507905823 0.21749530586086233 13.316903153254676 -0.1989509008814592 0.97681375964311 0.07907855594500747 5.4772560673134505 -0.19838735825475104 -0.1191640976408518 0.9728526989828119 195.47699048040695
0.9594522484075942 0.1788786514991654 0.21783895671676853 13.509601765240522 -0.19931887497189832 0.9770136275046232 0.0756065985889692 5.536475791737755 -0.19930722291363848 -0.11596033678847503 0.9730518132074754 196.32608585079362
0.9594089224954666 0.17830503893272617 0.21849904468277342 13.702804536783095 -0.19903503372477502 0.9769879800828046 0.07667817240843809 5.593116017789279 -0.19979883579806781 -0.11705468749656787 0.9728199346995396 197.17858500036448
0.9593250558304355 0.17883928988179384 0.21843064265460876 13.898977884636775 -0.1997900951237156 0.9767493048279865 0.07774775500618032 5.646622569405991 -0.19944762507080985 -0.11822564828589331 0.9727504001237897 198.05406106318082
0.9596372659543054 0.17943700302653312 0.2165610300506524 14.09848599286457 -0.19912247609956976 0.9772807566496372 0.07261241074560147 5.700766481283446 -0.1986115739420034 -0.11280374385261897 0.9735649737275432 198.94488447993066
0.9596260822142586 0.17992924850846434 0.21620186832053598 14.305006542189432 -0.1996562654739795 0.9771444306157568 0.07298039033597523 5.758813719258843 -0.19812914472912593 -0.11319994367395422 0.9736172835160221 199.8732975230753
0.9594171205576163 0.17997927685325996 0.21708580949548095 14.513299963972052 -0.20085796593824537 0.9765013635345229 0.07810995157063781 5.819944047023898 -0.1979264163776057 -0.1185434389521156 0.9730223978826614 200.821008043107
0.9590928798723959 0.18084883753158898 0.21779473304362795 14.718716017645555 -0.20235219876359442 0.9759848556823484 0.08066690234689433 5.880942076511474 -0.1979758455812502 -0.1214382947927761 0.9726552858665866 201.7461297136936
0.9593464227337937 0.17852477053364996 0.21859402437802164 14.91946115941744 -0.19998776754196965 0.9765125678545948 0.0801754180257488 5.9389683329910765 -0.199146513957565 -0.12063213140756378 0.9725166090358647 202.6175521960986
0.9597721422778607 0.17702348774855858 0.217945221770748 15.11277410171156 -0.19762829691932254 0.9772865196131207 0.07651218752094711 5.994658749561551 -0.19945047296041374 -0.11650640912760146 0.9729572269468265 203.44842163967886
0.9598644535783617 0.17559017642534663 0.2186968694326184 15.302172732838313 -0.19627816206174897 0.9775517843085442 0.07659890399243557 6.049770565025004 -0.2003374998705284 -0.11644998470629284 0.9727817263947394 204.26819101677182
0.959408804310995 0.17547599421280424 0.22077799180528385 15.490140196295641 -0.19691879732372086 0.9772304498525884 0.07901667635054078 6.104797619467068 -0.20188544640742564 -0.11928463159994365 0.9721180191689379 205.09719258773197
0.9589947009262784 0.1757701469666888 0.2223376239655036 15.681633109175744 -0.19797687561475372 0.9767950208835199 0.08171073307089702 6.163550798984727 -0.20281597648394836 -0.12237786814808987 0.9715396734412809 205.94788620744987
0.9585126370819507 0.17673029603507795 0.22365135147715404 15.879630845917173 -0.19976124982035107 0.9761725821882402 0.08474982509807102 6.225078137453956 -0.20334445560283954 -0.12591065184207267 0.9709776208174361 206.82793490423126
0.958622236419863 0.17691414508710465 0.22303540774836272 16.07267836748436 -0.1988728462534202 0.9767548608159422 0.07999708054355321 6.28640189236846 -0.20369830353845153 -0.1210426666119295 0.9715223486853145 207.66940410671637
0.9581804653382086 0.17876986955948707 0.2234536407891749 16.254240854600486 -0.20058059662703726 0.9764971579183747 0.07887157177384962 6.338605190030672 -0.20410198455917938 -0.12039366393219908 0.9715182682708468 208.4717367959358
0.9580473898447807 0.1790701366614797 0.2237835672421934 16.427575695474264 -0.20112931568014983 0.976306604322562 0.07982739335705329 6.3843474309982495 -0.2041866723996378 -0.1214878615837222 0.9713642480049269 209.23584680380384
0.9581094308545329 0.17836330839530506 0.2240822365246377 16.599112593181733 -0.20117460385638533 0.9760081869569607 0.08328744056705976 6.431321643792105 -0.20385067395235384 -0.12487813744313277 0.971004816423639 209.9868108927714
0.957967000728226 0.17853456170450377 0.22455430477447336 16.77817375921582 -0.2016560513986308 0.9758086582732942 0.08445294176749941 6.48130510984672 -0.20404426590835426 -0.1261858657530715 0.9707950684022185 210.76035777773617
0.9577247873358278 0.17881515225056896 0.22536275878713632 16.971040336866295 -0.20205256980349467 0.9757251879910563 0.08446961912794662 6.537874115996079 -0.20478767237884984 -0.12643377256659658 0.9706062591989765 211.58577944192263
0.9574484926506355 0.17924154837421896 0.2261964881633629 17.17361668510499 -0.20253689472582406 0.9756496193674099 0.08418210322299773 6.595970134539296 -0.20559958705174095 -0.12641316214951304 0.9704372840320565 212.45317787797566
0.9572771935188029 0.1790351455488964 0.22708322577207168 17.382198792988497 -0.20243577945985247 0.9756740761560507 0.0841418582604278 6.655454345089916 -0.20649486667529116 -0.12651685174442578 0.9702336606516145 213.34815696807053
0.9571123126344208 0.17974899333419575 0.2272142609937455 17.59089940765908 -0.20226882005673494 0.9760679864392984 0.0798662023711457 6.7157324895530675 -0.20742069674081937 -0.1223992861240434 0.9705643045774335 214.23143754422796
0.9568127843511414 0.17877138926627634 0.22923805548386128 17.788024289194922 -0.20221522047552049 0.9758147940437526 0.08303307975370079 6.77021566378078 -0.2088499468763474 -0.125802536163437 0.969822365995234 215.06975757118008
0.9560661931529502 0.18022688018947247 0.23120490039615352 17.97853631845396 -0.20453358376788391 0.9751032182184484 0.08567220629288232 6.822488117787619 -0.2100082079850496 -0.12919746699217174 0.9691256714697606 215.89607514745174
0.9555063430805796 0.18132887921440818 0.23265310205459142 18.170050661275216 -0.20621821687784178 0.9746004338611407 0.08733865893977624 6.8763897770180025 -0.21090679306390556 -0.13142995046990358 0.9686302146634581 216.72085989379696
0.9554243695180219 0.18154654730728176 0.23281994178311996 18.370904769747494 -0.2059119083978999 0.9748884172830121 0.08481072943535714 6.9322136166805794 -0.21157636945326733 -0.1289706362247894 0.9688147474521365 217.55898952561222
0.9557404075622711 0.18138139113465906 0.2316485793238538 18.577733629022852 -0.20559803165263843 0.9749492466117973 0.08487293980797685 6.992503248082644 -0.21045123599842502 -0.1287429900271979 0.9690900473049918 218.42954968433637
0.9559241985889485 0.18033110017071727 0.23171020880249335 18.791623289645333 -0.20525736358298263 0.9747255727309044 0.08820131835393577 7.055221714678583 -0.2099484252073345 -0.1318740011360366 0.9687780481500043 219.3380650272314
0.956480372839193 0.1784660144183397 0.23085748432968556 19.002630897798166 -0.203099890641136 0.9752348415653057 0.08756390933855339 7.115897285485385 -0.2095130802478851 -0.13064029047244338 0.9690394128776796 220.23361580371872
0.9571390741461975 0.17712484545557297 0.22915405705528988 19.198343399561566 -0.20092734594743156 0.9759199636448505 0.08490245114220099 7.171890236743152 -0.2085976854931064 -0.12730676997619433 0.9696803555425605 221.06173601507464
0.9575450597269731 0.17591385076391547 0.22838952625258033 19.38155366269457 -0.2000549471357622 0.9759082181766718 0.08706990192793279 7.224419346953031 -0.20757041388159034 -0.1290638090428254 0.9696685291770489 221.8519076358526
0.9578457522886743 0.1744570612548108 0.22824602647336178 19.571423387661852 -0.19925082865221955 0.9757750933669788 0.0903441998473999 7.279622124344803 -0.20695560418589132 -0.13201401797914444 0.9694027423898974 222.66804301460962
0.9582731854286932 0.17287529257223125 0.2276546404236267 19.763160018617683 -0.19773903759947786 0.9760033804881265 0.09119580190436839 7.337355518982363 -0.20642619770169118 -0.13240670109104588 0.9694620623874911 223.49438158838572
0.9581557027351744 0.17371159660843233 0.22751248431638485 19.95078229185178 -0.198495847619072 0.9758827042014822 0.09084242466154077 7.39526270851102 -0.20624511580653307 -0.13220147065804694 0.9695286088413266 224.313491662758
0.9578752745185269 0.17508945713237953 0.2276370806067083 20.136234859861407 -0.20009690654961879 0.9754762906927842 0.09169097166852935 7.452371009258438 -0.20600045256098254 -0.13337799030325118 0.9694194784753063 225.1264562619444
0.9575800674214378 0.17615558268184636 0.22805618861844887 20.324263521086234 -0.2016616460416547 0.9749661472795986 0.09366745525819213 7.510978228473246 -0.20584701842126554 -0.13568427450811618 0.9691319738086656 225.95112765099032
0.9576411711386382 0.17696257342466382 0.22717313870072178 20.51054669154893 -0.2021886136739624 0.9749333542584256 0.09286936661254423 7.573226392050301 -0.2050442680028345 -0.1348673509836017 0.9694161365470694 226.76493010278577
0.9575084338747295 0.17776068738867573 0.22710952661187 20.69741327962065 -0.2031359436556601 0.9746713042139414 0.09355018512551344 7.637492034970044 -0.20472759328895268 -0.13570919924971342 0.9693655790181088 227.5827371787108
0.9570872857431031 0.17873943165351028 0.2281143201140145 20.887708261749456 -0.20469659691779962 0.9741520288689159 0.09553600295619104 7.7020383944802875 -0.2051419768822826 -0.13813051879564187 0.9689358746057833 228.41295317166944
0.9565496617895973 0.17903535159238523 0.23012841504342121 21.07530343936456 -0.20549294527850262 0.9738910888499557 0.09648210455526281 7.764779924766217 -0.20684630519052696 -0.13957969028063108 0.9683656933670197 229.20485365759333
0.9562396574850023 0.17818301569866724 0.23207009796501898 21.258127428913298 -0.20530543508531762 0.9737473209025066 0.09831497017045757 7.823035137834557 -0.20845957828172257 -0.1416579258344466 0.9677177461795806 229.96420742288987
0.9557888032437905 0.1799459713311636 0.23256657325481328 21.426643303006834 -0.2075371773882202 0.9731028075348453 0.09999622977657988 7.878024979250421 -0.20831726667641595 -0.14384148695520257 0.9674262468193541 230.6884306519923
0.9559102097845102 0.18118131415941177 0.23110387757283868 21.583293290291028 -0.20778259103399865 0.9734231406526525 0.09630048860272308 7.9289154211325 -0.20751401324472363 -0.14007398274266783 0.9681514414933615 231.36706227543797
0.9561287997424578 0.18158808419980346 0.2298771106041043 21.722004894350288 -0.20798782169042002 0.9733924734562819 0.09616734709418973 7.975213633964012 -0.20629780496050065 -0.1397600096426189 0.968456687401751 231.96891674988458
0.9566189154952234 0.18123256918893607 0.22811182867602364 21.83881425186346 -0.20818470117267862 0.9729594537637469 0.10004514745549893 8.014705888063224 -0.20381212111742708 -0.14319447334630986 0.9684812657396562 232.48688529957428
0.9576879123398044 0.18232361981922443 0.22269252392983765 21.94720061188866 -0.2087695799664534 0.9726887085087423 0.10144919329508867 8.053092751932917 -0.19811391934656494 -0.14364809081783184 0.9695958441358611 232.9945454100218
0.9601376469871503 0.18287806947410878 0.2114031942601647 22.052298336440398 -0.20763599268877206 0.9729396403392497 0.10136937800281892 8.096735826130425 -0.1871443116371062 -0.14122346816996365 0.9721280464321145 233.51688315955846
0.9639920899738357 0.18249811617617387 0.19342618245734877 22.1459209827534 -0.20532490483524404 0.9730183479389137 0.10524722337726476 8.14110752735353 -0.16899980450365631 -0.14117270333309173 0.9754533991490068 234.04205097912973
0.9684693704446582 0.18371120612979022 0.16827736405370908 22.220884245037585 -0.20397923211027666 0.9725217762896313 0.11222240199782227 8.18967827922289 -0.14303688817304772 -0.14300904651383478 0.9793308231833479 234.58335150528617
0.9731328087573593 0.1845505347734093 0.13767220719833356 22.27499366919896 -0.20163889597532839 0.9717515774466637 0.12264023548481158 8.24270440415682 -0.11114986347208546 -0.14710530868995672 0.9828559080584337 235.12418811113864
0.9780484404234527 0.18372588755884933 0.09831605375504297 22.309460756996835 -0.19592985388679612 0.9714577124461026 0.13372137183293786 8.296436165616658 -0.07094181095200837 -0.15004902921944088 0.9861300868998734 235.63694240799572
0.981394256276291 0.1852610599005171 0.05043464516026926 22.309174224866187 -0.1907909985923721 0.9704250513237175 0.14789866334583388 8.358159265227142 -0.021543179988828515 -0.15476937503232133 0.9877157141344227 236.13262569483635
0.9824871230758383 0.18632888344121212 -0.0007747165374257755 22.287352981712264 -0.18371409394156735 0.9693772551671649 0.1629627836403166 8.423695972066866 0.03111566610875478 -0.15996651012046967 0.9866319126008875 236.6017292159281
0.9807589080434769 0.18767301351471957 -0.053766200271828095 22.241342889471685 -0.17554447907702683 0.9682949695865208 0.1777329112432818 8.49285591158007 0.08541721231076384 -0.16487477633567954 0.9826088784299257 237.05495060125986
0.9755476919725197 0.19141973984093558 -0.10800548081610611 22.161422379055438 -0.16850265183023544 0.9668900462330041 0.1916520149169216 8.566642660244565 0.14111540317509133 -0.1687664708843717 0.975502086769662 237.48867856068233
0.9676108126867032 0.1912410262492688 -0.1647913379122333 22.078161472456337 -0.1563056949847915 0.9664562677768725 0.2037910993888544 8.63423470376427 0.19823684038820613 -0.17143264669812033 0.9650455962072348 237.86781890407644
0.9557036823869093 0.19080234485801306 -0.2241092070147615 21.967833379556424 -0.1423851199531623 0.9661055271710502 0.21532902262693124 8.704031596580515 0.25759842602008526 -0.17388092352592685 0.950478024651672 238.2164493620414
0.9393529370667167 0.18941242237597725 -0.28590032156994327 21.855136120183943 -0.12632038040282423 0.9661278456760464 0.22503365815861012 8.775480613882415 0.31884043206440854 -0.17527099035215243 0.9314616786652878 238.56431101242842
0.9178429871193761 0.18670821652885286 -0.35029172538956105 21.698743872795735 -0.10821139387885789 0.9667399121144165 0.23174174539733636 8.849621660926108 0.38190907979593214 -0.17479697996711407 0.907519405061842 238.8851823162081
0.8927229809879161 0.1826577318741232 -0.4119245467347745 21.53393128855322 -0.08858601908222523 0.9674594087500868 0.23701225631619677 8.92686157403436 0.4418123995987578 -0.17509553223178298 0.8798541686855016 239.2039210896442
0.8636469812927642 0.18187342107279617 -0.47014460585140494 21.305366728080596 -0.0715627727591409 0.9674359405777301 0.24278894215656743 9.02258937484112 0.49899164447806077 -0.17603908539230254 0.8485384959772426 239.55836671309106
0.8351986691681627 0.18702410108226022 -0.5171703477908437 21.007610137004065 -0.06220429654436595 0.9664896213522837 0.24905508890552458 9.138952061145968 0.54641907773352 -0.17584026112551757 0.818844548162933 239.9820196664163
0.8147074585755104 0.1933144628609451 -0.5467003524694463 20.676510790594037 -0.057906373009260576 0.9652043375567354 0.2550047817719793 9.265592166577285 0.5769736639625289 -0.1760968631476615 0.7975533122514176 240.4243361291787
0.802862765643987 0.19878841956713747 -0.5620449659844734 20.29124282463079 -0.05545021167985372 0.9635826199614019 0.2615985637058788 9.419956133264698 0.5935795258995614 -0.17886223400796086 0.7846474671331911 240.94364399330473
0.7969107455475528 0.19779930291366954 -0.5707965481655521 19.864146818604652 -0.055669552984405894 0.9649007180286043 0.2566466544071807 9.592327433709428 0.6015265285100568 -0.17274848802449286 0.779951149357375 241.51326580490036
0.7961044291872897 0.19391824169631763 -0.5732481603684285 19.431132171295893 -0.05494782112168988 0.9665185847029016 0.2506442945248848 9.776790666595788 0.6026595015283162 -0.1680402956475217 0.7801051110307724 242.10106423269644
0.7966533741093998 0.19759587031959555 -0.5712261142076313 18.979991181543745 -0.05598440686035629 0.9651152034445266 0.25577019034422777 9.96629238689778 0.6018381407892017 -0.17178042994727163 0.7799245708262603 242.7121883101308
0.7969764016092992 0.19968489549415075 -0.5700478557010655 18.51686763002106 -0.057601127452155676 0.9645967574998243 0.2573620126146511 10.159558064255172 0.6012576198220975 -0.17227605153448608 0.7802629279118367 243.33771804466974
0.797140771207526 0.20024909768519855 -0.569619952033752 18.031295389133827 -0.05934528922263004 0.9648185800108114 0.2561313028760877 10.362123195147735 0.6008699755569029 -0.17036844350460886 0.7809800675638673 243.99707880149586
0.7993653433853639 0.1999495413365683 -0.5665997076540851 17.55475546155215 -0.060829136241932855 0.9650902637839921 0.2547559595640562 10.562582292431093 0.597758198587405 -0.16917731428485958 0.7836224679990366 244.65431428133655
0.8020981246089468 0.2034328552826759 -0.5614745514182703 17.059616980047903 -0.06384531944287482 0.9640133670912309 0.25807363920916676 10.770156134640217 0.593769630146278 -0.17115285992633386 0.7862215494725311 245.34100037533656
0.8045468388923399 0.202392576342818 -0.5583382747668829 16.54605368165842 -0.06332151106868135 0.964013542441783 0.2582020066243127 10.984963166304023 0.5905038274764374 -0.17238078497952974 0.7884098519840538 246.06069667097807
0.8065607407538559 0.2007631601642313 -0.556016119366572 16.059160685275465 -0.06304656500442228 0.9644141178218302 0.2567694296194198 11.185828661191742 0.5877796373775929 -0.17204523494363264 0.7905159928916392 246.74159723240234
0.8084242363862725 0.20430877657397511 -0.5520037842606854 15.563310723948877 -0.0646739170714584 0.9629791035834434 0.2617031343187541 11.38981721443799 0.5850363565402636 -0.1758669095551256 0.7917090953434989 247.4354370631187
0.8097804065235821 0.20632500079576704 -0.5492592168158205 15.020588951309884 -0.06514987640574206 0.9619616748919807 0.26530214783022316 11.621550916100146 0.5831047820201947 -0.17905231103127173 0.792419764455393 248.20699890705708
0.8101054165250448 0.20587547950428992 -0.5489485413548905 14.469058000221919 -0.06649104227889097 0.962539235936339 0.2628633876745737 11.863191197226879 0.5825016355457301 -0.17644689348913084 0.793447123861813 248.9969590191137
0.8101876494102898 0.2038142045817952 -0.549595981384252 13.942687812743547 -0.0651988319261621 0.963119891002378 0.2610539941679297 12.096419725068012 0.582533333860384 -0.17566970588651604 0.793596288660204 249.75394022874377
0.8096701528432276 0.20475345194788033 -0.5500093340210247 13.421750169102276 -0.0655407384868089 0.9628505719232783 0.2619602789462893 12.323468532575511 0.5832140732127683 -0.17605340116692025 0.7930110621826972 250.49926585732445
0.8090173079480649 0.20549129579401357 -0.5506944005465854 12.889720769835677 -0.0653287524911876 0.962528627099162 0.2631934575792979 12.555175769650305 0.5841430899517784 -0.17695188432875555 0.792126808720731 251.26080258561802
0.8083348837700927 0.20605890559875412 -0.5514838557055268 12.371554531241678 -0.06520745817151093 0.9623193020517701 0.26398778058350164 12.781226792717373 0.5851005922738429 -0.17742967148150735 0.791312838641432 252.00257536057447
0.8075172660594646 0.20559593011534563 -0.5528527638855155 11.844739186478282 -0.06429937703620957 0.9623838873188878 0.26397508128939007 13.00985441652025 0.5863287943881006 -0.1776163476400474 0.7903612958150245 252.7550694712502
0.8062575985661399 0.20400139615588234 -0.5552766113576294 11.303080168249046 -0.06256331027452952 0.9627984780862489 0.26287815200638964 13.246605116575527 0.5882469863601977 -0.1772075646276192 0.7890265914890904 253.5248262938441
0.8038741773038065 0.20577808118919783 -0.5580696088896258 10.771825103130594 -0.061431825935699916 0.9619545073548832 0.26621355439163596 13.477958744395654 0.59161849009842 -0.17971896695038642 0.7859317114685918 254.26804198375277
0.8009709687278017 0.20759210138439177 -0.5615612403808324 10.26854579484044 -0.06196787526053645 0.9616705351012123 0.2671137666872325 13.693385295317613 0.5954876066644391 -0.17915161556893264 0.7831342215406616 254.9559663495499
0.7981108239733109 0.20771202900822483 -0.5655747745983096 9.772135868349888 -0.06236095841332372 0.9621331069064086 0.2653507027697336 13.90621644983179 0.599274747943224 -0.17650948303109865 0.780841967928004 255.62844096294725
0.7966731111119539 0.20718320871196827 -0.5677913983665245 9.238635352441582 -0.06090169338364629 0.9621494904284579 0.2656300845372411 14.135122610611033 0.6013342978528707 -0.17704088820402486 0.7791364361456364 256.3563374465101
0.796942009546306 0.20901499069081478 -0.5667417110878764 8.717690867155484 -0.061344230613023895 0.9613810189812723 0.2682972637076738 14.355822694697896 0.6009328737810836 -0.1790510262719739 0.7789867849971265 257.06299511787455
0.7984583900781599 0.20781626291319902 -0.5650456620332424 8.241428660166127 -0.06213563766249271 0.9619693536070452 0.2659964760163516 14.560027536145107 0.5988350038583822 -0.1772776454876187 0.7810052973983568 257.7122776973264
0.8005262040598866 0.2099502637758461 -0.5613187003422576 7.727473519601625 -0.06431947376236 0.9613162639609291 0.26783212267973555 14.782860448276635 0.5958362207086793 -0.1783029090751243 0.7830627501720051 258.42387612086424
0.8028372140881815 0.21164501493570118 -0.5573677379683847 7.152693005407992 -0.06593692626317642 0.9606545077622003 0.2698059274202985 15.03376940653217 0.59254090949916 -0.17985912367469536 0.785204410456842 259.2288016437052
0.8053203828700828 0.21263802062253875 -0.5533933078017044 6.592333424296777 -0.06735346274187001 0.9602344856219622 0.270948784236068 15.283060637158615 0.5890013514336473 -0.18092762312055102 0.7876183106056404 260.0238014039905
0.808070242067982 0.21175664301141464 -0.5497104765462718 6.081722469225867 -0.06839557260960998 0.960572456895146 0.2694858079784994 15.51411023930469 0.5851021530738003 -0.1801656992741875 0.7906932346197508 260.7592301488002
0.8102051684132631 0.21104092731644475 -0.5468357267716247 5.603486802023174 -0.06900181300214414 0.9607875135390718 0.2685630347419825 15.73204370413542 0.5820707301341078 -0.17985850223111735 0.7929972158187719 261.45482342030743
0.8121554279095778 0.21139454259880472 -0.5437976721874164 5.134280424104845 -0.0694165707720077 0.9604426742648755 0.26968724321552046 15.947346102197622 0.5792969019589744 -0.1812793888184042 0.794703015327335 262.1397052657859
0.8140044666783638 0.21239680507983133 -0.5406332633306543 4.694213036802887 -0.06967853098341645 0.959732838775337 0.27213559211581256 16.15315108687918 0.5766642268666106 -0.18384905593478185 0.7960263149445638 262.78668491535444
0.8157995640047446 0.21165247147205785 -0.5382139933980147 4.283256408819613 -0.06819091788515377 0.9593380364053632 0.2738987598071229 16.346560667237707 0.5743005050386504 -0.1867451826036461 0.7970603281350038 263.39536559416223
0.8169833644667935 0.20945208787434103 -0.5372783310999966 3.892429109803218 -0.06647474957154624 0.9597010237839629 0.2730477112473411 16.532170676683137 0.5728169776236722 -0.1873599952847194 0.7979830463819325 263.9738697885467
0.8178132408810188 0.20829444626731797 -0.5364652148032303 3.5269198830223614 -0.0647203705747478 0.9595743371668952 0.27391306117704356 16.704748502673027 0.5718328223111647 -0.1892895007783117 0.7982334922957965 264.51690850909137
0.8185882339325182 0.20628158060191693 -0.5360608293576536 3.1938267735109123 -0.06293383766413344 0.9598771439025594 0.27326763564375384 16.861550743547376 0.5709226176498048 -0.18995730603963973 0.7987262275260876 265.0131580496256
0.8178424837602296 0.2058195296442653 -0.537375095230428 2.8882814395716676 -0.06051380147118118 0.9594308368117217 0.27537347222683506 17.004742152768642 0.5722514758289441 -0.19269351465934195 0.797118220730039 265.4611337783988
0.8158640892150956 0.2067769120995137 -0.5400084226674732 2.5957675213383062 -0.05871728224253568 0.9586750669206741 0.2783781543704341 17.13947267553658 0.5752547858951481 -0.19541091240570077 0.7942899386354435 265.87860778289087
0.8130687902247077 0.20624223277364037 -0.5444109511968633 2.293938382424334 -0.05665371052111879 0.9587370261994783 0.27859230369550375 17.27862678186387 0.5794044351286234 -0.19567180689798336 0.7912035417884306 266.30316409488785
0.8096159165948286 0.20606934016138506 -0.5495975751782086 1.9713269059032874 -0.05471495760211106 0.9587648413086673 0.2788839408875361 17.423680737318094 0.5844042616296654 -0.1957176694011416 0.787506351005037 266.74968686047197
0.806551584367504 0.20697670745986677 -0.5537464982492815 1.6463811352357216 -0.05344904880904843 0.9584009907272399 0.28037606915436 17.568169178751262 0.5887425081779611 -0.1965405391824162 0.784062545669799 267.1941028357721
0.8029953529091385 0.20637814033166219 -0.5591122663647905 1.334318229600927 -0.052681908027443845 0.9590378694297 0.2783360946164315 17.706353722400184 0.5936523223006168 -0.194047489530227 0.7809753466237574 267.61373362367544
0.7990717018284043 0.20535470311142173 -0.5650786327999645 1.0092700464820197 -0.050714264452980856 0.9595338763784675 0.27698881468951453 17.85026506152313 0.5990930467949449 -0.1926763763208364 0.7771507802800035 268.0500409377338
0.7947815974653663 0.20646898288173782 -0.5706949898485009 0.6624371798036242 -0.05081488598191151 0.9596886841907193 0.27643349435068176 18.000193727334654 0.6047644662949742 -0.19070445339336825 0.7732346033144718 268.5029887864451
0.791033731297045 0.20815454143358536 -0.5752715209627951 0.30116158542790744 -0.051289549396905505 0.9595898388793864 0.2766888563749771 18.156388228528016 0.6096187481311052 -0.18936480137555586 0.7697440833985392 268.96986978777613
0.788363676848115 0.20946338261604291 -0.5784529404969477 -0.07046737790361984 -0.05147334938815062 0.9594147852032252 0.2772611841499125 18.318657828463806 0.6130523691572239 -0.1888077362728847 0.7671495495626783 269.4505708002695
0.7854639977639906 0.2131397262051752 -0.5810488493489958 -0.4373161414879862 -0.05514684626464489 0.9591981671498113 0.2773043481150332 18.476321436135073 0.6164455641528068 -0.18576957030047322 0.7651696107313083 269.91395855510615
0.7838920071472623 0.2134063370681806 -0.5830703700496004 -0.8120394123152848 -0.054623331111876026 0.9591390196446179 0.2776123784945493 18.639182108656073 0.6184897839325058 -0.18576887870227407 0.7635183762535246 270.3934373837548
0.7822053079690122 0.21620968581111474 -0.5843014872020789 -1.2097119772949705 -0.054911285608634626 0.9581276031449119 0.28102712823603115 18.81477585155051 0.6205961705472476 -0.18773616554420827 0.7613248487005043 270.90301146130975
0.7815339974248185 0.222879100293335 -0.5826916144253464 -1.6368117666422612 -0.05760699005415711 0.955797674254559 0.2883266213627766 19.009193864249546 0.6211972678353332 -0.191769946920801 0.7598277712033873 271.4524449250008
0.7815025596123548 0.2289989888112838 -0.5803561083014004 -2.1090089596106516 -0.06060093384978518 0.9536673138920544 0.29469676148618507 19.22678736844119 0.6209519112909394 -0.1951361512824331 0.7591709993978993 272.06443877245806
0.7821854213976885 0.22369319200784396 -0.5815043614645222 -2.591666386653098 -0.06257287371246711 0.9568103871458492 0.28389878218331893 19.450881912643773 0.6198956380135957 -0.18567508960318135 0.7624002617212066 272.6892630043643
0.7830396070168962 0.22571732174204476 -0.5795693785116863 -3.0747622170147464 -0.06476681801908842 0.9563509259105836 0.2849529185561182 19.687082919505396 0.6185905213681387 -0.1855925568969977 0.7634796458962907 273.32429776265525
0.7846227763789697 0.23229856652614508 -0.5748082069501573 -3.5663140540446134 -0.06746254706622604 0.9536349864835434 0.29330720635174873 19.91580789559351 0.6162920602528427 -0.19135748886424028 0.7639151837245254 273.9715085573925
0.7863259670455981 0.22458937632562168 -0.5755441647618997 -4.033518129737518 -0.06729267930648783 0.9571771999599238 0.28157326433564717 20.139025155716794 0.6141361159071808 -0.18267846046687045 0.7677665082692086 274.59409219930154
0.787337777652991 0.22490462967309607 -0.5740358276554315 -4.5137834885637425 -0.0702935570934625 0.9577632783962508 0.27883385444886727 20.369390699242867 0.6125014609873158 -0.17918540707119843 0.7698925575566564 275.2307341521901
0.7898057441494152 0.2309699493840873 -0.5682075052215521 -4.986902984415181 -0.07439222000460657 0.9556228797155266 0.28504510058408006 20.586056946584353 0.6088289448698818 -0.1828600400462437 0.7719388069289621 275.8603143195771
0.7937388280472577 0.22501697971341267 -0.5651070975406509 -5.439878264840244 -0.07671292398362996 0.9586713708188105 0.27397870367286326 20.79623929049847 0.603401856264999 -0.1741165173469595 0.7781964008159614 276.476600207933
0.7982385131546041 0.22274217869888938 -0.5596438134610245 -5.910785785369127 -0.07794348948383782 0.9594991986368802 0.27071405627020106 21.01670639344757 0.5972772292359793 -0.17247379407798272 0.7832705163559611 277.13114057911105
0.8020062749871718 0.2288414748266013 -0.5517404410412435 -6.417594792458692 -0.08121850323120845 0.9569004275304612 0.2788281307990652 21.241777620687767 0.5917681045934141 -0.17881037775029746 0.7860263094799759 277.8379102578937
0.8055627254690595 0.22613854156820642 -0.5476587033474993 -6.9338025333000655 -0.0811091118315059 0.9576882242671678 0.2761423130885616 21.481235804328957 0.5869327110604451 -0.17802984333364205 0.7898198323477524 278.5755843110035
0.8074870438694248 0.22216406380515671 -0.5464501832158123 -7.456016341245021 -0.07840339384962162 0.9585690328018396 0.27385820635176317 21.728712921351196 0.5846516756290686 -0.17829340455250087 0.7914504912356788 279.3315910939045
0.8070750512932462 0.22150947962494835 -0.5473238639199718 -8.010819844164757 -0.07653038412894056 0.9583871963690925 0.2750219666515118 21.984485481385036 0.5854681561665672 -0.18007646229330676 0.7904426012322743 280.1324591128244
0.8052691237433749 0.22380226149623825 -0.549048436929517 -8.599289980412804 -0.07556730155952941 0.957212409117112 0.2793456403225647 22.254545929337347 0.5880741630785928 -0.1834583101998424 0.787725730910212 280.9746069060289
0.8037307472435252 0.22233583303404733 -0.5518909885878008 -9.1721374303779 -0.0753668868778295 0.9581302897450837 0.2762357330892298 22.51500634932089 0.5902005746334954 -0.18042484646537918 0.7868355333106359 281.78376002866526
0.8026498744968465 0.21781828592536628 -0.555255232561325 -9.724437898138476 -0.0725637996918925 0.959678454309497 0.2715727514100179 22.77244395719457 0.5920199945478789 -0.17768640536255884 0.7860915133779645 282.561509543278
0.800588426809412 0.22166674435087616 -0.5567064085383906 -10.275432062037641 -0.0729311725788536 0.9581991529878798 0.2766503701056284 23.024508393887796 0.5947597959891906 -0.18088183342223926 0.7832895680479233 283.32684571495975
0.7992358144582812 0.22213463096404817 -0.558460668815337 -10.798286869086303 -0.07325220928724804 0.9582675295173511 0.27632852858010853 23.263093414529624 0.596536861159262 -0.17994317880702373 0.7821535819000481 284.04924784565225
0.7980240349228948 0.22180435475274013 -0.5603217539040426 -11.306456076161936 -0.07423528019685026 0.9589016875966055 0.2738552111946658 23.496046355461438 0.5980357538303852 -0.1769473982207714 0.7816923022541664 284.75377887323594
0.7974652263604006 0.2221031438957731 -0.5609985795147507 -11.831849604734284 -0.0741493005160396 0.9588110075783082 0.27419579314725034 23.737629697220676 0.5987913609755378 -0.1770639579877308 0.7810872299575631 285.485544274634
0.7967032445172753 0.2259993818869292 -0.5605249499909638 -12.355102599931534 -0.07446221577739054 0.9570917113893447 0.28005505603601394 23.97659980424011 0.5997660532217274 -0.1813828420125212 0.7793464865041028 286.20868236610187
0.795678549215075 0.22777928777765166 -0.5612595142877305 -12.896010086452343 -0.07490868997890165 0.9564906655379056 0.2819827918588253 24.22375414122733 0.6010693258557105 -0.1823244437763578 0.7781217531447121 286.9507897966164
0.7945400058210005 0.22519864736929984 -0.5639075707711346 -13.460009145821527 -0.07559729601543926 0.9581446562832767 0.2761229191337692 24.483450906590253 0.6024875334686342 -0.17676081822292364 0.7783086695881274 287.72291156301037
0.7935644980210814 0.2278772683129288 -0.5642050496643808 -14.024967175960246 -0.07609359393584174 0.957113293554726 0.2795423192698211 24.741008814908238 0.6037094934175512 -0.1789024703212914 0.7768711306712717 288.4943053036693
0.7928999603423992 0.23034408596001751 -0.5641376205787607 -14.586943499254936 -0.07631047787628485 0.9560467089653397 0.2831102280788078 24.995412811284275 0.6045546822706072 -0.18142847720185856 0.7756270648996829 289.2554934315699
0.7917721261610395 0.23163481640712874 -0.5651921903763908 -15.123816026794675 -0.07595413624661924 0.9554607550162391 0.2851766379120612 25.23888587453838 0.6060757951126712 -0.18286622829771587 0.7741008158674864 289.9773705481731
0.7908729261526043 0.23175387275074272 -0.5664010567997289 -15.685891815146276 -0.07624253496040338 0.9556236031235977 0.2845533430059869 25.494113506028288 0.6072125579577786 -0.18186168265498756 0.773446338048261 290.73129935117106
0.7901985738746071 0.23149880338266507 -0.5674456078594062 -16.260832046080058 -0.07750907213711312 0.9562273023719063 0.2821731559432772 25.75613618639333 0.6079297307937658 -0.1789906428586118 0.7735527080852843 291.5019664380948
0.7902347132855856 0.229707136793558 -0.5681229877628202 -16.794632895838337 -0.07674362965840349 0.956884666449827 0.2801466587701087 25.999804425140944 0.6079798625162692 -0.17778179439781588 0.773792039475328 292.2193720137127
0.7910338796202445 0.23260356558746928 -0.5658276968909707 -17.33631965048328 -0.07661763463572066 0.9552839887782022 0.28559103425498744 26.242857407095475 0.6069556321147135 -0.182559804064317 0.7734835347854687 292.9507547832208
0.7917290437251302 0.2333303134288366 -0.5645547680759516 -17.89514634275587 -0.07668816770405379 0.9548306904437323 0.28708409485887404 26.497512395298568 0.6060396408291172 -0.18399814515897894 0.7738608636710907 293.70997370375136
0.7915085936234394 0.23250750498929218 -0.5652029780033888 -18.458154107240716 -0.0769182507985148 0.9553508231185037 0.28528650066361855 26.755962661469844 0.6062983827409912 -0.18233229250588084 0.774052457004824 294.4708200497864
0.7909130635363817 0.23479524280057684 -0.5650908952422729 -19.020239877096657 -0.07800022701613682 0.9546085598254966 0.28746906284558876 27.011288040211323 0.6069369740862111 -0.18328581905348781 0.7733264627703895 295.2274629967648
0.7915041073621247 0.23327569336366763 -0.5648926437072674 -19.57980244231504 -0.07665339431600705 0.9548825801452351 0.2869207473763653 27.268984607367013 0.6063377814129018 -0.18379801147149877 0.7736748579412409 295.9899002178753
0.7914134943618036 0.23049061838005622 -0.5661614220174476 -20.110309341783136 -0.07732233360215225 0.9564954453231234 0.28131427230490075 27.515924714802303 0.6063711220600434 -0.17885898891276736 0.7748054752108705 296.70726126651215
0.7909473688601962 0.2337315837185476 -0.5654836924841883 -20.61696354932787 -0.07665078388042255 0.9547358944986309 0.28740916667081856 27.750335174621796 0.6070641786694786 -0.18398075586407656 0.7730615528197162 297.39412556383206
0.7896218656429889 0.2351619422504211 -0.5667417138481118 -21.10438743820891 -0.07758839682389616 0.9544959180149062 0.2879541337976897 27.96728227414036 0.6086685058196969 -0.1834022993582401 0.7719366856247503 298.0442390667197
0.7871333605782324 0.23295574247638776 -0.5710977978526035 -21.545304745596685 -0.07928587377765395 0.9564646720927554 0.28087200155553116 28.16674342169248 0.6116656136191829 -0.17580373456150192 0.7713353512124891 298.6259167840239
0.7835320587606017 0.2369237688079945 -0.5744080785192603 -21.99274079596935 -0.08213687542814782 0.9558308223762683 0.28220732217716477 28.36904400691465 0.6158985684260625 -0.1739383993525319 0.7683842701678649 299.2085114976643
0.7799156093500512 0.24008583843913275 -0.5780055643963272 -22.4290829229113 -0.0819173186481538 0.9547138897625285 0.28602612048552156 28.56403013215141 0.620500761641462 -0.17572757004943662 0.7642634532194265 299.7763906507619
0.7741687669476465 0.24050031574770445 -0.5855103059793354 -22.817134246786335 -0.07930420129787993 0.9545711770910853 0.2872363339193768 28.733632454301965 0.6279916909794788 -0.17593597128555766 0.7580718765846275 300.27129613247394
0.7617245245587141 0.24103217580624794 -0.6013977377010217 -23.210590287376235 -0.07525849345953682 0.9548576819829632 0.2873725218602534 28.899918013885006 0.643515273981901 -0.17363840987588738 0.7454782322561597 300.7418296550958
0.7382442630981579 0.24169103564603803 -0.6297466564349535 -23.629621271988302 -0.06587029503848364 0.9549722426502383 0.2892907188264364 29.073199336699446 0.6713095502331247 -0.17208561548228973 0.7209230393806804 301.2043902167823
0.705844029986499 0.243995568900477 -0.6650190731771166 -24.046008474813785 -0.053390288947758095 0.9544597553644948 0.29352351257714 29.23674936467813 0.706352378334279 -0.1716762585405445 0.6867267141119706 301.60684167481304
0.6691855110763574 0.24565399469076055 -0.7013165238734551 -24.486839223627157 -0.0382643454082748 0.9539165489053649 0.297622340550829 29.401954769783785 0.7421095550091978 -0.17232914035922342 0.6477469226071999 301.9862634542513
0.6279037852613056 0.2482156288201625 -0.7376488582407864 -24.976111168217333 -0.022352034416505694 0.9531405213077783 0.3017010659553244 29.57821223107499 0.7779699370875243 -0.1729512886640246 0.6040286654931895 302.359154701209
0.5827947614618256 0.2515427449230075 -0.7727072624799466 -25.53300241838758 -0.006626836780749808 0.9523241431130139 0.3050160839666395 29.771549086207738 0.8125923646250522 -0.17264117098960297 0.5566764545338715 302.72750649074857
0.5346932637680326 0.25480408255482734 -0.8057158265756497 -26.120579888914634 0.009282833776719167 0.9516291232635263 0.3071088418684245 29.96921435764383 0.8449952323404917 -0.1716883550800219 0.5064643778704989 303.06715375395606
0.4843711769443844 0.25699896571175634 -0.8362631730314327 -26.67784956112291 0.025381634487937087 0.9513489823792605 0.3070682112441231 30.15279084668959 0.8744943313574028 -0.16996071707612878 0.45428297246840965 303.33819542989795
0.43429768347248426 0.25969748081603355 -0.862521153704789 -27.231387654608024 0.039666111142332434 0.9510956287565755 0.30633919858055614 30.331479139154442 0.8998956171452753 -0.16725526424581955 0.4027574391923527 303.5557871735565
0.38523726076537396 0.26215160241260055 -0.8847987286781652 -27.83605916085557 0.053427413637896666 0.9508571101660621 0.30498568412076155 30.52124145313662 0.9212696480346859 -0.16476435718670893 0.3522995064017165 303.76589758013705
0.3353535669568021 0.26451538571982636 -0.9041955517734211 -28.465852654822722 0.06771240218089479 0.9505239178888176 0.3031819785412447 30.70775222868658 0.93965579640645 -0.1628984107926847 0.3008506141608728 303.9459184031632
0.28709292081222054 0.26690281384236225 -0.9199676857273508 -29.104114766533005 0.07950586171121417 0.9504445544706782 0.30055609597975186 30.888318643167114 0.9545975449230228 -0.15943035106296924 0.25164556500537066 304.0918173284681
0.24788021405770766 0.26826339159967394 -0.9309082404867546 -29.774965441123964 0.08936562793107297 0.9504686781549765 0.29769628212461 31.079858085622494 0.9646601391283808 -0.1569842175945409 0.2116288529549767 304.2256720985289
0.22014974120698463 0.27156896983179346 -0.9369014815181991 -30.471391034406608 0.09485609994061693 0.9499536982636797 0.2976412126356363 31.278251033057032 0.9708431447718783 -0.15439645649967051 0.18337208748823097 304.3472385005648
0.2009402360660317 0.2698239617421844 -0.9417101736731316 -31.157312596594387 0.10026516781968632 0.9506040416212382 0.29376666280477753 31.472411390138962 0.9744587819152816 -0.15345027117316457 0.1639606557228416 304.4571627167095
0.1841961220815562 0.2630812595583307 -0.9470269475993377 -31.878492052490138 0.10690101463797004 0.952435198348245 0.2853758329233756 31.677471940754085 0.9770588322508966 -0.15380326334814853 0.14731121649070272 304.5633226524078
0.1678211306479885 0.2627379791074968 -0.9501604193200953 -32.64496189910255 0.11121877590093894 0.9526303891038718 0.2830648788580121 31.890423200762353 0.9795235841954618 -0.15317994676299113 0.13065011257002168 304.664232027194
0.1561750465414465 0.2636988424744167 -0.9518782880785914 -33.38138308529121 0.11374063661353322 0.9524913548509379 0.282530151518331 32.090223731833845 0.9811587141846734 -0.15239140202739618 0.11876210745687767 304.75035877666744
0.1496930542327739 0.2638280826349397 -0.9528833781358742 -34.109173033517 0.11404874269385903 0.9527020421300422 0.2816943435910554 32.29071990424454 0.9821328188205555 -0.15084283786251473 0.1125236173483994 304.8302154161603
0.14487078062137268 0.2638438864405328 -0.9536240666584026 -34.856221326076906 0.11513982664877308 0.952748361892395 0.2810931860267104 32.49718883575876 0.9827284860231947 -0.15052229901018452 0.10764645957598279 304.91017357290133
0.13966913651249502 0.2664722348507844 -0.9536692720012964 -35.656324687177715 0.11658306125216482 0.9519855238713917 0.28307587705133813 32.71691462555084 0.9833112030964173 -0.15071864646731195 0.10189684721390123 304.9922692186361
0.13447077546503639 0.26806176527388476 -0.9539709117913819 -36.48863721343819 0.11705538047770457 0.9516769770022877 0.28391718747727385 32.944054421840974 0.9839794959484915 -0.14984599241232388 0.09659466916405847 305.0726754363318
0.1307853294011444 0.2657222842280254 -0.9551370923998683 -37.27907110409777 0.11721124551323892 0.9525110688205732 0.28104125622321535 33.159548726045514 0.9844575773179184 -0.14870888150654657 0.09342883399894403 305.14598740070943
0.1296616096020959 0.2627971466953902 -0.9560991196963604 -38.10744111243316 0.11577038795161816 0.9536318487306461 0.2778192116468918 33.38759807385698 0.9847766672037479 -0.14671045216796938 0.09322531284873337 305.22292648810776
0.13040027421556338 0.2647277877671136 -0.9554658376249965 -39.03553777768423 0.11451669044158584 0.9532229721502542 0.27973539814499726 33.63840724828761 0.9848257186400077 -0.14589435818071947 0.09398478683395409 305.31341346639033
0.1319306398927856 0.2647422473737365 -0.9552517200785265 -39.96920206014751 0.1135467467873662 0.9532958968242026 0.2798822420092838 33.88817484269234 0.9847341989346574 -0.14539076846086452 0.09570831674871903 305.4060269931044
0.134340688354238 0.2654493639412678 -0.9547194428918298 -40.889657738715684 0.11209883506092747 0.9531974053152252 0.28079985341574437 34.13678147447177 0.9845742382524987 -0.14474578295583182 0.09829663110203966 305.5016843596431
0.13701284838895564 0.2672431828848416 -0.9538388546174476 -41.815068673761616 0.1109170669041683 0.952725311631994 0.28286372133077525 34.39357430562361 0.9843398212231977 -0.1445529722188278 0.100893778683233 305.60168276706526
0.13854237771158076 0.2721566002310106 -0.9522272809202221 -42.662439254770376 0.11012259204412682 0.9513034164625134 0.28791461329399587 34.63170790975988 0.9842149278991353 -0.14475011149372605 0.10182524698250958 305.694257972964
0.1400825398040445 0.2688827494974745 -0.9529317651672269 -43.45847981712282 0.10722410198100493 0.9526420238989435 0.2845631147146276 34.85751523469836 0.9843169580965326 -0.14203957661300426 0.10461780287877802 305.7804798359556
0.1408314282337042 0.2688109288553605 -0.9528416412760168 -44.27406792644053 0.10584093016527675 0.9528301278039538 0.28445112945961126 35.091351594940065 0.9843597951579492 -0.1409093044373497 0.1057372290140893 305.8704167567262
0.14191702572780152 0.267719202657652 -0.9529879255987065 -45.075682755792414 0.1060558745766108 0.9530782928766796 0.28353821455857203 35.31939016177858 0.984180729986297 -0.14130886800064446 0.10686484243197766 305.9609438435273
0.14290205313777016 0.2675207157338428 -0.9528964633485962 -45.92562357344403 0.10420721971173291 0.9533594771841282 0.28327824241045185 35.55956347581465 0.9842356722700901 -0.13977973356841272 0.10835943666604542 306.05655338836146
0.14491852889072251 0.26681662133056666 -0.9527893316814007 -46.80960785018112 0.10200317439128827 0.9537952066462067 0.2826129087512081 35.807830090514244 0.9841717189587624 -0.1381433833394098 0.11100645585411381 306.15682696796773
0.14612735660173623 0.26863872347445106 -0.9520924492414624 -47.71177348667266 0.0992763895500124 0.9535826618696995 0.28429615801028824 36.059533511652795 0.9842718090702888 -0.1360637469405936 0.11267503112039774 306.2604441634111
0.14800946704805207 0.26942816393448393 -0.9515785107614846 -48.61026595075469 0.10127142310145454 0.9529892319521855 0.285579450672117 36.31275217202247 0.9837872211647972 -0.13863617227143363 0.11376605473851724 306.37025315916986
0.14923292596169324 0.2654165017273939 -0.9525143644164662 -49.47451177135156 0.10356713737607372 0.9538072227682276 0.282002889791726 36.556963018904725 0.9833633010564473 -0.14073330240547569 0.1148510153608202 306.4774122862812
0.14953767434376783 0.27150304764072875 -0.9507494828153491 -50.31515290632596 0.10272587102877247 0.952091577230397 0.2880434411478817 36.79494561976795 0.9834052467692211 -0.14073991505159167 0.11448317316546217 306.5780015359514
0.1498800079990806 0.270491609971101 -0.9509838443093751 -51.1336902969211 0.10192633242349104 0.9524967354955259 0.28698604779511555 37.024017206746514 0.9834363253210078 -0.13994376658360305 0.11519000057948679 306.67643735651257
0.15038382645006015 0.2642591001700015 -0.9526551488967977 -51.94935203601241 0.10354445703901058 0.9541037941851936 0.2810062193936505 37.253271104266915 0.9831903427916336 -0.14090095066661876 0.11611921435536868 306.7772507399255
0.15010759419430167 0.2635783572156188 -0.952887275480534 -52.76000253107964 0.10363509219885168 0.9543029879264637 0.28029551352020843 37.4766782979965 0.983223005136744 -0.14082704584751238 0.11593215829841161 306.87598216516625
0.15096480406015958 0.2642785550465528 -0.952557858230976 -53.58121067619454 0.10269258966588579 0.9541953479350033 0.28100795363638753 37.700106570358535 0.9831906529065392 -0.1402429439283921 0.11691046452523364 306.97488760159206
0.1532940958706504 0.26294027897509004 -0.9525562082437457 -54.46255709953695 0.10137267668310981 0.9546795441026606 0.2798402195790227 37.94200676197508 0.9829671920228551 -0.1394610259693926 0.11969177767191252 307.0845846942104
0.1567290575433611 0.2641453577364855 -0.9516634029465642 -55.37375986456115 0.10017744626164014 0.9543503167339344 0.2813893249757949 38.19050191156954 0.982547953935105 -0.1394370931140677 0.12311301832800815 307.2027239834059
0.16000972616752993 0.2607535421918204 -0.9520527704734708 -56.275927422524056 0.09783864093256756 0.9555410960596398 0.2781525014836442 38.43767637911953 0.982254797836211 -0.1376546547544212 0.12738409693592265 307.3212474514815
0.16146240614664087 0.2644257303381807 -0.9507938391346766 -57.19462438519099 0.09715290044178702 0.954496391967486 0.2819538112116909 38.69031425227972 0.9820851314102464 -0.13789731997457083 0.12842555745156436 307.44585942492444
0.16142262572707355 0.2629177662959151 -0.9512186836208297 -58.101408260630265 0.09662972004609595 0.9550171265898717 0.28036580591048615 38.93727358268434 0.9821432854259026 -0.13717337965505422 0.1287557020361418 307.56708411375286
0.16005795138561235 0.26044730721728737 -0.9521284852169403 -58.96294117699507 0.09744546698084439 0.9556835526757749 0.2778008785261359 39.17313196752392 0.9822860241106569 -0.13724484437774517 0.12758534213851533 307.6810967944093
0.1570223980399399 0.2612219883180578 -0.9524216709698218 -59.81959287322703 0.09868697475147492 0.9554076588649196 0.2783111323620628 39.403329955191495 0.9826519462801591 -0.13769269480045837 0.12424119393501912 307.79173909499946
0.15311721319352184 0.25867063358421294 -0.9537529147242443 -60.699953122464976 0.09715962681666465 0.9565170365774726 0.2750184823859933 39.6382298611298 0.9834201167053135 -0.13477634086956852 0.12132688078539512 307.89819129579126
0.15105677185384167 0.26229830178562474 -0.9530904744868002 -61.60277675319927 0.09708769894919096 0.9555559821544319 0.2783644080726351 39.879374874343696 0.9837458159452798 -0.13458218994077353 0.11887726343122772 308.00855613548396
0.15185516589824224 0.26167054358132413 -0.9531361577507549 -62.544782760391065 0.09628969472776686 0.9558162493172998 0.27774735323714794 40.129060684288426 0.9837013282898662 -0.13395456006744139 0.11994945834761858 308.12647218266864
0.1530474863349838 0.25561585353253086 -0.9545873466317154 -63.46173661840606 0.09634273751693459 0.9575066028746309 0.2718440405438846 40.37711297546844 0.9835113338717975 -0.13357260525391318 0.12191724763705887 308.24175357858866
0.1526810134760481 0.2608152195948865 -0.9532386528837352 -64.35330180576807 0.09435682816053172 0.9562940195303118 0.2767644073757348 40.61559146235151 0.9837607926235965 -0.13220124597835214 0.12139824322600452 308.35276141047615
0.15417379706972145 0.26283089827107065 -0.952444412662034 -65.21749497718734 0.09345507750778922 0.9557689554892258 0.2788760516986814 40.84787460423319 0.9836140446257942 -0.13200614620938858 0.12279164701976959 308.4655262526597
0.15737784798918297 0.2597209716710828 -0.9527734409798179 -66.05290532710939 0.09404542969201428 0.956469703524804 0.27626285199645684 41.077734142134894 0.983050186977417 -0.13308164078264229 0.12610157322674986 308.57950964603066
0.15995432711165242 0.26324354012581325 -0.9513766088254892 -66.89928035476105 0.09383622217882052 0.9553665345859256 0.28012416532759976 41.31107048108436 0.9826542508153424 -0.1340806592141707 0.1281132318662967 308.69794732447093
0.1611023302430256 0.2634092737800719 -0.9511370004772827 -67.73294736822247 0.09364731204278168 0.9552973131713375 0.2804232950287532 41.53678043661661 0.9824847175083312 -0.13424826976269083 0.12923305277015779 308.8151616447887
0.15905426191136782 0.26193892651801004 -0.9518874621206137 -68.58030676871161 0.09377159684172313 0.9557943645647994 0.2786826515804716 41.76801849495523 0.982806506588952 -0.13358567079129974 0.12746073578029724 308.93085049019305
0.1551113942475485 0.26245106893521736 -0.9523969192460376 -69.49108328297532 0.09437273342123216 0.955719463965249 0.27873660216157525 42.015567560880484 0.9833789923326525 -0.13311552356031503 0.12347475380042756 309.0530167163999
0.15170636872940144 0.26594022463669226 -0.9519774023615922 -70.46677544404696 0.09426209199432393 0.9548427687584777 0.28176221351078257 42.28118129451693 0.9839206450216341 -0.1324805037348048 0.11978764723617998 309.1781199640105
0.15027625799628852 0.26166570997043687 -0.9533876979006497 -71.44422146358805 0.09576823484379621 0.9559507839329481 0.2774644912288483 42.54947279866528 0.9839946602891362 -0.13300058241845072 0.1185974434750433 309.30309401052745
0.14665959620273503 0.25911326029739046 -0.9546472024678581 -72.39531194191585 0.09597022930979526 0.95680266829183 0.27444192288325375 42.80842943601709 0.9845205319991412 -0.13186725252195478 0.11545713396942878 309.4187372973529
0.1422041229577834 0.2655027192628452 -0.9535650441778172 -73.31741716401218 0.09357143791328877 0.9554354357780369 0.2799777028023313 43.05151807314891 0.9854046749537183 -0.1290404360023073 0.11102338697628945 309.52103072066734
0.1392136786975381 0.26460342799850484 -0.954256033543901 -74.19760306699767 0.09229379550822894 0.9559781873129658 0.27854543739307525 43.28283740534143 0.9859520307673086 -0.126849246246299 0.1086639855359705 309.6190903824128
0.13609060296979314 0.2537921589657906 -0.9576371378715431 -75.09093014989284 0.09400027416181386 0.9589613474241091 0.2675015562647053 43.52204744050284 0.9862267975677896 -0.1264226015948814 0.10664909547276812 309.7196899465381
0.13165613409259644 0.2583354783631422 -0.957042027799552 -76.0588614548464 0.09429566900727657 0.9578042482828066 0.27151307294102084 43.77767160717516 0.9868003795916671 -0.1259912798184551 0.10174088778581117 309.82150188163547
0.1303301468854971 0.26669011642309265 -0.9549295443199156 -77.06418080093135 0.09402906152993494 0.9554786665664472 0.27967669428145425 44.04253661416388 0.9870018178304435 -0.1262414335257621 0.09945105359299024 309.92634988522036
0.13187821361365143 0.26538501678691384 -0.9550805880338481 -78.02876624735431 0.09302068167241362 0.9559309713754509 0.2784656724739775 44.300712608476594 0.986891731425118 -0.12556580278959034 0.10138017367579215 310.0297080423763
0.13271802176436245 0.26138019186860567 -0.9560681576109962 -79.03863427452234 0.0937860670758579 0.9569614139664089 0.27464345213722485 44.56975697753598 0.9867066941707614 -0.12611600801698447 0.10249220555955808 310.1357713567035
0.13297725646763953 0.2585765192648804 -0.9567942479693311 -80.10867914228665 0.09416559220628769 0.9577044838410346 0.27190984328489193 44.84902498669748 0.9866356422240047 -0.12625492194617235 0.10300390370071842 310.24801680059517
0.13424043806514493 0.2619443369006272 -0.9557011400818605 -81.07902040055586 0.09268792941161233 0.9568833291662846 0.27528756256873194 45.099691675194485 0.9866045066435999 -0.12553668280361735 0.10417335907609823 310.35194653721885
0.1364421351797103 0.26172662836205807 -0.9554489603081003 -81.96513884548615 0.09095725144207938 0.9570849645847549 0.2751638584114899 45.32756977500397 0.9864635432481523 -0.12444895568876824 0.10678078137132484 310.4486382890765
0.13843968637900408 0.26102693477953004 -0.9553530198596146 -82.86880365347228 0.09020546564560719 0.9573086012864308 0.27463287470853576 45.56205710781748 0.9862542406514344 -0.12419815305638743 0.10898344633218236 310.54882632882993
0.14069385883664554 0.2627708010631 -0.9545453075649735 -83.79845502305655 0.0899023344200111 0.9567613975975506 0.2766318823509174 45.80241485256134 0.9859628838609908 -0.12473625846495397 0.11098674458095129 310.6542479508268
0.14186509938128827 0.2653980986042152 -0.9536446627726721 -84.7006802217796 0.09263628993757751 0.9556010837851582 0.27972323188328485 46.03851805278346 0.9855418871687461 -0.1280250675684098 0.11098094750886521 310.7607679765155
0.14249194977337376 0.2633689780635147 -0.9541136335068069 -85.51645259815432 0.09422629215861177 0.9559625219238539 0.27795154711392195 46.24984226351992 0.9853006902036645 -0.1295084478741154 0.1114006813866726 310.8538714260382
0.14227220330814555 0.2627095637791571 -0.954328195782148 -86.29996687779273 0.09357579092208616 0.9562479570284738 0.2771884125142571 46.4500097886391 0.9853944344876051 -0.12873822189945236 0.11146424854192181 310.9387984443293
0.14380567086856577 0.2581897564923207 -0.9553313449628233 -87.07943353536871 0.0921943709056046 0.9576715481487984 0.2727002087267288 46.65574503230866 0.9853020486121791 -0.12729200881719768 0.11391495727919401 311.02810291916916
0.14786230412747936 0.2624961657822862 -0.9535368382856063 -87.8487064904569 0.09158881293320231 0.9563572104454701 0.277474999548507 46.86049027636099 0.9847579542017394 -0.128361399877671 0.117367468481878 311.12395040751267
0.15158293816354154 0.2641271155388084 -0.9525016953763684 -88.5537146782564 0.09031375540045389 0.9559051737641325 0.27944359780898326 47.04431279550842 0.9843099300744509 -0.12838288674161555 0.12104460313749736 311.2100934143128
0.1536200358370496 0.264121802176299 -0.9521767473555353 -89.18777637720694 0.09038603974834514 0.9558190688897908 0.2797146248683865 47.2115000495174 0.9839874228911818 -0.1290332560303557 0.12296003590667236 311.2879051944253
0.15484257203459847 0.2645740097237371 -0.9518531248382879 -89.85232842637264 0.08915584694454787 0.9557999288229703 0.2801744653204566 47.387164281940635 0.9839080306823935 -0.12824620634040984 0.12441019941299887 311.3701734062245
0.15573776595931016 0.2643073701687854 -0.9517811525389978 -90.54511541969903 0.08899769603726111 0.9558646657293535 0.28000384088467273 47.57084110065956 0.9837810520405735 -0.12831350234706476 0.1253414806094417 311.4572840537767
0.1557893872957181 0.2631076280205628 -0.9521050587426878 -91.24063347559563 0.08943076014076179 0.9561583116832605 0.2788609369195708 47.75670167099487 0.9837336051729988 -0.12859105364063297 0.1254294023621305 311.5447263689176
0.15409558812816387 0.26180233451554596 -0.9527403042601088 -91.92981490082008 0.09041208922704551 0.9564758419756075 0.27745200997407066 47.940697154686696 0.983910668628525 -0.12889337205326296 0.12371861137154246 311.6319720230411
0.14901196552762982 0.2607632903993791 -0.9538332875873441 -92.56271163585656 0.09321876430387482 0.9566024424302204 0.2760833734910417 48.1090800937646 0.9844316614733835 -0.13005488655419342 0.11823717846821476 311.7101296908698
0.1393656018770604 0.26186123208125667 -0.9549900125898335 -93.11539336025125 0.09438578665971145 0.9564979719512267 0.276048823453056 48.25298324233485 0.9857324952998492 -0.1286091940184486 0.1085869371694985 311.7669954662308
0.12489049417121165 0.26090522031219837 -0.9572517069608772 -93.64521695425165 0.0991027626228842 0.9567002478318353 0.27368463281488 48.38702862663706 0.9872086947075466 -0.1290468977246114 0.09362633860976635 311.81267201015476
0.10392864410216018 0.2589569283220244 -0.9602812849416091 -94.16233674557363 0.10534391150363409 0.9572126068369775 0.26953049107934124 48.51498069247779 0.9889901401147516 -0.12917172518155012 0.07220227260565189 311.8433861291148
0.07458785110023741 0.2588944294627147 -0.9630214571137156 -94.6677727991598 0.1135150162389649 0.9572300934378671 0.26612945967178836 48.63651397696185 0.9907325540005797 -0.12916742085412095 0.04200933031337134 311.85433841969075
0.0369062873237492 0.2604064968468891 -0.9647934402533568 -95.18571554686949 0.12231463595027374 0.9570149118904443 0.2629859088462261 48.758741061774764 0.9918049484592846 -0.12771419192577754 0.0034683414504269256 311.8431694792405
-0.004759298857026047 0.2615145455295811 -0.9651878011821562 -95.68484503521613 0.12876757848407602 0.9573233492541261 0.25874875015004045 48.87280613446063 0.991663380288761 -0.12305343330974998 -0.03823078268811825 311.8013932804087
-0.04693225687808347 0.26058021307220586 -0.9643107983526745 -96.13046089407077 0.13721359836384572 0.9579050778848055 0.25217115256616535 48.973077495524365 0.9894290230675316 -0.12048159327360558 -0.08071179587816611 311.74377341598813
-0.09343872290535671 0.2605557637945817 -0.9609265835719382 -96.54741813807286 0.14799203877729677 0.9580620078186071 0.24538856051804162 49.06624529249732 0.9845646558354358 -0.1192806905077239 -0.1280802691738492 311.6694177576258
-0.14687804927664247 0.26338016327511404 -0.9534451888985865 -96.95899523677598 0.1589804724723483 0.9576535668515821 0.24005177622527452 49.15553959569398 0.9762950619629048 -0.11632082999022321 -0.1825305905793017 311.55784881289765
-0.20412219952665675 0.26576687528887194 -0.9421794392044373 -97.37034026045032 0.17287207350829226 0.9571038436280296 0.23252414651685896 49.24095465559698 0.9635607784988648 -0.11541317304207113 -0.24130981253777845 311.42399487700783
-0.25808098002773733 0.2663276588344426 -0.9286892838230052 -97.81230697795243 0.18531230332464488 0.9570510623874998 0.2229632575548499 49.330324636172946 0.9481843481013765 -0.1145549742382234 -0.2963504680152246 311.26073911705436
-0.3065500457261691 0.2648556593434389 -0.9142639384658212 -98.27997831978152 0.19562820704693615 0.9575341109962553 0.21179714560449067 49.42254989341511 0.9315345801809397 -0.11392939038001014 -0.34534536327386045 311.05890502726163
-0.35232581815347513 0.2647658020162539 -0.8976444663368527 -98.78001281628964 0.20665353388936678 0.9574816922223942 0.20130356675919722 49.520552230526874 0.9127764429440077 -0.11457695728909838 -0.39206030921894075 310.82265439093777
-0.3956774303402343 0.26679837689122504 -0.8787821101999947 -99.26839463729468 0.2145598029027524 0.9572475344289614 0.19401352738405717 49.6078651744254 0.8929745024902311 -0.11178454239240719 -0.4360054517829324 310.55859765705776
-0.4350000251677717 0.26938353047046776 -0.8591900206678982 -99.72013029877135 0.22199781870822585 0.9568295383536625 0.18760118076042223 49.688649023330164 0.8726350592274082 -0.10913179209186143 -0.47602342942547576 310.2929175340809
-0.4671154453698672 0.27170551516582764 -0.8414150424881774 -100.23779278851093 0.22846743884499926 0.9563887995926081 0.18199750932750233 49.77963661483761 0.8541696494751564 -0.10722209213720722 -0.5088198432384521 309.9676950000044
-0.49118621174829125 0.2674547087634778 -0.8289777344106443 -100.84925962420417 0.2313819924270763 0.957565884630982 0.17184280657437787 49.884779134046894 0.8397609653757632 -0.10740370268815547 -0.5322273627689907 309.5663033819557
-0.5051850479038561 0.26431333887925834 -0.8215391203496494 -101.45727777671132 0.23294239342231635 0.9583743716207683 0.16509513974426404 49.992425967273476 0.8309788858455167 -0.10796769290391182 -0.5457261846090444 309.15415745845644
-0.5109361541596985 0.2672645142423511 -0.8170152543247253 -102.04534939024258 0.23118720146421542 0.9581444958236668 0.1688537917902747 50.09606322075296 0.8279472955760143 -0.10260996320830201 -0.55133879892381 308.7512564149967
-0.5144076682299722 0.265837212075437 -0.8153007589485985 -102.67583127646236 0.23078974524447965 0.9585758291602078 0.16693853132157982 50.20410256426945 0.825906074778595 -0.10228859382050785 -0.5544512595513077 308.32469621488445
-0.5178011460489265 0.2575803768374824 -0.8158028699500128 -103.35661726435278 0.23063022407981185 0.9603204181310853 0.15682599995355026 50.32302208689819 0.823827453348885 -0.10694411619530778 -0.5566608331110514 307.85899707620837
-0.5204556377864701 0.25801291098340406 -0.8139749792605099 -104.01093006593429 0.22926962724307295 0.9604774296720844 0.15785608988672606 50.4381921542115 0.8225335051656536 -0.10446264813977069 -0.5590404171645597 307.40729521941404
-0.5220880825209191 0.2621928147966316 -0.8115903905041311 -104.60159525863536 0.22732023324791653 0.9599311806597569 0.16388300690820737 50.537785697903594 0.822039868647341 -0.09892955203669813 -0.5607703612781929 306.9995088691025
-0.5238277343484226 0.2598600775726422 -0.8112196033204188 -105.18998720201017 0.22638100040151174 0.960554108457103 0.16151609016871518 50.63880286707993 0.8211919065508403 -0.09903809777110029 -0.5619922666774626 306.59020092294304
-0.5260173833259656 0.25827316029408237 -0.8103090071760343 -105.79551253026683 0.22518649699811896 0.9610646738103621 0.16014285598644779 50.74397977516694 0.8201199631813723 -0.09823272074765656 -0.5636963531600075 306.1647315094462
-0.5284658653528775 0.25557053719770134 -0.809572436334953 -106.40524904905918 0.22240915320625165 0.9619829930562476 0.15850201778090803 50.84837283859419 0.8193033612325212 -0.09629341403761423 -0.5652164016428287 305.72984451602235
-0.5297336399302278 0.2569369367080182 -0.8083103867211967 -107.06700899719735 0.22121680875770747 0.9618806042673858 0.16077570294438823 50.96315206030724 0.818807299826597 -0.09364354590309969 -0.5663792828673783 305.262086666814
-0.5308039541385167 0.25780752710576393 -0.8073304411692436 -107.76691948759536 0.21951300614078123 0.9619222707864412 0.1628483500072727 51.07982858989215 0.8185726616531656 -0.0907789839812303 -0.5671842501880513 304.77022634882894
-0.5325989840564186 0.2565130044710831 -0.8065602275833392 -108.46536369613614 0.22033075571892252 0.9621303778392997 0.16049764522612908 51.200033470139736 0.8171858297023967 -0.09222914168537938 -0.5689473658938745 304.27760074886
-0.5354924283458935 0.25759355944258705 -0.8042968465174506 -109.16002230395605 0.21869700776029435 0.9621592075490216 0.16254623380850805 51.319961780351754 0.8157324794201266 -0.0888550362238098 -0.5715639111742036 303.7819138205048
-0.5385774273860569 0.2569172500043885 -0.8024511707016188 -109.8547391602689 0.21766026974895095 0.9624753484027971 0.16206545186968782 51.44141646867531 0.8139768803123504 -0.0873769441391405 -0.574288175004391 303.28278334399613
-0.5421838932718881 0.2586815460193688 -0.7994501132813517 -110.53087754693455 0.21510018008456083 0.9624584058917508 0.16554675912230146 51.560454776141974 0.8122613732070011 -0.0822050769559684 -0.5774718927519633 302.792615355621
-0.5469015639082065 0.254354321952873 -0.797623067807502 -111.17880087720219 0.21347150800590786 0.9636058924799129 0.16091488199564402 51.67201881527406 0.8095236838193415 -0.08226519848564365 -0.5812949702635275 302.3198926130921
-0.5513051807531576 0.252014088389603 -0.7953310612115464 -111.81547523209592 0.2127292887656865 0.9642396207326805 0.15807657483175522 51.78561878246659 0.8067272447215162 -0.08204177632432995 -0.5852010761794397 301.85256328354444
-0.5548352191737231 0.25413928700320076 -0.7921938540319221 -112.43526751732426 0.20835380818458205 0.9643031405711012 0.16342626380019645 51.89040909137567 0.8054480555438848 -0.07438195941364704 -0.5879802326051079 301.3884219196121
-0.5565027326319676 0.2521861335455253 -0.7916481937202346 -113.01683248642404 0.20570553260885782 0.9649778297733449 0.16279748738856356 51.987328318418164 0.8049782248155877 -0.07224916673070704 -0.588888882115683 300.95152781554344
-0.5578189859870614 0.25061583655701963 -0.7912203746992306 -113.60474350838508 0.20228536446904635 0.9656251250928845 0.16324444588093812 52.0874826905514 0.8049339166627205 -0.06899145060204448 -0.5893399439625938 300.50775233240347
-0.5585064971472145 0.24772891565840613 -0.7916444132254442 -114.21147825653928 0.19898451578280954 0.9665091755149317 0.1620653452287884 52.189245744621005 0.8052798613668574 -0.06701043196514658 -0.5890958724051752 300.0495076083264
-0.558720756962263 0.24358265570169593 -0.7927790395695538 -114.80340015787762 0.19617169110171756 0.9675864541551714 0.15903811287145414 52.287495482106976 0.8058211857166603 -0.066662910052966 -0.5883946575840583 299.6039482486923
-0.5581932643250338 0.24417727470626602 -0.7929676778905825 -115.40300921448802 0.1963342288351993 0.9674447421228589 0.15969828279139814 52.388171940443456 0.8061471021158897 -0.06654419175145322 -0.5879614955881843 299.15990563129833
-0.5571760199114553 0.2444921445169626 -0.7935858328530855 -116.00966564866755 0.19478231628877574 0.9674905320483985 0.1613131106199519 52.488988063504735 0.8072265680072759 -0.06469668976231999 -0.5866852701721669 298.7101781397693
-0.5555740733537338 0.24394658385045653 -0.7948757847895679 -116.59934826014067 0.19259334425997196 0.9677487270427636 0.16238905459996128 52.587806760483815 0.8088542840115864 -0.06286863713173017 -0.5846385906705938 298.2737563450163
-0.5516639681597441 0.24256818797779672 -0.7980147494974089 -117.15250099761042 0.19162536819138432 0.9680426932680569 0.16178090825508915 52.682211393411784 0.8117552491359432 -0.06367117237410624 -0.5805164918490644 297.8736755519498
-0.5465372754269032 0.24163050986829318 -0.8018177494105037 -117.65975728077477 0.19160061036064396 0.9681517422815338 0.16115647683744488 52.771859952842036 0.8152215727508455 -0.06555074841691431 -0.5754275685988773 297.512782277783
-0.5416648916897694 0.24162922269679726 -0.8051176708094607 -118.111325170749 0.19170047053303063 0.968064618233287 0.1615605908699691 52.85062699112751 0.8184436906153784 -0.06682973637371419 -0.5706870522695378 297.19745150475234
-0.5363517846065421 0.24047945200985474 -0.8090095155870645 -118.5641940509448 0.19157258088722462 0.9682171147861691 0.16079665695328588 52.92774240867652 0.8219651509654052 -0.06874046694767635 -0.5653742466740322 296.88628471559815
-0.5313197465112631 0.23838715179754422 -0.8129396612449543 -119.04480944824748 0.19126336201868477 0.9685717341427619 0.15901925093834224 53.008859713202334 0.8252985237576235 -0.07099550462906956 -0.5602160163775636 296.55924544401853
-0.5274978436240089 0.23682110519984803 -0.8158809895468471 -119.49398815624893 0.18892510696323406 0.9690135382430122 0.15912280371049184 53.084280646415 0.8282833627032159 -0.07020346739071633 -0.5558940044966926 296.2552330459474
-0.5254292666805837 0.24061916854247448 -0.8161044672377623 -119.91983918380538 0.18738618522960881 0.9683524113170828 0.16486365603578257 53.15412516342654 0.829946084574531 -0.06630251297136523 -0.5538894054530042 295.96718387285483
-0.5253420629646948 0.2433514047736117 -0.8153501153950418 -120.35223593986822 0.18602947873029463 0.9678974291369062 0.16901952465174366 53.22575211605273 0.830306419295509 -0.062886091187766 -0.5537477671393265 295.6723263308626
-0.5284380515413972 0.2467902511320512 -0.8123101609787422 -120.79387608383857 0.18363693602803732 0.9673918452126908 0.17444338205337195 53.30110161592447 0.8288731515795177 -0.05698762815000251 -0.5565264673207109 295.36443507601814
-0.5330724709509538 0.24641709850893534 -0.809390112539486 -121.26331634656543 0.18679578462668303 0.9673182273045082 0.17147239419266513 53.38141350550091 0.8251915387108272 -0.05978344826873252 -0.5616803928865175 295.03966235592856
-0.5436922371381789 0.24087938575506923 -0.8039750448825773 -121.74921779781685 0.18967067055120426 0.9684109599088804 0.16188035538945666 53.46487582925028 0.8175718855295447 -0.06447739329889576 -0.5722052758801163 294.69034033011013
-0.5604102783629573 0.23979875822557467 -0.7927401058724257 -122.21025596816135 0.19238382524835307 0.9686765064641751 0.157016844979039 53.540685454182125 0.8055611607370109 -0.06451652019314502 -0.5889896730284859 294.3359953875617
-0.5822163906673027 0.23707434394635984 -0.7777016329420566 -122.66155612525327 0.19453198408282046 0.9693791206391815 0.14987137030670078 53.61016273597593 0.7894183818528274 -0.06403027339633748 -0.6105069553098058 293.9646847792963
-0.6109740307154176 0.2368246999668839 -0.7553971109800134 -123.1285219120987 0.19849661469677513 0.9695516425016709 0.14341794335518818 53.68339778114369 0.766361421096647 -0.06231913035262196 -0.6393797762260048 293.54964584079505
-0.645948089880601 0.23754713210148226 -0.7254808234612155 -123.59536313691173 0.20175828805592413 0.9696835411403228 0.13786741182130885 53.75013506674037 0.7362368222116727 -0.05731657763618024 -0.6742923338936375 293.09027608708874
-0.680874148543135 0.23701613065878818 -0.6929889953334011 -124.05128573318655 0.20599366747508988 0.9699658839063043 0.12935529760324327 53.81494992142158 0.702834975514039 -0.05467666655345304 -0.7092485173257523 292.60998175608285
-0.7143173458724383 0.23553841808337697 -0.6589934620256372 -124.4997904207827 0.2103964020005368 0.9703743233227317 0.11877300476614609 53.87689840691208 0.6674459404408574 -0.05380823582622339 -0.7427116468362969 292.0894243530136
-0.7482346674254778 0.23261438193673767 -0.6213174967590027 -124.89147250494162 0.21503222526650684 0.9709922313427591 0.10457164419164357 53.92700007299746 0.6276193309320672 -0.05535915451123405 -0.776549637468321 291.58562128354146
-0.7803528952652335 0.22985969444262574 -0.5815615872131767 -125.23652317246083 0.21868044754936183 0.9715829879645236 0.09058343864934024 53.964430438276594 0.585856826119467 -0.056489099556201294 -0.8084434185028345 291.0751425837602
-0.809367651119333 0.22913348484295015 -0.5407604381288433 -125.57342229160562 0.22242746833665744 0.971755884759598 0.07884492224890294 53.99719688481857 0.543553149793943 -0.0564654457063392 -0.8374733588540372 290.53098685232357
-0.8359725687501545 0.22931668216033144 -0.4985616547431671 -125.8557280130799 0.2237806793277637 0.9719880033164356 0.07184378169704504 54.018239056567786 0.5010709249765651 -0.05150903505119575 -0.8638719508418011 290.00027911541827
-0.858158705621287 0.22898189136801889 -0.45948985776828744 -126.10768623903552 0.22497361446720368 0.9722384967745265 0.06433644521707983 54.03143643380446 0.4614656095094811 -0.04816221356138878 -0.8858498136958124 289.49422386798165
-0.8779709618511709 0.22817854933773804 -0.42083433767725553 -126.35683130648853 0.22656147967374393 0.9724648004506663 0.054608678911770986 54.043909704484 0.4217071093474374 -0.047400015892089586 -0.9054923259858437 288.93197614565054
-0.8962722867317715 0.22706022062352962 -0.38097197304656694 -126.59683690764034 0.22674822117049215 0.9728487638192929 0.046373774175611886 54.04989271408981 0.3811577524236084 -0.044821188579363194 -0.9234228873174585 288.3162206603013
-0.9112015919221551 0.22427340850826388 -0.3455620018384755 -126.79747804236115 0.22420724315003981 0.9736899770932765 0.04073009485813776 54.05026836280176 0.34560493485711014 -0.04036417649573798 -0.9375115797995397 287.7180348875336
-0.922275618565582 0.21938716869394956 -0.31824040223064753 -126.96591462013353 0.21911098648335733 0.974992731563988 0.037142280485756234 54.05050433648919 0.3184306188194866 -0.035474548761680345 -0.9472821635544445 287.1449564365487
-0.9291938989023525 0.2164028461431255 -0.29961392895491096 -127.12753461782894 0.21624381930377284 0.9757432108683055 0.034114469911255316 54.05373471986143 0.2997287254427916 -0.03309070300799279 -0.9534504163924161 286.5775495286118
-0.9323877112421266 0.21517717985807028 -0.2904340496446578 -127.28098101597766 0.21565859751756386 0.9759843914813284 0.030754461490613016 54.057553876187555 0.2900767574995018 -0.033959517857996536 -0.9564006618072903 286.041922809567
-0.9336087670895551 0.21213785523112114 -0.28874244646650055 -127.42586923925708 0.21269495248923023 0.9766631927299656 0.02983060763902018 54.06240160631346 0.2883323207674152 -0.03356394411341846 -0.9569419702659211 285.5296011732994
-0.9316441613008023 0.2133597327651795 -0.2941373508218484 -127.60128962703398 0.2144004134703914 0.976312129760414 0.029104776006848805 54.07013059194522 0.29337965065397525 -0.03594787500054141 -0.9553199102212265 284.97462560680714
-0.9269230265780924 0.21367373125464298 -0.30847567063064646 -127.78983666196264 0.21375815309774746 0.976296627471293 0.03394623944442889 54.07562376809954 0.30841717653779893 -0.03447363862282131 -0.9506263269321709 284.4334176238765
-0.9186301113558151 0.2130279081557967 -0.33277293888951937 -127.9726087129766 0.2103972323549998 0.9766082409842902 0.044377339475522345 54.085549543119726 0.33444240629405514 -0.029248145040920378 -0.9419622194567587 283.97239343899525
-0.9038072128068962 0.21748658310667776 -0.36855407777802646 -128.1815383592296 0.21112552904319082 0.9757340445403583 0.05804382233404197 54.10943583755743 0.3722345135320761 -0.025350749367521908 -0.9277924371550132 283.5410360972524
-0.8840029648371285 0.21667445368329383 -0.4142353670079517 -128.38237232529858 0.20888683961067014 0.9758014307735654 0.06463633604813702 54.14021529548872 0.4182165066046908 -0.02938960396649491 -0.9078717997504144 283.1927139379147
-0.8599741694090369 0.20996086969274488 -0.46514606431432154 -128.53509015286528 0.19972199860357498 0.9772147122291988 0.07185074444009976 54.16645505488733 0.46963342217417725 -0.03111011733614747 -0.882313215007175 282.91239835590125
-0.8315682872262372 0.21050755772265123 -0.5139851669272827 -128.7279843905218 0.19418083285256668 0.977184052218064 0.08605307805863889 54.1992637429788 0.5203729314946195 -0.02824705705603713 -0.8534718014881125 282.665474114046
-0.7979615224215241 0.21669645535893486 -0.5624055964956222 -128.94277967538267 0.19456089557545017 0.9757875442254049 0.09992360305468968 54.238528190179885 0.5704414664517302 -0.029686946111469183 -0.8208015707727231 282.43732785811693
-0.7624222944763085 0.21696847087355212 -0.6096203142385214 -129.14797371740622 0.18963828587636905 0.9756642982798712 0.11007496351086331 54.2760464565296 0.618667572623094 -0.0316837451832582 -0.7850137418388332 282.1994173506653
-0.7294341459238853 0.21615736386671586 -0.6490006323621604 -129.39551179958474 0.18386651882800406 0.9758006138363859 0.11834806838559911 54.322949096740025 0.6588770219201461 -0.03300236480501254 -0.7515263893589575 281.95307993353924
-0.6995411002249229 0.21664480759160668 -0.6809605542464998 -129.67492884260722 0.178554877036208 0.9757008350763122 0.12698833142446758 54.372345564491 0.6919251440601696 -0.03275527094959252 -0.7212258226397109 281.6719460287673
-0.6707657435823248 0.21947233716735484 -0.70845268752031 -130.0014237208013 0.1748062522988817 0.9750859353707697 0.13656570872415164 54.43086667354285 0.7207746467472812 -0.03223836007629326 -0.692419379239142 281.3789522591707
-0.6443448282826563 0.2227625272398133 -0.7315713216926466 -130.35463397954027 0.17165512553505982 0.9743531245938734 0.14550088134337089 54.48977748154716 0.7452209471981677 -0.031825226658831335 -0.6660577263309654 281.0872699474122
-0.6241970907831286 0.22164133515437945 -0.7491682790994711 -130.72501474066894 0.16798135038040435 0.9745616259700323 0.1483640896949856 54.549385107151956 0.7629942711333104 -0.033237866020995585 -0.6455501424987172 280.7909143050153
-0.6092767741273231 0.21804486934918274 -0.7623898264401888 -131.1414485101318 0.16355821763633355 0.9753330671007963 0.14823669472630077 54.61563740260896 0.7759062584827022 -0.034377945986493574 -0.6299108150183798 280.4583759287749
-0.5956170675406569 0.21555913593982887 -0.7738052518348163 -131.63784207418547 0.1600351040540221 0.9758528523593181 0.1486606067948071 54.695732404349215 0.7871652141226035 -0.03529120931699586 -0.6157316430233674 280.0687809710242
-0.5848428177222965 0.21638017887526614 -0.7817534756869029 -132.19138398093983 0.15950953439821733 0.975624570127165 0.15070967653156067 54.78594476615647 0.7953084854285826 -0.0365556610402721 -0.6051017242176712 279.64598500660344
-0.5800728783965368 0.21863854049490775 -0.7846735909657048 -132.80032755688094 0.1603540214000453 0.9751048319036352 0.1531572871887471 54.88770702686985 0.7986250957549405 -0.036983177370783354 -0.6006914357821069 279.18170243085905
-0.5793052555579336 0.22077792843174818 -0.7846416552798762 -133.45483153841425 0.1595325391009185 0.9747127060330248 0.15647526854359822 54.99704607091157 0.7993464767239351 -0.034528930119000684 -0.5998774567641831 278.6810581963096
-0.578605881052769 0.2206914729850122 -0.7851818312740402 -134.08872572049137 0.15888348465538452 0.9747517849467346 0.15689166978178345 55.10545723032585 0.7999820452453344 -0.03397398261698663 -0.599061345598452 278.200535256161
-0.5767598439833223 0.21981181184908183 -0.7867851356882375 -134.7485817210061 0.1586032632255285 0.9749231886364633 0.1561082353789321 55.22064175523509 0.8013695073201531 -0.03474972849582993 -0.5971594168284688 277.70433576925575
-0.5746732043726838 0.21805083937896036 -0.788799429273477 -135.4474830604393 0.15841627049329485 0.9752600627044695 0.15418202014719143 55.34084326360296 0.802904099764738 -0.03635438817810338 -0.5949986260834284 277.18007719369865
-0.5743566088598439 0.217216820325135 -0.7892599944421731 -136.15700265907685 0.15804581431315382 0.9754366709996619 0.15344321896776403 55.46205259772414 0.8032035896565142 -0.03660811162754491 -0.5945787077636999 276.6463894910456
-0.5737703828818373 0.21815912509342525 -0.7894264651416886 -136.8744398584416 0.1582707341139576 0.9752374815537111 0.15447404084765728 55.58388269608817 0.8035781993375979 -0.03631047660449654 -0.5940905880739856 276.1094190346199
-0.5720356525229906 0.22014846428576731 -0.7901328153641103 -137.57105882197797 0.16064991284557903 0.974721513620263 0.15527258736986083 55.70230310794454 0.8043424754078959 -0.038113312089624735 -0.5929422886725597 275.5933982716654
-0.5708444094854107 0.2212142831827627 -0.7906964658294545 -138.20501891965947 0.1626403626794009 0.9744042015525637 0.15519202435764395 55.81311120881478 0.8047886508809398 -0.04000866047053812 -0.5922115622820835 275.12221485345594
-0.5694154080429156 0.22272930813687322 -0.7913013006309229 -138.81709100154777 0.1650375138114445 0.9739701962874475 0.15538557133378927 55.92125467633857 0.8053128038956381 -0.04211546082687857 -0.5913523280085072 274.6670960437614
-0.5679805060578486 0.2226988865979176 -0.7923404259826192 -139.46935800207964 0.16645980773807317 0.9738849264133126 0.15439974906955073 56.035300866659625 0.8060330496611606 -0.044196787360441366 -0.5902180671929153 274.1813027327815
-0.566660155901759 0.2223500902846547 -0.7933830758617181 -140.1450369918257 0.1687774240586818 0.9738059824406088 0.1523682699612902 56.1524567158332 0.8064802842236798 -0.04756412422494831 -0.5893447253053192 273.68250983861753
-0.5655059137632378 0.22234854230467718 -0.7942066401345378 -140.82328899102436 0.16949335528668286 0.9737503724678701 0.15192832070534604 56.268216126832776 0.8071400522910909 -0.04869638440037477 -0.5883481946380577 273.1828213993761
-0.5651012217698945 0.2246048776600268 -0.7938597219191168 -141.52087587217898 0.17047981057142647 0.9732517401515584 0.15400546899215634 56.386353373914744 0.8072157353159687 -0.048308376326343 -0.5882763444462203 272.66795100542436
-0.5668576652980741 0.22686567194235133 -0.791962343919812 -142.23686537784334 0.17320259397063548 0.9726672875028641 0.1546583630576244 56.50474942226095 0.8054025383214638 -0.049500653692308924 -0.5906576305689897 272.1360988874667
-0.5694960639822293 0.2258633340131441 -0.7903543429735906 -142.96615575068967 0.17347661320317895 0.9728769685191588 0.15302375239330063 56.62439911037153 0.803479992146849 -0.04996156996570612 -0.5932316105420018 271.58765745190027
-0.5712367139314369 0.22298506910271054 -0.7899153597785484 -143.69406068445906 0.17276781842843425 0.9734940948417541 0.14986836965722072 56.743289123239485 0.8023963469335402 -0.05086163844679877 -0.5946202117000502 271.0356560178545
-0.5720882643734991 0.2218603196824201 -0.7896157396585585 -144.3725394069347 0.17219610104139343 0.9737532398610047 0.14883927790183235 56.850473764799844 0.8019124145143639 -0.05081954752465542 -0.5952762829452626 270.5226498036004
-0.5737796938157144 0.2217957891851281 -0.7884056638967607 -144.9872231579048 0.17085340918648312 0.9738688252120987 0.14962828559253993 56.94617302429227 0.8009906213771162 -0.04884812360523617 -0.596680723072352 270.05696856473264
-0.5749913965151703 0.22584581035007573 -0.786370500388241 -145.6117538835493 0.17050185759819841 0.9731202275719046 0.15481001016073886 57.047621398811934 0.8001962324886911 -0.045063207139768816 -0.5980428888241869 269.58363440748485
-0.5752271150742829 0.219853739672915 -0.7878947259851106 -146.2566094858472 0.1687117292045689 0.9743815512992329 0.14871766847454432 57.15508492715983 0.8004062209354195 -0.047380646254922075 -0.5975825933277694 269.0946654349463
-0.5737353900610908 0.21639555423705423 -0.78993712806646 -146.91878240866694 0.1707666869234189 0.9748751223624732 0.1430287888362055 57.275104434848956 0.8010408484145143 -0.05283426828480389 -0.5962735104515045 268.5986704856981
-0.5726572841996145 0.22239942073623212 -0.7890514130963274 -147.60386573569863 0.16966055624193876 0.9738122965800924 0.15134367077972655 57.395142059764495 0.802046713420606 -0.04720284615989177 -0.5953931145097379 268.08299492217435
-0.5713224747509139 0.22263966212185426 -0.7899507647282573 -148.2836906862882 0.17073887992580955 0.9736866440723886 0.150938908293156 57.51063753827048 0.8027694966341017 -0.048640518143992034 -0.594302309661094 267.57902154364496
-0.5711130160216883 0.22149107692141828 -0.7904249653033497 -148.94731718436287 0.1717414892397417 0.9738399459252791 0.1487972465940316 57.623989144630755 0.8027046678600568 -0.05076871639542798 -0.5942118760435813 267.08847143774443
-0.5722975045680696 0.22325772995571458 -0.789070055369092 -149.58987451003964 0.17067176612271678 0.9735834649273373 0.15167855836812588 57.72938663223125 0.8020889692008678 -0.04786671949383191 -0.5952831785387389 266.60946721030734
-0.5734060202966142 0.22110203201222423 -0.7888722503217264 -150.20424457645873 0.16978155779492088 0.9740610302036469 0.14959723283316534 57.830651015233535 0.8014859690102668 -0.04815600563455596 -0.5960715062817498 266.1495779014228
-0.5744393753052991 0.2198576702435538 -0.7884681407222074 -150.8140335754787 0.1692633829860257 0.9743390071651892 0.14836915547538676 57.9320632205382 0.8008553622714787 -0.04822969988948644 -0.5969125436524052 265.6915800902557
-0.575887731033285 0.22119324323613856 -0.787036765591045 -151.40966886221918 0.1683902008835203 0.9741530396818151 0.1505675779345866 58.03039645302653 0.7999987884314201 -0.04581925823666556 -0.5982495583641475 265.2400985257248
-0.577470792462765 0.22153442529629955 -0.7857798561054264 -151.99911730157376 0.16795195313128372 0.9741295619745536 0.15120759877285098 58.12960059948998 0.798949075530982 -0.04465528967437524 -0.5997385095291801 264.7925826580363
-0.5788735327151779 0.2203243592978866 -0.7850876446753101 -152.60497526906335 0.16535852284379696 0.9745182952751898 0.15156071752553646 58.2342665549103 0.7984747911141372 -0.04208644525157041 -0.600555358881525 264.3276836919262
-0.5802344392392261 0.21840165953248464 -0.7846201059329272 -153.19544867318493 0.16151462415521084 0.9750974856692469 0.15197999745201282 58.33579306171191 0.798273776159996 -0.03854359291723064 -0.601060204755137 263.8704147681942
-0.5806629337183661 0.21608549820867695 -0.7849443387078404 -153.747974397861 0.15804048334240225 0.9757115824523065 0.15169084841649402 58.432169722192846 0.7986574754113793 -0.0359717296265199 -0.6007098065099273 263.44113263222215
-0.5801002567534659 0.21490774143091668 -0.7856833680227842 -154.31849683065013 0.15634237741382045 0.9760094821068711 0.15153399573056772 58.53238828248758 0.7994002458963564 -0.03493069582099865 -0.5997825383839559 263.00158456111353
-0.5794864621622493 0.21439047906396888 -0.7862774082074356 -154.91807253841762 0.15375449397919724 0.976213427423896 0.15286235540017945 58.63734642043206 0.8003467971772479 -0.03231201949757047 -0.598665964995594 262.5393840734737
-0.5777345215858473 0.2160034004843502 -0.7871247382385907 -155.49179967562435 0.1532646577924671 0.9759032981548951 0.1553148329109491 58.73896967994863 0.801706160160771 -0.030907662959129736 -0.5969187123308105 262.1008470494692
-0.5752928658657834 0.2152393449319308 -0.7891198533031644 -156.033541341878 0.15232597855127772 0.9760714364359415 0.15518165881402776 58.83566767369281 0.803638547322319 -0.03092855261971688 -0.5943134777964557 261.69001701451674
-0.5725883839323378 0.21352055681045612 -0.7915500706873237 -156.5624406913457 0.15218967708517142 0.9763913851544455 0.15329111254373 58.931297885678056 0.805593473641925 -0.03269303925204384 -0.5915659899030686 261.29309117184715
-0.5698241539035915 0.21309717338081618 -0.7936561146524123 -157.0409937817886 0.15061624667321363 0.97651491348891 0.15405638568985175 59.015615586853805 0.8078460124715152 -0.031752455509026806 -0.5885376807843453 260.9386503638312
-0.5650092778237522 0.2143134106306883 -0.7967648825073333 -157.44747906009766 0.14960514051300586 0.9762801522036508 0.1565099560580729 59.08565815187522 0.8114079232452464 -0.03077054495873914 -0.583669731661472 260.64522621636826
-0.5579896913854209 0.21449080179502328 -0.8016490505532528 -157.8344068672485 0.1473003924297907 0.9762792697563436 0.15868642611783154 59.149360929996256 0.8166701284469943 -0.02953782980091891 -0.5763483477143123 260.3720824663207
-0.5498180749143218 0.2146372314359782 -0.8072366092906147 -158.21924612591937 0.14610014112576908 0.9762350688791595 0.1600619850355891 59.214403463089205 0.822407948198786 -0.02993241006001342 -0.5681102160386293 260.1086873695172
-0.5414915570530774 0.21489986074090817 -0.8127760721710335 -158.5854558182023 0.14482235943033742 0.9761692386853177 0.16161714529578103 59.27687752988295 0.8281385016102449 -0.030193828807645248 -0.5597097058767778 259.86831919417
-0.5325905777983051 0.21475625086053726 -0.8186739455710036 -158.96199043396996 0.14343678697872822 0.9761837085582722 0.1627613445712385 59.339957421455196 0.8341301844326723 -0.030742801787477896 -0.5507101919853744 259.628278289962
-0.5236611628444723 0.21566885051492332 -0.8241759117117825 -159.3382524436365 0.14205667555565998 0.9759868292320812 0.16513512677677794 59.40302109404714 0.8399993377726238 -0.030604837576433935 -0.5417235978416204 259.39238050600517
-0.5139216982665862 0.21642083640927873 -0.8300882541144028 -159.71336231654755 0.14202863019193948 0.9757642524562956 0.16646919184704426 59.464284850209836 0.8459978464846034 -0.032344167887187907 -0.532204376670368 259.16737912902676
-0.5023067076365277 0.21784754978819842 -0.8367977154095435 -160.0775239178765 0.1444679300373097 0.9752844481982408 0.16718032866754412 59.52376953965333 0.8525356230997531 -0.03691463333057964 -0.5213639047651659 258.9628138272694
-0.4908531444610165 0.21993911396644145 -0.843024303754281 -160.40641180709437 0.14300221911920077 0.9748272194347177 0.1710621453629085 59.576054437527205 0.859426294628989 -0.03658795425865 -0.5099487873340317 258.7817445930537
-0.4782273687788479 0.21973705612883873 -0.8503024226207359 -160.71469936191403 0.13829718702184243 0.9749558964216033 0.17416913645819546 59.62396818994403 0.867278773989484 -0.034301985315418504 -0.4966396097682047 258.6144906331733
-0.4647286142092643 0.21931578246090022 -0.857862403126924 -160.99026519041223 0.13660339645984845 0.9749991540060726 0.1752602686380344 59.66939560072681 0.8748524602530231 -0.0357384561922482 -0.48306928647785485 258.4782013674603
-0.4512467683621494 0.21666145070261328 -0.8656986599401416 -161.24484170310708 0.1354069033494533 0.9754712357919314 0.1735535613805544 59.71247137175244 0.8820665080185426 -0.03890609106554865 -0.46951569889618183 258.35928335122327
-0.4366961564278086 0.2185581633383188 -0.8726561729566582 -161.50825756594176 0.13518816001488237 0.9749671591453314 0.1765310170476356 59.757350202145645 0.8893934047163643 -0.04088236571264489 -0.4553108870000448 258.2433363058362
-0.42179206104828443 0.21886525657427436 -0.8798803649936272 -161.7406771876429 0.13382841131603157 0.9748275491525843 0.1783289256901219 59.7957693619499 0.8967616258299996 -0.042535266283904014 -0.4404649107033267 258.14829608264483
-0.40674727218900286 0.21751825851538564 -0.8872668503777431 -161.9722946766758 0.13102631054570563 0.9750884515128337 0.17898217137772293 59.835273243873196 0.9040955494368847 -0.04345479189615065 -0.4251151826854415 258.05724487750416
-0.39090946473259386 0.2146084130440928 -0.8950603440177507 -162.2089499817788 0.1272759941258457 0.9756996109251139 0.17835663867616217 59.87585136378578 0.9115868645947854 -0.044198396931077265 -0.4087247117644931 257.96875840483244
-0.3712178240495851 0.21124346824161766 -0.9041977240809363 -162.4655824938027 0.12335945576576514 0.9763661496912159 0.17745868930634096 59.91689973763976 0.9203150394191449 -0.04566551064427635 -0.3885033968404031 257.88437223346773
-0.34418747796165655 0.21105455805870516 -0.9148720968184787 -162.7591030012334 0.11930431895521454 0.9763401262569418 0.18035087285403284 59.96375913336222 0.9312902122824138 -0.0470736803662446 -0.36122376600072953 257.80254947709824
-0.31107437709240865 0.21295141894735467 -0.9262205056491025 -163.08034180716007 0.1136389249613248 0.9759157948046061 0.18621105279904393 60.01352587371742 0.943567128852103 -0.047329215281914326 -0.3277819682816517 257.73001207771296
-0.27071874475523844 0.21614509619385733 -0.9380792389928995 -163.4451374581585 0.1051281373508999 0.9752771791531 0.19437720689500285 60.072281699208084 0.956900954109293 -0.04599696962322862 -0.28674874508914827 257.6646397065844
-0.2234922453431361 0.21776708317741425 -0.950067741666817 -163.86205596761758 0.09158054074226274 0.9751022184427636 0.2019620462991899 60.14398157204669 0.9703938483053337 -0.041870766322127 -0.23787101147209938 257.595866191345
-0.1705432421872858 0.21950287250563016 -0.9605901787474338 -164.27986402115252 0.0783237559506808 0.9748070388600184 0.20884593901424323 60.22216004261258 0.9822323512275614 -0.039619767171697524 -0.18343904233077965 257.5579896492873
-0.11317227860325801 0.22187101018820635 -0.9684860815694836 -164.654535114751 0.06481327403111546 0.974320907477317 0.21563396940636512 60.296786540771045 0.9914591644970107 -0.038366966138100485 -0.12464630377289108 257.56995137173493
-0.05351599091069031 0.22292433655507154 -0.9733656963794898 -165.01608391796663 0.05384749455693057 0.9739885065208234 0.22010642084064172 60.37284620685367 0.9971140787526694 -0.040634090820605005 -0.06412787706134228 257.6295029607193
0.005432903150075195 0.22419986960907617 -0.9745280406589828 -165.35415392090664 0.03995495983516025 0.9737155415890629 0.22423569129933082 60.44776909028288 0.9991867116549985 -0.04015547951638635 -0.00366779455210305 257.7038946446202
0.06359124777888489 0.2257658074363346 -0.9721038799421312 -165.6405274725458 0.0275067760680166 0.9733087997980646 0.22784502958369574 60.51656456197768 0.9975968777398339 -0.0412283934718623 0.05568383154436081 257.7927129258393
0.1122703393404385 0.22764431646760397 -0.9672504515813789 -165.98868185713724 0.016905836824744003 0.9728261287675626 0.23091885126245834 60.601251385475074 0.9935338764157138 -0.04227751609443503 0.10537100192769677 257.87463884611014
0.14755880961570864 0.22934496458405038 -0.9620952577186612 -166.48048969265534 0.006898699162067854 0.9724812818133357 0.2328788622279041 60.71604802841234 0.9890292238628056 -0.04100053344326317 0.14191599840293287 257.96783551757
0.1708232716901221 0.2303999286096182 -0.9579850117542378 -167.06745797109892 0.0013006050449027482 0.9722222539947567 0.2340559703657912 60.85163911505468 0.9853008262838295 -0.04122816675571933 0.16577852692783335 258.08026628444463
0.18722725739341195 0.2313551787305211 -0.954683578660234 -167.70723329169192 -0.003325971925009277 0.9720132411665742 0.2349025263968134 60.99983621133297 0.9823109955608216 -0.040804904992167434 0.18275685412286097 258.20791002292196
0.1997601792165595 0.2315512542361476 -0.9520923733866564 -168.40618112798143 -0.007457618446232787 0.9720078354828782 0.23483004851807343 61.162241014965126 0.9798164393020133 -0.03980935093111767 0.19589528032079856 258.35445907612075
0.20808829239815388 0.23303299509391937 -0.9499446751071239 -169.1677249635461 -0.008258476251331023 0.971588263963596 0.23653338643458433 61.33828548382779 0.9780751812293491 -0.04137473293887461 0.20410064021803004 258.52038103988536
0.21161030595344013 0.23384628610728667 -0.9489662759487937 -169.94312663303637 -0.009626035249710972 0.9714059640478038 0.23722940892252106 61.51882130384412 0.9773067163688481 -0.04106540498017825 0.2078105258502339 258.6899188817524
0.21290794315527836 0.23449322891230617 -0.948516279952891 -170.7454905458706 -0.010131212064057114 0.9712515634158575 0.23783977611906343 61.705872717525736 0.9770197368955754 -0.04102835795560823 0.20916287328291358 258.8682849181072
0.21284917842356513 0.23501568479755397 -0.948400155600763 -171.605030870365 -0.010848714642353615 0.97115096561571 0.23821861256896687 61.90622663810848 0.9770248372661873 -0.04041571331562957 0.20925830325740066 259.0587583157215
0.21220592736279914 0.23472833222873105 -0.9486154407562709 -172.45179685065173 -0.010907810825056137 0.9712321740584944 0.23788460172238143 62.10238802373566 0.9771640926963582 -0.04013320474033128 0.2086615964239011 259.24547732883025
0.21119787417534092 0.2334075283856689 -0.9491661517546395 -173.28934517589946 -0.010076381533660334 0.9715385721703571 0.23666700091134912 62.2960066687156 0.9773913875612996 -0.04041940719601437 0.20753878443056697 259.42986413537477
0.20957965970133283 0.2329577725215052 -0.9496352154702844 -174.16534140749846 -0.008820446363021234 0.9716150389239755 0.2364030792158158 62.49823575320615 0.9777517915940775 -0.04116907041190599 0.20568554075575773 259.6221283945005
0.20706816069591197 0.23314918122688577 -0.950139061463766 -175.134434148759 -0.0076445362992973815 0.9715440336068699 0.2367356158833365 62.71888330163585 0.9782966512723932 -0.04175703600743615 0.20295815345310111 259.8297013880095
0.20466760185111502 0.2338437798596488 -0.9504884320040233 -176.17974379822314 -0.007712616880361273 0.9713990642030219 0.23732756604817506 62.9582807302817 0.9788011484940994 -0.04124251067097959 0.20061746439476166 260.0477099214342
0.20229248666936994 0.2341869232346069 -0.9509123171055428 -177.19444260588324 -0.008445832524624667 0.9713684120493427 0.23742804380633983 63.19169965732201 0.9792887305335881 -0.03999866321075222 0.1984784350786342 260.25578677086685
0.2005651675412062 0.23524803064313374 -0.9510162867415554 -178.20985214145173 -0.008573216120089074 0.9711256890602846 0.2384143368435428 63.427154815858266 0.9796428499889763 -0.03966434325329061 0.1967908187384731 260.46323214720996
0.19923855709558078 0.2362374752548607 -0.9510498686460565 -179.251700663056 -0.00888713731344432 0.9709032337479542 0.23930718645318239 63.6697648947594 0.9799107184620652 -0.039227107756944324 0.19554083425254598 260.6741599376271
0.19703854861287276 0.2362942182836184 -0.9514940108935356 -180.28569229450648 -0.00888255581130047 0.9709107764711234 0.2392767525993697 63.91003892813098 0.980355502133175 -0.03869504539310111 0.19340574681025824 260.88083073922314
0.19567801964064394 0.23712856803956633 -0.951567209843331 -181.34458870596657 -0.009644195280941773 0.9707437410524528 0.23992411030338778 64.15320238448714 0.9806207738605667 -0.0377707747735402 0.1922401270445566 261.08955784574005
0.19425884774959132 0.23794473904638688 -0.9516542445821115 -182.44353953288788 -0.010026894011987933 0.9705659869245689 0.2406265289231651 64.4060665350845 0.9808990577360502 -0.03720169600011434 0.1909268769640388 261.3047026120806
0.19330730827681145 0.23829595040621726 -0.9517601192457964 -183.51750858129816 -0.009393100009149384 0.9704621108327887 0.24107065584634574 64.65686107597655 0.981093295379695 -0.03766074160138682 0.1898357561236588 261.5149138250659
0.19376839755694544 0.24000897442321048 -0.9512357753493786 -184.5245716150728 -0.01034853440662411 0.9700586489775318 0.24265021199150347 64.89154963114159 0.9809927196181661 -0.037174046594431784 0.19045045107834782 261.71166013392667
0.19450230236946398 0.24108027109091792 -0.9508149963393028 -185.47903247956884 -0.012548293835968562 0.9698593605634708 0.24334206592618315 65.11386377784606 0.9808217955851007 -0.03539948612827343 0.1916650246838738 261.8976618015143
0.19508525421046055 0.2403491944287953 -0.9508806488340533 -186.39445381336583 -0.014039261401763642 0.9700935001988513 0.24232519475125838 65.32783198313841 0.9806858022470449 -0.03392441022878857 0.19262526226249635 262.0796704450337
0.1955993679961219 0.24223272142444224 -0.9502968988220615 -187.31883428054317 -0.014739878131953684 0.9696311982386784 0.2441271705379819 65.54679962540463 0.9805731095803973 -0.03374385979009988 0.19322973035817448 262.26570367745893
0.19730678593299353 0.2453350946845481 -0.9491473666090617 -188.246739046022 -0.015191425615624183 0.9688289471045534 0.2472644168497531 65.76820525339774 0.980224082958868 -0.03436804574611342 0.19488351551384686 262.4544578870861
0.19907544428568322 0.24492508575453278 -0.9488839074673958 -189.18863582315933 -0.016379273912266738 0.9689608626574243 0.246670967128861 65.99363575501165 0.979847277318543 -0.03356410294220656 0.19690800929652336 262.64819339720077
0.2000495551974169 0.2433428791267578 -0.9490860965389898 -190.21381207329014 -0.015890277396754093 0.9693453382106046 0.2451879164510827 66.23916401541612 0.9796569167568648 -0.03396849227841327 0.19778388959356896 262.8601246558554
0.2004464673425877 0.24175905133566047 -0.9494070648711012 -191.29053287124165 -0.014243843412984762 0.9696914909048538 0.24391704612746637 66.49474550547181 0.9796011058868298 -0.03536910465368406 0.19781481183494073 263.08350301218843
0.20041748053206102 0.23978719110767732 -0.9499131204893804 -192.36176639921706 -0.0128707829358828 0.9701461894450997 0.24217909499329326 66.7477152174547 0.979626039080115 -0.036310798474324446 0.19752050392391726 263.3067925826963
0.19954984931056147 0.24143179272631857 -0.9496791811454482 -193.43204649138806 -0.01324100745211722 0.9697473612348538 0.24375137148268744 67.00023677648244 0.979798210532037 -0.03606584033394534 0.19670973997039576 263.5243882239446
0.19832999778295762 0.24234028951014616 -0.9497033200213378 -194.51983689581567 -0.01378934883603729 0.9695452444534849 0.24452376738532058 67.2541860217034 0.9800382981486421 -0.03540060787289392 0.1956316209720173 263.7434852074823
0.19718527515170228 0.24024106179260615 -0.950474723226299 -195.64132445760765 -0.013475428679515178 0.9700824376142111 0.24240147906804055 67.51756127089199 0.9802736251094627 -0.03498994800269308 0.1945233236748684 263.9690622289851
0.19621852508435345 0.24107857418370385 -0.9504627354521976 -196.78751167167295 -0.01297163651750508 0.9698592189521842 0.2433204308304524 67.78797219887768 0.9804743887831926 -0.03541491893272114 0.19343152911872888 264.1983284616315
0.19461141584826286 0.24247455985249425 -0.9504380488205818 -197.91777146376268 -0.012965910942876932 0.9695155045977834 0.24468668026259008 68.05413583718912 0.9807947195896562 -0.03529552618738429 0.19182268858557727 264.4218275086252
0.1928736268646158 0.2414455386724296 -0.9510540552015276 -199.0266192866676 -0.011885247560648154 0.9697568917265617 0.24378332969926367 68.31772423024519 0.9811516217947701 -0.03571586207860072 0.18991016888379328 264.6411883799331
0.19142143973964243 0.2412334745189516 -0.9514011999043925 -200.15600488306015 -0.011717810264028586 0.9698186331695698 0.24354570757811264 68.58400086509644 0.9814379885304091 -0.035471531241563284 0.18847080713139558 264.86140787737435
0.19113521131983513 0.24236924906042998 -0.9511700574048819 -201.2976155271229 -0.011894053645968733 0.969536211842467 0.24465907997461697 68.85053634002632 0.9814916517635724 -0.03544969726305185 0.18819526158319916 265.08371058782177
0.1913224252875336 0.24345090447394158 -0.9508561335411982 -202.4558742305094 -0.012152486467961188 0.9692649324248478 0.24571896110007754 69.1195371386505 0.9814520093487706 -0.03545628128096247 0.1884006514399106 265.30899587285
0.19110369385701156 0.243957441800747 -0.9507702902301071 -203.65252447895475 -0.011740979204112042 0.9691209685125769 0.24630610588569257 69.39715242355982 0.9814996319925604 -0.03590703244881262 0.18806689612790783 265.5426761233908
0.191068315441345 0.24340922471303983 -0.9509178976962233 -204.85048936861338 -0.011584207647151701 0.9692574223584971 0.24577602677264915 69.68161007698342 0.981508382525382 -0.035944381029010784 0.18801408592136523 265.7744973465429
0.19182717557359516 0.2437166807829504 -0.9506863385047667 -206.03094711361118 -0.011719830920176238 0.9691756704810625 0.24609178229023798 69.96742303018995 0.9813587418852785 -0.03606520838321095 0.1887705497942292 266.0018637807518
0.19233365618464696 0.24333325624546748 -0.9506822240389398 -207.1858725982928 -0.011494371752721697 0.9692617051473936 0.2457633543732212 70.24629306470223 0.9812622708107416 -0.03634106960099665 0.18921861045784802 266.22676879505605
0.1927130082411346 0.24791827227963417 -0.9494199422408057 -208.3315309067809 -0.01127870137515082 0.968052363792587 0.2504943349676301 70.52049743916078 0.9811903420590418 -0.037565292830827234 0.18935247931989485 266.45291018230193
0.19232802742801214 0.24974526539065373 -0.949019089523811 -209.48372267189248 -0.01141892064470031 0.9675777643943317 0.25231503740557665 70.79521224515058 0.9812642549878992 -0.0376904797610613 0.18894414417605204 266.67896686495845
0.19092020567648088 0.24859102026555607 -0.9496062234988678 -210.64894280673056 -0.010841687890934098 0.9678760392495085 0.251194009582951 71.07764294285222 0.9815456855735869 -0.03766267767981336 0.18748223873706074 266.90832138520955
0.1898031626324386 0.24937345594111557 -0.9496249991058103 -211.8172902008308 -0.009506528517206979 0.9676281634014122 0.25220103748391215 71.36143371372299 0.9817761381141183 -0.03884091739897645 0.1860295615361437 267.1402623904259
0.18909122379017138 0.2501647443039968 -0.9495589027505629 -212.97702304967132 -0.00835342098009806 0.9673789284196457 0.25319602920975576 71.64125466973131 0.9819239937202173 -0.03994508176200901 0.1850125968672442 267.3678627917323
0.18875020122433456 0.24823381597356098 -0.9501333244050432 -214.125380783244 -0.008192470934125553 0.9678888113720979 0.25124516361653837 71.9160435312409 0.9819909597128496 -0.03963863554552985 0.1847228562314949 267.5889018888302
0.18872080068060365 0.2464436311555582 -0.950605068392409 -215.22968104070105 -0.008742275018317766 0.9683825098065076 0.24931684124493733 72.18092470199242 0.9819918696292615 -0.038740822961210085 0.18490840061585032 267.80007110965835
0.18933082018268302 0.24634410146703498 -0.9505095602892975 -216.29519823749757 -0.009280228485008203 0.968423444084241 0.2491383356837786 72.43296770975742 0.9818695014553692 -0.038348619537288804 0.18563853450015505 268.0043440954636
0.1899107116489864 0.24615766470173553 -0.9504421737852153 -217.3562260894124 -0.010948857217949186 0.9685303257152885 0.24865464141145258 72.68405453324898 0.9817403139968294 -0.036815924250580674 0.18662942853413708 268.20740459621805
0.19009383976942792 0.24616447544018025 -0.9504038000307964 -218.42205803342185 -0.011757829931726851 0.9685567953091725 0.24851456234136968 72.93696736968943 0.9816955156854943 -0.036066401146860556 0.18701104029254972 268.4123807631039
0.1898381111975415 0.2455754860154326 -0.9506072649655251 -219.5032621622872 -0.01220264612826905 0.9687292073724489 0.24782013277983553 73.19527163262623 0.981739571864359 -0.03544578186231168 0.18689839374310008 268.6210429358013
0.18955382742586988 0.2455219124496914 -0.9506778302954433 -220.59823122777013 -0.011928313508780802 0.9687359249265745 0.24780722970383826 73.45746439500833 0.9817978721941888 -0.03563282564855245 0.18655626467974654 268.83413819400624
0.19010479506645953 0.2457077018749443 -0.9505198010205127 -221.6516072870955 -0.011261392148523851 0.9686576914454497 0.24814402642507752 73.70938649676454 0.9816992145966164 -0.03646919306627638 0.18691348270651217 269.0412535604704
0.1906419658600085 0.2462627664416291 -0.9502685361083725 -222.65612808747932 -0.011548276506157005 0.9685180505001397 0.24867533686545307 73.94837391065666 0.98159170644559 -0.03643399127084905 0.1874840956382876 269.23815837354607
0.19136837847428095 0.24705292494890638 -0.9499173627186296 -223.6472860930013 -0.012528030265205528 0.9683400191518946 0.2493203877876472 74.18397448511004 0.9814383282600059 -0.03581144486191752 0.18840474579771857 269.4307690562728
0.19227429829605916 0.2486515411832706 -0.9493171257709113 -224.6050646975474 -0.012959830992478834 0.9679260376060594 0.2509008340059468 74.4127241026142 0.9812556430387551 -0.035938792292132433 0.18932978163294353 269.6179213599387
0.19191399409728574 0.24966215017384 -0.9491247703227452 -225.4904575708576 -0.011357624545009368 0.9676017281264446 0.2522258910013254 74.6263885646923 0.9813460262488038 -0.03762587536911678 0.18853188130495513 269.7937294570064
0.18590061397590912 0.24937281444950815 -0.950396844027227 -226.31578142113204 -0.007477109176937379 0.9675885717892622 0.2524211730049047 74.82425233256436 0.9825401032842032 -0.03981903007792242 0.18173989733109494 269.95484318149045
0.17243322131709277 0.2496581809108261 -0.9528575847893062 -227.09059587324606 -0.0030624279548035526 0.9674784769442193 0.2529348101482188 75.00825833893931 0.9850164494673319 -0.04069630639247903 0.1675899905268121 270.09169608048614
0.15054915185846784 0.2504338287790432 -0.9563565497646612 -227.76078732117344 0.0026501587419970026 0.967276553773726 0.25371055393551645 75.16478299896912 0.9885989730590129 -0.04073040538335873 0.1449589753825846 270.18807146813344
0.12021491239882065 0.25021637911821654 -0.9606977352205609 -228.35895983481797 0.012128994951834513 0.9672733003553159 0.25344673977227145 75.30127984170034 0.992673794515801 -0.0421203756002191 0.11324580186874039 270.2514352126749
0.08081026664810972 0.2501044352757691 -0.9648406460445436 -228.92960511051004 0.020331495345162633 0.967391479681967 0.25246852345542853 75.43044872932991 0.9965221177180602 -0.04001870180456583 0.07309016626459458 270.27991536352175
0.033387377660589995 0.2515922926119987 -0.9672572570475704 -229.45651757300183 0.0287412198745182 0.9671548644972379 0.2525577366850095 75.55160716330722 0.9990291413632888 -0.036232394035833615 0.025059695316549814 270.27065169820605
-0.017520899898608115 0.2542864317107537 -0.9669702315555309 -229.9500573631872 0.03812151511123274 0.9665853788856131 0.2534944879285942 75.66530177139681 0.9991194964329158 -0.03242091874651035 -0.026629229715956465 270.22823230449376
-0.06838918499049072 0.25692292380100334 -0.9640090925929495 -230.40497317471082 0.047197368089758024 0.9660227036567088 0.2541112836242867 75.76988910317846 0.9965416839358665 -0.028120228401030452 -0.0781915911907258 270.161896949694
-0.1182418734070174 0.26032987705097144 -0.9582521664404556 -230.87574153985548 0.05477764279817967 0.9652625685614922 0.25547521128975637 75.87875832683429 0.9914727778525592 -0.02228292729190249 -0.12839471145117276 270.0645794823827
-0.16729162907852055 0.26369778856839216 -0.9499878878935226 -231.37632091103637 0.06438478056038095 0.9644321912206616 0.2563691646230197 75.99398330106278 0.9838028821224518 -0.018276346501759654 -0.17831955665630542 269.94423838677886
-0.21577974911479442 0.2644747444365006 -0.9399426628402426 -231.8289375686433 0.07590460524740722 0.9642503900335415 0.2538891022127546 76.10096272619808 0.9734873346757976 -0.016561849999636596 -0.2281405583196416 269.81446223486506
-0.2642263352228918 0.26570988305738236 -0.9271368301498513 -232.22306773973668 0.08694252954739115 0.9639490486438903 0.25148206332547934 76.19494484127644 0.9605339350229007 -0.014159437282995199 -0.27780221382351816 269.6675637318581
-0.3136193382478849 0.267213480688123 -0.9111749922026497 -232.6095716115645 0.0972683621383212 0.9635800955751695 0.24910292077427842 76.28651680039503 0.9445537445820035 -0.010505005944104636 -0.32818876953093146 269.4938735927802
-0.36399276857942203 0.26744935343974424 -0.8921771728566877 -232.98867745445153 0.11043454099985525 0.9635221577761337 0.24378117980798988 76.37794795636017 0.9248315936299083 -0.009792590009108497 -0.38025074438437917 269.3074794983544
-0.40896546933380545 0.2661011636050816 -0.8728902655091325 -233.37746807609733 0.12029428382355498 0.9639129088001764 0.23748934613527767 76.47448247115962 0.9045863862406706 -0.007878767441981257 -0.42621754404486484 269.0868794385128
-0.4448692157104159 0.26466331873564003 -0.8555961130282433 -233.8106707314075 0.12640632909165364 0.9643294808149071 0.23257276796053628 76.57900444493487 0.886630036079745 -0.004688298954783336 -0.46245561838314575 268.8256149961163
-0.47033011399310565 0.2613610603265328 -0.8428997449378098 -234.36644372136666 0.1325890264075374 0.9652237386754997 0.22530708904424904 76.71512538342299 0.8724733428291844 -0.005790547666829183 -0.48862739956963497 268.4887738823205
-0.4867760007812728 0.2547397112865948 -0.8355577805017524 -235.0261321798175 0.13555279821695954 0.9669749023785758 0.21583553244426043 76.87405815290444 0.8629452844525779 -0.008198637909250683 -0.5052308565175819 268.0802038184923
-0.49759265795009633 0.2542009322221529 -0.8293270963929424 -235.69276969058686 0.1381322693309541 0.9671158756921515 0.21355645425433722 77.03273773110774 0.856341650816797 -0.008292710147594095 -0.5163431107652815 267.6626459101809
-0.503580102169194 0.2572927395772629 -0.8247469471662765 -236.36665857685867 0.14036888341458945 0.9663072554295737 0.2157472240217868 77.18732373085172 0.8524691532649163 -0.007122798957710096 -0.5227290009811981 267.2387744560076
-0.5047906381648208 0.257211984843154 -0.8240317994314297 -236.9789457777382 0.1422551376988297 0.9663135093242844 0.21448001654157528 77.32663714092389 0.8514398906672379 -0.008955252672709205 -0.5243757393607439 266.8538110669121
-0.5042175482583912 0.25794544640088163 -0.8241533902795941 -237.5365914836783 0.1452126264513989 0.9660847871114406 0.21352629166201154 77.45467377935803 0.8512801872165132 -0.012013775130798926 -0.5245738385201094 266.5042720206721
-0.5041705644777353 0.257865257444155 -0.8242072257129657 -238.1158099832329 0.14549003150300008 0.966101398182606 0.21326213719943687 77.58802918294303 0.8512606490655233 -0.012393443140411235 -0.5245967116935316 266.13621207962325
-0.5039199451172488 0.25917054750870333 -0.8239510399393097 -238.70955396451416 0.14791502899347264 0.9657243999490405 0.21330149446482416 77.72716487780535 0.850991088737648 -0.014387864577683474 -0.524983005669711 265.7620414878523
-0.5048107988777819 0.26024503383182757 -0.8230665706382738 -239.2835872434805 0.1507497487883504 0.9653988900838084 0.21278979361144534 77.86078328201486 0.8499650407967514 -0.016658493053776684 -0.5265756584124935 265.39746193865966
-0.5075177658700062 0.2613278073497028 -0.8210563284160937 -239.82801185203766 0.153200689426953 0.9650831327175801 0.21247139972977416 77.98719810425926 0.8479122985812991 -0.017953385469580183 -0.5298324356480599 265.0452118652687
-0.5131350036393038 0.2629623487049207 -0.8170332130358505 -240.3689601649443 0.15614573335689347 0.9646270388253162 0.21239864858690014 78.11344944421226 0.8439851764068657 -0.018587068910799594 -0.5360443478619789 264.68727140579864
-0.5221013775306808 0.2644529054046897 -0.8108482055252919 -240.9127186997565 0.15733308394696352 0.9642613338607626 0.21318156748837927 78.2412194202973 0.8382460571194488 -0.016270858738322826 -0.5450493618743286 264.31399082884695
-0.5323061741171741 0.263662980768443 -0.8044451314844528 -241.46145711271345 0.15847751339293523 0.9644977045731309 0.2112559007979548 78.37116793330648 0.8315858432810936 -0.01503364378527226 -0.5551927366320702 263.9282121561719
-0.5410328118613769 0.2596531264593958 -0.7999148394730748 -242.02226364749663 0.15932874268701513 0.9655663811549147 0.20565970761716698 78.50346664512206 0.8257710628516511 -0.016180775731226026 -0.5637733004085839 263.5298283882033
-0.5467727084893236 0.2583657525191246 -0.7964212096475569 -242.6396273227917 0.1558144262918015 0.965981781791616 0.2064002466230434 78.64502229207655 0.8226551341908738 -0.011239891988910808 -0.56842958668376 263.08788813727494
-0.5480829060224611 0.25805944178317825 -0.795619540127397 -243.27499316258508 0.15286564648161466 0.9660991899674436 0.2080491510917766 78.78756142080948 0.8223364410335534 -0.007594712029092468 -0.5689508749421708 262.6357945812783
-0.545545568272023 0.25696952016008695 -0.7977134188713716 -243.89672993360168 0.15061780260907884 0.9663975732121023 0.2083026836768403 78.9286859382647 0.8244357527885159 -0.0065112363231123495 -0.5659180977187204 262.2020196911357
-0.5392966898723576 0.255777346031998 -0.8023322438675562 -244.54348335591334 0.1478976410797682 0.9667166388334807 0.20877075457434013 79.07824626963541 0.829026759553488 -0.006073669346152847 -0.5591759494872022 261.760098036471
-0.5303940364054986 0.2574100445823048 -0.8077265843672724 -245.23491121433275 0.14567079854176176 0.9662889828906772 0.2122866458265981 79.239777814096 0.8351420146284623 -0.005066605593236371 -0.5500110407165234 261.296744900098
-0.5206744199919464 0.25841493808639565 -0.8137074831534097 -245.93878762419376 0.1437936942739953 0.9660201387817108 0.21477538256327883 79.40476336550573 0.8415589829911422 -0.005177957316339958 -0.5401404140637338 260.84009591342704
-0.5101679956449654 0.2575356589571142 -0.8206119671227842 -246.63713785308465 0.14109474930466315 0.9662512056826228 0.215524660388397 79.57002476464548 0.8484225880646102 -0.005830255775185366 -0.5292873701301986 260.3968477868048
-0.5000995024411127 0.2587937665039398 -0.8263935346291486 -247.34960317750387 0.13764768741790104 0.9659237522257972 0.21919037167390024 79.73761572382517 0.8549582456510106 -0.004134163124807363 -0.5186803513616078 259.95636528155933
-0.49200417361530796 0.2591796101854938 -0.8311184168391501 -248.06625004293645 0.13572895270676053 0.9658202074102246 0.22083699498770265 79.90825869328411 0.8599474080094912 -0.0041541090702661605 -0.510365750061255 259.5232979126799
-0.48740126982358034 0.25770808461646055 -0.8342820538029561 -248.83807344502495 0.1350880021738353 0.9662060205985082 0.2195385101249412 80.09348634725559 0.8626651922055519 -0.0056981472876522325 -0.5057433116457832 259.05959147954474
-0.4867841846875588 0.2565588365256101 -0.834996240074586 -249.65969083913888 0.1361971625235508 0.9664969984090581 0.21756351943011198 80.29031855534038 0.8628392031303402 -0.00781763819244932 -0.5054180389286563 258.56695833552516
-0.4878856637452838 0.2571076342081129 -0.8341841784304788 -250.44952868409544 0.1371909108871895 0.9663473298500986 0.21760397988439933 80.47510353117733 0.8620592978918362 -0.00827662512704365 -0.5067398389654578 258.092071030772
-0.48997869279179296 0.2590115479696982 -0.832366444919777 -251.1863172954464 0.1375934929111865 0.9658492046806494 0.21955260081870667 80.64731788224492 0.8608071278274497 -0.006952110190390638 -0.5088838343329001 257.6458676953521
-0.4917557792224343 0.25973000704149857 -0.8310936030577791 -251.90892474768867 0.13622139957578375 0.9656710517086693 0.2211857820690323 80.81390353168528 0.860011618467419 -0.004443347172731076 -0.5102551055765638 257.2017155221452
-0.4914986632265922 0.2586207744954782 -0.8315914616239357 -252.59815451769236 0.133626645045005 0.9659762228558598 0.22143589729568425 80.97021699536499 0.8605655023183811 -0.0022873295536687994 -0.5093346486770978 256.7804980787002
-0.4888247222301721 0.25630827463275857 -0.8338803626968172 -253.2717059617797 0.12855610637435003 0.9665943556390907 0.2217401162634321 81.12599027003945 0.8628578784773657 0.0011916381294246176 -0.5054452112228441 256.3710425668066
-0.4781047621840874 0.2527570988331227 -0.8411478379966046 -253.93950583532995 0.12337815630102744 0.9675282846486406 0.2206056412529402 81.28390116584853 0.8695939667020782 0.0016933382190886248 -0.49376458528434203 255.98129736773296
-0.46179549843673495 0.24837976662942088 -0.8515000934543012 -254.58841043057524 0.11842940048449332 0.9686627334285668 0.21832770316105937 81.44112015551933 0.8790445920000017 -1.98950764740396e-05 -0.47673955665513423 255.62411160952317
-0.4437444460560853 0.2511491389341342 -0.8602412316362328 -255.23658262069623 0.11473832211170912 0.9679483054916499 0.2234081362324035 81.59393542369546 0.8887778035219862 0.00043348412761882695 -0.4583381154324202 255.2882232118688
-0.42398663058720126 0.25105054038158087 -0.8701775469738519 -255.90218000772168 0.1108478088917372 0.9679735120152738 0.22525550670454214 81.75251873992445 0.8988593329032144 -0.000951951119966724 -0.43823623017939917 254.9654490985402
-0.4032598586111259 0.25106487209121997 -0.879970406567605 -256.55491274061 0.10715902812437371 0.9679664102312536 0.22706380459127048 81.91307943469869 0.9087895406112313 -0.002731055810814555 -0.4172458654196385 254.67267439523363
-0.3842357713412837 0.2520057813355018 -0.888175634767839 -257.19192163875124 0.10491258164856862 0.9677121889580754 0.22918653877094317 82.06762452939046 0.9172547204749614 -0.005119132295157862 -0.39826821647093913 254.4065832640075
-0.3690371816494451 0.25188492490770137 -0.8946315125035995 -257.8621111192739 0.10114932968344251 0.9677424719741791 0.23074514305158866 82.2322022288984 0.9238941344465952 -0.005337840532367148 -0.38261094573159515 254.13102182823653
-0.35997302303266676 0.2600801356103615 -0.89597865250776 -258.6233688231787 0.097810592333229 0.9655866282699099 0.24098869544809004 82.41890223753708 0.9278213786694853 -0.0008867735025648178 -0.3730237296963941 253.8200257122543
-0.3561269734308314 0.2588832667716485 -0.8978602524784342 -259.4028757692851 0.09691946364954293 0.9659074076118733 0.24006144523100278 82.60908886399152 0.9293977600365085 -0.0015277781749048309 -0.3690765090505853 253.5022795715865
-0.35563778286930003 0.24911774617147944 -0.9008119204019522 -260.1890379766906 0.09771986900983408 0.9684513955287979 0.2292438040580972 82.80313730379144 0.9295012612129733 -0.006499464652430013 -0.36876166064644206 253.18284019060815
-0.3557433224164713 0.2495030944499828 -0.9006635855945192 -261.0388938106079 0.09656890523280805 0.9683604941019542 0.23011388485869044 83.0105265755854 0.9295811611140934 -0.005114618510126449 -0.36858202015191643 252.8363689266679
-0.3531729382476263 0.25404551428481237 -0.9004053267064261 -261.90471657695355 0.09479773747483546 0.9671899593841683 0.23570526391259455 83.22129232476489 0.9307428563567862 -0.002111667165616103 -0.365668259769139 252.4868963780025
-0.3458184728360291 0.25408177734176196 -0.9032452791286597 -262.73640534168885 0.09207171367857138 0.9671819078503108 0.23681629307825677 83.42643659523891 0.9337731969732513 -0.0012678919064430766 -0.35786311498178347 252.16139280962605
-0.3319647507739765 0.2508502875089145 -0.9093258698070066 -263.55759778684586 0.08853504307842054 0.9680224354609007 0.23472134668890063 83.63091122412644 0.9391277604195674 -0.0025879917007725997 -0.3435583675422304 251.85447253687357
-0.31681507177723184 0.24835239058020492 -0.9153957069966447 -264.41050883991454 0.08444294068425462 0.9686641407771145 0.23357904902009619 83.83648312353397 0.9447209112025526 -0.0032973422075797524 -0.32785900547488805 251.55291768542034
-0.30536153547681427 0.24293388959448767 -0.9207265923919749 -265.23578819953224 0.08415956846191919 0.9700110220556125 0.22802584091925218 84.03470190730899 0.9485101473824855 -0.00785763177562741 -0.3166492664373823 251.27375498496707
-0.2996707094134467 0.24704804336568023 -0.9215013457335984 -266.0744359589033 0.08122520270225 0.9689907602520903 0.23336532088563822 84.23348938827891 0.9505787354899219 -0.004916382335311946 -0.31044467593938946 250.9911735624682
-0.297517019392504 0.24828225968191683 -0.9218674214327373 -266.98041906572354 0.08039680315211489 0.9686785575018235 0.23494298516684617 84.44767066292549 0.9513253792550262 -0.004215656939258247 -0.30815945713518106 250.69111780982658
-0.29738175793515176 0.2486171778514929 -0.9218208008743132 -267.9199428184718 0.07913171132563658 0.9685976311848086 0.23570490263432395 84.66893940190909 0.9514737318024465 -0.002850919209424325 -0.30771676904189976 250.38118964447193
-0.29715684556040384 0.24818270953603308 -0.9220103859631656 -268.8484311288154 0.07663352818715369 0.9687131057080092 0.23605554682560417 84.8878812949295 0.9517484496936038 -0.0005113872298240842 -0.30687884741200655 250.07421879408685
-0.29473948809143147 0.2472936288214335 -0.9230246450143843 -269.7432944423045 0.07382643774506485 0.9689395449809434 0.23602079413051602 85.10059910298537 0.952721518204283 0.0014210265486462798 -0.30384155317216327 249.7822656017801
-0.28899315261777486 0.24765961370104647 -0.9247419496710907 -270.6128005055381 0.06836271112104607 0.9688309666072419 0.2381031244462381 85.30937469814802 0.9548871647834726 0.005592305814982909 -0.2969161980213463 249.5029798596854
-0.2784954825003942 0.25010163005926883 -0.9273022381449165 -271.48511193207975 0.0650434198389083 0.9681945124533127 0.24159623256780033 85.5179198917794 0.958232549938965 0.00696855056602776 -0.2859052632262584 249.23628850264086
-0.266221472670127 0.25014464042448636 -0.9308887078250845 -272.35690036440116 0.06066761286738375 0.9681740298483842 0.2428136912863775 85.72615169097716 0.9620008150923371 0.008167422729777546 -0.27292439423333087 248.9833597574748
-0.25276878437347505 0.24901265112793503 -0.9349334956159157 -273.1929444593122 0.0562537469996343 0.9684605968573924 0.24273357469276316 85.92431825321462 0.9658899821381604 0.008761958277856294 -0.25880450245751113 248.7548854191634
-0.23764083123956745 0.2466706754173345 -0.9395107307619887 -274.0080659615076 0.05188528037156259 0.9690612291072963 0.24130530852391865 86.1180546473165 0.9699663669470869 0.008597216422466733 -0.2430870931605648 248.54871449854033
-0.22244579039830736 0.24734333142078518 -0.943047796633735 -274.84304868457417 0.04770495747574697 0.9688857583168834 0.24286750371953447 86.31506631733043 0.9737772370343788 0.009036798790946349 -0.22732406142179953 248.3523490040871
-0.20832311696449743 0.24742274768200204 -0.9462470411407832 -275.65480246409703 0.04478081591077272 0.9688716542028478 0.24347976550137782 86.50631681150446 0.9770343686199381 0.008348749111593 -0.21291815545817017 248.17370827210686
-0.1976199877181764 0.24800113842734664 -0.9483890424256336 -276.4671389774397 0.04515131515900488 0.9687447928085686 0.24391573369854389 86.70010457859888 0.9792383260441144 0.005381611749869455 -0.20264091161780073 248.0057147310071
-0.1925977138557369 0.24865023258946692 -0.949251906740645 -277.2755297289018 0.0467559943683732 0.968589703702332 0.2442291196242919 86.89006439023304 0.9801632504884926 0.0026547532909046564 -0.19817405147192146 247.84039814504737
-0.19126184381057204 0.24900194912768572 -0.9494297954208075 -278.0357257003201 0.04883698792342876 0.9685029266228387 0.24416598807689535 87.06788470824785 0.9803233424298058 0.00033234562230761885 -0.19739816066427723 247.68637846626342
-0.1933552687699058 0.24996094830953508 -0.94875353193499 -278.78540863730524 0.051010230385531305 0.9682553148151323 0.24470308892261147 87.2449396085331 0.9798018659070473 -0.0010815047156327929 -0.19996783219462383 247.53286948470566
-0.19804714333168352 0.2505312786767643 -0.9476346381505626 -279.5083852116474 0.05374388993046268 0.9681053667603625 0.24471124441866107 87.41475097886502 0.9787179998923597 -0.0024652087888005795 -0.20519502779630253 247.37873655028
-0.2038079579433282 0.2511788685539568 -0.9462407158175594 -280.1861518368895 0.05553202938885219 0.9679371468529816 0.24497729171102475 87.57331436736418 0.9774346576579559 -0.002618345673598378 -0.2112217656279934 247.22808028867067
-0.20817164863652943 0.25223013047019444 -0.9450103311535493 -280.84314244654246 0.05654610321129978 0.9676646301755363 0.2458204664361026 87.72672879766722 0.9764564009291791 -0.0022637999545491523 -0.21570297238146505 247.07930987982678
-0.20938765790133118 0.2500915058272948 -0.9453100271506878 -281.50143548646156 0.05629880403628221 0.9682197154016332 0.24368222621206487 87.87957094189947 0.9762106603508685 -0.0021957733533626523 -0.2168131112195499 246.92931212259413
-0.20651828747513568 0.24563417733833345 -0.9471082556189974 -282.15636826546927 0.05672190716525813 0.9693528100154873 0.2390350496530116 88.03371493009604 0.9767972267496833 -0.004356677449796449 -0.2141219212872074 246.78704623820263
-0.20204912770619343 0.24765960628910527 -0.9475446529878654 -282.7807627278455 0.05603833704754047 0.9688373459644113 0.24127557241789976 88.18465627207567 0.9777708600557248 -0.004349307687879726 -0.20963117313158178 246.65530397604826
-0.1967823799332087 0.2551925212846378 -0.9466538290358385 -283.4083755683526 0.05408776001931886 0.966887927951653 0.24940378705515845 88.33220721245608 0.9789541404804997 -0.0021241143451905696 -0.20406929944098245 246.52323603864497
-0.19208582635363983 0.252276656018434 -0.948398399483149 -284.0472080391831 0.05244754253236487 0.9676523227133298 0.2467756828170414 88.48455326356425 0.9799756581652189 -0.002339054436624196 -0.19910358667785746 246.39188384967048
-0.1896305225328777 0.2481441798313658 -0.9499814371553421 -284.70596270164526 0.05050408850421142 0.9687212365879886 0.24295782108794184 88.6485000044734 0.9805557617842371 -0.0019057280130956198 -0.19623140990288296 246.2594777735953
-0.1884216725296423 0.24710981793472622 -0.950491457721426 -285.36852263207925 0.04927196053903506 0.9689867301153176 0.24215076040571856 88.80844069489467 0.9808514399366354 -0.0012061263175699262 -0.19475368554544423 246.12662265929052
-0.18749698106967672 0.24655346663656236 -0.9508187367628245 -286.0180811807578 0.04838294741588624 0.9691289562057299 0.24176053574342315 88.96535476067713 0.981072868083257 -0.000674042349155687 -0.19363773696726164 245.99684381117956
-0.18905868026499734 0.252912756668362 -0.9488371582789483 -286.66006954834063 0.04790351560197754 0.9674879293156193 0.2483392031507499 89.1226859914123 0.9807966499786933 0.001498046390390125 -0.1950274012737271 245.86239980511704
-0.19414112046829185 0.2549138741923035 -0.9472740585952881 -287.32680991956624 0.04869513339751798 0.9669606514281283 0.2502316578154953 89.28486612296157 0.9797642621195739 0.0024526177776325485 -0.20013988942567756 245.7165299463256
-0.20163977732892302 0.25343623227644124 -0.9461033116780994 -288.0720377314289 0.047451573076425474 0.9673374858167245 0.24901111771636658 89.46640507084805 0.9783096383105474 0.00531645589681282 -0.20707966313808304 245.54493607863716
-0.20828385950574235 0.2538901304905159 -0.9445409655006518 -288.8301934857477 0.044676736108340796 0.9671824204095231 0.25012427891247446 89.6477592068588 0.9770475030007993 0.00989784270879078 -0.2127914697294369 245.36357665676573
-0.21324628663425457 0.24623131874232154 -0.9454608182823449 -289.59753829789884 0.04032566268484683 0.9691134714102061 0.24329595241246968 89.83214727607502 0.9761658988951256 0.013755624365310228 -0.2165892902075051 245.1762738469614
-0.21568072672294675 0.24397170242763871 -0.945494385247646 -290.4111908020992 0.037716312855656076 0.9696428622141388 0.24159925393458964 90.0300070392171 0.975735263206591 0.016447740627067473 -0.21833499024075032 244.9828338805785
-0.21685141488914858 0.24633645105790897 -0.9446130513288346 -291.25676994785186 0.036472939931697576 0.9690072310755952 0.24432501054118516 90.23219423878042 0.9755230333074214 0.01852940914884785 -0.21911520367898055 244.78477311066663
-0.21648927470371443 0.2462886002512037 -0.9447085896320436 -292.07358108441065 0.0365982967184538 0.9690237389766025 0.24424077869413324 90.42869504532653 0.9755987692773946 0.018300783756737642 -0.21879698969209133 244.5971869056728
-0.21453326584017737 0.24538829996604014 -0.9453888406828838 -292.86584226623717 0.03622844402015062 0.9692585002453927 0.243362814632667 90.62214821359356 0.9760445572266802 0.017959452715248653 -0.21682822778951505 244.41846606357717
-0.21239067433462683 0.2486583609632541 -0.9450181061645078 -293.6828135416362 0.03548645986146772 0.9684070253565211 0.24683708069623114 90.82031426729446 0.9765402770097003 0.018890546927096033 -0.21450462609140145 244.23612239725426
-0.21096964540935198 0.24723299909890253 -0.9457101315267891 -294.52608929333434 0.031025164937031346 0.9686918725938297 0.24631990400958773 91.02503453719363 0.9770001268456834 0.02262520999292795 -0.21203502544696085 244.04719616711245
-0.20896498348927317 0.24747393714634558 -0.9460921129090004 -295.4117721457232 0.029310812662097004 0.9686007141684465 0.24688769263263363 91.24493984534216 0.9774837655615639 0.023860153932119647 -0.2096572944543548 243.85282385255465
-0.2074247561760786 0.25355067095089195 -0.9448211618002897 -296.2927084494065 0.027060906866221455 0.966944544570899 0.25354675120016346 91.46488576134243 0.977876616882146 0.02702415558221781 -0.2074295474858772 243.6589378729714
-0.20809635308830662 0.2534750497413777 -0.9446937636027644 -297.1731694933829 0.023888425836275953 0.9668665450629127 0.25416220637454057 91.68446173710237 0.9778165732602466 0.03032298132960222 -0.20725652187777527 243.4624245355435
-0.21066567113507484 0.24821096403550716 -0.9455217037899105 -298.04611824234877 0.02094667854109883 0.9681521585856564 0.24948473797816365 91.90534692214331 0.9773337258394924 0.032752330581208626 -0.20915561952334574 243.26644734853002
-0.21281960294400748 0.24987732484056854 -0.9445999889547314 -298.9470922107328 0.020958711653127075 0.9676917028254635 0.2512638069611285 92.13115832198484 0.9768666997132187 0.03367626483561767 -0.21118087076751285 243.06456855716954
-0.21528356446637 0.2499315085584879 -0.9440271330318507 -299.8453925740684 0.024415833960243667 0.9677699728589595 0.2506494497991128 92.35093069955494 0.9762463080199995 0.03091149725021675 -0.2144472555549952 242.86294734865345
-0.21774435446128831 0.25033051414021396 -0.9433567881721824 -300.6901862193183 0.0277702526046759 0.9677460239406545 0.2503925841899677 92.55672478939277 0.9756106852482238 0.02832431530246088 -0.2176729748777674 242.67018697086544
-0.2180247232539763 0.25044880183804846 -0.943260630848079 -301.5659927043568 0.02532705067274785 0.9676382303187951 0.2510673131447695 92.7693245041431 0.9756145553210278 0.030848871671410184 -0.21731218687030293 242.4623881144959
-0.21734679147324362 0.2537605381267217 -0.9425316766697689 -302.48867386294063 0.020692369527256903 0.9665960955847172 0.25546783328577966 92.99354917311331 0.9758750934825797 0.03602190014448963 -0.2153374668522557 242.24400380571828
-0.2167397514217118 0.2526545780284683 -0.9429684747407593 -303.39476653486383 0.017744951436419992 0.9667892010415934 0.25495834453471017 93.2182472954546 0.9760681312552795 0.038526678426994226 -0.2140249943282537 242.03426392489865
-0.21604189242876065 0.2508495914990919 -0.9436102919958754 -304.305565343755 0.014463257509500548 0.9671496542849303 0.25379590303776955 93.44826625010194 0.9762769662846775 0.04118286854119442 -0.2125729438115414 241.82461082696403
-0.21380638553746908 0.2445369425388566 -0.9457740286332428 -305.1915992751395 0.011771295462873642 0.9687363815887579 0.2478129528282357 93.67280723472187 0.9768051321049294 0.04185100620141797 -0.21000054088835043 241.62394624755314
-0.21153708873715474 0.24759118335412936 -0.9454896435254666 -306.0455524136067 0.010848227426584305 0.9679167127326083 0.25103695579457186 93.88703640821566 0.9773097646346884 0.04284674011177693 -0.20743620901733467 241.4341166798064
-0.20916438594655606 0.2496103339571005 -0.9454866158933335 -306.8640586649111 0.01083741350268337 0.9674057026751605 0.25299951956506606 94.0890859895288 0.9778204385878688 0.042671859736911684 -0.2050519501648816 241.25742266709423
-0.20813664192029716 0.245044343475301 -0.9469067578283005 -307.70573326652686 0.010298969045382808 0.9686039605615244 0.24839544847105038 94.30073694754823 0.9780455355078027 0.04194803112531294 -0.20412567981017304 241.07691633435533
-0.20686282076981055 0.24604409215276526 -0.9469266487431229 -308.5993930809978 0.007128900543664271 0.9682149045685103 0.25001815403772676 94.52577219608015 0.9783439845781218 0.04496891468686988 -0.2020416901327273 240.88336634623212
-0.20466723240737733 0.24961722662567543 -0.9464684697074772 -309.4779070829672 0.006327718615061597 0.9672541692645641 0.2537308259109443 94.73923397129835 0.9788111584753382 0.045941399761293925 -0.19954474142943368 240.6970646910971
-0.20091513059806376 0.23885875240813895 -0.9500418973365298 -310.29703053651536 0.005280330472053734 0.9700677650601776 0.24277695380999742 94.94192268601822 0.9795944203632794 0.043761028200701664 -0.19616254485489396 240.52637217070372
-0.19402468363762365 0.24082165995190813 -0.9509781018705586 -311.0925731661899 0.0037541097146449325 0.9695751265813984 0.24476515392293713 95.13934126206415 0.980989464163388 0.04392040542476503 -0.18902557813098625 240.36978438772368
-0.18825386991082688 0.24752583925954105 -0.9504164557510884 -311.860048858297 -0.00026025107649498637 0.9677062754479194 0.25208033784509326 95.32263657282861 0.9821203657052302 0.047702446033494994 -0.18211003242393498 240.22226271877815
-0.18466939808114224 0.24129293618622785 -0.9527197554155056 -312.5964818443144 -0.0016028673888084297 0.9693173975363537 0.24580726931782965 95.49823237433857 0.982799391650444 0.046920163895521644 -0.17861649977405417 240.08383375659753
-0.1829653104966966 0.23613941197438795 -0.9543384479665695 -313.37071497276185 -0.002035506645211319 0.9706318246195089 0.24056125570944234 95.68573667262669 0.9831172625213866 0.04595692709696972 -0.17711128982721266 239.94346244208418
-0.18528151377125407 0.23738345452108256 -0.9535826425508556 -314.15387977652165 0.0015173289983455161 0.9704523303155981 0.24128815200448553 95.87182574704961 0.9826843126698135 0.04325933546259794 -0.18016706560298656 239.80048206381787
-0.19965877552927327 0.235942305941468 -0.9510350159805774 -314.87450306881783 0.007385095397321656 0.970911887311581 0.23932314439485394 96.03739868938199 0.9798376568187835 0.04075948164648189 -0.19559353500508694 239.65167531006654
-0.2277615697144518 0.23275533875958276 -0.9454890901750923 -315.49945290807915 0.015916221555300807 0.9717704142914448 0.23539102743995996 96.18034706587189 0.9735868432002418 0.0385644160690761 -0.22503654050095825 239.49517557081964
-0.26448689523118796 0.23359022980191824 -0.9356721043143569 -316.01813318306785 0.023412746538706824 0.9714917362927188 0.2359144964059578 96.29744243118417 0.9641050386500848 0.040489638872790314 -0.2624158219190867 239.3283591801889
-0.30277138225631633 0.2337204770356778 -0.9239611619006601 -316.51267925759294 0.03063633260301178 0.9713504513128465 0.23566865692953595 96.40869175505576 0.9525706825276735 0.04304694354479113 -0.30125745706988555 239.1447234503643
-0.3428703378811134 0.23124034392728204 -0.9104767074130379 -317.00699659759704 0.037416953509648174 0.9718213673366012 0.23272988973932832 96.5209872759497 0.9386372584717426 0.04572891129706635 -0.34186102977706684 238.93596588198673
-0.3819293369532381 0.23049603745090805 -0.8949869039789871 -317.50147941091643 0.044728901015039936 0.9718750853336041 0.23121017261744964 96.63734996055835 0.9231085022836956 0.04827416728679287 -0.38149744138633424 238.70193324912987
-0.41820006579967905 0.23064450146849466 -0.8785851233133286 -318.04124873354044 0.05044026154223704 0.9716307806143463 0.23106147705385893 96.76433911868317 0.9069534083847394 0.0523138615006517 -0.4179698253632613 238.42181875035575
-0.44815332439049743 0.22974647720455857 -0.8639300631705346 -318.6272301527472 0.052914477047507576 0.9715344424331204 0.23091315528778092 96.90376270737137 0.8923892961911497 0.05777009068942889 -0.44755330483105593 238.09575464373393
-0.46780067776736645 0.22838146728567854 -0.8538175632304809 -319.27228942133604 0.052603334009686295 0.9715202531710265 0.231043906930207 97.06210521751254 0.8822672016636791 0.06316884579402142 -0.4664914595033787 237.72522898766837
-0.477287635945031 0.22492294601168747 -0.8494740613646954 -319.95697204189275 0.050461233890585065 0.972107835247024 0.22904152576681044 97.23147192045406 0.8772970856262116 0.06645317907197443 -0.4753249399547472 237.32994886061672
-0.479714876271502 0.22152833495090107 -0.8489987245559926 -320.5829445951407 0.04909548186332756 0.9728642909302554 0.22610772895543155 97.3880183847849 0.8760498108808806 0.06678523973645785 -0.4775735133033634 236.9702091244648
-0.4774811179597034 0.22244727352193855 -0.8500170542375082 -321.1705783295098 0.04710555030787415 0.9725109166771401 0.2280429434864951 97.53197349308012 0.877378395632207 0.06884567848781686 -0.47483410095675227 236.63966828617518
-0.4727011380107136 0.22405274057469263 -0.8522640456832313 -321.77205971506714 0.046111623876701785 0.9721019301355873 0.22998164181108693 97.67582121031005 0.8800155409234721 0.0694133046874914 -0.4698451243394262 236.31063611099626
-0.4675213941636561 0.2165903201973659 -0.8570369765629001 -322.38255121888193 0.04478961859051061 0.9740776042310607 0.2217356782342381 97.82584196317679 0.8828463264157524 0.06527981412567783 -0.46510311738573445 235.9799686780278
-0.46202866992223285 0.21543645508585565 -0.86030032081241 -323.00953762705285 0.04359940255293512 0.9743912636990468 0.22059183421877968 97.98235304357674 0.8857926395420775 0.06441117175628863 -0.4595896002805781 235.64637081174558
-0.45761768372303874 0.21999117797072432 -0.8615044614852654 -323.6576243747038 0.042034358093157434 0.9731781891328556 0.22617985086164455 98.1385591878323 0.8881549235823998 0.06729111242320336 -0.45459073671291406 235.30602119074075
-0.4529331844685371 0.21793766185711802 -0.8644967934882383 -324.3393068471128 0.039285588953834924 0.9735989638325189 0.22485928961196922 98.30556280061887 0.8906784902015663 0.06788396842039465 -0.4495370884852079 234.94974000140627
-0.4489193292770572 0.21624315104205585 -0.8670123040815757 -325.06513360127195 0.03831565034015099 0.9740425269481682 0.22309878223657276 98.48508648564348 0.892750439227251 0.0669332154003718 -0.44555201484867996 234.57638909556152
-0.4483020023447528 0.21671119602873543 -0.8672148362484831 -325.8329114812757 0.036429601325306364 0.9737902386550574 0.22451159267932885 98.66944323013458 0.893139518127468 0.06905670579982921 -0.4444468163268926 234.1823580887058
-0.44881902286809605 0.2173521871479094 -0.8667868892950279 -326.5982196585467 0.034449673463849764 0.9734569929758846 0.2262624644623724 98.85042388114142 0.892958400324429 0.07169037291276907 -0.44439372826544904 233.78636135072102
-0.4488516800055136 0.21751543899857032 -0.8667290252169305 -327.3768958025183 0.03445871632653787 0.973414401173733 0.22644425463392476 99.03647567124341 0.8929416365168313 0.07177351450810614 -0.4444139921174836 233.38568224575315
-0.4491940984256588 0.21935944064768081 -0.8660866571760008 -328.19046786244604 0.033592965286817315 0.972851865787678 0.22897764064789428 99.23338631349807 0.8928024275408306 0.0737609858405759 -0.44436825082922765 232.96696727298036
-0.44905993997377747 0.2194147907906934 -0.8661422053525778 -328.9742211610285 0.032130126504661405 0.9727180295626919 0.22975484746675623 99.42606228005113 0.8929237511017073 0.07534443938310079 -0.4438585249519306 232.56526375793993
-0.4489924892381466 0.21593336025376 -0.8670516296837555 -329.73216280424543 0.032333893918602606 0.9736514059402852 0.22573758883839148 99.61490564974261 0.8929503143578569 0.07331932651102016 -0.4441441347672805 232.18003144632257
-0.4482376403152515 0.21606202717657813 -0.867410063474575 -330.48546685140803 0.032564926225089885 0.9736529158418307 0.2256978623130038 99.80259586010419 0.8933210751933325 0.07291913250342685 -0.4434639294580532 231.7971103221873
-0.4451878531330926 0.21632247150761513 -0.8689144743549784 -331.1988353436513 0.033597616106133765 0.9737322088185727 0.225203875857616 99.97718954426635 0.8948066694067132 0.07106457507186156 -0.4407616709233257 231.44084333833743
-0.4418296442865747 0.2109125884514328 -0.871953235823068 -331.8854058288799 0.03326276576098376 0.9751531307634571 0.21902045561125572 100.14550248243471 0.8964820990089711 0.06776615375648964 -0.4378670969158588 231.0987051521044
-0.4388162598111961 0.21030387874082412 -0.8736203802063464 -332.57431004258433 0.03396770207530003 0.9754140933024468 0.2177465081297373 100.30718829460687 0.8979345662914634 0.06587583148267957 -0.43517110368845513 230.75831492952148
-0.4359980654733608 0.21207408237133912 -0.8746029216106272 -333.2904189313421 0.036131383458914576 0.9751790260402979 0.21844997207700712 100.47102514855862 0.8992220026405235 0.06364315169328377 -0.43283869883562043 230.40852581784372
-0.43519645169562177 0.21499636328694974 -0.874288632091788 -333.9997318994645 0.0361603208324644 0.9744601562614235 0.22162995072024796 100.6336778659583 0.8996090704460662 0.06483801070631151 -0.431855939798 230.0579490625572
-0.434815260389404 0.21621680034896543 -0.8741773187285026 -334.65842864232974 0.03803150906553494 0.9742906122841453 0.222061719198036 100.78369121337028 0.8997162295138922 0.06330954163350423 -0.43185947747787334 229.73089893140553
-0.43556977177084033 0.21717907684183746 -0.8735629470745819 -335.3075079407674 0.04104270498366016 0.9742406777778551 0.22174444329131174 100.93158315114653 0.8992188111283728 0.060731790234409486 -0.4332634064490106 229.40913742086263
-0.4377123841521436 0.2171712136401562 -0.8724932852039099 -335.99434171883826 0.041994207138244546 0.9742701222780932 0.22143670744269933 101.0881976813692 0.8981338181622369 0.06028592540796378 -0.4355700309606116 229.062910457633
-0.43952894795165154 0.21826474814203123 -0.8713063775911511 -336.7358818363027 0.041175603713554984 0.9739038327028288 0.22319474524631877 101.25456911054711 0.8972841654522498 0.06222398544966462 -0.4370461097680889 228.68761707008895
-0.4405834526688673 0.2109444622110052 -0.8725758735473342 -337.5046773829644 0.04110459026563283 0.9757210731284228 0.21512508015621468 101.43335858572688 0.896770112065225 0.05891367681305168 -0.4385573449286786 228.29901993465566
-0.44168883481841126 0.2134853125662318 -0.8713982984349098 -338.29166953567795 0.04029396306514136 0.9750165715704496 0.2184469768697103 101.61886060367462 0.8962630025485047 0.061373499831023096 -0.439256102725086 227.90161543695135
-0.44092614073120506 0.2173090688908267 -0.8708391969805281 -339.0511761668662 0.03939620601185904 0.9739981955108774 0.22310413284704136 101.79075874336974 0.8966783578138586 0.06406468386998085 -0.4380224182720353 227.5197765842599
-0.4397528479246824 0.21144031972519184 -0.8728748042741544 -339.795057472472 0.03732520617329391 0.9753552555500569 0.21746023649166016 101.96163272197496 0.8973428897173331 0.06304852627457573 -0.436807304893532 227.1439697675045
-0.43927207066784796 0.21330143234255355 -0.8726640515638305 -340.5800393649606 0.03804180667872749 0.9749485357672577 0.2191533106067599 102.1451164435633 0.8975482543439105 0.06307021139887878 -0.436382033954539 226.75394252777926
-0.4381408373672797 0.21839727915516302 -0.871972038019984 -341.3545215723503 0.03939925395433598 0.9737701123793985 0.22409700360437662 102.32597307795584 0.8980424853084303 0.06383100104369023 -0.43525314230550816 226.37374985548774
-0.4372743937428571 0.21611579834805827 -0.8729748371409121 -342.03920351021526 0.04296134166874937 0.9746082189033964 0.2197570084615613 102.48805867022942 0.8983014124996349 0.0585899423991412 -0.4354558427106321 226.04113159162816
-0.43824282344177123 0.21666119589470414 -0.872353800871679 -342.7007949529439 0.04575622285519866 0.9746340059725235 0.21907743487630338 102.64447789109299 0.8976912586027622 0.056093498691307454 -0.43703995656319294 225.71564973492363
-0.439121552231445 0.22020592504082206 -0.8710233136620202 -343.3694452255592 0.047495370388100165 0.9738315806725883 0.2222526541493483 102.7981385297243 0.8971713616458925 0.05622635557857196 -0.4380891972884149 225.3829483096737
-0.43925158680283094 0.21918986958906614 -0.8712140061780039 -344.05266343224184 0.04603687547488279 0.9739961671116846 0.22183794208444665 102.95478023490604 0.8971837323467845 0.057334697359276786 -0.4379201786753085 225.03628027543309
-0.4381559387583909 0.21993027207408974 -0.8715790547943278 -344.73511766117815 0.046735953524575984 0.9738696263485302 0.22224693816547286 103.10911241438995 0.8976831980041197 0.05664473763020886 -0.43698541133532376 224.690012837377
-0.43664012925120166 0.22156285405100581 -0.8719262005653176 -345.42642640312613 0.04709715419136337 0.9734992137806808 0.22378815615549438 103.26825449636955 0.898402613305733 0.0566496467171084 -0.4355038024314566 224.33956701873316
-0.43440063155411507 0.22305977714717237 -0.8726628370249553 -346.17449627089746 0.048063088684196 0.973210652224713 0.22483541959061645 103.44268091783879 0.8994365073819955 0.05572577693856534 -0.43348426381250726 223.96658761194826
-0.4317791532632668 0.22122369312948484 -0.8744294370647707 -346.98590754460025 0.05061034372009815 0.9738709384069845 0.22139103061063192 103.63755187544142 0.9005583578623827 0.05133685736832028 -0.43169337632138166 223.56792067367994
-0.4290471528819515 0.22913922507478082 -0.8737355184127656 -347.8431562221207 0.048906104519177256 0.9717637345962092 0.23083205380620875 103.84564380262772 0.9019571683537152 0.05630683489383465 -0.4281387704933845 223.14452448292434
-0.4258831917207476 0.23108900011597364 -0.8747693301866226 -348.61391407605083 0.04714958797960036 0.9711877119233296 0.23360510388792108 104.03280271401903 0.903548794124094 0.058243473750554 -0.4245082736559617 222.7666056670302
-0.4229764042671177 0.22713827182450147 -0.8772110161790277 -349.28393530672696 0.046526975793058485 0.9722407896552461 0.22931002475709708 104.1955537802149 0.9049454137995359 0.056178754018994394 -0.421802970165053 222.44686023995882
-0.4207074888843296 0.2273115670012764 -0.8782566027671354 -350.0274441290511 0.047731448991302515 0.9723052045402936 0.22878876283824212 104.37608415379091 0.9059397979854034 0.05433268566237471 -0.41990599149676405 222.0958901842555
-0.42105808377115517 0.22983327710005608 -0.8774319089413238 -350.8342145650464 0.04598694078438114 0.9715294036556623 0.23241303558486506 104.56709425062765 0.9058671488514515 0.057508978167989014 -0.4196396383348651 221.70736859586208
-0.4213988385773387 0.2256558667495715 -0.8783521211035888 -351.61305975053045 0.04775528278491482 0.9727255243204664 0.2269900599180749 104.7573582502061 0.9056171662528288 0.05370739369004525 -0.4206816659318765 221.3395458500064
-0.422578622422166 0.23124499202655577 -0.8763293111236361 -352.369170622664 0.04609033769606563 0.9711346444355393 0.23403671324842645 104.93876940483096 0.9051535718555433 0.05850859799808217 -0.4210389000050364 220.97687451627576
-0.4239146245529087 0.2273202974999557 -0.8767108265755031 -353.08104851017737 0.04564862428741188 0.9721225227856705 0.22998696439906152 105.10768529081456 0.9045510456523912 0.05747419453423947 -0.4224738131195903 220.6378900279366
-0.4251879399483825 0.22701809096810932 -0.8761723586690292 -353.8434177602589 0.045191517199250436 0.9721512221148978 0.22995592645927906 105.29478445806099 0.9039761846949739 0.05817892843384293 -0.4236062674118604 220.27503646915892
-0.4266881890850104 0.23090574323967505 -0.874425369619553 -354.6644787406209 0.043215693302112786 0.970959279718617 0.23530933041578936 105.49339177627199 0.9033657028843708 0.06261481348085385 -0.42427560851996315 219.87828154047338
-0.427723088425414 0.23022428809538215 -0.8740993861105293 -355.50256490955223 0.04433347203481051 0.9711998881335707 0.23410536206307414 105.6989125982151 0.9028219663284479 0.06138040778879119 -0.4256112576689165 219.47500812861875
-0.4298135080000076 0.22854743480994288 -0.8735138341105576 -356.33436039210693 0.0433044359835462 0.9715391921055384 0.232886933998173 105.90361989189067 0.9018786360508135 0.06227092615913787 -0.42747778607830383 219.0664360947318
-0.43041628035085694 0.23313479903924608 -0.8720034352488912 -357.16807326248863 0.042114347541901694 0.9702038780210166 0.23860179547544275 106.10487272870633 0.9016474961646894 0.06597424156377153 -0.42740986431063094 218.6544364820381
-0.43119051786282653 0.2336867067280797 -0.871473040549033 -357.94716684533074 0.04074320490567342 0.9699347649697178 0.23993028770281893 106.2911552058162 0.90134051753996 0.06794906034469546 -0.4277478189764039 218.26734434828344
-0.43172021228489765 0.22849318107187921 -0.8725872589651655 -358.6622621479663 0.038826971702551456 0.9711943659201046 0.23510416813289386 106.46458393031654 0.9011715289405747 0.0676193005635493 -0.4281559361006262 217.90880852775652
-0.4306797790136544 0.22802948892156344 -0.8732224688651368 -359.3831530391976 0.03746049430247828 0.971237218792423 0.2351488383959774 106.63666682690643 0.9017270314875586 0.06856250443597811 -0.42683432812989863 217.5493814417658
-0.42753959169699784 0.22794400801104758 -0.8747865035215325 -360.07819054055136 0.03487590445496582 0.9711264522267204 0.2360022988743877 106.80281671954614 0.9033236235259284 0.0703913559849975 -0.42314476031563975 217.20744805860537
-0.42133604958804843 0.2268917237662148 -0.8780638239922754 -360.7445494211483 0.03271769388142565 0.9713712491204838 0.23530288754963632 106.96423236027617 0.906314231282186 0.07041336569509077 -0.4166970987502431 216.89037657042306
-0.41174756841092075 0.22840903599134368 -0.8822093018015644 -361.4403689627044 0.030054118298384513 0.9709568956789082 0.23735934088821792 107.1302708435966 0.9108022232521183 0.07121810873006264 -0.4066537730157087 216.5703358911878
-0.39976335606608565 0.23281085837363405 -0.88655984759638 -362.13437877656247 0.02759944485503438 0.9698258406581841 0.24223152031753678 107.2935378727164 0.9162027776592225 0.07236672588270421 -0.3941262833084632 216.26474280430008
-0.38808055487427656 0.23669839040481996 -0.890711712569362 -362.7896032201032 0.02502666294698158 0.9688074933854982 0.24654757533151864 107.44936397956404 0.9212855958226053 0.07338877802416054 -0.38189912043615404 215.9875253825314
-0.3773432665043428 0.23685088564296244 -0.8952729847336965 -363.4523059407403 0.02425371317401013 0.9689367239786112 0.24611660310282596 107.61209725866297 0.9257558083107588 0.07115674877160162 -0.3713662619074991 215.7170737810339
-0.36779723258358893 0.2358565727279094 -0.8994981227356189 -364.08509257254696 0.024135553399433993 0.969395397747384 0.24431544750240122 107.76740040160176 0.9295927445747183 0.06814866049482755 -0.3622334734764358 215.46453018663888
-0.3607217239661622 0.23804942551837618 -0.9017828501747278 -364.62592627896396 0.024712466405727943 0.9689794832408425 0.24590253163084744 107.89713501357458 0.9323460365459953 0.06641710674731793 -0.355414738113502 215.25257923350512
-0.3568960982946239 0.23920531009290633 -0.9029983359040233 -365.0619544494227 0.026695155578345137 0.9688753867448323 0.24610537098711158 108.00123027551149 0.9337625735114482 0.06372836561070588 -0.3521734682310205 215.08518113153463
-0.3566588558870375 0.2410166354083353 -0.902610348917959 -365.4074761203987 0.029588087159615504 0.968578900177145 0.24694019362969585 108.08636114999652 0.9337660336591737 0.06136689325753481 -0.3525834635888834 214.95412654159125
-0.36218037528617575 0.2409071725236595 -0.9004382877156132 -365.7253918233931 0.03149062254143541 0.9686345212086781 0.24648631810871827 108.16420118405908 0.9315759316607093 0.060917144955214 -0.3584067312439699 214.8237413994984
-0.3741986606664239 0.23888329535509414 -0.896052528346274 -366.0461514926935 0.03374970162544806 0.9691201160566382 0.24426861913591336 108.24186488239029 0.9267342229548063 0.06116348465107999 -0.3707056893948201 214.68047107907557
-0.39089945895585926 0.23722767696878502 -0.8893371926710448 -366.360065710179 0.03875844531902516 0.9696011041538862 0.24160190756701633 108.3179288822359 0.9196169832623089 0.05997272799833367 -0.3882111229627105 214.53260040249194
-0.41333844109502693 0.2380915654432071 -0.8788991634868819 -366.6684295475968 0.04450893760535216 0.969339784993704 0.24165954502482823 108.39288658927642 0.909489025544771 0.06076831158726163 -0.411262598251357 214.37235270739546
-0.44148975237930416 0.2373675512302716 -0.8652996268154806 -366.95839224770515 0.049209282306689854 0.9693272482156884 0.2407968695840254 108.4625634166209 0.8959158694201832 0.06372857671052609 -0.439628733628193 214.20179785842663
-0.47184128813041204 0.238573902495398 -0.84879225483245 -367.22768681607664 0.05413128136223822 0.9687175080927062 0.24219040834175176 108.52900042163988 0.880020228854722 0.06832922188037814 -0.4699952278946091 214.0123065054664
-0.506255297740132 0.23962505657873093 -0.8284234459319071 -367.52816423144134 0.06110771243003824 0.9681735944169134 0.24270504435509013 108.60129094147145 0.860215915332668 0.07224765278870923 -0.5047859503541111 213.7900452971148
-0.5444866010629651 0.2392858061578936 -0.803913331295278 -367.80435370575736 0.07009109051840091 0.9680715930255073 0.24067536186116464 108.66885440470246 0.8358358572667498 0.07469734766661762 -0.5438738143712479 213.5737337424541
-0.5837972492336254 0.23892000256652882 -0.7759497433216066 -368.04414414925964 0.08059868872426772 0.9680549797630182 0.23743084789461494 108.72880992446771 0.8078889918566676 0.07607094405642938 -0.5844044732094216 213.35791602739116
-0.6255309101397938 0.2389859169923315 -0.7426956388312919 -368.28887448883876 0.09390439353097552 0.9680723197808543 0.23241761669395855 108.79487152240823 0.7745276272253062 0.07564201976054018 -0.6280009868712658 213.13134919529026
-0.6671456843005569 0.23783457701643 -0.7059400469548124 -368.4977733136572 0.10479366410158858 0.9682033596223291 0.22715752767672662 108.85674120380403 0.7375194396646827 0.07756912008946962 -0.6708562496729374 212.86395009591018
-0.7055560175792198 0.23538261334088972 -0.6684203253900723 -368.665348096427 0.11337367370486687 0.9685687699119487 0.2214067480044842 108.90255119148986 0.6995263513038067 0.08043359551873412 -0.7100657156513843 212.59241862399477
-0.7424369992808493 0.23439683558587052 -0.6275710522053929 -368.86867106829817 0.12257926707123201 0.9685073256195089 0.21672075005783475 108.96453174949879 0.6586058194270158 0.08397430374037419 -0.7477878649243976 212.27222898333602
-0.7762227309107483 0.23423184814880157 -0.5853321393279733 -369.0748995546844 0.1313862573876172 0.96813744138818 0.2131843004351576 109.02849530999315 0.6166165124184868 0.0885739007560851 -0.7822651345405303 211.91412679494934
-0.8060733936971042 0.2326181867754838 -0.544182380415725 -369.2567222624966 0.13860989563506512 0.9681439449848788 0.20852961089772568 109.08671929210635 0.5753546565429649 0.09266110818680073 -0.8126382579130285 211.57064992119277
-0.8318770153583388 0.2294071557249671 -0.5053246364671805 -369.44557956086976 0.14451486854775866 0.96869324751196 0.20186343154063616 109.1506520488561 0.5358134788218095 0.09489862552701751 -0.8389863924915314 211.18584327320534
-0.8521461709970177 0.22610891585865922 -0.4719339587530743 -369.6361318520797 0.14952028627902997 0.9694418170637559 0.1944897100598499 109.21956631776965 0.5014883719949667 0.09516996110826496 -0.8599140022446955 210.79402520921266
-0.8680493926317693 0.224740421692685 -0.44269853716611235 -369.8430320537728 0.15482448073211064 0.9697493040949366 0.18872113653065606 109.29704268732054 0.4717198661469035 0.09527869680460417 -0.8765856135127731 210.34926963296923
-0.8830170056037809 0.22178319863544038 -0.4136341144267118 -370.07724367003 0.15865210387817102 0.9704777499843117 0.18166575549734712 109.38312875083432 0.4417131170223113 0.09479002895043342 -0.8921347278645815 209.8154663805916
-0.8967057745468676 0.2205360943921371 -0.38377413274551186 -370.29458637283756 0.16233192255280232 0.9704769830096004 0.17838938412612707 109.46492237671775 0.41178526056018244 0.09766399806914344 -0.9060323629244896 209.26960982590955
-0.9066727622377522 0.21662477452142312 -0.36196437570527895 -370.54681917379537 0.16438725915196353 0.9716794185863682 0.16975257442574054 109.56447695442169 0.38848594729368796 0.0944077039187127 -0.9166056154072609 208.61685976654974
-0.9131783499416021 0.21133077372891287 -0.34848903178303514 -370.84132743357725 0.16381281243435517 0.9732718032755819 0.1609576324100469 109.68839684145716 0.373189849380023 0.0898960567758085 -0.9233894277583415 207.81457172681914
-0.9168044277345244 0.21346628974883033 -0.3374933842718179 -371.15394925173774 0.16492449014763055 0.9720936119177678 0.16683501496453448 109.82371234897347 0.36368881455981006 0.09729415609141219 -0.9264255465791846 206.94044136353992
-0.9193366544065783 0.2130610893490005 -0.33079463125924863 -371.4518229372231 0.16543087523201025 0.9720905252347192 0.16635094309580312 109.9525595759461 0.3570052399958514 0.09820887411180637 -0.9289253337385072 206.09781439043095
-0.9219432762823614 0.20732162669026408 -0.3271671414189597 -371.74485331043235 0.16170305007868516 0.9735731223508931 0.16126840679806956 110.0836162372797 0.35195556383299353 0.09577639867127782 -0.9311037335037172 205.24548952331276
-0.9228995339169013 0.20509096752622547 -0.32587443185240617 -372.05428647157515 0.15942511618484714 0.9739204313361163 0.16143923239264296 110.21891490088082 0.3504854955992033 0.09703962317133083 -0.9315273634785766 204.35683414624873
-0.9221573802042853 0.20545826172662493 -0.32773872035975277 -372.35212412657046 0.16028684786138386 0.9740746702316212 0.15964542967408987 110.3465546787523 0.35204245842999604 0.09468600478125712 -0.931182403163381 203.5230529796362
-0.92135287305173 0.2050213382929294 -0.3302652481928797 -372.6536700380816 0.15922545636067703 0.974107141922857 0.1605071029631459 110.4792586358384 0.35462111804863194 0.09529704559672003 -0.930141030024198 202.67553367988276
-0.9204336226943771 0.2089497248411044 -0.33036640068647627 -372.9740300806248 0.16073979444770575 0.9727014037223336 0.16737591725668274 110.62010541020761 0.3563210135462394 0.10095539453358943 -0.9288936126489131 201.78413838297422
-0.9196255763801799 0.20816764273224586 -0.3330991320714106 -373.285228768104 0.15957231431270855 0.9728817567219415 0.16744480864607314 110.75935497662478 0.3589226598757907 0.10083312926282365 -0.9279047387909791 200.91907794513293
-0.9187722697925735 0.2051077709755897 -0.3373252414890305 -373.6019365428246 0.15804383893953078 0.9740825360666587 0.16181890465334076 110.90336587747817 0.3617729415440888 0.09536254618756652 -0.9273760421485787 200.05165022917447
-0.9184293955377637 0.2056640326059551 -0.33791974062549185 -373.93582088442804 0.15726852785410164 0.9736501875977894 0.16514212768823694 111.05265320415513 0.3629794147864945 0.09852724436951592 -0.9265734329011407 199.14823049626875
-0.9181681013673743 0.20738473246527378 -0.33757800635074403 -374.25759049855816 0.1569363990191409 0.9727383104206772 0.17073706716128198 111.19280892347972 0.363783320527949 0.1037870520837609 -0.9256835007309049 198.277559447019
-0.9183786098747025 0.20400456803690006 -0.33906174237842274 -374.55849390198847 0.15468210978196226 0.9737618793493464 0.16691688722066125 111.3258074120295 0.36421720694938947 0.10084611319288002 -0.9258379380949322 197.45032951816614
-0.9187778720468996 0.2016305184208051 -0.33939999392800996 -374.86198794048124 0.15326795061630957 0.9744789251260951 0.16401146240117415 111.46327617370575 0.3638078574616711 0.0986709609077161 -0.9262331695219609 196.61534743631094
-0.9192608945826812 0.2026987208041476 -0.33745019821510797 -375.1743725561714 0.15246844346502053 0.9736626785949389 0.16951212953263153 111.60085012763848 0.36292255570356413 0.10437536536796127 -0.9259551834003086 195.7514018060919
-0.9200717669735317 0.19952927123297348 -0.3371290754880788 -375.4995097501237 0.14908447189445953 0.9741571365812908 0.1696811524232891 111.74634396782426 0.36227305152075234 0.10585812755279235 -0.9260411939934746 194.84738155958848
-0.9207521260154581 0.19865659601385657 -0.3357842749418235 -375.8350682877318 0.14628903373857605 0.9736583133105672 0.17489713413621152 111.90046313046079 0.361683620096144 0.111915350964079 -0.9255592434699879 193.91033608594154
-0.9216223147318753 0.1964898235130985 -0.33467007372045715 -376.1576785189925 0.14533056367497588 0.9743462094378424 0.1718385620750667 112.04986988182279 0.3598490464766829 0.10973246288087947 -0.9265351856998845 193.00957331365137
-0.9222918568190377 0.1952668058655698 -0.3335395109613762 -376.4637506846776 0.14487933934718533 0.9747307233867252 0.1700293913307904 112.19008626287983 0.35831230494586497 0.10849373905001723 -0.927276334601142 192.15566598028852
-0.9222807148093193 0.19332454821501702 -0.33469971937286613 -376.754874484619 0.14472573387386387 0.9756599810315574 0.16474848517718518 112.3249782809532 0.3584030483205837 0.1035046881593518 -0.9278114218328797 191.34169766250352
-0.9226574604756391 0.19249087086011674 -0.33414140010504984 -377.0413025673247 0.14176885160338992 0.9751420306679678 0.17029272662040773 112.4540723048762 0.3586151186769799 0.10975101211501512 -0.9270112793251367 190.53156109152135
-0.9229001739886394 0.1898443698366909 -0.3349841549880435 -377.31580522526536 0.13951438306772823 0.9757580358226822 0.1686178888632437 112.5765303429035 0.35887463795728763 0.1088823712488627 -0.9270132811682106 189.75178127918906
-0.9228302913735915 0.188139488337365 -0.336136558933258 -377.621128540808 0.1364791105560094 0.9756990814409688 0.17141982049079124 112.71931538779238 0.36021896910792595 0.11231578430215611 -0.9260817776478576 188.89606255644975
-0.9227194197728135 0.1891904038635152 -0.3358509542342964 -377.9508067286517 0.135180325427804 0.9747557487680829 0.17770061862810707 112.87300456813948 0.36099190017417243 0.11856737042516542 -0.9250008792855837 187.98218896051554
-0.9225090727907493 0.18842970206067314 -0.33685495098051127 -378.2632874650914 0.1361432254924679 0.9754969035568029 0.1728317485406011 113.01748466041528 0.3611675965133956 0.1135783365453991 -0.9255581714275544 187.12848620817164
-0.9232363682735469 0.18786920788536018 -0.3351712532804741 -378.5791661398222 0.13469842902529722 0.9752049634015885 0.17558932933133586 113.1668501939897 0.3598484980032466 0.11696341344812963 -0.9256503758976011 186.2434976436773
-0.924490448564406 0.1857429823878915 -0.3328918067583511 -378.89625418069204 0.13200970482504676 0.9752210204270759 0.17753140327610129 113.3130723458073 0.35761829979070026 0.12018113750014409 -0.926102394902411 185.34365230164903
-0.9257553635591973 0.18008906065019564 -0.33248298764825984 -379.19622925322653 0.12988962095970685 0.9772496761824623 0.1676656099747985 113.454685096837 0.3551136342191406 0.11203124847741004 -0.9280858290892432 184.48463055465137
-0.9266617948140414 0.18070420469220008 -0.3296117540965175 -379.4958077139432 0.12952705166475714 0.9766684711089626 0.1712934336999569 113.59333347036876 0.3528748516387334 0.11603744201009042 -0.9284474412333191 183.62788962954573
-0.9277148869485434 0.17760150465899624 -0.3283333581543553 -379.7752550529589 0.1258578108632998 0.9768829387048471 0.17279911895633263 113.71804724588712 0.35143263931904867 0.1189849974166783 -0.928621381624934 182.81365417809084
-0.9280021363872853 0.17540330247048355 -0.32870308234497386 -380.0445862403722 0.12444261514283234 0.9775048086164276 0.17028912081568517 113.840518867009 0.35117811776511737 0.1171239967479493 -0.9289541963890021 182.0366467787283
-0.9277372762009128 0.1763121051398803 -0.32896441741996835 -380.3316033457443 0.12476260270811376 0.9771853745956215 0.1718808792213871 113.97062448404371 0.35176389711397593 0.11841784180419336 -0.9285684548969054 181.22115739549247
-0.927118654532011 0.17877680497910717 -0.32937798107982286 -380.6266166513143 0.12619423066008068 0.9764833263468207 0.17480082812951356 114.10076005247802 0.3528824401509196 0.12049550766777627 -0.9278765090598095 180.39669851217985
-0.9268827422073355 0.17667535871302123 -0.3311709525635354 -380.91139846693244 0.12573682496178937 0.9774671327174588 0.16955310467709805 114.2320690216076 0.3536645770313188 0.11551546251796499 -0.928212015044257 179.5952437376975
-0.926462348992387 0.17960812719257946 -0.3307694613259916 -381.2210009854023 0.1253864182551172 0.9758804499546561 0.17870532592358765 114.37489534619422 0.35488837965854064 0.12408975800877577 -0.926636913758922 178.7353899957128
-0.926323228636929 0.17867217283681042 -0.33166478670704946 -381.53664413534045 0.12525566996544374 0.9763623674629631 0.1761463724963717 114.51781799787086 0.35529747146464 0.12162558142058394 -0.9268068432607407 177.85454418131022
-0.9266224147369818 0.17365972869298132 -0.33348643021461744 -381.8489351034758 0.12319271532717817 0.9782144018129035 0.16709320445830558 114.66768099589987 0.35523858939778047 0.11374920973838837 -0.927829004659031 176.97675973789867
-0.9258602315857084 0.17607579973268636 -0.334335377004225 -382.1770941293646 0.12208667315877553 0.9767354546010067 0.17630285296157835 114.82288410347029 0.3575998822777825 0.12241390637449646 -0.9258170228079914 176.06793006729833
-0.9244878388965198 0.17871164565261338 -0.336725976783172 -382.5021069842896 0.12247693414244405 0.9757186423560683 0.18158340111888868 114.97287776693794 0.36100088135005043 0.1266304807973578 -0.9239280734978873 175.18087442686792
-0.9230463192806909 0.17673054851425393 -0.34168963356271703 -382.8161881630447 0.12135161829493896 0.9766424052469317 0.17732286093646354 115.12237912350382 0.36504695204805027 0.12221262412428333 -0.9229327154809748 174.3299307437747
-0.9212049141102857 0.1757336405450238 -0.34712993791930097 -383.1265913713968 0.1192370875893841 0.9767690301422517 0.17805835756338892 115.2699002310115 0.3703566161988551 0.12263747117321831 -0.920758398007845 173.503842435302
-0.9191320480938129 0.17498238066367872 -0.352955301170203 -383.4395502551348 0.11660855517747569 0.9766346671896697 0.18051917267356912 115.4120063961777 0.3762960576810472 0.1247633491879693 -0.9180606644841637 172.68432198146485
-0.9165535091940413 0.17675937548570997 -0.3587280139074655 -383.7627473305388 0.11598221325566775 0.9759546091403453 0.18455548516919723 115.55661671071745 0.3827241709017198 0.12754890856303797 -0.9150155654042014 171.86086646352467
-0.9138949126150517 0.17680382432413844 -0.36542645826580555 -384.105213611121 0.1153485415937133 0.9761679305138279 0.18382297296192035 115.70963907636919 0.38921819413862674 0.1258434707909558 -0.912508968838528 171.00883259010516
-0.912112537000346 0.1729220419998898 -0.37168358483713687 -384.45521264541145 0.10998172879684752 0.9766620088858236 0.18448669255523298 115.86722327121691 0.3949110522353767 0.12739422196355754 -0.9098439278429289 170.14356804104156
-0.9099573426797852 0.17164909251640795 -0.37751056083431883 -384.8229384221853 0.10828947865515677 0.9770847820060877 0.18324496605559304 116.03100656684738 0.4003136561694362 0.12586468055182987 -0.9076932625473463 169.2537785669144
-0.9084712396502634 0.1734003924907175 -0.3802792534603787 -385.22408459917875 0.10808656339058323 0.9763948127010572 0.18700391585441697 116.20702835046738 0.4037292428629987 0.12878460162044605 -0.9057688583975132 168.29900666044895
-0.9077767468555202 0.17559560771139293 -0.38092986286307295 -385.6189520877833 0.10995991785841931 0.9760191391351315 0.18787085060352346 116.38100880957418 0.4047841330054596 0.12865777315960278 -0.905315957593056 167.36591941438746
-0.9081813874450676 0.1760648593955309 -0.3797469325542844 -385.9870019462402 0.10965370722543549 0.9756231131546088 0.1900936757765309 116.54275963518273 0.4039587008470962 0.1309988792491972 -0.9053489170730709 166.48280575419142
-0.9079165859255077 0.17566105555207714 -0.3805662446456654 -386.3347008288176 0.11107161605319597 0.9763157859895699 0.1856625490908293 116.69328972755879 0.40416651161211364 0.12629599989668197 -0.9059242525186055 165.65360946328076
-0.9077209965769676 0.17637548491987246 -0.38070235183486945 -386.6799344263807 0.11245739162257987 0.9764279107545615 0.18423319507877103 116.84229959245367 0.4042226211418227 0.12441954596752909 -0.9061588432159506 164.82954879935812
-0.9068726828646303 0.18213210272909916 -0.3800129395552063 -387.0382192406322 0.11487473966284997 0.9744702704658391 0.1929027894190016 116.99464696866566 0.4054451026480693 0.13128438267256137 -0.9046428464344272 163.98375685514267
-0.9059234882747625 0.18599475658188935 -0.38040581477697494 -387.3677365550449 0.11788021867020722 0.9736301197671983 0.19531677840979286 117.13372787480586 0.4067024556581304 0.13209973658625948 -0.9039594969662573 163.20114892427057
-0.9050320541898669 0.18283833240231237 -0.3840405253267105 -387.6588889140805 0.11669062466525687 0.9749828554752635 0.18918702292847248 117.26099601091155 0.40902356778565385 0.1264063911898729 -0.9037262557114566 162.49308478803533
-0.9027933061500637 0.18332680295833959 -0.389044380100415 -387.9589937748263 0.11528245293875555 0.9746478149962586 0.19175920517004477 117.38975015335743 0.4143358570230974 0.12826893638015893 -0.9010398867668622 161.78939096777574
-0.9002070812482227 0.18515114028076068 -0.39413990678855976 -388.25919805398274 0.11472798012879815 0.9739706110086085 0.19549613670630075 117.50852769060813 0.42007701846938206 0.13076813122567751 -0.8980172573005598 161.1037658358482
-0.8964995334199392 0.18598221449934504 -0.40211839359541307 -388.54185059505164 0.11439242206818022 0.9740177489129258 0.19545792021807804 117.61883320032679 0.428022149369878 0.12922863727719278 -0.8944814134213582 160.4798523194668
-0.891525772280546 0.18636974341081147 -0.41285362551462357 -388.80880365086153 0.11332840408946883 0.9742222967442835 0.1950579128177885 117.72280381849006 0.43856410043015803 0.12711111386218604 -0.8896652710691824 159.90736808100132
-0.8871118370780434 0.18555016101167066 -0.42261534078233215 -389.0812958569669 0.10918908451503857 0.9740113645470949 0.19844295290052158 117.82676126983662 0.44845326661625545 0.12989611034073867 -0.8843170631507443 159.3317670883987
-0.8830154966293642 0.18237782055678514 -0.4324603603584483 -389.3606933658832 0.1052536224761172 0.9748940401588014 0.19622254054646446 117.93293115073106 0.4573896672073558 0.12774952458545738 -0.8800424713047291 158.75582645053353
-0.8796308778726036 0.17765708778789485 -0.441234039770054 -389.6238062361475 0.10057839560684248 0.9761261339041531 0.19251430348545387 118.03477830180624 0.46490160790239216 0.1249629139707441 -0.8764991529383881 158.2188912080874
-0.8770098964961273 0.17957946742411976 -0.4456510477128111 -389.88654179158647 0.09721526971966941 0.9746650237751967 0.2014380370303282 118.13153343220023 0.47053462442331206 0.13333906520209624 -0.8722487379812278 157.70025523654274
-0.8745802040475693 0.1847104543609924 -0.44832077214631955 -390.1590102722258 0.09995187502040237 0.9734194235667469 0.20606855292084914 118.22783021802198 0.47446716363518865 0.13541297527468363 -0.8697955143361213 157.18961462946982
-0.8744811096826237 0.18395433480779466 -0.44882467792410113 -390.4105989196134 0.1001093030868319 0.973822545699996 0.20407786975037892 118.31827110912327 0.4746165992079488 0.13353071628582305 -0.8700049606550971 156.70454612993325
-0.875787347870551 0.18230028604232304 -0.44694868499499796 -390.6670384648644 0.1012785643984083 0.974728346338653 0.19911630580471557 118.41678121578042 0.47195251212729733 0.12911722020244296 -0.8721178645939595 156.20493921639329
-0.8791066494070993 0.18737556241818884 -0.438248670935458 -390.92997074924403 0.10759765286704127 0.9737665190885247 0.2005031456105517 118.52201803806312 0.4643212724673835 0.12910912016851953 -0.876205792621563 155.68872077673268
-0.8872953960861393 0.18575715032649504 -0.4221387937478921 -391.16609201751646 0.106854907076282 0.9731962292161019 0.20364461267925565 118.61976480268876 0.4486523252119209 0.1355853256888231 -0.8833615967087278 155.16102296526577
-0.8987194041980364 0.18543610241001676 -0.3973875745930066 -391.39130433749204 0.11255441990659766 0.9733782190725028 0.19966558340068685 118.71750323918508 0.4238336172101249 0.13471560621631226 -0.8956655460406822 154.62405792090462
-0.9129271472375347 0.18271486018586555 -0.36493739696556227 -391.59008102544686 0.11841840477880958 0.9743078671505042 0.19157573285330828 118.81526023129916 0.39056511012426814 0.13167938288091702 -0.9111089039613869 154.07818009502228
-0.9284415141741439 0.18040134565361235 -0.32473328939976726 -391.7615401406526 0.1249332569254366 0.9748810570891285 0.18438710866758262 118.91123390763468 0.3498400149668832 0.13062265888869884 -0.9276581724497543 153.51462632092304
-0.9450148814236622 0.1780642698043589 -0.2742990880532896 -391.8889442276369 0.13138581719237344 0.9748219944180141 0.18016616285968493 119.00464931199812 0.2994739403162109 0.13422069519239638 -0.9446164110651228 152.90657155294963
-0.9602181025851818 0.17556756296031814 -0.21715714656416954 -391.95838825414404 0.13854556666916376 0.9746982234070615 0.1754095186796978 119.09544275732912 0.2424589066708777 0.13834523527500717 -0.9602469861721339 152.29102922014474
-0.9716565699369697 0.1733743887060833 -0.16070106234595677 -392.0016853407562 0.14591085929296602 0.9746976781083155 0.16933534017047966 119.18700142929492 0.18599336342653533 0.14108776570296638 -0.9723686086717477 151.62836817447464
-0.9791628954551714 0.17112309757605063 -0.10934765493519644 -392.06041033217076 0.15230686739727664 0.9749760362078752 0.1619393311212987 119.29347205914145 0.13432290313821293 0.1419105855683857 -0.9807235815438318 150.86646699470194
-0.9837006381390025 0.1696758056758117 -0.05952457889971169 -392.0937152239164 0.15879404047551332 0.975044127543818 0.1551560570902113 119.39772244799065 0.08436532009294484 0.14317496397968285 -0.9860950372327366 150.05758062187527
-0.985567261347992 0.16882938582861587 -0.012402090136587324 -392.0970762859012 0.1651972666796079 0.9751893379825403 0.14736220060370478 119.50290757557337 0.0369734558921738 0.14318656908352756 -0.9890048382052934 149.20603171485766
-0.9856016847472666 0.16534283936142782 0.03537039009193542 -392.06466460011075 0.16870672394917907 0.975608574964618 0.14044910021017645 119.60004003389994 -0.01128540285902859 0.14439409242560167 -0.9894559038961248 148.3755267300409
-0.9831005224811145 0.16254420920909826 0.08421842286550989 -391.9984555706454 0.17259815715100818 0.9763146821817349 0.13045887284680613 119.68582890170906 -0.06101834843259373 0.14279013064274287 -0.9878703051239005 147.60173645919886
-0.9787813546273835 0.16071958364312186 0.127107337582733 -391.8887091296278 0.17581110508804895 0.977318876853798 0.11806044330322847 119.77094483770355 -0.10524977511381657 0.1379022421094625 -0.9848377817994574 146.79888549107682
-0.9745724462560933 0.15586206188324314 0.16098311918932137 -391.7259287432815 0.17525025732499666 0.9778816884818144 0.11416983244046129 119.85457829235362 -0.1396276989208886 0.13947910595305696 -0.9803314157449994 145.91037044758707
-0.9719295529381953 0.1511851921146723 0.18026641897650986 -391.54383241393725 0.17363351921697057 0.9779573517832967 0.11597766637304133 119.93785128861788 -0.15875876394610658 0.14402241415229666 -0.9767564686717206 144.97730436713826
-0.9713835156371095 0.1483976052512648 0.18545138528515873 -391.35745748873813 0.17156363386849502 0.9783471921967626 0.1157699920296843 120.02589310291548 -0.16425585250557226 0.1442737754285422 -0.9758099674840709 144.02163088408275
-0.9715166416931174 0.1476102434420426 0.18538239113873003 -391.17761452367637 0.17070628624898618 0.978535084665293 0.11544891473795786 120.11416373989981 -0.16436173139880245 0.14380648146058458 -0.975861115703211 143.0793792174711
-0.9718799120156344 0.14602596917641922 0.18473184064090098 -391.00069083391827 0.16895253501141608 0.9788826273348834 0.11508189612261767 120.19888827958036 -0.16402584410300927 0.14305669585184638 -0.97602781939771 142.1534035515845
-0.972637682369016 0.14333918017447692 0.18283822976265904 -390.82291593040225 0.16552384966620828 0.9797776094182141 0.11241748651527926 120.28195830355025 -0.16302697331274116 0.13960557119844055 -0.97669467617206 141.23215736775305
-0.9732313750573864 0.14217405537853103 0.18057471744720038 -390.6498505069104 0.16398683364525676 0.9800627627021782 0.1121842215090078 120.36629782347855 -0.16102487073404972 0.13879308030950657 -0.9771425033552079 140.31970148869473
-0.9738429575126437 0.1396968266826744 0.1792057217775797 -390.48098003899565 0.16179609433402786 0.9800728141702248 0.11523585719174184 120.4467058401279 -0.15953657248821507 0.14121641384503253 -0.977039408877381 139.42504686506265
-0.9740317247772304 0.1391122502609445 0.1786336501189945 -390.31397462049415 0.16117691915399157 0.9801370232732807 0.11555698309070474 120.52728428900366 -0.1590100621329585 0.14134778893330313 -0.9771062392105273 138.52622143663615
-0.9740397056205466 0.139510821153891 0.17827894619278914 -390.13973212875544 0.16131336536439345 0.9802682989690592 0.11424561344369559 120.61441669468316 -0.15882269998164222 0.14003854047111158 -0.9773252054220557 137.57325838589534
-0.9745073787269565 0.13663452985878777 0.17795048203640718 -389.95810973453496 0.15915181571074238 0.9800491745502306 0.11905593231498861 120.70896841679794 -0.1581330716918387 0.14434202684486863 -0.9768107856302675 136.5807329856711
-0.9752360567023798 0.13466112593511972 0.17544519049972274 -389.78222071540074 0.15689764694860261 0.9803352572043811 0.11969090134181863 120.80424648559058 -0.15587739441493906 0.14425382020560368 -0.9771863042769787 135.595435441009
-0.9758346030513431 0.13456838807431307 0.1721574175535704 -389.6131891281328 0.15513988220340547 0.9815032619443108 0.11217381041310978 120.89935779005589 -0.1538780180452927 0.1361715672369361 -0.9786617698871711 134.63844901294686
-0.976613420123663 0.13177463954975724 0.16988723320455484 -389.4600963363512 0.1525258877990248 0.9815298747381276 0.11547709100804418 120.9827323736377 -0.15153244268303462 0.13868867786554132 -0.9786742918082716 133.76139976190106
-0.9779020088585554 0.12934578520807335 0.16424776686248913 -389.3210082077661 0.14971728401083412 0.9816187269912724 0.11836135217400327 121.05642538415516 -0.14591914178348048 0.14033653362166837 -0.9792922247175395 132.94128145902224
-0.979343293695833 0.1292185061834404 0.15552906722771626 -389.1783436518201 0.1481246727162561 0.9820469067854568 0.11680305734793046 121.14524332006444 -0.1376437227980482 0.13742798307783466 -0.9809015011923743 132.0568820208153
-0.9806094648390161 0.12782192524948335 0.14854841935766264 -389.0338121748382 0.14604878552185438 0.9820882305709963 0.11904813993308223 121.24188102142132 -0.13067069187746916 0.13843504902823692 -0.9817132511506679 131.11760080025272
-0.9813140723605962 0.12756893629539762 0.14404463849629937 -388.8937089038758 0.1454766410529089 0.9818724887234085 0.12150293328174727 121.34254240000443 -0.12593346773210246 0.14018766843259048 -0.9820835908029432 130.15363461733654
-0.9818577853861497 0.12800867798438187 0.1398894836551444 -388.7612867590754 0.14548999673892896 0.9817043158421306 0.12283850009604602 121.44508469099206 -0.1216057158423037 0.14096245818525655 -0.9825180075992764 129.19494173299267
-0.9815082237057655 0.13246817186461327 0.1381802816642326 -388.63642857583983 0.1494196874526047 0.9814026818684078 0.12050947275242782 121.55042514162855 -0.1196468294587278 0.13892789303933537 -0.9830481558581585 128.26376003419495
-0.9809334242614741 0.13339223933534308 0.14133692953990357 -388.5013396264584 0.15099202765642725 0.980962620878298 0.12212184089583265 121.65759667666761 -0.122356138999506 0.14113414514102676 -0.9824001874615285 127.28819039956835
-0.979890826170209 0.13559298799062322 0.1463848024736389 -388.3526243104449 0.15391535283117774 0.9805145173291595 0.12207106729125139 121.76765277999954 -0.12698044318053958 0.14214718750135494 -0.9816670230455588 126.25621505957386
-0.9791318282344036 0.13455461830666207 0.15230206049396966 -388.2013813941881 0.15365686274973098 0.9806279288651513 0.12148429388015496 121.87109433174588 -0.13300538135079823 0.14235139557446386 -0.9808392573249363 125.26482600408497
-0.9778993532597624 0.1377422901218003 0.15728927619563285 -388.05046922525906 0.15687878433675845 0.980722179857574 0.11650344613115375 121.97467332894679 -0.13820963034161454 0.13860399506296742 -0.98065642843629 124.28899215448112
-0.9767819081096211 0.13884328639130233 0.16315528129299503 -387.88733547997725 0.15903612478093698 0.9801975391729574 0.117984300709657 122.08184495870884 -0.1435430771733573 0.1411925140485388 -0.9795203208572336 123.28171243099858
-0.9755307057737741 0.14079248534985517 0.16887071433951736 -387.7195060960322 0.16237711177227673 0.9792039961491221 0.12162733039119666 122.18851542711285 -0.14823466418156805 0.14607193431527515 -0.9781050425901979 122.282157326929
-0.9744612859415502 0.14194265232571357 0.17400426906224953 -387.54480874960615 0.16431765037639143 0.9788701666531101 0.12170828489178706 122.29714974832271 -0.15305199108776324 0.14719198445316067 -0.9771947644849583 121.27663867647232
-0.9730114192632755 0.14618820002011126 0.17854351894748763 -387.3698272102441 0.16882331479105966 0.9784480803143115 0.1189035008408222 122.40836022851964 -0.15731327460272182 0.1458367728116748 -0.9767211318127841 120.27701543327161
-0.9719514338494727 0.14884109749460794 0.18208991716885448 -387.19326945099056 0.17215963265044654 0.9777676144160437 0.11971446481034878 122.51859607405633 -0.16022319159105408 0.14770517897408003 -0.9759670634712079 119.28656911474252
-0.9716193948553663 0.14744641820629248 0.18497379624971869 -387.0014375953384 0.17177930426919374 0.977400721313129 0.12320592762271176 122.62812360340504 -0.16262724914875043 0.15148393886718062 -0.9749897405099174 118.26557046019968
-0.971185098257208 0.14673333961563867 0.1877999786165711 -386.8100878261799 0.1716182122756073 0.9773442154099686 0.12387684941103169 122.73689757678416 -0.1653683589398775 0.15253724676261846 -0.9743642513001046 117.26201835670926
-0.9708111589033314 0.1467799350984831 0.1896874914201289 -386.62347415753237 0.17109122021127632 0.9780653450089212 0.11881066980369419 122.84173206758953 -0.16808773933691173 0.14779658840809035 -0.9746295092698238 116.29830581794955
-0.9704841915114328 0.14702262357536694 0.19116689614947066 -386.44185982297483 0.17120334479676688 0.9782937950514189 0.11675044023170947 122.94419630108449 -0.16985243229582123 0.14603286863207904 -0.9745894276680213 115.3523159988847
-0.9708864546744363 0.14540458282750923 0.19036018339576105 -386.26681635268454 0.16886447055447143 0.9790963458268083 0.11338049291194403 123.03437289428561 -0.1698949166810722 0.14222465637629375 -0.9751450478798415 114.46115044637062
-0.9713841277637029 0.1436230737008635 0.18917000034221138 -386.0955762356618 0.16699002774768193 0.9793530090670546 0.11393864254123892 123.1249697614519 -0.16889999100528386 0.1422676925096757 -0.975311589547868 113.60009638957439
-0.9717344067826411 0.14246175642230355 0.1882468874427056 -385.92506710696574 0.16643406316897194 0.9789304795820398 0.11829969891064902 123.2187771603351 -0.16742743291307347 0.14628658209950532 -0.9749709178256469 112.71298265680727
-0.9715569111738701 0.14338621613060998 0.18846103409999743 -385.7517419530292 0.16783693412492312 0.9783781988054998 0.12085885836651764 123.31678510349467 -0.1670566727007372 0.14905198128792937 -0.974615603702456 111.78326260568963
-0.9712541879458851 0.14379793017909995 0.18970360479914877 -385.57725634288215 0.16817335157767424 0.9785121207264584 0.11929691282906932 123.4109059297427 -0.16847262749989247 0.14777071721968726 -0.9745669750795289 110.86971459609339
-0.9711577136904203 0.14293250871340912 0.19084808904595485 -385.39927801987153 0.16705090852715154 0.9789986185239522 0.11685760090149122 123.50508797115766 -0.17013726546484567 0.14536850718463637 -0.9746390655104362 109.97203498993642
-0.9709666054532409 0.1421788557433477 0.1923772961503734 -385.215554959301 0.16728677315696552 0.9784290484763548 0.12120945765240702 123.60479668210672 -0.17099411282657292 0.14987251274724298 -0.97380657386438 109.04055106609266
-0.9707987836010844 0.140638806759292 0.1943462060138638 -385.0348585950476 0.16667492812977291 0.9780840956832975 0.12478369326288927 123.69930483260565 -0.1725375034350397 0.15353249755251758 -0.9729638133577688 108.13853042017728
-0.9705586660122347 0.1415446970733081 0.19488708156002107 -384.8682690529487 0.1663476560846995 0.9790598114209151 0.11734710467486648 123.78806547729775 -0.17419624893689314 0.1463112585923328 -0.9737806131082323 107.31490140523651
-0.9701445278718791 0.1404238589434178 0.19773905754729698 -384.70215926037605 0.166083922489964 0.9788153821007014 0.11973545194891466 123.88192778748342 -0.1767363169543895 0.14900197180742883 -0.9729145320463134 106.4883464402921
-0.969968747001591 0.13792226733132967 0.20034489764991276 -384.52642669822 0.1653737690855526 0.977967716600323 0.12739961454413323 123.97077335894896 -0.1783595983921465 0.15670543532928302 -0.9714068458682249 105.61874283354861
-0.9698772454882809 0.13764811347942962 0.2009754351646586 -384.35775250807006 0.16441795698996595 0.9786711903062201 0.12316426707392558 124.05529529263623 -0.17973553934410466 0.15249819054718358 -0.9718227398947401 104.81077536361394
-0.9700641626230455 0.135794963878401 0.20133367373521538 -384.2079744957328 0.1630080005258518 0.9786308725126935 0.12533956729466308 124.13299594749317 -0.18001086678036674 0.154406421985333 -0.9714704034043803 104.10474609430413
-0.9704577212125868 0.1330120774306211 0.20129480518997162 -384.0772924558962 0.160896793952754 0.9784876591145162 0.12912831856848717 124.20308707229185 -0.1797888568143305 0.15770126257639674 -0.9709821207144896 103.49101734259406
-0.9706940455281173 0.1316717682006834 0.20103635351639138 -383.96196625243647 0.1606132180756684 0.9777222572355755 0.13513912048535162 124.26750787026042 -0.17876371039906394 0.16346783526150208 -0.9702173996993042 102.93980342382758
-0.9707748652025944 0.13332849881432005 0.1995486719946013 -383.8505730425155 0.16153021742223 0.9779450512570913 0.1324064408603198 124.33133143587696 -0.1774940842687915 0.1607699851517366 -0.9709010567116996 102.3934294781938
-0.9716241756640707 0.1316108141209718 0.19653257966946527 -383.7428177928747 0.15918346475998155 0.9784162191770781 0.13176618154232353 124.3934188485268 -0.17494880911891933 0.1593119444914641 -0.9716031178059393 101.86325837913351
-0.9727526945443962 0.13045070421205265 0.1916632698959324 -383.65581579073904 0.15787399083978662 0.9781137874090233 0.13553310258641632 124.44507496258029 -0.1697880981486661 0.1620988360567716 -0.9720575955549652 101.40179447067668
-0.9739182256006598 0.12991384390614477 0.18602602776062616 -383.5769347555171 0.15654642769722268 0.9782009365965818 0.13644098950393777 124.49555675167932 -0.16424526117397195 0.16200407650150278 -0.9730252686229636 100.96593256404259
-0.9751656755488203 0.12900489704500503 0.18002678070172137 -383.50089553886465 0.154945242188953 0.9781881146965749 0.13834733170311708 124.54920686649167 -0.15825257392669903 0.1628058623169717 -0.9738841686981072 100.54131099041766
-0.9768885116150688 0.1262708732419375 0.1724659457551516 -383.43192891400975 0.15194396218320289 0.9777238810602131 0.14480692235051704 124.60040992723431 -0.15033917729777008 0.16766537798626555 -0.9743133237281291 100.13699291343687
-0.9790219190823397 0.12296423876034193 0.16246808284222228 -383.36919654064985 0.14742604108280238 0.9778987330319263 0.14825528774789248 124.65038356966004 -0.14064723376942045 0.1690972025807868 -0.9755124251962985 99.74045823268851
-0.9808031951423531 0.12170314528691546 0.15235956427421213 -383.3244412944624 0.14461964740212999 0.9781003996527193 0.14968221599268058 124.69389501247794 -0.1308061542276967 0.1688429821652867 -0.9769246631085194 99.39414211038215
-0.9821521290503591 0.12208750124968627 0.14307982890840873 -383.29065856787366 0.14324819666830216 0.9785021963059097 0.14836915439469098 124.73291583263538 -0.12188990751137534 0.16621700834488498 -0.9785268297720541 99.09009197655824
-0.9837232036846214 0.11985252466314245 0.13388065903759386 -383.2528140502554 0.13935647390694142 0.9792190438708189 0.14734258481833562 124.77722581454248 -0.11343911015471742 0.1636014561444818 -0.97998272017149 98.7524504325541
-0.9849029111537884 0.12001439397977065 0.12475095526073512 -383.2225154453493 0.13787115601177719 0.9796214862504856 0.1460591935359465 124.82356265123995 -0.10467951060629893 0.1610536833296984 -0.9813785768729439 98.4023550051602
-0.9859591155648402 0.11997588821961203 0.11614821858521202 -383.1933217409759 0.1364335071536152 0.9798254126424217 0.14604129164684138 124.87320118219725 -0.09628354252086878 0.15983725155929082 -0.9824365284605443 98.03486355218702
-0.9873906880583919 0.11607623697404801 0.10763798746504294 -383.16125498515635 0.13128345154221208 0.9803757920948242 0.14706448118296708 124.91940812489176 -0.08845498565227516 0.15934118577566755 -0.98325281694428 97.6741000127267
-0.9884149366046503 0.11378509112966599 0.10044334788050216 -383.1296615721722 0.127816449016858 0.9809060170483072 0.14658219905279246 124.96860313197368 -0.08184661543125257 0.15772234703758592 -0.9840857649551719 97.28847702929964
-0.9886935444737543 0.11629883327428722 0.09465546204508518 -383.09654096501123 0.1288512957556117 0.9817893976921804 0.13959556641000878 125.03086018391886 -0.07669692756577243 0.15021371428158742 -0.9856740948932878 96.82814062112912
-0.9892010038023139 0.11451738123254454 0.09147209121988574 -383.053726131153 0.12659126888800246 0.9821032027510458 0.1394559062480663 125.09528393985535 -0.07386490856844631 0.14952949054211215 -0.9859943745987567 96.3377253816325
-0.9893822414415581 0.11259195929712189 0.09190120250420236 -383.00593127903096 0.12485665566535409 0.9821127749059428 0.140944361017452 125.16126387850015 -0.07438814324975986 0.15092232461829308 -0.9857427940774741 95.82232562061117
-0.9893256052430082 0.11106477788156743 0.09433695948396001 -382.94773760207136 0.12368400762509787 0.9823107084141839 0.1405985006770146 125.23587747866715 -0.07705266425215537 0.1507656699946887 -0.98556207297293 95.23255407060138
-0.9887836867493478 0.1119239913093547 0.09889307856344673 -382.8774527726964 0.12542822393357964 0.9817442888122208 0.14298920247857982 125.32688900200661 -0.08108379282717844 0.1537893739956553 -0.9847711647823495 94.52124583887766
-0.988178104439481 0.11038924674366221 0.10638725539164001 -382.7886145187896 0.12559916702086057 0.9808454849088315 0.148885808516564 125.43117215785466 -0.08791406684976864 0.16048784669666233 -0.9831148294642925 93.72351503834942
-0.9873904557310347 0.10884598790389377 0.11494624329872638 -382.6964863625718 0.12584748220302364 0.9802039686063321 0.15284826185325778 125.53183848558311 -0.09603384379699012 0.16538661023682463 -0.9815420367971766 92.97009497147516
-0.985778029932499 0.11092650198747525 0.12624177937287168 -382.60458102533494 0.12977102144941308 0.9797555150341448 0.15244216198991406 125.62877728058737 -0.10677620378334592 0.16665665878387637 -0.9802165068945808 92.24126307341166
-0.9839469961947829 0.11328596014688334 0.1378934368012766 -382.4901461306224 0.1335458030889415 0.9799524293435896 0.1478470652428796 125.7389533264564 -0.11838001164300957 0.16388876550026518 -0.9793501137929183 91.41706772543982
-0.9821787191983062 0.11671630081424368 0.14731689882093785 -382.35626150958655 0.13796467338461835 0.9800026696994795 0.143389386914702 125.86100108136726 -0.12763507531966115 0.161158532216377 -0.9786404932568493 90.50398874093501
-0.9804207955411937 0.12004307868178353 0.15609203352822645 -382.21404259476896 0.14259466491614597 0.9794893030828808 0.14236385314984354 125.98093133926595 -0.1358006819122439 0.16183437337851564 -0.9774291843327344 89.58314949193701
-0.979314971188875 0.12038550122189426 0.1626330787413532 -382.0612049409501 0.14425161538335365 0.9790172251057925 0.14393312476790338 126.10025967043634 -0.14189312409215415 0.16441594825841147 -0.97613202861788 88.64611777858839
-0.978613994962754 0.12094306591517157 0.1663953835600076 -381.89109029056533 0.1463889766463971 0.9777445585427058 0.15028588009708585 126.23160332452329 -0.14451614573972257 0.17143031542633594 -0.974539240140367 87.61448776102306
-0.9781728323273562 0.12168188414102235 0.16843820578649446 -381.7236011592671 0.14757551235714905 0.9774752255347673 0.1508762791769679 126.3544619643853 -0.14628526326738503 0.17244043185300748 -0.9740969762878549 86.63259308976309
-0.9777227280151002 0.12250531476344685 0.17044270291632876 -381.562649300319 0.1485526260535942 0.977530197023618 0.14955544523538108 126.47432573354486 -0.14829155206988923 0.171543469014942 -0.9739519771646981 85.70104817944649
-0.977431337539388 0.12146183172463873 0.17284387125398196 -381.39056477404154 0.1482701081228786 0.9772367859087201 0.15173740245578807 126.600626422593 -0.15047908636484342 0.1739404717163172 -0.9731910176660636 84.72357171208097
-0.9771218841649254 0.12133001599253679 0.17467641714107174 -381.22249789140636 0.14812564518366036 0.9775936319284845 0.1495643140986667 126.72075767478078 -0.15261591242369146 0.1720166213833144 -0.9732002184766273 83.78126843918018
-0.9769898424636205 0.12094291211187948 0.175680561624822 -381.0608973655442 0.14748014870451273 0.9781089393936108 0.1468077260106092 126.83766913028064 -0.15407937389868273 0.16933905246046757 -0.9734391772734352 82.88209740549871
-0.9768986550653203 0.11989614834202687 0.1769009082631285 -380.89388872759747 0.14727907001979781 0.977533865508298 0.15078599841667528 126.96097602154727 -0.15484796823231867 0.17335644031058173 -0.9726097117226251 81.95652138327283
-0.9766884355154759 0.11899582761706361 0.17866083213750802 -380.7300071850694 0.14752283880665318 0.9766864762184446 0.15595043828867197 127.08276651438027 -0.15593816710723366 0.17867154273059888 -0.9714729887431279 81.05415450783252
-0.9767915551326535 0.11675490331068915 0.179573245152079 -380.56720964526596 0.1453031240697794 0.9771629437191576 0.15504703659753677 127.1998932809645 -0.15736981907945338 0.1775411895167618 -0.9714493636149415 80.18030213091947
-0.9764479652312014 0.11750897585075736 0.18094477552656069 -380.39416210029145 0.14600234926869693 0.9773543114256327 0.15317266056889486 127.32733079500582 -0.1588479940190411 0.1759834950563207 -0.9714922152358659 79.24216608773455
-0.976068963187853 0.11741653016834436 0.18303753042646886 -380.21424825769094 0.14653650168022467 0.9770396190657795 0.15466297698907433 127.45569734705587 -0.16067492889905477 0.17778341097815392 -0.970863855545286 78.27705685785627
-0.9757203325153642 0.11681890960237151 0.1852651480322855 -380.02901549534835 0.14638761199366154 0.9770235579446777 0.15490524289358745 127.58603654192568 -0.1629125525271318 0.17826471771060184 -0.9704025920455156 77.30755555461755
-0.9753391761396515 0.11782190596961047 0.18663196393147266 -379.8474954901843 0.14790201480603637 0.9765519313412728 0.1564331148125292 127.71608568127228 -0.1638245570833195 0.18017858881488302 -0.9698954534531714 76.34851515022835
-0.9747147371264971 0.11998320152414957 0.18850785813976867 -379.6696180061068 0.14934719073625366 0.9773136997442686 0.15017772441798233 127.83948004314975 -0.16621250809616428 0.17453356022321084 -0.9705212200195289 75.42309354592787
-0.9742816681049193 0.12038894220248052 0.19047764643145865 -379.486107990503 0.14993766510675488 0.9773753913696921 0.14918458676177193 127.96617291023937 -0.16820798963496103 0.17390758160676417 -0.9702897635668702 74.48512406628123
-0.974400815930128 0.11790000370338347 0.19142267117937517 -379.29164341015814 0.14813214512439934 0.9771899567686604 0.1521731118539423 128.09356823239756 -0.16911510132318014 0.17663345526035043 -0.9696394716528622 73.4954788995355
-0.9738881728232581 0.11935297528387807 0.19312352038492342 -379.1046455340579 0.1495813174975688 0.9772500906492269 0.15035853744225677 128.21953336277465 -0.17078423899959866 0.17532007191696136 -0.9695852804639523 72.52879609268014
-0.973532132126193 0.11835142949783761 0.19552014436791737 -378.93515575638986 0.14938589969828583 0.9769552060653205 0.15245451227564966 128.32889500962335 -0.17297121346966127 0.1776273190635112 -0.9687773195286645 71.67458358716996
-0.9727188831620891 0.12027642500107376 0.19837226602744476 -378.7814399232467 0.1516906470906005 0.9767320106573575 0.1516064871384991 128.42877418529486 -0.17552185597565245 0.17756171024801937 -0.9683304792934397 70.91356368655961
-0.9715119080258672 0.12012099587623262 0.20429282638811708 -378.6305353160861 0.1525341011574398 0.9766788220170584 0.15110204038155378 128.5223176864319 -0.18137794945371868 0.17795905420370833 -0.9671776540423624 70.21290387292639
-0.9697273753657194 0.11812947524572855 0.21371533530490044 -378.477315984765 0.15242450864338242 0.9765841645352387 0.15182272143470069 128.60629649668633 -0.190776273763645 0.1798021041511573 -0.9650262259191078 69.55376550588018
-0.9671133546235824 0.11791753639601689 0.22536018707619773 -378.30915678107544 0.1532984942357181 0.9772560315130862 0.14652720067059466 128.68971314250348 -0.20295647556505034 0.1762557899236016 -0.9631939397362412 68.86766266158655
-0.9618629550948022 0.12019982069758141 0.2457064482681871 -378.11908453891476 0.15747911831809908 0.9778136031388837 0.13813357597019277 128.7791614182144 -0.22365147643164074 0.17155920441884687 -0.959451643632508 68.14697244435062
-0.9525445926900764 0.11684965558787244 0.2810782042882292 -377.9023180064491 0.16007545753853442 0.9776860841230258 0.13603590998709755 128.8570487740808 -0.2589104996533153 0.17457399262543086 -0.9499943548611687 67.46904874050287
-0.9398102318137604 0.1119618528324179 0.3228331948367476 -377.6659264912598 0.1627084716554448 0.977439121860321 0.13468005163526925 128.9217775110511 -0.3004707663479416 0.1791013862795624 -0.9368244296574577 66.86037686787424
-0.9254882596654116 0.10757442886558365 0.3631793268837512 -377.4217988177824 0.1651297874187609 0.9774979590095343 0.13126268867897892 128.98329740180202 -0.34088654201732066 0.1814538023477126 -0.9224266274804906 66.29354330910259
-0.9105055962299685 0.10377214241769643 0.4002635402980817 -377.16185606504706 0.16729679281889565 0.9776811776036175 0.12708775736521677 129.03807419987447 -0.37814196057357197 0.18267692086755133 -0.9075449301472223 65.75853581603936
-0.8941755797747707 0.10096783381616585 0.4361829078138289 -376.8952333149574 0.16925566372993883 0.9781723010656372 0.12054654587875568 129.09012842230814 -0.414490715010354 0.1816162051206659 -0.8917471621529135 65.24109767717631
-0.8788871374413731 0.09600840011308515 0.4672684311483473 -376.595163236562 0.16856613796938474 0.978848533689148 0.1159353493318403 129.14689363679966 -0.446254251262886 0.18065972213621623 -0.8764811509824195 64.7049894553978
-0.8677280319048737 0.09113330666213325 0.4886131220744314 -376.2803924009418 0.16884184008567538 0.9786364244555408 0.11731658776729907 129.203036728891 -0.467483150159427 0.18429723043416674 -0.8645773737331522 64.16504883036761
-0.8602674955499585 0.08555353480355431 0.5026135978888975 -375.9455439639616 0.16612179867987953 0.9790582704120758 0.11767944230442513 129.25784316776353 -0.48202010757183916 0.1847308740312122 -0.8564643133698552 63.61294446773124
-0.8559456521901601 0.08447336244634557 0.5101188994085332 -375.5957690895263 0.16653551570277694 0.9790320454859244 0.11731230080968115 129.32358048470903 -0.489512985023253 0.185365867809203 -0.8520660376666623 63.03228078067506
-0.8545229788604052 0.08753681367910698 0.5119841646481386 -375.23017734169673 0.17037769047906265 0.9783979133407957 0.117085292660528 129.39638873222307 -0.49067496490707996 0.18728275259961785 -0.8509778195653203 62.41112571095915
-0.8544045131532001 0.09174454661961723 0.5114448807730968 -374.86472598458505 0.17296238426838242 0.9783735970708716 0.11344213583498958 129.46925984429726 -0.48997647038571474 0.18538619883952603 -0.8517951724142306 61.78397069742965
-0.854612582149082 0.09615235286210762 0.5102862524814504 -374.50856426059045 0.17606401246881972 0.9781507624342336 0.11055563966940263 129.54385960542038 -0.48850670204804925 0.18432528580857224 -0.8528689178682307 61.16890207909718
-0.8553750776975165 0.0940978681902947 0.5093908790467423 -374.1447200050952 0.1760273788312 0.9776459389295956 0.11499034740486169 129.61475512016798 -0.48718357767456466 0.18802661858501607 -0.8528177720637021 60.55017811923354
-0.8572311228508986 0.0949252493376975 0.506106707181368 -373.7908270832956 0.17687401350786 0.9773411418785333 0.11627500048243467 129.681122277428 -0.4836014736964857 0.18919167378546126 -0.8545970542945038 59.944651150804404
-0.859661521552195 0.10043665635460192 0.5008937476380356 -373.37478623781686 0.17787819800662955 0.977976411453272 0.10918555451569122 129.76360368696285 -0.4788960378166469 0.18296069714911972 -0.8585941813582393 59.22919448471586
-0.8617516124124324 0.10222484558337401 0.4969247824872813 -372.93768603546704 0.18058740060800896 0.9771433861686776 0.11215611266648527 129.85073720879927 -0.47410162333219186 0.18638906569933172 -0.8605154077304549 58.46191263043172
-0.8634183918075097 0.10294005407028149 0.49387450425846513 -372.5190172227261 0.1825689833309109 0.9763652397351417 0.11566972362057917 129.93407588334443 -0.4702948511455928 0.19003753288482442 -0.8618053661245063 57.7207968628653
-0.8645985077449778 0.10242476441265413 0.4919131915695829 -372.1070808394753 0.18363988767178907 0.9756888351713321 0.11961475067024979 130.017049270043 -0.4677026962302592 0.19375361817789424 -0.862388383144115 56.99379121597884
-0.8650410699808102 0.10951625964690877 0.4896020180916427 -371.71502786672005 0.1892117076502513 0.975036216682728 0.11620372560771208 130.09810610286507 -0.4646535020147107 0.19315942904757993 -0.8641681306525245 56.283596186756014
-0.8656508585867443 0.11559786483404434 0.48711982578606444 -371.2860699092069 0.1918361887695455 0.9753037409759704 0.10945999048354092 130.18511361375027 -0.46243644720805865 0.18820134559585694 -0.8664483745783689 55.51019531727232
-0.86669630954686 0.11452201097982072 0.4855123232411246 -370.81710190405033 0.1917603244242838 0.9749917230749621 0.11233484727373742 130.27835930755995 -0.4605056839980919 0.19046219818236348 -0.8669825062070121 54.668374334494445
-0.8677285785463863 0.10906910787908876 0.4849237503776554 -370.3489850484727 0.1909591818171157 0.9739048215788435 0.12265394158045903 130.37174162167634 -0.458891822604859 0.1990309729965268 -0.865912794070192 53.8307600591905
-0.8683232234244299 0.11241563752997365 0.4830916104638338 -369.9229540409256 0.19253669637585138 0.9739959098946818 0.1194218910296942 130.46091301177626 -0.45710436468107035 0.19670966409194057 -0.8673874035529633 53.05634535993928
-0.8683234893900836 0.11634968035049432 0.4821587598040407 -369.46815890740106 0.19384275401399353 0.9743908198740748 0.11396278717810854 130.55879770706377 -0.45655153541490145 0.1924195468955008 -0.868639979210505 52.22497976949128
-0.8679383758664335 0.11323699684836826 0.4835911064557575 -368.9669472045875 0.1928363694345882 0.9741096477260618 0.11800224078507618 130.66311425142212 -0.45770854298519376 0.1956726264753818 -0.8673033569210932 51.31707024474179
-0.8675438056478177 0.1072278391200878 0.4856644271508279 -368.4661817754145 0.1913018872561996 0.9733022630862576 0.12683174919313492 130.76815732720104 -0.4590983916485903 0.20294061985913542 -0.8648952373535583 50.41767758901699
-0.8681628877795328 0.10681724455909854 0.48464757973924527 -367.9765359462359 0.18944982138173158 0.9739386311430783 0.12470889280873769 130.87146993772637 -0.45869594009620057 0.20008402992730961 -0.865773882435426 49.542811430334865
-0.8686227120020061 0.10925743185026889 0.48327776462379046 -367.48218125497215 0.18948527727752867 0.9744905954602981 0.12026391418250078 130.9785773207943 -0.45780991021311773 0.1960379885249827 -0.8671673386179488 48.65536252809167
-0.868607137969985 0.10726542146894959 0.48375176405330467 -366.92718319680745 0.19003987633525093 0.9737460276437931 0.12531368261454906 131.09628936920828 -0.4576095336311066 0.2007804846219512 -0.8661874576123209 47.66017441732866
-0.8691156897582717 0.10849288365715241 0.4825631689341441 -366.3915041775781 0.19082587859335887 0.9736607710056117 0.12478055563201605 131.2113627387535 -0.45631502481847025 0.20053427936519266 -0.8669271024281121 46.69439849159556
-0.870228882960706 0.11198580747234442 0.4797508417769925 -365.9278488632991 0.1915474699214428 0.9741113152330015 0.12006961439818942 131.3105531753374 -0.453884630746251 0.19638310635032358 -0.8691503998230327 45.845554073950225
-0.8707689672222305 0.1158940881642903 0.4778388494579548 -365.44041221793225 0.19265106465645393 0.9745399007210471 0.11470636071879586 131.41465354781636 -0.4523792358292651 0.19193890233921568 -0.8709262223399569 44.95318383959667
-0.8714684358933169 0.11408541939680736 0.47699819949630273 -364.9369702453911 0.1931082864679701 0.9738249097095812 0.11989259746345617 131.51786457496527 -0.4508347312919283 0.1965949193397023 -0.8706885107492527 44.02648205466231
-0.8718677920550704 0.11324910498884506 0.47646741063397646 -364.47101837635984 0.19223178526697143 0.973952633560013 0.12026307959881981 131.61111085738233 -0.4504370032647124 0.19644568664326578 -0.8709280098200781 43.17380615301463
-0.8715237021685549 0.11593866577281439 0.4764500627948743 -364.01764723496035 0.19464907770106582 0.9736110454394818 0.1191355058257923 131.7062111842645 -0.4500646321458121 0.19656998239065426 -0.8710924571561811 42.334560194857346
-0.8714732457415701 0.11639991230633322 0.4764298923994325 -363.53289729832176 0.19576097050812935 0.9732447727799886 0.12030068446250672 131.81074853218226 -0.4496799132520519 0.19810520606866888 -0.8709433408357388 41.437191385353486
-0.8712343159317228 0.11485913543407188 0.477240134261909 -363.03426426648673 0.1959209804300256 0.9728069273958206 0.12353805663860801 131.919422976612 -0.4500730342625802 0.20113194927222142 -0.8700460923489235 40.513189047352796
-0.8710493724003936 0.11456854590146863 0.47764740042306086 -362.54639398237447 0.19548918133742543 0.9729457783963978 0.12312795085054666 132.02792512269124 -0.4506184315148558 0.20062542358996788 -0.8698807208970881 39.615651632168046
-0.8711499336064483 0.11058062362187447 0.47840330146946325 -362.04280265177664 0.19310081123323222 0.9729598910705068 0.12673250202350989 132.1394620938961 -0.45145306497857923 0.2027830763339687 -0.868947152635866 38.69925097812609
-0.8706089102850854 0.11030640922464714 0.4794503325853312 -361.54359845941735 0.19244695160622324 0.9732437800193157 0.12554168818041986 132.25148313120116 -0.4527740011856829 0.20156646729474129 -0.8685428389622619 37.78714457316091
-0.8701997474066877 0.10856725491943035 0.4805887543134984 -361.0523903301195 0.19103482644654488 0.9734632620275918 0.12599592281951988 132.3587506257494 -0.45415646499623885 0.20145080948425817 -0.8678476114274082 36.89461649769406
-0.8702771222227721 0.10743345999848114 0.4807034243776602 -360.60103691887747 0.19008046886343255 0.973579651469863 0.12653883830856724 132.45617302489458 -0.45440856714229383 0.20149618834255487 -0.8677050997839703 36.076664573784385
-0.8718809658865713 0.10369523792333278 0.4786134964214099 -360.1876925731957 0.18659055621060608 0.9739455073104898 0.1288957451692385 132.54412324236884 -0.4527775896151673 0.20168650530399782 -0.8685131017552588 35.330186649311074
-0.8747779116985502 0.10220310265497201 0.4736223506255006 -359.79576706184594 0.18493426229338508 0.9739255717820279 0.13140890098869043 132.63146279102963 -0.44784252124416396 0.20254260400407312 -0.8708694332268877 34.60240531248736
-0.8784261746845418 0.10015204324728064 0.4672654747169768 -359.44092824823673 0.18216405490672435 0.9741410737148467 0.13366160855544731 132.70949115571378 -0.4417960080501264 0.2025308290979032 -0.8739551192915397 33.93541776110538
-0.8841091730989526 0.09883152534601107 0.4567092068702698 -359.13922664657093 0.17854073790113026 0.9746678541520343 0.1347062693136168 132.77733413271167 -0.4318265565617875 0.2006362471749635 -0.8793582440436531 33.35086941940534
-0.892751380665069 0.09979921200873541 0.43935758739670416 -358.8842542199865 0.17652699619631818 0.9746729439686328 0.13729847744759313 132.84583358107264 -0.4145276733036321 0.20013188046375113 -0.8877578715435425 32.810357850274734
-0.9036137938909822 0.09943239213934864 0.416647705961999 -358.66893690361724 0.17274050159411727 0.9746733365824025 0.1420302998107923 132.9118488026192 -0.39197299728292884 0.20031247177541664 -0.8979042727664575 32.29843842748498
-0.9159566857550074 0.0979522018615371 0.3891384277749799 -358.4883248084655 0.16695090004738425 0.9748571828413664 0.14758343415155778 132.9761526630474 -0.36489826910260276 0.20014704397785915 -0.9092801625422443 31.81150240468111
-0.9291928502982485 0.09713114229721724 0.3566036849931008 -358.3367286669841 0.15995865241829266 0.9754910649824394 0.15109735820309333 133.04352003415258 -0.33318744945022366 0.19744042984016044 -0.9219562897412156 31.333922007272452
-0.9424746959122409 0.09377006743105316 0.32085607679941 -358.1918443902669 0.14932517300300288 0.9768576192982046 0.15313779522596932 133.11644942536242 -0.29907096193505145 0.19224038616540212 -0.9346658192392727 30.83306063102488
-0.9558486117701229 0.08820688784939895 0.2803087160847061 -358.0494593020364 0.13623018013078234 0.978201774765221 0.15672468174384716 133.19617617603774 -0.2603742871304076 0.18799157635941746 -0.9470292486609029 30.287034139641072
-0.9683049642040915 0.08526986828128132 0.23476487356717135 -357.93711431197517 0.12571950414246702 0.97856498873458 0.16311091042927636 133.27958435968856 -0.21582424000998993 0.18745562777944996 -0.9582694219466275 29.73161173936216
-0.9784717992839632 0.08495789972801474 0.18808267671375845 -357.87796479860185 0.1183837069896357 0.9775486814484295 0.17430970517395974 133.37327030894733 -0.16905098617103695 0.19282305534412847 -0.9665614483323635 29.16304351633076
-0.9866628313635081 0.08587482098694056 0.13828221984843259 -357.84144261975086 0.11088487164633505 0.9765090015417186 0.18475582574840585 133.46432998632636 -0.11916795897272699 0.19762511234268776 -0.9730073548158901 28.59169771156727
-0.9926184882731562 0.08529744239696604 0.08621416971040188 -357.8320083496592 0.1003347803122366 0.9768989354038784 0.18868333754326996 133.55076648454371 -0.0681283244914571 0.1959408490522283 -0.9782462446003457 28.07129504691207
-0.9962216829469731 0.08023110201196795 0.03324648396822351 -357.8401779474385 0.08510195971096778 0.9781935814528564 0.1894596887408774 133.6370702836532 -0.01732093760906721 0.19157319090724068 -0.9813254799738776 27.578183726090604
-0.9964455969066556 0.0822728364037087 -0.018092893506321723 -357.9016573887563 0.07714465218300708 0.9775045845167539 0.19629949029046032 133.73475987982224 0.03383600220040046 0.1942059927984196 -0.9803770485462596 27.065435460845546
-0.9944107583142114 0.08184907566327014 -0.06669312229928231 -357.9755346362748 0.06674572297259372 0.9767841765756237 0.2035624740868271 133.8390014047341 0.08180618689209598 0.19797323355583255 -0.9767877694676689 26.540378743911628
-0.9902647466012484 0.08303139103354108 -0.11172072207878009 -358.08156528378674 0.05834809969223981 0.9762999810361253 0.208407884426596 133.94745094852397 0.12637733539315177 0.1998602890318627 -0.9716401772091497 26.028548855535796
-0.984831502864842 0.08166927690782269 -0.15309160713224482 -358.20106947373 0.04808955713212743 0.9762118576079306 0.21141855065370438 134.04724013639247 0.16671624233953883 0.20084954138615815 -0.9653316302002928 25.559875447771987
-0.977431277338021 0.08283690509109673 -0.19433513639148337 -358.32814611768003 0.04078028390252032 0.9765975630531231 0.21117331337916506 134.13493794179655 0.2072801643336798 0.19848235940161893 -0.9579351160074308 25.14217206707175
-0.9704972666258223 0.08349443312737892 -0.2261940209389909 -358.47012941175853 0.03427211296239961 0.9763724168614847 0.21335961629408573 134.24508608504203 0.23866394311856803 0.19931277738470307 -0.950428292416789 24.638229973826775
-0.9658662323128426 0.08608495124477235 -0.24431905870599258 -358.6351737533833 0.03140763639411447 0.9751252432002185 0.2194181406580903 134.37122213467356 0.2571302814798982 0.204255088658528 -0.9445442695306375 24.059158537243064
-0.9628280364822833 0.08890333275119253 -0.25506542217518424 -358.7997168626988 0.031643307820188135 0.9749059984348736 0.22035651859181088 134.49227348965042 0.268255238968171 0.20409432045364853 -0.9414800237523329 23.48566523999575
-0.9612080422494544 0.09153231417626417 -0.26019403332227226 -358.98255529031616 0.03396956935439099 0.9754349150766063 0.21765292280917112 134.62679195226306 0.27372462050909985 0.2003710605627345 -0.9407051983571232 22.846042807402036
-0.9607037433982246 0.09243666978634786 -0.26173226682900746 -359.1804834028189 0.03479701657680748 0.9755896664450989 0.21682705173224526 134.77409773383786 0.2753860654753502 0.1991990582416333 -0.9404691649052895 22.140211805723144
-0.9604054237742885 0.09362758007072933 -0.26240293107172274 -359.376915980559 0.03513930881599648 0.9750274668480311 0.2192867252431149 134.91602531907367 0.27638135060250646 0.20138350265603702 -0.9397116759395513 21.443646887860424
-0.9599631696573679 0.09453991913024432 -0.2636909490146165 -359.5724389828529 0.03756657147079985 0.9762733520509691 0.2132582818628566 135.0543494716863 0.2775958674211685 0.1948141313303908 -0.9407380021157189 20.75559847721206
-0.960059086281185 0.09744992312021514 -0.26227859869383807 -359.78436027998373 0.042502620077979725 0.9773029419446727 0.20753912149953424 135.20646730007758 0.27655031754717907 0.18810229171957277 -0.9424104465223204 20.01525015848986
-0.9603292730754622 0.09991065270389624 -0.26035658000257794 -359.99765787806706 0.04511785225389749 0.9769822811930304 0.2084946081865469 135.36345764696435 0.2751945978436937 0.18847674581005275 -0.9427324379729917 19.250881631643278
-0.9609380741599372 0.0989703504442103 -0.25846254537697383 -360.202826578552 0.04247694387947658 0.9755503396163525 0.21563219637401737 135.51934765772182 0.2734844179628034 0.19623048847560046 -0.9416474226185584 18.48736261213553
-0.961610986610229 0.09618233042208992 -0.25700830676279873 -360.4031609434507 0.03877515649119996 0.9747910393425829 0.219724638710577 135.6793937365661 0.27166302227131944 0.2013240892987874 -0.9410992579948337 17.718864124836518
-0.9614424844935437 0.0950606797451194 -0.2580539016897067 -360.6065658234364 0.03772426232308748 0.9750754853315902 0.2186428090231796 135.83968463735698 0.27240636747892544 0.2004775924430536 -0.941065091205265 16.9561434100664
-0.9616710151779747 0.09502411946211281 -0.2572144538843349 -360.8153834063495 0.039851117052274586 0.9765084892173388 0.21176179767880804 136.00274567079538 0.271294576127596 0.1933948996404099 -0.9428667274630196 16.192545074545745
-0.9623065489503363 0.09548313678789382 -0.25465481820778796 -361.0286124665073 0.04010684421762041 0.97592931201258 0.2143674858777789 136.1700268272973 0.2689935815111585 0.19607383441907833 -0.9429726955548606 15.407736455933897
-0.9625460357305945 0.0953593028924939 -0.25379466592341515 -361.24705707336045 0.03874922228886664 0.9748799007129964 0.2193346232536725 136.34479234877884 0.2683349154905635 0.20128532618569 -0.9420618825698198 14.59487067428286
-0.9624838229705831 0.09409022633338951 -0.25450328058487975 -361.4667323560258 0.03634766341065337 0.9742078333757865 0.2227059603015727 136.52108511072933 0.26889354377619384 0.20510028448978543 -0.9410792397124111 13.774395597567421
-0.9622491899363291 0.09441832716719076 -0.25526785140677394 -361.6857570629163 0.03880751355196253 0.975912602225659 0.21468248579952026 136.69254608597578 0.2693890743122209 0.19667173745125632 -0.9427352514513868 12.98056572756721
-0.9626605043881854 0.0939406508945068 -0.2538895574863291 -361.90001588669537 0.03752511021561904 0.9751118026820658 0.21851507584933838 136.86276557921394 0.2680981525381941 0.2008285995062766 -0.9422267530833306 12.199902424426611
-0.9627605316255773 0.09374044653003478 -0.25358408354703305 -362.11125785566526 0.03555534837001399 0.9737196529745479 0.22495745067327144 137.02978752445517 0.26800741770765496 0.20756388437172707 -0.9407918249847814 11.408147177539194
-0.9627776703722366 0.09519512302299206 -0.2529763743618154 -362.32475327178093 0.03852703203192721 0.9747037182786539 0.22015523926670852 137.2029963518761 0.26753471781326316 0.2022141195030847 -0.9420905607414664 10.61731782064883
-0.9632440213216844 0.09671662322709466 -0.2506129489463418 -362.53947476739944 0.040409956634094975 0.9744910957436762 0.22075810227741183 137.3803647534397 0.2655710654285658 0.20251666377817273 -0.9425810363567133 9.80826649265599
-0.9639280850016191 0.09646916268004925 -0.24806520835644136 -362.7583441099221 0.03984976110629996 0.9738079127153785 0.22385295547008732 137.56195508641412 0.26316276994454363 0.20589281139644447 -0.9425250695500805 8.953817170747842
-0.9643848304007985 0.0974247852112036 -0.2459071168538583 -362.9876197227719 0.040319267215075456 0.9729764160993102 0.2273570988682461 137.7555412293275 0.261412041773261 0.20934494247795074 -0.942251791972209 8.06171805972217
-0.9647739339344622 0.09731995740574272 -0.24441784364315502 -363.2126128051295 0.04096624847083475 0.9733032833285115 0.22583729795622604 137.94484049010006 0.2598711659396839 0.20786905626496546 -0.9430044711244282 7.1876903605268385
-0.965416399922931 0.09565983312142544 -0.24252911389569667 -363.4420836140838 0.040402659077543264 0.9739102344890885 0.2233080390332521 138.1398562407816 0.2575631959331809 0.20578642201222425 -0.9440938240535701 6.290190884987124
-0.9660578105983797 0.09594480804504994 -0.23984766079965683 -363.6708779094136 0.042092160004377974 0.974524786368236 0.22029455467649212 138.33200682056855 0.25487360916351093 0.2027215690624612 -0.9454858057045703 5.396538523650665
-0.9672736294103638 0.09637805362738727 -0.23471897372454165 -363.88541381246836 0.04308865114651645 0.9740095616104952 0.22237073106348543 138.51446175757206 0.2500501829427025 0.20497962013412746 -0.9462865640703088 4.5589839808445385
-0.9680473749567096 0.09546579301991838 -0.23188480373345993 -364.0917044339709 0.041675856750515876 0.9730884712467267 0.2266317499619663 138.6905876374228 0.24728000890394916 0.20972627276950878 -0.9459743589055007 3.7280906926178057
-0.9680166575036319 0.09353707362961577 -0.23279726513064472 -364.29618820027906 0.040510132576070994 0.9739991992295771 0.22290017734137407 138.86956719305593 0.24759378012011649 0.20634043655317363 -0.9466366485029395 2.891467252745987
-0.9680519551911588 0.09252737001106312 -0.23305385182273705 -364.50802343697416 0.03916971947510368 0.9738189415112076 0.22392499241986646 139.0564788957731 0.24767144592548354 0.20764237272972721 -0.9463316014592084 2.031644320670675
-0.9679849883339681 0.09162369161152013 -0.23368817149262966 -364.7132396662805 0.03743939194453926 0.9732864114185391 0.2265211982990771 139.2378755930183 0.24820023023944676 0.21051997644761236 -0.9455569709042301 1.194119650854991
-0.9677247622834046 0.09152501598415091 -0.2348019504021056 -364.9115790243854 0.03786625179849435 0.9739500829770288 0.22357858315092807 139.4118949394984 0.24914841247389985 0.2074714614546876 -0.9459813218259611 0.3890528524781962
-0.9677937714581739 0.09162910888529117 -0.23447669890983974 -365.11623974050116 0.037860592612244205 0.9737910569842378 0.22427115923492102 139.59033265531102 0.2488810789389532 0.20817080425077059 -0.9458980520139424 -0.43544637691123267
-0.9680265605760123 0.0921872982684155 -0.23329397775628552 -365.32496778105315 0.037477871895879936 0.9727350349424074 0.2288710573964173 139.77355925476374 0.2480322300378232 0.2128099006944176 -0.9450883339820132 -1.278175910171107
-0.9677700222680036 0.09355979704760282 -0.23381135211063514 -365.5330804678911 0.03871861801374904 0.9726671418211492 0.22895305160793594 139.9585986785639 0.24884142062465608 0.21252104742328862 -0.9449406075429356 -2.102906681852149
-0.9676826783278761 0.09682878022649702 -0.2328399050507482 -365.74571510259983 0.04264711229560518 0.9728809753758406 0.22734078288904322 140.14859678930353 0.24853864463507144 0.21006378810162712 -0.9455695358096925 -2.9387492605893675
-0.9688613735413905 0.09697237668879456 -0.22782448731166116 -365.9611320875332 0.04412824608189991 0.9730121446513701 0.2264951749125805 140.345289607428 0.24363976842303395 0.20938893122672744 -0.9469931038410471 -3.8099064460286636
-0.9708588423967639 0.09557297771604432 -0.21977013916933338 -366.1670367373348 0.0429853574026846 0.9716126561546112 0.23263943227481554 140.53957070057143 0.23576549193845722 0.21641315193553512 -0.9474069772174707 -4.678501607176439
-0.9719896223381781 0.09559036541956573 -0.2147059759434846 -366.35331517268685 0.044462982802160676 0.971843891341878 0.2313925107297441 140.71545670223355 0.23077958581127725 0.21536465100018937 -0.9488724096907564 -5.474856030921882
-0.9727803591089639 0.09719237832233633 -0.2103616279835449 -366.539572468694 0.04887289598653114 0.9734223873114562 0.22374158290036086 140.89642483036152 0.2265166946821555 0.20737043539742284 -0.951676252489971 -6.276908085146965
-0.9737456515269339 0.09773965416611463 -0.2055878550301055 -366.73116257298267 0.0500392795604057 0.9729461720151608 0.22554781502405444 141.0871021875289 0.22207088200272132 0.20933873593899757 -0.9522929260484909 -7.14191634443139
-0.9749032155667156 0.09518473340074851 -0.20125502926662733 -366.9167722284931 0.04950371181772535 0.974044285861086 0.22087804711568457 141.27772111656324 0.21705552928674696 0.2053718474104933 -0.9543109040020719 -8.023245595567333
-0.9760460145719478 0.09407963767624673 -0.19617135166208063 -367.1025295991975 0.04862729176025746 0.9731954239636802 0.22478001083775154 141.47543123598038 0.21206028372678384 0.20985635218134946 -0.9544583529493855 -8.932246052632161
-0.9769678086717541 0.09185494838003451 -0.19260469692408005 -367.27871254097363 0.046647496700015306 0.9727114970113817 0.2272803437024484 141.6653630784559 0.20822562731502892 0.2130610523769695 -0.9545926231064649 -9.816092277584062
-0.9777882488543066 0.08785641471287654 -0.19029290789788395 -367.44170062168274 0.043046118406616374 0.9727291628501622 0.2279144739391305 141.84861284627826 0.20512720953729366 0.21466072331618008 -0.954905022383283 -10.663584723131605
-0.9783223842916653 0.08199667245612147 -0.19016271479972036 -367.59867753978386 0.03700320729950108 0.9727096975307414 0.22905590361134093 142.0280704346651 0.20375493869701938 0.2170538874007578 -0.9546578103806587 -11.49125014434124
-0.9783557045827951 0.07939608449075473 -0.1910925877103684 -367.76389407058304 0.03469994376994038 0.9733348462044944 0.22674918096090296 142.2100190610059 0.20400007159967032 0.21521045265417255 -0.9550227389207632 -12.32536200526738
-0.9779536267423736 0.07857878612408967 -0.19347371478500153 -367.95003868948885 0.03292475475480414 0.9729332221983236 0.22872889119463619 142.41000800577078 0.2062102433580332 0.21731617407375792 -0.9540707604890559 -13.238755919390723
-0.9770761846049003 0.07933342932463007 -0.1975559071997849 -368.14693526952044 0.03162896291875082 0.9717685901696833 0.23380636403724037 142.61884542268302 0.21052728607622362 0.22219814164664778 -0.9520011804961993 -14.17790111819534
-0.9763290728980677 0.07605926547551307 -0.2024759974647127 -368.33494080171675 0.02590258017282912 0.9705095644621577 0.23966693895459892 142.81995121191488 0.21473378344916938 0.22874914955645684 -0.949506834531908 -15.064841814522435
-0.9757363874204623 0.07155117789998774 -0.20692735731361114 -368.5156611165535 0.02145430756599844 0.9717922141204084 0.23486082104476724 143.0194346551921 0.21789496311418904 0.22472276590519819 -0.9497481053065516 -15.92663815487367
-0.9750861381922616 0.0714640299269387 -0.2099997988854002 -368.71856556382903 0.020864988786350007 0.9720351087682487 0.2339068181239029 143.23441217808417 0.22084310120140066 0.22369765253239532 -0.9493090565791757 -16.842516379638695
-0.9742269938395692 0.07480004638411406 -0.2128067610186658 -368.9361339418117 0.02291118080770504 0.9713524920020339 0.2365362849024218 143.45068737015353 0.22440330271258815 0.22556437959566428 -0.948031575628843 -17.77784055619189
-0.9736935188916058 0.07385654643383406 -0.21556006545126574 -369.1522907889463 0.02169129595700718 0.9717605023182325 0.23497024027294647 143.67022320180084 0.22682684794395977 0.22411322290995492 -0.9477989472291692 -18.714228726670203
-0.9730699381052146 0.0719126218840824 -0.21900564004078993 -369.3768166187406 0.01878750684369422 0.9716726587083293 0.2355828387325551 143.89768526362377 0.22974317213470538 0.22512400834306293 -0.9468565127436346 -19.693710481020528
-0.9726672607354584 0.06977903337722137 -0.2214707348484798 -369.6054271459183 0.01603602926111969 0.9716879906884928 0.23572291894786226 144.12676080598655 0.2316489707702609 0.22572845468107053 -0.9462480748135637 -20.670765375135954
-0.97249226900074 0.07056083287375871 -0.22199089079950815 -369.82875061810734 0.015509203927534406 0.97051521063675 0.24054041347815863 144.3435332155001 0.23241826805854027 0.23048079049428483 -0.9449128816381958 -21.61663896003759
-0.9727340541933059 0.06808178143001427 -0.2217055047804985 -370.03971885036583 0.01475119913055354 0.9721692532636693 0.23381476671282944 144.54829637669175 0.23145380086935344 0.22416916390547434 -0.9466664270042807 -22.52299032319992
-0.9729337699584772 0.06923042594100252 -0.2204700147376447 -370.2422143954589 0.015562478051139951 0.9715320635993057 0.23639640157030156 144.74697779391315 0.2305595119514642 0.22656698241912127 -0.9463137502573853 -23.379050688219742
-0.9732258710871717 0.07006210450055927 -0.21891255185478434 -370.4331317491597 0.016551836117655733 0.9713012174365303 0.2372761718492887 144.93636486726461 0.22925409607628583 0.227299904353854 -0.9464551298994447 -24.198344987842137
-0.9736313305552199 0.06960243277488513 -0.21724993328674433 -370.6235747936177 0.01585756615239936 0.9706647331575827 0.23991355401445275 145.13010556829036 0.22757541553735378 0.23014229762462307 -0.9461733208493364 -25.016981233031927
-0.973681776209423 0.06930885326480203 -0.21711766749112382 -370.8084753889081 0.015488363620874853 0.970558890526679 0.24036545220138048 145.31438362914196 0.22738493633047754 0.23067666305620133 -0.9460889851653709 -25.7971269481735
-0.9734127072864834 0.07083390440974612 -0.21783080424787268 -370.9864395838241 0.017223929505392487 0.970926688735256 0.23875657342571577 145.4892421888947 0.2284098017721592 0.2286567801043005 -0.9463324148346274 -26.53172970311157
-0.9731924305271359 0.07172265783765565 -0.2185231189540216 -371.1701549011159 0.017796908481327988 0.9707672109871291 0.23936226127103358 145.67064010533537 0.22930277628759282 0.2290565048737482 -0.9460197431141832 -27.300421414049612
-0.9729383658992246 0.06887547992333483 -0.22056088598543883 -371.35797768344503 0.013898601606497033 0.9702572585697761 0.24167681118810508 145.86049688998816 0.2306464069408735 0.23207115386880153 -0.944957784510646 -28.10838834621021
-0.9722532516943639 0.06636226118040967 -0.22432045127621233 -371.55403423502895 0.010921339099396852 0.9707490402273883 0.2398479210872696 146.05705479667097 0.2336757131625281 0.23074304147391264 -0.9445386756980111 -28.939329365410302
-0.9713338319829175 0.06700036129564006 -0.2280823062660488 -371.7613759085672 0.010525978063480905 0.9706406670996165 0.24030376434467898 146.26019613537514 0.2374864009394912 0.23101438690841125 -0.9435213629855651 -29.7780674260155
-0.9703293911055156 0.07107360180281189 -0.23110477252445277 -371.97056190072936 0.011878857045924486 0.9686792920838534 0.2480308888892903 146.45791107713646 0.2414948560779005 0.23792640083585478 -0.9407822608197981 -30.6013652231123
-0.9700328192313277 0.06994374648656213 -0.2326890670864248 -372.1680892803596 0.010429570274817458 0.9687744791155029 0.24772410596947037 146.64895304072803 0.24274998182906107 0.23787366592776465 -0.9404725223950338 -31.399526430300366
-0.9703638045888823 0.06974515471432777 -0.23136486366271952 -372.35929529268674 0.011371030385417787 0.9695613977910895 0.24458412781978955 146.8357541264421 0.24138099844803004 0.23470472791843638 -0.9416203610165647 -32.177396606976636
-0.9711490236119629 0.06886942187873897 -0.22831245403530737 -372.5425275399451 0.012447917692250036 0.9707260228542511 0.23986670860855094 147.01561590279496 0.23814832202361352 0.23010430522626107 -0.9435769101846853 -32.943224052351226
-0.9719411349444166 0.06700614192002753 -0.22547861793961194 -372.7180088058592 0.012122258139418834 0.971563521184515 0.2364685500466229 147.19314515333298 0.23491164522127325 0.2271002008993906 -0.9451148171999483 -33.70192498252245
-0.9729411950849659 0.07037396743630386 -0.22007484093807123 -372.88964536787677 0.01543044725568249 0.9701508949243022 0.24201062450865607 147.36473008041307 0.23053705169480376 0.23206625300731185 -0.9449856729130945 -34.438748387365806
-0.9747819342446595 0.07196305922012104 -0.2112380145189938 -373.0511306924078 0.018796727641994256 0.9696916198471234 0.24360797488633135 147.53106021658877 0.22236650759545087 0.23349406953057206 -0.946590542839857 -35.168498234871564
-0.9776484057355025 0.07091354721298988 -0.1979264095175434 -373.1974313639375 0.02144306707435524 0.9701237325780119 0.2416612057475409 147.69820186731525 0.20915016050024854 0.23201554325213034 -0.9499605244704327 -35.89192279431453
-0.9806805055195306 0.07166848388972201 -0.18201476454098822 -373.32972553710124 0.026157294994411436 0.9701560371248161 0.24106650441082086 147.86381030169284 0.19385959355300908 0.2316482075199917 -0.9532877665952906 -36.60467001592039
-0.9840849990289129 0.06652771862704199 -0.1647749293446983 -373.4406381824441 0.025089848798019305 0.970003223556391 0.24179380839365477 148.02674548180363 0.1759182030762069 0.23381148163530285 -0.9562347917127587 -37.32007646512511
-0.9868864076569356 0.06483728308923782 -0.1478220048017194 -373.55425181883777 0.02771525713377454 0.9702449213317289 0.24053410808448925 148.20343734411279 0.15901912747843314 0.2332829169733557 -0.9593185069331251 -38.096400954113435
-0.9889398480900062 0.06090233008371037 -0.1352363969133128 -373.6667992958504 0.027243223779704933 0.970881591380622 0.23800576101499035 148.39483893231295 0.14579363366693732 0.23168910571843926 -0.9618026693005073 -38.94700860075142
-0.9898634667543246 0.059331442398410116 -0.12903525536859775 -373.7785698141797 0.02740789591932496 0.9712814187359946 0.23634976805462274 148.58890889769484 0.1393525185505826 0.2304174159240621 -0.9630621423420648 -39.80877265936158
-0.9901179361396614 0.05822335310969945 -0.127579440691696 -373.89138940912005 0.025886654430665956 0.9699877918586909 0.24177172036343145 148.78606122175688 0.13782726020976377 0.23607991188953117 -0.9619095183775351 -40.67755701554334
-0.9896291692402819 0.05936122238653106 -0.13080654672290437 -374.00535361317094 0.026109885342973482 0.9697848455685312 0.24256056396908762 148.9751777000718 0.14125289829299525 0.23662966547413578 -0.961277285772127 -41.506555270711495
-0.9889315965656764 0.05825456865715156 -0.13645769507300218 -374.11479495285874 0.024410663577915145 0.9710471511378278 0.2376374334375781 149.15239623085833 0.14635032223317102 0.23167614356614769 -0.9617212421926454 -42.27462829462514
-0.9882315239029749 0.057143594277148345 -0.1418910314202336 -374.22699938228453 0.02136315352764313 0.9700693744678315 0.24188638736181406 149.32286948106812 0.15146640167298922 0.23600851330552342 -0.95987390359961 -43.02700637730763
-0.9874696363621386 0.05493697310184586 -0.147937981090855 -374.3388117269503 0.01787946073253335 0.9703601243542711 0.24100114926506588 149.48114572035985 0.15679299138272984 0.23533626590386655 -0.9591834025897654 -43.74816463911791
-0.9866325853474567 0.05434579938105934 -0.15363162311266654 -374.4561771321532 0.016945152971232197 0.9718566915609317 0.2349626201314306 149.64484627726287 0.16207715237312192 0.22921846600542167 -0.9597863780658389 -44.47440450264395
-0.986360725632897 0.0545882777587149 -0.15528244865498253 -374.5871786199484 0.016307498330343357 0.9711719364737857 0.23782164599541455 149.82367118156196 0.16378823042928212 0.23204566304307306 -0.9588160542229909 -45.26284482584855
-0.9861894311681659 0.055366404009468205 -0.15609281584773355 -374.7240210045552 0.016173124037104917 0.9701575699163051 0.24193536242760252 150.00809040698707 0.16482971792457332 0.2360695889799338 -0.95765458973878 -46.07938020754722
-0.9860028238883126 0.055518647971441966 -0.15721358405589864 -374.8605965122808 0.01615562825065774 0.970308081130978 0.2413321846910425 150.19587686989456 0.1659440476790428 0.23541433138054185 -0.9576234466743954 -46.89030175549412
-0.9864453168020781 0.056938108947139326 -0.15389505745402027 -374.9993501564136 0.01791806991517132 0.9696363795732282 0.24389389942891768 150.39294483336246 0.16310910376115562 0.23783049248919122 -0.957513486647881 -47.730451199944724
-0.9873205614544054 0.0554188953031871 -0.14875098309838794 -375.1316519704984 0.01770498448693298 0.9696767064521492 0.24374908920534555 150.59605397696305 0.1577486686272815 0.2380248537600475 -0.9583629409252158 -48.60068842485193
-0.9880776786893062 0.05601246752350556 -0.14340538468929687 -375.261068066567 0.019171884038598277 0.9689842469158273 0.2463776939809751 150.80042491199478 0.15275778126945752 0.24069094854377113 -0.9585055699111679 -49.46713615120263
-0.9886372675082604 0.056514765865516826 -0.13929262196172054 -375.3875765716556 0.020951737841377008 0.9693966316646179 0.24460416022366593 151.0003019416918 0.14885354539019588 0.23890636608609664 -0.9595657196191959 -50.32359145899786
-0.9891179484787058 0.05669601468773517 -0.13576172478209353 -375.5158918536918 0.022298730871580533 0.9698769371636297 0.2425726558365949 151.21179616069517 0.14542506867386218 0.23690565353454526 -0.9605869355371085 -51.2195755328119
-0.9897875157458149 0.05552015884131395 -0.13129427114679446 -375.64468501508924 0.021297936131696886 0.9682944316313962 0.24890217272689102 151.43641936703958 0.1409505998222881 0.24356396620574186 -0.9595882047919649 -52.18508744982421
-0.9904798855736411 0.05337183005244901 -0.12688988939582185 -375.7684089022198 0.020542754961937037 0.9687659085961295 0.24712468423954523 151.6651134537846 0.1361160956412031 0.24216536106300007 -0.9606395507205718 -53.16809550427582
-0.9911285765600606 0.05241503810336132 -0.122134387076923 -375.88523829713006 0.020686191509104102 0.9685882180469488 0.24780828344002254 151.88721239664125 0.13128680895992972 0.24308337590478007 -0.9610797293418766 -54.11742045946018
-0.9916358918550556 0.05046701483185992 -0.11879115454777592 -375.9934678279648 0.02012788236521405 0.9695920740359839 0.24389768001786502 152.1001597392951 0.1274877497500242 0.23946667906112776 -0.9624980952101206 -55.03898507978428
-0.991938138112605 0.05051931382002748 -0.11621759371479237 -376.1044726931409 0.020584795111827644 0.9691545525803373 0.2455925882900704 152.32198398744103 0.12503997907832112 0.24122033940769816 -0.9623812921540653 -55.98213552028532
-0.9921756103608167 0.0509699027363906 -0.11397204578399027 -376.21159355263825 0.02071244087721812 0.9674188534557804 0.25233263120574995 152.534435084689 0.12312007552813138 0.2479976431205581 -0.9609051024989909 -56.89323910050884
-0.9923951314968835 0.05048024963590305 -0.11226596714046674 -376.3091092351164 0.020943679209905534 0.9679884602678627 0.2501193776767626 152.73580835172356 0.12129824929668179 0.2458659902974686 -0.961684277469797 -57.75934793268917
-0.9927005034978847 0.04758720417667314 -0.11082043292506033 -376.40271090361216 0.019026694509469526 0.969152596459167 0.24572592389185224 152.933358171811 0.11909532002179363 0.24182370184725124 -0.9629836976677221 -58.604888560563325
-0.9927182997645845 0.04848897776850881 -0.11026874601391656 -376.50059442493443 0.020319080971830224 0.9696929189003953 0.2434805494960475 153.13040981423086 0.11873294513729848 0.23946703754254298 -0.9636171572100727 -59.44940008999346
-0.9927659932336944 0.05006039042985324 -0.10913129701754169 -376.6032192194755 0.021697034563949658 0.9687691468756177 0.24701331695482373 153.33939904180536 0.11808861659724432 0.24285859542520555 -0.9628472263335683 -60.3322988936364
-0.9929275298647214 0.051401162506811794 -0.10701794676452732 -376.7026563981131 0.023346045011633492 0.9683516821505362 0.2484954362931984 153.54181768566468 0.11640396307283363 0.24423951393904333 -0.9627030576516098 -61.20208102563258
-0.9933520894916126 0.04993408657073992 -0.10372180725863496 -376.7928048595281 0.023106280189532077 0.9691738211504352 0.2452920793920439 153.73730243347768 0.11277289620495862 0.2412647744595455 -0.9638846313156626 -62.048239979722716
-0.9941153860234697 0.049045407197490655 -0.09658751111942102 -376.8796851255129 0.0238020995164961 0.9687411707331192 0.2469291481077882 153.93942772905928 0.10567903921790138 0.24317707983990408 -0.9642078865631201 -62.92676751406292
-0.9950910720057279 0.04822115413552896 -0.08642036049643094 -376.9584912404216 0.025347558935842934 0.9683158657344608 0.24843889675918512 154.14219471216379 0.09566221652507056 0.24502878292307656 -0.9647847614202594 -63.80560953693885
-0.9959734630382829 0.048891937108707775 -0.07514279346213072 -377.03039978525754 0.028421898474796408 0.9671607789922076 0.2525712241453486 154.3515419014003 0.08502385906686809 0.24941853592896668 -0.9646560720404079 -64.69403332688452
-0.9968756273436027 0.04687171020442484 -0.06357693285158658 -377.0827892189445 0.029210947292834515 0.9666049335228619 0.25460090936114965 154.55162337921166 0.07338735699395364 0.2519482988070787 -0.9649540665553266 -65.54974809543549
-0.9976637023031922 0.04521608213832207 -0.05121174692150439 -377.11401611809816 0.030894995693970084 0.9672076601317977 0.2521008556579056 154.7214841700593 0.06093140690777874 0.24992968630884688 -0.9663449257660542 -66.29204712466318
-0.9982487472774948 0.04421496745035248 -0.039299811860629766 -377.13650625186847 0.033019619977639754 0.9676861636647205 0.24998638632612297 154.88754261814012 0.04908302410659848 0.2482509321336481 -0.9674514620586019 -67.01737139700359
-0.9987176197301457 0.04316221769791788 -0.026460139908056752 -377.15324171860937 0.03516501048229053 0.9674068195769245 0.25077373760791943 155.0638467885125 0.03642167044956686 0.24952167921738239 -0.9676840359963584 -67.77074536463664
-0.9990757381369607 0.040609987087520824 -0.014088946548367457 -377.15736309883573 0.03571765268463604 0.9666704312912188 0.25352026852690557 155.2295373283372 0.02391482286765147 0.2527827253116904 -0.9672274680917637 -68.47128529157419
-0.9993149881139528 0.03658306867298891 -0.005588704436811917 -377.1528893884143 0.033938940526280256 0.9661536159331555 0.25572512339472603 155.3956280888053 0.014754756750565095 0.2553602739381385 -0.9667333798144508 -69.16250549418494
-0.9995320043825229 0.03009026171006499 -0.005508935040494803 -377.14803270980195 0.027643128681853053 0.9655884940406162 0.25860146483161867 155.5578646867432 0.01310075004490831 0.25832815627917854 -0.9659683918336365 -69.83582891643448
-0.9994987293633794 0.026519903413610477 -0.017291174741102394 -377.1588330580345 0.021121533817229924 0.9654319252942826 0.2597981494002371 155.6922308522937 0.023583273950031115 0.25930270408445916 -0.9655081236552523 -70.40055803531894
-0.9988790875783844 0.021850937147768264 -0.041989343223526286 -377.1923089996326 0.010256564944328887 0.9659134499980337 0.2586619608455105 155.80357070598896 0.046210077625141205 0.2579413570148561 -0.9650548611696714 -70.87481574527028
-0.9956960257683344 0.021335905980059466 -0.09018981863358544 -377.3219320538876 -0.002892309728678861 0.965512864068198 0.2603392860543034 155.9048683117351 0.09263400462887424 0.2594796493654957 -0.9612956115324661 -71.28138025707189
-0.9874722012352964 0.02395128525426186 -0.15596470024397008 -377.52398349425033 -0.01781598745450577 0.9651691019215978 0.26101953047019827 155.99175055116584 0.15678406289716812 0.26052819546170114 -0.952650941841201 -71.6177618972782
-0.9746300632405969 0.027959631933406472 -0.22206868038916033 -377.73383493883995 -0.031824773503845244 0.9647748246394381 0.26114502011981 156.07635494010714 0.22154779082415432 0.2615870729300188 -0.9394087393977356 -71.93853815081208
-0.9578768680699348 0.03302769117561054 -0.2852736882927444 -377.93975484373397 -0.04443131440408137 0.9643595043626274 0.260838272969668 156.16142255125442 0.28372127857611 0.26252603292070176 -0.9222701980016795 -72.26650147742572
-0.9373478099694187 0.03749076535867388 -0.34637194698526064 -378.12153667126705 -0.05765105880207978 0.9637958035930909 0.2603344087810005 156.24153314446937 0.3435919652211586 0.26399259741359093 -0.9012505034374677 -72.58593784156707
-0.9105211071980089 0.042717282663969174 -0.4112499812872009 -378.2834726589418 -0.07142455551677751 0.9634446379671453 0.25821108117505925 156.30511385655322 0.4072466650767646 0.26447998664202993 -0.8741856155586676 -72.8442602567775
-0.878950940920541 0.04829510149648967 -0.4744605638262722 -378.4185222005739 -0.0848617128915696 0.9631446704112719 0.25524661318708447 156.3715139861894 0.46930132446010425 0.26461278697336515 -0.8424585092633238 -73.10193121576947
-0.8430574488330453 0.05262202396422628 -0.5352429920709194 -378.5446878677399 -0.09818324742260177 0.9634193497239337 0.24936560809997632 156.42901896339822 0.5287855783705459 0.2627814285131784 -0.8070512579358898 -73.31625152471341
-0.8041579386582418 0.05646090977179546 -0.5917281262207107 -378.69516182127103 -0.11274400783701755 0.96292044400849 0.24509795431081252 156.4876000825654 0.5836255635163499 0.263811266207945 -0.7679744900919466 -73.51993059161646
-0.7658932645551202 0.0570944904696314 -0.6404277683448139 -378.94783965190794 -0.12926270637811604 0.9620403626532796 0.24035285179451785 156.56651084151406 0.6298401861178027 0.2668680568819826 -0.729440045628925 -73.78085976147213
-0.7292345592758778 0.05885769272359878 -0.6817277532600352 -379.2602755629919 -0.13854884262176867 0.962956526838365 0.2313416210446533 156.65223531006808 0.6700904235742272 0.2631548962619801 -0.6940665132445599 -74.04155159883297
-0.6961048318303255 0.05694343892558347 -0.7156783550351424 -379.60761033326423 -0.14912366091382473 0.9636406485476342 0.2217179158804262 156.73867026171123 0.7022821347992096 0.2610634888873374 -0.6623032975245083 -74.30539687858679
-0.6687982438105812 0.05482178981710872 -0.7414199083091416 -379.9714200889921 -0.15735139971701276 0.964246123773249 0.2132368396768415 156.830016137887 0.7266012978814321 0.2592758842420913 -0.6362598288179928 -74.58489576488802
-0.650489747559163 0.05761336227265712 -0.7573267384742606 -380.38943170560333 -0.15883963889491873 0.9647504565086079 0.20982498845983635 156.9292525199975 0.742720039743207 0.2567825094395598 -0.6184089952529581 -74.90384773070016
-0.642472370966546 0.05937602761280961 -0.7640050653559523 -380.85465526554344 -0.15719519331420234 0.9655800321952827 0.20723144699749013 157.04052143897536 0.7500126157229212 0.2532384030329628 -0.6110248665036295 -75.2672188657455
-0.6424296272760193 0.061682440742243265 -0.7638582659774518 -381.372700209569 -0.15597369835147304 0.9653679972335186 0.2091335347090823 157.16740362929093 0.7503041912588262 0.253495377514917 -0.6105601642410108 -75.68408395828311
-0.6444229165864244 0.06229008597672145 -0.7621279746651897 -381.93817958632394 -0.15680679866640657 0.9647307735354135 0.21143831839513405 157.30653992657756 0.748418821563329 0.25576254569968043 -0.6119271098317008 -76.14625524977932
-0.6457880222470944 0.06251791044401649 -0.760952916543399 -382.5224495783457 -0.1565622266626302 0.9646211977277298 0.21211839636572158 157.45254013775644 0.7472925126780197 0.2561200026707003 -0.6131528722328012 -76.61922563226248
-0.6466841256077603 0.06246603722605542 -0.7601957878600779 -383.14098614320426 -0.1567589032483399 0.964482278341449 0.21260428268892365 157.60817152362105 0.746475912497722 0.2566552726101037 -0.6139232713475913 -77.12062124285961
-0.6481143819270856 0.05809125744909522 -0.7593241427396208 -383.7725139385525 -0.15768970615965902 0.9652393725537746 0.20843922433957165 157.7658792087389 0.7450380557465203 0.25483006000074687 -0.6164251260367818 -77.63717550581778
-0.6498124876022173 0.055649215621167154 -0.7580546786063471 -384.39249761135585 -0.16009696838841622 0.9649222157281258 0.20807229106050876 157.92360710502095 0.7430428599139215 0.25657022897265164 -0.6181092346307918 -78.14806641757009
-0.6506823255048211 0.058141438817638565 -0.7571209179304571 -385.03740369471257 -0.16283673285347253 0.9631856366450855 0.21391032652542613 158.08881660274739 0.7416850475162944 0.2624747653638761 -0.6172603080045987 -78.67918343367143
-0.6511349893067977 0.05812708783613238 -0.7567327582179406 -385.71152775781366 -0.16360509765783696 0.9628716068537352 0.21473621197944712 158.26295961005388 0.7411184775194916 0.26362759790014845 -0.617449505550527 -79.23333834235497
-0.6513508949786738 0.060167265663795426 -0.7563874085103663 -386.4056715620955 -0.16366788512411157 0.9622444038721962 0.2174822535188757 158.44333290591848 0.7409148635231204 0.26545358795689605 -0.6169113045254787 -79.8038728549534
-0.6507471329206839 0.059988208395049966 -0.7569211212861394 -387.09763136615726 -0.16339549804421136 0.9624551625898164 0.21675324962523654 158.6197435467496 0.7415052799639371 0.2647290593375941 -0.6165131344325419 -80.37270716034278
-0.650906735476939 0.052019721916768395 -0.7573733361047646 -387.78538925964847 -0.16461306687709099 0.9642420577497289 0.20770120914403192 158.79652060033973 0.741095783231881 0.25986766362569247 -0.6190685240566268 -80.93968313908209
-0.6507683062796937 0.052587050992448724 -0.7574531098423063 -388.4993474506281 -0.16466339067367958 0.9640819028831132 0.20840358035582998 158.9787615406318 0.7412061651886798 0.2603472423537433 -0.6187347849321988 -81.52701235138802
-0.6490696378670893 0.05781651516591861 -0.7585287441970537 -389.2182086301835 -0.16494312201373756 0.9626916638175801 0.21451929264405784 159.1600589333347 0.7426320567410549 0.264352058797003 -0.6153174930963186 -82.11283485813944
-0.6461383257257641 0.05986808585204739 -0.7608686327643708 -389.9283443107322 -0.1643614936468776 0.9626124430270262 0.21531972491091925 159.3439728621891 0.7453123931845466 0.26418383149988156 -0.6121407842478457 -82.68554532643785
-0.6444603397363974 0.06012646365777024 -0.7622700826313876 -390.6184241480305 -0.16334708495987046 0.9630645474394591 0.2140663619075846 159.5232772765344 0.74698634548562 0.2624718762710519 -0.6108354228634688 -83.23853155380326
-0.6433132805557443 0.06005604658540279 -0.7632439284587479 -391.29283923240985 -0.16544138770972724 0.9624594660416341 0.21517649374301628 159.70010086006334 0.7475139933762361 0.26469803077354004 -0.6092272008137224 -83.78095965284749
-0.6418129222200044 0.05970736086681984 -0.7645333242768048 -391.97165802092997 -0.16843691177591716 0.9616425441949371 0.21650086361418175 159.87811053780834 0.7481344662711458 0.26772868403033206 -0.6071376879461327 -84.32482799904518
-0.6402487420848593 0.057893310627272876 -0.765982971640606 -392.64114092652596 -0.1695441341038041 0.9619150909978232 0.21441582101525702 160.0536574360986 0.749223821597891 0.26714737935317456 -0.6060494557830934 -84.85334546196397
-0.6388551907271297 0.057564582455100544 -0.7671703618674125 -393.27710357490446 -0.1696733325617805 0.9620992784613641 0.21348521869559997 160.21806954655202 0.7503832390841254 0.26655449204787013 -0.6048749434971821 -85.35040334450153
-0.6366114416560051 0.05873014923170722 -0.7689451488395568 -393.8960122041538 -0.17113893642384875 0.9614750316083719 0.21512142625364017 160.37688412520134 0.7519556747524272 0.2685452162391043 -0.6020349907129282 -85.83396527741301
-0.6347051490590113 0.0643641511424303 -0.7700692370207348 -394.52226763798956 -0.17016994417326453 0.960420800097428 0.22053135115055728 160.5364593440748 0.753784825966965 0.2710150231775651 -0.5986311830785438 -86.32058515570863
-0.6324207287401091 0.06447118803845711 -0.7719374895499913 -395.16360486167343 -0.1719633955395934 0.9599797960319547 0.22105967928355066 160.69984775689332 0.7552963739184269 0.2725477153148825 -0.5960244377727433 -86.81993521618769
-0.6296066594270717 0.06191270079177962 -0.7744432012005493 -395.81808634112366 -0.1720011696308672 0.9609759079846941 0.21665849145282248 160.86759542750468 0.7576351708115842 0.26961476545928653 -0.5943877742649462 -87.3236532405326
-0.6271061265237324 0.06216860620200071 -0.7764489490490051 -396.5115715925832 -0.17217753834892366 0.9610895955791458 0.21601315829741746 161.04393367539814 0.759666243402 0.2691502436789166 -0.5920011359474525 -87.85278028688676
-0.6254295639925966 0.06247200478219448 -0.7777757447378564 -397.2103163994757 -0.1727817745065344 0.9609563184049599 0.2161236047172187 161.21906425104052 0.7609101910754019 0.2695555652107453 -0.5902164673926948 -88.38688517300423
-0.6247596258720235 0.057035962653399 -0.7787312173301214 -397.89354212314356 -0.1753507517646263 0.9616052061816281 0.21111025863272234 161.39030200861768 0.7608728696279234 0.2684442705825438 -0.5907708099217295 -88.9109795100195
-0.6241593928301683 0.050749629168318995 -0.7796470531472285 -398.55607949063545 -0.17867120845934958 0.9621729879697697 0.2056690071182508 161.55504174300697 0.7605929605311587 0.26767072376449574 -0.591481810396431 -89.41936480417912
-0.6216565166280057 0.05585564955063797 -0.7812959245684146 -399.22102860744116 -0.18000008652063978 0.9605732848896859 0.21189368373976286 161.7167807330193 0.7623274520745645 0.27235842334967386 -0.5870926204986598 -89.92160313523505
-0.6185955739580775 0.05853234914124641 -0.7835263109707848 -399.86383192844147 -0.17940287904184382 0.9603557229634742 0.21338109654513993 161.8721174077648 0.7649536736763706 0.27256347788233737 -0.583570927697491 -90.3996652441781
-0.6160586657355502 0.05655581012824821 -0.7856673346352604 -400.4827881482743 -0.1779054032928705 0.9616569310937222 0.20872377525957886 162.02263570943842 0.7673469800887572 0.2683605545160225 -0.5823755016555197 -90.85335656588596
-0.61470350963588 0.05285326141735396 -0.7869854687342603 -401.1209817296413 -0.17857284148560543 0.9625204478519284 0.2041228251584969 162.17800291164912 0.7682781628584072 0.266009248381476 -0.5822265403177992 -91.32472956392414
-0.6143916224366236 0.04953755727119399 -0.787444578811296 -401.82562252021415 -0.18118377114187864 0.9624980026811331 0.20191591296785694 162.34653572990217 0.7679162554305654 0.2667276237183515 -0.5823753080197176 -91.85525913756518
-0.6156823258188981 0.05089708093106758 -0.7863490070108382 -402.58980532495906 -0.1838817783928561 0.961081437051018 0.20617944352198803 162.527535896172 0.7662393655048749 0.27153629317027206 -0.5823618087083282 -92.43488947543537
-0.6190016351518765 0.05364771597167157 -0.7835552936776885 -403.35082478177355 -0.18307683486874082 0.9603245701193533 0.21037963912776567 162.70579557923682 0.7637537876919155 0.27367616373390546 -0.5846208251423701 -93.01289536358374
-0.6249317331856792 0.056257998254433235 -0.778649707179005 -404.0991588706614 -0.17955734242448307 0.9603021278838122 0.213492351065057 162.88543435199338 0.7597496229936548 0.27323041707363455 -0.5900217365036374 -93.58609383681379
-0.633028499559404 0.05249487079395328 -0.7723465590561653 -404.8456842900611 -0.17783152486319947 0.9611558108254211 0.2110816336902922 163.07360911436731 0.7534260862953973 0.27096825617931536 -0.5991037778488314 -94.17729904550337
-0.6428040449460272 0.04981408795723549 -0.7644092597830154 -405.6112011752749 -0.1758680880212505 0.9616320829055927 0.21055676845546237 163.27085136681487 0.7455691620612912 0.2697819374377125 -0.609380284236025 -94.79485674029905
-0.6506266888908475 0.05315063399427991 -0.7575354261082061 -406.3609405408151 -0.17460044656800064 0.9603529659191046 0.21734043551221682 163.4622234358507 0.739053175191872 0.27367351160898074 -0.6155511459516761 -95.41941591691923
-0.6558486006421053 0.04890660233394638 -0.7533065493435886 -407.0765248406827 -0.17422861409488075 0.961150633835876 0.2140884142299092 163.65007546585045 0.7345114043133506 0.2716571429671026 -0.6218483686627966 -96.02180291735453
-0.660452462768357 0.04738446295104957 -0.749371241170927 -407.7848961412493 -0.1743156166180657 0.9610649457888812 0.21440204238505856 163.84177397828637 0.7303537569057043 0.2722294668963318 -0.6264778584491737 -96.62168731823681
-0.6647142852961399 0.053129448132371346 -0.7452061330024027 -408.53819631487636 -0.17420843522670648 0.958948863327309 0.22375991289578834 164.04411781863135 0.7265028148734906 0.2785576049301428 -0.6281714102985566 -97.26712534967264
-0.6697491184264819 0.049453067876098385 -0.7409389397545492 -409.2425593190515 -0.17282434993999415 0.9600013316408519 0.2202934118751986 164.23441736741907 0.7221965538790459 0.2755936090068835 -0.6344133512464816 -97.87865936145731
-0.6747312494657518 0.04951228751883009 -0.7364008924349843 -409.8883121082258 -0.17019112981371992 0.9604212728755229 0.2205129427967807 164.41402929005304 0.7181731826844525 0.27411587329598214 -0.6395996933082952 -98.4378877404034
-0.6795688585161159 0.05408144636435562 -0.7316155846441803 -410.5188189588768 -0.17041000615250548 0.9583631478949678 0.22912989014957788 164.58738189348682 0.7135450906132053 0.28038415418135415 -0.6420577308512059 -99.00171764112066
-0.6850866968528234 0.0514388224793381 -0.7266431485517703 -411.10787404930534 -0.1675623293527756 0.9596285522545457 0.2259112823205672 164.74822679726088 0.7089281229977837 0.2765268327663514 -0.6488095461559192 -99.53039837591525
-0.6917697684504774 0.04844124745261468 -0.7204915218121659 -411.7434680556567 -0.16489271863079824 0.9607905471821573 0.22291683603523857 164.93125375032102 0.7030398130977495 0.2730109338298579 -0.6566582453672769 -100.11695018447078
-0.6969507369915635 0.04947758198995546 -0.7154101195030351 -412.4231112176285 -0.16550473378718922 0.9595868091524054 0.2275990746790132 165.13012874153674 0.6977591656875239 0.2770291042131459 -0.6605959598104676 -100.755572432542
-0.7001167929534637 0.05367378406479563 -0.7120081468134517 -413.0875988177486 -0.16624433970608787 0.9575136976020762 0.23564876070137336 165.32450886608555 0.6944057140751687 0.28334897883806 -0.6614484563827964 -101.38497600212933
-0.7040213258100888 0.049869339779928225 -0.7084257348194815 -413.7424839348504 -0.16673209285788745 0.9580437057875956 0.23313658445642227 165.5196594313018 0.6903291838071421 0.2822504326846838 -0.6661683805416422 -102.01470255247916
-0.7089237292736426 0.04672937680989768 -0.7037353987229243 -414.3832725755764 -0.16483851843535702 0.9591898207300326 0.22974583923965053 165.7169801676806 0.685751710834752 0.2788749776348766 -0.6722896235524971 -102.6349232514185
-0.7118694406187537 0.04761037057454446 -0.7006961910321055 -415.03013948050824 -0.1663051806648415 0.9578967701268253 0.23404351019551337 165.9103005746301 0.6823375164807947 0.283137829324089 -0.6739795866407712 -103.27348956486694
-0.7147810598788216 0.043509604059568587 -0.6979935177299942 -415.6692824550726 -0.16628076168398034 0.9588676264212447 0.23005126232014117 166.10008838972837 0.6792928269401242 0.2804991788862743 -0.6781456081932706 -103.90916736943686
-0.7195772905274197 0.040424275766905875 -0.6932347372181678 -416.2715126339444 -0.16531040091372123 0.9596317851268606 0.22755067199194653 166.2811941222255 0.674448659504164 0.27833920834651077 -0.6838466866119003 -104.51588971541845
-0.7252139832937383 0.03985053814020143 -0.6873693425263957 -416.862973789863 -0.1658563724814213 0.958815161904798 0.23057569041160286 166.4562007040323 0.6682487127877877 0.2812213006004686 -0.6887366971100397 -105.1258016220667
-0.7300763516942782 0.03785378617886184 -0.6823163573949416 -417.4523967727081 -0.16627432204064949 0.9586176029010417 0.23109552405485995 166.6323679795212 0.6628283115005704 0.2821690668379375 -0.6935699295623416 -105.738108667972
-0.7343521200248256 0.037100708420520316 -0.6777540123449979 -418.06390915246294 -0.16696676735489988 0.9579511725843018 0.23334877232036894 166.8167496353533 0.6579126556117468 0.2845225621617091 -0.6972788891159954 -106.37635843219199
-0.7399610133036434 0.03468188318312735 -0.6717550638212718 -418.6896847721656 -0.16693196811267652 0.9579594970003418 0.23333949543291624 167.00719805978252 0.6516067961682688 0.2847995243776418 -0.7030631650866048 -107.04000323832742
-0.7461949328064742 0.030431878938775234 -0.6650315954886662 -419.26832874360343 -0.16586398826980545 0.9589548452763808 0.2299885695337792 167.19071901241088 0.6447342550610891 0.28192109794269626 -0.7105196935241196 -107.668600732307
-0.7502032333533444 0.033158818694163934 -0.6603753488804672 -419.78458137937497 -0.16572015579069935 0.9574349045027484 0.23633711855002115 167.35770052505703 0.6401030687560372 0.2867383761944456 -0.712775676483477 -108.23262601738696
-0.7540222261675552 0.03640583632602386 -0.6558392314635735 -420.28553476926487 -0.16628166736474187 0.9553602340896381 0.24420735086929848 167.51860409341725 0.6354532945415641 0.2931918112799221 -0.7143092273341235 -108.79169802826758
-0.7615384331933255 0.03318790518797963 -0.6472694784389978 -420.7663883686142 -0.16428362194760474 0.956187763060386 0.2423135434377518 167.68039019598046 0.6269530335912202 0.2908668505052025 -0.7227215016504989 -109.33879206040244
-0.7702879417257306 0.030663624429358622 -0.636958577121618 -421.2072558979231 -0.1624407597634924 0.9564584151317811 0.24248773101142365 167.83493634525195 0.6166599438907955 0.29025341042003944 -0.7317673614887034 -109.85315581716225
-0.7754644543389176 0.02887855032002744 -0.6307304570006602 -421.6551539350798 -0.16308614085741147 0.9558933732717514 0.24427601109277228 167.9923054100438 0.6099654012459095 0.2922907598036118 -0.736551641785113 -110.39054386812242
-0.77734660979 0.028691924238372964 -0.6284178719065016 -422.1192499747506 -0.16264603487961846 0.9558261014127062 0.24483204691406807 168.15261429481552 0.6076829071036418 0.29252903674967606 -0.7383415517715191 -110.93981386810191
-0.7775520266853458 0.026852738318660484 -0.628244996989474 -422.56210902781976 -0.16349777331635143 0.9560923229556932 0.24321995828013102 168.30427227690623 0.6071913404505275 0.2918328295959566 -0.7390211604899487 -111.46841320178713
-0.7763678946802186 0.023671391701989043 -0.6298353414382996 -422.9645234999853 -0.16560617902218996 0.9565219086917859 0.24008421785344503 168.44096999596843 0.6081344305163763 0.2906983030695578 -0.7386927717346391 -111.95218386349661
-0.7722306148361878 0.02463538573488454 -0.6348645330142645 -423.3480395160567 -0.16762490000932637 0.955942677073562 0.24098857036445218 168.57088142987936 0.6128309476573359 0.29251785572701716 -0.7340786971941639 -112.40586745575933
-0.7650551743577854 0.03039584211407267 -0.6432469766509271 -423.73267429256504 -0.16852523992597462 0.9546233127673629 0.24554749892630914 168.69870707942857 0.6215221827869645 0.2962607356759394 -0.7252170384102125 -112.84155511390753
-0.7558287256711512 0.03479377406861656 -0.6538442710128988 -424.08878128486737 -0.1682914066058228 0.9547165272561418 0.24534537910181609 168.81033603926255 0.6327724234770022 0.2954754573057493 -0.715746682994061 -113.22117717668176
-0.743688114155496 0.034225367007006846 -0.6676500678627098 -424.42536270637015 -0.16999211186486082 0.9561815295742995 0.23836854743167182 168.9086259309473 0.646552914128123 0.29076710053614324 -0.7052827961025545 -113.56271585480343
-0.7287179118687421 0.028575074631983784 -0.6842175604524047 -424.7536135123198 -0.17693004509674984 0.957350722462949 0.22841924906132424 169.0030643054917 0.6615632729102513 0.28751184203342517 -0.6925828301559492 -113.88859253554853
-0.7107092155893768 0.029430468590854367 -0.7028700152907782 -425.1042223880266 -0.18231565398094082 0.9572832187993836 0.22443226443317135 169.0936431353595 0.679450817344299 0.2876502851095776 -0.6749843704016739 -114.21087634920693
-0.6874590653536503 0.0341801915018383 -0.7254183261897831 -425.4897457221511 -0.18546095936215018 0.9575070727623884 0.22087199497102533 169.17963794334472 0.7021426251236693 0.2863772339396183 -0.6519078262036259 -114.52436530269847
-0.6608743219684216 0.039699072472768174 -0.7494458714327434 -425.88838245385807 -0.1885383599383139 0.9577932002275651 0.21699187180541488 169.25804655651098 0.7264285356417043 0.2847036516145308 -0.6254961337712664 -114.80231407908946
-0.6336334189617563 0.03873132237413194 -0.7726632999191754 -426.2757382837478 -0.19606066137414258 0.9581017550881343 0.20880910889752288 169.33349363964882 0.7483775166561125 0.2837973071827748 -0.5994916021091844 -115.07086562375719
-0.606802110520315 0.038400899143677385 -0.7939247883855571 -426.6978884817904 -0.2029823335984179 0.9582277674487607 0.20148875387254617 169.41421439694875 0.7684981268129629 0.28341650734409846 -0.5736599275266145 -115.34985095546487
-0.5813123784331452 0.04103780000409376 -0.8126449517785901 -427.1653288390563 -0.2068479455100481 0.958464387454327 0.19636686436382525 169.49925068827721 0.786949710031507 0.2822444276733062 -0.5486786280954415 -115.62793312297532
-0.5514404136464075 0.04856133017764474 -0.8327996562252292 -427.63934038342586 -0.21378427985243123 0.9567396520059324 0.1973461931924502 169.58170375843005 0.8063558469345016 0.2868641411730502 -0.5172032604533657 -115.89212016166685
-0.5142601989541936 0.055212241681556216 -0.8558551607252795 -428.15928512274377 -0.22402927401024447 0.9546294869934452 0.1961974183038135 169.66691748801637 0.8278570723005493 0.2926331336864224 -0.4785587914883902 -116.15585309740842
-0.4710809893352265 0.06051858142072131 -0.8800114787829595 -428.6920177894191 -0.23341742696811843 0.9535283472680354 0.19052557766315634 169.74277103445036 0.8506462286253482 0.2951629926991512 -0.43506298563122286 -116.3633858411403
-0.42027280481691354 0.06381655311745718 -0.9051509360761522 -429.21683216951794 -0.24399432525169107 0.9528368200722322 0.18046817880062951 169.81771305734455 0.8739779967346416 0.2966975595835768 -0.38488052608680207 -116.55154404759678
-0.3691458787519483 0.06588332798411342 -0.9270332827327143 -429.7832407488098 -0.2554008234910937 0.9518880021901912 0.16935067359312492 169.89445213635355 0.89358924543692 0.2992801670343543 -0.33455887682045743 -116.7268618868959
-0.32491705811007965 0.06823400247500573 -0.9432778096909389 -430.44213657378094 -0.2641247899214632 0.9511610520711596 0.15978344210785705 169.97980883393427 0.9081117776452605 0.30105941926658303 -0.29102615925863745 -116.91515680689751
-0.2922461111751588 0.069964876266362 -0.9537804394052295 -431.1828761584703 -0.2691621006180556 0.9509872458561254 0.1522334451093596 170.0739356675572 0.9176840273720981 0.3012111789227297 -0.2590904313132906 -117.10833629438191
-0.27066515029963395 0.07100320824934313 -0.960051519884001 -431.8937541212211 -0.2726429088374733 0.9507905905722235 0.14718388886006237 170.15879633464982 0.9232584798819446 0.30158878841500336 -0.23798735686681458 -117.2816860360434
-0.2566999796317949 0.07151809681070746 -0.9638414196773313 -432.6006201608713 -0.27431835384960085 0.9508546401218898 0.14361369746623726 170.24334838932526 0.9267440645605899 0.3012650248323763 -0.22446564016451695 -117.44551972860626
-0.24694374335282346 0.07148072219473907 -0.9663898250568538 -433.35421813315503 -0.2748882642948745 0.9511410572903348 0.14059563040714457 170.33557985295687 0.9292229171581207 0.3003684329138949 -0.21522912148918152 -117.61149478598388
-0.24153545672773494 0.07430805067863278 -0.9675427312256907 -434.07999961269536 -0.2741781731392193 0.9512120286652107 0.14149913744140663 170.42659510623565 0.9308528092654424 0.2994561572700799 -0.20937778620396277 -117.76716093291887
-0.23978064711981198 0.07493114498726278 -0.9679310743940939 -434.7375884252061 -0.2730538592069902 0.9515640302218867 0.14130635640358372 170.5096317051269 0.9316366412067393 0.29817984489026855 -0.2077064006289696 -117.90809707075242
-0.23917505346473067 0.07080396262777539 -0.9683914976270449 -435.39999616574084 -0.27309602784513004 0.9521717171906692 0.13706779547870282 170.59681026211953 0.9317799382769284 0.2972470687128529 -0.20839944041734212 -118.04948973367021
-0.23816670129492779 0.07469674042461502 -0.9683475715693377 -436.15347509583677 -0.27225490201289365 0.9519282696121906 0.14039172996689456 170.6949147268572 0.9322842327982619 0.2970740084273358 -0.20638106209793788 -118.20938326108744
-0.23593562286377823 0.07640393937049032 -0.9687604553823171 -436.9854293987738 -0.2725625589978692 0.9516852897529485 0.14143818685343246 170.8008793056294 0.9327615093347364 0.2974181354869322 -0.20371160837581825 -118.38661875332606
-0.23474022171831307 0.07623784208874383 -0.9690638883692303 -437.8568135493324 -0.2711460643923544 0.9522149914227775 0.14059310749202475 170.91289162722597 0.9334756772793688 0.29576071670081183 -0.20285156736995566 -118.56992732076809
-0.23556342801641258 0.07504632052113355 -0.9689571307118797 -438.73410336025614 -0.2701986055766069 0.9526491829065723 0.13947131551650488 171.02592425227007 0.9335430278919207 0.29466520677488517 -0.20413189606404117 -118.75644960963547
-0.23697635079645912 0.07538841301141022 -0.9685859777773049 -439.5988784476754 -0.2687962700964368 0.9529774238594939 0.1399378247521841 171.14155727410025 0.9335902604169769 0.2935142531424154 -0.20556898807167653 -118.9415608041692
-0.2379167547670401 0.07758114120136916 -0.9681822061631874 -440.46938665147655 -0.2675189237970657 0.953016189472971 0.14210477829012458 171.25858199678814 0.9337179677030863 0.2928161695199194 -0.2059840956387213 -119.1276093624819
-0.23847724848540766 0.07761745697667129 -0.9680413897800585 -441.37357827504275 -0.26764351894021776 0.9529459283431627 0.14234115505886843 171.37934230536578 0.9335392593373502 0.293035131045186 -0.2064821136302225 -119.32275205295404
-0.2389724826890275 0.07818469472547311 -0.967873600233073 -442.2982043332833 -0.2669479201551845 0.9530576135631298 0.1428985414697469 171.50357922517634 0.9336117825104102 0.29252066378299424 -0.2068833024139277 -119.52231213463737
-0.24022778664869757 0.07588031156542364 -0.967746241965633 -443.2221050972806 -0.2655509776116323 0.9537741703683371 0.14070362549594878 171.62734926940863 0.9336880039988603 0.2907868811602948 -0.2089729669926098 -119.72293337459786
-0.2413120123324965 0.07729049785382892 -0.9673648182798213 -444.16016331177735 -0.2651923013565394 0.9536302328733565 0.14234613535722623 171.7517539678097 0.9335103405990022 0.29088753478178114 -0.20962558551692725 -119.93125350703616
-0.24198804471256388 0.07984940661055384 -0.9669880343003918 -445.0746043343466 -0.2659651167386047 0.9529769105052658 0.14525000764910942 171.87193093717465 0.9331153963441028 0.2923338507730292 -0.2093718624787049 -120.13720493921613
-0.24238385852540012 0.07878650799336721 -0.9669760862009738 -445.96963292487544 -0.26587395867324487 0.953146036977415 0.1443040896637138 171.9923820934142 0.9330386397281507 0.2920707420342987 -0.2100799334105417 -120.33680884005994
-0.24297629706212542 0.07876280834357359 -0.9668293226251541 -446.8589702960307 -0.26564558150591383 0.9531933677164285 0.14441201046936997 172.11308417298068 0.9329495935431686 0.29192263318087097 -0.21068040284844722 -120.53446895477128
-0.24283603417450936 0.07858711834162155 -0.9668788576327231 -447.71808419288897 -0.2645804889223109 0.9535586535443294 0.14395505941912395 172.2297803839833 0.9332887149151802 0.29077475660980595 -0.21076578358566814 -120.72388212533909
-0.24215134977723923 0.07809432411437615 -0.967090481983037 -448.5983318273977 -0.2625008358528208 0.9543082758021814 0.14279014641089638 172.34825303486542 0.93405355038008 0.2884388865541415 -0.2105872117337032 -120.91524763061288
-0.24205709639914405 0.07857801603939266 -0.9670748975535097 -449.47863850626516 -0.2619307961459886 0.9544169395430881 0.14311031948654446 172.46709210322882 0.9342379890119783 0.2879475662486567 -0.2104413908391869 -121.10778989794512
-0.24318126640125542 0.08212129617265432 -0.9664983002501389 -450.3049288429686 -0.2640297750605497 0.9531814547144855 0.14742249580664324 172.57767833624598 0.9333547822521501 0.2910347180377397 -0.21011340591151276 -121.29640089850764
-0.24561474643003775 0.08226497397849736 -0.9658705246524651 -451.12537306772214 -0.26416007465353986 0.9530024904337425 0.14834321078542032 172.68432565853016 0.9326804658054899 0.29157970999952626 -0.21234034336754673 -121.4859305177464
-0.24934709172096656 0.0793704684738238 -0.9651561306775938 -451.9975525970876 -0.2647550340186532 0.9530799610582452 0.14677656417494817 172.79850414678145 0.9315206921008672 0.2921282536206759 -0.21663398538654177 -121.68893069529611
-0.251216986893531 0.07977656148541937 -0.9646376136838649 -452.8879185227633 -0.26527813101871517 0.9527638858204812 0.1478799887729288 172.9164761207971 0.9308692382388375 0.2930472284697922 -0.21818749548684174 -121.89420343687306
-0.2528626683725609 0.07703542738596639 -0.9644304090347694 -453.7872414332793 -0.2646916555415938 0.9532864980171555 0.1455444268422705 173.03744828017116 0.9305905643354437 0.2920794337601598 -0.2206599328020061 -122.10258349158097
-0.25506656300199904 0.07818201935713176 -0.9637575526487931 -454.6695097279735 -0.26576994737706056 0.9526670435934166 0.14762059179593007 173.1571860292296 0.9296813343880487 0.2937908710294221 -0.22221507732427098 -122.30993327385045
-0.25593896564972957 0.07549628326799199 -0.9637403992128112 -455.5168762810799 -0.26830411514832997 0.9522296795914968 0.14584765716168918 173.27269761430293 0.928713167590844 0.29590361355988937 -0.22345671577641477 -122.51272908025574
-0.255572324432108 0.07641772677528448 -0.9637650740812672 -456.3860583047772 -0.27126349782384085 0.9511590086908167 0.14735214601316277 173.391954686422 0.9279541485077512 0.29909341554237967 -0.22236057889484132 -122.72030111519412
-0.25525276417809795 0.07796611572309071 -0.9637257447938687 -457.31041939938655 -0.27259781801745764 0.9505054084926351 0.1490969417472284 173.51811424991368 0.9276510421443844 0.30076694170953744 -0.22136573985856606 -122.93944141369971
-0.2556106077475785 0.07747405057716798 -0.9636705810047763 -458.29450148061983 -0.2736279584310412 0.9502289056466136 0.14897237072190953 173.65197169728594 0.9272491345759106 0.3017661318982158 -0.2216895217808335 -123.17439993438283
-0.25664459799584566 0.07648625015441474 -0.9634746513826247 -459.31825348855034 -0.2741667033255643 0.9501538566442117 0.14845964937224246 173.78993551582553 0.9268042776698562 0.3022540359390636 -0.22288187151808564 -123.42120095562494
-0.25841940289818965 0.07559052908109092 -0.9630708614214152 -460.3428172108255 -0.2747326367353436 0.9500177120764589 0.14828460828239254 173.92808346503102 0.9261432883297217 0.3029066170526106 -0.22473582453083488 -123.67180672835508
-0.2598084213131549 0.07494033680487296 -0.9627479058062609 -461.33711275791956 -0.2754337581008278 0.9498180815730201 0.14826279646428156 174.06294080620668 0.9255462328340072 0.30369319688877755 -0.22612963770866762 -123.9161920269449
-0.2612467984300099 0.07292116200411897 -0.962513695716607 -462.3249557382685 -0.2758086200590574 0.9499321281674926 0.14682832484334662 174.19582263036548 0.9250295754251264 0.3038280039877054 -0.2280544421441041 -124.15807057084707
-0.2632785262418764 0.07194637729827977 -0.9620333343567475 -463.2842974648031 -0.2761939190808961 0.9498521897525432 0.14662106494307237 174.32512101199848 0.9243383237119634 0.30430993479667745 -0.2302045327559838 -124.39314172286164
-0.26430718856807284 0.07288833934897627 -0.9616803003380032 -464.21770643319275 -0.2758938642129679 0.9497549813063109 0.14781086283995493 174.45077313810273 0.9241343440003077 0.30438916779478753 -0.23091762333853816 -124.6214483027294
-0.263822257560279 0.07414924111504086 -0.9617170615403804 -465.1405221085915 -0.2753326886138437 0.9497698738462378 0.14875852014180607 174.57851880630287 0.9244402235928894 0.3040379528548546 -0.2301547223659752 -124.84424000314797
-0.26292754245396366 0.07591210913465482 -0.9618245469449457 -466.0547361326491 -0.27582666943851614 0.9493789131603609 0.1503307276404722 174.70472062847853 0.9245478656324808 0.3048229501418583 -0.22867928026220347 -125.06645850664974
-0.26050401305113213 0.07647983002600164 -0.9624388265149386 -466.925091457415 -0.27668695291831025 0.9491312917639705 0.15031340951240488 174.8229444816252 0.9249767506640572 0.30545151267207105 -0.2260915392873144 -125.27538688794029
-0.25499939585374576 0.07650193609256122 -0.9639101420196371 -467.71213574149675 -0.2767689505575085 0.9493822804724649 0.14856726938395265 174.92706171117266 0.926484892548994 0.3046649623750613 -0.22091854738677405 -125.45470391701033
-0.2465332015515719 0.07596637588710387 -0.966152415650509 -468.44383584315824 -0.2769353916527059 0.949831841989126 0.1453487557350013 175.02185792411905 0.9287239468124506 0.30339509171726764 -0.21312730688247408 -125.61346511509926
-0.23531764209688358 0.07703937178737273 -0.9688604350021589 -469.1243229724948 -0.2775572061247651 0.9500137489300691 0.14295409812963433 175.1054577460461 0.9314438279607519 0.3025538167639745 -0.2021721625629343 -125.75578057591315
-0.2192796910369068 0.07628724247244473 -0.9726750093092307 -469.77171122193886 -0.27957559064537324 0.9502191978007382 0.13755349957823407 175.18279526080917 0.9347480442418965 0.3020988791221812 -0.18703572123814272 -125.8950132070321
-0.1968007049119314 0.07526164921630393 -0.9775505954698261 -470.41905582837154 -0.2823095747386826 0.9504726728938081 0.130011545998696 175.26025993121257 0.9389200107341584 0.3015582567918646 -0.1658066078406424 -126.03414915659847
-0.1679452473686912 0.07499529687803708 -0.9829395196717073 -471.02305945514627 -0.2851487862961115 0.9507815829339265 0.121262324023245 175.3257596467837 0.9436548964320192 0.3006494420414551 -0.13829443025674537 -126.15574363735091
-0.1325713001534176 0.07547040312268623 -0.9882960430094487 -471.5999749505249 -0.288745280844285 0.9509089226113595 0.11134802956615503 175.38098846221254 0.9481830061574552 0.3001273715451639 -0.1042715094529823 -126.25312026495148
-0.08435730915843662 0.0793567991438033 -0.9932705285173825 -472.1445449144067 -0.2916329117793933 0.9512080757505638 0.10076428630218834 175.4172998816879 0.9528032793597122 0.29817058046790285 -0.057098299316292546 -126.28930916877093
-0.02148969417013293 0.08229556543609544 -0.9963762506975112 -472.63423538637124 -0.2947787072215881 0.9517802417891363 0.08496990707650169 175.42190158272498 0.9553238753497395 0.2955364804036427 0.0038055140760974 -126.22215685334608
0.04516429069751668 0.0824715089686402 -0.9955695038791758 -473.08406468405514 -0.29775057296866864 0.9524017030575931 0.06538801350272662 175.41768514197292 0.9535747391487576 0.29347818696018624 0.06757048642670545 -126.1285782753113
0.11090675837184516 0.08353993071230388 -0.9903134710403747 -473.53551416727197 -0.29850478897995925 0.9532509891497514 0.04698342943056915 175.40559391779095 0.947942288276813 0.29040253384158005 0.13065904651002935 -126.00796263180794
0.1731538998860483 0.08488333336850906 -0.9812301191211495 -474.00892076795196 -0.29682891185067556 0.9544534351404317 0.03018670631553586 175.38994602862866 0.9391008061139111 0.28603052261058853 0.19046316203223243 -125.8701572197938
0.23193590366775393 0.08763386063420986 -0.9687755380170211 -474.50606498254336 -0.2941043785111058 0.9556388116880679 0.01603359398328004 175.3699543373873 0.9272045896836468 0.2812023614157031 0.247420453487202 -125.70513972573495
0.28722551602423824 0.08980002180401118 -0.9536443042500762 -474.94970178359404 -0.2917524926433601 0.9564913280930584 0.0021959779531270907 175.34328898641917 0.9123497059686038 0.2775973619593367 0.300928095484984 -125.52887304412904
0.3407061501201678 0.09009366956406613 -0.9358431759513861 -475.31647083696635 -0.2905569106493784 0.9567600062832521 -0.01367377236784586 175.31617372773846 0.8941454025739797 0.27657444039780466 0.3521513566273132 -125.36152145210528
0.3856762875818268 0.09055387131501925 -0.9181796107445238 -475.73443408451664 -0.2887842129671543 0.9570157201995695 -0.02691820261176048 175.28400132021315 0.87627477399389 0.27553748870302364 0.39524879858285267 -125.15309991217873
0.42138125645168417 0.09278106911438734 -0.9021249968408998 -476.2638168244641 -0.2891836034480002 0.9565700181935082 -0.036696645488495154 175.2418282946847 0.8595409706395801 0.2763430359304703 0.42991144004864484 -124.89105521510072
0.4520584465218982 0.09330916380496354 -0.8870944486796367 -476.87807226151284 -0.28901523456723316 0.9561845617630891 -0.04670415435465925 175.19188001047533 0.8438680910641528 0.2774968176321208 0.4592190774432053 -124.57353202065646
0.4788121924666109 0.09232396274157284 -0.873049351554087 -477.53091999534394 -0.2861741882349024 0.9565518009708514 -0.05579413990306391 175.1341421918841 0.829965793471884 0.27655910392377264 0.4844294001229347 -124.20844452248852
0.5001090482798839 0.08967900261735882 -0.8613063428990562 -478.20297027550436 -0.28268589653405146 0.9570420531046406 -0.06449180172704906 175.07114491381918 0.8185228303042807 0.2757320893164533 0.5039763795971526 -123.81402741346733
0.5187437869089461 0.08780991436808189 -0.8504083151533962 -478.9014486068741 -0.2802379618304572 0.9572186799583272 -0.07210467036160782 174.99956104197508 0.8076952199267242 0.2757205427194615 0.5211589143725803 -123.38857451823965
0.538733000519892 0.08390461277880329 -0.8382879994997393 -479.5414067201174 -0.27557980945629645 0.9578397285811685 -0.08123313961427395 174.92711198810943 0.7961297147895358 0.27477822021768616 0.5391422881977758 -122.97119448452986
0.5587928404459863 0.08173334842963174 -0.8252697869307885 -480.15485917217615 -0.2706833168130459 0.9586064235044722 -0.08834176144417832 174.84915073605887 0.7838884509070134 0.27275150699941453 0.557786260106998 -122.54932008004909
0.5742501547109269 0.08355651968159154 -0.8144047322021025 -480.85966453898055 -0.2666509959635718 0.9596225656004146 -0.08956437875696341 174.75272935692104 0.7740374707765214 0.2685941913169098 0.5733438359524776 -122.05803690210739
0.5858766797612341 0.08371265741304822 -0.80606495216006 -481.62542572198356 -0.2643450894296917 0.9599880300239746 -0.09243730797196824 174.64430108152482 0.7660745328010604 0.26723617494557356 0.5845636295512203 -121.51259546797597
0.5964948125278672 0.08088250400445206 -0.798531125989035 -482.3310642762001 -0.26263480731100153 0.9598064185476257 -0.0989676558452344 174.5429011368689 0.758430548314122 0.26875576172569177 0.5937621105486469 -120.99292876572767
0.6066188681037777 0.08187572920250838 -0.7907653974650449 -483.0199272800364 -0.26074888799839663 0.9601493583537889 -0.10061424879416929 174.43913497219495 0.7510150239962534 0.2672256997752504 0.6037937223187525 -120.47218042253269
0.6154219583790157 0.07895592860339196 -0.7842332398485253 -483.77432648609687 -0.257304923609086 0.960586060959879 -0.10520739411331301 174.32049438853804 0.7450167712417362 0.26653401439209784 0.6114815040052901 -119.88973322763006
0.6212417093940841 0.07271481696871224 -0.7802379726098471 -484.617758601849 -0.25465160129698755 0.9603778841827469 -0.1132558233803367 174.18954149784204 0.741087916826336 0.2690480904334465 0.61514374301306 -119.2283329227331
0.6246008482949696 0.07126807000698868 -0.7776854393047903 -485.5163304563207 -0.25273909915506565 0.9606817327312054 -0.11495023338324467 174.04083630911177 0.7389159140710748 0.26834953063878253 0.6180548530174752 -118.5211166341167
0.6268669848674037 0.07057326017589416 -0.7759234486928445 -486.3949254504657 -0.2504125760689038 0.9612999232181746 -0.11487384109219387 173.88958933798713 0.737788130176806 0.266311608025043 0.6202796163032669 -117.8293326252538
0.6282816815124814 0.07050946031199748 -0.7747841923286516 -487.2204539808656 -0.24974199881377815 0.9614567497632717 -0.11502109529626335 173.7469954271554 0.7368114159704295 0.265761800003619 0.6216748369963888 -117.17746728376491
0.6290390188581024 0.0689977674910742 -0.7743056378687195 -488.02089027753544 -0.24723174176409185 0.9620937786434887 -0.11511744854623335 173.6069900304547 0.7370117900131115 0.2638462983950095 0.6222529648020331 -116.5395125860749
0.629456890866601 0.06886736655796091 -0.7739775890579291 -488.83464870031133 -0.2468942258772509 0.9621729283985615 -0.11518028080108532 173.46706770863952 0.736768120760546 0.2635916191389907 0.6226493351403004 -115.89107655241389
0.6302436980176359 0.06834688918292114 -0.7733832063395698 -489.649808740692 -0.24650750102438887 0.9621915942096559 -0.11585071415834582 173.32560057460773 0.7362247843205004 0.26365894403813567 0.6232632093914474 -115.2400688500056
0.6314511129123113 0.06947450135215744 -0.7722970838114526 -490.4391028033387 -0.246533315363585 0.9622862208665365 -0.11500675435053975 173.18859527491833 0.7351808052565328 0.26301810354474603 0.6247644842579325 -114.60896050666015
0.6334829791391501 0.0689565534880231 -0.7706778243027638 -491.210417956 -0.24582288689029153 0.9623541623623729 -0.11595505364038812 173.05638447172956 0.7336691511995795 0.2629058004587863 0.6265860808087046 -113.98844903344057
0.6348388285301202 0.07064417250602643 -0.7694082548825718 -492.0279467319897 -0.24592226029380157 0.9624985225809657 -0.11453748697021705 172.9157634085464 0.732462902598141 0.261927461180387 0.6284044091165357 -113.32922707980443
0.6365666315292253 0.07050394315473037 -0.7679922640386238 -492.8949785530435 -0.2463488382790591 0.9622316212800442 -0.11585575897357023 172.76537380558554 0.7308181535115933 0.26294391228628583 0.6298931063994005 -112.62528469001167
0.6394079412462397 0.07228775301204025 -0.7654619294489549 -493.7772131494778 -0.2469853719370042 0.9621168065273897 -0.11545335268706411 172.6138723852502 0.7281179236362655 0.2628796899001777 0.6330391440642508 -111.90527053827728
0.6420697759217031 0.0743069747086996 -0.7630366153452244 -494.6412080328234 -0.24759379965712547 0.9620560400981 -0.11465376610524797 172.46881774463645 0.7255644101106412 0.26253885278261146 0.6361050522990577 -111.20099850901813
0.6435517454423507 0.07690136847919493 -0.7615295992042149 -495.4701216669801 -0.24854905817859432 0.9620175878948872 -0.1128960861121561 172.33118211273276 0.7239230046190265 0.261931937928417 0.6382218605441404 -110.52763293000024
0.643788048759542 0.0784547730006864 -0.7611713321373801 -496.25950280789175 -0.24942122332503214 0.9619185839966155 -0.11181096152434003 172.19822766196276 0.723412746383023 0.2618348455713318 0.6388399737142382 -109.88309770174612
0.6446601064200923 0.08014670900008505 -0.7602564384646094 -497.00719566275615 -0.24907214674192285 0.9622451389341502 -0.10976045879539187 172.0733998909324 0.7227561227051675 0.26011689225050333 0.6402833665324538 -109.2629877039128
0.6455368124466381 0.08232587451231166 -0.7592790489418357 -497.70519143157395 -0.2495234914857547 0.962349821778898 -0.10780003580188872 171.95718808291102 0.7218173252097752 0.2590468507971338 0.6417744760576668 -108.68224948144055
0.6456223104698096 0.08226260468523423 -0.7592132085876979 -498.34859005578153 -0.2501827704626946 0.96209934308193 -0.1085054625580502 171.8494981043704 0.7215125872687442 0.25999561133166466 0.6417334871276675 -108.14888931547371
0.6453880841163482 0.08296931994288313 -0.7593354415729893 -498.9884598928303 -0.2511179400226102 0.9618749197705005 -0.10833475395874095 171.74421232145053 0.7213972560797776 0.26060071117461486 0.6416176963393796 -107.61666085811844
0.644890073901253 0.08565222710563335 -0.7594606563710086 -499.6457033178001 -0.2522038078869814 0.96188670683429 -0.10567498522733888 171.63510885689774 0.7214638118928385 0.2596876185098859 0.6419130072850358 -107.07106190594274
0.6445137657777493 0.08724056138500143 -0.7595992957949711 -500.30012755209185 -0.25349948906649467 0.9616586886871922 -0.10464499756540202 171.52703541539051 0.7213459743881661 0.26000317482997387 0.6419177005756429 -106.52926394324835
0.643765221417829 0.08849537886333729 -0.7600887498264196 -500.97305685634717 -0.2550660597750516 0.9613026018187021 -0.10410865904155475 171.41714696797848 0.7214621575964226 0.2608943764369685 0.64142534990432 -105.97008997051998
0.6427726069534077 0.0899697136471326 -0.7607554313815803 -501.68090559826 -0.2568278829406859 0.9609146453766009 -0.10335609728010053 171.30506860658627 0.7217221170883759 0.2618176749706187 0.640756342753196 -105.38133175612916
0.6422914301467694 0.0898678407435237 -0.7611737580606123 -502.3971855915235 -0.25722230215610375 0.960781351450909 -0.10361410124923033 171.1948394781965 0.7220099764085907 0.26234131566390306 0.6402176411675938 -104.78039154684701
0.6423268913158777 0.0898426746673683 -0.7611468048288026 -503.0835216276976 -0.25762602677832885 0.9606292909113511 -0.10402017001319307 171.08738160085525 0.7218344651087909 0.26290617956178686 0.6401838374477524 -104.20359552061988
0.6431588792136622 0.0887535994294975 -0.7605717945578414 -503.72387977353026 -0.25809935217756763 0.9602637552585002 -0.10619908070397807 170.98477725966143 0.720923976917225 0.2646059691789997 0.6405094070977363 -103.66566476677316
0.6451771690260599 0.08724911312605073 -0.7590349220070428 -504.3378377641803 -0.2581857647380394 0.9599132700681839 -0.10911748179666858 170.88536771141247 0.7190872905664195 0.2663721197980927 0.6418406050883001 -103.1492535001543
0.647817461461536 0.08878299124261063 -0.7566043332492531 -504.95782341079365 -0.2583306811573004 0.9599393023579584 -0.10854397708453435 170.7814955220921 0.7166573768533595 0.26577079646668583 0.644800812613573 -102.62982287879812
0.6500965539753323 0.08997089742972268 -0.7545062677838332 -505.58152926340483 -0.2578844344162197 0.9601537963279577 -0.10770471615878158 170.671838209994 0.7147517673956645 0.2645938869526408 0.6473947682767185 -102.10789653182452
0.6535213771838595 0.0900721404927275 -0.7515296528220102 -506.19586210372205 -0.25729950387323197 0.9602027875356944 -0.10866265280802492 170.56211437244423 0.7118333898253875 0.2643815733286765 0.6506885651476829 -101.58873452838458
0.6568539746024962 0.09020173420505742 -0.7486030344550474 -506.794286512355 -0.2563561670452262 0.9603922924012572 -0.10921611746507384 170.4536784822509 0.7091011011603249 0.2636480453989071 0.6539612652830055 -101.0752732445744
0.6579062381532031 0.08871068061717743 -0.7478568024318153 -507.36663526904306 -0.2550407956382198 0.960605024347449 -0.11041820392791875 170.3482724610471 0.7085997278854448 0.2633788190855143 0.6546128804857053 -100.58095984612883
0.6558724163201604 0.08912737911784722 -0.749591678050083 -507.9507906182905 -0.2548559132924011 0.9608447776419541 -0.10874638724153873 170.24453844520608 0.7105489687349159 0.2623616274720321 0.6529062256250687 -100.07949247859811
0.6516855180507931 0.09042879766192842 -0.7530794235114175 -508.5628449331586 -0.2539604907955454 0.9615742158056549 -0.10430290797783237 170.13922708667238 0.7147097695412855 0.2592251146227228 0.6496093328078638 -99.55861888763938
0.645051109514606 0.08950743534797512 -0.7588790978353569 -509.16121750633755 -0.2540441136594436 0.9617455699322296 -0.10250388788102273 170.04067480051967 0.7206737503398923 0.2589090143914749 0.6431138840344441 -99.06155996361211
0.635218922098744 0.09077444285318943 -0.7669790880672069 -509.7203850392966 -0.2551282052828164 0.9619843928001384 -0.09744550722390913 169.95427898405322 0.7289763506979365 0.25757722829017354 0.6342298097609964 -98.61043180945823
0.6186507222833886 0.09269473395620205 -0.7801788065020941 -510.2173582193834 -0.25636644181802887 0.9624795970224144 -0.0889340925918797 169.88380897660608 0.7426624612351206 0.2550308052223614 0.6192025170005577 -98.22931800207255
0.5887464663618388 0.09378751134777644 -0.8028583318753317 -510.65528324650313 -0.25975107961570143 0.9625170438150653 -0.07804048310967925 169.83084245336727 0.765445605503701 0.2544893771470719 0.5910399156862138 -97.92117123292206
0.54601466761691 0.0954641849250695 -0.8323187923769285 -511.06165687639356 -0.26566056173842156 0.9619435444951504 -0.06394593920601978 169.79587896252943 0.7945391423234119 0.25602969866932446 0.5505963537068427 -97.6748336044965
0.4953323676360861 0.09673415479165541 -0.8633008449369052 -511.452782913406 -0.2719425260442723 0.9610986574890505 -0.04833873293138989 169.77723687253047 0.8250412766042017 0.2587119515397294 0.5023694039547121 -97.48884809356937
0.43898589754728523 0.0984981611330511 -0.8930786605937985 -511.81066591201335 -0.2756491265400483 0.9608047694837036 -0.02952548009910474 169.76362646975727 0.8551660311263035 0.25913762210605573 0.44893067618163934 -97.32858210320899
0.3785640420443743 0.10265344021804941 -0.9198649560030134 -512.1941844070412 -0.2798093897649004 0.9600220853748763 -0.008018789925842314 169.76249738363987 0.8822675169530046 0.2604224775319506 0.3921532375560597 -97.21088307775017
0.3193965275888987 0.10594209613931067 -0.9416804821327478 -512.5728567096058 -0.2836078827423204 0.9588691707855538 0.011682558086722512 169.76498843962452 0.9041860577395411 0.2633366392711802 0.33630549714030306 -97.12238680356025
0.26104742555310473 0.11052339194517989 -0.9589780088432841 -512.9338467483312 -0.2848134284331997 0.9580188132514527 0.03288258567101362 169.77340579957294 0.9223532688705686 0.2645459001557504 0.2815668910127028 -97.05922089001706
0.20369342735818924 0.1161729572658685 -0.9721177046279829 -513.3250874753027 -0.2858383169989783 0.9567301941232185 0.05444072178201742 169.7905533209417 0.9363788999044488 0.26677927140813873 0.22808633488369195 -97.01891382726271
0.1490565167036151 0.11860280954929178 -0.9816901386869488 -513.7411058639714 -0.28471683865960656 0.9558847117778454 0.07225468547486538 169.8152508628511 0.9469522039743423 0.26873368109785895 0.17624906249886452 -96.9831596037601
0.09592932842600901 0.11823467499208527 -0.9883410977882344 -514.233083352134 -0.2821362325646264 0.9554293630214445 0.0869130516705205 169.85061259438376 0.954566241924558 0.2705093231405503 0.125011982913905 -96.9451847825251
0.051082110694560055 0.11804315999937744 -0.9916937180119433 -514.8292910273028 -0.28246719031797396 0.9541521921745959 0.09902464623662857 169.9010953454003 0.9579159171664587 0.27506255024226856 0.0820834276413975 -96.92414174575762
0.01979743977270277 0.12050791050321455 -0.9925149393760262 -515.4663039532439 -0.2838964864290623 0.9525256137322183 0.10998972759899435 169.95867878245824 0.9586505340173129 0.2795939890094495 0.05306934084858944 -96.91514763980739
-0.001615657370854205 0.12203391589028587 -0.9925246158276098 -516.1902584201049 -0.2819543983711068 0.9522012596014511 0.11753500947634311 170.0283030836051 0.9594264468370918 0.28003657722858044 0.03286956835210276 -96.90486875320963
-0.01783912681839312 0.11953385805041804 -0.9926698455850976 -517.0433846859943 -0.2816776447354449 0.9520134349523184 0.11970014255040465 170.11720536525377 0.9593432493172868 0.28174825012744337 0.01668692720285307 -96.90387647304793
-0.027388004929495655 0.11786385703847689 -0.992652007699575 -517.9018421767612 -0.27890595776477395 0.9526885393023062 0.1208139636191079 170.20861047011797 0.9599277909870597 0.2801654123657266 0.00678069352248003 -96.90401408655511
-0.03138521269075064 0.11735422076978493 -0.9925940536250831 -518.7517010376723 -0.2781467839355138 0.9528298970249878 0.1214477415256813 170.29854573774685 0.9600256949741955 0.2798985069679255 0.0027369301121375226 -96.90786942558394
-0.03410773365968586 0.11547934179116569 -0.9927241228680204 -519.5888535835312 -0.2773012742029459 0.9532079661653429 0.120410035148071 170.38749955003655 0.960177413726246 0.2793905776120867 -0.0004891948094517615 -96.91258983697549
-0.03795827194387583 0.11431517586686721 -0.9927190993214362 -520.4028788003177 -0.2746684187152616 0.9539767452409741 0.1203562599115725 170.47546226652793 0.9607894823276806 0.27723710088292786 -0.004812540133482123 -96.9174055127243
-0.04322147479262604 0.11537652771146747 -0.9923810563337033 -521.1993153767248 -0.274900713183824 0.9535931955182122 0.12283979547522973 170.5623970799697 0.9605006517477098 0.27811557725991454 -0.009498614509955587 -96.93145031490266
-0.04777041957828403 0.11516209246543277 -0.9921973994484662 -521.9991884830625 -0.27565844378225085 0.9532356976878682 0.12391177113203401 170.6475365789848 0.960067919152006 0.279426908354425 -0.013791066043819983 -96.95068175186496
-0.050465554515156504 0.11375604980355454 -0.9922261783185174 -522.8644593346976 -0.2759601006329789 0.9532251218570035 0.12332027375636101 170.74049220703213 0.9598433469405904 0.2800382620175287 -0.0167129034008933 -96.97122389414294
-0.052896210027876124 0.11676425586093475 -0.9917500186629343 -523.7406423711009 -0.2748610915509188 0.9530766544757941 0.12687108041106984 170.83677532022122 0.9600277971580432 0.27930449199122465 -0.018320192067750884 -96.99068886640046
-0.055083643354843864 0.11917557707531426 -0.99134402407213 -524.6000871054072 -0.27414425809351034 0.9528906698833076 0.12978558087748845 170.93339966144777 0.9601097426800314 0.27892033464434485 -0.019817389655833434 -97.01062556505282
-0.056398849866805864 0.12087622867643646 -0.9910641286388409 -525.5000731599362 -0.2758972171676204 0.95210444862596 0.13182505249696214 171.0386395579713 0.9595310809415531 0.2808666164705676 -0.020348180742028803 -97.03513949186097
-0.05665014067677385 0.1231801833673331 -0.9907660692549445 -526.4553566183992 -0.2785366112442687 0.9510086924860488 0.1341634190550542 171.15035904515554 0.9587534186420729 0.28356500002922136 -0.019564585366585875 -97.06277386104395
-0.05751384280004597 0.11889117935818018 -0.9912401552384741 -527.4642391668173 -0.277106783272486 0.9519686812165867 0.1302592056137892 171.26766527959103 0.959116253928974 0.28217107834358246 -0.021805824810641385 -97.0858132274739
-0.05796246785643582 0.12045317505427097 -0.991025420934972 -528.524570620383 -0.2763170439018935 0.9519767307628592 0.13186809824739737 171.38766808392322 0.9593170714468245 0.2814806151503341 -0.02189565539732467 -97.11191399428125
-0.058445509270204164 0.12031907819243225 -0.9910133409137697 -529.5963984150367 -0.2785505442969815 0.9513174002213477 0.13192724626838356 171.50783001908076 0.9586415997222336 0.2837578606118709 -0.022085285213731258 -97.1445744809139
-0.05983612655731825 0.1206123023323303 -0.9908947020166738 -530.6608180070506 -0.278461889470678 0.9512495586983665 0.13260185967244253 171.62612396284234 0.9585815635985484 0.28386079264714237 -0.02333315938100025 -97.17624917351812
-0.06145258181074466 0.11786997336404659 -0.9911257486151566 -531.7188702877752 -0.2785626574095468 0.9515200805349717 0.13043152316698417 171.74576819226053 0.9584500123040985 0.2841059762093824 -0.0256391925845614 -97.20961938216458
-0.06367243610781054 0.11676657077886482 -0.991116233763045 -532.7677741552403 -0.27834854316796664 0.9516420615359725 0.12999798164526305 171.86632911398152 0.9583673144449203 0.2841530479585166 -0.028091563493639043 -97.24250446697005
-0.0653499001195435 0.1204847598377655 -0.9905618674273725 -533.800306801037 -0.27964750175222786 0.9506937506857859 0.13408455231956395 171.98467485317056 0.957876122115018 0.2857705636587422 -0.028434479563743037 -97.2792354253194
-0.06586898198705066 0.11720881490956238 -0.9909204664954132 -534.7827308428205 -0.281146904133863 0.9506628627138489 0.13113557775318518 172.09674258391857 0.9574015330611998 0.2872319884069536 -0.0296662995308351 -97.31617555351797
-0.06535401261550908 0.11974051117228106 -0.9906518374379844 -535.7711014533008 -0.2809155013587557 0.9504148846297052 0.13340925069376067 172.21006151485918 0.9575047436600054 0.28700828743872836 -0.028476460631143334 -97.34791794593876
-0.06392024386154901 0.12295884628070637 -0.9903511117507768 -536.791107924667 -0.2823958918839187 0.9495907462515568 0.13612485034153493 172.3258391966246 0.9571660058066042 0.28837221911053756 -0.0259749990086131 -97.38137804326342
-0.06281207028123105 0.11887596000458252 -0.9909203550033556 -537.7846338366147 -0.28439180813510456 0.9495852015147815 0.13194409622937 172.44199133569347 0.95664828609716 0.2900973133228354 -0.025838063206064837 -97.41292722911619
-0.06191743499843755 0.12070508419293363 -0.990755526804263 -538.7445023954245 -0.2861005994526714 0.9488569035570754 0.13348042390144146 172.55638766116815 0.9561969871506804 0.291720515600227 -0.02421698870423148 -97.44281385135083
-0.06035559130687992 0.12057107939188379 -0.9908682139478866 -539.7055210392023 -0.28711732182600214 0.9486284277720224 0.13292008700814228 172.66797319068615 0.9559920742900868 0.29251789831916836 -0.02263698428402932 -97.4706359629497
-0.05851189824319888 0.11732530529750487 -0.9913683122335648 -540.6647616088518 -0.2856772695318476 0.9495712548511437 0.12923981442751914 172.78259768370341 0.9565379529515845 0.2907734594100325 -0.02204404377413622 -97.49307588227133
-0.057125820722433315 0.12167965740992712 -0.9909241654028795 -541.641954071622 -0.2858060147289098 0.9490117982816406 0.13300950592732805 172.8984278665421 0.956583275283218 0.29081036380235076 -0.019436299894201762 -97.51760347419584
-0.05595982982027848 0.12189070506044838 -0.9909647589426953 -542.6315246136636 -0.2841447224319678 0.9495342140034234 0.13284032953500086 173.01538128680238 0.9571469449152242 0.28901112860368117 -0.01850117246772656 -97.54062823189278
-0.05506918582320231 0.12405792384871062 -0.9907456869969806 -543.6487434449946 -0.28311797102323766 0.9495872991549899 0.1346409141651372 173.13503599605946 0.9575027933413336 0.2879124742241733 -0.017169971743117726 -97.56269955560785
-0.05399241771090243 0.12300043695165462 -0.9909367847342411 -544.6440619788413 -0.28217824642294537 0.9500559471402946 0.1333009172850507 173.25064207846546 0.9578414566489617 0.28681804303959935 -0.016587769938452946 -97.58374351696511
-0.05365683468747047 0.12011974436259376 -0.9913083229276293 -545.5992670066539 -0.2810592144671771 0.950786863451441 0.1304226140332679 173.36182325850265 0.9581892621264426 0.28561440317750353 -0.01725545256268488 -97.60332511863048
-0.054203082330286444 0.12331048588461925 -0.9908867492992312 -546.5705823899212 -0.28169404006474574 0.9501505626368384 0.13365020057189422 173.47453791445602 0.9579720735271458 0.2863711444817796 -0.016765260221588415 -97.62748140537174
-0.05357708494583917 0.1273800880927374 -0.9904058810034374 -547.5234345716904 -0.2826438138536284 0.9493350755891298 0.1373877314262935 173.5860635408134 0.9577275032382558 0.28729292962701564 -0.014859412079362087 -97.65143093433366
-0.05204498367604936 0.127541466949747 -0.9904668060477688 -548.4623913352511 -0.2828393400659191 0.949317746248761 0.13710479338176007 173.69689589131931 0.9577542625252246 0.28727859451321 -0.01333348226379617 -97.67142865451163
-0.051482175678771926 0.12482906063629819 -0.9908417084519816 -549.3872709568661 -0.2822932359135896 0.9498760474673208 0.13433548825720393 173.80813242919723 0.9579457784993971 0.28662379536340893 -0.013663286085696913 -97.68833335819573
-0.05210164055277306 0.12407381228803627 -0.9909041871725162 -550.2944474516125 -0.2824425831924258 0.9499084386364652 0.13379142501232655 173.9135734714469 0.9578682614281051 0.2868442910562305 -0.014448059978719003 -97.70793847978456
-0.0525102010667965 0.1211676802224896 -0.9912421863769858 -551.2340967069221 -0.2830267922375034 0.9501053407106967 0.1311322859892498 174.02433584706512 0.9576734901101079 0.28743387904441037 -0.015596522619126177 -97.73123237556867
-0.05250912394115911 0.12421561392116368 -0.9908649116610813 -552.2066015025049 -0.28380681768978483 0.9494631055193384 0.13406528816355595 174.1388702034015 0.9574426782506252 0.2882538681713871 -0.014602237790925484 -97.75609039265566
-0.053419752123110266 0.12576080219446167 -0.9906212953063916 -553.1932380260173 -0.2830639536410622 0.9494387691592243 0.13579698732488243 174.2518625357815 0.9576122013801814 0.2876634218124162 -0.015120433822321892 -97.78025336277872
-0.05491318356330164 0.11668144882350948 -0.9916501307272602 -554.1842011211494 -0.2821860437180455 0.9508485972961714 0.1275067909982329 174.3671484663496 0.9577868129190867 0.2868316309620601 -0.019288247145437896 -97.80283405179215
-0.05554057271560038 0.11850792963284022 -0.9913985653593428 -555.1425032457515 -0.2821425595687369 0.9506006159110076 0.12943741773390413 174.48000242900957 0.9577634472365428 0.2869047570950266 -0.01936077203569962 -97.82263398412063
-0.05488302804181032 0.12524409207054824 -0.9906067689221532 -556.0689451461775 -0.28383593809316454 0.9492169078706479 0.13573659071623112 174.58518930870275 0.9573009001770217 0.28861943665303513 -0.016547123808955636 -97.84523793804972
-0.053348847692662814 0.12650581982379913 -0.9905302509265307 -556.9844422647601 -0.2852574178824158 0.9486776766162232 0.13652425217926556 174.69137865777446 0.9569650495148311 0.28983951324958834 -0.014524137369194163 -97.86750587209643
-0.05170598934152503 0.12721397259561468 -0.9905266759874055 -557.8651100888906 -0.28700040654679604 0.9481194214995428 0.136749147044333 174.79427617686835 0.9565339812616115 0.2913523086433673 -0.012512990849174975 -97.8864736898988
-0.04956205152079144 0.1196083331138113 -0.9915833044675513 -558.7145779995376 -0.28687101981190793 0.9492653250816203 0.1288423866193429 174.89493406982535 0.956686270958838 0.29084220678475614 -0.012735372450235772 -97.9007362545593
-0.04721915124177596 0.11998488266959934 -0.9916521465144779 -559.5584788965449 -0.28924620132915957 0.9485843903920451 0.12854683707197917 174.99875969806575 0.9560894240460241 0.29290148896057205 -0.010086178266404452 -97.91371015813174
-0.0448403998484829 0.12727464953368053 -0.990853421111069 -560.4439847938493 -0.2931492081658427 0.9465095748048121 0.13484497229989595 175.10310202757438 0.9550145969005752 0.29651439828260956 -0.005131405064282874 -97.92637778725609
-0.04237333079731493 0.13037987241826962 -0.9905582212597802 -561.3885245456065 -0.2937774901487986 0.945993420852923 0.13708112191276925 175.21059450816486 0.9549341794694619 0.2968122918128318 -0.001782220468925816 -97.93166816029905
-0.039674867904668384 0.11816703964220267 -0.9922008141495088 -562.3008093260279 -0.2918360740129251 0.9483164104578815 0.12461015833794571 175.31613919964605 0.9556451280477866 0.2945038818054568 -0.0031389233898367853 -97.93554112457801
-0.037877640010962305 0.1174911056146153 -0.9923513110227941 -563.2122199778298 -0.29178958741308686 0.9484844030428371 0.12343489726078383 175.4235401047914 0.9557322433948231 0.2942332022154094 -0.0016436695424742135 -97.9388250292002
-0.03779939966991226 0.12739072712256133 -0.9911320840472182 -564.1823923787118 -0.292672474377885 0.9469360333748081 0.13287201149195157 175.52998709124108 0.9554653463763725 0.29509956174073715 0.0014901457323810473 -97.94640992895228
-0.0385570119954746 0.13216542810347714 -0.9904774891133105 -565.1822165459847 -0.2946235967679514 0.9456472554659006 0.13765247712021902 175.64193783846108 0.954835217748852 0.29712550857178244 0.002477721223734974 -97.95691134880988
-0.03743544883750009 0.12617058208190943 -0.9913019577240074 -566.102340339493 -0.29695425697852973 0.9457811527975354 0.13159095818217006 175.743897904359 0.9541576161372217 0.29929750287979906 0.002061149497656822 -97.96698988692236
-0.033948626073877046 0.11784235400034215 -0.9924518478955826 -566.898939149047 -0.29747798523314023 0.9468241648657986 0.12260036348976275 175.8282561921251 0.9541249074881805 0.2993946900495185 0.0029121265124111566 -97.97051626067997
-0.03041490315240265 0.1127542244328004 -0.9931572979839549 -567.706106763456 -0.29795901776915357 0.947420020354807 0.11668645491635055 175.90860551456947 0.9540939981973854 0.29946918022304203 0.004780449797579891 -97.971897440032
-0.03394414841280694 0.11894750126807889 -0.9923201533429684 -568.6525354402589 -0.2981219482617623 0.9464849186116314 0.1236511334576108 176.00507086640013 0.9539240529272451 0.30002964983951164 0.0033332362710702004 -97.97591674121834
-0.039235418185473485 0.12470431973858496 -0.9914178809151822 -569.7466705921615 -0.29868126940377737 0.9453565137294112 0.13073087338776906 176.11894019727796 0.9535460561856256 0.3012472316684691 0.00015538636911913354 -97.98420339039434
-0.042288418970381325 0.12162585024710977 -0.9916747663284851 -570.8775377704901 -0.2977528971250236 0.9459262116443289 0.12871213764781633 176.24200519206883 0.9537058780749135 0.30071706748350974 -0.0037872746767109596 -97.9943425541643
-0.04405665995223774 0.11463939856897518 -0.9924297552016459 -571.9280868112028 -0.2968279258577667 0.9470317907334878 0.1225723042579626 176.35844236026725 0.9539141434871538 0.2999809921242892 -0.00769488266949447 -98.00311010067648
-0.04256367154023106 0.11687128214890859 -0.992234567667287 -572.920656500542 -0.29672552550425724 0.9468447667178918 0.12425357239601023 176.4665512480581 0.9540137820698602 0.29971001175772755 -0.005622497038176996 -98.01273862329035
-0.039735574178477735 0.11799371532443914 -0.99221901175529 -573.8527296282969 -0.2967563693977076 0.9468056919215027 0.12447746369099495 176.56627923886742 0.9541261663776961 0.2993934950679217 -0.002606481232525783 -98.02239251514425
-0.03866642685081073 0.11164423313740506 -0.992995706255447 -574.7438799840667 -0.2961662122422184 0.9478074096582625 0.1180961003716832 176.6591182071535 0.9543534367102625 0.2986581313208482 -0.003583076227216372 -98.03305681720403
-0.04073789554597605 0.11129688640997355 -0.9929518754410673 -575.6090198050364 -0.29857716542133117 0.9470130468250227 0.11839748912944577 176.74512473982313 0.9535156528109274 0.30129602091404795 -0.0053486097177257086 -98.04872882969948
-0.04407375861505585 0.11138209216334409 -0.9927998455614608 -576.4399969824984 -0.30034224606073595 0.9463161273890137 0.1195003024040491 176.8273031457218 0.9528126988200434 0.3034465629872613 -0.008254960840796341 -98.068236573738
-0.04670438561546616 0.11704097531326067 -0.9920282810797305 -577.2552140533554 -0.30430872395366115 0.944239525432384 0.12572954758897203 176.9083169014257 0.9514278222177323 0.3077549816151683 -0.008483537061289684 -98.09345758823346
-0.04816884692214751 0.11696591040300788 -0.9919671052962333 -578.0820140474302 -0.30452325478384173 0.9441194370741804 0.12611136282902916 176.98913049981894 0.9512861554138411 0.3081516904745679 -0.009858304905972264 -98.1158059189194
-0.05042611491713486 0.11118143053326818 -0.9925199728161355 -578.9322174795597 -0.3039177098495381 0.9449455114478578 0.12129305847560161 177.07912894969874 0.951362829090025 0.3077607348235453 -0.01385992520523521 -98.1371464257847
-0.05197608915113742 0.1139194285266196 -0.9921294522191768 -579.7182247216144 -0.30519997417900413 0.9441283954708024 0.1243967388112345 177.16270217518314 0.9508687932189637 0.30926353918608385 -0.014303895008300671 -98.15825358219477
-0.0509166321899126 0.11494330877442793 -0.9920662943243391 -580.4440209599364 -0.3087786784993819 0.9428721578698889 0.12509125316328845 177.23717811421193 0.949770090216897 0.31269814467273677 -0.012515831878657216 -98.179171637557
-0.04636007675968251 0.11368953785637098 -0.9924340946706958 -581.1426182043687 -0.31098078462803436 0.9424892128205681 0.12249504197723739 177.3089479954483 0.9492848333745613 0.31430681300104923 -0.00833861056496258 -98.19080398133225
-0.0374936338716768 0.10769907950711125 -0.9934762884399506 -581.7937063192361 -0.3130684736672455 0.9428605075546803 0.11402716382248078 177.37282998226303 0.9489901781445148 0.3153013979782794 -0.0016340802256610907 -98.19162948888388
-0.021723911459809817 0.10512320858384569 -0.9942218981132562 -582.3410269780495 -0.3151037656706074 0.9430517044448941 0.10659784052123253 177.419023456296 0.9488085626358403 0.3155987860569542 0.012637947154761617 -98.17547500173734
0.004400935926399176 0.1034654618104387 -0.9946233105931747 -582.7743220266038 -0.31297471788242254 0.9448055540835552 0.09689835364592718 177.44077029579847 0.9497512609780467 0.31086550658640866 0.036540102427123036 -98.1365727593845
0.035965797456809195 0.10045382074252208 -0.9942914518950303 -583.238638404976 -0.3142355973543299 0.9456064972306789 0.08416853183048985 177.4559375292054 0.9486635076615225 0.30941457996248434 0.0655756581207911 -98.08631129946144
0.06982533413647814 0.0993759667271561 -0.9925970179029225 -583.7339727065529 -0.31499919776011415 0.9463124200111646 0.07258311885765606 177.4646016439313 0.946519903712127 0.30759912381159665 0.09737993072046709 -98.01375563017235
0.10837166086669252 0.09792903360954926 -0.9892752334397626 -584.2119990953009 -0.3141743686121123 0.9475066039162585 0.05937761903500043 177.4675947447849 0.9431596096251026 0.30437007065640265 0.13344965665163697 -97.91943542441948
0.14839522507368835 0.09823254589695395 -0.9840372066654466 -584.6845807733426 -0.314492505708837 0.9480849053563748 0.047217328263865356 177.4652045904092 0.9375891003143686 0.30246550077984447 0.17158467242061515 -97.80902144189388
0.18811394931380757 0.1002824841453716 -0.9770141070870972 -585.1486251441237 -0.3144404336022173 0.9485628630487911 0.036819947864390315 177.4558481977007 0.9304516944955351 0.3002863936616491 0.20997077413789647 -97.68101846557308
0.23256019341375575 0.10233211486232749 -0.9671834855430289 -585.6035885445185 -0.3149167066713669 0.9487987721419713 0.024664911132099118 177.44087218965333 0.9201865160382529 0.2988461615107283 0.2528789185592287 -97.53437279330538
0.2825442189764712 0.10527233073043908 -0.9534602774660094 -586.0370056994362 -0.315702509492337 0.9487920835629631 0.011203020507815926 177.41675568126266 0.9058149313315706 0.29784445361771894 0.3013104572130606 -97.35915914591864
0.334143509998411 0.1061605410202403 -0.9365244547027238 -586.4622668020471 -0.3166780417996302 0.9485173272911863 -0.005467876218642335 177.38520255706712 0.8877292000198568 0.29840378576465715 0.350559621282065 -97.15385046676376
0.3861312929475632 0.10413315172851657 -0.9165472771863608 -586.854442243638 -0.31585988174855417 0.9484682478340589 -0.025308456143863005 177.34841115290112 0.8666805407463779 0.2992729014823778 0.3991247558469457 -96.92902728935204
0.4373437325747658 0.1044798922873399 -0.8932045743754342 -587.2306088025892 -0.31488758422968977 0.9481419666947619 -0.043273782942854055 177.30628894193904 0.842363501628343 0.3001845484028448 0.44756336760800214 -96.69107722578332
0.48487134703876833 0.10707891341993994 -0.8680056930237371 -587.585493395383 -0.314363975599409 0.9474846144117985 -0.058721344486189535 177.2603819922283 0.8161342215996987 0.3013420179028065 0.4930698942139109 -96.4332115440189
0.5269410760299605 0.10828537990606824 -0.842975313334257 -587.9518013667973 -0.31218187470028547 0.9471769506723848 -0.07347313266483299 177.21463353563465 0.7904907206925358 0.3018776252284461 0.532911174479789 -96.15725340270058
0.5629011136848877 0.10863678148230972 -0.819353639109195 -588.2853497854325 -0.31099182240768475 0.9463127387319279 -0.0881832575335662 177.16932619024863 0.7657848409363183 0.3044507352969407 0.5664656451800838 -95.88304075324535
0.5899458436316248 0.1074272610471168 -0.8002645095002576 -588.6051073026649 -0.3093819589584399 0.945543666866061 -0.10114335134119291 177.1225055178096 0.7458194855679293 0.30725650136881266 0.5910556127081316 -95.6206820605738
0.6109403732703514 0.10696641124074967 -0.7844170110180945 -588.9819990971345 -0.30521101663500244 0.9460601080627692 -0.10870375916635167 177.0574753613333 0.7304779912036462 0.3058242285996018 0.6106336426766406 -95.30788296787715
0.6287930949479916 0.10573634473383937 -0.7703499653716196 -589.4481720633909 -0.30024412120075206 0.9468920143613946 -0.11510421722515243 176.97153698664349 0.7172675312811227 0.30366978536059924 0.6271458761954272 -94.91731523514959
0.6419094714990216 0.10433981002156922 -0.7596482307255856 -589.9625574606231 -0.2952043488071944 0.9479636405649142 -0.11924482635418918 176.8780480355074 0.7076769198194678 0.3007958447378921 0.6393084051873925 -94.47934155524877
0.6495862439053167 0.10515345977015934 -0.7529810499789159 -590.4631030678734 -0.29164922992351944 0.9490863546501848 -0.1190622446531567 176.78443243685692 0.7021242328918741 0.296947539668532 0.6471813658247598 -94.04836333195838
0.6549849557443818 0.10258647182198749 -0.748645926688745 -590.9526585693046 -0.289039343886834 0.9494108770604482 -0.1227812860528233 176.69493966444637 0.6981768869233649 0.2968080226652105 0.6515013678017612 -93.62364736547507
0.6601695663704648 0.09642970042256134 -0.7449009709448972 -591.4895380167169 -0.2855479862142217 0.9494853351550109 -0.13015354737611137 176.59352186780333 0.6947218804724934 0.2986283831151971 0.6543566287512984 -93.15213346641465
0.6635645616979154 0.09185883436345856 -0.7424580978129628 -592.0792957909927 -0.28259053038352294 0.9496841629991164 -0.13506510536120422 176.4769225317792 0.6926937740417584 0.299436045088195 0.6561351920951389 -92.63384065573688
0.6644745775242623 0.09610319742019216 -0.7411057355530124 -592.7533315902191 -0.28371298661587324 0.9498914236420447 -0.1311991787962001 176.3416599414789 0.6913613216325141 0.29743984053403194 0.658444427581882 -92.04471056948668
0.6644637503097552 0.10329467250929249 -0.740147373943525 -593.4341699671819 -0.2849859624090247 0.9505836464879287 -0.12318170424020351 176.20835735214564 0.690847975863069 0.2927813888567985 0.6610659063852742 -91.45085660069692
0.6660010698337491 0.09927128426914653 -0.739315756020294 -594.0574184979863 -0.28435860872830687 0.9500549050068465 -0.12859183144562436 176.0874930971493 0.6896250841017935 0.2958730971075122 0.6609662274168041 -90.90040140387661
0.6667594057026502 0.095543248206787 -0.739123387959783 -594.7291483481322 -0.2822978226114895 0.950225949237194 -0.13182786027654478 175.95704385324785 0.689738960952521 0.296550388835313 0.6605437401306299 -90.29888131252342
0.6668068098642492 0.09848312690877892 -0.7386946270502686 -595.4797247224204 -0.2827187324107289 0.9505598280673245 -0.12847619082419767 175.8096191684763 0.6895207006774606 0.29451160754525985 0.6616827913421734 -89.63103089419305
0.6661086216940707 0.1041304617370548 -0.7385500328638921 -596.2732719424557 -0.2836668027296383 0.9511643525255657 -0.12173544887900266 175.65611470687386 0.6898060953151779 0.2905911585424691 0.6631171310130457 -88.92925193595855
0.6654026664110834 0.10423474713608406 -0.7391714341223556 -597.073019193703 -0.28499776842347946 0.9506687098356341 -0.12249602496854313 175.50231514752628 0.6899388114366806 0.2921713908460796 0.6622841647241818 -88.22529706595289
0.6653068019927191 0.10122654688292917 -0.7396756352810208 -597.8492859966831 -0.28534260105123355 0.9500219847029941 -0.12664054882345774 175.3526566630276 0.6898887296133628 0.29531578824564564 0.6609403346485314 -87.54338528006227
0.6650101886173002 0.1047096761098086 -0.7394574583870017 -598.669687658946 -0.2856870597153878 0.9504827917447805 -0.122333014792536 175.1944078277945 0.6900321390677113 0.29260612831250177 0.6619949401072532 -86.82807412582059
0.6654131416190756 0.10492370582860663 -0.7390645214836298 -599.4985578136498 -0.2857408507475994 0.950467110637996 -0.12232921895239705 175.03477907458 0.6896212853259912 0.2925803950210203 0.6624342950622882 -86.10207984966011
0.6662903672297652 0.10128020723853463 -0.7387824213924874 -600.2392947671399 -0.2854694503318811 0.9499044330727863 -0.12723506181822694 174.88998025970182 0.6888863037280103 0.29567530781313595 0.6618245786351291 -85.44700627355472
0.6666065481897566 0.09547347264689052 -0.7392702658238622 -600.9764864866574 -0.2835050862409848 0.9497045931452552 -0.13298891620846748 174.74490431717496 0.6893914533746641 0.29823816284901117 0.6601465157329957 -84.79276422158944
0.6675026916010458 0.09933993690210448 -0.7379510374283972 -601.7512524755085 -0.2832280864557273 0.9504393371294823 -0.12824553590477528 174.58952009535045 0.6886377914026998 0.29461270063111783 0.6625566759748559 -84.10858607489736
0.6678113847887258 0.09967217487964146 -0.7376268785106257 -602.4834862255931 -0.28386059455262797 0.950203137456437 -0.12859689120728246 174.4422945709703 0.6880778424036013 0.29526167228868366 0.6628494758770607 -83.46575447387468
0.6675633427732262 0.09890989063065449 -0.7379539395659264 -603.2023576415509 -0.283324818651233 0.9503184528887331 -0.1289258904775004 174.29784439268388 0.6885392004248445 0.29514686451765193 0.6624213899352238 -82.82986470363021
0.6680573852959538 0.09797918533337328 -0.7376309437604585 -603.9580696009373 -0.28231622533191997 0.9505504877693584 -0.12942688714396633 174.14778004107998 0.6884743124226727 0.29470977154286493 0.6626833872154029 -82.15640559398207
0.667988084664669 0.10083329918034299 -0.7373090020625254 -604.7350501594312 -0.2823300246618883 0.9510434479438438 -0.12572238184789572 173.99402723105084 0.6885358929790416 0.29214552178579895 0.6637539590692142 -81.46308987226706
0.6678795678727117 0.10117692159974877 -0.7373602330976093 -605.4994177916648 -0.28318879229169963 0.9507450172050924 -0.12604769010205003 173.84702919284612 0.6882884502434501 0.2929968306915467 0.6636353414836932 -80.78243743455054
0.6681640703602917 0.10534936942717056 -0.7365176749005194 -606.2815435324036 -0.28548188518471995 0.9504535475113669 -0.1230371783423266 173.6975390890206 0.687063947759557 0.292471476189319 0.6651342475806613 -80.0896547405484
0.6684409474536935 0.10544830182512002 -0.7362522362678496 -607.0630562373642 -0.2863161730566527 0.9500943393679295 -0.12387007446197745 173.5461781956583 0.6864471930260938 0.2936007526271349 0.6652735146113783 -79.39269389009002
0.6685517289985748 0.10692621429550833 -0.7359384283684672 -607.8255517116783 -0.28797810069267077 0.9496223828283612 -0.12363633589213394 173.39847898500082 0.6856436386159064 0.29459143695603307 0.6656640940427228 -78.7142193681708
0.6686571259150252 0.10731597447356261 -0.7357859264662856 -608.5181802805814 -0.28875275660169686 0.949346958914362 -0.12394433087067348 173.26588789203822 0.6852149250548916 0.2953364745893169 0.6657753925004828 -78.09950437009026
0.669473100091683 0.10924444618629395 -0.7347594294945005 -609.1422674483401 -0.2895479110615514 0.949268656878223 -0.122682615999626 173.1448228428741 0.6840817023232857 0.29488076920353506 0.6671413317284469 -77.54994568519692
0.6717777642138585 0.1103168863993014 -0.7324921979673201 -609.7127630100368 -0.28929804999087516 0.9493895389640098 -0.12233618261653917 173.03143802766473 0.6819246833626921 0.29409129174607085 0.6696932419696484 -77.04295447766495
0.6750474927467622 0.11172154284384814 -0.7292661924159811 -610.2459145051424 -0.28901045332381625 0.9495125767270288 -0.12206074105446786 172.92317170828755 0.6788106071695355 0.29316235007550445 0.6732547779944325 -76.56311626001745
0.6789286627733275 0.11254629617703434 -0.7255268444941615 -610.739386275103 -0.2897157317021979 0.9490610737245633 -0.12388653334824003 172.82061214945796 0.6746263155770628 0.29430665904395464 0.6769511982213352 -76.11808447705666
0.6839641158615142 0.1111277982050329 -0.7210018728684977 -611.178173189737 -0.2892842558332484 0.9486178875585487 -0.1282135824745798 172.72742940066374 0.669707180445889 0.296267979825803 0.6809681171605276 -75.71919258283322
0.6904026914924924 0.11083299725232741 -0.714884725183012 -611.5777233974061 -0.2886590793846538 0.9483238401993307 -0.1317491176380473 172.63722712077137 0.6633400782922197 0.29731791205654623 0.6867182826324101 -75.3449361597166
0.7008451430712285 0.11246846635081707 -0.7043911764851739 -611.947594021707 -0.2891562490802231 0.9475125428769209 -0.1364135063282693 172.54710853955618 0.6520772569652521 0.29928385383713996 0.6965805235441638 -74.98214524290822
0.7167048551856801 0.112738352408023 -0.6882036140922254 -612.3052603491147 -0.286437827864882 0.9473505001443607 -0.14310975034666054 172.45165872258312 0.6358360805438175 0.29969500124719856 0.7112632317968623 -74.60202489594859
0.7361472605249494 0.11227913152305098 -0.6674433365058378 -612.6332186356652 -0.28217259139513146 0.9472672356352635 -0.1518664313049072 172.35175780250927 0.615195773300639 0.30013027324207064 0.7290102739993918 -74.21539272392357
0.7584023669401118 0.11312460768846078 -0.6418945964525417 -612.9421769685866 -0.28052110630538896 0.9455962341397578 -0.16478977789266838 172.252029001893 0.5883313341450035 0.30504193992965095 0.7488762622403752 -73.83060467751353
0.7823662679429133 0.11520529976975365 -0.6120708796291833 -613.2394202071713 -0.27789004391109035 0.9440691470926192 -0.17751216578846934 172.1450971386982 0.5573868910193108 0.3089679342792396 0.7706222611027054 -73.42814830012665
0.8072964900583094 0.11655820501885604 -0.578521012567668 -613.512849260257 -0.2731942424042516 0.9427481508468121 -0.1912872969961411 172.0330470705757 0.5231035108434128 0.31247417320108833 0.792920303703715 -73.01296553262733
0.8328077986471093 0.11890069354879579 -0.5406420216614454 -613.7764472350273 -0.26809417813567715 0.9411108112926729 -0.20599988475193198 171.91230104473067 0.48431052245673467 0.31650128900474855 0.8156410067523686 -72.57748046504537
0.8583957819580007 0.1188980892528355 -0.49901896345604047 -614.0038308210403 -0.25562094573452754 0.9425355672622076 -0.21513864494204835 171.7763608318121 0.4447635479875821 0.3122338047325086 0.8394613973041044 -72.11818384609185
0.8824857139942627 0.12068337928950591 -0.45459266003676896 -614.2111316891795 -0.24403105425752541 0.9437344733776232 -0.22319069944024883 171.63411295691282 0.4020793567866935 0.3078973298389101 0.8622826828390259 -71.65314922323165
0.9048822314615954 0.12098245374649705 -0.4081070852981653 -614.3839342706617 -0.23195574607905486 0.9440506389004433 -0.23444599176053368 171.4861880055807 0.3569099032613086 0.30680879563198066 0.8823172240622171 -71.17890383565789
0.9243923716083368 0.12017176356773704 -0.36201863288142827 -614.529787712954 -0.21979028047340785 0.9434898881233693 -0.24803036833899858 171.33992040398493 0.3117546726542196 0.30884555727738267 0.8985674408903781 -70.71351234622544
0.9416123358428038 0.12203184468562363 -0.3138063700298107 -614.6509080993084 -0.20925109411006296 0.9422593776201718 -0.2614598342013447 171.19078904651164 0.2637805690387462 0.3118581314788432 0.9127783505474478 -70.24562465525021
0.9561616864861473 0.1207279794931061 -0.26679502293611573 -614.7616636710936 -0.19435850671724048 0.9430991189074536 -0.26979403770772187 171.03021584518845 0.21904246200820351 0.3098206043559756 0.9252197538714154 -69.74027382379836
0.9667447165737717 0.1235487385145146 -0.22392043718288374 -614.85707835066 -0.184236471387966 0.9437082323998178 -0.274721121705866 170.85454776971835 0.1773741119420007 0.3068395041585889 0.9350871312880409 -69.19583154131136
0.9750056659710342 0.1239003219179588 -0.1844252194061602 -614.9268729692717 -0.1729097027719757 0.9444005274877774 -0.2796602910105788 170.68580772723536 0.13952127440534545 0.30455927815359585 0.9422194330827978 -68.66890056862196
0.98105785665125 0.12385041041153683 -0.14895152816857424 -614.9731187026154 -0.1625448235354717 0.9445908498185401 -0.2851794290984488 170.5234302523754 0.10537866123975274 0.30398881933384864 0.9468295176404937 -68.17089487617088
0.9853787139862861 0.12547676957580545 -0.11525784276810644 -614.9995468277972 -0.15426673176431346 0.9442219585018307 -0.2909410052806775 170.37456223118585 0.07232264855144056 0.30446752434338975 0.9497731103409446 -67.73322081661968
0.9891547342124607 0.12340641569612461 -0.07964777680585722 -615.0135715577022 -0.1417737296363017 0.9439163261079192 -0.2981982208061409 170.22174300624886 0.038381263268600904 0.3062561442191306 0.9511750904843637 -67.29106159873373
0.9911877239816941 0.12305499938503023 -0.04903430385295122 -615.0201058755505 -0.1321404782344373 0.9444076993902483 -0.30105313707782455 170.03876500578056 0.009262280494995079 0.30487959009873705 0.9523458645372793 -66.75711101374765
0.9920500824950789 0.12232666610942426 -0.029543537026982983 -615.0287357058128 -0.12554638232515866 0.9459186958436037 -0.2991252693080406 169.84485979945498 -0.008645212928365086 0.300456332288229 0.9537563906372153 -66.19350741566366
0.992215314215842 0.1231455655020232 -0.018545617615732125 -615.0393848953541 -0.12306709845490126 0.946801148066876 -0.2973584962585461 169.6529436583318 -0.01905936812840515 0.29732600914894336 0.9545857660630124 -65.6380363901106
0.9925263319991381 0.12102918349259632 -0.015601827824197662 -615.0483383457923 -0.12017980777046748 0.9472678629342531 -0.29705287350273707 169.44819612693348 -0.02117295663326957 0.2967078236162532 0.9547335614255487 -65.03226348254412
0.9928909741476376 0.1171300098288769 -0.021167764493353933 -615.0618798483208 -0.11810160729297266 0.9473273398693278 -0.2976960219601972 169.2262877552786 -0.014816335949745784 0.29807964025339856 0.9544260077425744 -64.36907881521246
0.9923969367317831 0.11800858793026822 -0.034961309187175854 -615.0928569929586 -0.12306537609402657 0.9472660814125006 -0.2958747779251353 169.00349577532984 -0.0017981023923397707 0.2979277499329578 0.9545867287196441 -63.703636630465155
0.9915558717163007 0.11629326577842712 -0.057383182201053394 -615.1332893928375 -0.1280842475612512 0.9474623629507802 -0.29310321785746146 168.80058630189538 0.02028247498703531 0.2979780984003977 0.9543572046577126 -63.09289998009236
0.9893420372691418 0.11767540047299746 -0.08576032541722199 -615.1993628543977 -0.13761767610907094 0.9481013496600239 -0.28664473830019316 168.60878194227777 0.04757844590239821 0.29539182604866654 0.9541907359585644 -62.496737558362355
0.9853350539209149 0.11910941498053533 -0.12217928947929968 -615.281604857056 -0.14941243610129049 0.948099446159635 -0.28068374397189 168.43865009299307 0.08240604014846337 0.2948226372834911 0.95199204675893 -61.95353099430299
0.978299288957996 0.12190603995235076 -0.16753930478374138 -615.3800899805433 -0.16478903982802887 0.9479410434684234 -0.2724928447878202 168.29016879748832 0.12559885977523988 0.29418819747083197 0.9474588280722399 -61.46266691450635
0.967731810242428 0.12836043678976639 -0.2168380541142576 -615.5128876529375 -0.18406562310114857 0.9477894322286856 -0.26041320732255135 168.14664024912125 0.17209006315677788 0.29192257607586847 0.9408327267585481 -60.97183774032977
0.9537922104871153 0.13686898320475388 -0.26748327172106173 -615.7054128530428 -0.20460374289656785 0.9477913825236466 -0.24459927147609467 168.01110936200732 0.22004028632689576 0.288024958381069 0.9319999440680032 -60.469933060503735
0.938149075921829 0.1441096127310775 -0.31481539172270695 -615.8976720305096 -0.22195443417767236 0.9481721181896761 -0.22738923333477948 167.8840004586926 0.26573020245333884 0.28319967126782997 0.9215125640477727 -59.9898164480923
0.9210162926865847 0.15174850161064507 -0.3587497468497887 -616.1238260986464 -0.23725535529631347 0.9489861193507335 -0.20769025413548364 167.76318698872893 0.30893184521684397 0.27640140654230466 0.9100348221207535 -59.50622877950193
0.9019339928468489 0.15731240556301693 -0.4022037787034342 -616.3837247811995 -0.2507234610095749 0.9490179640376307 -0.19105666707355876 167.63617658601552 0.3516430272971794 0.2731624260213179 0.8953934723703447 -58.98170834898804
0.8775536034896708 0.1591866794634897 -0.45228229468296216 -616.669633992735 -0.26277909186376847 0.9486743530486844 -0.1759662488857438 167.51957833907525 0.4010571304459643 0.2732701464650926 0.8743435281223255 -58.4581249815617
0.849899091245463 0.16181089089917455 -0.5014865604246593 -616.9881880152922 -0.2738146606995862 0.9487271596724094 -0.15793133978377957 167.4206382331767 0.4502189092942575 0.27154007454949114 0.850628545034521 -57.961991205323535
0.8228480983769079 0.16711081676873366 -0.5431344050199702 -617.3365934842038 -0.2846523673703449 0.9484360926127956 -0.13943460108537373 167.32707921507992 0.49182724278751455 0.2693379905402586 0.8279873248448716 -57.47393212220339
0.7976599241414488 0.16868001960547563 -0.5790385966449544 -617.6994339032054 -0.2921701514508731 0.9479868479202957 -0.12632315215874926 167.24088489587282 0.5276127822748762 0.26994071044591184 0.8054543840740582 -57.00091459251661
0.7757676145380246 0.16872365796776137 -0.608043530905448 -618.0908550284593 -0.2979695238778424 0.947342473088751 -0.11728768700126767 167.16151242098726 0.5562362547281494 0.27216643056055223 0.7851921185301909 -56.52638677763941
0.7601057968095827 0.1701388269944492 -0.627129936460879 -618.5061718333205 -0.3035079455536283 0.9463263916629959 -0.11112734779484469 167.08454429520413 0.5745625332740458 0.2748074598533527 0.7709466618169242 -56.04006514713226
0.7517502447237762 0.17024052985971416 -0.6370947586904403 -618.9443243363941 -0.3059563493369696 0.9458692191740499 -0.10826879753407302 167.00268112660527 0.584176584482929 0.27631428159283083 0.7631435880158446 -55.5337953301448
0.7446753921888212 0.1698611603929428 -0.6454500340525144 -619.3957452140002 -0.30799506101531204 0.9454032719488241 -0.10654433714955676 166.92011773229558 0.5921128293312037 0.2781363686726814 0.7563349507744377 -55.02233607618914
0.7409265434640526 0.17138726374084925 -0.6493491071972302 -619.8850252039351 -0.3099873944877431 0.9450041405155899 -0.10428321853058634 166.83399215472906 0.5957647794634351 0.2785562425001831 0.7533065427268395 -54.4743487002859
0.7406506957286052 0.17107395505792303 -0.6497462957320933 -620.4034347052356 -0.3093962261769512 0.9452505161167418 -0.10380480243466964 166.7419780327401 0.5964147232791942 0.2779121510151692 0.7530300884917707 -53.8850305526496
0.7409149285706688 0.16936061502942823 -0.6498938764890608 -620.9463070262079 -0.3087429031858986 0.9452594903131826 -0.10565186086961209 166.64514600535176 0.5964250903118241 0.2789291631395351 0.7526457557156693 -53.26237775538595
0.740674349634718 0.16914243855399302 -0.6502248405537889 -621.5074445541043 -0.3091159251599161 0.9450676107396705 -0.10627584835392569 166.54247831173967 0.5965306803557723 0.279710648011163 0.7522719593228598 -52.61796596894689
0.740622471815762 0.16983705944385763 -0.6501028591545945 -622.0671585646552 -0.30911629494069887 0.9451843730884183 -0.10523125520298317 166.43998081108575 0.59659489642776 0.27889401949292963 0.75252418927728 -51.97355685481967
0.7405712878421779 0.1692501730574698 -0.6503141906369557 -622.6291113690452 -0.30806198739080964 0.9455852007656884 -0.10472077166323811 166.33737955505646 0.5972034657875043 0.277890278730535 0.7524127945738686 -51.32318937654896
0.7390569620838949 0.16944769356688466 -0.6519833479009963 -623.2013388232552 -0.30759447848600235 0.9459451383463866 -0.10282719505931436 166.2364027537966 0.5993166471909925 0.27654163227930745 0.7512285151776678 -50.665401556639345
0.7364438906086764 0.17016299733485188 -0.6547480052074837 -623.7601893452406 -0.3071327933756524 0.9464528676539568 -0.09948073453125049 166.13769127370463 0.6027601871544177 0.2743565629753114 0.7492720688334411 -50.03000395481065
0.7334316048482049 0.16796972619049846 -0.6586837269078989 -624.3130754316364 -0.30706992410861506 0.9463562456821016 -0.10058786192386088 166.04052426407125 0.6064537432630125 0.2760362790322529 0.7456660311026028 -49.407232185537204
0.7298730552436311 0.16814520255214235 -0.662580194458022 -624.8895011083185 -0.30787409697921486 0.9462617430958971 -0.09900633294064637 165.9490105742532 0.6103268498424137 0.27625333375693156 0.74241850189069 -48.762804466754325
0.7270645633169753 0.17253083114327644 -0.6645376084720186 -625.4681395600936 -0.30847714658888603 0.9468025928499371 -0.09168805922813367 165.86128259743728 0.6133669136830568 0.27165780400653244 0.741608432207502 -48.12420312700562
0.7256001648838261 0.1729141925046678 -0.6660368478928376 -626.0230879887517 -0.3084102255630408 0.9469728987287809 -0.09014134368518761 165.77698432096852 0.6151321268546477 0.2708191483327464 0.7404521965715295 -47.514661631263834
0.7246219926910179 0.17363061898189427 -0.6669148190439813 -626.5881285043301 -0.3104172886908212 0.9462419987495054 -0.09092407098445962 165.69059156449507 0.6152756086424533 0.2729074714156989 0.7395657086798627 -46.900001484672934
0.7239277119793418 0.17590408751954015 -0.6670730243551127 -627.1818551799565 -0.3137501987771697 0.9451087453013163 -0.09127032552952095 165.59635531804247 0.6144017257427304 0.27536741192249803 0.7393803539826165 -46.254343001228
0.724105262170429 0.17701967747097547 -0.6665850306488811 -627.7945641379272 -0.31512565949214677 0.944632716317613 -0.09145955385881856 165.49756959930994 0.6134878874327817 0.27628439161574964 0.7397969633100536 -45.58618383402373
0.724071846670591 0.177061717447454 -0.6666101627440149 -628.420459681138 -0.31485820199541764 0.9447608605139239 -0.0910561863752769 165.39523520282208 0.6136646262375376 0.2758188982929793 0.7398240749321353 -44.89710567818031
0.7236705438795654 0.17791548694203696 -0.6668185835946954 -629.0450426541263 -0.3139988787867943 0.9452843370946933 -0.0885563445727557 165.2927920576553 0.6145776175892627 0.2734659056438827 0.7399396937647532 -44.20316936313665
0.7228349280437002 0.1783611870710867 -0.6676053877453771 -629.6572865055717 -0.3139124789812901 0.9454303154540927 -0.0872953272529646 165.19421003518073 0.6156042741403633 0.2726697738418625 0.7393798564291183 -43.52754855658496
0.7209116623081644 0.18153128487461712 -0.6688294010880903 -630.251620532423 -0.31512398371836303 0.945408549822987 -0.08306352272250399 165.10335780805283 0.6172384061556376 0.270645647541896 0.7387609108724389 -42.88280193569111
0.717977451349098 0.18475186936888605 -0.6710999375048098 -630.8473417757544 -0.31746966202467264 0.9449292579366538 -0.07950918933828548 165.0150874281142 0.6194524945854991 0.2701396754643638 0.7370910138455157 -42.2457021669833
0.7154685993591884 0.18460554213003535 -0.6738141265555961 -631.4816270224251 -0.31982397073540286 0.944011418879559 -0.08096337917879079 164.92266958809722 0.6211419411648559 0.2734286649930521 0.7344518051486236 -41.568342425849416
0.7136224166216114 0.18751433236335482 -0.6749677189714042 -632.1279715523665 -0.32273817603004823 0.9431690679320159 -0.07919708977643374 164.83323041729534 0.6217580849719065 0.27435466909564815 0.7335846231468355 -40.877320925990404
0.7123003411661959 0.19259405765343166 -0.674933887822438 -632.7756487917711 -0.325863480935135 0.9424390937350482 -0.07497697241623281 164.74560414250345 0.6216439622222365 0.27334242911859236 0.7340590580302008 -40.18862475090889
0.7105313977822291 0.1950532746180915 -0.6760912311414747 -633.4054393935592 -0.3296509705037728 0.9411249108161268 -0.07492756426886328 164.662120348514 0.6216714328417835 0.2761125174672486 0.7329982996476471 -39.52392648296354
0.7090341589948249 0.19728231748355973 -0.6770156930137005 -634.0250913088433 -0.33255336641094047 0.9401513999738549 -0.07432095004746683 164.57993502730744 0.6218350423281529 0.27783994013734165 0.7322063560207752 -38.86844554252718
0.7078745486055539 0.19930051938934162 -0.6776377545618499 -634.6365816321902 -0.334888843075523 0.9393827524024472 -0.07354935263037277 164.49796003405683 0.6219027948321385 0.27899703844296664 0.7317086621873686 -38.2245239733587
0.7071971224844432 0.2015564279618388 -0.6776778263282571 -635.211054263718 -0.33582027774137896 0.9392389615018177 -0.07109792018544864 164.41819116229772 0.6221711750052638 0.2778582004265049 0.7319138265180632 -37.61978560306618
0.706966528782518 0.20198705408986126 -0.6777902014350019 -635.7566729949539 -0.33668981169811146 0.9389061082469364 -0.07138130424199791 164.34192598774146 0.6219632608763087 0.2786692481719077 0.7317821754070074 -37.044978031095525
0.7073937375981407 0.20081364876461544 -0.6776931300203494 -636.3064970119237 -0.33593690878473725 0.9390988202023245 -0.07238645737127676 164.26419273162415 0.6218846302354575 0.2788678618350429 0.7317733408046917 -36.464148033448815
0.7079892345848577 0.20106286539512927 -0.676997022054788 -636.8375931249327 -0.3357766333296462 0.939168777783263 -0.0722222912050475 164.18735293122583 0.621293244951013 0.2784523855099769 0.7324335961587531 -35.90664365100431
0.7099385338860926 0.20098179763388935 -0.6749767367276589 -637.3126158373052 -0.33460999215801973 0.9395891812632982 -0.07216871622096 164.1169473148942 0.6196962411146926 0.2770893131696352 0.7343010835314766 -35.40763738218237
0.7129569630676434 0.2013777590801141 -0.6716690903720657 -637.7530073415401 -0.3330156666191349 0.9401990133189235 -0.07159875096914933 164.0502880791061 0.61708422002153 0.27472315792812035 0.7373833818973824 -34.94218201183193
0.7166050088129505 0.20209185268268395 -0.667559843327529 -638.11718526434 -0.3322217793763789 0.9404550201151219 -0.07192387954125286 163.99325756380446 0.6132747758160184 0.27331893132300733 0.7410740928734868 -34.55261390716904
0.7219273363439728 0.20007739365798094 -0.6624122263261218 -638.4243870202336 -0.3296291504771495 0.9411281169944351 -0.07498326852190379 163.94239198639684 0.6084123143025731 0.2724828507439375 0.7453774559613698 -34.208864227686405
0.7280329238240182 0.19834014381952092 -0.656223475028063 -638.7148875321942 -0.3279012218949885 0.9413816463179526 -0.07925518693108455 163.89229801346232 0.602037250100049 0.2728768647675317 0.7503928079123714 -33.87726545293264
0.7344857820359277 0.19728021476387497 -0.6493159114404904 -638.9593251012558 -0.3262059177426808 0.9416573568213441 -0.08289222867013349 163.8446001155632 0.5950801082347915 0.2726938561958521 0.7559879136443285 -33.59026758426943
0.7409008834530213 0.19331665816806404 -0.6431909130058262 -639.1847837391103 -0.32409502807860757 0.9417057930650623 -0.09029181625394049 163.80049109578104 0.5882416966462539 0.2753522634416486 0.7603636217917699 -33.31620137871602
0.7472402751058426 0.1925958486377776 -0.6360336550429097 -639.3873806445561 -0.3229514255348681 0.9417097828135088 -0.09426060523006084 163.76213219165027 0.5808049138951441 0.27584329616801184 0.7658825810490932 -33.06520311144856
0.7553503068524156 0.19170341425860446 -0.6266543823349195 -639.5745344526542 -0.3223720904818565 0.9412485613655335 -0.10063488960434101 163.722022290861 0.5705454839154577 0.27803047798562025 0.7727722200589019 -32.82240682339727
0.7654575012380334 0.19090057935709653 -0.6145175201729849 -639.7818121503356 -0.32172353827481825 0.9405905994118431 -0.1085508600519029 163.67403156725933 0.5572869805749656 0.2807958210144864 0.7813993397632472 -32.54156935888123
0.7767283256294374 0.19094289549834578 -0.600194900697767 -639.9865044514262 -0.3202815084366806 0.9402732850487057 -0.11535122356198352 163.6225776812531 0.5423217343223667 0.2818278908880886 0.7914923729254453 -32.25360459874042
0.7890039119886855 0.19217484067508528 -0.583559472100368 -640.1759146367843 -0.3166598959771172 0.9411446808748771 -0.11820829049053012 163.56953082071252 0.5264972337499186 0.2780566853582848 0.8034209000152085 -31.97054468438962
0.8024047261933864 0.1943354027624444 -0.5642520771921703 -640.3495498126027 -0.3149332331162148 0.9410102631140653 -0.12376083141677831 163.5119672007388 0.5069158846016653 0.27700800700911377 0.8162737592201222 -31.69017472088838
0.8188080438094252 0.19138127886470416 -0.5412269334512987 -640.506237775216 -0.3106107928563685 0.9405651191470412 -0.13732513245963685 163.45060781348116 0.48277771567681627 0.28055384998967203 0.8295873760501951 -31.395970350423006
0.8384451202143428 0.18909870450204008 -0.5111276360601233 -640.6617885206928 -0.30188630492733015 0.9419880568525343 -0.14670773546243715 163.37725954595612 0.4537338859795281 0.27730881829260673 0.8468915987368599 -31.052446667937293
0.8588203028437512 0.19173491475889345 -0.47504253481743147 -640.8155356578673 -0.2945978333657929 0.9434891974240937 -0.1517901542269023 163.29110808234796 0.41909402763526926 0.2703069677356554 0.8667723687301085 -30.67103496812659
0.8783223331636475 0.19773347200644825 -0.4352600982335103 -640.9667737830397 -0.2910083149496652 0.9434793866112107 -0.15862158639320448 163.19858030943695 0.3792941334849868 0.26598518960275597 0.8862211006379044 -30.26810246200247
0.89914411423822 0.1994954894765765 -0.38953999988354365 -641.073455186623 -0.2821813445047463 0.9446129311462398 -0.1675711762947599 163.1010708599184 0.3345348272516099 0.2605915577869235 0.9056370627165828 -29.870687838844635
0.9198964382002438 0.1988265692199503 -0.33802150576366097 -641.1485791410979 -0.27095383385216226 0.9453630193896942 -0.1813085256992123 163.00430088250326 0.28350407917228276 0.2583732899171854 0.9235088955446212 -29.499036763323694
0.9377949477614373 0.2001150774438784 -0.2837156882034491 -641.2046161991561 -0.26115608033444715 0.9450547103582843 -0.1966445934521816 162.90317727526445 0.22877529949160771 0.2585063833046586 0.9385288019732108 -29.112932315300718
0.9529168628667376 0.2018149836985029 -0.22631872396907723 -641.2433075447674 -0.24971231505892777 0.9456911183202612 -0.2081155170526482 162.79444980004254 0.17202677748574485 0.2548313581271972 0.9515607005036086 -28.704880059429435
0.9654632625055356 0.20071999415118508 -0.16610891818357784 -641.2631642808526 -0.2345528293394135 0.9471720320442044 -0.2187466844597539 162.67907874841802 0.11342688835125067 0.25015320437924826 0.9615392427445419 -28.29355283194934
0.9737582086986324 0.20215597679644817 -0.10453665403822716 -641.264058715172 -0.22146434182966268 0.9475042429108789 -0.23062795789722298 162.55609781235637 0.05242610313564361 0.24772700844147255 0.9674103746594047 -27.850864530200724
0.9777350765789524 0.2048541030794715 -0.04548534355876339 -641.241985341438 -0.20973941295159632 0.9472053297799876 -0.24251070469385763 162.43042774287704 -0.006595353051496041 0.2466512916809793 0.9690818549690376 -27.40892224003117
0.9786677857352952 0.20538439172671807 0.005159147121736075 -641.1999399710213 -0.19750797458768846 0.9474569555907221 -0.25162654326806666 162.28779993731573 -0.05656823435681281 0.24523981923376922 0.9678106560293399 -26.922595566832253
0.9780761623834364 0.20477551363483534 0.03786831911878651 -641.154881658063 -0.18846884258094354 0.9477726666696286 -0.25730617499420255 162.12300783526953 -0.08858056193936081 0.24452803792108505 0.9655876566718175 -26.355920067381415
0.9775599462288198 0.20368755248138634 0.053739487281256645 -641.1039909709223 -0.18320387820915213 0.9479572086441476 -0.26041019486327494 161.92972885150255 -0.10398504959000839 0.24472129360507994 0.9640013474669109 -25.688661735142947
0.9772592763902694 0.2035792855485524 0.05932774397118794 -641.0513676303885 -0.18149559132930687 0.9477280206955719 -0.26243275160788415 161.71113065096057 -0.10965243744302065 0.24569711696314173 0.963124742532765 -24.938073419463123
0.9767142934673804 0.2057249078982757 0.060880630801303084 -641.002335159396 -0.1831378088668351 0.947280684261809 -0.26290653888395404 161.4880112779176 -0.1117574691015041 0.24563502904661216 0.9628985931058871 -24.16509301305402
0.976324331856854 0.20752525780448106 0.06102512922930902 -640.9550424246312 -0.18523607606335485 0.9477923692092345 -0.25957122528008303 161.2655435839296 -0.11170673725842002 0.2421216476111437 0.9637939160469647 -23.37993989860814
0.975978400268354 0.20982100945000262 0.05866264742584543 -640.9101566568846 -0.18829128165106188 0.9477902600608028 -0.2573713585232099 161.04344779734862 -0.10960180410845494 0.24014322169751665 0.9645302885907261 -22.593481580592883
0.976257018530341 0.20942313316100314 0.055355081675315526 -640.865533191436 -0.18827989303355988 0.9467399269188573 -0.26121675416587364 160.82748914037842 -0.10711169707143967 0.2445924407554545 0.963691663487739 -21.832931855183578
0.9756767579092075 0.2125034352539756 0.05382521789124138 -640.827165121004 -0.19140112381531552 0.9455069177354686 -0.2634051600037758 160.6125543009157 -0.10686661722921237 0.24669608533505025 0.9631825203990917 -21.080224339203056
0.9750605866538262 0.21496457393367016 0.05520040133743935 -640.7875497401817 -0.19436572521448892 0.9471547618095512 -0.2551858578435425 160.38587911470893 -0.10713924218578849 0.23809260621660025 0.9653150230100235 -20.2956771149302
0.9752712593864609 0.2141306222278047 0.054717887743244306 -640.7403910815283 -0.19348950032781442 0.946889386349712 -0.2568312739546434 160.15110980492372 -0.10680722764701985 0.2398928232411385 0.9649060314246947 -19.480239609081117
0.9756507127348902 0.21324759282612651 0.05129474528414823 -640.6912345209752 -0.19284370356626349 0.9454522577301993 -0.26254777536235674 159.91124389942294 -0.10448441383646988 0.24626305550515803 0.9635546246884569 -18.61956302107792
0.9754641186664517 0.21402623843698484 0.05159963618864113 -640.6402434624649 -0.193954562238346 0.946321707172448 -0.2585669242597778 159.65287629732518 -0.10416996199105237 0.2422147720407316 0.9646142354454652 -17.702686926949852
0.9752216674072604 0.21465107507860362 0.05355012032670829 -640.5836456146609 -0.1947180319847869 0.9477248268256285 -0.2527895184502521 159.384191419284 -0.10501232041706958 0.23609864164356628 0.966038220762867 -16.74528654453646
0.9752030299377437 0.21490918656460525 0.05284971078810616 -640.5287819608059 -0.19483201509573847 0.946950896295452 -0.2555865526567869 159.1228551444335 -0.10497397912807355 0.23895196491216572 0.965340573150551 -15.796824397541243
0.9755481714309816 0.21349629679500104 0.05220245657525479 -640.4747419052844 -0.19320016433794077 0.9462404398289199 -0.25942769037281144 158.87164868456588 -0.10478292665059384 0.24299868577257377 0.9643506504354827 -14.8799339580238
0.9753798852384734 0.21374134323124583 0.05430209633050635 -640.424143621994 -0.19335747948660034 0.947274129723059 -0.25550852878919006 158.61747156472666 -0.10605170719405832 0.2387181630105443 0.9652806193279223 -13.972954878198756
0.9756560121633546 0.21263481253483996 0.05368223568160931 -640.374866082382 -0.192130005595613 0.9467748956522182 -0.25826993226577377 158.36882276557483 -0.10574217171655134 0.24166864393423013 0.9645801468305565 -13.093536711322802
0.9758174040687511 0.21209137351878393 0.052892751823308735 -640.3252745884988 -0.19162044751054097 0.9464402465545576 -0.2598700902328211 158.1157005166118 -0.10517603345052998 0.24345042407165532 0.9641939084058478 -12.192026017949196
0.9753139727684098 0.21382610677185246 0.05514572137071382 -640.27616854764 -0.1931072674742927 0.9470081752547607 -0.25668092887720906 157.85451051216006 -0.1071085326727828 0.2396954569103173 0.9649216808452581 -11.262461295505638
0.9748453749226716 0.2150578258740643 0.05853739422112251 -640.2227832934958 -0.19380892186668522 0.9476246975187087 -0.253861250405522 157.59510201561045 -0.11006632907820686 0.2361303965670265 0.9654676789102509 -10.341151138524452
0.9752517764877173 0.21266584816421483 0.06047486653271255 -640.1647559881566 -0.19065818086846864 0.9474140276989407 -0.25701384824013507 157.35237806954314 -0.11195280490224946 0.23912318403674396 0.9645136973266109 -9.48105120138401
0.9757132922802242 0.21013997189999303 0.06184467218409933 -640.1062375974763 -0.18743599842873004 0.947035252013607 -0.26075271414992907 157.11969498499946 -0.11336365273187972 0.2428279713159054 0.9634226790904853 -8.649279888268733
0.975427759207329 0.21048940396009042 0.06507608922098411 -640.0474567580138 -0.18733538493524263 0.9478489391682167 -0.25785236486962143 156.8695557618717 -0.11595749272443168 0.2393253002467903 0.9639902803155475 -7.76572854219977
0.9751001772285369 0.21103915292223968 0.06813310724414574 -639.9850816444239 -0.18764877432771257 0.9489180748243249 -0.2536580863386967 156.61096643911515 -0.11818452463070822 0.23455695087881023 0.9648914213175748 -6.851459277262811
0.9747766707215346 0.21162848875997936 0.07087894583168626 -639.9213576603905 -0.1878446213506776 0.9494560630733483 -0.2514907205502508 156.35656770267576 -0.12051904599134908 0.23183305855384312 0.9652608934971447 -5.942190919419897
0.9748678310677867 0.21111353391390442 0.07116029614592094 -639.8582598723367 -0.1866445291004819 0.9483444685020653 -0.2565279493903156 156.11624372185028 -0.12164099517042898 0.23679916566559572 0.963913701237837 -5.083509238283616
0.9742874162055826 0.21365614168146912 0.0715198136549659 -639.8021249671416 -0.1889257953237069 0.9476659678547531 -0.25736405582603145 155.88647471282195 -0.12276430460340822 0.2372346232987638 0.9636641837401326 -4.272648733537419
0.973976972032692 0.21452362542968545 0.07313324881704701 -639.7445438898981 -0.18993380955535158 0.948615302822378 -0.25308922386977534 155.65567468314603 -0.12366893683469614 0.23261259936580478 0.9646747496842967 -3.4651427611444454
0.973864223460392 0.2148010084694563 0.07381734907456143 -639.6826888710842 -0.19026889842780548 0.9490138443142936 -0.251337362106952 155.4217488001065 -0.1240412050689652 0.23072331928159065 0.9650805818089622 -2.6346887375319366
0.9735032829843696 0.21646881820811564 0.07370623285882723 -639.6170522526239 -0.19196054128073348 0.9487563699234018 -0.2510229095540539 155.1743687791385 -0.12426789050219793 0.23022293819981374 0.9651709123863913 -1.7386026282395792
0.9729857566692779 0.2185973969933819 0.07425560818169934 -639.5492411594553 -0.19399854190616175 0.9485271922604372 -0.25032125615061274 154.9157594039864 -0.12515303854481524 0.22915353711050127 0.9653110241641015 -0.8056790792169133
0.9728212760584115 0.21957211332600957 0.07353129876207548 -639.4790884995674 -0.1946458876451595 0.9474290865878231 -0.2539509880079169 154.65987280144557 -0.1254262463398952 0.23273635929290853 0.9644179818896819 0.11241211661398143
0.9726869366022463 0.21983490549639467 0.07451669402712731 -639.4130003246073 -0.19499690045319978 0.9480226720683628 -0.25145421463561174 154.41716595870147 -0.12592192889638698 0.23005570536232572 0.9649963939068668 0.9795104614010062
0.972292930270373 0.22088705044255721 0.07652038089974775 -639.3495035008019 -0.1958901036380997 0.9485014574266181 -0.24894186581658362 154.1771421845403 -0.127567727278142 0.22705483083689976 0.9654908486105486 1.8300913827377063
0.9725477102510782 0.21972469043248807 0.07662905258278986 -639.2776557004861 -0.19468255943090806 0.9486531739559636 -0.24931076309841319 153.92769411649695 -0.12747412419318754 0.22754827170872569 0.9653870372568468 2.724339920910789
0.9727960369538403 0.21926812482698885 0.07476202192131061 -639.2030816700212 -0.1943079390562852 0.9480024830860679 -0.25206292246650275 153.67050130740344 -0.12614394676957758 0.23067895763920437 0.9648185960043913 3.6608269280483716
0.9730527711112374 0.21813512924617012 0.0747353331530846 -639.1291966110074 -0.1935158727034247 0.9487860124914367 -0.24971325457900076 153.4052525320114 -0.12537907179660565 0.22852170113440026 0.9654314685497165 4.618144561385339
0.9734766422052756 0.21633903841603888 0.07443552604751016 -639.0580832784577 -0.19196034513891314 0.9493593236807719 -0.24873299024162907 153.13938709621397 -0.12447671659750606 0.22784708687542007 0.9657076431443886 5.5605052964274995
0.9740987132672353 0.21432168274915425 0.07209655411107686 -638.9907206841299 -0.19015611346577077 0.9489383584478456 -0.2517074579306439 152.88752786742108 -0.12236155165211841 0.23147831036596803 0.9651142121569879 6.462034685309716
0.9743991692245035 0.21333425076600587 0.07095601781884346 -638.9289926668546 -0.1897860337557203 0.9496979563506864 -0.2491085167042828 152.6372678079792 -0.12053016388387708 0.2292646705304611 0.9658727609994423 7.3534789280161075
0.9746972283054887 0.21193731762118134 0.07104848016066558 -638.8681778570415 -0.18880457971442277 0.950735624904832 -0.24587517608673773 152.38793441619603 -0.11965844647354709 0.22623957420478233 0.9666941146252919 8.239633534692869
0.9747769182904547 0.2116293371592851 0.07087300770878599 -638.8096023093644 -0.18849821652583804 0.950700031503459 -0.24624758367526303 152.14331948736861 -0.11949218357175856 0.22667702519851374 0.9666121995466468 9.112465765832454
0.9744309401564322 0.21321492681614945 0.07087833130540869 -638.7531646585248 -0.1898498638873464 0.9500258073688498 -0.2478063649608834 151.9060113957929 -0.12017225989308777 0.2280139476346856 0.9662133654820947 9.959474512829747
0.9740267365178539 0.21458003294130473 0.07230024904031428 -638.6934198166795 -0.19097090937101446 0.9500426041676561 -0.24687884081134112 151.6711931230372 -0.12166358667403822 0.22665934732379983 0.9663454413140049 10.80230147298971
0.9739376088528099 0.21442533450384124 0.07394126036923289 -638.6304959432905 -0.1903264367782505 0.949930518623678 -0.24780608800158638 151.44262453905523 -0.12337496312206153 0.22727469219046315 0.9659838677557516 11.632561358422112
0.973663511471895 0.21515765164016615 0.07540922601984378 -638.5678517775165 -0.19071119378347814 0.9498675877730081 -0.2477515010327343 151.21592022182995 -0.12493441076782712 0.22684521295143045 0.9658843835403476 12.459465181347033
0.9735656925535529 0.21473839911924328 0.07782841528920798 -638.5029737688587 -0.18987262144327258 0.9502816992901846 -0.24680575281063521 150.9851127948878 -0.12695759098606546 0.22550412842754752 0.9659346034557145 13.297816949146128
0.9734273372458637 0.21421808931523512 0.08093101576380474 -638.4350736469809 -0.18879369629760268 0.9507579694136269 -0.24579711925645295 150.7555860385216 -0.12959999745648282 0.22398636968934285 0.9659368234272209 14.130098992421086
0.9729135387816175 0.21600170735891472 0.08235598626370473 -638.372311515904 -0.1904961430136327 0.950954182090349 -0.24371574233481563 150.53241362669664 -0.13095978601221012 0.22142584759443298 0.9663436906529294 14.931522602093127
0.97275024989474 0.21716985491819507 0.08120471319162774 -638.3159105987318 -0.19146502015064273 0.9499362674187576 -0.24690531363508164 150.3253315166925 -0.13075969328672696 0.22462934349130076 0.965631172163694 15.67956601549231
0.972449763236374 0.21842833198084005 0.08142801587654845 -638.2645650688274 -0.1926079788589785 0.9496375841321913 -0.24716517813688865 150.13068743010007 -0.1313149818618702 0.2246720333990129 0.9655458833980759 16.387045633859437
0.9723517021342023 0.21924137702679156 0.08040762374376582 -638.2199494550415 -0.19411490117695784 0.9502531740615955 -0.2435945613656601 149.94698884664507 -0.12981360675130782 0.22125126843763704 0.9665383094926733 17.040359643243704
0.9723929842197976 0.22121816357633098 0.07425906236975828 -638.1841506682906 -0.19724102623800388 0.949244544976148 -0.2450117780875246 149.7814798978201 -0.12469106547262955 0.22360080039424193 0.9666720334499991 17.640548642856945
0.9724723022727477 0.22371319038225745 0.06519225231066125 -638.1558794641443 -0.2018781504884117 0.9485910838529437 -0.24376252376048502 149.6201315489241 -0.11637368116427298 0.22389141136652216 0.967641360344102 18.233026546546714
0.9726696974249655 0.22618688227706743 0.05247050597249615 -638.1366597086314 -0.20758409611429782 0.9483336567946566 -0.23994190636670687 149.46148467515073 -0.10403125853146396 0.22249217891031178 0.9693682105227626 18.817928541190913
0.9737645507048276 0.2256292835690711 0.02956393388465703 -638.1301335150969 -0.2126889682441675 0.9486157625087298 -0.2342894319153506 149.31096953920633 -0.08090737035561626 0.22185482080877225 0.971717261298804 19.38909893244847
0.9740844143864656 0.22606585916656913 -0.007333550890290197 -638.1512041144705 -0.22194727669931316 0.9490860841811715 -0.2235509140652611 149.1739748218248 -0.04357705835802581 0.21938512286145279 0.9746646643086676 19.938197601039104
0.972017188963119 0.22763674331528944 -0.05800084010640522 -638.2035800621935 -0.23477049998841948 0.9498642874861952 -0.20649612028688313 149.04466513434605 0.008086822331923258 0.21433466460457343 0.9767268066626502 20.48713101851794
0.9663949829920168 0.229385655315173 -0.11602998743209272 -638.2929812253784 -0.2480557625229024 0.950566715708747 -0.1867920171363663 148.92419632557775 0.06744683481858323 0.20929677523153187 0.9755233387011496 21.048791526108243
0.956655196467856 0.2328130533222561 -0.17495404331943654 -638.4220656070545 -0.2615333237250366 0.9510794875295654 -0.16446315387295485 148.81264901282978 0.12810603284930433 0.20309084322851925 0.9707435056410851 21.63269842306384
0.9429257974290861 0.23617604696660008 -0.23475905814676312 -638.5790362373142 -0.2736966315972664 0.9512227065776111 -0.14235700314167504 148.71990762018726 0.18968683242396184 0.19848485415869288 0.9615730176510611 22.17374030734469
0.9242137923110645 0.23828263139311628 -0.2984128912737781 -638.7661450209321 -0.2842719677087257 0.9510799588492045 -0.12098082596184233 148.6470358186798 0.2549868907944361 0.19664256775116426 0.9467382880560059 22.67954009898817
0.8998912175738768 0.24148194549554203 -0.3631559809959028 -638.9768535551688 -0.2945919645921742 0.9505963256057316 -0.09788871305012521 148.58606085048012 0.3215763842870504 0.19507202706839644 0.9265719256076648 23.165916948187725
0.8722170584400288 0.23909655995680482 -0.42669689239909897 -639.1782388978015 -0.29794462807453476 0.9515665647559934 -0.075829225500527 148.54859418278187 0.3878999891309028 0.19327159091626275 0.901210125651584 23.531873604107123
0.840693572373294 0.2354502956610455 -0.4876448253015285 -639.369982169284 -0.2991723740923789 0.9525636995595849 -0.055841640925848965 148.52135426917576 0.4513648279941214 0.19283556869645846 0.8712544034295333 23.829904701106233
0.806729847708309 0.23413943428032155 -0.5425547697066374 -639.6086259984188 -0.30124605056740705 0.9528388426280223 -0.036728149923933674 148.50274975256795 0.5083677505842319 0.19307217638537466 0.8392171142628969 24.155110784912722
0.7716002684878376 0.2357636846432394 -0.5908032757804776 -639.9317793352553 -0.30391451741531916 0.9525512256463481 -0.01679668490680565 148.48927055405878 0.5588103361371503 0.19251401903000856 0.8066407878995457 24.554381260719307
0.7398794640260501 0.23995843030785155 -0.6284889262641942 -640.3125991359252 -0.3078323916545473 0.9514402033281264 0.0008707118810053636 148.47765047218246 0.5981785664504959 0.19282502746046407 0.7778180451905845 24.98487460700745
0.7185658490570945 0.24300429958755512 -0.6516226139038006 -640.7407310490711 -0.3112785520033096 0.9502537345685995 0.011113190413079833 148.47703372014072 0.6219073754439516 0.19485058460367696 0.7584619081061506 25.46051046091443
0.7086413661018987 0.2492218929875185 -0.6600877686375926 -641.2164783012317 -0.3143106178337256 0.9490899487266761 0.020907050078433867 148.48252139338942 0.6316931610886897 0.19265699385622298 0.7508974849818475 25.98253865693686
0.706177869523214 0.24991785157273044 -0.6624604773576522 -641.7040854272346 -0.315786775065216 0.9485924886253275 0.021236836335094104 148.4837321744215 0.633712497343685 0.19419927391440472 0.7487957750425345 26.52008883960568
0.7068685581642074 0.2424887846817355 -0.6644817761101 -642.2001227732524 -0.313982325662375 0.9493474106234704 0.012433547931438029 148.48571240806675 0.6338390494837831 0.1998466493241517 0.7472010279057476 27.081647176440427
0.7079776764753251 0.24331895932639067 -0.6629958473813585 -642.741447222685 -0.3135308693579718 0.949479815189633 0.013655566890457195 148.48602277110254 0.6328238329679431 0.19820182789214139 0.7484985182670549 27.69305651963482
0.7098588559482713 0.2453451831848655 -0.660231887839265 -643.3036640492309 -0.31467740737442407 0.9490901121071268 0.014355778926873182 148.48354739992072 0.6301416776566419 0.1975694819259031 0.7509246073285953 28.32463035543051
0.7143693545504496 0.24532606247949879 -0.6553560470061162 -643.8670678116198 -0.3159502046939414 0.9487149693227829 0.01074128189429763 148.48092467746307 0.6243812084240169 0.19938663458511896 0.7552437199446195 28.966159516080765
0.7214168947860394 0.2464723264524948 -0.6471545844775938 -644.4268942860124 -0.31713377927412334 0.9483498884736664 0.007658660150529558 148.4777353846632 0.6156166257993568 0.19970949232593568 0.7623203320877214 29.619719520942052
0.7286488757136207 0.2499281573771407 -0.6376572214531467 -645.0358350414133 -0.31810672136616647 0.9480205231750838 0.008074742132969824 148.468511649547 0.60653023811097 0.19695939629505227 0.7702779150852898 30.343868452332337
0.734481125539548 0.2485715978876593 -0.631466259549739 -645.6479304267116 -0.3170813164066551 0.9483876003834868 0.004516439380751591 148.45359001476538 0.5999974291711478 0.1969089133646103 0.7753902016569362 31.080600347828334
0.7379431250876547 0.2497996198629803 -0.6269290981061418 -646.2288370762566 -0.3163320603349915 0.9486317902921416 0.005635073322595838 148.43756612729635 0.59613251189655 0.1941594096700975 0.7790559363078309 31.783593554533294
0.7398871421286551 0.25293781810894617 -0.6233694547240671 -646.8724600951159 -0.3167518543347275 0.9484667678307123 0.008891180814636298 148.42339532946693 0.5934941277621942 0.19087496035638393 0.7818768891716542 32.570503767316765
0.7406080268099605 0.2528144484119803 -0.6225629328018227 -647.5273376287436 -0.3172107442683141 0.9483234554523278 0.007743872397209884 148.412300777564 0.5923487944998317 0.19174847721196292 0.7825314224626967 33.37815982977722
0.7413611935021829 0.2505314511486725 -0.6225894094460355 -648.1539511938963 -0.3161732076074115 0.9486868779359175 0.005264069095975729 148.4041027926175 0.5919612179528863 0.19294351405928462 0.7825309686026439 34.15733087975298
0.7417152124880063 0.2510884967102645 -0.6219430121672361 -648.7903420472704 -0.31622935076027636 0.9486646504473507 0.005863336025250456 148.39403411741287 0.5914875664640893 0.19232770942167654 0.7830405550844749 34.94860973940146
0.7422202506485125 0.2528702185274044 -0.6206172347825718 -649.425949891877 -0.31719406458531996 0.9483344189265475 0.007053741638054846 148.38094363667176 0.5903363659127802 0.19162067336577684 0.7840819425415562 35.73760058622705
0.7426258560464378 0.25342173576720256 -0.6199066556926431 -650.0627627570459 -0.3165224442005184 0.9485461344715377 0.00858912664000873 148.36667422000937 0.5901867333722689 0.18983586231227487 0.7846285523300355 36.5311418706804
0.7427744753146598 0.25196248057474874 -0.6203232924884047 -650.6727445067582 -0.3154898909427595 0.9488980569068546 0.00765547590462807 148.35446976730955 0.5905524595952183 0.19001943579807415 0.7843088718642811 37.29456363152812
0.7420210228588363 0.25345603735194655 -0.6206164989471182 -651.2740639225802 -0.31600233340720574 0.9487095507055529 0.009628794383199551 148.3463118225927 0.5912252759454146 0.1889714939611789 0.7840551304298379 38.04256634167067
0.7409646295150686 0.2559211335590101 -0.6208669673975835 -651.8678716103973 -0.3169082004715374 0.9483710669542492 0.012708730776730974 148.33933365007763 0.592064701093971 0.18734111337859966 0.7838129221673851 38.777225511948565
0.7398276684324442 0.2541826501963785 -0.6229335448994238 -652.4959073321668 -0.31612673372063393 0.9486455798224025 0.011638389516830413 148.33465075025092 0.5939014305833427 0.1883155442935234 0.7821881784637856 39.55559889409959
0.7390178099478155 0.25469766441391456 -0.6236840356478869 -653.16620104079 -0.31563617371225516 0.9487848709588388 0.013456391935089582 148.33055995141416 0.5951692888785723 0.18691272931964537 0.7815607136966759 40.3844652898745
0.7391559627870796 0.2543409043496189 -0.623665909803419 -653.8095139121087 -0.3146536290276603 0.9491012699621333 0.014137648177584335 148.32371921682753 0.5955178892493765 0.18578881487023388 0.7815631515450834 41.176777620848064
0.7381720256921405 0.2562409791844204 -0.6240533799861789 -654.4628782837425 -0.31646842413904697 0.9484826312077282 0.015114060348450838 148.31862941628546 0.5957766334865057 0.18633641319902072 0.7812355240947582 41.977970632669354
0.7384015576466587 0.25894731512996255 -0.6226631735151638 -655.1600605719452 -0.31769625204480545 0.9480308551414943 0.017509686929636458 148.31215890531053 0.594837987271892 0.18488857640934103 0.7822940516274258 42.836537655904024
0.7397595655287524 0.2591283323584458 -0.6209736649632132 -655.8448542814605 -0.3171374005441454 0.948211041850968 0.017879857046611564 148.3057273997885 0.5934472633560773 0.183707178632285 0.783627474080733 43.689744678063704
0.7413245299060273 0.2579026744344331 -0.6196161326814991 -656.4779145929418 -0.31723337974757265 0.9482267356277717 0.015134087836262102 148.30079616605764 0.5914397045629789 0.18534364936589687 0.784759076090356 44.48316344515695
0.7433254604675161 0.25844685827157365 -0.6169866135260238 -657.0704277643414 -0.3173017630437622 0.9482073170831042 0.01491559584412394 148.2980247858418 0.5888861103728626 0.1846837980972249 0.7868322843721562 45.22712384068681
0.7452835507682258 0.2611734221318784 -0.6134662766006228 -657.5945002477196 -0.31759916221111834 0.948058391523036 0.017778032105751115 148.2978229260457 0.5862450009314408 0.1815867005996843 0.7895207844307945 45.88998026460058
0.7476222980701017 0.2614336172796997 -0.6105025496952771 -658.0518824814116 -0.3164239438243362 0.9484344955886091 0.018651953040832007 148.29599270072887 0.5838979253285949 0.17923300849350793 0.7917946333888166 46.475923258753085
0.7497505381110682 0.25834390163263854 -0.609206499547889 -658.4917979855219 -0.3144493642573562 0.9491475557249355 0.015508538923073823 148.2950028689501 0.5822333964316305 0.17993706108139002 0.7928599662797219 47.044919771229786
0.7515646122175366 0.2559830323756397 -0.6079665457885646 -658.9284589246307 -0.31205835600058307 0.9499566230365236 0.01421255780149243 148.29297807688573 0.5811800204003241 0.1790393852894327 0.79383542526311 47.6091428570091
0.7530318236108723 0.2545344353081536 -0.6067580192067066 -659.3480613415211 -0.31002090063899995 0.9506262465248796 0.014027850334436423 148.29010288511532 0.5803706693108045 0.17754424986571574 0.7947628108708603 48.15211457686028
0.7536556751167109 0.2535119617874779 -0.6064114185889328 -659.7640829074605 -0.3085290734490497 0.9511093622585133 0.0141701044766159 148.28809775078108 0.5803558685849999 0.17641617345036692 0.7950247792013042 48.68984739220684
0.7523260537750396 0.2524558845676361 -0.6084994126196438 -660.2059714873552 -0.30603646395817347 0.9518760174293511 0.016544792861157193 148.28705795969827 0.5833928278092368 0.17377592983497941 0.7933818340942352 49.25612393920473
0.7470697159831987 0.2534246064334138 -0.6145427636176795 -660.6700882268702 -0.30551668445376295 0.9519515091092938 0.021163171428716328 148.28538125185338 0.5903781796282503 0.17194270312696908 0.7885995890565924 49.83143366613475
0.7408291716753189 0.2518338642085104 -0.6226972323952255 -661.143690342136 -0.30657080061612524 0.9516348941647363 0.020133862462590302 148.28486459908797 0.5976508032325004 0.175985036426062 0.7822037997540455 50.4034175312715
0.733377622911434 0.2522455925981919 -0.6312918684947275 -661.6251495027601 -0.3090655644373129 0.9508116738117618 0.020871938633598222 148.2878527117838 0.6055045326765305 0.17980356492034524 0.7752644316296948 50.96995890495801
0.7274397476650748 0.2551759982101597 -0.6369588867850292 -662.1173765881737 -0.31194696496927415 0.9497902006928535 0.024241817470874637 148.29209535875992 0.6111632388842073 0.18106292995883946 0.7705165221014328 51.5421207439689
0.7253995584257361 0.2586581945208022 -0.6378804112394332 -662.6126152080375 -0.31605428319391504 0.9484074915943903 0.02515790059644535 148.2970499616302 0.6114778579069982 0.18335530615413675 0.7697244058717337 52.11937384009765
0.7253793120171469 0.2593823689324621 -0.637609316419167 -663.1200600063544 -0.317347101934993 0.9479899319429047 0.024615154445010706 148.3050111348139 0.6108319495499521 0.18448814493585486 0.7699665277056746 52.716157554987866
0.7250926219260267 0.2636904949013013 -0.63616665468032 -663.6538537552607 -0.3187151577080539 0.9473936249753242 0.029427327490766517 148.31761377493618 0.6104599396156754 0.18141841762848548 0.7709902851979421 53.353927736902946
0.725893785861105 0.2718053321729477 -0.6318228177666493 -664.2431460772672 -0.32166017948221215 0.9461139070802125 0.0374593615120438 148.33243001690585 0.6079580088984001 0.17604072321985817 0.774207157797268 54.06232542085041
0.727578972250616 0.26937183174924917 -0.6309260300532814 -664.8242828764022 -0.32542934350974934 0.9451444495553407 0.02824379325709386 148.3489968713555 0.6039243177100544 0.1847722536929945 0.775328725602024 54.76170541928832
0.7299340552831559 0.27482638054947645 -0.625832833504254 -665.3870012480154 -0.32784872300380535 0.9441799191963558 0.03224120052263878 148.36642391586466 0.5997595266126786 0.18164454503353372 0.7792905552468204 55.449914326344626
0.7329628833702265 0.2725344877891054 -0.623289952243044 -665.9352013627271 -0.327383098221841 0.9444771734520271 0.027985278750477755 148.3781700602438 0.5963100859454549 0.18354242505099938 0.7814898973154573 56.128498261699
0.7338010310617692 0.2717240493598214 -0.6226572795785721 -666.4632833108591 -0.3289364275938936 0.9440388104562776 0.024321820533578904 148.3926456305552 0.5944214610984829 0.18696728417506628 0.7821165905629072 56.78484080181236
0.7354636791927422 0.27378812183342577 -0.6197848343830321 -667.0134508124314 -0.33050983702729225 0.9434823344450952 0.024583169409786537 148.39956610793595 0.5914866221787872 0.18676495638358126 0.7843866564715192 57.46848772596412
0.7398937131789252 0.26465921971714457 -0.6184761843571802 -667.5599015981732 -0.3271324935589477 0.944889275890485 0.012984142831322067 148.40806886892705 0.5878278871031986 0.19271677074367347 0.78569626537099 58.162890458615514
0.7445703212647081 0.26925141343611864 -0.6108344399707861 -668.1342114842862 -0.3273673265414439 0.9447370758352195 0.017392269990730905 148.40732160606237 0.5817608359153101 0.18701746951815337 0.7915673034493957 58.89015097764426
0.7495756578984551 0.27088100583367974 -0.6039534864247696 -668.7396014425868 -0.3282174607621993 0.9444624379252794 0.016248132171296288 148.40260057014936 0.5748126925676882 0.18604887537089296 0.7968539291716594 59.66692921086203
0.7534785370070959 0.26713372784206024 -0.600757576497253 -669.3556353222257 -0.3254734140210653 0.9454724595370414 0.012201845043014022 148.39864719511823 0.5712592677892604 0.1863367910697828 0.7993381319933985 60.477635115283604
0.754316091843503 0.26730625364783533 -0.5996287187474475 -669.9991788846213 -0.32467785011767886 0.9457331169160086 0.013159225330425912 148.3912166920467 0.5706062803973588 0.1847599478488027 0.800170128436447 61.32495134738421
0.7533766289798727 0.2676251247664849 -0.6006666692106772 -670.6428337471434 -0.32421852491321457 0.9458667143928611 0.014781972356781142 148.38234395322863 0.5721066360478838 0.18361086895219214 0.799362899935065 62.16845363365991
0.7508181725970945 0.2616050329326176 -0.6064939228403582 -671.2698143777393 -0.3217891511171028 0.9467584282959495 0.010011027615658044 148.3804100776346 0.5768221683684647 0.1876467031282711 0.7950250944994094 62.9819626572755
0.747561268004212 0.2629610932970062 -0.6099209899585198 -671.8907480746723 -0.32087009293585 0.9470042598651971 0.01501050487202534 148.37924743705355 0.5815449544440028 0.1844841326759992 0.7923200557549385 63.77734444900496
0.7446762949298341 0.2643246498412139 -0.6128537307187558 -672.4984591732118 -0.3221861078787253 0.9465281250689496 0.01675172658030367 148.37830688627776 0.5845111869413079 0.1849783445157321 0.7900187873719741 64.54332881866806
0.7430462626877171 0.2645684968393809 -0.6147241348653634 -673.1086905328084 -0.3239821779493219 0.9459361240062976 0.015504762854048603 148.37934872724753 0.5855918372698117 0.18763890795913088 0.7885897795069836 65.3169165314071
0.7429984131435853 0.26646166009484407 -0.6139637951586535 -673.7063743387458 -0.32373009973956846 0.9459630177729405 0.018782745500187374 148.38020218296674 0.5857919260187249 0.18480301054207376 0.7891106808970849 66.07728466598736
0.7430424534950003 0.270312219146711 -0.6122248087786984 -674.3229801541379 -0.3244651655333212 0.945600435591512 0.023710178501679724 148.38211309188839 0.5853291968282197 0.18102795471729172 0.7903281666189732 66.85691260619865
0.7434349641512756 0.2667231105603064 -0.6133214788106063 -674.9613266054938 -0.32471824013993494 0.945646289250878 0.017639732040837682 148.387657360971 0.5846901047544919 0.18604267768198215 0.7896363742148036 67.6684728349448
0.7427236782135378 0.26745132304312524 -0.6138658873267336 -675.6098603270198 -0.3242243398339617 0.9457735043315332 0.019775134985316318 148.39312314001003 0.5858669774617686 0.18434280107163395 0.7891626045453988 68.49216479483994
0.7411050754659725 0.27069765088576786 -0.6143989330422909 -676.2571269538714 -0.3240188211720165 0.945698113719065 0.025824043728734095 148.397950360963 0.5880264200228387 0.1799384881372857 0.7885728056698342 69.30042427230268
0.738995996146422 0.27184982914671685 -0.616427277196963 -676.9330220939389 -0.32433418796897395 0.9455233156220099 0.0281601514497275 148.40578534360694 0.5905016953354727 0.17911820121937508 0.7869081380935581 70.13972841473979
0.7362560825297378 0.27193900609276606 -0.6196580975854713 -677.6298783340909 -0.32656139077490487 0.9448010482831363 0.026620240762450006 148.4164096613143 0.5926927019907764 0.18275709597268128 0.7844202986145292 70.99996390642148
0.7342886921308771 0.2709785403749938 -0.6224072198046603 -678.3051190044706 -0.32719133963484065 0.9446205606894326 0.025255169584551065 148.42824678066324 0.5947822659399722 0.18510166660249797 0.782286027706166 71.8345983943833
0.7328096083265486 0.2752950171996445 -0.6222561622429629 -678.9827674622467 -0.32767253556267356 0.9442539234903088 0.03186279038455982 148.43683032537447 0.5963394900408845 0.1805468955097478 0.7821649641473162 72.66433198753381
0.7313983037738244 0.27605097290141994 -0.6235802928227884 -679.6591558654783 -0.3281968656493226 0.9440338244802862 0.032969009919746224 148.4480178716757 0.597782015967975 0.18054361965271912 0.7810638019956888 73.48939463092694
0.7303225193289247 0.27533828886772366 -0.6251542565195001 -680.3486641229538 -0.32861319813451956 0.9439276922470249 0.03184144816136038 148.46185712823242 0.5988675845066744 0.18217941292199263 0.7798514459398931 74.33173880306796
0.7301019001907889 0.274848521602085 -0.6256272896149511 -681.0693476103284 -0.327564047216588 0.9442675065677224 0.03256794453859494 148.4735658718137 0.5997107722134825 0.18115508884247936 0.7794419949409863 75.21794151229243
0.7299936212212431 0.2709514657268228 -0.6274508874778847 -681.7592259433377 -0.3273245865501219 0.9445245691045631 0.027054637266741597 148.4872634019772 0.5999732727514546 0.18563038969502768 0.7781859870272552 76.06479510366489
0.7297740365677389 0.273992888635018 -0.6263846681784843 -682.4121502850293 -0.32737076393227155 0.9443648091913601 0.031677911600524765 148.4960815799347 0.600215160150119 0.1819423099182998 0.778870180060556 76.8635953313743
0.7299524487238339 0.2725250963566991 -0.626816954507337 -683.0834082931987 -0.32956466261810236 0.9437600837750557 0.026533703592222447 148.5090298551033 0.5987959216256389 0.18720837622465972 0.7787146255951729 77.68117533894343
0.7306471561887801 0.27498973866129667 -0.624928297314374 -683.742841992358 -0.3318078047756268 0.9429606770245481 0.02699522690012134 148.51972101069046 0.5967062207177256 0.1876321007088061 0.7802152785868601 78.4894920114874
0.732376855491413 0.27598272620342656 -0.6224609838197386 -684.3890159016719 -0.3322280316062367 0.9428090413318628 0.027122805864118422 148.5269508228714 0.5943472693262402 0.18693487213524415 0.7821807189033899 79.28743158627373
0.734266451055353 0.2740745601217538 -0.6210764158689706 -685.0545049885555 -0.3312831209438112 0.9432114201396392 0.024570524941417253 148.53449408067394 0.5925405240422869 0.1877108212443654 0.7833647777092484 80.11969777849643
0.7366050361317535 0.2716028147732363 -0.6193907746750799 -685.7015170087958 -0.33040490911563275 0.9436091517963769 0.020841417380208976 148.54131761669902 0.59012339114598 0.1892978596111933 0.784806156683924 80.93444289699326
0.7383361090019308 0.27468696063368137 -0.61596011543096 -686.370209675554 -0.3302255365342691 0.9435721934949057 0.024952167919237343 148.54543399145777 0.5880568723895213 0.18498267302924457 0.78738207086167 81.78349533525258
0.7387239122180526 0.2738314144803527 -0.6158760735415416 -687.0645668329857 -0.329655696265447 0.9437905678960841 0.024217470349607244 148.55162644647103 0.5878895333623495 0.18513703139587792 0.7874707462305649 82.6642165631969
0.7382635927794747 0.2740350347123526 -0.6163372999636998 -687.7269746757773 -0.32931577014418656 0.9438833571905794 0.02520578411766123 148.55876384272554 0.588657787777148 0.18436107986460384 0.7870787769470561 83.50052002320241
0.7384457296806751 0.27407198126359344 -0.6161026321990726 -688.3482164014879 -0.33069501163128445 0.94344930656693 0.023328420875982296 148.56668544639558 0.5876552676515053 0.18651529434507255 0.7873203486363164 84.28090347000884
0.7394792253068823 0.2752077524714122 -0.6143542693911787 -688.9256560373324 -0.33314035064296377 0.9426371836550029 0.021275496808556435 148.57537167555063 0.5849683599247217 0.18893340882596665 0.7887434214726506 85.01173888773168
0.7408234949233105 0.2768792983280928 -0.6119790874915225 -689.4924436072178 -0.3338980808488575 0.9423488230229936 0.022153269569793212 148.57982725347526 0.582831554546478 0.18792698024637994 0.7905636148472903 85.73105356124645
0.7417786887160654 0.27698878957730555 -0.610771305330543 -690.1033479210507 -0.33274144683634516 0.9427272276882281 0.023420156543603802 148.58383441053914 0.5822778602385056 0.18585635481136656 0.7914606173729056 86.51116208102209
0.7417495464285148 0.27702487567497874 -0.6107903311532994 -690.7665878883151 -0.3326912784684744 0.9427414891319332 0.023558393415522128 148.59019697111353 0.5823436473458841 0.18573018851702391 0.7914418320188323 87.35553137506001
0.741631689781896 0.277418920788784 -0.6107545980994641 -691.4304991098501 -0.3320472444765113 0.9429287629116879 0.025099312926714502 148.5973080635946 0.5828611019332208 0.18418493549208023 0.7914220399957106 88.20105217241193
0.7415588515177298 0.27696807859926603 -0.6110475866679601 -692.0760977711021 -0.3321992958128004 0.9428978777622553 0.02423262208094877 148.60419385361368 0.5828671354581487 0.18501966259959385 0.7912228680051828 89.01940605942038
0.7430389692574819 0.2758986579265922 -0.6097319252910136 -692.7314732732843 -0.33084211429512533 0.9433884544567578 0.02370062038058816 148.60882929318913 0.5817530279882634 0.18411451477815918 0.7922532801285788 89.85861569669402
0.7446566253295757 0.2741416549780414 -0.6085498035154316 -693.3705611112777 -0.3301280480160048 0.9436990236820031 0.02115714098785897 148.61102469911188 0.5800879090844019 0.18514455354542952 0.7932335797396329 90.68034545167889
0.7463784018191953 0.27556954075012857 -0.6057893276615139 -693.9611726993804 -0.33075118182232155 0.9434692269058207 0.02166733958921339 148.61205376255887 0.5775144474564807 0.18419350176512234 0.795330005020897 91.44619741130683
0.7490823145176175 0.27695920683084474 -0.6018050214384726 -694.527492422024 -0.3309541299846136 0.9433853848376134 0.022212148048296597 148.60983122710684 0.5738859206524057 0.1825311300201133 0.798334100894183 92.1862982981209
0.7519984553628183 0.2767739459894688 -0.5982428486437226 -695.113078794167 -0.33130655772269924 0.9433119744247542 0.019962056928369203 148.60726696576685 0.5698546200057292 0.1831903428903731 0.8010661710057642 92.95656840013821
0.7547357253632432 0.27548510533037646 -0.5953838607163723 -695.7190477592352 -0.33103294175347514 0.9434676407734701 0.01691160215315679 148.6050531413718 0.5663843009251426 0.1843278805673625 0.8032633790426925 93.76256835926296
0.756415469894398 0.2753694515923299 -0.5933020327237879 -696.3199701703012 -0.331004864248291 0.9434951096337817 0.01589836284378686 148.59853963020723 0.564155489868184 0.1843600911989357 0.8048229246391483 94.56546920965175
0.7575890379792938 0.2752833993291337 -0.5918427997259128 -696.9107189823343 -0.331273857950643 0.943419124624322 0.014764360181843442 148.59313458039293 0.5624201992924048 0.1848767301389682 0.8059181807609365 95.35676506162318
0.7583759556547169 0.277646623320194 -0.5897272780223848 -697.4825889516908 -0.33116427041463464 0.9433959154733659 0.018285859807963822 148.58443693633996 0.5614233125597301 0.18142904736305654 0.8073954204027888 96.12582051859174
0.7588501817291198 0.27159483734353757 -0.5919312848785924 -698.0392342410755 -0.330654675323037 0.9437079030119333 0.009103816773216143 148.57961542184518 0.5610827812156614 0.18881641380229322 0.8059370164610521 96.87587772543371
0.7594516111286798 0.2759369766660382 -0.5891451733337556 -698.6139884481624 -0.33216664772723886 0.9431234992285684 0.013541910519300558 148.5761452340986 0.5593733712751294 0.18540995148931125 0.8079137215056011 97.66106353676345
0.7614907256603597 0.27779776463746036 -0.5856281044277938 -699.1708591725636 -0.33357336009961075 0.9426289111099249 0.013399603411165828 148.56649405537675 0.5557523622667896 0.18514626083761307 0.8104691073278094 98.41782215127138
0.7651926646384482 0.2766060910635598 -0.5813512332231273 -699.7025068594389 -0.33326758789955546 0.9427801351209253 0.009916233003799383 148.55972658104952 0.5508292846600715 0.18615769446334846 0.813592288528454 99.15844019142094
0.7712619397462281 0.2726471790888932 -0.575168267582415 -700.2232827226668 -0.33316148256715866 0.9428697608112742 0.00020169617567201623 148.5469729040455 0.5423637587749951 0.19146835216965127 0.8180350990543743 99.89277689254214
0.778344945056554 0.2703665710249758 -0.5666401536928958 -700.7190397767333 -0.3340772398201201 0.942500911784432 -0.009188531965891264 148.53209629016627 0.5315745896288521 0.19645342592511117 0.8239141381862597 100.60560828907082
0.7854957484728365 0.2728389787887368 -0.555477561009101 -701.2093823176465 -0.33335172029269644 0.9427658046656144 -0.008322747809490142 148.50645373721213 0.521414479765379 0.19170688356633905 0.8314898743125401 101.3320443864287
0.7910515857850663 0.272319090712288 -0.5477953098197962 -701.693255109046 -0.3318975025332041 0.9432584514316448 -0.01037022733603651 148.4760970661584 0.5138885447635084 0.19001528000771428 0.8365481199096894 102.06311679776698
0.7941464774169427 0.2701907769376527 -0.5443604655594408 -702.1716621654349 -0.33059252581679166 0.9436711924380581 -0.013901886081082965 148.44545363520618 0.509941128249466 0.1910016351248416 0.8387362047147489 102.79369180234984
0.7944103678842385 0.2695616387975558 -0.5442873232832152 -702.6494306821863 -0.3299594985469699 0.9438894404410071 -0.014122802221887323 148.414613354063 0.5099400913015804 0.19081207276464573 0.8387799807879287 103.520327369523
0.7916363718406927 0.2701714170279288 -0.5480139233632918 -703.1244743301083 -0.3301058028842838 0.9438735737563073 -0.011525435637020012 148.38470806789974 0.514142017035206 0.19002653021517749 0.83638980393914 104.22923646488742
0.7855733526500195 0.2717322748123043 -0.555910135212105 -703.5884499647854 -0.3315248880950443 0.9434179256948123 -0.007339349512724591 148.35991539551839 0.52246124849579 0.19006364277007315 0.831209994837161 104.90086903677712
0.7778241089262172 0.2711531680173527 -0.5669793779735659 -704.0363469873286 -0.3315668986450302 0.943424521253593 -0.0036829906800053885 148.34026950461885 0.533903593634708 0.1908563128942401 0.8237237525605069 105.53400294095971
0.7668220955041616 0.27096732544849494 -0.5818595899234611 -704.488957282915 -0.33198088516856894 0.9432844557589578 0.0017684474049708759 148.3273494953707 0.5493382980726021 0.19181017716174023 0.813287335575737 106.14654071860414
0.7522785456169635 0.2731451774594427 -0.5995570880534046 -704.9454311303248 -0.3340772545685851 0.942490465093521 0.010203488997358543 148.32016931668628 0.5678638725824579 0.19262252007086306 0.8002669473227084 106.73057269823217
0.738129398779688 0.2748551454929664 -0.6161328100768364 -705.3906523277263 -0.33543363262580245 0.9418856554248322 0.018321850572369732 148.3167206045363 0.5853625105527323 0.19314777011650006 0.7874291524565424 107.27202800852952
0.7244007566795809 0.2771668487760496 -0.6312068453855737 -705.8107774134962 -0.33739965241093905 0.9410027786920858 0.025985477612592664 148.31913897387759 0.6011697083811122 0.19414507058725322 0.7751791233590092 107.76153216613768
0.7117393025171403 0.2798440610046222 -0.6442937736567523 -706.2176796215002 -0.3397359375748655 0.9399432513901841 0.03295719779016634 148.32670783374712 0.6148224605303104 0.19543281629883022 0.7640676385903055 108.21978960324584
0.7008726669278695 0.2822004129107072 -0.6550881098802241 -706.6213872760803 -0.34278473862685604 0.9386605576224369 0.03761622693010975 148.3405830930734 0.625520685283818 0.1981900212345816 0.7546155231408257 108.66372773196954
0.6943336630196634 0.28571439931154996 -0.6605059018841083 -707.0400638811706 -0.34599186999960146 0.9373086429715203 0.041738875225258425 148.35852959151555 0.6310232882325968 0.19954896601317934 0.7496598027580211 109.12092554542346
0.6923707332152884 0.2884308737096072 -0.6613852121706676 -707.4484411218314 -0.348177058845041 0.9364013895148525 0.04387679806770333 148.3742761030816 0.631977454883435 0.19990014708790937 0.7487619299305293 109.56843095934109
0.6932630426933853 0.2910519894277385 -0.6592989406071174 -707.8156587394545 -0.3509360095049799 0.9353693314245766 0.04391048921459328 148.3868111203048 0.6294682445272624 0.20093021992845633 0.7505976124737352 109.97081311794939
0.6969177593347488 0.2920537984626832 -0.6549887140457872 -708.173698356092 -0.3529721991697879 0.9347254558427012 0.0412183067689796 148.39797568119172 0.6242725873663524 0.2024670368311211 0.7545136417983098 110.37063801059755
0.7024864016146314 0.2925999268693535 -0.6487666285672978 -708.5351958526323 -0.35344426184827127 0.9346495307525112 0.0388253580877856 148.40783727925512 0.6177297218954749 0.20202855605127 0.7599963507983317 110.78862112400037
0.7082603222372493 0.29464203665751737 -0.6415242678018505 -708.8911841987644 -0.35472004423928083 0.9342221186203746 0.03745294775240972 148.41550265190244 0.6103613734168256 0.20103507981138594 0.7661878950531382 111.20445562166778
0.7140299936198772 0.29782359593067925 -0.6336105064770627 -709.2259118695415 -0.3565071210487051 0.9335574821723823 0.03705536562401395 148.419904831154 0.6025477913433632 0.1994280150502505 0.7727642758049537 111.60324290018704
0.721237641086185 0.29595912972698624 -0.6262782597309942 -709.5551856832324 -0.3552395780406041 0.9342144079403895 0.03237718626015209 148.4190586238429 0.5946604974890898 0.19912717927955995 0.7789269922131321 112.01453779757776
0.7264397694708756 0.2970290033015852 -0.6197249652295524 -709.883870625594 -0.3571589323415232 0.9335993396925228 0.028805728151741372 148.41793169597412 0.5871309550515685 0.20041468040878072 0.7842902507980587 112.42313866792549
0.7302500954590362 0.29635654108995635 -0.6155547080765994 -710.1898640152534 -0.3576688890538452 0.933510488343719 0.025122379570071 148.4172912213366 0.5820719576521955 0.20181914851041668 0.787693638040497 112.80808341061126
0.7333061586907185 0.2923970509468717 -0.6138127094023367 -710.539711053469 -0.35381308341746587 0.9350400108918938 0.02272619708432624 148.41539410830782 0.5805845154918368 0.20050970706891208 0.7891245007869485 113.25843873634203
0.7304653229409773 0.2920579579387822 -0.6173512462005436 -710.9403856466993 -0.35310989053372177 0.9352571928988627 0.024645249810171733 148.41528398304618 0.5845800348865836 0.19999033060518037 0.7863015010010052 113.75399680800767
0.719502382428978 0.29375172570653135 -0.6293061618349699 -711.3530712850963 -0.3548953902377214 0.9344113262927302 0.030409460433880497 148.42063655308914 0.5969636368046571 0.2014581766528654 0.7765623087638639 114.23393598550358
0.7016622894250208 0.2949147293900375 -0.6486103098067754 -711.7911526378887 -0.35559375740480126 0.9337884462232737 0.039902598845975946 148.43253832100012 0.6174326775394838 0.2026436282954056 0.7600739757534788 114.71596305163578
0.680168187682114 0.29354095857884627 -0.6717179036633181 -712.2153271437161 -0.3538267739893388 0.9339804152731325 0.04987181463038624 148.45337884251512 0.6420107868825325 0.20375055711050297 0.739126416794606 115.15601298838571
0.6519153154532243 0.2946240334952656 -0.6987153214038644 -712.6347376942581 -0.35300708887201115 0.9334136674839735 0.0642255444525724 148.48501786009192 0.6711128196388694 0.20478184548709377 0.7125110378620593 115.55154537321194
0.6194265968754434 0.2984438242286602 -0.7261142987595558 -713.0998197255071 -0.35225165950785153 0.9322468145604402 0.0826719124968072 148.5300388511459 0.7015906637472268 0.2045657853153495 0.6825858041455614 115.9468693742538
0.583653618912067 0.30129385037202827 -0.7540361190678121 -713.5902372820764 -0.35027663572462764 0.931190061000608 0.10095221027359114 148.58673669439733 0.7325672198483133 0.20520011213857234 0.649028645270787 116.33572356590336
0.5423281639201736 0.30535666332702166 -0.7827116140576705 -714.1219862232446 -0.34735116987818504 0.9297585993504089 0.12204962809539843 148.66082888013108 0.765001521177071 0.20568484410805465 0.6103002683114397 116.70867916621762
0.5004354952778108 0.30453261828698003 -0.8104469134158827 -714.7264048389394 -0.3412713568487364 0.929688692908157 0.13861022788145255 148.75485351884106 0.7956746672231545 0.2072168397548815 0.5691774813371703 117.10858923988408
0.45475729427229306 0.30540649072267756 -0.8366138169613294 -715.3434033700554 -0.33453138489367545 0.929155706699498 0.15734810208222877 148.86332050644728 0.8253996340120741 0.20831838164746025 0.524708391433299 117.46437831799655
0.40522474950818493 0.3083228613270789 -0.8606566769444796 -715.9590289690161 -0.3264608048574542 0.9281468683279807 0.1787924319002024 148.98230245587186 0.853941593598681 0.20851955303051575 0.476763411689804 117.76836068129434
0.3549467836170629 0.3103398686994187 -0.8818741104576845 -716.5933494121664 -0.31564773597245377 0.9276852249937964 0.1994157218066736 149.116123949002 0.8799882314982224 0.20757959732073358 0.4272369637575799 118.03907364612786
0.3055263228509196 0.31143621514791603 -0.8998117302744721 -717.2685436963758 -0.30394028135331913 0.9274597682049875 0.21780423258517917 149.26651089981 0.9023713046280137 0.20694410418152143 0.3780213834275072 118.29755855557589
0.25877733771796985 0.31272915727468564 -0.9139117920641289 -717.9822036397081 -0.29346480912014417 0.9268713507449561 0.23406816309848902 149.4353255107381 0.920278596562845 0.20762941351958364 0.33162830299875834 118.53565938238503
0.2150415939318464 0.31481092334556343 -0.924473469290259 -718.711167419609 -0.28382559879127306 0.9259067542158039 0.24927838247295536 149.61608005131254 0.9344517870655654 0.20878401528821425 0.2884598630834178 118.7449723085191
0.1752560679185216 0.31752121647009385 -0.9319150110117838 -719.4438179561838 -0.2744064319428257 0.9248088664995433 0.26349510536675974 149.80463412020214 0.945508551397685 0.20954435696334547 0.24920822959659994 118.9271417839965
0.13730823749922824 0.3197916950352393 -0.9374858504006056 -720.1988451523002 -0.2638728390486866 0.9240583391704656 0.2765633934957933 150.00629153222113 0.9547342943077117 0.20940262079546473 0.2112651643711021 119.0841463113405
0.1049669360524495 0.3160650312438404 -0.9429129537558564 -721.0249768482412 -0.25086399288296474 0.925903222595262 0.2824366822183814 150.237977549979 0.9623145012991229 0.2068963953589791 0.17647856010542365 119.23899741922283
0.07937091570340003 0.3165308156237186 -0.9452557857537767 -721.9046446721239 -0.24083640507547618 0.9262457145450271 0.28994258444956933 150.4936017858092 0.9673148834431979 0.20463899688855897 0.14974911426021476 119.3822513832055
0.056520761325135595 0.3204630272675601 -0.945573292608109 -722.8029533968471 -0.23432396055775173 0.9248911660002987 0.29944717825209044 150.757962595503 0.9705141343884482 0.2046454964300918 0.12736771860689186 119.50235815076579
0.03950349183495204 0.3200342499697543 -0.946582037109909 -723.77780511833 -0.2288703384788432 0.925034823937206 0.3031978605927888 151.04928928595479 0.9726550479473328 0.20466717702103318 0.10978845272985126 119.61605798453326
0.03161696424501433 0.31863447627182856 -0.9473502193502198 -724.8136163911023 -0.2272424912787967 0.9252937402064749 0.3036319227158446 151.36336801588945 0.9733248264219598 0.20567830431450415 0.10166227129556984 119.72830090523175
0.02964362115758265 0.31956800081906267 -0.9470995452312159 -725.8428045780483 -0.22574411844310963 0.9251759628608697 0.3051049503577546 151.6741592886161 0.973735512710208 0.20475773635438002 0.09956616237467682 119.83867271343937
0.028097801963254534 0.3198465517244378 -0.9470526368026345 -726.8711549483841 -0.22282866705128285 0.9255912180222136 0.30598738905436185 151.98513282662105 0.9744526148895004 0.20243290362522848 0.09727805952462258 119.9492028320086
0.025427571418432555 0.32144366189975876 -0.9465872441757477 -727.8990092583941 -0.22080991117572057 0.9253117578967069 0.3082874208018843 152.2967565170292 0.9749853443710494 0.20117684489667015 0.09450637724031918 120.05418164481388
0.022594412107254356 0.32343739508633584 -0.9459797799114396 -728.9372596999834 -0.22033839033983826 0.9245655243672675 0.3108529956328725 152.61616630128157 0.9751617744169321 0.20141212131161484 0.09215568948674852 120.15435637737389
0.020855709669901967 0.32407818409622047 -0.9458003858991936 -729.975946535024 -0.21927415057264954 0.9244560139810063 0.31192935915843895 152.93821444658164 0.9754403550524299 0.2008840680772003 0.09034215476700937 120.25352940105468
0.01900595455814599 0.3230462143691307 -0.9461923256257735 -731.0099023787459 -0.21711458228067984 0.9251141010878595 0.311488616372235 153.26052500073277 0.9759610811156468 0.1995120130472718 0.08772072045648589 120.35260274604683
0.01666224416449284 0.32545216687563655 -0.9454116863543407 -732.0778106771589 -0.21583734048134115 0.9244203690779582 0.31442204707640176 153.59336295967114 0.9762871565647819 0.1988161671236115 0.08564764805253572 120.45006386978925
0.014952419612133042 0.33127819022216437 -0.9434146415181783 -733.1499123211108 -0.21430491349498598 0.9226559574828866 0.3205922459655665 153.9315092888619 0.97665235841606 0.1973847633543805 0.08479048293225609 120.54524776702755
0.012742279374151493 0.3305438768732802 -0.9437046040885547 -734.171586392139 -0.2120295937227636 0.9232123676918205 0.3205033159370194 154.25350456634644 0.9771801705428298 0.19600936100718364 0.08184891383179098 120.63279866007393
0.009575638194683938 0.3208551299093276 -0.9470798766545703 -735.1857873067423 -0.21052248754212338 0.9265422320877077 0.31176878355121934 154.57757766190392 0.9775421164288749 0.19639622646272167 0.07641945327573074 120.71657924840258
0.006129188476352302 0.3255783616932424 -0.9454951948295498 -736.2165306184211 -0.2107609798771611 0.9246942778083169 0.3170493683163178 154.90647181018807 0.9775184102664477 0.19733023839670147 0.07428684004896136 120.80035826863691
0.0026085685024737873 0.3317321015495186 -0.9433700271748677 -737.2728524205778 -0.21071210172507512 0.9223749686195974 0.3237666249794754 155.2417424553122 0.9775446821281226 0.19793491371038127 0.0723060466177876 120.8802803350972
-0.0009952126602794824 0.3319831653190331 -0.9432847859986503 -738.3476236300136 -0.2076622576632909 0.9226535565294857 0.32494122755612015 155.5886097087146 0.9782000798885413 0.1962080339034219 0.06802213711584708 120.95939117634465
-0.005596227121475752 0.33333985729465365 -0.9427901260518099 -739.4220789279027 -0.2059711196083655 0.9222044537224409 0.3272840408907418 155.93757677260692 0.9785420686558569 0.19601909364465964 0.0634975180416065 121.03003055340218
-0.00986035748893829 0.33490092212464917 -0.942201754249191 -740.5203581354372 -0.2043067826989665 0.9216959589969541 0.32975035665164054 156.29657439417858 0.9788572479648859 0.1957496654626619 0.05933427827038558 121.09672235573603
-0.01322266110824624 0.3361955344724805 -0.9416993808185192 -741.6147617362391 -0.20231806669346222 0.9214025586336071 0.331790181941636 156.65693158122897 0.979230596500456 0.19490994726848823 0.055835036788365475 121.15997561301478
-0.017350122591536787 0.3356842483956542 -0.9418147687444204 -742.7238978163448 -0.20041521403226029 0.921671830558154 0.3321968975472022 157.023667495096 0.9795574078278743 0.19451766535362627 0.05128511124012453 121.21864240589404
-0.0218911218598335 0.33482823857524857 -0.9420248560607712 -743.8465722884994 -0.1982839253006449 0.9220787834126205 0.33234650915523606 157.39521007053563 0.9799001294780446 0.19406382412210968 0.046205718434149556 121.27029331991174
-0.025994589289813505 0.333704735479324 -0.9423191767370177 -744.9851905505022 -0.19608641738405955 0.9226233226420498 0.3321390092031196 157.77400818119193 0.9802420100389194 0.19340980853001633 0.04145175170295389 121.31624350448992
-0.02950381295359329 0.3342042953878021 -0.9420387539616111 -746.1148117008765 -0.19439285126315906 0.9225363889838372 0.3333737097889446 158.14917346658723 0.9804799561434091 0.19296139496024703 0.03774858482136853 121.35719558024886
-0.03273061361978016 0.33538141047821074 -0.9415136836168241 -747.226129676338 -0.1923749625376721 0.9222898501921309 0.3352212791891467 158.52007815040338 0.9807754996535674 0.19209565778075796 0.034331873544495 121.39648615231997
-0.03631206504154906 0.3357441592188336 -0.9412530443418812 -748.326970174243 -0.19054696272004934 0.9222681380211728 0.33632326203984925 158.8881606885175 0.981006263451251 0.1915655009165197 0.030485569176573368 121.429382974379
-0.04005872435094869 0.334226558089471 -0.9416410709346967 -749.429814775006 -0.18868274441802588 0.9229125231435156 0.33560586494242584 159.2598141992391 0.9812207297862491 0.1911153643549753 0.026092085873068646 121.45877030041599
-0.04373458695230926 0.3341100180178051 -0.9415188695741872 -750.5209618511423 -0.18592759002857193 0.9232342450159868 0.33625802606916344 159.62882301799135 0.9815896378682287 0.18976044026588507 0.021743002088453138 121.48776079494961
-0.047257347480093914 0.3333323715017465 -0.9416242739108682 -751.5923834925816 -0.18233366028499728 0.9239608167050473 0.3362303459249614 159.99236400660857 0.9821003917300019 0.187579154766097 0.017113774014371346 121.5145331875969
-0.050811669459280666 0.33318190222509125 -0.9414924292188614 -752.6552003887781 -0.17914079152198478 0.9243799531487026 0.3367941196483117 160.35490634092758 0.9825104330538379 0.18577277046562 0.012717181051227353 121.5376140013841
-0.05490423611203319 0.33348550770383434 -0.9411551099624718 -753.7257429996137 -0.1764927296096243 0.9244938363595055 0.3378778816795052 160.71805498980538 0.9827694751323429 0.18465796133608542 0.008099139664300647 121.55184645256062
-0.05918097571537509 0.3339311572486701 -0.9407377925500507 -754.8044807333948 -0.1733627257113777 0.9246312846675326 0.33911996807618344 161.08537303695965 0.9830783170466636 0.18315831849149428 0.0031706340170000228 121.55960721182947
-0.06235329289842434 0.3349661019392832 -0.9401647607820275 -755.8759512618499 -0.17038652573494578 0.9245964218280108 0.3407196627593065 161.45213573526246 0.9834025110364019 0.181436400136357 -0.0005779211546636873 121.56013187887324
-0.0649083181760878 0.33592646871396153 -0.9396490397211725 -756.9605631549047 -0.16961603010199167 0.9242184730989972 0.34212660860418403 161.82673101815334 0.9833703842215276 0.18158640257443773 -0.003010952686683471 121.55271529175428
-0.06723244822297383 0.3365669729738719 -0.9392563391370602 -758.0661713218125 -0.16872367485688475 0.9239931058914712 0.3431749725836994 162.21168227052644 0.9833677437503917 0.1815472747474808 -0.005335502134622413 121.54243262426621
-0.06963146667677364 0.3355912497158932 -0.9394306637333958 -759.1648389639134 -0.16770764623590606 0.9243751806343199 0.34264364990655044 162.59516001567297 0.9833746001613302 0.18140848530703638 -0.008084380999955407 121.53274074683651
-0.07235207976390683 0.33726737755411423 -0.9386244683533506 -760.2651472410607 -0.16591992904351024 0.9239074639209169 0.3447688722280741 162.97932876381435 0.9834814455291141 0.18068125013124584 -0.010887247171604404 121.51952069718232
-0.0748933510617216 0.3392037615238853 -0.9377269294068477 -761.3738434605532 -0.16414168633223097 0.9233476484293479 0.3471118363697886 163.3646699436822 0.9835895957027805 0.17991644813090385 -0.013475122159066558 121.50145015717094
-0.07772450032727324 0.33897654015762535 -0.9375786939087531 -762.4910395159847 -0.16233504268753818 0.9235701995383618 0.34736928540144046 163.7569800890315 0.9836697799386299 0.1792009814354702 -0.01675626115971589 121.48045280469383
-0.08169143504580016 0.3412965236422383 -0.9363990561666979 -763.605065003126 -0.1609106785144775 0.922696853169142 0.3503402213445882 164.14908948450227 0.9835823620725261 0.17929640292399987 -0.020458174853724982 121.4527985260061
-0.08561154859354372 0.3433964172150257 -0.9352804731155789 -764.7147265364212 -0.16074756566481396 0.9216679031766289 0.35311258316128313 164.54233002942047 0.9832755884696076 0.18057457433946625 -0.023705278354580115 121.4188647635486
-0.08966750303791232 0.3424891406876657 -0.9352330872087301 -765.836669381787 -0.16031848842346003 0.9218074132473795 0.35294344469304645 164.94550628440783 0.9829840899875055 0.18158271226413206 -0.02774882769123197 121.37963288791788
-0.094548026475511 0.34110509942895106 -0.935258243392248 -766.9821946846532 -0.1588951407076675 0.9222522053043646 0.35242474951502545 165.3609920626358 0.9827578567221319 0.1819290547295866 -0.03299718315434814 121.3351675151366
-0.09924382619470064 0.34270290040847706 -0.934187018221649 -768.1531434654946 -0.15857533660915885 0.9213769130665996 0.3548498931761957 165.78839124316843 0.9823464386770736 0.18335568199398827 -0.03709674243098087 121.28376789303601
-0.10405409778541681 0.3457183428608089 -0.9325511096683339 -769.3053107908743 -0.15927139005580151 0.9197477071510964 0.3587433337359672 166.20973508446727 0.9817358957702205 0.18585742546338194 -0.04064047682258263 121.22553463867727
-0.10883185578927253 0.3443156650646807 -0.9325247181477451 -770.3880039429105 -0.15800235032846993 0.9201793033622195 0.3581973017130383 166.60676922892293 0.9814228876769402 0.18632437429087506 -0.04574213690865927 121.1658123128154
-0.11376986561652061 0.343566711364554 -0.9322115277766875 -771.4563194379186 -0.1545396811204166 0.9207630620239985 0.3582078594494989 166.99907584186198 0.9814142370257323 0.18481693227173412 -0.05166039981325666 121.1059011592098
-0.11855954095366536 0.3445401699454449 -0.9312549095402514 -772.545626378107 -0.1518660232276501 0.9205435311714006 0.35991154219823085 167.40002618910285 0.981264666763191 0.18409692695004848 -0.05681527303175265 121.03952017496756
-0.1232232556762542 0.3463432841111657 -0.9299797625817663 -773.6462759506348 -0.15048452385539124 0.919763163332446 0.3624777668446848 167.80669056004658 0.9809028684536313 0.1846132523081246 -0.0612169072369318 120.96677577186816
-0.1278467000494102 0.3435209308002245 -0.9304023814396786 -774.7441213042991 -0.14714203254292194 0.9211494347907934 0.3603233839813076 168.2125446539791 0.9808182520455128 0.18296745308045337 -0.06721954751139954 120.89085311341809
-0.13150473379122304 0.3418426812248805 -0.9305106588768804 -775.8298333530306 -0.1443409895915896 0.922055973292514 0.35913571367843183 168.61500118799373 0.9807508265172258 0.18153887575001149 -0.07191281441579624 120.8111565995978
-0.13526647547163537 0.345765951331049 -0.9285197291999874 -776.8919205544271 -0.1446207757466899 0.9202060722803705 0.36373838917656265 169.00827515223983 0.9801978432112103 0.18348485343064974 -0.07446809199667281 120.72291366013275
-0.13851973996554434 0.3461707906044356 -0.9278890372087493 -777.923749507788 -0.14468983736910984 0.919794352661759 0.3647508735748793 169.39470224859812 0.979733194600438 0.1847813100501087 -0.0773222791579898 120.63338208871063
-0.14155346507837868 0.345590655780295 -0.927647408858372 -778.9713694254996 -0.1448296043263419 0.9197702469012721 0.3647561906614468 169.78832677023672 0.9792788174136008 0.18598330987622935 -0.0801449075893285 120.53933724846522
-0.14501957773338336 0.3433093833159799 -0.9279590451098769 -780.0831890249224 -0.14304972179011977 0.92074468548171 0.362995869470932 170.2053370517829 0.979033247223914 0.18538579094522747 -0.08441569371752462 120.43675083993949
-0.14900440790969496 0.3448822990147211 -0.9267437004100991 -781.2217998984218 -0.14227825126305382 0.9199765079503568 0.3652398171571604 170.63559500035066 0.9785471811011512 0.18627781576394578 -0.0880113044625742 120.32700453424596
-0.15257607854015082 0.3482950767840273 -0.9248843602014902 -782.3295884221887 -0.14134494419753935 0.9185305730747031 0.36921970840795265 171.05550751305128 0.9781319680938279 0.18706182351047737 -0.09091604466665829 120.2157113196564
-0.15625504468763182 0.3476779198615973 -0.9245022580017751 -783.4155864782658 -0.13926164539404756 0.9188943048811905 0.3691062862903557 171.46647451255734 0.9778499655529012 0.18642242487862223 -0.0951636714853136 120.10225457858024
-0.15976292403785705 0.34412934766085457 -0.9252301336323793 -784.4852844861122 -0.13906169206384575 0.9200767223634975 0.3662248909689038 171.87137207002908 0.9773114416107156 0.18717322736801167 -0.0991389381294127 119.98458499786835
-0.16236296292375788 0.34545793152478865 -0.9242819298337681 -785.5561649755389 -0.1395147831672187 0.9192635106086028 0.3680899663687571 172.27640898700324 0.9768182500078627 0.1887151705882718 -0.10105785888002995 119.864192574676
-0.16499268332201905 0.34684878315050405 -0.9232948261943291 -786.6422223084803 -0.14010846454022197 0.9183886631767869 0.37004308061702346 172.68724302787243 0.9762924933719314 0.19041582123176487 -0.10293095943519717 119.7397676297664
-0.16649912730027047 0.3461668270241217 -0.923280330385253 -787.7326043701642 -0.14013899838312943 0.9185380040044484 0.3696606502343715 173.10544773181303 0.9760323261759432 0.19093575638830493 -0.10442430364624529 119.61227154982576
-0.16710881590635523 0.3482283833180679 -0.9223945125043094 -788.8462548485745 -0.140087967004102 0.9176718137000941 0.3718249639831066 173.53634200252455 0.975935451321979 0.1913516014881059 -0.10456844390590556 119.4809519941216
-0.16845356115858245 0.3498558889050002 -0.921533642756186 -789.9580921079631 -0.14002877258958582 0.9169186242162373 0.37370065481941284 173.96731586010657 0.975712734661205 0.19199243100678023 -0.10546831683524623 119.34886344581828
-0.17125471048823054 0.3485185770732913 -0.9215240775858234 -791.0232635123126 -0.1401871179340642 0.917205161982189 0.3729373443335603 174.3847379188261 0.9752022334372161 0.19305308147769432 -0.10821788960718333 119.22072176283291
-0.1745529183228876 0.3496607701939536 -0.9204719574720006 -792.0401484124945 -0.14031478680006138 0.9164500124110299 0.3747414246611625 174.78462831966135 0.9745989120198207 0.19456803575919868 -0.11090644774128067 119.09513089031441
-0.17840587769855298 0.3522339036661383 -0.9187505754614386 -793.0536218523894 -0.14052088808663882 0.915038816741226 0.37809766445742615 175.18484093457315 0.9738712557694434 0.1965584924772492 -0.11375208227157318 118.96691381096235
-0.1821848078970252 0.35190713877335794 -0.9181340106171182 -794.0547718180985 -0.141563116301741 0.9146454272355896 0.37866030494358194 175.58180539239046 0.9730203388801618 0.19896006663994778 -0.11681743024122138 118.8375902938925
-0.18527633651829506 0.3505471644068126 -0.918035600972372 -795.0071290584474 -0.14222101867710799 0.9148090672476654 0.3780179259346084 175.96063106798618 0.9723404038570064 0.2006017348075475 -0.11963729777705623 118.71180597086155
-0.18829545656188695 0.3516478217833947 -0.9169997985131438 -795.9771754035146 -0.14137590909425363 0.9142716836902839 0.3796315855272161 176.34565108051297 0.9718835698610843 0.20112458287620058 -0.12243867361642428 118.5811345961545
-0.19146549711711075 0.3546830897238931 -0.9151725898854338 -796.9588400333213 -0.14060611242323248 0.9128937836549342 0.38321646743505783 176.7363855044728 0.97137576898074 0.20205159150100582 -0.12491705171427366 118.44682616742512
-0.19476289177208583 0.35436611287745495 -0.914599406315519 -797.893286196973 -0.13868618077232556 0.9131384655079293 0.38333312676132153 177.11296991199993 0.9709961685049852 0.20150136687860348 -0.12869980534053901 118.31791260291662
-0.19783824024066993 0.35461280307298304 -0.9138434168910989 -798.7930097842864 -0.13519835405935246 0.9134887565403607 0.383744311663364 177.47883104278313 0.9708663325907012 0.19946942515349558 -0.13277994076974078 118.19226413826468
-0.20164219162681365 0.35391071447325034 -0.913283982525135 -799.6813476235825 -0.13227791258722252 0.9140545494685651 0.3834147029488917 177.83824168000862 0.9704859506440593 0.19811987981232573 -0.1374973920685258 118.06094943085985
-0.20502636772206306 0.3550024880774521 -0.9121060365974551 -800.6012539622271 -0.1301537094009258 0.9137377335738185 0.384893967441115 178.2096822328095 0.9700640187471534 0.19762739613271837 -0.14113543789539051 117.91800058963953
-0.2072993656742732 0.35711845417841315 -0.9107652730952509 -801.5423533389336 -0.12632719337687764 0.9134218199622874 0.38691345160165325 178.59152433477524 0.9700868070459292 0.19526133386311204 -0.14423799185177297 117.768793143164
-0.21022394210100662 0.35784729547706423 -0.9098083354681169 -802.4869515119777 -0.12262725283600127 0.913603257899169 0.38767466259470923 178.97425366280712 0.9699321888819904 0.19306579260908488 -0.14817944761273924 117.61644111559418
-0.2129859707849161 0.3598582830161321 -0.9083716158013142 -803.4200438274515 -0.12014054283138928 0.9130025679842263 0.38986223313163965 179.35269039798266 0.9696407717381664 0.19216744521091084 -0.15122316880731052 117.45996363086813
-0.21558717576836803 0.3574457726670265 -0.9087104540208027 -804.31280227547 -0.11828095511091882 0.9141824248328883 0.3876597861330361 179.71926333229246 0.9692944781139882 0.19105761887224526 -0.15480697971538304 117.3054633938353
-0.2193652185507058 0.35874805921608044 -0.9072919766529951 -805.2522835864428 -0.1182330533912405 0.9133141064105357 0.3897156503366404 180.10877681053637 0.9684522941146797 0.19276195952578248 -0.1579334701188895 117.13704264081727
-0.22306150085554366 0.357973335600531 -0.906696563264196 -806.2480954320409 -0.11900033411745739 0.9131753840907256 0.3898071810147819 180.5204954829069 0.9675135592414231 0.19484816881301273 -0.16109532517800945 116.95654398952003
-0.22629923648191166 0.3566985718987195 -0.9063965933150456 -807.246492989084 -0.11929577426958601 0.91338212055192 0.38923209027198613 180.93115321362 0.9667249732003022 0.19621220823763963 -0.16414504418161405 116.77317654539014
-0.22887752434812333 0.3544727621693194 -0.9066223798960237 -808.2421429232867 -0.11822719979744095 0.9143282380612342 0.38733216018282945 181.33815195704304 0.9662491438942294 0.19583905117185257 -0.1673608614932924 116.58745749203521
-0.23269560128709826 0.3550177170969932 -0.9054364570133442 -809.2082394691787 -0.11736560923794213 0.9139378126126375 0.38851382014676933 181.7316229923015 0.9654419044716483 0.19667255839101222 -0.1710024381875595 116.40081613220609
-0.23709558144722184 0.3538433887087983 -0.9047544095086137 -810.1271119692595 -0.11602897317255148 0.9143292153735315 0.3879940248237694 182.108706503957 0.9645325098941602 0.19696939402225927 -0.17572733189739015 116.2189807806259
-0.24219964103737043 0.3552075561542021 -0.9028659512531916 -811.0479379641125 -0.11623254428766469 0.9132477811063201 0.390472132107787 182.48872361159724 0.9632389784107505 0.19951461689646102 -0.17990160676011774 116.03007454170485
-0.24734899315410394 0.35699287902177335 -0.9007633206971734 -811.9978545917857 -0.11517672402472547 0.9122263312801518 0.3931633792230516 182.8792217096878 0.9620565460660743 0.2009955343954178 -0.18452099426492305 115.83131798639651
-0.25208125049204894 0.3559077547697708 -0.8998803882989715 -812.9748724623037 -0.1148235773623496 0.912340752605031 0.393001141496816 183.28833005792416 0.9608697046072784 0.20239570457602543 -0.18911739617786474 115.62600455069406
-0.255907016404433 0.3573507673326721 -0.8982271583746141 -813.9601738832412 -0.11416374099372643 0.9114932307463565 0.39515405925523395 183.70450392909768 0.9599365808204725 0.20366766898631497 -0.19246101270745936 115.41480416602431
-0.259335681567835 0.35788480125303035 -0.8970303636431867 -814.9171342889273 -0.11272930631034551 0.911241529974577 0.39614514707160364 184.11211525801838 0.9591856482269404 0.20385618234841515 -0.19597333786460214 115.20640492564533
-0.2636152408321852 0.3590518690143121 -0.8953148944133124 -815.8699006407211 -0.1133412075016326 0.9101871427411454 0.3983881723530251 184.51792949552686 0.957946123476191 0.20649726522653547 -0.19924383044626387 114.98956595895868
-0.26686754541194346 0.35901634967007673 -0.8943651233558807 -816.8319541650669 -0.1140504607016966 0.9097350944270374 0.3992174224424107 184.9291141314396 0.9569609216783808 0.20854092796715412 -0.20183279154553085 114.76783749044608
-0.269132022183108 0.358118611772263 -0.8940464275069502 -817.7930935588839 -0.11177992677782282 0.9104092981352703 0.39832167633508364 185.34025392187507 0.9565945863348677 0.20713756243412462 -0.20498982321976864 114.54742955077492
-0.27325047566332533 0.3554101244532456 -0.8938779676140904 -818.75117100301 -0.10969467558519926 0.9116678606578692 0.3960161486502333 185.7550381565878 0.9556679631012149 0.2062652546592165 -0.21012707827013336 114.3245347565247
-0.2774786896509737 0.3587954713613958 -0.8912190451960362 -819.7114793487176 -0.10799038525621657 0.9101189761698476 0.40002690647975686 186.16882472155945 0.9546432074245296 0.20724202987353016 -0.21379215975359062 114.09433604620368
-0.28181884906089155 0.3585840451322414 -0.8899413569952771 -820.6747690272973 -0.10433873967006206 0.9105821671527936 0.3999419261185139 186.5879018718808 0.9537775231772125 0.20556653287906487 -0.2192050109874804 113.85974409861379
-0.2880383641487575 0.35932750601984664 -0.8876472521199325 -821.6654918724166 -0.10336728968295142 0.9098493361477772 0.40185742364058924 187.020973625803 0.9520236888870516 0.20750404557262359 -0.22492880400003115 113.6078350047186
-0.2936327850128935 0.3615660841320311 -0.8849009856311626 -822.6845266978653 -0.10136156669530744 0.9087121998735652 0.40492958720995 187.46376072377677 0.9505291265198798 0.2085955527003725 -0.23017878927255653 113.34158264262905
-0.2990042698354112 0.36110508202313935 -0.8832890616085183 -823.7022951647826 -0.09701082516458406 0.909336701060716 0.4045932079322426 187.90676364030062 0.9493078249024814 0.20666369744363752 -0.23686445435700973 113.0691503577209
-0.3051468700362298 0.3628868660406821 -0.8804535820599895 -824.7353109454206 -0.09496967827416812 0.9083446340188726 0.4072969261578385 188.35812115350026 0.9475579918483061 0.207901775616015 -0.24271527306725724 112.78336245314208
-0.30993169238184276 0.36281648088662305 -0.8788097332496811 -825.8030229744157 -0.09281357540436772 0.9083639242916258 0.40775068518173896 188.82678529882907 0.9462177266771037 0.20794033337129098 -0.24785647354759602 112.48460552228086
-0.31362659902206413 0.36105759706683316 -0.8782230741595098 -826.866493422764 -0.08857533638612641 0.909729993488046 0.4056423902063573 189.29533008603886 0.9454061382125355 0.20500914747533455 -0.25333472577105737 112.18461324771359
-0.3180872360422533 0.3617057996033516 -0.8763500583672612 -827.8923482332111 -0.08576292555034888 0.9095919405089726 0.4065553127954046 189.74577509130629 0.9441743646530798 0.20447840055717634 -0.2583086387202954 111.88552451883699
-0.3222416034191007 0.3628384530946248 -0.8743618278389038 -828.9210788548268 -0.08398885843238992 0.9090302789924222 0.4081786661918841 190.19876954737651 0.9429242921280122 0.20496879965218703 -0.262452987188237 111.57916402754219
-0.32645965083520523 0.3628394360183415 -0.8727953024887621 -829.9523037704122 -0.08077085380237255 0.9093002601269832 0.4082267826944222 190.65387394583726 0.9417537711910655 0.20376599471671467 -0.26754299438504164 111.26582663749764
-0.331471912873672 0.3610603763223284 -0.871643146950545 -830.9551722032661 -0.07760078108117675 0.9103101365371162 0.4065877200474341 191.09758351086958 0.9402683073205553 0.2024125983424823 -0.27372367504617334 110.95218552612806
-0.3360344161536812 0.36154141856799976 -0.8696945865187934 -831.9573046540453 -0.07710410438342205 0.9097307831211632 0.407976542621004 191.54169485327554 0.938688355231643 0.2041511814846857 -0.2778245252869519 110.63064031858926
-0.33946173634859866 0.36183924969422165 -0.8682384965756351 -832.9681915458023 -0.07603142810996825 0.9094735724821918 0.4087505876399939 191.9926677077727 0.9375419731909368 0.20476859704847677 -0.2812203231774751 110.30179011366339
-0.3427035931609529 0.3642560086262305 -0.8659513885976866 -833.9715400358352 -0.07440568301809973 0.908350631508586 0.41153726996781875 192.4434111656026 0.9364924140478578 0.20546700566670043 -0.2841923081527298 109.97250240926628
-0.3468856627350462 0.3637777685284582 -0.8644860161467768 -834.9757375759858 -0.0727109103905798 0.9085134565367199 0.41148076844717396 192.89745391197945 0.9350847343952542 0.20559434431947868 -0.288699679744888 109.63655396019814
-0.35098465623021635 0.36545667298856643 -0.8621201721680607 -836.0199454103912 -0.07092767563098047 0.9076724184614671 0.4136424127116318 193.37132813589258 0.9336910816327558 0.2063303199542877 -0.29265809940443493 109.28263408682388
-0.35491158390553335 0.36301854614731566 -0.8615423975421966 -837.0537324350549 -0.06886102952868942 0.9088806331431262 0.41133216906728937 193.84206194043608 0.9323604057562273 0.20531324811233845 -0.2975744342641768 108.92738811667758
-0.35848214111865756 0.3639319002254765 -0.8596767569832618 -838.0445264864077 -0.06714338660372408 0.9084453057414591 0.41257592284534933 194.29783260048785 0.9311188539248723 0.20562270904396687 -0.3012257980171228 108.58403368714613
-0.36256749857164267 0.3657148677739872 -0.8572032690491553 -839.0239935742903 -0.06737337146411528 0.9070957381660131 0.41549747366093115 194.75029725031504 0.9295190357367955 0.20839855395398055 -0.3042439891153606 108.23441642332944
-0.36693875408713 0.36388673264057936 -0.8561205502481236 -839.9849721871835 -0.06696708952342523 0.9075963727428843 0.41446861534345764 195.19355910263943 0.9278315362552343 0.20941649885365352 -0.30866384682714215 107.88501518530373
-0.37004315669916255 0.363932494848337 -0.85476382783409 -840.9846742093243 -0.065877894350975 0.9074802124528425 0.41489729698134636 195.65493596054546 0.9266758684761369 0.20983994662601357 -0.3118317360115691 107.519374494012
-0.3716254016227391 0.3650600577718815 -0.8535957562501878 -842.0316363019582 -0.06432859728644695 0.9071083080343844 0.4159523398974413 196.1395862415712 0.9261513874307471 0.20948907301954026 -0.31362068784682506 107.13729370027824
-0.373237515405689 0.3661678546462425 -0.8524170688797579 -843.0892109277236 -0.0633000206848372 0.9066219441525232 0.41716874015486866 196.6314723135073 0.9255738028245447 0.2096610421725187 -0.3152068890745315 106.74951556326936
-0.3752828052858738 0.3662804693959796 -0.8514701602498044 -844.1412122326257 -0.0639347236191308 0.9061942535388988 0.4180003899146808 197.1235798608043 0.924702745303869 0.21130686830327577 -0.3166610810240969 106.35847818727595
-0.3778881664120247 0.3649504336016095 -0.8508887792771491 -845.1854541937005 -0.0650022575788345 0.9063082959719247 0.41758828906247203 197.6150726796876 0.9235665867686068 0.21311136447046242 -0.3187605780803561 105.96601683376207
-0.38010251919602084 0.3676637982398886 -0.8487316456717394 -846.2347241794296 -0.06661837268276924 0.9043376541655223 0.42158676411801843 198.11089906451627 0.9225421764461178 0.21678731217997435 -0.31924785661902555 105.56832639855116
-0.3800317848533532 0.36902031968192267 -0.848174419658497 -847.2465127564088 -0.06913421877857064 0.9030748611568313 0.42388235978918554 198.59071929110345 0.9223862001868053 0.21972664564959007 -0.3176852198269946 105.18584953823135
-0.37672192135391924 0.3678312699335854 -0.8501651315070851 -848.2025075947951 -0.06752669280952033 0.9044348117675585 0.4212336845756661 199.0442666027961 0.9238618618222216 0.21609680266497708 -0.315881990857902 104.83250367867527
-0.373094167873736 0.3700445416028323 -0.8508041955282991 -849.1592037878805 -0.06461281018770135 0.9044294339204649 0.4217020083162488 199.49793143013673 0.9255408832991949 0.21230740987600105 -0.31352772932148926 104.48434469435735
-0.37084957578769334 0.36958820033416895 -0.8519830716110738 -850.1377178993935 -0.06462325545260984 0.9049066453557489 0.4206754069894193 199.96104083564916 0.9264418098255259 0.21106521590435995 -0.31170025287517694 104.12810196462061
-0.369846225927781 0.37095858098168794 -0.8518236321933264 -851.1188377366582 -0.0675570615613629 0.9036692306551269 0.4228687325877469 200.4247592289327 0.9266335913402731 0.21394310636994748 -0.3091577827527625 103.7682445882348
-0.36926306797008457 0.36933808780853533 -0.8527802551227704 -852.108817513056 -0.06962180365260555 0.9040610390394533 0.4216947262500023 200.89117367296512 0.9267133273507402 0.21508838784285417 -0.3081223690770944 103.4073855263347
-0.3692210131435826 0.36844824393602005 -0.853183295074213 -853.1051948810018 -0.06894470529129598 0.9046619312423017 0.420515656989425 201.35877076614096 0.926780702790862 0.21408568775472017 -0.30861763921244634 103.04911406465803
-0.3690852353125633 0.36751292951405673 -0.8536453219659016 -854.0780704762561 -0.06569878047925067 0.9058803644974112 0.4184070212861862 201.81300462794238 0.927070525536116 0.21051131052281477 -0.31020191621612536 102.70255492904522
-0.3698454550370858 0.3696295860509729 -0.8524014948979145 -855.0655671050598 -0.06260288020686015 0.9054558530307155 0.4197982582172384 202.2746021986985 0.926981779097204 0.20862326650737031 -0.3117388552836754 102.34831405657471
-0.37108069146452555 0.3716495901888414 -0.8509851364945675 -856.0754989927202 -0.05943008644613493 0.9050330295738844 0.42116894496784013 202.7489237241162 0.926696922001587 0.206861783548296 -0.3137531151399161 101.98284359977862
-0.3728221893386266 0.3714864172638698 -0.8502949234972588 -857.0873430507456 -0.0579209079962862 0.9052580713850041 0.42089546518012155 203.2295947335297 0.9260932909559598 0.20616902284474367 -0.31598346549400746 101.61040293781181
-0.3740767731163227 0.3728445423118145 -0.8491487002187393 -858.0746140191338 -0.05979113756272515 0.9040242009626431 0.42327917967083195 203.6987124696349 0.9254683072282031 0.20911047640457406 -0.31588165659628864 101.23812121441925
-0.37456123672355374 0.371836223627662 -0.8493772440691137 -859.0235682848775 -0.06231007410449754 0.9038994038527192 0.42318237484540083 204.14896602762627 0.9251061207284358 0.21143247270232138 -0.3153965359317793 100.88016519380744
-0.3741364868134116 0.3701670682025856 -0.8502930264639491 -859.9650268740387 -0.0628659566147231 0.9046501691402853 0.4214925182887254 204.59852075848906 0.9252403799736774 0.21115021452216276 -0.31519172922747996 100.52954412217373
-0.3741376521115543 0.3705591148826216 -0.8501217322536011 -860.940731867485 -0.06389844500948416 0.9042192223463623 0.422261277723535 205.06426010178853 0.9251691769605301 0.2123052997848797 -0.31462430561771126 100.1648418816455
-0.3745067775815572 0.3700373204714261 -0.850186482487111 -861.9345863948342 -0.06554626693949658 0.9040565653134626 0.4223569741390849 205.53749344812175 0.924904514226077 0.2139020995033748 -0.31432074604179744 99.79328667064729
-0.3746465561057632 0.36697169789374434 -0.8514527179726866 -862.9314899001226 -0.0671966354043669 0.9051753526805587 0.41969297479224177 206.01198659745097 0.9247294578353309 0.21445128548136136 -0.31446156516650164 99.42234946287745
-0.374774708775155 0.36643773168923627 -0.8516262715868662 -863.9312255084809 -0.06826152934080001 0.9051762980225408 0.41951904975848947 206.48754680613223 0.9245995248076619 0.21535844142418786 -0.3142235835082878 99.04974152045212
-0.37473492898653926 0.36852161988637544 -0.8507441146865355 -864.9140782040232 -0.0687685884225719 0.9040324589367292 0.4218959521436306 206.95389824548064 0.9245780736334935 0.21660362154205265 -0.3134298276983941 98.684149341853
-0.3745957249723165 0.3710758560694964 -0.8496945050279877 -865.8855632949645 -0.07132468990549196 0.9021725234934902 0.42543804068662705 207.41672822012094 0.9244408209519697 0.2199714683673278 -0.31148310012257446 98.31970706622852
-0.3752154684892714 0.3703746535697787 -0.8497269962755362 -866.8566600997609 -0.0740392226079734 0.9017993597416247 0.4257653206699736 207.88162807678546 0.9239759443416182 0.22266686049491513 -0.3109468178247729 97.95836185860463
-0.3760158670487826 0.36784609393765483 -0.8504712334361253 -867.8301220054433 -0.07528756734056351 0.902664797654226 0.42370749967377075 208.34994286813048 0.9235495925674452 0.22335065312343622 -0.31172204897607125 97.59917801149463
-0.37702462404212544 0.3667866084031804 -0.850482226011801 -868.8037464863171 -0.07662310736634505 0.9027463822134466 0.4232940689615939 208.81720519709737 0.9230283485805953 0.22475887812637396 -0.31225328568319716 97.23860354189614
-0.3776080871903645 0.3681204833589761 -0.8496466572758291 -869.7964855528968 -0.07735036708886929 0.9018319026353735 0.42510721012502567 209.29216623146908 0.9227291331694544 0.2262444013022565 -0.31206476520063964 96.87014408475764
-0.37820199023873174 0.36771274452974595 -0.8495590574467831 -870.7830063697456 -0.07696842618057191 0.9020566337578645 0.4246995300971256 209.7643174814017 0.9225178133514548 0.22601143113531313 -0.3128573429622798 96.50473815079282
-0.3786312886979151 0.3662578172778918 -0.8499962108749621 -871.7387576706298 -0.07544965497142014 0.9031004771977522 0.422749190005007 210.22093977447722 0.9224671792446879 0.22419799144512303 -0.3143080715608826 96.15208979530253
-0.37966989617242514 0.3645941798835678 -0.850248113161947 -872.698281434401 -0.07455118530266434 0.9040189231461371 0.42094169116834934 210.6771955763435 0.9221132743380225 0.22320589281810635 -0.31604784242402656 95.7941032612807
-0.3808842546829609 0.36746755984775226 -0.848466131907542 -873.7062727099433 -0.07585352637198647 0.9021236460261323 0.42475777781867097 211.15856260778952 0.9215060645874996 0.22614269773763834 -0.31573098230677554 95.41588422974327
-0.38113816343000656 0.36867534556407383 -0.8478279247290779 -874.7109332054555 -0.07611604797392457 0.9014218879615938 0.42619822517766354 211.6379097639825 0.9213794265220133 0.2269737197936515 -0.3155041725635307 95.04260874777795
-0.38143528710142466 0.3667953362587443 -0.8485094596129681 -875.6796737466424 -0.0741790504149446 0.9028018196419397 0.4236110750803655 212.10301377255323 0.9214144508490152 0.22452183802480713 -0.31715194153050585 94.68477881734542
-0.38207622548978776 0.3689999669666823 -0.8472642930597671 -876.6564448352195 -0.074075159468021 0.9016440781323395 0.4260878162053856 212.57370452122447 0.921157222555013 0.22555926216289945 -0.31716303471126994 94.31973285242722
-0.38226468346308656 0.3705337803295125 -0.8465095565979096 -877.6358489676787 -0.07386710325109622 0.9008986381475065 0.4276976675658443 213.04544736426243 0.9210957403191917 0.22602292233021232 -0.31701147573416105 93.95309173263871
-0.3821424009320541 0.36585266784570913 -0.8485982623362278 -878.5976270281149 -0.07351488535043552 0.9033476578797038 0.4225619133750337 213.50954848840544 0.9211746561004592 0.22386342808380155 -0.31831182592666735 93.59518843302027
-0.38336322167306486 0.3662419293807104 -0.8478794073640109 -879.5611085767637 -0.07578679903621022 0.9024483007994603 0.42407950372072395 213.97733613156248 0.9204830261119948 0.2268345510447254 -0.3182091844872523 93.2310973576099
-0.3832729055755352 0.3668990526558158 -0.8476361041224914 -880.5222732310956 -0.07681216294955961 0.9018770023496294 0.4251091204101136 214.4396975330995 0.9204356422231263 0.22804157031802788 -0.3174827093436566 92.86846994141708
-0.38269594609658675 0.36493498387408224 -0.8487439368773511 -881.4770045983148 -0.07616278712344737 0.9030899715019429 0.42264374268432264 214.89942612767146 0.9207296251879965 0.22638675075508247 -0.31781440556357304 92.51184667991771
-0.3838424228078339 0.36502782507059806 -0.8481861124642658 -882.4527426598102 -0.07679832428451759 0.90274602051693 0.42326308583189753 215.3681160444859 0.9201994413387262 0.22760560046948758 -0.3184786944127029 92.14241724192287
-0.38449262737689 0.36857625674603905 -0.8463551042298363 -883.4558807428726 -0.07804016711967375 0.9005737511952654 0.42764079666704513 215.85012064838847 0.9198234351269547 0.23047442726074074 -0.31750021507092246 91.76115683044502
-0.3850035406196198 0.36754073614548827 -0.8465731397723368 -884.4631503845643 -0.0778233052173891 0.9010860164319046 0.42659995798865963 216.33694460998248 0.9196280807344889 0.23012561409915785 -0.31831807184023586 91.3788335624302
-0.3864282571763275 0.3671188973619425 -0.8461069183356325 -885.4605706746844 -0.07843201675353403 0.9009656832904838 0.4267426112786117 216.8233993911238 0.9189785747250265 0.2312672755334472 -0.31936472326118787 90.99788946515372
-0.3874992741840395 0.36809405423602787 -0.8451929245698462 -886.4520905454896 -0.07882249111721146 0.9002375206587923 0.42820488237780596 217.3071163735419 0.9184940540912181 0.23254929291269544 -0.31982729552820166 90.61823761090244
-0.3886029468580646 0.3685532253115783 -0.8444858020154419 -887.4385145848578 -0.07931056760607104 0.8997384090503546 0.42916270707686444 217.78981937359853 0.917985611847611 0.2337505409447637 -0.32041083166584317 90.2408081303925
-0.3901845889461342 0.36739374296582483 -0.8442617036076554 -888.421208392751 -0.08056432024231142 0.8998016288385565 0.42879647741484295 218.2730795617933 0.9172051988801809 0.23532714753942433 -0.3214899015181121 89.86241033988618
-0.3911770372378506 0.3683754526191576 -0.8433742060588828 -889.412955948465 -0.08130102162794976 0.8989820327813163 0.43037361515156486 218.7614825223194 0.9167173334349419 0.2369194602475772 -0.32171182747285765 89.4797510507025
-0.3916553652375364 0.369786497052154 -0.8425342850463429 -890.4063540431455 -0.08225405498777394 0.8979492366775819 0.4323441207975651 219.25170777721752 0.9164280360828785 0.23863175595055558 -0.3212701973934592 89.0976939214727
-0.39218593547450664 0.37028159818527484 -0.8420699080606953 -891.3984940206312 -0.08383482547528402 0.8972099831358304 0.43357348650365474 219.74123493469892 0.9160578115236594 0.240636207181633 -0.32083064339261824 88.71656655413477
-0.39292039313679655 0.370117870708393 -0.8417994573765853 -892.3791058045891 -0.0847847139438293 0.8969444392573412 0.4339380430047591 220.2246127977515 0.9156555667600617 0.24187483264618354 -0.3210474239013458 88.33897334743835
-0.39324719435323163 0.36942347513317486 -0.8419518633234583 -893.3388858927211 -0.0850851642101352 0.8971782413117173 0.43339556775323823 220.6996242575962 0.915487388752378 0.24206920361198953 -0.32138036918581253 87.97011639001727
-0.39297453464059595 0.3681761327600288 -0.8426252728169741 -894.2933381042934 -0.08482011933264605 0.8979258583281526 0.43189663150116087 221.17249521954054 0.9156290528813535 0.24119595397004573 -0.32163325280212374 87.60557003972424
-0.39309553985225004 0.36846352038937713 -0.8424431913728891 -895.2701982478349 -0.08571222155236712 0.8975265134633218 0.4325500811546972 221.65829875301927 0.9154940259907915 0.24224118512887344 -0.3212318424479908 87.231688703271
-0.39381840663134626 0.36977194395422597 -0.8415318009812008 -896.2622587479759 -0.08647280743207053 0.8965521105324461 0.4344154309812627 222.14876545397885 0.9151117506475184 0.2438504102193182 -0.32110350552852035 86.85065641881904
-0.3944121766758796 0.36689685867109584 -0.8425115607438748 -897.2253419536635 -0.08567486738069131 0.8981608834740651 0.43123873260224627 222.62429070300402 0.9149310640638989 0.24226787342602715 -0.32281174934709655 86.48184648528424
-0.39425382666282366 0.3660343927095871 -0.8429607010504387 -898.2074578658909 -0.08546865146953768 0.898677622917622 0.4302018592278684 223.1061963167089 0.9150185953179868 0.2416554435986424 -0.32302262583516084 86.10685588103408
-0.3948040913177905 0.3669943969250932 -0.842285487292951 -899.179715366287 -0.08643002459617155 0.8978572656140844 0.4317200266750527 223.5785518821841 0.9146909753173701 0.24324358821886138 -0.3227583871309496 85.7342472029463
-0.3965764117541566 0.3671856122644772 -0.841369048507349 -900.1469102797639 -0.08784621413768923 0.8971371099515303 0.43292961161081905 224.0519736164143 0.9137889210872913 0.2456007575187365 -0.3235275499928062 85.3609215198447
-0.398145766355555 0.36668484457290756 -0.8408461057135803 -901.133202770254 -0.08923838593280599 0.8968009641209308 0.4333411372439501 224.53695606803146 0.9129712258386121 0.24756868847314253 -0.3243351434526183 84.97860573825896
-0.4003556915612862 0.3647760584953432 -0.840626996582366 -902.059246339581 -0.09101392571273668 0.8969899794006297 0.43257998356514094 224.9932661286118 0.9118288137369006 0.24969462149485708 -0.32591534243680076 84.61675545291834
-0.4029110869375169 0.36529588156281095 -0.8391791077809794 -902.9619035012371 -0.0935753882094046 0.8956494334468992 0.4348054037011399 225.43956445832757 0.9104429156977886 0.2537144285993559 -0.3266843828165225 84.25851605712086
-0.4045092437999601 0.36469471403166254 -0.8386715908135625 -903.8563384764591 -0.09479237975813577 0.8953888104769251 0.4350784789121497 225.87930439138938 0.9096079795275416 0.25549294242714643 -0.3276227708046906 83.90402617223646
-0.40610036330183275 0.3616957892380663 -0.8392011981483194 -904.7258020242814 -0.09542705254264844 0.896529848915349 0.4325828332780292 226.30835274343366 0.9088323126788268 0.25575454258189384 -0.3295655342713828 83.55726832847941
-0.4075597834987263 0.36140705437147624 -0.8386178891038559 -905.6037407336117 -0.09500302764823651 0.8965862175917179 0.4325593360017196 226.74074732595867 0.9082232366616384 0.25596502783604985 -0.33107772035089933 83.20557728287551
-0.4094315069936619 0.36098604906693194 -0.8378871722731818 -906.4545930243064 -0.09305207385630561 0.897080614225433 0.4319579645428059 227.1561639350882 0.9075831381377368 0.2548243394182878 -0.3337025672782447 82.86372598440501
-0.4134016113649245 0.36054924313555553 -0.8361240045563008 -907.2440703909351 -0.09189257383233168 0.8970556287128092 0.43225797143504413 227.5404521911039 0.9059000290293382 0.2555297287382523 -0.3377124444488234 82.53980691874496
-0.4176665737461491 0.3589507220539878 -0.8346909681505343 -908.0359689722927 -0.09124112205281593 0.8974426406152617 0.4315921274213103 227.92619568326282 0.9040075723254192 0.2564197456172729 -0.3420807261975967 82.20885853879217
-0.4221816634745603 0.35947637064894805 -0.832189510851294 -908.8811038934031 -0.09112529290781374 0.8965343007572655 0.4335002059493735 228.341498448405 0.9019195219188463 0.25884935099540224 -0.345742952886879 81.84918614612845
-0.4289872211420428 0.3580840398910535 -0.8293043979577903 -909.6798006176388 -0.08942438800662753 0.8967276215359874 0.43345455540812367 228.73662906419824 0.8988733186197431 0.26010650347446757 -0.35266324436183655 81.5003089020252
-0.4390400333387082 0.35635671914769773 -0.8247749619406723 -910.3823369342721 -0.08475508786386386 0.8974595051437003 0.43287759437099116 229.08383844242135 0.8944609685207828 0.2599544678314133 -0.3638176060161875 81.18521442693462
-0.4533082619653857 0.3563350506640614 -0.8170293454351347 -911.0566623005997 -0.07750110405554567 0.8973883661653884 0.43438197377560395 229.41829624031237 0.8879781520420955 0.2602296138783124 -0.37917720073423383 80.86741641172118
-0.4729224270730926 0.3570662500744291 -0.8055110620153415 -911.700007655669 -0.06792704281058319 0.8967107407517871 0.43737371237351885 229.74250318462848 0.8784818124618784 0.2615598219875646 -0.39982016544382376 80.54309014729812
-0.49995042860819094 0.35693673637406625 -0.7890790424039401 -912.229385819681 -0.05568692349942566 0.8959855018363655 0.4405779693200838 230.0180161142379 0.8642618442842758 0.2642085288662474 -0.42807162693721656 80.24284342040566
-0.5321597524749665 0.3575083629110952 -0.7674592942263542 -912.6630010218244 -0.03953376108961477 0.8949906415634393 0.4443296447998668 230.25167428624036 0.8457204500187366 0.26679490617793283 -0.46214434807494265 79.96611760311522
-0.5676914179876655 0.35684930344576987 -0.7418793895057506 -913.0408504221668 -0.02039689165579691 0.8947951667478756 0.4460107357176805 230.4669489029568 0.8229887124097987 0.2683285005267064 -0.5006889204397789 79.6907339068395
-0.6038448345033132 0.35684860770235016 -0.7127625740908141 -913.3717224891033 -0.00042840869967339265 0.8940471375840606 0.44797269140399315 230.66886777126962 0.7971017703591277 0.27081134939038704 -0.5397128687845997 79.40656388808392
-0.6388105303756579 0.35544725335600447 -0.6823330245289654 -913.668074883532 0.017792165157116763 0.8934671837152164 0.4487759245804359 230.85778383959578 0.7691583355461967 0.2745426045364771 -0.5770804217387141 79.10933440446402
-0.6747599363289231 0.3544877523201925 -0.6473310295207299 -913.9585915798993 0.039780704388719494 0.8932919066542402 0.4477131504259987 231.04772979385862 0.7369643979757288 0.2763476125480558 -0.6168593625416263 78.80714529047512
-0.7088163094218918 0.35326196568138324 -0.610561563726752 -914.2222054098644 0.06039432321885033 0.892776171753276 0.4464339064996134 231.23712608476578 0.7028029348405351 0.2795651815811307 -0.6541493285382477 78.47207255325749
-0.7370953060739575 0.3514606830614604 -0.5772052477461661 -914.5350665810919 0.07990356283931954 0.8934551018218764 0.4419880107808884 231.46605834012743 0.6710483815711988 0.27966653230308475 -0.6866445225152842 78.07149233108686
-0.7603599396197193 0.3476759806141774 -0.5486111325205398 -914.8871783180141 0.09538835341662408 0.8952816299572949 0.43516877770984186 231.73575421833223 0.6424592004586482 0.27855379294667576 -0.7139005254102669 77.59053303488969
-0.7817586240828149 0.3445092945521151 -0.5197757205173694 -915.2072267443548 0.10786757129080903 0.8956780208058781 0.43142261195849535 231.99428005405483 0.6141807883155985 0.28120140293474555 -0.7373653980568665 77.08743204858958
-0.8017103118431153 0.34249212305327736 -0.48985683779128375 -915.5138684990453 0.12104894020005581 0.8956039993438775 0.42806615193880787 232.25335223700674 0.5853270282165878 0.2838883970959555 -0.7594732701243851 76.5683952670581
-0.8196763557201738 0.3380695638994595 -0.4624279855697824 -915.7898947337679 0.13171124795473027 0.8968746322928133 0.4222180018803577 232.50416142978514 0.5574789852859986 0.28517514603215405 -0.779674494292351 76.04920746593372
-0.8341342979932079 0.33113235502317084 -0.4411024102951485 -916.046662108381 0.1382456134273701 0.8997225667390117 0.4139896777320151 232.7480072725954 0.5339551697282015 0.2843425159158815 -0.7962670471413185 75.53093337483539
-0.8423099284956216 0.3280482057315019 -0.42766617714526556 -916.3181296884995 0.1427990275008205 0.9009212324596896 0.40981626449927167 233.0029585186799 0.5197330296436093 0.2841219942553837 -0.8056998636451537 74.98814247991442
-0.8460464801048255 0.3286096478777449 -0.41978691359295855 -916.5838243705067 0.14644340633066655 0.9003954395233918 0.4096857103045606 233.2448840205821 0.5126008995744257 0.28513812759282575 -0.8098991084995385 74.45977400329711
-0.8466158929459239 0.32947218857758526 -0.4179588577423315 -916.8310593329808 0.1474015627165545 0.8997742113274588 0.41070567069224917 233.46511210230275 0.5113846977766324 0.28610215934862443 -0.810327862840688 73.97253673000246
-0.8459574652167298 0.33053652140853595 -0.41845140107213413 -917.0695138744813 0.14753873731136538 0.8991664798187512 0.41198539120086053 233.6771441575616 0.5124336913559229 0.28678432590624553 -0.8094235370792248 73.51242082375427
-0.8438377560680512 0.3315499249151195 -0.42191526249096123 -917.2988903305973 0.14621404836247504 0.8985938586642035 0.4137034314970521 233.87937053660525 0.5162938054010484 0.2874086367174026 -0.806744682067845 73.08366065932697
-0.8402968080841623 0.33465813602050243 -0.42650346577589926 -917.532493572104 0.1465416469947904 0.8976508947593168 0.41563014427956874 234.08222999715656 0.5219452270302191 0.28675216325789205 -0.8033345360727947 72.66517403690398
-0.8372903435848411 0.3364803254526732 -0.43095924531542895 -917.76340767719 0.14625088931873342 0.8973162859803118 0.41645427154488607 234.2819797090319 0.5268354182408985 0.2856649672216778 -0.8005248082284367 72.25735505417512
-0.8347913363739081 0.33673144095796614 -0.43558622726784935 -917.9910882660109 0.1442360011707782 0.8972848310066541 0.4172240501356866 234.4798442671849 0.5313373699273674 0.2854678067939209 -0.79761439969633 71.85529483092077
-0.8317355548498869 0.33832352404367766 -0.4401740109061643 -918.2219177994214 0.1433523739605866 0.8968513795179386 0.4184587195132123 234.67860893537207 0.536345097561653 0.28494700583694005 -0.7944426600996096 71.45772783437249
-0.8289408656071262 0.33990240110868497 -0.44421098483385263 -918.4415837488493 0.14215973896838122 0.8961257002000617 0.4204156729445198 234.86369371203855 0.5409691765183616 0.28535081419456165 -0.7911556502329656 71.08562507344026
-0.8272039504562528 0.3396309514716487 -0.44764320742309294 -918.6344637753277 0.1390744426139047 0.8956206556696106 0.422518568289692 235.024221376616 0.5444188863009854 0.287253299268083 -0.7880949297504687 70.7566492156821
-0.8252167707493089 0.3403089904729308 -0.4507849512543421 -918.819987575611 0.13771922824712543 0.895253874332733 0.42373802598215105 235.17603970135906 0.5477688339483207 0.28759396985250835 -0.7856456027111537 70.44952795148384
-0.8231718228458983 0.34110669601701465 -0.45391009242461133 -918.9919541885494 0.1367502744797548 0.8950022601308254 0.4245825205898482 235.3162980241711 0.5510784994011985 0.28743203769425196 -0.7833870762302972 70.16976421759998
-0.8220960629618272 0.3397907785481768 -0.45683726870329805 -919.1406389270284 0.13460964989643456 0.8956360763136152 0.4239295471659343 235.4378111106705 0.5532072897363398 0.28701610689850743 -0.7820380099224066 69.92486624334103
-0.8217947914913852 0.33800983657673944 -0.4586967092262585 -919.2865337739411 0.1333490924209064 0.8967735008353563 0.4219186032281846 235.5578874762683 0.5539596918803346 0.2855637206944614 -0.7820370970708364 69.68161686630262
-0.8218515532254365 0.3384424365020517 -0.4582758357534188 -919.4296361049007 0.13586838056030873 0.8976420329682646 0.4192595423034789 235.67687184237556 0.5532628738898542 0.28230391039295766 -0.7837121247958235 69.44588166998126
-0.8252094055479913 0.3389978491797041 -0.4517852313286344 -919.5742633611248 0.13920153781708405 0.8972538008517623 0.41899707484232807 235.80380398195246 0.547405123162447 0.28287112809298876 -0.7876112975490551 69.18524501508814
-0.8314647699528115 0.3363901063190294 -0.4421629028966502 -919.7142845847577 0.1427278470720109 0.8984832535396653 0.41515852969554723 235.93087319302816 0.536931185532663 0.28208073220170315 -0.7950694073620493 68.90753030865538
-0.8387089970142988 0.33479529377392475 -0.4295105698281505 -919.8459475930034 0.1491240507549391 0.8997481070440798 0.4101406604532596 236.05500770415796 0.5237644850633836 0.2799383059486965 -0.8045528628057096 68.63388350402944
-0.847251209660813 0.3339049301154185 -0.413125750072431 -919.9640434392717 0.15609617632784098 0.8998980073811351 0.407207023573136 236.1722822319049 0.5077394720367138 0.280519293375838 -0.8145609581730517 68.36814353339975
-0.8565832038535541 0.33241974138747704 -0.3946673667936908 -920.0779374249427 0.1645881809954959 0.9009070273180989 0.40159339985296383 236.29054457637403 0.4890561783196064 0.2790405770936345 -0.8264141883962745 68.0942693683507
-0.8664613453875742 0.3318033457203015 -0.37302986035701097 -920.1962033995624 0.17497124879710318 0.9016203223264213 0.3955576525139978 236.41915098974198 0.4675786554618818 0.2774659152703509 -0.8392752032674655 67.79464724666303
-0.8771799315349649 0.3304588113438013 -0.34835663007549983 -920.3095611004944 0.18261461346405355 0.9005781815693177 0.39447540079284776 236.55447447143393 0.44408025250138394 0.2824108937108173 -0.8503157157501943 67.46095424258786
-0.8869150790690074 0.331583609688995 -0.32161149280713675 -920.4372686238336 0.19284314079941564 0.8984380080740169 0.39448785620676835 236.70664539844688 0.4197536963108692 0.2878566577892692 -0.8607818416995997 67.07746961137501
-0.8970476281743788 0.3308258308337544 -0.29301846774542983 -920.565845104485 0.20386841703222874 0.8980500754743489 0.3897996029722093 236.87278396203783 0.39210103458611084 0.28993159812906205 -0.8730386286315344 66.64501649829913
-0.9066482483426911 0.329301720888264 -0.26372207036416145 -920.6867810129016 0.21379100192991773 0.897510917510069 0.38570398033211767 237.04860389183148 0.36370642181701385 0.2933164324927291 -0.884128446074892 66.17486175533152
-0.9139044822705659 0.3308947788467901 -0.2351323938076266 -920.8007823560267 0.2275286905334915 0.8972658422239121 0.378344688561014 237.22210199984391 0.33616854741318 0.29227154105411457 -0.8953033307320856 65.70922968599704
-0.921033479654773 0.3320406306543401 -0.20358376396385575 -920.8974391652339 0.2407760675942092 0.8962599191174594 0.3724849562833865 237.4040785521784 0.3061441076174642 0.29405301729149574 -0.9054328293103108 65.209743911192
-0.9279927995390452 0.3313588432238592 -0.17038392242530803 -920.977606646415 0.25235971992117157 0.8953911096798988 0.36686418804171905 237.5928924347574 0.2741239423417757 0.2974492859691293 -0.9145381274235966 64.67109080820268
-0.9330343741691063 0.33353509475621573 -0.13491181262153545 -921.0490996399169 0.2673358918257577 0.8936475146748605 0.36045199466388617 237.78494670304738 0.24078699624480285 0.30024733151421445 -0.9229697515942759 64.1190595692123
-0.9374250744122251 0.33435282061554755 -0.09717212156613432 -921.0967350444439 0.2821496520922615 0.8929806018111935 0.35068107820801614 237.97200304605724 0.20402402723074978 0.30132015554115427 -0.9314399391142735 63.55875039546073
-0.940971407173553 0.33310813250315663 -0.060098110969356106 -921.116326690158 0.2944569881806673 0.893132698741786 0.3400133299589688 238.14827158846566 0.16693679340815717 0.30224651279786946 -0.9384983497631363 63.00752790662912
-0.9426776010233474 0.332489969458173 -0.02844926604627833 -921.1205995798214 0.3050754073885195 0.8932135978483775 0.33030056679559006 238.3175460485971 0.13523289664722607 0.3026877744945431 -0.9434469645061887 62.474810163825126
-0.9431795710560472 0.33227685200163176 -0.002095320123159314 -921.1160276620417 0.3138504294034552 0.892911155374975 0.32281198331257216 238.51041485458092 0.10913388431555657 0.30381205083210955 -0.9464607931992677 61.859782295333
-0.943607092996374 0.3305519200648259 0.018468410554004618 -921.0979375635178 0.31912615004656636 0.8933085370479669 0.31647805294155873 238.7355209765726 0.088114439244612 0.3045246882909128 -0.9484200334334628 61.12857745730412
-0.9439951759250258 0.32832699672380306 0.032779430327713285 -921.0705393806486 0.3215920193014415 0.8932752788635377 0.3140666319316532 238.9613479258677 0.07383549926630503 0.30701898865313865 -0.9488348958878463 60.38608696850121
-0.9450384598851547 0.32474298773249266 0.03800396369421271 -921.040662640923 0.3198943628147494 0.8943188251547449 0.31282812471576865 239.18147097241058 0.06760107970472096 0.3077918629405433 -0.9490491363097837 59.65449667482814
-0.944867841908318 0.3253330803748935 0.03719069966137454 -921.0167974414503 0.3202639302378932 0.8944804614941438 0.31198672887448825 239.41986224235288 0.06823324934442893 0.30669706685751935 -0.9493582742383909 58.88548288529546
-0.9450556065612867 0.32488893062094887 0.03629164183467664 -920.992617264687 0.3194768045117881 0.894321250879254 0.31324762026982034 239.66445210616394 0.06931429784697045 0.30763075754180075 -0.9489777895863738 58.094480054676616
-0.9453877383489064 0.3241136389067093 0.03453075808887741 -920.9673788166983 0.31830436046686916 0.8952150554920176 0.311885136754228 239.92467741672294 0.07017377207561501 0.3058436749306326 -0.9494921211982782 57.26498957257922
-0.9458339741639792 0.32284405112893305 0.03420251405721141 -920.9411503833591 0.31686410346442084 0.8950759793557455 0.31374532843700476 240.19531839158606 0.07067696408919444 0.30758853982392 -0.9488909615525506 56.40138446425974
-0.9456409103777766 0.3233337021066974 0.03490824690340375 -920.9166029595576 0.31742547682505545 0.8943160515690881 0.3153408736086464 240.45438053671876 0.07074132655159422 0.3092799977170408 -0.9483361997360791 55.566393411948425
-0.9453650565308195 0.32399853364422 0.03619198926389047 -920.8903031828212 0.31857387256205244 0.894500289159259 0.313655735504424 240.72012548674343 0.06925025351073519 0.3080489943018747 -0.9488467839953418 54.700989374129776
-0.945047920163091 0.3246369153202998 0.03866913247976866 -920.8616096117705 0.31992228304936493 0.8939328906403936 0.31390081210438764 240.99708201536723 0.06733618198191084 0.30902242676322017 -0.9486680021764566 53.80026598405464
-0.9449108421361228 0.32463067782188737 0.041933559716610225 -920.8298422814003 0.32067198810958353 0.892366515194965 0.3175712181553033 241.26888833909445 0.06567325525244846 0.3135234051481568 -0.9473067602254572 52.922391950228345
-0.9446995328536691 0.32516699175884956 0.042534927959978236 -920.7981102226819 0.32132338810590677 0.8919098869251647 0.3181949620300145 241.53294689238012 0.06552917580896828 0.31426609915108406 -0.9470706130179306 52.07441974579843
-0.9445504303540504 0.3258197784260504 0.04081613044347043 -920.7664484866391 0.32163626816254137 0.8929788680766331 0.3148632277212606 241.7964181896419 0.06614072512797506 0.3105321451234529 -0.9482590317653572 51.24146180916626
-0.9444031236597477 0.3259852515996312 0.0428527217483029 -920.7314789536224 0.32208769762638073 0.8910790686925001 0.3197461624098799 242.06522681266856 0.06604736981478598 0.3157716090430399 -0.9465336950488972 50.3920760760665
-0.9436730213309266 0.32819193126483626 0.04208663760409614 -920.7000585851399 0.32396097032360754 0.8905617962007181 0.31929449862899106 242.33572131086265 0.06730912656653497 0.3149440321714419 -0.9467205174075631 49.54248870469427
-0.9435975298802471 0.32866204763455276 0.040061952630392306 -920.6689432747886 0.3239446318223976 0.891426969759186 0.3168877294869713 242.6057278238806 0.0684366650075069 0.31199233328820236 -0.9476165927483718 48.69162170880995
-0.9442489863735508 0.3267992414126425 0.03995131467979593 -920.6357301842562 0.32200730772477176 0.8914208966478004 0.318873139024718 242.8807642133105 0.06859406318602515 0.31396025358594604 -0.9469550219856697 47.80645953279032
-0.9444501485387428 0.3261830343361966 0.04023114510400246 -920.6000094641499 0.32136813204338277 0.8909319405764305 0.32087817153502945 243.16597528397122 0.06882180346442698 0.31598244472113574 -0.9462656360641859 46.9011207623636
-0.9456103917559862 0.32293230391835365 0.039188188132082996 -920.5641898962875 0.31770285089526334 0.8909112703261569 0.32456433405236756 243.44710266235566 0.0698991096947241 0.31936160616426024 -0.9450514689539766 46.008946220565804
-0.9463633011263332 0.3210953204175764 0.03597634621809726 -920.5327321378193 0.315007591197911 0.8921397676353308 0.32381607818523966 243.7224588496478 0.07187989822587235 0.3177804748714286 -0.9454357989951131 45.13831664554185
-0.9468586355722315 0.3198188015189301 0.03427329043568092 -920.5021784168222 0.3131178123448697 0.8921147581125652 0.32571228707269173 244.00210901796623 0.07359320508483017 0.31913506944983805 -0.94484752611868 44.259685489148126
-0.947841157703509 0.31732832215446827 0.02999792862687285 -920.4751130057585 0.3094423797892493 0.8935306948573839 0.32534337389602414 244.2849107349638 0.07643659695224862 0.3176564705878181 -0.9451199994392515 43.37470571141139
-0.9480402890366827 0.31698084649840313 0.027253500993451436 -920.454264314996 0.30821093077938205 0.893801915668306 0.3257670297862798 244.572029042847 0.07890267746631185 0.31724009598539216 -0.9450571882102305 42.49007499129792
-0.9476938426875496 0.31804374929505974 0.02691754198377302 -920.4374389322688 0.3088830064252733 0.8926022188898346 0.32840914599723026 244.861662416486 0.08042181839397301 0.31954569683737527 -0.9441519362681644 41.594228271231366
-0.9474848697588171 0.3187843505041822 0.025474682564171788 -920.4175474017806 0.3091434038269641 0.8926070465059915 0.32815090491743437 245.16757247100162 0.08187049192718221 0.31879334748623 -0.9442817504061625 40.65941806565462
-0.9475659636058175 0.3185324204103639 0.025609407710740145 -920.3969822730254 0.30856548323871785 0.8911806830277034 0.3325422270207714 245.477559059053 0.083102871005988 0.32300787505228085 -0.9427405928911586 39.708982073803746
-0.9481577950923649 0.31696207097385226 0.02306168184570743 -920.3762507681829 0.3063853603589106 0.8924184783719618 0.33123597391891896 245.7793435535594 0.08440856925293826 0.32112973238901116 -0.9432660750882728 38.77369683070736
-0.9488030337409659 0.31521928963867163 0.02023864134846798 -920.3543889010574 0.3042050413703478 0.8946408402593345 0.32722631273315844 246.08358252813983 0.08504173074912863 0.31663001496977833 -0.9447292403918869 37.839250512051755
-0.9494008724156506 0.3134057090199892 0.020367744354255025 -920.3335828671544 0.3023481887277392 0.8945023584266978 0.3293191514961326 246.37009631542952 0.08499150680779484 0.31881404034758604 -0.9439989679272902 36.94493863735552
-0.949342666740928 0.31352279005594613 0.02125937959488519 -920.3138364804313 0.30253817719365644 0.8935965217279228 0.3315960007239225 246.66598513480122 0.08496559565827606 0.32123000555877707 -0.9431819183397989 36.02809547393744
-0.9494674724079618 0.3130593014875973 0.022480938399785363 -920.292500920375 0.3022289417805001 0.8925954390973401 0.3345609792741342 246.97764500786417 0.08467104339429164 0.3244491575805417 -0.942105916845765 35.076395134658505
-0.9496678652265492 0.31243857800341546 0.02265128542165737 -920.2727931741006 0.3017040320557022 0.8927875294182772 0.33452220308455255 247.24745727697407 0.08429485629255899 0.3245189706171451 -0.9421156059169202 34.230312771092564
-0.9497312394993934 0.312329873377174 0.02146212746083811 -920.2532131817268 0.30173116387440313 0.8949105070936338 0.3287757427798093 247.50303242992837 0.0834798027426187 0.3187243864055788 -0.9441641213499066 33.43861985043308
-0.9487360962012976 0.31527372401180387 0.02241202160564303 -920.238234870325 0.3049380773446155 0.8943672275379907 0.32729196643269354 247.78247050182205 0.08314197946942244 0.31734798132922787 -0.9446574352622069 32.57794256178701
-0.9488117058520753 0.31491370526722384 0.024201344444959146 -920.2180740048965 0.30503795314493437 0.8937905067380958 0.3287710102883293 248.09322623306804 0.08190356511914447 0.31932411167922314 -0.9440995274445642 31.616389990617808
-0.9495510129522476 0.3124901465617363 0.02651003778166935 -920.1942401355258 0.303056211035658 0.892556903867653 0.33391481894474495 248.43327456894778 0.08068337346735906 0.3251031861732712 -0.9422303919880287 30.562792261801743
-0.9505981338758551 0.3091679921491137 0.02789875449240761 -920.1668472238869 0.3001798742551069 0.8926095937288954 0.3363631315636811 248.7688252817832 0.07909001810552269 0.3281208097844765 -0.9413190230853978 29.526767213029714
-0.951995691771462 0.30497140695076774 0.026394010514606697 -920.1384358682259 0.2959942964986477 0.8951193282953304 0.33338980871104773 249.0907972805909 0.07804857006280229 0.32519813814747567 -0.9424195412111144 28.53189549502287
-0.9527312302715347 0.3028223959601019 0.024531599423429706 -920.1139562124621 0.2935453348356074 0.8967068777262449 0.3312822238435106 249.42341714060274 0.07832202283866944 0.32282405725631885 -0.9432127484269008 27.526510587536087
-0.9524230270087698 0.3037777457820618 0.02468721918365206 -920.0943430819668 0.294075788327576 0.8946778533466524 0.3362602704015776 249.77328473339225 0.08006127867433105 0.32752193804170343 -0.9414454693493607 26.477846541747947
-0.9519308877309004 0.30539247020714705 0.023728129396077366 -920.0760921053437 0.29517816317594725 0.8938749693592729 0.3374276087356134 250.12421872220654 0.08183787001098954 0.32821178877934004 -0.941052381506115 25.437449027390905
