0.9999973164313575 -0.000465815942849672 -0.0022693932208335994 -0.0022404054416999817 0.00046363949903837606 0.9999994322239738 -0.0009594738895854133 -0.024543978043675422 0.0022698388705610518 0.0009584191344353416 0.9999969646275254 0.7901182901954651
0.9999878642020228 -0.0005905584796366767 -0.004891082636673259 -0.007145765534319372 0.0005803081611854297 0.9999976331870494 -0.0020968697473027643 -0.04955104941365057 0.004892309384605497 0.002094005964944033 0.999985840123701 1.6099403247642268
0.9999709103751823 -0.0005734225613318844 -0.00760589179488257 -0.014763344808932079 0.0005573093358946725 0.9999975965054916 -0.002120469180165658 -0.07568123253291502 0.007607089439031928 0.0021161686620076764 0.9999688265243375 2.473509033271899
0.999950679939289 -0.0003612765229107282 -0.009925077744166 -0.025344450076325638 0.0003318849702399804 0.9999955557362323 -0.0029628297538277087 -0.10451055067178136 0.009926104035334032 0.0029593896427526213 0.9999463557969608 3.316829596157774
0.9999200013348644 0.0012647358131382853 -0.012585363475398788 -0.04140295549419927 -0.0013472789411532213 0.9999776255559735 -0.006552345144415834 -0.1313752260577796 0.012576794899323972 0.006568776960727936 0.9998993326326908 4.135044709292543
0.9998899824867123 0.004102862383285142 -0.014254453443958119 -0.06113252763461081 -0.004145077006984059 0.9999871071867347 -0.00293322295640225 -0.15543884476219808 0.014242235053822055 0.0029919860577243434 0.9998940977724102 4.9979080207963476
0.9998750040310813 0.006057243342560162 -0.014604318434420427 -0.08034853049166898 -0.0059773059984990955 0.9999669498407989 0.005510992568430153 -0.1793933700810832 0.014637217182417166 -0.005423009236392309 0.999878163999983 5.938676777331884
0.9998251385897752 0.006904339730779154 -0.01737878985483408 -0.10340930321130935 -0.006861786027501155 0.9999733149652862 0.00250704005733252 -0.20209017888600955 0.017395635557498016 -0.002387352135371827 0.9998458343231382 6.901398984103366
0.9997866220766574 0.007499019325056334 -0.019247727806397243 -0.12408089879910511 -0.0074908103545104415 0.9999718192054043 0.0004985531734830843 -0.2173152541893786 0.019250924050016018 -0.00035426571448929264 0.9998146210268302 7.862179552764259
0.9997738051484442 0.00888622530572578 -0.01932287604928436 -0.14495578811988008 -0.008711435810691674 0.9999205456154486 0.00911116579915168 -0.23391511571180137 0.01940230463414919 -0.008940774905974952 0.9997717805174159 8.85613021963178
0.9997634171981576 0.008333786133484672 -0.020091232937370248 -0.16504147023608332 -0.008111931721720152 0.9999055035362647 0.011098673868127542 -0.24916809435617085 0.020181828361287856 -0.010933069402973965 0.9997365461947588 9.876374095196168
0.9997319349582436 0.009467817592572838 -0.021128621693800594 -0.18926112359016833 -0.009268978732028667 0.9999120181087894 0.009489050261920422 -0.26315513460052314 0.021216603354711917 -0.009290665834148816 0.9997317336518068 10.864404431653917
0.9997285459597732 0.008720707646865796 -0.02160517649304059 -0.21287397761288435 -0.008620179792920568 0.9999516031063383 0.004741723885007728 -0.27840966043380744 0.02164548205735463 -0.004554196219073711 0.9997553362714815 11.811892310056344
0.9997023996346807 0.010053854805455729 -0.022226834417258975 -0.23974924643584705 -0.010011947870576408 0.9999478872816966 0.001995900976586018 -0.29713776885316495 0.022245742615122875 -0.001772773088212712 0.9997509610953519 12.81491858295331
0.9996524056252137 0.01103754098087233 -0.02394244383555974 -0.2691268701305095 -0.010991604849356148 0.9999374904098446 0.002049364705860888 -0.3218286630045814 0.023963567150133952 -0.0017854864764488673 0.9997112380520106 13.879758773620548
0.9995584806892237 0.013228824461628354 -0.026605298074153613 -0.3018767299576295 -0.013211095544216574 0.9999123751234096 0.0008420389441883443 -0.3470848436852329 0.02661410597357574 -0.0004901820328940524 0.9996456617646086 14.954897464658858
0.9994716719576417 0.014029349486017813 -0.029318156613193445 -0.33693632785583183 -0.014015987142378361 0.9999015525895403 0.0006612363054247727 -0.3736154276873039 0.029324547031817076 -0.0002499640496132344 0.9995699117417215 16.04449440745355
0.9993747667182502 0.014207444323753435 -0.032376290285187466 -0.3754241073530443 -0.014170142963289889 0.9998986444085877 0.0013812886261993587 -0.40016610351345294 0.032392633348389634 -0.0009216483366164739 0.9994747960149374 17.139443453641956
0.9992494646552943 0.01474347950286682 -0.03582090448685673 -0.41769763531410725 -0.014648013728832789 0.9998884306612826 0.0029260764715527583 -0.42774053258378153 0.035860048520713034 -0.0023991752470368583 0.9993539417434778 18.228755481001894
0.999176670103083 0.014695569304733437 -0.037815633863851304 -0.4623219100807296 -0.014625201986675747 0.9998907628700594 0.002136771859464435 -0.4535918982370781 0.0378429040714903 -0.0015819513077966435 0.9992824485807285 19.30700749353009
0.9991130679953585 0.0152754571119002 -0.039239492490661936 -0.5093720223460731 -0.0151370944982283 0.9998781274754437 0.003820807028872075 -0.4768496734456981 0.03929307484855217 -0.0032234463269409375 0.9992225296012515 20.40965367289565
0.999068564828828 0.015568347544379569 -0.04024461859185283 -0.5580319026197463 -0.015306669983904321 0.9998597083472451 0.006802167137435589 -0.49881851878184585 0.04034487110984664 -0.006179820264309997 0.9991667034067094 21.53666083272994
0.9990558536491801 0.014990148682482052 -0.040776178484324084 -0.6056363641637544 -0.014744615437326273 0.9998713465186183 0.006315593926972772 -0.5169154406992974 0.04086560417898813 -0.005708402011258223 0.999148345613185 22.622745526190055
0.9990227428635083 0.015013322176306958 -0.04157113660586204 -0.6530271525462503 -0.014741307724155496 0.9998679304066409 0.006842191967664968 -0.5324385607414954 0.04166837035515772 -0.006222692469585403 0.9991121183382649 23.65779373016803
0.998970287326631 0.01616152852071967 -0.042393042287889426 -0.7018016032451151 -0.01578813687708659 0.999833693897878 0.009127939552530072 -0.5491431140547274 0.04253351352168305 -0.008449233243213764 0.9990593128964382 24.670608276793082
0.9988887229697166 0.01760027466300629 -0.043721270060645266 -0.7540439477814678 -0.01728670356249994 0.9998221445763095 0.007539833868965431 -0.567354867806873 0.04384619714264157 -0.006775658389860315 0.9990153159233913 25.70139947724332
0.9988043703674118 0.019021075900509346 -0.0450336363904323 -0.8092676416988624 -0.01880980963204567 0.9998100191295487 0.005110451034673934 -0.5846263971070126 0.045122287138007616 -0.0042572667004381875 0.9989723994604043 26.77586460803081
0.9987372045632955 0.020478255573709005 -0.04587632580920564 -0.8640501694031091 -0.020156909458205943 0.9997690242080695 0.007456355352194228 -0.6041076692537263 0.046018422639071625 -0.006522214555069712 0.9989192987900025 27.870235227403665
0.9986932760855566 0.02163672082954763 -0.046298948295214686 -0.9162898516853719 -0.021300337900092784 0.9997431100843698 0.007746576287204663 -0.6236863237480039 0.046454665070804396 -0.006750270407608111 0.998897591318842 28.931251196363505
0.9986392253961508 0.022319737135825645 -0.04713307579995285 -0.9678432447802112 -0.02203699760312447 0.9997359608313681 0.006509942950667735 -0.6411223631627032 0.04726593103723169 -0.005462412907196511 0.9988674055190788 29.960107105507564
0.9985495137303925 0.023252679183656654 -0.04856111139151468 -1.0227764420545948 -0.023062014370743615 0.9997239851575842 0.00448296707568221 -0.6585057150704121 0.048651948799208145 -0.003356547544721433 0.998810152865208 30.974154016056612
0.9984601745469189 0.023149315192856894 -0.05041219148021737 -1.0794415640545783 -0.022920385973705017 0.9997242103490737 0.0051146015228005276 -0.6741719577088524 0.050516687842263784 -0.003951259042686443 0.9987154008031646 31.984922679241112
0.9983828182189525 0.02387972950409884 -0.05158979360293301 -1.1351443861228976 -0.02329569794452352 0.9996578801006698 0.01189256952520854 -0.6892323257913838 0.05185613505130979 -0.010671516829648293 0.9985975465552154 32.980855936426046
0.9983708727779514 0.022615659119735808 -0.05238446669740437 -1.1882251534954338 -0.022012715327928593 0.9996849662679738 0.012058548075583394 -0.7011149824343116 0.05264067583611683 -0.010885778813639764 0.9985541843421107 33.9522664664214
0.9983010514758948 0.022994374936009407 -0.05353755077910353 -1.245121820138995 -0.022531792988170686 0.999703537076298 0.009228015056154587 -0.7113859066780954 0.05373387131838808 -0.008006040122346077 0.9985231967233906 34.92967177504426
0.9982327911478036 0.024368152567299885 -0.054198596086264254 -1.307478938921247 -0.024015192478232885 0.999685994594488 0.007154211477288653 -0.721716630171384 0.05435591235089932 -0.005839978774373869 0.9985045465296675 35.93921341466846
0.9981869399231522 0.025745906258013335 -0.05440570997428941 -1.3720958008652917 -0.025248896582190993 0.9996331293954431 0.009803052404945962 -0.7338196383101113 0.05463813858683995 -0.0084115947373778 0.9984707902015663 36.9794388884268
0.9981234854374544 0.02548131798769683 -0.055679531713165475 -1.4348773851934244 -0.024918198899984995 0.9996313194350643 0.010784645014661552 -0.7454877555425086 0.05593381072096116 -0.009376973825352979 0.99839044525682 37.99184122499319
0.9980133040944124 0.02560143343087174 -0.05756745136653489 -1.502012659397166 -0.024888292802062634 0.9996047819603103 0.013071065889147217 -0.7573223868420188 0.05787933769448744 -0.011612342070584768 0.998256047204165 39.024971959272136
0.9979182088243416 0.025838642723752307 -0.059089872558773376 -1.5748512380057957 -0.02507842473828804 0.9995933652036405 0.013571177307313848 -0.7709043443609009 0.059416505362262936 -0.012061044028391962 0.9981604130136009 40.09056622189611
0.9977838945902227 0.025776425145719477 -0.061342282343214656 -1.6478971069389907 -0.025160120171918605 0.999625111069186 0.010798410663223576 -0.7828801067453672 0.06159763022472666 -0.00923110105156077 0.9980583744070658 41.15075550874037
0.9976092345925092 0.026473326326340477 -0.06383555474002839 -1.723335531890052 -0.02563929482427161 0.9995753196843798 0.013849434601577183 -0.7933871504601407 0.06417508563813648 -0.012179625244167915 0.9978643270065577 42.24327901770163
0.9974846932256485 0.027167229863010404 -0.06546929358183158 -1.7993249079747398 -0.026135473824150584 0.9995211575100943 0.016564802977041777 -0.8036767038125903 0.06588796391239327 -0.014812066407204248 0.9977170835964615 43.32729524637491
0.9973455166736666 0.027318789476393508 -0.06749521547844207 -1.8713626742791976 -0.026311237410867327 0.9995293699013738 0.015772047757709805 -0.812110801710962 0.06789432345082917 -0.013954298481363906 0.9975949270104815 44.31934273895317
0.9972125003175898 0.027322330430564108 -0.06943140118263243 -1.9454044379457294 -0.02626921846725144 0.9995262770189489 0.01603588818116742 -0.818659218331007 0.06983664776791909 -0.014167279501801312 0.9974578341063135 45.31782787216245
0.9970342534190572 0.028144611212513868 -0.07162805573795446 -2.0244887020141413 -0.026904210774036156 0.9994718906815784 0.018223698307888475 -0.824822665557327 0.0721031271979885 -0.016242555128031397 0.9972649188912565 46.33602693832688
0.9967799777911791 0.02880933585349049 -0.07483113016851616 -2.1026529962819906 -0.027441831827324945 0.9994382436862852 0.019239098815540392 -0.8307129391001515 0.07534335896797699 -0.017123645200543578 0.9970106112948194 47.28932738352137
0.9964351028528183 0.028965833065799838 -0.07923424964936376 -2.1812113544458755 -0.02756304867371033 0.9994443674460742 0.01874125737850093 -0.8350933632682735 0.07973308065354154 -0.016490509243827396 0.9966798377384666 48.21670909002428
0.996037986507225 0.029678600446052476 -0.08383024579587509 -2.2612542602369707 -0.028105843947137242 0.9994072538064637 0.019879702589369632 -0.8403859882214992 0.08437055748691263 -0.017444819133089186 0.9962817308948118 49.12530260889696
0.9956132825415334 0.031006375642510874 -0.0882768163018393 -2.3466337222480376 -0.029215996402075808 0.9993418267442982 0.021502066728644246 -0.8465737672028059 0.08888541602032964 -0.01882864808967136 0.9958638786651561 50.03477083986523
0.9950958163944841 0.0331348442226403 -0.09320084920502038 -2.4382189823975358 -0.031156383502455025 0.9992588975184974 0.022603882347180467 -0.8517952474560432 0.09388075394479714 -0.019589227357366335 0.995390710329516 50.96719079051919
0.994609841330005 0.03349608784180056 -0.09812887255439702 -2.529703477323384 -0.0316076562203669 0.9992852192114373 0.020736603719142526 -0.8575174840215875 0.09875332702120887 -0.017523206465827976 0.9949576461525379 51.85806143118207
0.9941756203853631 0.03485456026901825 -0.10198036801184862 -2.6215719756116767 -0.033185197495775726 0.9992867392094932 0.018020974092002384 -0.8629958092359299 0.10253574254154046 -0.014531774444699956 0.9946231693626205 52.69445650188694
0.9939348647928169 0.03637475299632358 -0.1037803540837166 -2.705106563096415 -0.03467381277082967 0.9992339003620582 0.018147701649558853 -0.8663043239240571 0.1043609661569813 -0.014439172818565476 0.9944346630277415 53.46415515789569
0.9941623411087215 0.03917122698489564 -0.10053285282794054 -2.773651279727354 -0.037421880723358274 0.9991145376186985 0.019228717120505966 -0.8696356827120763 0.10119704721163222 -0.015354338001733457 0.9947479087387798 54.1151481110555
0.9948364095769067 0.039734505082081026 -0.09338997422642115 -2.8257609366679683 -0.03789488695025547 0.999052764400649 0.021390453161348466 -0.8763310110424906 0.09415145098805909 -0.017740999106661416 0.9953997996923353 54.68597339578208
0.9958277467826617 0.03936049353603373 -0.08232770060172448 -2.8648661238798243 -0.03766960795876598 0.9990482128871168 0.021992475151521234 -0.8848842490816443 0.08311497683330134 -0.018799464770499465 0.9963626251271889 55.203764286336984
0.99695099057782 0.03924696809982547 -0.06744181107350934 -2.8919704746293142 -0.0380031040322247 0.9990848137704184 0.019629034037452444 -0.8952282267978499 0.06815046932941517 -0.017006186765375762 0.997530101371323 55.68930450019907
0.9981016269025222 0.0385719001720171 -0.048014069726053626 -2.9083931445339806 -0.037891389665665465 0.9991692178888755 0.015003886581043447 -0.9074390984816442 0.048552908911239256 -0.01315608378097608 0.9987339648253709 56.18049732518647
0.9990778116573039 0.03712736184105977 -0.021565835406395957 -2.902033958876078 -0.03684960833867057 0.9992344678219279 0.013137148926388816 -0.9235487950091766 0.022037073747195324 -0.012330341412570736 0.9996811141865741 56.67339477520907
0.9992725933818764 0.03639177789999224 0.01139836028281601 -2.8744628917486836 -0.03651576273403159 0.9992740120522275 0.010864985457676984 -0.9409697017313128 -0.01099468907296387 -0.011273302014993594 0.999876007049808 57.15878881841992
0.9982745559823686 0.034429439445370046 0.0475660023302609 -2.8253349755358292 -0.03492428104390283 0.9993437423710629 0.009611408708624663 -0.9577130383904454 -0.04720387136423532 -0.011256033194484347 0.998821854108606 57.63969236852246
0.995532806773088 0.034969552125211065 0.08770154538352995 -2.7572364678345465 -0.03564675289765286 0.9993454247037554 0.006166938586003884 -0.9752556655090195 -0.0874284830381432 -0.009265664996750708 0.9961277065747228 58.16757032774242
0.9907443096941911 0.034610487930853716 0.13125481680216053 -2.661389026891108 -0.035586296008544197 0.999353616994551 0.005095462324414415 -0.9934281523127765 -0.13099361948191507 -0.009719173066443666 0.9913355684781677 58.688617215348444
0.9832937224061769 0.03260456446873278 0.1790820980790886 -2.5370834257725092 -0.033651232835885565 0.9994296888526815 0.002809193559759909 -1.0111888295460514 -0.1788883730297446 -0.008788595771534109 0.9838301228256511 59.173296634107245
0.9727863757571097 0.031473326763342385 0.22955630429982712 -2.395888353867746 -0.03209165350086407 0.9994843889931925 -0.0010401607972046554 -1.0257362395664988 -0.229470679863305 -0.006354987124411642 0.9732948274915065 59.61759966885308
0.9591367671882916 0.029723885967848033 0.2813772422044161 -2.235167072867043 -0.03007784357021623 0.999542869741088 -0.003061841915422107 -1.0375036090182865 -0.28133962599278095 -0.005526495518843724 0.9595923471420156 60.05040123177168
0.9421564491457183 0.02609292253082179 0.33415622802355693 -2.0487413871906703 -0.02665890431884814 0.9996404023164035 -0.0028929011764278517 -1.0485205298448041 -0.3341115504642863 -0.006182673410314489 0.9425132605941692 60.48389550935591
0.9224402854770649 0.025499423885075152 0.38529689735387157 -1.8487821260745734 -0.026759731478370904 0.9996397055671846 -0.00209184721171288 -1.0576329801064412 -0.3852114179255283 -0.008380837373492227 0.9227902931136215 60.892184663962986
0.9005207445769537 0.02304710600526494 0.4342018188485055 -1.6296036118521253 -0.025420609310488475 0.9996767860877016 -0.0003405578458355171 -1.062419160910404 -0.4340693276526824 -0.010730995393948044 0.9008155552214914 61.29826630260787
0.8764379199372823 0.02150166191934516 0.48103456323918753 -1.39765269650361 -0.0246114345503422 0.9996970805301857 0.0001564250521861673 -1.0684253572703921 -0.4808854851057411 -0.011976047516977853 0.8767016165723021 61.69543318930936
0.8507164221681792 0.020295111571921844 0.5252329744976558 -1.1467875564735084 -0.022970199884598346 0.9997351341544652 -0.0014252909928926189 -1.07325663879986 -0.5251227846614862 -0.01085218795617118 0.8509572792131993 62.073494262642384
0.8257438970546453 0.019556919089523565 0.5637060789034768 -0.8376081810045253 -0.021898206759796653 0.9997568052223701 -0.0026074800602661047 -1.079733459820976 -0.5636199828055355 -0.010191041521126184 0.8259713419090295 62.49404581844374
0.8064298537995381 0.018173473750478612 0.5910504341870463 -0.4495113938416949 -0.02118070870614371 0.9997739670884366 -0.0018418227262193278 -1.0891944979682653 -0.5909503096534943 -0.011033566245325891 0.8066325011654003 63.00555934462049
0.7894903400876377 0.014748055402794497 0.6135857705082003 -0.0014834873112318792 -0.021302836690614967 0.9997673561968814 0.0033797384559463204 -1.1011011261218853 -0.6133931790110148 -0.015739388327813693 0.7896208454681447 63.58806892846506
0.772510595296174 0.011507049690438116 0.6348976043131461 0.45902020614844746 -0.0186327667345843 0.9998160397329572 0.0045504611326574 -1.1109379218066981 -0.6347284459979441 -0.01534517839997455 0.7725828922134556 64.14207302086326
0.7614422987458823 0.01139002087408783 0.6481326199976931 0.9141453442816003 -0.016055628038416394 0.9998702663456339 0.0012912343716430428 -1.1208623780511222 -0.6480338281979409 -0.011389376734410836 0.7615263879923816 64.66678996199616
0.756210826067688 0.011607772535804478 0.6542250730098793 1.3530127878872058 -0.014520469749348888 0.9998941145751108 -0.0009568679704546725 -1.128713895018411 -0.6541669072157985 -0.008776061463530301 0.7562993046730276 65.16667738527009
0.7561721289141936 0.007775012017751291 0.6543265703312834 1.7738239391044754 -0.01180924422327889 0.9999287094342427 0.0017657293235909637 -1.1382402343738935 -0.6542661944531836 -0.009062297572528615 0.7562100379910701 65.64911533958046
0.7587939456120885 0.007455248515333401 0.6512880832412133 2.188610795321076 -0.012104267596546222 0.9999232126341716 0.0026562268931440178 -1.1473397701289225 -0.6512182697133044 -0.009898894126683027 0.7588259201468267 66.13651291617558
0.7608014487987713 0.00804743759194898 0.6489348151038703 2.6215500304831414 -0.01218376805257604 0.999924000255313 0.001884014186056145 -1.1522081638771466 -0.6488703347370193 -0.00933983199077585 0.7608416761959429 66.64620337997206
0.7623916628282295 0.0074734579902597095 0.6470727160649532 3.090317102799073 -0.012081064527641907 0.999923415452886 0.002685350799005817 -1.156599613151332 -0.6470030914376579 -0.00986461629778839 0.762423562736233 67.19856737348138
0.7634508785217788 0.0067890730266420354 0.645830213424367 3.5784429702180183 -0.012383652074273095 0.9999147998563099 0.0041277341991052185 -1.163482301336541 -0.6457471651084715 -0.01114905896271219 0.763469905915497 67.77643410108593
0.7635074633116623 0.007008091404632211 0.6457609775468437 4.061371063566032 -0.013906277683406194 0.9998876735638655 0.00559067938911269 -1.1707826029849668 -0.6456492615254683 -0.013248656909444488 0.7635191577044498 68.35128951382144
0.763012822118665 0.004563694351130071 0.6463672377034436 4.546246328679223 -0.013047110648912924 0.99988008516566 0.008341953777548056 -1.1757587206126656 -0.6462516585558795 -0.014798242563939456 0.7629808685876683 68.92267403779702
0.7626013406135778 0.007157461974960369 0.6468291629421565 5.026025522134281 -0.014762191581081305 0.9998709304460179 0.006340358723062384 -1.1806788113592195 -0.6467002961141249 -0.014383782085760964 0.7626085718235872 69.49221378178424
0.7624305977088219 0.009185574065068742 0.6470047982097689 5.521796151607163 -0.014132809207291321 0.9998971044624188 0.0024584937625405485 -1.1825286271985107 -0.646915641626695 -0.011018426238137912 0.7624819649683232 70.07704056833776
0.7618521530078133 0.009755751251903791 0.6476774832236105 6.050915548790817 -0.01741477199244789 0.9998336361953438 0.005424541349024089 -1.1866373836753712 -0.6475168126572545 -0.01541185420081561 0.7618953025687202 70.70931797162194
0.7616063367640553 0.008118275447829584 0.647989105930485 6.577358992929082 -0.02063330944409079 0.9997183413506685 0.011726231639018108 -1.1931073013721738 -0.6477113974157164 -0.022300932061702795 0.7615593306413874 71.33935897260147
0.7621861504576911 0.010370496518034514 0.6472748449093745 7.065338553744694 -0.021520873659315723 0.9997249185604999 0.00932411959065265 -1.201542500789152 -0.6470000958635359 -0.021036634977354543 0.7621996693396051 71.91888721614815
0.7629760312865339 0.013842017301850088 0.6462785577746369 7.580542130980802 -0.01916574866562991 0.9998155850887961 0.0012123908748837304 -1.204084614493642 -0.6461425924363251 -0.0133114375843813 0.763100619754106 72.52358114987791
0.7631494350409068 0.010416500165224067 0.6461380938476325 8.12230049201641 -0.019243289461985294 0.9997929784933315 0.006610292437864277 -1.2086725468395356 -0.645935473253657 -0.017478463311736747 0.7631918944229118 73.16385828537521
0.7629713144378416 0.01044515844234006 0.6463479496448532 8.640054842546755 -0.02030690932972646 0.9997632532735224 0.00781452733156415 -1.2145753627069742 -0.646113304907479 -0.019087589398766612 0.7630027923621757 73.77757500294368
0.7620633160258619 0.013074548881855486 0.6473704955735953 9.162218886368036 -0.02268575513301568 0.9997214223120778 0.006514160295833042 -1.2178486091065746 -0.6471049828904971 -0.019650291139088165 0.7621476282036418 74.39331129346392
0.7608914431857763 0.014958607477650428 0.648706753278394 9.668380634922322 -0.024824905549724476 0.9996734078959694 0.006066433062753442 -1.2204792000915947 -0.6484041453839666 -0.020719980887712958 0.7610142880661956 74.98703290911573
0.7596880916587989 0.01678663514301931 0.650070928647318 10.173116502965943 -0.026757805873189842 0.9996270528334371 0.005456653588793294 -1.2250192000137792 -0.6497368876835171 -0.02153982646426273 0.7598539416619643 75.57715964392155
0.758760379638922 0.01755814438446363 0.6511331644571425 10.695074422420364 -0.02832439494694896 0.9995804630360542 0.006051988723994806 -1.2318675266519927 -0.6507537283343727 -0.02303496217492958 0.7589393754289672 76.18366664858883
0.7583573345698386 0.019564287464767148 0.6515453873370027 11.212442518430711 -0.03032587772527102 0.9995260973819325 0.0052841075532465065 -1.2399483196971992 -0.6511332384729875 -0.023765927468506694 0.7585912512329939 76.78508865283773
0.7577341539739647 0.019692170227359994 0.6522661805835833 11.717839034492709 -0.0316184778112678 0.9994785069469101 0.006556371868081854 -1.2488288466661017 -0.6517969191107432 -0.025591650648422167 0.7579616373239679 77.37416735422448
0.7568590365487053 0.02096573441571798 0.6532417904382528 12.227364669080469 -0.033674972020268916 0.9994087375957714 0.0069405674594741895 -1.2559753733991517 -0.6527100390326458 -0.027250930215957498 0.7571175547749271 77.97046351297124
0.756678738552704 0.022335615640667744 0.6534052394159693 12.748058088079238 -0.03592759784719681 0.9993266577789579 0.007445721272407176 -1.2628894723078943 -0.6527989693123123 -0.02910929965300842 0.7569716998266791 78.58135909408313
0.7570574082989099 0.025660543223875395 0.65284425176392 13.290235297128394 -0.03789947049712586 0.9992706341489463 0.00467224395755218 -1.2725715339633843 -0.6522481971426014 -0.02827960836038961 0.7574777574788629 79.21657572220936
0.7575528887659938 0.028110401934958514 0.6521682497832537 13.851064837046954 -0.03997578576245636 0.999194975129386 0.003367228661455349 -1.282972146479976 -0.6515485839712729 -0.028621792034032645 0.7580667752551802 79.86999912638596
0.7579691680090548 0.02895915704190538 0.6516472263204095 14.384063416727352 -0.041636370995861496 0.9991247081182512 0.004028676943242749 -1.2953270126580432 -0.6509601777051766 -0.03018583858434767 0.7585114779560048 80.49425941084036
0.7585613505459861 0.03031760760274302 0.650895936480706 14.873814172584522 -0.043008393597711775 0.999068269591443 0.003587586333837743 -1.3068813988479486 -0.6501807099091703 -0.030715392961909695 0.7591584874696462 81.07156214340806
0.7588540848306564 0.029855001768836178 0.6505760192361912 15.346743392460134 -0.04319157346003276 0.9990565234330677 0.004533317535451443 -1.317592516516609 -0.6498268738039942 -0.03153952845578742 0.7594276082859461 81.6267535594722
0.7571778485168232 0.03211701367873144 0.6524187329834991 15.80211254341349 -0.04629983742036024 0.9989171798611816 0.00455991590171104 -1.3289858559239447 -0.651565829959093 -0.033659548579008644 0.7578449736055348 82.16571975517505
0.7536893836999895 0.03444122347081776 0.6563277496980928 16.252629038536757 -0.0474610535439543 0.9988709128093716 0.002085171424425248 -1.339720042215276 -0.655514882588051 -0.032721578036588116 0.7544730194224092 82.68994489672647
0.7501170550471098 0.036247364152501065 0.6603109360895415 16.727489327661306 -0.04980079722921164 0.9987576411569556 0.0017478060325640309 -1.350648960617498 -0.6594272395972013 -0.03419507015036669 0.7509902881227057 83.23433195051203
0.7473148694197872 0.037646747692764555 0.6634027497171255 17.233292999962526 -0.05187022407734102 0.9986522835133852 0.0017596839678451109 -1.36223039349609 -0.6624424245157094 -0.03572588727600176 0.7482604460881844 83.81089026200824
0.7453519829761596 0.03762383670889616 0.665608645064657 17.78384518254058 -0.053645958491751605 0.9985534232739209 0.003629325754748648 -1.3724465099076426 -0.664509241930469 -0.038412338893057986 0.7462921409272351 84.43307622359687
0.7440215478023591 0.0363894602312858 0.6671639555535483 18.369322993400814 -0.054575611534501835 0.9984891193643075 0.006401651093602093 -1.3839121900551983 -0.6659229978243847 -0.04117384722326461 0.7448833970987792 85.09072872496628
0.7433917561596807 0.038157627268240284 0.6677669446409303 18.971498685635595 -0.05605229734544901 0.998413506882713 0.0053487602731388416 -1.3965414208219975 -0.6665034409784555 -0.04140609563120125 0.7443511929247214 85.7679451130831
0.743195309935898 0.040056875197498974 0.6678743729465114 19.57835320146243 -0.056076946513624 0.9984232721995493 0.00251904744937772 -1.4081157312700228 -0.6667204116861812 -0.03932449973942521 0.7442697604775104 86.44786901836507
0.7427474009577207 0.04053669977715655 0.6683435301861811 20.182876538133566 -0.05664345548923773 0.9983915994337418 0.0023943956174291483 -1.417720012354007 -0.6671715051774827 -0.03963571812533103 0.7438489043669415 87.12327970718731
0.7419557495118942 0.03794231053486316 0.6693743697196051 20.780639255460372 -0.05582685290238861 0.9984264712922398 0.005286200709427257 -1.4262843348540786 -0.6681205192637452 -0.0412911914843989 0.7429064606291562 87.78575032991557
0.7406624753292187 0.03830705823134571 0.6707843669383284 21.358557387119767 -0.05595344709180519 0.998422010222495 0.004764584117778595 -1.4351442839546282 -0.6695433588631412 -0.04106164625208198 0.7416371294705582 88.42586415753617
0.738718115788008 0.03903853145203668 0.6728830050377872 21.921583781033604 -0.05662564888197052 0.9983864658804938 0.004242715563367245 -1.4427794986173408 -0.6716316559657601 -0.04123660762871005 0.7397367510783578 89.04476996441514
0.7373730418426819 0.03916835904746581 0.6743491950119006 22.474041292599797 -0.05715047708683508 0.9983554160883833 0.004504013292244707 -1.4506348555272892 -0.673063756365187 -0.04186051619985567 0.7383988604074788 89.64766293988943
0.7366276154562144 0.040773635907376246 0.6750683422900109 23.023956328790383 -0.05846009900463575 0.998283626344214 0.0034954538206608274 -1.45827712092452 -0.6737671504100344 -0.042039409938020085 0.7377469180148452 90.24653174466913
0.7359449988419628 0.042032905993999475 0.6757352983922047 23.562769640548638 -0.05953284059405675 0.9982225740942693 0.0027447148143247215 -1.465029353190687 -0.6744188606276548 -0.04224840094381024 0.7371392494280742 90.8321571130849
0.7346598188530374 0.041970184591667674 0.6771362153718871 24.061230066499355 -0.06105542529994445 0.9981247824261872 0.0043764995279118885 -1.4725843143775055 -0.6756827551479044 -0.04455807796591151 0.7358446793201119 91.3755058927404
0.7328564589982857 0.04206434717426296 0.6790817338150807 24.5354864441902 -0.0623770876529444 0.9980375254892281 0.0054951479756005905 -1.4797943840957337 -0.677517903409518 -0.04638629552076701 0.7340420983482001 91.89107643481759
0.7311490770144127 0.044061033538719714 0.6807933992809208 25.0217856389426 -0.06442955130095998 0.997911608823274 0.004610194670548643 -1.4908266898619538 -0.6791685064106899 -0.047233952822553445 0.732460984353861 92.4196713316871
0.7297067686286354 0.04854176242800483 0.6820349911243098 25.535139938120892 -0.06679327136459767 0.9977667349708282 0.00044887199346097266 -1.5042413593464536 -0.6804900371922932 -0.045882893174193314 0.731319403131077 92.9755866574305
0.7291693468731033 0.05201711160404331 0.6823534888025585 26.06131138637807 -0.06859122773002098 0.9976410447916846 -0.0027548548859602745 -1.517990505561672 -0.6808871470802914 -0.0447947078049048 0.7310171865924444 93.54220805817599
0.7289850183449547 0.052597252122510034 0.682505950228836 26.585172410306384 -0.07024458684624794 0.9975280897675602 -0.0018461157820264227 -1.531768829056071 -0.6809159574039987 -0.04659655774670303 0.7308777050634065 94.10583029277441
0.7291884821703263 0.052643308253946634 0.6822850134410214 27.125191536872215 -0.07196262639347677 0.9974073280927472 -4.763861735480649e-05 -1.5451457881766424 -0.6805185801083515 -0.04906428398504288 0.7310862864015069 94.68904497857396
0.7298521416399057 0.051577342838328454 0.6816565330497314 27.70830462645693 -0.07388022732724238 0.9972604553073494 0.003646407855897232 -1.561693237448898 -0.6796010324842924 -0.053022278203733265 0.7316632248926876 95.32483588762786
0.7311735077439034 0.054636945153607695 0.6800000777924636 28.293425625219555 -0.0764923527590826 0.9970678802033833 0.0021359391635093093 -1.5808517686964747 -0.6778895349117393 -0.05357654795721545 0.7332089279094547 95.96667600595542
0.732605187012448 0.059313223914878734 0.6780645850000416 28.84789661565899 -0.07799037640454379 0.9969497653720719 -0.002943894163676782 -1.5924010961076438 -0.6761709407766145 -0.05072580007641876 0.7349964299613115 96.57124085445462
0.7330611525044365 0.05948152075700912 0.6775568576712214 29.386147395878165 -0.08057522490409225 0.9967484769064374 -0.0003269806579641699 -1.6036940575732435 -0.6753732152080956 -0.054354599374194845 0.7354703241507085 97.1651465399349
0.7331981127629951 0.05972380715887572 0.6773873295974991 29.922047167225298 -0.08182009269297995 0.9966468770656254 0.0006891059764882414 -1.6178006072184703 -0.6750748105747192 -0.055929145298172445 0.7356262167933664 97.7538900249839
0.7333660746541192 0.05978738721163994 0.677199873653867 30.45082573942389 -0.08273392036818719 0.9965703681181842 0.001612392413696083 -1.6307248207986131 -0.6747809266472474 -0.057209874315459874 0.7357973439160332 98.33427413468713
0.734092894683163 0.06002571056689401 0.6763908160572799 30.946542830114062 -0.08265932357405988 0.9965770527028527 0.0012705323187169198 -1.646497868855246 -0.6739993013364123 -0.05684269607463656 0.7365418180259642 98.8794971803949
0.734630771476639 0.06331319518058257 0.675506527663251 31.42271005929639 -0.08489518314792872 0.9963893205867352 -0.0010628729851453152 -1.6602457973025577 -0.673134784035052 -0.05656643118253414 0.7373532405742538 99.41122156837415
0.7344143400910577 0.06448635733021893 0.6756308805752552 31.893844219129527 -0.08912573222983099 0.996018731375062 0.0018140023449142893 -1.6737132597436892 -0.6728240341449697 -0.061548326283419004 0.7372378331370391 99.93742913506308
0.7339203472657342 0.06792510913440057 0.6758306765887614 32.363866313140264 -0.09115709763837938 0.9958359221983603 -0.0010952668566636219 -1.6878518488485708 -0.673090861191481 -0.060802924341022545 0.7370561016449756 100.4554741230651
0.7333362677682052 0.06992334977084895 0.6762607807145274 32.81900594149248 -0.09229622011817246 0.9957274599708795 -0.0028693573910337604 -1.7011697243930504 -0.6735720645392711 -0.06031211003408139 0.73665672009121 100.95264076451043
0.7325001366731163 0.07027786846836506 0.6771296559577114 33.27020294373223 -0.09311476973253797 0.9956519672177644 -0.0026076489509705217 -1.7185066581797126 -0.6743687340257711 -0.061140668780593564 0.7358591096055949 101.44342310645551
0.7315160464794411 0.07239752500393123 0.677969669023912 33.757636181941955 -0.09343919400998821 0.9956098081120707 -0.005497909949138602 -1.7367283046842785 -0.675391287155713 -0.05932713008691897 0.7350693170509822 101.97655082541526
0.7300902092614888 0.07332534681926396 0.6794053869777231 34.276088059895464 -0.0949714249178711 0.995465461466059 -0.005379914240460694 -1.7580069154219342 -0.676719081147845 -0.060596274984525196 0.733743399744362 102.54361006711049
0.7282456328380088 0.07565705891670788 0.6811272331131987 34.783789958169 -0.0946422735158277 0.9954671224020036 -0.009383404522294301 -1.7802345401668114 -0.6787496875256167 -0.05763000653086506 0.7321049405864766 103.09042472381842
0.7263001802220962 0.07748742754779177 0.6829961542947195 35.28298600645643 -0.09500890594031619 0.995405314977813 -0.011898180782973614 -1.8000062475276255 -0.6807799615157409 -0.056249066533995896 0.730325055377863 103.62327611954863
0.7243813593242061 0.07750373037474385 0.685029063647386 35.77064130017304 -0.09514449394609335 0.995391049024341 -0.01200769727978328 -1.8230337160401575 -0.6828024396085272 -0.05647859152121376 0.7284167743568388 104.14083145486873
0.7218113432690288 0.08405617441680856 0.6869664797285027 36.24660420186717 -0.09778197777510729 0.995026318687206 -0.019008154623053733 -1.8440773497926535 -0.685147480146098 -0.05345263943152434 0.7264404626583337 104.6470197452135
0.7194997285540731 0.08500175056307013 0.6892712405227922 36.76704171133587 -0.09763809659168696 0.995004915300866 -0.020785105750693457 -1.8651850259114233 -0.687595042670151 -0.05234425401444464 0.7242051756008809 105.19201476590672
0.7175279020294004 0.08200803239975248 0.6916851830357568 37.28597424010546 -0.09749058891199483 0.9950938307736789 -0.01684793844231438 -1.8922007437065536 -0.6896733247580906 -0.05534392991182254 0.7220026000916029 105.73456794411432
0.7151497930723673 0.08507402732611066 0.6937745911627685 37.793975586320926 -0.09740525127065142 0.9950102347933276 -0.021606704548051508 -1.9179396475333552 -0.6921509882196593 -0.0521252580908881 0.7198680205256419 106.26013592096243
0.7121565444586744 0.08762352221613946 0.6965308137757567 38.33700729581084 -0.09770416591391802 0.9948948407632423 -0.02526166632957106 -1.9471129875284205 -0.695188429238969 -0.050063701192767485 0.7170820550502814 106.81707266676983
0.7083766890692521 0.09153750730018582 0.6998738108691825 38.90199151192309 -0.0990228015462009 0.9946369272046187 -0.02986415602179837 -1.9796111954513418 -0.6988540270737695 -0.0481483935165133 0.7136419137386428 107.39399601837749
0.7042528841326973 0.0893923736559619 0.7042988561136035 39.49521099668877 -0.09854452205709444 0.9947465164423436 -0.027719040357840046 -2.015242951660366 -0.7030767044663874 -0.04988358004367391 0.70936223192295 107.99036480150578
0.6984649448787426 0.08755430674220299 0.7102682339415352 40.06158791121668 -0.09687541524385514 0.9949199067370911 -0.027377602151892676 -2.0505806556593966 -0.7090570320481036 -0.049685234719672004 0.7033985376399247 108.54605043849382
0.6899560962155935 0.0875416805242797 0.7185381266612952 40.59958859566677 -0.09555391976192203 0.9949879402711689 -0.029469427090926724 -2.084866041150313 -0.7175165738246542 -0.04832652362750931 0.6948629457677306 109.05780754068937
0.6793798184418154 0.08694676001342104 0.7286174052389459 41.13544442092825 -0.09271393465382054 0.9951685532855985 -0.03230598818260201 -2.1174625251449033 -0.7279060300718578 -0.04560495011088034 0.6841586072764196 109.54784737329888
0.6689495270784215 0.0857993667115365 0.7383393521230297 41.67236204905538 -0.09023749792244852 0.9953428834230252 -0.03390779243525509 -2.1518123508654545 -0.7378100868043561 -0.04394329403942672 0.6735764713220848 110.02392624885562
0.6600359222407802 0.08434348981097084 0.7464842644545623 42.22288233808974 -0.0872936567743471 0.9955569506629439 -0.03530121065433255 -2.1860866904194864 -0.7461450253393935 -0.04186327403829909 0.6644660017247446 110.50027512827839
0.6524286250989071 0.08403487637472666 0.7531766251711705 42.78862473307003 -0.08590276157738244 0.9956283068196619 -0.03667410820716913 -2.2213455430701847 -0.7529658722046625 -0.040772714063404714 0.6567952352773075 110.97886140755374
0.6467799429594224 0.08110492848263048 0.7583519604782685 43.40043698219779 -0.08482855646953934 0.9958100800094584 -0.03415260691146214 -2.260822966625279 -0.7579444711802438 -0.04224068095310561 0.650950000752682 111.49336439836509
0.6423039063833206 0.07958557580779371 0.7623069119246316 44.06870878430236 -0.08512423325264194 0.9958484888492755 -0.03224363766330931 -2.3078471400862024 -0.7617083147490746 -0.04418057695362158 0.6464120356724246 112.05986411907172
0.6394840818665001 0.08393105211891778 0.7642091909481137 44.78171070459493 -0.08592379015948658 0.9955978532401989 -0.03744351623624955 -2.357198868457551 -0.7639877036471117 -0.04171921755878528 0.6438806531976978 112.66512053952664
0.6382148471724143 0.08249711275795178 0.7654253949506074 45.52084637320465 -0.0849315009531715 0.9957179658636677 -0.036501679443003456 -2.4063452286345592 -0.7651591004454775 -0.041712813893576256 0.6424885930213435 113.28580230266472
0.6372302190412683 0.08102504780655108 0.7664023679299036 46.27481319283931 -0.08431590045765314 0.9958180590807505 -0.03517416862785363 -2.4572814520759034 -0.7660473072014755 -0.04220586258556572 0.6413970597787106 113.91769543499055
0.6382561224730218 0.08126263739031016 0.7655230276680605 47.00877661821245 -0.08372273173673155 0.995841924720261 -0.035907731200732936 -2.5061266739682266 -0.765257882230717 -0.0411733498007602 0.6424057354584723 114.534967966779
0.6398065917456267 0.08150125901377032 0.7642022441330667 47.70243546449643 -0.08594780224718479 0.9957113053539041 -0.03423407190653863 -2.5540221850913634 -0.7637149340216697 -0.043778318487506455 0.644067510733682 115.1245449295044
0.6414497168469829 0.08116845514599294 0.7628590581792539 48.37979948547582 -0.08607762077055361 0.9957228058991359 -0.033566903563352304 -2.6017636248310914 -0.7623207356220909 -0.04413361192519319 0.6456928994026719 115.69896822448725
0.6432560905052863 0.07922615222643736 0.7615410815125131 49.01390530436418 -0.08534273096235549 0.9958530961365442 -0.03151553882047441 -2.6462788724928554 -0.7608798987354977 -0.04471943334447768 0.6473499455330214 116.23581656538802
0.6448777983889935 0.07902712735540772 0.7601890148423065 49.60511776488752 -0.08688807398239702 0.9957719918644954 -0.029809441756661247 -2.690448009754568 -0.7593306840531293 -0.046827912190983194 0.6490177646992711 116.74622520004742
0.6475875690445608 0.08274699342282112 0.7574848351607043 50.15609336793309 -0.08981159399068342 0.9954458451438808 -0.03196008402110854 -2.732850019217154 -0.7566797327825081 -0.04733396735186334 0.6520699943494738 117.2294159819338
0.6515497820871714 0.08616207716706471 0.7536968740285552 50.68816714377436 -0.09201771054363074 0.9951691879989721 -0.03422028935841452 -2.7693502297879617 -0.7530043973367401 -0.04705723871756398 0.6563307046571941 117.6974035097573
0.6583918284481435 0.08850756409273938 0.7474534174990972 51.197760831843254 -0.09622504362320412 0.9948111464676924 -0.0330382179202586 -2.806127648731934 -0.746499123383559 -0.05017164499997635 0.6634921738992648 118.16186114147125
0.6653158718237278 0.09009044380300928 0.7411062694612761 51.67391266495937 -0.09929640192691977 0.9945509804893903 -0.03175801901817427 -2.841181367448959 -0.7399290609671982 -0.052460071892515836 0.6706362095750796 118.60682504126927
0.6728779270955065 0.09346379085761679 0.733825466324369 52.170518586180464 -0.10410597618472646 0.9940782336610549 -0.031151421860669756 -2.87684056531026 -0.7323914533569316 -0.055434512353225426 0.6786234404217699 119.07923811438968
0.6829847530142977 0.09715413176578785 0.7239426094869913 52.6876861896669 -0.10884728204705424 0.9935858061998291 -0.030651507454015462 -2.9174331363245534 -0.7222770218835477 -0.05786467315271432 0.6891789196282491 119.58632756323064
0.6921165223136899 0.1017564295638873 0.7145770417406461 53.258303871212156 -0.11281571927151196 0.9930957239693196 -0.03214804067285326 -2.966225718318319 -0.7129146744356257 -0.05836533282918595 0.6988176835899919 120.15637774853965
0.699055653621892 0.10350279685680326 0.7075368288521019 53.87093819288347 -0.114629582198392 0.9928930658087539 -0.03199091674076271 -3.019458437873641 -0.7058195605282491 -0.058741219869114215 0.7059519934556425 120.77026555010696
0.7015560058023651 0.1043794940388337 0.704928430372069 54.46977087820227 -0.11817145182691835 0.9925589725705326 -0.029363139185821185 -3.0666810448910544 -0.7027479481974668 -0.06270252940611448 0.7086703846714096 121.38098648420302
0.6972236912807375 0.10363144804800548 0.7093233728648284 55.08745326253122 -0.12010991378499679 0.9923953596316001 -0.026926915757782558 -3.1096777556183115 -0.7067196989807364 -0.06642268556103104 0.7043687201426788 122.00171820766997
0.6895021564963151 0.10230799439013595 0.7170215132552155 55.70477597444092 -0.12061835852091723 0.9923686328181902 -0.02560679961014934 -3.1545727889759254 -0.7141694391211724 -0.06883001440086119 0.6965805347143467 122.60715839592287
0.680686899212723 0.10198596613723451 0.7254406991279324 56.30199163879996 -0.12126555234257702 0.9922869295979646 -0.025716048765168305 -3.197487298470809 -0.7224680000216046 -0.07046638957756834 0.6878040977521745 123.17737723202693
0.6694177317218448 0.10225913906594435 0.7358144935606203 56.890937963284465 -0.12288624689101765 0.992078138075413 -0.026075626125949103 -3.2363785894798567 -0.7326519438187679 -0.07296599502721977 0.6766809386913941 123.71932023963143
0.6583455146455994 0.10144959745855416 0.7458479486607965 57.478663041189876 -0.12332633956340774 0.9920235049645806 -0.026076417845987077 -3.2764263559743285 -0.742544138294762 -0.07481540465228244 0.6656056324211822 124.24300588169169
0.6484461816045451 0.1011331395854689 0.7545128478959594 58.09628317686648 -0.12434975334911486 0.9918955868038091 -0.026082249158006963 -3.3174683706645425 -0.7510357437595749 -0.07691055166043279 0.6557667867762037 124.78350666572712
0.6405719222010147 0.10120276957439611 0.7612001129257461 58.74184656965108 -0.12468702527005851 0.9918303819112665 -0.026937691939995366 -3.3632559509953484 -0.7577075677443107 -0.0776562486102823 0.6479573665255884 125.33730141177092
0.6359923604772061 0.10254142875684506 0.7648522555390265 59.38629689632135 -0.1250551462757167 0.9917267061313263 -0.02897155045675367 -3.412934864762173 -0.76149519223997 -0.0772230259340696 0.6435539421532541 125.88584144521276
0.6331664206854563 0.10252395498492207 0.7671956219704446 60.0096690420815 -0.12625759134224016 0.991593421000324 -0.028310917634884122 -3.4614480806248173 -0.7636486786113245 -0.07893874893309985 0.6407880847612976 126.4172255396479
0.6317642646451825 0.10141570521956422 0.7684977349687833 60.60490266730182 -0.12598970853661515 0.9916560642607635 -0.027291822176443166 -3.5067562892212516 -0.7648532586452051 -0.07958080767163826 0.6392701993602843 126.92053094290254
0.6301320576489423 0.10182453906866581 0.7697826661899864 61.17184704501976 -0.12646837334419728 0.9915855185546817 -0.027638920679268538 -3.549579975349146 -0.7661196645869244 -0.07993699166278342 0.6377074069642908 127.39716474629752
0.6267676480078317 0.10404477702834763 0.772228592959269 61.69956036141405 -0.12748996976854332 0.9913831183333712 -0.030096848539600925 -3.58894098220979 -0.76870581044971 -0.07958766899916839 0.6346315308303949 127.83724217393025
0.6224700347803993 0.10428286693737578 0.775664965989705 62.21626312024246 -0.12990275058007372 0.9911025493403578 -0.02900020832293862 -3.6277312830495028 -0.7717877500920952 -0.08270925192724364 0.630478269612375 128.26548568384655
0.6187496581059212 0.10362692382392057 0.778723520418253 62.74404703957618 -0.12911324769289795 0.9911965402714974 -0.029311905840551322 -3.6660277452771775 -0.7749055619002854 -0.08240679105877334 0.6266821290920909 128.69387070016398
0.61437580120229 0.10555135130402005 0.7819215351523067 63.23499857721133 -0.1309496673845837 0.9909082253358917 -0.030871889698232832 -3.7016431003661237 -0.7780710504246449 -0.08342542298105715 0.6226119492039315 129.09198919532923
0.610553486995123 0.10470543009965894 0.7850230649004792 63.69703338104189 -0.13028894381600858 0.9909961431407779 -0.030845346479026692 -3.7343613711186205 -0.7811845048625865 -0.08344709214674696 0.6186981106928042 129.45751481422187
0.6067864569534711 0.10444466211716061 0.7879730377450016 64.1532618345607 -0.1314351972159807 0.9908669310814437 -0.030124970075290223 -3.767708479501684 -0.7839228180061153 -0.08528796775907506 0.6149723391867926 129.81827954263474
0.6039995475687522 0.10203758290388974 0.790425757558466 64.63108977292376 -0.13280477693694695 0.9907900005269867 -0.026420940150963818 -3.80147697362162 -0.7858418656189486 -0.0890140805202462 0.6119877904906788 130.19521570592966
0.6025810621032581 0.09888755373607179 0.7919073906149665 65.16832179496136 -0.13232699868801914 0.9909380653643681 -0.023050293493662048 -3.8375545501520523 -0.7870105647402261 -0.09090105790373668 0.6102060050993019 130.6160173493439
0.6023616639533849 0.09945746077236012 0.7920029288430844 65.71684628565166 -0.13399143060435792 0.9907269198120348 -0.02250481913624653 -3.8705169136511346 -0.7868968943412511 -0.092565565176647 0.6101023633945529 131.05002209142697
0.6040173862060679 0.09941736156474323 0.7907459676661619 66.24160030763512 -0.13315756167663467 0.990831211936502 -0.022859860471474897 -3.8972157759464743 -0.7857684524903771 -0.09148605178904153 0.6117174522595608 131.45936913161214
0.6058633157223818 0.10049506352800563 0.7891960370328677 66.73264361352005 -0.13419783479651173 0.9906846054335928 -0.023129065973663716 -3.9243740751326515 -0.7841687215120281 -0.09189534679943298 0.613705679816311 131.84773653167503
0.6089661408125122 0.10069135135907868 0.786779188276735 67.17264852038463 -0.13346751267374982 0.9907746545284504 -0.02349482931863434 -3.9503948370484476 -0.7818866045691005 -0.09070190574355037 0.6167872419966939 132.19738174314037
0.6128920267009539 0.10156714712684924 0.7836118160357908 67.58356429206722 -0.13319547947097357 0.9907932229933962 -0.02424362841769284 -3.973403094711391 -0.7788596329601976 -0.08951482500050296 0.6207775513420509 132.5291947193119
0.6168321834499636 0.10099108230199287 0.7805887897964089 67.9983535902364 -0.13304252268999725 0.9908420001559132 -0.023061176971488215 -3.9973629016358943 -0.7757691310026655 -0.08962662563379721 0.62461934276875 132.8682150078059
0.621551237585193 0.0975871179417126 0.7772713898427915 68.40740964497995 -0.13250642815147534 0.9910101847995124 -0.018462397519646234 -4.021991914956678 -0.772085555851715 -0.09151812954527538 0.6288945272537195 133.20568758076502
0.6281675308881418 0.0953538471702863 0.7722131810372839 68.79959696947223 -0.13221834532905788 0.9911096919055374 -0.014828613197328231 -4.046105374428305 -0.7667619332598226 -0.09278589569937695 0.6351904558972221 133.53888093107324
0.6386422769118694 0.09601432665735078 0.7634902037468185 69.18000843487216 -0.13309424615801407 0.9910141864595352 -0.01329676184547113 -4.068602688608255 -0.7579063027712939 -0.09312427885616491 0.6456825109193093 133.87753809699225
0.6524424439010537 0.09832775797598074 0.7514323052729615 69.53893334044817 -0.13352687938818797 0.9909500400413572 -0.013732830111976523 -4.0891607585762815 -0.7459821913941859 -0.0913765295546349 0.6596672645881982 134.21200188900445
0.6687859853279894 0.10021480398835758 0.7366697352887828 69.91273479574407 -0.13456247376417135 0.9908246584835873 -0.012626828396275306 -4.10875255615387 -0.7311759340154298 -0.09068345605708557 0.6761347974436778 134.57654154677147
0.689285408203787 0.10039121476415358 0.717500682951254 70.27801314562352 -0.13845146456515528 0.9903536055603475 -0.00556128702574152 -4.126622783552715 -0.7111376927129521 -0.09550570638342369 0.6965355999883269 134.9648239237034
0.7138458173517291 0.10150136797359523 0.6929080901165249 70.59940415964415 -0.14281701605233496 0.9897467777633708 0.0021484489594047313 -4.139301607872238 -0.6855854789706006 -0.10049272713242932 0.721022720042951 135.33638788728075
0.7384416710674166 0.1005047331170079 0.6667853455590036 70.88318271102051 -0.14563715587748194 0.9892631393064093 0.012176207847493958 -4.1458479334829725 -0.6584023976711191 -0.10610014057816497 0.7451503491982082 135.70181920999443
0.7640837228542957 0.09958377856530454 0.6373846056469954 71.14017431146455 -0.1458757578598956 0.9890938274275753 0.02033872693828953 -4.149428050720683 -0.6284077718630796 -0.10851945259411143 0.7702773530818302 136.05350951813878
0.7907743224422398 0.1000742259466726 0.6038717746899507 71.4062625630611 -0.14605051423964147 0.9888983609585079 0.027372960817425553 -4.14961400945792 -0.5944284803543252 -0.10984161777190994 0.7966113235128495 136.4421855188049
0.8175549644115195 0.10179961059214812 0.5667810154277979 71.66307697960806 -0.14588831686876458 0.988755634971991 0.032846511418006485 -4.146164695305812 -0.5570641607277187 -0.10954055684732167 0.8232134518083979 136.84889051944864
0.844303234015678 0.10235459870667406 0.5259996056597978 71.88175227425042 -0.14515584900319162 0.9885742901751183 0.040628220548322116 -4.136682157119909 -0.5158312015871371 -0.1106544573361426 0.8495138389342521 137.2572820825265
0.8700445860050604 0.10376554145431138 0.48192855359480014 72.10383440117349 -0.14405653468691193 0.9884409293466742 0.04724662957588912 -4.122436167476032 -0.47145533529410955 -0.11053163166703162 0.8749357834857017 137.70737947780748
0.8930225286068126 0.10507227077937277 0.4375735153250939 72.30734253309174 -0.14239081992499725 0.9883763023473087 0.053264804133199686 -4.1022381433390995 -0.42689063915923625 -0.10987312169738019 0.8976036315248995 138.18668191872848
0.9128262236775834 0.10465475493174807 0.3947095991190203 72.51688311396899 -0.13973499351386556 0.988301004104667 0.061116747896027106 -4.077405841870015 -0.3836957348657946 -0.11094371345814222 0.9167710049352082 138.7121484388658
0.9296785724774788 0.1056669582842262 0.35289126626086464 72.68976448996591 -0.13873355958088288 0.9878748606635328 0.06968686472372583 -4.0469960474749005 -0.3412488114591093 -0.1137442464301596 0.9330656435009149 139.2784712904002
0.9435411996158203 0.10686621839751896 0.31354364288397246 72.86728775101858 -0.13725650728931904 0.9875814852815237 0.07644253486035328 -4.012366830022795 -0.30148077191468725 -0.11516258634883564 0.9464919032253616 139.86955807496597
0.9551346878416356 0.10730194595478475 0.27605075706467 73.04399583342713 -0.1346955214225354 0.98747061078145 0.08221258633336632 -3.969129346530151 -0.26377043918978604 -0.11570689364608487 0.95762052514156 140.52304972313183
0.9644102585065136 0.10830018449693966 0.24121343935470888 73.19364130228843 -0.13285289425795246 0.9872284682365179 0.08792075972524153 -3.920440431480282 -0.22861093975285737 -0.11683758616689757 0.9664812552160565 141.1995038072031
0.9713617615829047 0.10803322159692508 0.21162502490477197 73.34095835080474 -0.13011872145102538 0.9870950168112378 0.09334102053423564 -3.863941429451007 -0.19881007636059703 -0.1182042758017317 0.9728834990478962 141.95257033200028
0.975989119177561 0.10800352956930864 0.1891572807152271 73.47450870977309 -0.12829029248420065 0.9868349534743541 0.09848033029792048 -3.8045650610807678 -0.17603079304862054 -0.1203827736922554 0.9769959814128351 142.74163169000315
0.9792565681971794 0.10831854742550369 0.17124154264170516 73.59180969747598 -0.1266956622974546 0.9868595767600427 0.10028152826916209 -3.746387013146739 -0.15812900681940556 -0.11989690588425694 0.9801122125357309 143.51787434926408
0.9822584979709249 0.1079936090827051 0.1533154381045606 73.70135615410092 -0.12437105325759545 0.9870234602208645 0.1015703208876885 -3.6847881931937927 -0.1403569886948921 -0.11883631335127987 0.9829434604053144 144.32258935046437
0.9845920823153697 0.10947500381589804 0.1363585530188425 73.8014064500161 -0.12390394057012738 0.987012834894899 0.1022422479405139 -3.6208411327068295 -0.12339467149386127 -0.11756226984983033 0.9853694067478822 145.17465079197697
0.9859944907749665 0.11096930593305677 0.12450171606106161 73.89939216173167 -0.1242202039138562 0.9867623521138374 0.1042564213387711 -3.5517606593786337 -0.11128434346759547 -0.11826188562467227 0.9867268726995726 146.06995966711284
0.9863577519718915 0.11342737720849032 0.11930052482935098 73.99822966575373 -0.12630553518746226 0.9862495427086233 0.10657744267921036 -3.479509122133535 -0.10557128826515608 -0.12019180340869556 0.98712138741261 146.99802459288662
0.9864627436055317 0.11428613408683078 0.11760074418868738 74.10324168430357 -0.12695072535139845 0.9861734814055827 0.10651468398839167 -3.4039335444936145 -0.10380158385593241 -0.12000226717808338 0.987332105758298 147.94240036958155
0.9866031947275534 0.1152470553860771 0.11546537307012336 74.20846805791663 -0.1275162515540339 0.9862421126957978 0.10519553571771904 -3.327172887423331 -0.1017533377486599 -0.11850996316836851 0.9877254916659963 148.89920905543894
0.9866871507699183 0.11651440355688185 0.11345862800740834 74.31213478474311 -0.12862277912711204 0.9860131157994353 0.10599205706611935 -3.249966906115708 -0.09952209400508888 -0.11917436484107416 0.9878728782437363 149.871992386123
0.9866965861746025 0.11745800430058335 0.11239868352035232 74.41705530387549 -0.12956441833846769 0.985752308761566 0.10726344797672899 -3.1701896424229545 -0.09819831124820284 -0.12039934799227973 0.9878568158751702 150.85996778196127
0.9865171928017614 0.11954827554693429 0.11176778659473284 74.52201708654442 -0.131502295701997 0.9855764883703737 0.10651822283828713 -3.0865956834960717 -0.0974216327703258 -0.11977977869939792 0.9880090232801936 151.85150968794161
0.9863749413687625 0.12072981119382296 0.11175324482480939 74.62561423648945 -0.13286402127334102 0.9851907804628651 0.10838024701045672 -3.002164531766311 -0.09701353972950026 -0.12175154528823975 0.9878081465188842 152.83915370965934
0.9861178782784882 0.12260898633489205 0.11197574116505192 74.72611839524616 -0.13484189139486735 0.9848392882266949 0.109129467561203 -2.9214777359693183 -0.09689785583070175 -0.12271353973815245 0.9877004569708068 153.7967605910655
0.9858763646024117 0.12480885745783366 0.11167158465071887 74.82395441317021 -0.13686308292653027 0.9847161106859246 0.1077157272056015 -2.84245890511778 -0.09652093166862007 -0.12147810689855204 0.9878900643766798 154.7282275914568
0.9858443967004413 0.1261538447348137 0.11043565073366116 74.91719993961115 -0.13800891197437493 0.9846079988345021 0.10724098492071983 -2.7663560051870957 -0.09520696250796015 -0.12096402808166298 0.988080633450662 155.64432066255904
0.9858593143593959 0.12783338201673508 0.10835145930251824 75.00511347838611 -0.13956991488069115 0.9842263517201899 0.10871397076623428 -2.6910300444752973 -0.09274508693736097 -0.12229928463293843 0.9881504105283 156.55105522508313
0.9859621200102543 0.12953281231472794 0.10535629282924856 75.09094768732783 -0.1410247026871198 0.983861751384939 0.1101275959683579 -2.61454182464697 -0.0893908895631685 -0.12343947786505695 0.9883177445374046 157.44509677270938
0.9861933417133761 0.1303562728497441 0.1021270526791363 75.18591406094046 -0.14152973088752843 0.9836792194662481 0.11110593352821689 -2.528460387266212 -0.08597690407957245 -0.12402594615239122 0.9885471848353476 158.41539525213074
0.9864861241178806 0.13013986402705102 0.09954266780583092 75.29439340604905 -0.14115192794610232 0.9835160596903229 0.11301457237152843 -2.4280233585098614 -0.0831941113299486 -0.1255379469413204 0.988594438441656 159.51702994652555
0.9866047148046942 0.1317042655345803 0.09625550979109991 75.39695815461013 -0.14239730916637744 0.9831910847353033 0.114272906846691 -2.3273125915420603 -0.07958732981651724 -0.12644871425607365 0.9887752927716476 160.62846080290484
0.9867384645777929 0.1333354004747878 0.09256821000153098 75.49267871867082 -0.143609411587784 0.9829296347718878 0.11500291296577421 -2.22828187487826 -0.07565407739223466 -0.12677146393187605 0.9890426970088264 161.71643580114298
0.9870005079098028 0.13351257615623222 0.08946725319309591 75.58872698962995 -0.1434635119158143 0.9828342684683311 0.11599578213496128 -2.123731519982284 -0.07244458664781271 -0.12732318222714467 0.9892121052297002 162.8287918203082
0.987288432122045 0.13323310962520338 0.08666308497620351 75.68505714234068 -0.14314012052151995 0.98234364657716 0.12046520629033283 -2.0157142979922384 -0.06908297688344849 -0.13133886907190204 0.9889275220034224 163.96886724931372
0.9876220327855028 0.13362587486999306 0.08213918627464312 75.76983562168127 -0.14281946731088455 0.9826046953560874 0.11870388545117627 -1.9121678276173182 -0.06484843956231286 -0.12896564747792236 0.9895264229200391 165.05958005894186
0.988000346926582 0.13329889010252116 0.07801743632284917 75.84861542058505 -0.14185696756434146 0.9829469677329387 0.11701221892636024 -1.8085813837425422 -0.06108940355252631 -0.1266754298277967 0.9900613214602085 166.1189155309704
0.9882188864230167 0.1333206151114039 0.07516013639669622 75.9228552531296 -0.14167040098873332 0.982656047251616 0.11965195478353466 -1.7091441181129214 -0.05790449033144825 -0.12889028817620973 0.9899668497547296 167.15230501922713
0.9885395603265268 0.13284620968482602 0.07170371149259035 75.99008923862242 -0.1409282601430129 0.9823670212756511 0.12285870340788925 -1.6153318261198595 -0.05411804839885549 -0.13155576795556945 0.9898304484885854 168.13754593852508
0.9888665278702646 0.1329110239693713 0.06691524314549514 76.05019239328195 -0.14038660465691777 0.982382792086238 0.12335173710065742 -1.5218316877552587 -0.0493415777079531 -0.1313724077584811 0.9901043880263454 169.10893954064278
0.9891331444116871 0.1332977797885471 0.062026804928940804 76.10562511811348 -0.14007305448147925 0.9825806923391247 0.12212584677534638 -1.425777618837075 -0.044667236700713674 -0.12948700686096204 0.9905745570221891 170.0869214759915
0.9892618022406677 0.1343271377955838 0.057596064789119245 76.15595162625388 -0.14050139353433602 0.9825811809518062 0.12162886686253309 -1.3307819086949797 -0.0402547517997065 -0.12841511940188505 0.9909031799659026 171.06134596274015
0.9892730003975221 0.1357424010996894 0.05397157796632744 76.1995892808288 -0.14136307013557606 0.9827173161364613 0.11951217079191186 -1.239342173686849 -0.03681593522278996 -0.1258597517447176 0.9913646704439409 172.00239202553033
0.9891149706233306 0.13767836856156443 0.05192534755814315 76.2397035448268 -0.14306245506649465 0.9823514950101533 0.12049346124028665 -1.1509106104917042 -0.03441959963676616 -0.1266104540768387 0.9913551755447165 172.928484547895
0.9895323212034661 0.13645815848877013 0.046956961949577845 76.27858773936192 -0.1412181061022533 0.9826362149381231 0.1203474785816957 -1.0656723764305263 -0.02971921604910295 -0.12571889306676493 0.9916206573702911 173.81997069130728
0.9902778710312639 0.13418861357324688 0.03664906728795724 76.30636157684916 -0.13769806819941574 0.9829945044596816 0.12149504605626668 -0.9861737658523225 -0.019722579951328093 -0.12536036131630746 0.9919152179751567 174.64496787821287
0.9910457405075864 0.13218728081268938 0.01883780807623392 76.31594450656914 -0.1335037853623472 0.9833746759801961 0.12308934127197632 -0.9096043173508696 -0.0022537780933772596 -0.12450208605558365 0.9922167863184477 175.41960417172407
0.9912890206578089 0.13152550624845682 -0.006864308367889466 76.30079414979328 -0.12960889762404465 0.9834507651764365 0.1265943368818766 -0.8330501466565954 0.023401093563383032 -0.12460190078794675 0.991930821751226 176.1661626950453
0.9905959046788112 0.13164546295246454 -0.037272318382402955 76.25988102647048 -0.12568512100082882 0.983207269998648 0.13231294184928788 -0.7582388936764416 0.05406481288763337 -0.12638408248603672 0.9905069710514823 176.8676197908241
0.9886330486396693 0.13251454948758826 -0.07102527234396797 76.19839440609465 -0.12181116427042102 0.9828781626241233 0.138248174294319 -0.6829978641362093 0.08812908371540885 -0.12802504290461864 0.987847585912294 177.5312773458851
0.9850360498480915 0.13373513946890137 -0.10871473207850789 76.10840906584299 -0.11751061174621057 0.9825783339846638 0.14398289381365537 -0.600040188578274 0.12607631271059286 -0.1290532062955296 0.9835903788255245 178.21902915448553
0.9798630099500684 0.1354751171632697 -0.14667983624612618 75.98479849148897 -0.11331445989977847 0.9821480610328549 0.15014998963378393 -0.5095848868753418 0.16440290419944828 -0.1305054743641135 0.9777218450314891 178.93826512014573
0.9734398555029484 0.1364367021092969 -0.1838474205310967 75.83851904678733 -0.10804164610206542 0.9817487796521792 0.15651305491559978 -0.4171619810874921 0.20184610579833895 -0.13249286761556828 0.970414236089436 179.65431318988803
0.9647480119848832 0.13741408425184093 -0.2244518719468466 75.66290104106878 -0.10205126644207776 0.9814616010244712 0.16223028303017378 -0.31870262911361774 0.24258361937439787 -0.13360574524963445 0.9608864097527353 180.3736949459365
0.9522821053955324 0.1392846274294506 -0.2715853168072446 75.45218448937548 -0.09563837790964197 0.9811621049904186 0.16785179296505529 -0.21926607080563312 0.2898483955695867 -0.13386827963565687 0.9476640709096871 181.0387924390075
0.9342933512295258 0.14087887135545876 -0.3274890493648819 75.21222458869698 -0.08671352634624592 0.9808236032032723 0.1745446182153692 -0.11518014804849819 0.3457986382230262 -0.13467814598130684 0.9285930749247125 181.66143603796965
0.912566575584821 0.14274508319820467 -0.38320501868860074 74.91987183060336 -0.07729193407958115 0.9804145924809391 0.18114409672046247 0.0023116422289152505 0.4015572213914588 -0.13568739098815416 0.905726630874456 182.30843362506
0.889190497954277 0.1447375803134 -0.4340406561519866 74.57948884210549 -0.06898624676748835 0.9802122410066361 0.18553937678477916 0.13002916410000653 0.45230648470341206 -0.13503701502096063 0.8815803131135956 182.97118420038595
0.8639577021543887 0.14637211958194332 -0.4818218462224371 74.1889947702718 -0.059668361205568725 0.9798386253471604 0.190672375945834 0.26540526204333287 0.5000167752777378 -0.1359833478293463 0.8552729117386858 183.63286588838912
0.8375315286153812 0.1503799755305962 -0.5252873513940731 73.77462087993585 -0.052885101420339746 0.9791770250412434 0.19599877468785615 0.39711161139277507 0.5438235969714266 -0.1363752785177648 0.8280444908253759 184.2483940018522
0.8086862279719438 0.15248612718415955 -0.5681325247729495 73.37184174362363 -0.044477635870598414 0.9789028698353143 0.1994264559569488 0.5195756854982077 0.5865563268739576 -0.13600423686254307 0.798407491798244 184.78681146409434
0.7781556629811925 0.15483682456694636 -0.6086865547458116 72.96353925722691 -0.03661310694860046 0.9786707613032953 0.20214603970792808 0.6356272050289374 0.6270033848153198 -0.13501517962086187 0.7672272523197239 185.2666347921628
0.7499443856843042 0.15694131457443014 -0.6426140693762018 72.54655066671975 -0.02920991933758786 0.9783576165018218 0.20484910262231154 0.7488786138432744 0.6608556567003719 -0.13485472929239267 0.7382980448264714 185.71427693010432
0.7261184082118938 0.1582512377598456 -0.6691103070520609 72.11016675609157 -0.021990935255480716 0.9780000724708492 0.20744217751846794 0.8657518694329547 0.6872179101437997 -0.13591322229456249 0.7136239485773247 186.15464911608382
0.7081315678136697 0.16354095348362152 -0.6868799307007176 71.62819668385472 -0.020339541011932052 0.9771278037454675 0.21167795874626075 0.9918533987951789 0.7057874933272582 -0.1359250222778268 0.6952613915511149 186.61580416848875
0.6963594349170532 0.16649020376771334 -0.6981149972972852 71.09537320359479 -0.019208942661109795 0.9766957985494233 0.2137670077859233 1.1315712145205181 0.7174360974496901 -0.13544862179177064 0.6833294351415455 187.12159611679476
0.6857891351234119 0.163881058148912 -0.7091094844427599 70.54141223241604 -0.016757577656067835 0.9776160148903885 0.20972866046617689 1.2778442809622157 0.7276073431032566 -0.1319466794194875 0.6731846908927637 187.6383619111387
0.6751198485000243 0.16453698419135102 -0.7191250037333707 69.98228541436102 -0.01522860967569818 0.977710400895409 0.2094050176769513 1.424472626794961 0.7375508657771652 -0.1304222098193179 0.6625773672388718 188.1451435703813
0.6649988162364263 0.1681066105576456 -0.7276790102036563 69.38302775412598 -0.014642536384308884 0.9770855665746049 0.21234262812685045 1.5790045900121892 0.7467008574605912 -0.13055252995788247 0.6522222522953423 188.6724746991499
0.6573077928196026 0.16980327271826728 -0.7342433616130207 68.75944213656068 -0.013560305332127764 0.9767928418898458 0.21375654879338435 1.7416104014209883 0.7535002213788116 -0.13054728111655486 0.6443561311690549 189.21161216284
0.6528590500376225 0.17154575829043217 -0.737798830031964 68.1187408969302 -0.013801456141061753 0.9765505445788998 0.21484541812903826 1.9102043532367177 0.7573536694255568 -0.13008107739104705 0.639917442106733 189.76115332819816
0.6505215593465162 0.17214485942114163 -0.7397214666347418 67.43335187180821 -0.01456605713259317 0.9766228470779275 0.21446595194812104 2.089432432151863 0.7593480959382087 -0.12873990034281962 0.6378216892319771 190.34817192487756
0.6509597492769728 0.17214653240487102 -0.7393354963764697 66.7289114033012 -0.01631475820393235 0.9768952089175509 0.21309523565458363 2.271329097845903 0.7589369100827842 -0.12665434131885894 0.6387279893186746 190.95199250678453
0.654622821499725 0.17263734636014907 -0.7359791493061925 66.0310073681358 -0.01815992485645667 0.9768848010710748 0.2129936679000929 2.4513931607931867 0.7557375064802219 -0.126065189795015 0.6426261659946617 191.55761590769507
0.6599428511188475 0.1731956178794046 -0.7310805093862777 65.36191874361991 -0.020816033488646617 0.9769083001076277 0.21264257788746174 2.624563346757143 0.7510273803310517 -0.1251137527540317 0.648308894636558 192.14799253534102
0.6652113363829172 0.17375979841330116 -0.726155224730239 64.72065936873835 -0.023849450477817464 0.9769928755805355 0.2119342463519834 2.794206650000654 0.7462741330500178 -0.1236626601696972 0.6540508121088096 192.72294365330814
0.6715573046598826 0.17583786807563165 -0.7197859617334669 64.10788883462735 -0.02751944742526959 0.9766820211748886 0.212919960377469 2.9618495815126815 0.7404413998226718 -0.12317984276801099 0.6607369066158522 193.2845090017348
0.6784182225357293 0.17883904861737313 -0.7125765292381557 63.49570167961834 -0.0311542167646922 0.9760500914527689 0.21530358509049682 3.1343368962288527 0.7340150748514888 -0.12386611184934762 0.6677417586358392 193.85699373930265
0.6846098276756835 0.18057825891049936 -0.7061875645030329 62.85715507673975 -0.03322723618102566 0.9755514238702694 0.21724495428078583 3.3155039958089407 0.7281519996715232 -0.1252633697197351 0.673872208642569 194.46357835661894
0.6887399481652363 0.1811711813187817 -0.7020073267857726 62.20617640244272 -0.03416766760802125 0.9753097814464425 0.21818203570670155 3.500159342819303 0.7242029096127495 -0.12628473096320764 0.6779250050219222 195.0895239782726
0.6910547837439205 0.18067956530043108 -0.6998558284014589 61.56188666603914 -0.035183105203329644 0.9755140642293235 0.21710472035181239 3.6817009051652243 0.721945590036321 -0.1254081543346942 0.6804905288492039 195.71005470009624
0.6923571206213994 0.1807428861925985 -0.6985510909129096 60.89797914163297 -0.036503193218397165 0.9756530406476716 0.21626063247806634 3.8654859890629805 0.7206310667808474 -0.12423024336176076 0.6820980224458731 196.35094589634454
0.6938902878044246 0.18000392840677482 -0.6972193731163981 60.24768494312607 -0.03696494381342487 0.9758793568034355 0.21515825313890063 4.043477239239342 0.7191313241818632 -0.12352354724117014 0.6838070428544837 196.9841162139309
0.6952931817751775 0.1801364245106283 -0.695786073402938 59.640001334143676 -0.037624048299239224 0.9758772386122728 0.21505358901460248 4.209682123878911 0.7177407765806005 -0.12334700532648425 0.6852982517929402 197.57930268601635
0.6959664960983766 0.1802656772407832 -0.695079076017594 59.03592054977893 -0.03876310588412607 0.9759967099354899 0.21430782490920722 4.373669985311449 0.7170272365334259 -0.12220764216701491 0.6862486679515033 198.1675131280555
0.6964889043290122 0.17897549503490964 -0.6948891842039154 58.395570943625444 -0.03914287463416892 0.9764298257042598 0.21225605018590749 4.548467957830817 0.7164991566721784 -0.12063402360925285 0.6870781548236667 198.79371044167326
0.6964427323526496 0.179910225796993 -0.6946940558309481 57.7337144020975 -0.04087848430503098 0.976437330750781 0.21189405049980292 4.729268485675752 0.7164471160344608 -0.11917403144126944 0.6873871399407575 199.44224996066896
0.6969492866213852 0.18198251870136867 -0.693645482047602 57.098584106237446 -0.041881986640890455 0.9759433394895984 0.21396377567453445 4.903281992556895 0.7158963549795121 -0.12007065000655327 0.6878048036572931 200.06806063026457
0.6975927067060618 0.18213687786073507 -0.692957843792576 56.46369787377584 -0.042943565888099014 0.9760400216385883 0.2133113365683092 5.081427028402773 0.7152064497047843 -0.11904635182519313 0.6887000075633697 200.69423100791084
0.6984189655739597 0.1824365607168659 -0.6920461327400098 55.80886215528821 -0.04397909600598315 0.9760774907566844 0.21292855879996797 5.26867154808867 0.7143366066785978 -0.11827778046588555 0.6897344264330767 201.34621781013493
0.7000679174100662 0.1824527845266905 -0.6903737338801291 55.13997663133811 -0.044593471997272045 0.976090162223738 0.21274260848562 5.458884229913393 0.7126824912037323 -0.11814811309747754 0.6914656102100398 202.0188160782913
0.7007805748598305 0.18236716647128917 -0.6896729677842682 54.483327058422944 -0.0454711956994034 0.9762252628969742 0.21193538270756196 5.644419222029028 0.7119262295075164 -0.1171599448402368 0.6924121540413909 202.6796617718681
0.7015593899681948 0.18185963254375814 -0.6890148738586892 53.84101640110795 -0.04553147734997974 0.9763516708439417 0.21133929925731296 5.826077186673708 0.7111549106332457 -0.11689520474037032 0.6932490203317437 203.32894533781905
0.7022779560059785 0.1816571624780651 -0.6883359265856204 53.17852879852647 -0.045381170972062734 0.9763527435938351 0.21136667049938557 6.011413919959959 0.7104549400414261 -0.11720066295550254 0.6939148238606231 203.99746855646202
0.7028069888160816 0.1821384887660013 -0.6876684574570155 52.519742583388876 -0.045493653940873534 0.9761963048442021 0.21206390984708956 6.193028762740187 0.7099244071888057 -0.11775544708659436 0.6943637308781719 204.66150687782155
0.7032523980388098 0.1820322101051804 -0.6872411069900349 51.88030265595654 -0.04548393594945136 0.9762046688160739 0.21202748914290917 6.366587374616771 0.7094838096977314 -0.11785040969773392 0.6947978157067457 205.30322031967566
0.7038086037852516 0.18041910402103523 -0.6870970791249977 51.22496167890582 -0.0452476093709717 0.976632779941088 0.21009775579656975 6.547035648060769 0.7089471793328921 -0.11677910792941511 0.6955260864030489 205.96355247388453
0.7046397564517066 0.18066886470122778 -0.6861789671472384 50.56347965018817 -0.04645998510341494 0.9767137302987429 0.20945586368040797 6.728188214723108 0.7080425717510687 -0.11571106417920733 0.6966251978034124 206.62975334934092
0.7048901227123817 0.18177675820264516 -0.6856289995907863 49.8907625663071 -0.04768910139797982 0.9765630920363562 0.2098815782298323 6.913205283263007 0.7077115687272421 -0.11524642055061451 0.6970384480356103 207.30605074584025
0.705221123900445 0.18301476459299423 -0.684958949387163 49.18607129754635 -0.04920375145568706 0.9764131294285703 0.21022937835182298 7.109070039434011 0.7072779914908122 -0.11455564857517014 0.69759217751652 208.01756592819436
0.70550595326095 0.18506412188147517 -0.684114479239841 48.4322974423827 -0.0495894200421547 0.9758284167276993 0.2128374744414041 7.320711979439661 0.706966929448074 -0.11623326502749162 0.6976299798373103 208.78360570106008
0.7057712080092646 0.18410999243276485 -0.6840983208805244 47.66182158221145 -0.050295976943319935 0.9762257439311851 0.2108402513499785 7.536070341282624 0.7066521893042272 -0.1143975855182807 0.6982520145184871 209.56385922490387
0.7060801781018042 0.18224536955486018 -0.6842787497559303 46.918427320468545 -0.05041956253226709 0.9768013051620609 0.20812755211107936 7.747783941591226 0.7063346585052841 -0.11245370384966291 0.6988887713253885 210.3198096604431
0.7058952124901842 0.18307138835104617 -0.6842490889658971 46.227083779499516 -0.05134962548122231 0.9767065883299344 0.20834456142611169 7.941397178410449 0.7064525213674113 -0.1119334940047931 0.698853151937874 211.02461665614229
0.704426395625517 0.1843489177160783 -0.6854187987522338 45.598028002775585 -0.051747631773832285 0.976450901270693 0.20944168642715794 8.114986683184222 0.7078881520069672 -0.11206745265491976 0.6973774087992766 211.66308868806414
0.7019975655617114 0.18546894790155824 -0.6876050372922828 44.977685547446384 -0.05190595510934875 0.9762507893580677 0.2103334688106883 8.286884600168849 0.7102852875919743 -0.11196278686259822 0.6949526203910178 212.28818277300323
0.697871805395679 0.1876567816298743 -0.6912017618192935 44.3472928736394 -0.05235862122228107 0.9758501811146075 0.2120730977806718 8.461397483307744 0.7143063194578878 -0.11180946438878224 0.6908437780393011 212.9112697869826
0.6936035719782906 0.18734764827802594 -0.6955680726022805 43.70233990915179 -0.05215184159224699 0.9761140063982516 0.2109066901065309 8.637341325105062 0.7184666104680788 -0.11001047767302975 0.6868066863715417 213.54171252141046
0.6914398454450752 0.18537872312420886 -0.6982447057756547 43.0304038515933 -0.052229293995117214 0.9768149216079961 0.2076167376989083 8.821587196044819 0.7205435732692776 -0.10708565700785326 0.6850909582555685 214.19761699235238
0.6909129579109056 0.18544270021405795 -0.6987490891071876 42.28985823756399 -0.051642593646693956 0.9767318235160861 0.20815375915986944 9.022747650335074 0.7210910671421762 -0.1077309141716598 0.6844134152831106 214.92017912694487
0.6904308833197023 0.18752744515358558 -0.6986692011764558 41.545066063024514 -0.052216075818505014 0.9762151215555542 0.2104222371147875 9.223339114229313 0.7215113836832298 -0.10880024706058657 0.6838010159798406 215.6423931148954
0.6893931215769998 0.19007148786157715 -0.6990064044230271 40.89056498601465 -0.05411646744370206 0.9757791973438982 0.21195840625536314 9.402088250021839 0.722363157887867 -0.10829491000497286 0.682981464311645 216.27303342648932
0.6882106248714184 0.19176694413319642 -0.6997082070062559 40.31559790481847 -0.0559625138520544 0.9755931807815382 0.21233497746702118 9.559819336364008 0.7233493850536178 -0.10697375729765361 0.6821453528333759 216.82807408206594
0.6870353348780358 0.19270317287531824 -0.7006054066254503 39.72698312373197 -0.05764946658752395 0.9756089230511406 0.21181068968578662 9.720270970286519 0.7243334781930183 -0.10513190013872976 0.6813870382844244 217.3964121841128
0.6862620584652099 0.192689322532352 -0.7013666744956722 39.09062331264174 -0.05915328558674161 0.9758622228415096 0.21022324047336516 9.892011086723356 0.7249450157876683 -0.10278009054701283 0.6810954243509204 218.00990959556947
0.6873904883617662 0.1921662000464646 -0.7004045031761837 38.44948791290104 -0.059499791752147375 0.9760200508160615 0.20939110579598424 10.063248349749298 0.7238467319061543 -0.10225953239046288 0.6823407482658932 218.63389285753
0.689021078023603 0.19199011672616423 -0.6988488743059316 37.81508976767377 -0.0603621969735639 0.9761255533271974 0.2086511665871976 10.231640411813833 0.7222232059520887 -0.10158099832718544 0.6841600262826925 219.24791061625345
0.6908927082444332 0.19240795176611272 -0.6968833803383776 37.18431043338623 -0.06162974867338834 0.9761001867608258 0.20839913503644206 10.398315043499892 0.7203256484209932 -0.1010326952162095 0.6862385552591894 219.85718835625792
0.6928881656887877 0.19424761477534738 -0.6943873947606749 36.537267285448166 -0.06352162265228171 0.9757291053554169 0.2095655420577055 10.570647893389431 0.7182415981437199 -0.10109686996345173 0.6884100737057408 220.48699178854463
0.6942846838285 0.19539807209468874 -0.6926675762751139 35.91105560974989 -0.0651125887573749 0.9755454592102524 0.20993191229437164 10.73933870424899 0.7167489997108258 -0.10065113231324133 0.6900291450204029 221.10181124764142
0.6941725349795266 0.19663591462989327 -0.6924296417382529 35.30587186555248 -0.06640008620550406 0.9753548614310452 0.21041369450377742 10.90342997029848 0.7167395065377631 -0.10008601980542882 0.6901211983467154 221.69782732137722
0.6933192629236511 0.19886179508111182 -0.6926488187502561 34.68629219061721 -0.06692670263071501 0.9747851429590886 0.21287259462225222 11.071875925661388 0.7175160040960631 -0.10123196888013092 0.6891464810493237 222.30937002435283
0.691911240052893 0.1999099072536302 -0.6937541818759113 34.03769375785255 -0.06823253091787332 0.9747067497417933 0.21281699587281855 11.247467032749256 0.7187511096429737 -0.09991386785444151 0.6880509148292404 222.94272205814954
0.6906641906323973 0.20150087706366956 -0.69453608424665 33.38701900882646 -0.0692380208996881 0.9744104044102289 0.21384681489091498 11.42436747416296 0.7198535074860625 -0.09960803340929303 0.6869418952432164 223.57456075002216
0.6894426035691668 0.2015233768563159 -0.695742211572791 32.73885015254019 -0.0710805204650482 0.9747054375906488 0.21188881410220872 11.59874271263142 0.7208442661172961 -0.09663145715371255 0.6863278411183408 224.2035967139654
0.6885797979351146 0.1996972807856131 -0.6971218386497953 32.05547749784187 -0.07194538735105324 0.9754045530823946 0.20835023173743125 11.784530335709238 0.7215827902011941 -0.09331105975695698 0.6860111682855379 224.87008521578056
0.689070735107899 0.20207547509379448 -0.6959504467873265 31.340952873591423 -0.07239007769676464 0.9747268563429857 0.2113462376641166 11.977270668072432 0.7210694825527655 -0.09525260043346914 0.6862840107723219 225.57172012358495
0.6899008636449723 0.20441169764269682 -0.6944441346924564 30.609207677335814 -0.0735750788950252 0.9741365322962514 0.21364625953062094 12.174907895187022 0.7201551958484428 -0.09630095696650856 0.6870972417204287 226.29105417257963
0.6897957593462144 0.20652912122491393 -0.693921848967192 29.911701410370892 -0.07471214597181638 0.973638829684411 0.21551223764570007 12.365206302309295 0.7201388099750368 -0.09681503714214822 0.6870421697035036 226.97609642082315
0.689428159754293 0.20813622633568646 -0.693806978794932 29.270188251188436 -0.07655844845136747 0.9734012862956268 0.21593688848535905 12.539804407022253 0.7202968946958782 -0.09575618583025852 0.6870248440680375 227.6042622562
0.6891310086927379 0.20667017535416016 -0.6945400575036782 28.68932584207461 -0.07712648993426971 0.9739411716962212 0.21328407963420679 12.697435001471256 0.7205206155333415 -0.09341323618241885 0.6871128072575695 228.17410618870164
0.6880815812854809 0.20558983513145543 -0.6958998183548373 28.12506176710975 -0.07675499838860367 0.9742650418528336 0.21193465607554984 12.849749443673025 0.7215624766560649 -0.092414543845204 0.6861538780534904 228.7252255611796
0.68735055505124 0.20680198007920922 -0.6962629930608643 27.535963697782254 -0.07584989979411097 0.9738056711226218 0.21435789603054775 13.007588040855687 0.7223544885802068 -0.09452754056219889 0.6850317780244105 229.3007058842033
0.6868273498680707 0.2069992633063666 -0.6967205296701301 26.94563229231553 -0.07589145076889604 0.9737714297658703 0.21449869526858284 13.164807113360974 0.7228476182248866 -0.09444843864434 0.6845223248837472 229.87534876251667
0.6860067113946454 0.20907394754838626 -0.6969095180710625 26.336154484475035 -0.07554887911501301 0.9731165711972873 0.21756954227487657 13.328493859973161 0.7236623237297664 -0.09660343326077392 0.6833598012001155 230.46306904215507
0.68576625593684 0.21207234605634012 -0.6962398740782737 25.724119950845843 -0.07610204742231431 0.9722571092823166 0.2211890409313373 13.491337719275533 0.7238322461706831 -0.09869870053933295 0.68288025737705 231.05225338005778
0.6885430299814405 0.20920182286539613 -0.6943652447910786 25.171509172484697 -0.07800609542103112 0.9732972294311312 0.2158878233223181 13.642849778807406 0.7209878951418937 -0.09448333446422658 0.6864760407817437 231.59175631034694
0.6916413284882366 0.21022887784810562 -0.6909675040446949 24.654968974234244 -0.07979668653084634 0.9730850940439288 0.21618947376830233 13.788386866643663 0.7178194491275096 -0.0943886575190259 0.6898014350420201 232.10248090837013
0.6926295349356407 0.21370048404462533 -0.6889095952691708 24.123396556375877 -0.08103894385835905 0.9721113003162398 0.2200734181490139 13.935515052437875 0.7167265984412439 -0.09660084324974544 0.6906310593727143 232.629363208141
0.6924523145357164 0.2152327072128191 -0.6886106837974357 23.57033706957381 -0.08228979810433265 0.971796715075156 0.22099668254768873 14.09127923514343 0.7167553147497921 -0.09636403019268494 0.6906343406339893 233.1788686587735
0.6925680852297531 0.21623942026702964 -0.6881787271078454 23.009539343257632 -0.08178872960097859 0.97139907904402 0.2229224819139764 14.253254943300389 0.7167008099838089 -0.09810373262525801 0.6904459476407546 233.7405956855677
0.6923126690722163 0.21651118842595102 -0.6883502549781529 22.450060732747918 -0.08261420571816507 0.9714348320073599 0.22246181734488366 14.416062619999368 0.7168528867596591 -0.0971456249617761 0.6904235412376412 234.2988849714678
0.6918712912216025 0.2170050810692663 -0.6886384473535265 21.899010800648647 -0.08321346554240637 0.9713754851302555 0.2224976090666654 14.577134260338546 0.7172096175706035 -0.09663571636864454 0.6901245559941647 234.84779791363968
0.6914320382817009 0.21653362214950794 -0.6892277757870969 21.331034696693468 -0.08299648707783297 0.9715174410023779 0.22195820543726152 14.744566970417498 0.7176582191895721 -0.0962655302120372 0.6897098144311439 235.41328244189904
0.6911466119576595 0.21775804172249102 -0.6891282870733405 20.71160526468166 -0.0832245511524602 0.9711649438943903 0.22341066634356696 14.925308666593509 0.717906703454506 -0.09705713274041722 0.689340175906851 236.0274034295945
0.6911791064537085 0.21743399986114825 -0.6891980111014812 20.095293271594542 -0.08344225250001798 0.9712977595716429 0.2227511004435885 15.102171265599651 0.7178501468270188 -0.09645267210134012 0.6894839002797196 236.63689419785888
0.6916584352808312 0.21667067168139495 -0.6889574942897477 19.508894600184824 -0.08327534106635914 0.9715009087078125 0.221926118224457 15.270871653006001 0.7174077128628812 -0.09612390136187406 0.689990122474096 237.21684347117304
0.6921082522763506 0.21721255204100093 -0.6883348562776791 18.90492807405899 -0.08360430739768454 0.9713507473571499 0.2224590870098579 15.445099172148339 0.7169354830914183 -0.0964180109966056 0.6904397730721549 237.81382244562968
0.6914269767252226 0.21806137584610039 -0.6887510233899667 18.26291405711534 -0.08380472615886414 0.9711326354394262 0.22333421649606694 15.62999468129185 0.7175691630289396 -0.09669871120433862 0.6897418760096873 238.44937510098634
0.6892334461912251 0.21734501083351063 -0.6911717607926058 17.659795833657913 -0.08316663770754185 0.9713735615695825 0.22252351393964298 15.804981261813062 0.7197503504853519 -0.09588821694767911 0.6875790011531793 239.04331536816187
0.6865649896807405 0.2180258161550433 -0.6936088655968968 17.084893708396155 -0.08352929505221222 0.9713162000411962 0.22263803899066947 15.971588049824671 0.7222543678045579 -0.09491882335689619 0.6850832395846335 239.60395005817654
0.6842974903763603 0.21652932072070236 -0.696313146459873 16.48714540954189 -0.08487334276807192 0.9720564131278834 0.2188671866322744 16.14480787848233 0.7242468228111082 -0.0906718421847967 0.6835533312645224 240.1811027606331
0.6822745336144711 0.21593112061479028 -0.6984806453518945 15.894119510219074 -0.08493739386239194 0.9723300458723422 0.21762334667437094 16.317339116524288 0.7261453710552846 -0.08915174167636553 0.6817366552056952 240.75596883782174
0.6804074091963856 0.2183718166866319 -0.6995423555351343 15.266080061137524 -0.08444085367411265 0.9715751207176525 0.22115950586232022 16.49275538217347 0.7279529515988279 -0.09140861272034809 0.6795064133465492 241.35943127246648
0.6789277701015775 0.21893758643371658 -0.7008019807559626 14.62620184045824 -0.08506902888037364 0.971533186975088 0.22110297811512822 16.674067745486443 0.7292601341841236 -0.09049640795417016 0.6782256680760039 241.97084797650263
0.6775293171918664 0.2193356297893378 -0.7020298468373264 14.00975023895652 -0.08559304173488168 0.971526776404353 0.22092884360340354 16.85205404929989 0.730498361087888 -0.08959689857512307 0.677011477165361 242.55946165720266
0.6754384754396344 0.2207313551034992 -0.7036053828460647 13.385718265351814 -0.08625159293112447 0.9712480653637363 0.22189605279058658 17.029549662537914 0.7323547832933311 -0.08919004653756 0.6750567435304985 243.153179922988
0.6734624778811026 0.2205454966540027 -0.7055550827482479 12.763669250808183 -0.08687248992342542 0.9714559294989986 0.22074090589589554 17.207532609423286 0.7340990814466029 -0.08736739063790065 0.6733984538684166 243.74163949224095
0.6718131670250588 0.221502760420159 -0.7068264254666858 12.162598755478484 -0.08763867663396345 0.9713082339636638 0.22108771334526034 17.379484298792583 0.735517865839848 -0.08658430435499286 0.6719498696106377 244.30810086882553
0.6703262376018924 0.22343404380902773 -0.7076298207747036 11.608332895435503 -0.08895492450470036 0.9709118579765207 0.22229976483780509 17.53459029571102 0.7367155194434628 -0.08606620769922321 0.6707032512992753 244.82711037602263
0.6690979145418524 0.22366217517552975 -0.7087194170837262 11.087637668467186 -0.0889739145662899 0.9708873809660091 0.22239904677788894 17.68188625026674 0.7378289932514791 -0.08574919752810342 0.6695188211251354 245.31431053235718
0.66779530058535 0.22514484734171264 -0.7094781421802938 10.539858518825987 -0.0903502111593459 0.9706279634030825 0.22297577447661326 17.836947650118002 0.738841170928895 -0.08480067438093147 0.6685226770760695 245.82068591456243
0.6665864069205133 0.22777872390922638 -0.7097742000404682 9.975601164321162 -0.09227127365127329 0.9700605038997001 0.22465224421899582 17.997763725758833 0.7396949196578064 -0.08425836283802272 0.6676465787557692 246.34192677293848
0.6654246410761895 0.23002720180878652 -0.7101390944573088 9.420207625034308 -0.09312534652876224 0.9694853526162506 0.22677261937112683 18.15794385565315 0.7406333214773148 -0.08476813959598137 0.6665408056727756 246.85544491881961
0.6644540155649336 0.2318889629884468 -0.7104423763006963 8.881238448554189 -0.09395937677072402 0.9690199837335294 0.22841170425774482 18.315423901042468 0.7413990131612593 -0.08501635118736324 0.6656573617968136 247.3555111996643
0.6652928073836106 0.2335292038394709 -0.7091188838253704 8.327003903153654 -0.09613422280880765 0.9687090030857785 0.22882543247092038 18.480155782897327 0.7403672680829275 -0.08406532159374658 0.6669252807149828 247.87407176499462
0.6671084087065197 0.23363330449977043 -0.7073767384227267 7.781313840442689 -0.09699497972828404 0.9687065647684419 0.2284722418195132 18.64206141355308 0.7386192151173443 -0.08380376127025485 0.6688935525600411 248.38825067123946
0.6683876266970026 0.23393638097848274 -0.7060678084525881 7.251776731570008 -0.09731632894305473 0.9685979869805732 0.2287956986882143 18.797714359818244 0.7374194956735225 -0.08421228694122455 0.6701647395444889 248.88625295987856
0.669244758998155 0.23390109999354444 -0.7052671323515037 6.755882601220957 -0.09725902349985478 0.9685710267341567 0.22893415760649552 18.944647594412867 0.7366492617938015 -0.08461939253475494 0.6709600759402099 249.35194000370933
0.6703599424100295 0.23506014960903118 -0.7038211943937209 6.289459557232328 -0.09753234209338932 0.9681827048541598 0.23045540190470729 19.082296358538013 0.7355983889717246 -0.0858427404447338 0.6719568691926121 249.78990180482523
0.6712973199125764 0.23596254516996887 -0.7026247829069969 5.795176311495655 -0.09744644310446002 0.9678396493169285 0.2319280145570466 19.226982520555502 0.7347544481011855 -0.08722436865346042 0.6727018734242705 250.25590510669807
0.672307240510577 0.23639679084131368 -0.7015123175233514 5.243937694390393 -0.09761255139434022 0.9676759825945324 0.23254028149977132 19.38861896388851 0.7338083974494547 -0.08786210781465348 0.6736508634619457 250.77769157109785
0.6732794038418763 0.23717907096364424 -0.7003148810778993 4.665306896564708 -0.09750940050941727 0.9673642088366439 0.23387689983011847 19.56135823127437 0.7329302566920116 -0.0891772154682789 0.6744335868465492 251.32812709740045
0.6743662941028098 0.23932119146721312 -0.6985380939453183 4.1049120140946975 -0.09815240898449773 0.9666781290417322 0.23643074978292258 19.728969119351056 0.7318443864569701 -0.0908777318548861 0.6753850989356577 251.86079503149438
0.6755730221224533 0.24046440625253293 -0.6969777335797422 3.5892670305867203 -0.09961139773750742 0.9664206607798143 0.23687269969054298 19.882458804937688 0.7305331349234693 -0.09059787935444652 0.6768407220575319 252.3500310935769
0.6777832902558616 0.24082728695444022 -0.6947028352526743 3.1078735811748524 -0.09981269042549033 0.9662279567266355 0.2375730676442414 20.026686972089294 0.7284553783725947 -0.091682896431307 0.6789307830861714 252.8133511215568
0.6813992510029804 0.24129564019062535 -0.6909931076049715 2.626429659531632 -0.10024873197682027 0.965964510660412 0.2384591283252323 20.170352857433155 0.7250139670858854 -0.09321468859351625 0.6823970760201102 253.28171686017475
0.6857256350966177 0.24228041336741188 -0.6863530830919742 2.170870376518503 -0.10217914616632 0.9656790225329911 0.23879582812195055 20.306821807905834 0.7206523263405583 -0.0936174488983884 0.6869468667966212 253.72801334256772
0.6906088214851154 0.24231563960058716 -0.6814268753812843 1.7645740791335953 -0.10338498715044887 0.9656015064636672 0.23859018241955682 20.42706942166449 0.7158009500684097 -0.09432317594342451 0.6919047176895844 254.1337535385414
0.6957811017139499 0.24166300991586212 -0.6763783321012953 1.3940780157925743 -0.10537588753978197 0.9658536975641143 0.23669084736620263 20.533961839829878 0.7104819356063332 -0.09341105148821373 0.6974882039410704 254.51115164649184
0.7031693342300368 0.2413730684392816 -0.6687988705363479 1.0485461239718186 -0.1079089197339733 0.9659476693292938 0.23516114721431275 20.63307700371256 0.702786277925466 -0.0931887436845815 0.7052710866114921 254.87872911948688
0.71261368127525 0.23987547119654354 -0.6592734634258947 0.7199965853206722 -0.1093281618659271 0.9662191795505519 0.2333834829024437 20.725763952096308 0.6929856378615293 -0.0942351069766135 0.7147661508009113 255.24409503602897
0.7228104214296696 0.24031124692825387 -0.6479163520644105 0.4147814362944092 -0.11332594467746794 0.9661145472315888 0.23190496305698402 20.810287183325123 0.6816907839597214 -0.09419759140917265 0.7255511621085632 255.59602946614254
0.7359013005332532 0.24080667131880645 -0.63282021374307 0.13175402212170328 -0.11747528697441652 0.9658536927271233 0.23092466562855007 20.88832394623451 0.6668199403315275 -0.09559702554857817 0.7390618214212652 255.9459553539182
0.7506962991457483 0.23858267285960838 -0.6160628009059175 -0.12780605372076675 -0.12124874696485587 0.9664295604078941 0.22652294835017556 20.961548105460732 0.6494257523445821 -0.0953530963365586 0.7544229445150115 256.2897549088231
0.7664210593091775 0.23853900688168075 -0.5964041432143993 -0.3912751387913785 -0.1275751313406348 0.9665201448110388 0.2226283799021762 21.03899395582512 0.6295421715110239 -0.09454074185423639 0.7711930383625302 256.65552460797807
0.7846122450355099 0.24056775448390383 -0.5714112183383445 -0.6557764809623732 -0.134281893368296 0.9657128471758397 0.22218701562638243 21.118292448001373 0.6052701859944534 -0.0976004728579984 0.7900140186377268 257.0550412921593
0.8046979377482645 0.24196096431310868 -0.5421403146163941 -0.9036815679776001 -0.14205773169193475 0.965126657848962 0.21988664164936095 21.194274311014325 0.576438053783952 -0.09992710372047585 0.8110078569852468 257.4631595238345
0.82580930319484 0.24083959563361862 -0.5099365489273052 -1.1333315814933087 -0.14950194190169577 0.9653639458167387 0.21382614780414091 21.26898259598513 0.5437721619616739 -0.10034311781169347 0.8332125146583861 257.8823160644772
0.8468916728642077 0.23982258995836592 -0.47461523340378303 -1.3392621036821075 -0.15859350082025914 0.965819736960855 0.20503740437890564 21.33759538199266 0.507565361240143 -0.0983735789860563 0.8559789968373248 258.30351720433083
0.8682492758279797 0.2390625417515946 -0.4347324420324045 -1.5377664639353734 -0.16912326110344944 0.9663838791041105 0.19364792991773913 21.407645146191754 0.46641239003474394 -0.09461130661267808 0.8794931398726854 258.75002323809326
0.8890137786537389 0.23701359382353943 -0.3917640331968384 -1.7293513654452783 -0.1764212569816598 0.9668514854275223 0.18459075061227714 21.483095669208243 0.4225281546226375 -0.09498821752955974 0.9013585286009895 259.2525486247092
0.9073859451958677 0.23357729729067933 -0.34941721859602937 -1.9012768133808067 -0.18080024041391168 0.9674269192003804 0.17719037522600226 21.55974206750184 0.37942327225313016 -0.09760533897713428 0.9200604209919482 259.7910587155103
0.9236371914829814 0.2312865026697748 -0.30561559546629224 -2.0495958170142616 -0.18660056817411214 0.9678732056916488 0.16852799666900747 21.631266413611943 0.33477539704483733 -0.09863068177273578 0.9371218822258457 260.33630659464774
0.9375300975124353 0.2296579199681223 -0.26133227136012277 -2.170105096760531 -0.193163953203036 0.9683589752816015 0.1580144998870079 21.697136663827212 0.28935273187115207 -0.09766337485199554 0.9522273162282286 260.8875619307424
0.9488255725331732 0.22854226847522932 -0.21794142430316923 -2.263332124852806 -0.19975338119873423 0.9688566230324394 0.14634011994613874 21.756079690387367 0.24459889535067322 -0.09531671168464251 0.9649280309260646 261.4177899744567
0.9579636510428414 0.2281861945885071 -0.1738870434503009 -2.335690903662524 -0.20593094404000442 0.9689294715584603 0.13699680810966 21.810727333197043 0.19974506143447537 -0.09542923946389996 0.9751898126456585 261.95780126726277
0.9650811682491749 0.22789617469570675 -0.12915754817227595 -2.3929635119563084 -0.21168445682992146 0.9689295768306718 0.12792640806086875 21.864872745878383 0.15429850753468166 -0.09611872191097144 0.9833377659129982 262.5326557556699
0.9698947671909756 0.22732493200115703 -0.08733565060291591 -2.4235648275770387 -0.21653317057805246 0.9691340811646296 0.11786652945007159 21.913648621559226 0.11143395629241928 -0.09540706481103929 0.9891814623056563 263.1162062731315
0.9724515857686683 0.22713746581576952 -0.05240691708920057 -2.439255878110515 -0.22055497469497148 0.9693153650669611 0.10855056970096505 21.960759884098525 0.0754547312850851 -0.09400156736934596 0.9927085618945759 263.72561351400475
0.9738770539517929 0.22547633804052908 -0.026905478438629483 -2.4475319866757586 -0.22168761259108857 0.9697288641673751 0.10237447154596631 22.00605699959384 0.04917403999918832 -0.09373553746837678 0.9943820004433246 264.3602226556812
0.9745199546203221 0.2240712081727973 -0.010146512444699234 -2.4522777090544694 -0.2220254515264613 0.9700736646002616 0.0982943748313714 22.052044463284137 0.03186780383519431 -0.093537045693148 0.9951056547732582 265.02947358903265
0.9747353234762351 0.22336285320014673 -0.00029150981381521754 -2.4549398986043744 -0.2222863561099616 0.9701639239478708 0.09680256482875528 22.101183527288928 0.02190490938208084 -0.0942920806874029 0.9953035609624827 265.7476775447765
0.9749181480081656 0.2225236012417779 0.004225112391557987 -2.4558343855777207 -0.22189618172182923 0.9703497494119657 0.09583031020198303 22.15613745978251 0.01722466898387389 -0.09436424485219781 0.9953887180754389 266.5226154967291
0.9752052226091105 0.22127002619378117 0.0037880475341866677 -2.458364105840578 -0.22061921950734736 0.9707080295776951 0.09514768151330642 22.216312550059172 0.017376241822867497 -0.09362423202137392 0.9954559605520058 267.3498377917866
0.9751273829136174 0.22164245513607897 0.0010996241597718347 -2.4658188806926855 -0.22071462840499245 0.9705673242322161 0.0963541485394501 22.276795499067973 0.02028891076641692 -0.09420027183595332 0.9953465069441597 268.1783684881804
0.9753518556632598 0.2206410700402751 -0.002505167802821554 -2.474841369132961 -0.2194121199715379 0.9709976814184519 0.09498328426405456 22.339783032779348 0.023389725604062106 -0.09209245838543521 0.9954757153465316 269.04857066898967
0.9749802871871865 0.22220619674279066 -0.006151887962040415 -2.490024018026596 -0.22066054419555511 0.9708029606643072 0.09407728631682195 22.40856755550046 0.026876827039565118 -0.09036602068543256 0.9955458896875424 269.9680851608857
0.9748712340750367 0.22263200722705662 -0.007814494933679307 -2.5046671463638224 -0.22079548111617694 0.9702987606072335 0.09884164447611501 22.478064381502197 0.02958770845625871 -0.09463247075987488 0.9950724913222072 270.8813241321944
0.9746890745573225 0.22337629554673422 -0.00917815484779478 -2.5197112375538095 -0.22136307596878863 0.9700239832940918 0.10025896684037833 22.54386832532117 0.03129850693289201 -0.09568961501689616 0.994919042456061 271.7464504990746
0.9744353654316771 0.22439023424075016 -0.011168767766259455 -2.5373448265873733 -0.22222857157225612 0.9699690782299342 0.09886581438862868 22.608553214986113 0.03301788262426735 -0.0938563266655659 0.9950380944324957 272.58594827514423
0.9742955119038456 0.22493174346670602 -0.01240831435180715 -2.5564312197267323 -0.22259774818930017 0.9697251842876414 0.10041568333359652 22.674480462350257 0.03461932964512924 -0.09507248676314384 0.9948681944235575 273.43924041510763
0.9741432363605553 0.22548232492570505 -0.014236439129353079 -2.579417081882974 -0.22293975543808323 0.9695545572566749 0.10130067101466392 22.74482037141796 0.03664451525388947 -0.0955074952499137 0.9947539886086865 274.35806184433625
0.9740906267554476 0.22552622370616376 -0.016892995235259826 -2.603666905922787 -0.2226616082574354 0.9694356595376712 0.10303548041802513 22.819789677644984 0.03961387478388596 -0.09660447421107479 0.9945342208727682 275.308465774839
0.9738696965884805 0.2262679018281176 -0.019510270858294845 -2.6311995819839966 -0.22303948479042005 0.9690767594823411 0.10556335754242162 22.891149137482955 0.042792549481031776 -0.09845339422034399 0.994221165976365 276.20476422092145
0.9737431246322473 0.2266131583788807 -0.021698010991283028 -2.661513046863513 -0.22311112340652167 0.9689227987814859 0.10681777293003471 22.964603221957518 0.04523001043233618 -0.09917200437119787 0.9940418299575152 277.09880728001343
0.9735876684935876 0.22710228129189208 -0.02348628513069734 -2.693985986553634 -0.22338466495742215 0.9687756571210502 0.10757796071472103 23.04441851074027 0.04718414160586387 -0.09949010001852489 0.9939192003272789 278.05502269744096
0.9735887247777532 0.2268927084165575 -0.025390822220424554 -2.727702583624991 -0.22309814401310935 0.9690910473914917 0.10530792944298119 23.1275543010978 0.04849961982877764 -0.09686196742303432 0.994115459161258 279.05259449728493
0.9736442333907421 0.22657469176096817 -0.026092447918468712 -2.758172410811403 -0.22271410611020664 0.9691805092193458 0.10529751891123254 23.206474559498364 0.04914604485090551 -0.0967111658638855 0.9940983938588556 279.9925310537768
0.9737925647927835 0.22595510365299937 -0.025929363421743772 -2.7861936929338245 -0.22200888924574758 0.9691109634720279 0.10740574274305703 23.276049776534116 0.04939730610229481 -0.09883436452712493 0.9938770922696384 280.85374722333495
0.9737227982315856 0.22612345200401757 -0.027057284746252856 -2.8176947789371614 -0.22209430012435086 0.9691553105532905 0.10682745844880055 23.345656369746113 0.05037890487423954 -0.09801106304975038 0.9939093507274825 281.71389604011955
0.9734566401882618 0.22702258805076245 -0.02903298448518271 -2.8519319285512723 -0.22283087719810965 0.9690594231013994 0.10616136145276416 23.41774734219955 0.0522357142241195 -0.09687403683710726 0.9939249725941967 282.5738551678104
0.9734931161238521 0.2266252551696839 -0.030856872471940487 -2.8820568413372643 -0.22211904888438955 0.9689392377173631 0.10871927949719742 23.486375989406277 0.054536968949217945 -0.0989835710154526 0.993593463991615 283.3833591937235
0.9734326848611615 0.22642078667581464 -0.03409450696369916 -2.913781308275889 -0.2214793759346079 0.9688598043283873 0.11071389069297526 23.551119183705815 0.05810072357216351 -0.10022128974357 0.9932673351130209 284.14957694017284
0.9735631627126913 0.22523842117957033 -0.03797922897319392 -2.9465235062659967 -0.21988809737185003 0.9691749893338534 0.11112634558876469 23.61440085296464 0.061838441466869336 -0.099837336073536 0.993080315726117 284.88705577063865
0.9735989041339672 0.22463377752025782 -0.040556625428153865 -2.9791286888562674 -0.2189935417611859 0.9693149191659364 0.11167101749884124 23.675234306670056 0.06439722459882712 -0.09984114121600389 0.9929172895990129 285.5779420880902
0.9733485304583116 0.2257748551137206 -0.040228759029158456 -3.00650521744733 -0.2201323740194151 0.9690033176247072 0.11213522346206677 23.727100175826624 0.06429911479346974 -0.10029100274047359 0.9928783100693067 286.15710654128327
0.973119494673232 0.22765775423106058 -0.0347907462608383 -3.0264111291770233 -0.22262673053857987 0.9685698301565037 0.11094964155104291 23.76971704352055 0.05895581342512727 -0.10022190902727948 0.9932168851838481 286.6533447492569
0.9728878358392063 0.229870367856798 -0.02547298289341437 -3.041081165563834 -0.22590403355892172 0.96810647145315 0.10833848601647318 23.80946032254452 0.04956436721998263 -0.09964674561626313 0.9937876531685059 287.15887615043687
0.9728591841247933 0.23115476447408423 -0.01060578733401958 -3.042807459908388 -0.22880380693225122 0.9677855693597616 0.10507097445209004 23.839882949523556 0.03455178428609566 -0.09979261796311993 0.9944081695172813 287.62670151431195
0.9727045038257501 0.2318198018830312 0.010272667229859752 -3.0306237555162916 -0.23169202646849923 0.9678143372549012 0.0982558572034106 23.86000786848603 0.012835618723832837 -0.09795400991674016 0.9951081643887782 288.0639258075114
0.9716561980046352 0.23338124661903684 0.037648726482093754 -3.0001874863287146 -0.23586641671263206 0.9677747088042988 0.08819946975973093 23.878569601420438 -0.015851383104399184 -0.09457963166189055 0.9953910924497841 288.5170329345947
0.9699010706204874 0.23256626646514794 0.07214461110641793 -2.9462463656966116 -0.23802072102868205 0.968006107217822 0.07943747698652526 23.8931280018875 -0.05136194671370212 -0.0942184063305048 0.9942257501887157 288.9829117100656
0.9667823403617729 0.23012579142609252 0.11123860159643423 -2.868509722657548 -0.2387797683819521 0.9684127930198234 0.07183929653752148 23.90166095876068 -0.09119280989243339 -0.09601449076081736 0.9911937696474183 289.43853771880214
0.9613786459392512 0.22866535856537348 0.15317719453033324 -2.7793846446016697 -0.2405948118033268 0.9684970956799489 0.0642457173111596 23.9018929738779 -0.13366089804178624 -0.09861809900658576 0.9861081253508595 289.852049723793
0.9534092194664944 0.22902858502411386 0.19635877234833357 -2.6731985991656173 -0.24374754875054913 0.9683306871493944 0.05406304470597323 23.8952312166369 -0.1777582423247706 -0.09940617469067767 0.9790405608139892 290.2527682433747
0.9425163388097182 0.23187703241989133 0.2406158617233527 -2.5448467702006203 -0.24793668844283517 0.9680175829776131 0.03833220017400931 23.886608958375007 -0.2240320280690425 -0.09578622490903585 0.9698632117556285 290.66303563560996
0.9295254326609338 0.23323770595143947 0.2856267539272474 -2.3826409635878742 -0.24995097655211765 0.9679856476678439 0.02298467380032366 23.871405030371754 -0.2711217058023022 -0.09275752493234332 0.9580652703293608 291.0763499241103
0.9151376051322255 0.23141141021455006 0.3301089560968781 -2.190168987405851 -0.24803491117518084 0.9687135697536664 0.008526582752107284 23.853209156104906 -0.3178078767292881 -0.0896815421233462 0.9439043248609448 291.52091396745425
0.8975305723851121 0.23222629681827556 0.3748463934735475 -1.9629084992551455 -0.2478963280532561 0.9687640120231698 -0.0066105632501572515 23.830174260000714 -0.3646728426573175 -0.08698986190839698 0.9270633644759053 292.00302665274603
0.878513582432873 0.22936761295922115 0.4190517672154015 -1.6946129829075274 -0.24390538039295068 0.9696053428424245 -0.019381551712765323 23.799213181221848 -0.41076033267141665 -0.08518202425872146 0.9077554581751903 292.5066950071353
0.8570562980540298 0.22780640823354076 0.46212416333022216 -1.4067411447042932 -0.23969109730812757 0.9702619113229557 -0.03376390538949521 23.764941356443842 -0.4560731079960217 -0.08182948004025425 0.8861722498245963 293.0100448861478
0.8328157891888361 0.22792141785816727 0.5044498870644152 -1.0760800917844264 -0.23659555901133789 0.9704289420410026 -0.04785613759271824 23.71950302429773 -0.5004402089499719 -0.07949525602640262 0.8621137404863707 293.5275080794314
0.8078519988976388 0.22642201251904362 0.5441582675324502 -0.7111491635857012 -0.2338034144784976 0.9706250738930018 -0.056770849107626024 23.660655334389187 -0.5410278285405361 -0.08136361703507893 0.8370596457646714 294.05828467713144
0.7824738240169066 0.22641633757936264 0.5800606492475676 -0.3491851507242854 -0.23033879335370666 0.9707186007702757 -0.06818679047261837 23.597514425820766 -0.578514265169598 -0.08025609133110335 0.8117143615826502 294.53566505860977
0.7612875382059704 0.22809856197066575 0.6069697934816938 0.03777940542185121 -0.2274217747785121 0.9705467318118122 -0.0794882238196474 23.53382432642046 -0.6072236989190121 -0.07752475344252945 0.7907397119626557 295.0193219208919
0.745582223713284 0.22551944302062493 0.6270949916100625 0.46898555792149776 -0.22358073321903937 0.9711098483469093 -0.08341053996276532 23.460790509110122 -0.6277888207160061 -0.07801694215560105 0.774464042626055 295.5517649224732
0.7301053048467634 0.22378488572764346 0.6456520492916314 0.9347186031788741 -0.2209378274288155 0.9714125254569411 -0.08685724953279965 23.376315123559827 -0.6466318274301476 -0.07923402239715967 0.7586759844947712 296.09816030784805
0.7149038730066264 0.22457659091066962 0.6621765679749398 1.405810623160537 -0.21785340535219744 0.97141946733621 -0.09425556883646577 23.29170557532541 -0.6644188032683744 -0.07687374906413966 0.7433963146049629 296.62198740492903
0.7018184634581323 0.22319241356454073 0.6764879828027281 1.9228799198290045 -0.21452401624426062 0.9717835560419854 -0.09806205515297937 23.199078248756553 -0.6792866043163964 -0.07630115814080918 0.729895775068377 297.17330286190924
0.6928077785846509 0.22027100738826258 0.6866571671778896 2.478621222415895 -0.2126261727893386 0.972270965332649 -0.09736159723462709 23.100774847683955 -0.6890627638884297 -0.0785484135758285 0.7204322689518807 297.75971778613473
0.6869792294184984 0.21983181605499003 0.6926279744549263 3.039050772531875 -0.20969581383328878 0.9725677555612475 -0.10069571243778312 23.0056472589365 -0.6957637558887089 -0.07606532385077344 0.714231658846841 298.33454655462907
0.6840635546280441 0.22005295216151488 0.6954378128018707 3.6396496762547095 -0.2092090060971692 0.9725421288359143 -0.10194802306638001 22.903800565582653 -0.6987765343781097 -0.07575292657257911 0.7113176850874748 298.94922682154805
0.6827007860831648 0.21969832935866107 0.6968875667985799 4.236630736693906 -0.20989782629938303 0.9724966704425126 -0.10096102462347419 22.800050081149934 -0.6999018068245181 -0.07734901457188074 0.7100384431483482 299.56388826325184
0.6814047944199383 0.2202016364648677 0.6979962359781884 4.814426954440125 -0.21013864399249238 0.9723761753432576 -0.1016185215687359 22.70099280265187 -0.7010914750890359 -0.07743263474151799 0.7088546611502688 300.1547301075655
0.6813462038856788 0.21884665643161935 0.6984794137405045 5.409743518493681 -0.21111099748342171 0.9724603439979221 -0.09875741031942092 22.599519379375806 -0.7008562600078078 -0.08016869912967599 0.7087830997475318 300.7634731857726
0.682210787786932 0.22026417185206484 0.6971887374488064 6.017051216941889 -0.21279644453452157 0.972079830679687 -0.09888617688644938 22.496173944646014 -0.6995041917105301 -0.08089806786367579 0.7100347797082323 301.39077979692803
0.683949119753959 0.2216996790199418 0.69502723249542 6.639970281660155 -0.2150853377505929 0.9716378743752616 -0.0982758289928785 22.39182096643086 -0.6971025025579095 -0.0822745003143677 0.7122352192397654 302.03995603202753
0.6867765405061831 0.22253007790304477 0.6919670135482089 7.2905777015106255 -0.2170696475205438 0.9713317617059071 -0.09692975201973146 22.281850717748153 -0.6936993235802298 -0.08363595596251996 0.7153923925612874 302.7216989157214
0.689666523471122 0.22557370671769417 0.6880963517131155 7.976478860242427 -0.21866908886575884 0.9707570784825174 -0.09906828024502724 22.168890252358747 -0.6903216032965199 -0.08214132585810921 0.7188246563720462 303.44441184695415
0.69145580046407 0.2261230221842062 0.6861175226175736 8.65530437249439 -0.22133620106284507 0.9703862898460975 -0.09675088928683921 22.058719317853825 -0.687676640655812 -0.08496368234138271 0.7210284395079891 304.1652382855681
0.6929755003624138 0.22734907329138643 0.68417640617827 9.291157287432798 -0.22263095490713553 0.9700792451033083 -0.09685925942796099 21.955513920803945 -0.6857261944935469 -0.08519775286557665 0.7228560915507667 304.8444536453075
0.694546458995413 0.2288332995119019 0.6820854325752987 9.938612079960675 -0.22358966473313432 0.9697767468828213 -0.09767662478759949 21.85112420501606 -0.683822256234367 -0.08466629931601544 0.7247197662811927 305.53731053683396
0.6960189535321926 0.22786174398525413 0.6809086884097995 10.611582002486395 -0.22310570239198751 0.9700012012561168 -0.09654799387801251 21.740364892904147 -0.6824818399665535 -0.08471537752786874 0.7259764754633407 306.25544354746
0.6967921344482889 0.22760479173348516 0.680203484371374 11.264061926817357 -0.2235082302163133 0.9700008894006736 -0.09561561372220584 21.631896042628657 -0.6815605566613816 -0.08540686940673689 0.7267605343313329 306.95439632356704
0.6968892499046394 0.2276924208349974 0.6800746538885646 11.919400093116288 -0.22405009309724258 0.9699221373498178 -0.09514516940905729 21.523023343819727 -0.6812832958105379 -0.0860651437752804 0.7269428188492321 307.6607271137325
0.6965718398293391 0.22824260713858516 0.680215395476576 12.559440287850977 -0.2257004605715341 0.9696291700124455 -0.09422618934655975 21.416465681899872 -0.6810631204628319 -0.08788961797367084 0.7269308364609858 308.35129724414656
0.6956538486492853 0.22910760098152558 0.6808637382266225 13.192697533054657 -0.227378368301027 0.9692746389963368 -0.09383896753099726 21.310174908557094 -0.6814431748049153 -0.08953424691709372 0.7263737454924858 309.03841208085856
0.6943555552556211 0.2280202347287554 0.6825519287496774 13.818283500908137 -0.22853576781153456 0.9692441986688697 -0.09130764577806826 21.206478135707936 -0.682379488053717 -0.09258755802473746 0.7251108731653105 309.7146388475905
0.6927742545820471 0.22813699704171356 0.684117930454305 14.4048518202687 -0.23084470235088417 0.9688809694562801 -0.08933303096834153 21.10689690883706 -0.6832090131027422 -0.0960373760899794 0.7238800085711201 310.35221447020217
0.6917880308777536 0.23131589401569583 0.6840484467565163 14.94175262271002 -0.23176359783680323 0.9683110618576393 -0.09305547916093715 21.014969701864523 -0.6838968891960417 -0.09416286242383685 0.723476606593553 310.9347239759903
0.6911342222088712 0.23314688980958687 0.6840877243920239 15.461413677258554 -0.23213345008223715 0.9679960076408949 -0.09538233874363648 20.929264788950206 -0.684432281708467 -0.09287764512198109 0.7231363597496208 311.4915349837391
0.6901017231274461 0.23393544297326122 0.6848604385255702 16.013246773819546 -0.233356487017558 0.9676996028425688 -0.09540560059639357 20.841558987117793 -0.685057925801429 -0.09397705666405151 0.7224015165525344 312.0797401750471
0.6885666633309342 0.23383317488819474 0.6864386327058039 16.575072981424942 -0.23450074679630306 0.9675257991860007 -0.09435691634144633 20.754865602299578 -0.6862108640216085 -0.09599934495191866 0.721040065369128 312.67503058037875
0.6867851922815621 0.23312065461814296 0.6884626787656605 17.118623074124724 -0.23489807284406616 0.9675327841754301 -0.09329097984202075 20.669798069322052 -0.687858266677754 -0.09764769293817975 0.7192467817285826 313.2466092875845
0.6858486753940216 0.234047978332111 0.6890813727702414 17.671716251796816 -0.23413220263863918 0.9674951956939211 -0.09557802046893715 20.58416863445268 -0.6890527600611202 -0.0957840808685509 0.7183534671067688 313.82251085051
0.6869175219346564 0.23333027082160762 0.6882596187322548 18.251924397947832 -0.2337250257376814 0.9676715664121266 -0.09478582120455295 20.491953197971952 -0.6881256646885606 -0.09575345568603046 0.7192456779996014 314.4291237765424
0.6880761833363273 0.2328561283192797 0.6872620966046873 18.82816582167735 -0.2346039363449527 0.9676350934528636 -0.0929694518103723 20.397702353537035 -0.6866674296752165 -0.09726432759559353 0.720435626271081 315.0392721619329
0.6884280024734749 0.23290371512549932 0.6868935469860844 19.39163226392854 -0.23469242795170478 0.9676228609685955 -0.09287337181928883 20.30621577193744 -0.6862844524484853 -0.09727208444199356 0.7207994117060506 315.6350590899951
0.6884612443545163 0.23560839317679924 0.6859371691973547 19.966545113053986 -0.2350410015996247 0.9672019654700417 -0.09631243719236587 20.215507157714523 -0.6861317968064724 -0.09491597892628545 0.7212587014071878 316.24147968794017
0.6887499013034535 0.23397498802879507 0.6862064400975925 20.56789756732881 -0.23519252029144455 0.9674126838539472 -0.09379327010751419 20.11966759341156 -0.6857900931432617 -0.09679051655729477 0.7213345576437641 316.87431771527054
0.6884787682492804 0.23751461004090835 0.6852618446164 21.156732659991082 -0.23524961089613106 0.9669024962192576 -0.09877845604273904 20.02210792975154 -0.6860427145908441 -0.09320071256210288 0.721567059208455 317.4942359465695
0.6884624809299688 0.2433920930794364 0.6832127789921422 21.758976288324124 -0.23446562668107837 0.9661167871681154 -0.10790840308802414 19.92628684755682 -0.6863273870805415 -0.08589902547974197 0.7222022397949368 318.1255170219002
0.6890349780954231 0.24175917697183263 0.6832154120853423 22.384993957278862 -0.2360284668775481 0.9661811087993274 -0.1038490626955119 19.822090752188284 -0.6852162883239683 -0.08970264962198378 0.7227946270319918 318.78846930080385
0.689906029492862 0.24055734547687072 0.6827604514077525 22.961533977768198 -0.23749067216022082 0.9661832408636868 -0.10043966204159264 19.723609671405605 -0.6838332041560155 -0.0928553100865233 0.7237057691371882 319.40389313285704
0.6904253313633589 0.2413850475792038 0.6819429012879186 23.524401036597492 -0.23920774477025714 0.9658371309763917 -0.0996909788758236 19.626379682589935 -0.6827096869487979 -0.09429684635489144 0.7245795940500896 320.0080014051767
0.6905331974692093 0.24357391524578126 0.6810548076365024 24.10406839153546 -0.2412451577322959 0.9652352888369204 -0.1006062177731894 19.525589998455327 -0.681883184323878 -0.09482924124840288 0.7252880379136118 320.63413773390266
0.6899155760238369 0.2446872013136681 0.6812816388785068 24.69585488484495 -0.24210971880806595 0.964937167233988 -0.10138612996424151 19.423358278256863 -0.6822018631009289 -0.09499703576286682 0.7249663310650272 321.2699758477646
0.6891575024891793 0.24461611565171332 0.6820739642636617 25.28430294817865 -0.24279342712337712 0.9648361917841148 -0.10070985437985946 19.319291365546285 -0.6827248995814963 -0.09619812361472986 0.7243152852897953 321.9022441326577
0.6887162512920512 0.24537928363940167 0.6822455073995289 25.87471602784978 -0.24375158623105486 0.9645787789658449 -0.1008610102002004 19.214818574377716 -0.6828287409124422 -0.09683380778103516 0.7241326703405607 322.53696849879697
0.6891436754397081 0.24641604110820864 0.6814397473628979 26.462508031033458 -0.2449427660345381 0.9642648684948325 -0.1009767535326494 19.109493436829077 -0.6819707002275112 -0.09732624554148599 0.7248748622762368 323.175834603891
0.6895820279929322 0.24929582364271904 0.6799472177922752 27.016382056582067 -0.24672546372749463 0.9635888153260468 -0.10306862047684191 19.01082176308674 -0.6808841107101926 -0.09668602428916484 0.7259811571174158 323.7822524886135
0.6898571134360918 0.2499163064518348 0.6794402128304583 27.556139389934692 -0.24696839181720368 0.9634659593152244 -0.10363377192797293 18.914818139881927 -0.6805172859559483 -0.09630776194195168 0.7263752738804367 324.36636676539723
0.6905669770442279 0.24912863009273975 0.6790082296144239 28.10313427748449 -0.24776412498684786 0.9634864818178074 -0.10152210460705717 18.81511952638839 -0.6795073131214269 -0.09812606698762354 0.7270770842159973 324.9627803617328
0.6904692829697946 0.24823580478745325 0.6794344372319565 28.63604685976117 -0.24824434676673704 0.9635467287350434 -0.0997619458629049 18.7168988813274 -0.6794313163032273 -0.0997831988138417 0.7269225541011491 325.5457791966697
0.6897581146295458 0.24780975578586534 0.6803117434235914 29.149326307150442 -0.24789762272650895 0.963644818207763 -0.09967664213783124 18.625247326546905 -0.680279730661764 -0.09989489115404106 0.7261132823272668 326.10102480583544
0.6883562813632144 0.24769844557431342 0.6817705698898116 29.641319390077005 -0.24903009648881003 0.9634629305527199 -0.09860624976916679 18.5374812296565 -0.6812852860223707 -0.10190515939261528 0.7248901279080706 326.6337826407751
0.6862291047323156 0.24930474117092902 0.683327711898166 30.11681768629497 -0.24776819345188808 0.9633655683387978 -0.10265331973615394 18.452136773750144 -0.6838863488415853 -0.09886317701228027 0.7228592768299793 327.14019407911525
0.6826781470158545 0.2510117442682889 0.6862533437633603 30.563054338740006 -0.24721131521306974 0.963107208328413 -0.10635351849598317 18.37337134555207 -0.6876315243047149 -0.09704436874565348 0.71954518779374 327.6100342619559
0.6784203174220009 0.2493896655827583 0.6910504088773509 30.97597963330038 -0.24509548691587954 0.9635629921253832 -0.10711938433284218 18.297371882301125 -0.6925850671235279 -0.09670136972607637 0.7148249924915858 328.03559985444906
0.6737024296420494 0.2488775717031036 0.6958340251795455 31.383101288729204 -0.24317652605601636 0.9638064720955356 -0.10928065483920545 18.223437045669726 -0.69784684098284 -0.09558785827669011 0.7098399452555083 328.4466873531925
0.6691428659519277 0.24740299404041122 0.7007421661963003 31.83549169285393 -0.24221624848224418 0.9640710025150385 -0.10907974642818358 18.14364274074785 -0.702551858524928 -0.09674120450712533 0.7050262586838003 328.90032059292855
0.6656386150046235 0.24409798604736044 0.7052243667247693 32.32550648492518 -0.23875731008789455 0.9649817093665899 -0.1086519556544095 18.055222390742472 -0.7070503384443867 -0.09605453552830039 0.7006092670741072 329.3850007902741
0.661822979270367 0.2445369152739518 0.7086550932421204 32.826374337818756 -0.23550790763892807 0.965264243547063 -0.11314135216202281 17.966581728633 -0.7117066597617531 -0.09201433148057404 0.6964244347041165 329.87218924519027
0.6586334991769415 0.24255511011451783 0.7122983450207327 33.350697335808555 -0.2318704882908283 0.9659798041752751 -0.11453861613128644 17.87318863082931 -0.7158477424855881 -0.08972199553527303 0.692468030377903 330.3786428345889
0.6555245194474631 0.23879035298159984 0.7164263896075426 33.87019521582074 -0.2295442731132611 0.9668079538221278 -0.11221322162372566 17.777321716665924 -0.7194421666013741 -0.09089305666107741 0.6885792773288518 330.87802765592033
0.6534329331267914 0.2357194314276008 0.7193481434971314 34.380510374228614 -0.22713971835081187 0.9675472797232746 -0.11072402561145377 17.68349532675075 -0.7221031437771435 -0.09104180988722012 0.6857685021927021 331.3667192113633
0.6519697772896356 0.23550495494084417 0.7207446327925147 34.907540109392606 -0.22510753914290335 0.9678050781248771 -0.11260518006169731 17.585839424274887 -0.7240593935043804 -0.08882987647189489 0.6839936021075443 331.87042517919843
0.650924923468809 0.23714650795295142 0.7211506623257367 35.46920379917473 -0.22389244714941495 0.9676711556232318 -0.11612366978461389 17.48146597117498 -0.7253750175713067 -0.08587239568406405 0.6829765849155468 332.40769614698837
0.6508215877430952 0.2371345638653319 0.7212478489035223 36.074677079033656 -0.2237100922926035 0.9676926708615697 -0.1162956979739016 17.366792645391808 -0.7255239868770662 -0.08566267204098314 0.6828446756655592 332.98672784162176
0.6519228956061842 0.23653082832901964 0.7204510430518084 36.696539306347894 -0.22393729910184784 0.9677835868962429 -0.11509567761307354 17.248004543978908 -0.7244643705907279 -0.08630235329486081 0.6838883531398576 333.5823471287995
0.6530410362449054 0.237260642576319 0.7191973251232621 37.328919926208066 -0.22590379006334813 0.9674520347541831 -0.11403524930917724 17.129921760938146 -0.7228449921077109 -0.08799970417145621 0.6853839576839661 334.1924083876213
0.6546904875883732 0.23854129785408995 0.7172715069479529 37.98645396325039 -0.2268430767179805 0.9671658595207817 -0.11459676575954789 17.010569441536703 -0.721056574761246 -0.08768266302704751 0.6873057300780069 334.82787107234776
0.6564832245998748 0.23871309930888648 0.715573778192926 38.62850221255762 -0.2291328005409293 0.9668908164798969 -0.11234014742339213 16.89159521472661 -0.718698779416817 -0.09021200155846561 0.6894446020091751 335.4549477279183
0.6571293168667828 0.2437993983392992 0.7132621637824301 39.22625771709204 -0.2289482962848349 0.9661015178486517 -0.11929180541346121 16.781083086841857 -0.718166929440829 -0.08491001460326986 0.6906710873328932 336.0359054534556
0.6562054576576105 0.24553589295701142 0.7135170093348665 39.827374075443956 -0.23053438322333425 0.9656033407267518 -0.12026673076613414 16.672966822400355 -0.7185042070107904 -0.08557051856299636 0.6902386477593474 336.6157107548879
0.655629475049528 0.242334183504628 0.7151392416525809 40.46431449617117 -0.23105123047153875 0.9660572657181207 -0.11553652344958526 16.555057312283296 -0.7188639094737405 -0.08948465152401343 0.6893672292746101 337.23209394289347
0.6551726494431338 0.24109206369476405 0.7159772456196265 41.093746906051194 -0.23192966017623157 0.9661356448442154 -0.11309530711744839 16.440380833944634 -0.7189975188776412 -0.09195940726675127 0.6889020505579446 337.8405256649388
0.6544690636897795 0.2438465956789201 0.7156878386900445 41.69904497453582 -0.2329656424487781 0.9655489976322918 -0.11594025448352606 16.33126797897597 -0.7193033116227487 -0.09085136733741618 0.6887298272482948 338.4238075208839
0.653890280289897 0.2456810191563901 0.7155895039536844 42.300564681507 -0.23403229687751267 0.9651033543454831 -0.11749212505241796 16.22373471095868 -0.7194834156258485 -0.09064409664934003 0.6885689960940624 338.99993251248986
0.6536559425958048 0.24705537009980647 0.7153303801838982 42.89286602634082 -0.2364653494996646 0.964563161196819 -0.11705574120051153 16.114030512598816 -0.718900582274902 -0.09263666750724302 0.6889124767617124 339.5723283012407
0.6547544790120843 0.24918992556285766 0.7135831789017972 43.49527462309689 -0.23703654843907784 0.9641604121847543 -0.11919888539669155 16.004033283529264 -0.7177118132772404 -0.09109928964433563 0.6903554682253126 340.15475908116014
0.6561526189066669 0.24719278314935608 0.7129933160000875 44.11648446035975 -0.23890539339168446 0.9642743554677504 -0.1144516509082304 15.889112753117276 -0.7158127923628417 -0.09524019816301606 0.6917668327865816 340.7614879413071
0.6578646536195516 0.24724527328065837 0.7113957213523305 44.72071912559563 -0.23990489716172347 0.9641687922255645 -0.11324389792001789 15.778487987702947 -0.7139045719393118 -0.09616815969264103 0.6936079203883677 341.3558553473623
0.6591343755983842 0.24866002842349963 0.7097253448827618 45.322631499542965 -0.24275345285154817 0.963583195929571 -0.11215251067544361 15.671046104897284 -0.7117672625466706 -0.0983647029506972 0.6954938886720986 341.9557242989533
0.6596186495903795 0.24955837184924862 0.7089596999495239 45.946296837114524 -0.24660323468247072 0.9629093718487006 -0.10950975413214795 15.555272854832861 -0.709993015287269 -0.10259707912944513 0.6966948812768727 342.5822295108254
0.6601647407750451 0.2528509255097309 0.7072827754910285 46.58634547452701 -0.24895265089020124 0.9620681770428233 -0.11156791804206526 15.434019862826819 -0.7086643018045714 -0.10242671619441973 0.6980713968910806 343.22295390328645
0.6599585138897194 0.25712493462612745 0.7059330902698819 47.215598982486256 -0.2509736829661349 0.961086731011983 -0.11543182373641364 15.314749388261115 -0.7081433261726672 -0.10099041274403428 0.6988089625433395 343.85300043084897
0.6600228956299251 0.25732024239906576 0.7058017215167284 47.83306398746561 -0.25220608936133093 0.9608793373112477 -0.11446828214558817 15.19821694249721 -0.7076452965528386 -0.10245580500871548 0.6991000946121081 344.474105092145
0.6600759364550078 0.2571647643638455 0.7058087857789351 48.453786848633285 -0.2546875906871041 0.9605398258241972 -0.11179210238482666 15.07892817890195 -0.7067064378248187 -0.10596946246588944 0.6995258992786784 345.1065586487458
0.6598616933262864 0.2581098851874388 0.7056641076667394 49.08329943226914 -0.25662439117279695 0.9600924779580018 -0.11120411693662956 14.959585933548013 -0.7062056835906652 -0.10771128509581393 0.6997655403971011 345.74648581074314
0.6580904499912776 0.2594662108444525 0.7068198108855626 49.70836521636874 -0.25922718058992195 0.9594347889182694 -0.1108429278608084 14.84283017239959 -0.706907510551189 -0.11028223448669669 0.6986555662720647 346.37984387867806
0.6556230800921757 0.2606652441266177 0.7086691804748263 50.308748726619555 -0.26021460786661854 0.9590309897501521 -0.11201749216825878 14.731420636202039 -0.7088347724986916 -0.11096481966486044 0.6965917556887036 346.9793254168899
0.6525855998617476 0.2623475664970231 0.7108486401521603 50.900579765106244 -0.2601372374848783 0.9586984473904632 -0.11500393317122518 14.622018652476072 -0.7116604896485548 -0.10986829080406162 0.6938791725862442 347.56099959867413
0.6486312098538752 0.2621159676686947 0.7145437517021642 51.48039751446803 -0.2598410592514164 0.9586827934059802 -0.11580123295720464 14.512232064838978 -0.715374152126425 -0.11055551148816994 0.6899400708387541 348.12361026313283
0.643432100098293 0.26033958422595277 0.7198739010744595 52.04418056888677 -0.2594703033737228 0.9588960270568923 -0.11486327072505047 14.403841719429156 -0.7201876798656375 -0.1128791839958379 0.6845348753644194 348.66511771378754
0.6367082068067926 0.2585694553734321 0.7264602508966115 52.56920616542329 -0.25803602831340366 0.9592348372497518 -0.11526463073591395 14.303531527182168 -0.7266498933304294 -0.11406298152481013 0.6774729284396122 349.15778918082475
0.6274846135371318 0.25750151931289655 0.734817002610656 53.02474772041409 -0.25553338095807276 0.9595657829911233 -0.11805168075368198 14.217670264698441 -0.7355037396167977 -0.11369465978744556 0.667912998335502 349.5659663274636
0.6176837517774413 0.25718472796846464 0.743184229171969 53.471722880885466 -0.25153973567312005 0.9599806065415198 -0.12314624006307683 14.134714318536977 -0.7451137793435594 -0.11087493298290245 0.6576566011744973 349.95130406343003
0.6072683581917453 0.2561578013121999 0.7520693598106521 53.914391634562634 -0.24771982480121532 0.9604570411907143 -0.1271108194751105 14.051866295648786 -0.7548907401336689 -0.10911211139959989 0.646710536180106 350.3193514407118
0.5959663552652956 0.2546203682406751 0.7615724335010984 54.3300159151169 -0.24273891266430622 0.9611523741276952 -0.13139229044067177 13.969692161040209 -0.7654423059057754 -0.10655787997928065 0.6346207485923918 350.65183299060567
0.5861855950758942 0.25337637311086053 0.7695367838347353 54.78364213012363 -0.23829198332459936 0.9617444703814125 -0.13514623329566197 13.879087205748192 -0.7743406090402011 -0.10415367127453003 0.6241383131576564 351.007351138885
0.5807427783476525 0.25202913570836327 0.7740924622751131 55.27147152101284 -0.23459247217582466 0.9623453606457362 -0.13732362812736693 13.780925279399517 -0.7795538450905655 -0.1018465590863238 0.6179992564775366 351.38929749248985
0.5794074605656832 0.25318202530866013 0.7747166299373172 55.753056544498165 -0.23232315523717767 0.9623987814715088 -0.14076411816509835 13.683178458060452 -0.7812252851652138 -0.09842483163694375 0.6164410809929584 351.7686282037244
0.5818847971471981 0.25241682238336427 0.7731079036116834 56.29608541620618 -0.23102762873289248 0.9627562130338518 -0.14045180321652587 13.57187997022748 -0.7797668354136523 -0.09688251670245915 0.6185284636509246 352.2046616376978
0.5852854040717423 0.24786658133981387 0.7720124051046675 56.92028426257627 -0.23095229419436486 0.9636511943146183 -0.1343034381628768 13.440790914234302 -0.7772400102844281 -0.09969219403204943 0.6212563342631894 352.7163640995785
0.5879967854909584 0.24908319612054344 0.7695565876936389 57.551880864022614 -0.23245889459058597 0.9633062166110468 -0.13417896766719556 13.307116947776285 -0.7747403710779656 -0.09999347203136108 0.6243225632420207 353.24508956394124
0.5912000623733215 0.25322853463015005 0.7657400312761834 58.155968918081534 -0.23332086666416135 0.9625334628211993 -0.1381691214726201 13.182403580194816 -0.772038768086724 -0.09697753450412179 0.6281333444203012 353.7548888620111
0.5942055022889603 0.25277097319981995 0.7635618220924505 58.75519536973068 -0.236136197561151 0.9623235293970689 -0.13480771851095888 13.059789755539883 -0.7688689857517251 -0.10020109718154288 0.6315063126151043 354.2666082554191
0.5973027075442879 0.25158564995465815 0.7615340677193356 59.37600820248463 -0.23775988341939713 0.9623874223879847 -0.13145602711859808 12.93134915377808 -0.765963258516137 -0.1025432102398952 0.6346535879021211 354.8008243788172
0.5992434661884457 0.2530091976240421 0.7595351302922717 59.99963006715816 -0.23953316578196213 0.9619480365278777 -0.13145279575053595 12.802365625536549 -0.7638920936368756 -0.10316162531581063 0.6370451697809728 355.3390502357752
0.5993404977472162 0.25545980111373834 0.75863776453262 60.65629698184225 -0.23969797092272133 0.9614991140543778 -0.13440363242180958 12.669899876325443 -0.7637642636937463 -0.10129039286909769 0.6374985535801401 355.9014201377723
0.5984024839803741 0.253112344707232 0.760163540379916 61.354727731408865 -0.2411603476901983 0.9616884877274301 -0.13037231022909393 12.532293962107968 -0.7640393667004742 -0.10530618941608356 0.636517440925698 356.4970700070253
0.5966368766475968 0.25250777160835663 0.7617507877919031 62.040134704461984 -0.2435278771913173 0.961416903197427 -0.12795198817118777 12.39446263005256 -0.7646689548130564 -0.1091666777164687 0.6351094598740077 357.08146254426674
0.5952599600765713 0.257100851082035 0.7612914897084655 62.72142534682571 -0.24330001088033484 0.9606251042078913 -0.1341808998002573 12.257083033383786 -0.7658137401713742 -0.10534971067103704 0.6343743010449409 357.6544295167513
0.5939217596132313 0.26010904020129616 0.761314803917201 63.395422054474714 -0.2450643284980146 0.9598144518848947 -0.13674682025815454 12.118652408904802 -0.7662900354015714 -0.10535418908832972 0.6337981354388765 358.222998412913
0.5918848118849465 0.2602495470729073 0.7628515862920329 64.06758560899563 -0.24734499404790025 0.9594204942296279 -0.13539855675604567 11.979265794219602 -0.7671328590142433 -0.10854717177578944 0.6322378414173797 358.7938233117744
0.5888121941134881 0.25736967560529245 0.7661990930183155 64.73857123336776 -0.24934026680971785 0.9595549665339015 -0.13070461945693193 11.84141447246135 -0.7688495505692384 -0.11408381251934661 0.6291702888014724 359.3592279719455
0.5862714904947806 0.25723083642633643 0.7681914059818936 65.37992069145675 -0.250167928845014 0.9593904648841965 -0.1303301318447909 11.71119673427437 -0.7705204389310032 -0.11576801233800338 0.6268141833979826 359.89105806888324
0.5855701674792555 0.26246099582792437 0.7669561947251836 66.04304100100819 -0.24968391959363356 0.958531581446959 -0.13738685404779818 11.580490143849465 -0.7712104247575224 -0.1110469857213853 0.6268197888608129 360.43510242508717
0.5868615783677377 0.2630138098456898 0.7657788346945781 66.7456063886302 -0.251410172346994 0.9582158946554717 -0.13643762116831218 11.442824530772652 -0.7696664297448501 -0.11245459110266952 0.6284644396175053 361.01662262301863
0.5886179161084714 0.2611611954762188 0.7650645585919894 67.4472333054766 -0.2537662826085144 0.95823547473674 -0.13186147567469958 11.302268150165284 -0.767549101131112 -0.11653156196278411 0.6303084740183441 361.6062203561822
0.5911444258180026 0.26185944185779225 0.7628747607138621 68.12055779325145 -0.25547321869494327 0.9579210618353448 -0.13084599276206538 11.16711572836573 -0.7650370594644103 -0.11754519131878792 0.6331677705346946 362.1743528864047
0.5933194189719972 0.2646833747328483 0.7602070627209174 68.76510813533255 -0.2572782803311939 0.9572134625432066 -0.13247744561195288 11.039398764252738 -0.7627450121374488 -0.11698332473508803 0.63603061891183 362.72252882884095
0.5945363519122655 0.2630332152910369 0.759828963588857 69.41722594708204 -0.25962542495682095 0.9571623925199096 -0.128198256858476 10.912963372988228 -0.7610001083908245 -0.12105239361210852 0.6373579473340942 363.28069928724597
0.5954705818176458 0.2613679005231085 0.7596720389522702 70.05769707781816 -0.26047183985054834 0.9573291490631036 -0.12520112219538343 10.788166290655955 -0.759979741068554 -0.1233195885910087 0.6381403233107242 363.8294418407988
0.5962768729085035 0.2644609336061497 0.757967219232219 70.66574551900757 -0.2607000435510566 0.9567965970826927 -0.12874687997561593 10.670689376308063 -0.7592689761388485 -0.12083330007552666 0.6394606598266387 364.34806387927534
0.5946040084969871 0.26680514489242263 0.7584596810234879 71.24914577986722 -0.2634305942317181 0.9559135710685656 -0.12974423559320633 10.557871264558942 -0.7596383317750893 -0.12265504190971946 0.6386746789971262 364.84873631758745
0.5922320940711647 0.2647023821592378 0.7610478274269699 71.83981702335625 -0.26503781929943077 0.955938398004504 -0.12624077614457277 10.439151012897849 -0.760931075126445 -0.1269426173505448 0.6362935413840876 365.3550128323622
0.591225366203014 0.2641882419741058 0.76200862144778 72.41286700183682 -0.26672833417564956 0.9557100194437979 -0.12439595846577127 10.321114258349557 -0.7611232239959551 -0.12970324412814963 0.6355064959200926 365.8462394771716
0.5910984057617183 0.2670220762778344 0.7611188379525448 72.97056849284422 -0.2675676145964444 0.9550958831044642 -0.12727696451468223 10.207236242517267 -0.7609272280087795 -0.12841754108056128 0.6360021138468762 366.3244246313331
0.5922109645583127 0.26843680830787897 0.7597551272629851 73.54798649995725 -0.2678064705857785 0.9548491602968601 -0.12861872100425045 10.08978266237382 -0.7599775442533175 -0.12729792231556597 0.6373612564353397 366.81741028839923
0.5924952333957412 0.2696760930990061 0.759094330906367 74.09724122349998 -0.2699203217782779 0.9542911408891963 -0.12834110141145919 9.975367992702525 -0.7590075218958234 -0.1288534952232648 0.6382040100738221 367.29168757228484
0.5921098117000047 0.27120843077718376 0.7588491009179396 74.62467614440708 -0.2701314552266542 0.9539833684005042 -0.13017192367157163 9.863363470449503 -0.7592331445516041 -0.1279129387146002 0.6381248407041338 367.74200847715406
0.5898970761721556 0.27278845787333256 0.7600051952287128 75.10721960902663 -0.2704871527910178 0.9535862696606804 -0.13232507883857883 9.759500897158153 -0.7608272732352281 -0.12751346425266916 0.6363035256351554 368.14899523310874
0.5862023109809577 0.27239372547804647 0.7629996781917919 75.54344893406633 -0.2698417169913961 0.9536553111926651 -0.1331427624963359 9.663234127262411 -0.763905948642712 -0.12784054816141555 0.6325381378810807 368.5118934578423
0.5821193481449392 0.27111455254702366 0.7665728692776317 76.00785204114531 -0.26852950424102173 0.9539786669168286 -0.13347886881323665 9.559776169344065 -0.7674822277208666 -0.12814680044705548 0.6281316961177779 368.89390430279315
0.5780000665912558 0.2694816032002033 0.770256832853273 76.48369728293854 -0.2677879891633642 0.9542663212038646 -0.13291117739258898 9.455593361114904 -0.7708472714360138 -0.1294428590254815 0.6237299338391253 369.28275974488355
0.5738175027297685 0.2706802871848755 0.7729590258807308 76.91561887155284 -0.2682542804261982 0.9538581260392436 -0.13488630924569323 9.36079935209927 -0.7738043128556447 -0.12994944216277224 0.6199516335066677 369.6353331559581
0.5701418544065796 0.2717437355696481 0.7753022688168033 77.31397692889192 -0.26776186930907786 0.9536454101641134 -0.13734632509473216 9.274455894823921 -0.7766864535949732 -0.12928949629251754 0.6164757732064482 369.95349985166627
0.5663168949762988 0.26995671971464774 0.7787223792503423 77.71789249152886 -0.2669053238840031 0.9539908593344928 -0.136612548430262 9.18471056543661 -0.7797735072101262 -0.13047915460770954 0.6123140270041788 370.2724131401561
0.5621139256674226 0.2691558490250508 0.7820377634784437 78.12223220651441 -0.2659024513613271 0.9541757503872478 -0.1372753573405255 9.092721330288741 -0.7831499351534147 -0.13078136835396756 0.6079246768808316 370.5894991604311
0.556876906036074 0.2698621091462625 0.7855332924649489 78.51501682912516 -0.26642209245772114 0.953810006642163 -0.13880108025417384 9.003038386488697 -0.7867066671728034 -0.13198830734730627 0.603051993238933 370.8950424337316
0.5507929182671416 0.2714947230662538 0.7892514026176619 78.92969970182777 -0.2664138680829447 0.9533386940372998 -0.1420175529444801 8.907231137499332 -0.7909809176458367 -0.13204525662981303 0.5974221607219755 371.2116627262453
0.541792788891695 0.27303122641925937 0.7949305147652573 79.36946236163564 -0.26546382855485623 0.952944682553813 -0.14637413610815778 8.803986938354731 -0.7974895169429864 -0.13172084646101723 0.5887784719006227 371.5369544859445
0.5285235796025001 0.27437730520976455 0.8033554133694439 79.79809001297278 -0.26357031400419606 0.9525977928566305 -0.15194780228882787 8.698432409519508 -0.8069656221797122 -0.13143264218033154 0.5757881078917869 371.84203860230065
0.5119542670640894 0.2748007074401228 0.8138718570053162 80.24471353745125 -0.2624347864178364 0.952187107392907 -0.15642153110282558 8.586146640461935 -0.8179430367163085 -0.13350761665588903 0.559593517637727 372.1466685634496
0.49417387666047785 0.27548866021269036 0.8245593839867295 80.6966052605941 -0.2592538653470041 0.9520074243493991 -0.16269387599494886 8.469592111028701 -0.8298069732949905 -0.13337114409736198 0.5418786995197034 372.43512603520475
0.4747625468764041 0.2773943302447695 0.8352561940096518 81.13092511315965 -0.2560443147187244 0.951515549734264 -0.1704683768741859 8.356692199666545 -0.8420462178429696 -0.13293059904309668 0.5227691869787193 372.69867290289756
0.4511035447395281 0.27945129866555557 0.847592215394626 81.61048667760689 -0.25424698899667575 0.9505995657985501 -0.17809810243158555 8.231494854890942 -0.8554905379427394 -0.13515708334283436 0.4998684850165073 372.98109359871484
0.42363238516769963 0.2796469988895229 0.8615875801386716 82.16340315685716 -0.24941223829161469 0.9503984577967168 -0.18583946515201796 8.086851820238634 -0.8708209561255937 -0.1361628709660037 0.47236694946069196 373.2776372578572
0.39230323288523367 0.2774177589791098 0.8770048805284983 82.74080198525083 -0.24135782181321339 0.9510743867280734 -0.19288315830937447 7.9324166492724 -0.8876060924291673 -0.1360033011100345 0.44006650266726205 373.55802402009533
0.3594598147494528 0.2749487264895715 0.8917352967007951 83.29430401632534 -0.2323690940813869 0.9518795620703657 -0.19982468173006945 7.777939669554961 -0.9037661454691057 -0.13538277997770198 0.4060520375388136 373.7991971329864
0.327083064918146 0.2737432797255722 0.9044784604670485 83.8890355105938 -0.22283560528488952 0.9524759975069768 -0.20768670441413825 7.610893925343052 -0.9183468634786469 -0.13361920138279498 0.372538517955866 374.03545055902254
0.2935316690269564 0.2712956269223247 0.9166448833060027 84.52790128334414 -0.2135477378368176 0.9532619441943181 -0.21374992260968348 7.430910679664357 -0.9317921028550449 -0.133005069691688 0.33774713691352015 374.2644198254346
0.2599461957399394 0.26987848402709247 0.927142696233743 85.20071717235012 -0.20491234931980187 0.9536990905272409 -0.22015670288172481 7.24039230236447 -0.943630703409216 -0.1327540906591998 0.30321188465605153 374.4791194288435
0.2278071358227717 0.26881274136697614 0.9358651713505528 85.92495345892732 -0.19529027228459314 0.9542210309021315 -0.2265478619079901 7.038474257103828 -0.9539211804018367 -0.13115614458668545 0.26987487344678895 374.67790147779124
0.19610102698445142 0.26825787265147316 0.9431766011602242 86.6488285483512 -0.18650270786469972 0.9544982484123115 -0.2327011683188606 6.8337301258986365 -0.9626843341276393 -0.13027205202319603 0.23720890642403508 374.8556976939504
0.16303081526744193 0.2674278938209906 0.9496858822156437 87.34669037460982 -0.1774496541984453 0.9548153486473031 -0.2384098785964623 6.630214515804831 -0.9705321084323195 -0.12965327452091885 0.2031193120013873 374.9984459240252
0.12679585278391134 0.2663792340206857 0.9554919755808295 88.00005509481174 -0.1699886740707114 0.9548518146032804 -0.24364290023824356 6.437067564153808 -0.977254655862268 -0.1315299047037368 0.16635270290603366 375.10870562203115
0.08994483581880129 0.26173859334789407 0.9609385179405587 88.59954546349431 -0.16027708410276267 0.9560774000973296 -0.24541243109232522 6.255744891997788 -0.9829655043901806 -0.13194284283505153 0.12794492332077745 375.1745484449375
0.052454239526453846 0.2580350612678601 0.9647105575830482 89.13619315946083 -0.1516973234272047 0.9568883513635756 -0.24769458025907387 6.090253145172783 -0.9870341811815437 -0.1333513786250013 0.08933607892720528 375.2130576772096
0.01438785754850376 0.25846066230106585 0.9659146316305914 89.59064524504308 -0.14130365508597192 0.9568454813102247 -0.2539291278202394 5.949345091256366 -0.9898617411611106 -0.13283377183192985 0.05028839276010039 375.2148879547499
-0.023207150972090505 0.2608424611827269 0.9651023979805972 90.03952987300417 -0.12860141547520113 0.9565631381506206 -0.26162690738761946 5.806685897543303 -0.991424784883619 -0.13018514959692187 0.01134560456273353 375.19177175436386
-0.05895115477347005 0.2665338858741485 0.9620210231755351 90.53456600538233 -0.11863610394881251 0.9549968109630014 -0.2718576206221604 5.651733587612923 -0.9911862772409218 -0.1301567467760406 -0.024677623020805967 375.1565011297681
-0.0884645275798409 0.27021796401972414 0.9587263839496194 91.13940192650361 -0.10874189008526639 0.9541273218464889 -0.2789556506807651 5.460729222147174 -0.9901258650801704 -0.12893139891849606 -0.05502241063567322 375.10651481896235
-0.1128093289956208 0.26989294923361157 0.9562593012596234 91.81530380411492 -0.10164533615959036 0.9542190279945453 -0.2813081446566158 5.242553010080268 -0.9884039057635083 -0.1289334811719859 -0.08021144871096648 375.0401987479154
-0.13398931145180148 0.2710186135532151 0.9532029036487286 92.46400639731506 -0.0943813490041773 0.9540139977188156 -0.28451617373484056 5.033121637858944 -0.9864780916861866 -0.1280867021366989 -0.10224857631733235 374.96273803034796
-0.15323244302603486 0.27068399171542035 0.9503946522541472 93.16424279801895 -0.08874988143103002 0.9540965760012998 -0.2860475173962753 4.808135814043506 -0.9841967673947358 -0.1281791726124047 -0.12217537705343459 374.86759325470126
-0.17325335154636792 0.2670885477945421 0.9479699276954704 93.88081853957901 -0.08216501709326143 0.955250724926372 -0.2841565809438581 4.575810893769474 -0.9814439291900537 -0.12712104532547697 -0.14355505456564052 374.7567575525822
-0.19316602571654193 0.26514022886479544 0.9446626623014177 94.53029154688583 -0.07534950756400316 0.9559439008783043 -0.2837141344442174 4.360718090814972 -0.9782685409532164 -0.1259837982087108 -0.16467769846026237 374.6396006158159
-0.20710384783644506 0.269111056676318 0.9405781389049483 95.20793084688431 -0.06895237054617305 0.955016668700156 -0.2884245709035866 4.137329051493498 -0.9758860419164719 -0.12458893080611284 -0.17923178153772998 374.5071861283055
-0.21659741631649557 0.27510672692699945 0.9366973086566087 95.91714643322102 -0.06542959672705427 0.9532262766210309 -0.2950908901191955 3.9067670794803657 -0.9740659767783442 -0.1252036515390723 -0.18846622648137684 374.36563471991195
-0.22327212065409152 0.2730806242067556 0.9357224657030928 96.61835985347766 -0.06077910443609232 0.9541872958439069 -0.29297185003688847 3.674984450095388 -0.9728594248927064 -0.12228481971585536 -0.1964458252661283 374.21661252411917
-0.22783258720960461 0.27378820747627425 0.934415501611734 97.34858605637042 -0.05640522073526046 0.9543315000869736 -0.29337661634075574 3.431639071805643 -0.9720652052610362 -0.11954666615457364 -0.20198473044302956 374.0539966374239
-0.23131020004389546 0.2743926018142518 0.9333832500239442 98.14522046571969 -0.05483295066619561 0.954200180644592 -0.29410093977929475 3.168765230833306 -0.9713335878455392 -0.11920870491466327 -0.2056704786683737 373.87589112513945
-0.23291711821414343 0.2747966368492438 0.9328646334914651 99.03885428791598 -0.05335535976161274 0.9541915099232665 -0.2944006928916154 2.872315923994059 -0.9710318334779369 -0.11834428911738498 -0.2075856632953587 373.67510010089933
-0.2325303568781991 0.2743239018091081 0.9331002250703437 100.01182043946329 -0.05260101656857549 0.9544468533938718 -0.2937079112017362 2.546811422528959 -0.9711656739125646 -0.11737802580875753 -0.20750815133673592 373.45643282618477
-0.22970538303431456 0.2734249936406558 0.9340632793647697 101.04180131478869 -0.05254625989217314 0.9548422534764293 -0.29242975489405343 2.2021712557257063 -0.9718406904304836 -0.11625422069180671 -0.20496494479529548 373.22799827406413
-0.22507146974174577 0.2715267435241875 0.9357435872392833 102.1050140595516 -0.054076326964343696 0.955423519137843 -0.2902441212846572 1.8457144280264282 -0.9728404722102858 -0.11592724713977938 -0.20035540671580973 372.99915086421663
-0.21939817058674266 0.27136656278371274 0.937136399541788 103.16769739385305 -0.0553150263413197 0.9555346448093619 -0.2896442480525086 1.4904534351048286 -0.9740660606981674 -0.1153851427697573 -0.19463190443489442 372.7769124951548
-0.2133608236861492 0.2714381906799667 0.9385086401074609 104.2215221182338 -0.05631229309619145 0.9556146713453044 -0.2891876995237725 1.139385815363224 -0.9753492115966531 -0.11455089938533482 -0.18860542645373465 372.56340910905396
-0.2079903936353397 0.27082398368789634 0.939890613856121 105.26619411051952 -0.05759022817990269 0.9558471164970245 -0.2881660207285163 0.7933122926187334 -0.976434002774176 -0.1140642789997771 -0.18321020299824622 372.3590071201958
-0.2037924023238793 0.26974991197195586 0.9411182931737038 106.29620729882072 -0.05758838575817088 0.9563243246050503 -0.2865787221593041 0.4553292101067027 -0.9773189011683068 -0.11260004955511145 -0.1793571695231528 372.1598560156409
-0.20241915514697137 0.2696349181584442 0.9414475537911163 107.3207624425345 -0.057525611549400765 0.9564145661817752 -0.28629003058295877 0.12124019218934312 -0.9776079427078374 -0.11210793239112517 -0.17808571489463687 371.96440486153483
-0.20206677201661766 0.2702644470795939 0.9413427368878708 108.29018313497602 -0.057378469713704514 0.9562520843036875 -0.2868617480218721 -0.1932321113256047 -0.9776894859105799 -0.11197803315656119 -0.17771941151796303 371.78044138836015
-0.2029001392158719 0.27046428149555773 0.9411060545662604 109.1947761440421 -0.05635602400210723 0.9562789003473036 -0.2869750220998733 -0.488321050135783 -0.9775763561302258 -0.11126426733520753 -0.17878683046999444 371.6060725055065
-0.20556287630140602 0.2710111677381269 0.9403705922921619 110.07598900969893 -0.05521355353869181 0.9561493302078559 -0.2876280964173975 -0.7784841738350309 -0.9770851382516875 -0.11104686084839367 -0.18158531687169918 371.43447401794776
-0.20982844026400446 0.2707298630605575 0.9395091095373096 110.88080616831266 -0.05453318988548812 0.9561641691236853 -0.2877085554600751 -1.0466457627774233 -0.9762162449259308 -0.11160386611234205 -0.18586667321359898 371.27639942228126
-0.21647687930248516 0.2706398267097343 0.9380255033451829 111.5471660252101 -0.05433323733197346 0.9559796113157981 -0.28835894657443883 -1.2705470062187725 -0.9747746714233404 -0.11338900717008493 -0.19224274499834446 371.1441786916862
-0.22795101796114117 0.2702287145010837 0.9354222443739366 112.08605159840629 -0.05243622987281347 0.955914157077894 -0.2889265756118361 -1.4541092496662436 -0.9722596233554089 -0.11491112286088016 -0.20373183019756033 371.02789888283985
-0.24581869892190752 0.26914434855738695 0.9312005621239509 112.56297401663238 -0.04911927395900001 0.9559851696647054 -0.2892743547341905 -1.6210038421595505 -0.9680704851332252 -0.11684894103397486 -0.22177885560431193 370.90964376528626
-0.2700347922474831 0.2682811982884634 0.92471963838818 113.00576538997478 -0.04326006451617191 0.956047555805559 -0.2900028238763725 -1.7815033924324104 -0.9618782551830101 -0.11831428351268418 -0.24656024116423522 370.7793506056892
-0.30582438267821627 0.2676206969113728 0.9137015976478101 113.38361707326719 -0.03477597675438555 0.955901633404811 -0.2916208132057618 -1.9244225806115582 -0.9514526149001131 -0.12095962069501735 -0.2830312558023444 370.6382790532107
-0.3503210270720725 0.26797449570164666 0.8974769343245641 113.69723233009539 -0.021306243318897834 0.9556703281478584 -0.2936669336057395 -2.048580156877345 -0.9363873247683359 -0.12199956373368709 -0.3290818810903859 370.4780634972592
-0.3952842754278636 0.2692842613571863 0.8782006195538608 114.01346259265362 -0.007514799518578973 0.955083514834149 -0.2962414681982259 -2.171574102808539 -0.9185280994001551 -0.12369909570146198 -0.3755058778967076 370.30274953890967
-0.44198284377636116 0.2696811719912717 0.855525120192725 114.3332628514541 0.008197701988140267 0.9549121986232064 -0.2967751515924209 -2.298436092913604 -0.8969860441999481 -0.12415618548427165 -0.4242655749840207 370.0990000808552
-0.4907384993524479 0.27062038054519016 0.8282151501191497 114.63378918366156 0.027599370479985497 0.9548945536921574 -0.29565971331610413 -2.4223263467545064 -0.8708696802635931 -0.12223338726644531 -0.4760724724608177 369.86129518807144
-0.5377951437195503 0.2715645064546816 0.7981410290328993 114.9316442352766 0.047106789241076856 0.9549019277410432 -0.29316080707323894 -2.5457992099310505 -0.8417584771174342 -0.12006259713358348 -0.5263341514384893 369.6099242723791
-0.5822443683546269 0.27314750759976597 0.7657557930641852 115.21069410570824 0.06622057233532806 0.9546765951005062 -0.2901851728929002 -2.6661765839236784 -0.8103124899191053 -0.11824989581110208 -0.5739430553824665 369.33027768456753
-0.6236801137246125 0.2736841322039083 0.7322022340339108 115.5098292339871 0.08380113755190825 0.9547153816808401 -0.2854748838812452 -2.7978914141517475 -0.7771746811942974 -0.11668562791448586 -0.618372039429939 369.0228943261316
-0.6612376082151119 0.27435336541777416 0.6982084619695621 115.84757290035792 0.09861345180211824 0.9544380203795124 -0.28164419464584256 -2.9479117776750963 -0.7436667349059166 -0.1173809871230224 -0.658165246162691 368.6598802289468
-0.693761753975469 0.2737686415363588 0.6661421467166145 116.19255820439139 0.11207905286866326 0.9547059188102335 -0.27563543766498544 -3.1049689081378147 -0.7114301895681275 -0.1165647438123606 -0.6930221828130861 368.262295736923
-0.7189256664258209 0.27245420427163075 0.6394643013717841 116.54905267943151 0.12428663652074333 0.9555387494356462 -0.2673920909625385 -3.274940264835931 -0.6838850182132576 -0.11275816999965124 -0.7208237488885751 367.8134658055107
-0.7373144619297989 0.271608515647663 0.6185436107962369 116.90866567123048 0.13264892083514948 0.9559988449796594 -0.26166863052116873 -3.4490203181360726 -0.6623984058181597 -0.11088292305502585 -0.7409003504819872 367.35829256403434
-0.7514608764086284 0.2721062355858095 0.6010530324210155 117.24728007527048 0.13692742939646904 0.9554777847453845 -0.26136771402934234 -3.6115044501847047 -0.6454126047003182 -0.11410696478904764 -0.7552629808752573 366.9167927335901
-0.7619873753428511 0.27150949152824133 0.5879267265809497 117.5999540754463 0.13874846234872426 0.9552314427689625 -0.2613077781876905 -3.7805258913918656 -0.6325536372624662 -0.11753929877108515 -0.7655458243831151 366.44825971487296
-0.7694194497579094 0.27081560919266867 0.5784916733643116 117.99471195605892 0.14184851193633224 0.9555009805154863 -0.2586443038139232 -3.9699019063771743 -0.6227942758212233 -0.11694777488924056 -0.7735958298444808 365.9128974949228
-0.776735824040782 0.2697686486834384 0.5691276973045687 118.43808398974 0.14456028283786246 0.9558630622467764 -0.25578923131760095 -4.18485376060177 -0.6130120588353238 -0.11640739847502572 -0.7814509154788621 365.29617436002405
-0.7817847307104516 0.2694013971481869 0.5623482213385167 118.90475105604517 0.14591672295494032 0.9558519010126144 -0.255059705348883 -4.410258166643129 -0.6062350573746754 -0.11734577344400837 -0.7865805900635671 364.64009737476596
-0.7842395156786071 0.2684593466174045 0.5593728284980797 119.38875608228828 0.14554995074903182 0.955991117038411 -0.2547473179065923 -4.648170832453735 -0.6031447536745526 -0.11836622557724844 -0.7888002552975356 363.95868978903127
-0.7852309604897247 0.2670377948669594 0.5586619324788276 119.9147602582215 0.14362559573232805 0.9561692742362563 -0.2551705454339149 -4.907603268440906 -0.6023155542893748 -0.12012965961451519 -0.789167179970114 363.2191975431517
-0.7857290038472879 0.2660512103569935 0.5584323468252258 120.46508542826217 0.1422798213314692 0.9563048683712889 -0.2554162312212241 -5.178881912337881 -0.6019853693861937 -0.12123428639187533 -0.7892501902743001 362.44452805562923
-0.7868056703647119 0.2659728106304261 0.5569517942221658 121.00000266079111 0.14187834832579455 0.9561593465119987 -0.25618321247515213 -5.443576016223768 -0.6006724326604969 -0.12254700356636934 -0.7900473786796736 361.6869925910233
-0.7877575582952056 0.2653430793439205 0.5559056391088903 121.5180022247359 0.14125394227570118 0.9562316014647869 -0.2562585572262097 -5.700493472296584 -0.5995709742310308 -0.1233457522753477 -0.7907594275475188 360.9512427805117
-0.7883564302401646 0.2643716903495732 0.5555193500146471 122.01107120847848 0.1409680449742883 0.9565632467138685 -0.2551759497530017 -5.943418597187532 -0.5988506902351456 -0.12285912411346829 -0.7913807468134155 360.2485109293023
-0.7898856659618463 0.26297683653361464 0.5540070560514416 122.48922265202657 0.14050365799230946 0.9569637814848229 -0.2539272396121471 -6.177848581761495 -0.5969416695111753 -0.12273346883811662 -0.7928411813397258 359.56428503429663
-0.7915072028795782 0.2623733608581743 0.5519751509821204 122.99307011686109 0.1407245922757853 0.9571328519048491 -0.25316653201657724 -6.42635156629217 -0.5947377043021225 -0.1227066555508408 -0.794499930626156 358.8397241281218
-0.7932920556208738 0.2616932139826189 0.5497311854390814 123.5315715402541 0.1411476353937002 0.9573631081698021 -0.2520579777317501 -6.6923439202046655 -0.5922542186524078 -0.12236233436355891 -0.7964059264078368 358.0616075494289
-0.7946192445598059 0.26161972576903625 0.5478461237096961 124.06723880861101 0.14164130437739317 0.957372925582983 -0.25174356447573204 -6.9584109662607725 -0.5903541285275071 -0.12244264146615946 -0.7978031100975448 357.28410429001167
-0.79505345150136 0.2622216735577016 0.5469276032276803 124.57686715806936 0.14202819671206604 0.9571345945067546 -0.2524309001233917 -7.214590988453165 -0.5896761828279073 -0.12301691719021843 -0.7982160343481715 356.5414789455211
-0.7955645128374078 0.26187052475922445 0.5463523901074363 125.05674438501366 0.1414494297651931 0.9571262151199401 -0.25278739515505194 -7.458624163410897 -0.589125763087032 -0.1238274468464196 -0.7984970874553126 355.8410747685693
-0.7960079486690553 0.2609913744910118 0.5461271354702832 125.5189317500659 0.14054252200182318 0.9572986364288986 -0.2526402980538439 -7.6939708295732885 -0.5887437007434116 -0.12434960045235462 -0.7986977098391417 355.1679351528591
-0.7968650142036409 0.2605061275060904 0.54510797707428 125.99223669169582 0.14000987797829792 0.9573262491749593 -0.2528313404408209 -7.9347486257690525 -0.5877102884982801 -0.12515194833633408 -0.7993332262710502 354.47890621034895
-0.7978039933880952 0.2610355125062493 0.5434788398315155 126.4776222079593 0.13931580533672205 0.956835408343986 -0.255062948549127 -8.180922574357593 -0.5866002851323779 -0.12777504666324133 -0.7997334824382542 353.76877049506083
-0.7994856604223751 0.2602666380748417 0.5413722895422522 126.97176384966343 0.13875133652880114 0.9568999814167534 -0.2551283837131509 -8.430922553633282 -0.5844405405090142 -0.12885535561175746 -0.8011401574878748 353.0379004973814
-0.8011580718315071 0.2587144687136087 0.5396411470759609 127.476660842277 0.13878099239780292 0.9574631423877102 -0.2529904486697641 -8.688266315289674 -0.5821387979582713 -0.12779340611816603 -0.80298397572082 352.281256516868
-0.8018650092076297 0.25880691142836587 0.5385457172843915 128.00423118020893 0.1386545418115764 0.9573185974668231 -0.2536060349817662 -8.954638116618543 -0.5811948253756806 -0.1286859959011109 -0.8035250396941401 351.4885350685783
-0.8023854725201841 0.25893360866472603 0.5377089731373516 128.53441575925174 0.1387083450133489 0.9572163016477783 -0.2539624910954443 -9.22196350004456 -0.5804632189141845 -0.12919109165731238 -0.8039727068278956 350.6885193957633
-0.8028427934021167 0.25843267455114993 0.5372671605510865 129.05421960322596 0.1381527679450454 0.9572808471434021 -0.2540220313310026 -9.487591503891558 -0.5799631555464589 -0.12971481186335504 -0.8042492187076379 349.9014606839713
-0.8029396779945341 0.258888440352222 0.5369028300856956 129.56309017909538 0.13788240368437835 0.9569936899995587 -0.2552479579844726 -9.747925308437019 -0.579893366280603 -0.13091926043565436 -0.8041043657329124 349.13233963731506
-0.8027632093551653 0.26017328707589943 0.5365455156814919 130.0604639607716 0.13896899533148624 0.9566460906157336 -0.2559606916035887 -10.003604978192186 -0.5798783045108257 -0.13091263499659408 -0.8041163062367882 348.37824870603197
-0.8028071073497814 0.2606541494350464 0.5362463638766889 130.56177165589702 0.13945522250239667 0.9565215762049483 -0.25616150212552413 -10.263131031216172 -0.5797007756640323 -0.13086591854524277 -0.804251902116387 347.6196361271579
-0.8030801476175558 0.26068599320337127 0.5358218822054004 131.0725954338651 0.1401841928486729 0.9566411183495129 -0.255315809848031 -10.528916044758665 -0.5791465000998695 -0.12992530019423243 -0.8048035460853212 346.84723177378544
-0.8038370108748013 0.26136091892049934 0.5343561827179489 131.60846638325523 0.14086165815788187 0.9563898060014332 -0.25588382566616 -10.808847422053567 -0.5779308377382834 -0.13041859161012911 -0.805597255304134 346.03752270523336
-0.8051815545830869 0.2628241387901569 0.5316071258254323 132.1450416172435 0.14289470924328418 0.9560004294440572 -0.2562113989912477 -11.089196223849981 -0.5755551808727275 -0.1303328468651979 -0.8073100908564023 345.2177476499126
-0.806771300268439 0.26242342738581587 0.5293902283025772 132.64999311286252 0.143647592191404 0.9561905399429917 -0.2550784596572961 -11.354813882912119 -0.5731364918767444 -0.12974434894286518 -0.8091235786927781 344.44334086600645
-0.8082467239558422 0.2615301685094186 0.527578623689479 133.15037047057194 0.1431963525665041 0.9563570878014948 -0.25470752879231984 -11.61895344204314 -0.5711672590636611 -0.13031919110889198 -0.8104226493641614 343.67627610332784
-0.8089450068169153 0.2602592709981825 0.5271366879714185 133.69556788567866 0.1435578666933741 0.9569737411877626 -0.2521753310447745 -11.903706905711704 -0.5700869362267702 -0.12832135651008614 -0.8115013953204169 342.83401638851626
-0.8093284061000382 0.2595379861319395 0.5269037529133286 134.27239549246863 0.141845214196322 0.9568893570880274 -0.25346142408906763 -12.203140257154349 -0.569971460942711 -0.13039475467301467 -0.8112519594211121 341.9453212887967
-0.8087390964995361 0.2608162047759899 0.5271773715926775 134.84769737437597 0.14080515651870357 0.95609571785396 -0.25701145149401683 -12.499841241934513 -0.5710647788918997 -0.13362591675108057 -0.8099562535603861 341.05852916591164
-0.8078973128628214 0.260128738749683 0.5288052298772515 135.38482169534782 0.1394616286084671 0.9562119881379398 -0.25731126653755254 -12.779821554825023 -0.5725839554291611 -0.13413304222966232 -0.8087990732977566 340.23087878184623
-0.8058020235319692 0.25953051148748096 0.5322847099803184 135.87030991212347 0.1381016018280702 0.9564218648995538 -0.25726477394812103 -13.034171814218482 -0.5758567933473583 -0.13379510435401953 -0.8065282534459612 339.48869209519523
-0.8033843814949005 0.25817925257802093 0.5365789868307479 136.3480357805339 0.13559979764255412 0.9567624404034801 -0.2573292200906699 -13.280582890473237 -0.5798156866189044 -0.1339742742896126 -0.8036570558261887 338.7742470195709
-0.8009062003925044 0.25614414541553887 0.5412387965973856 136.8509274593108 0.13290769987595097 0.9573853005685338 -0.2564155408101845 -13.536792002961151 -0.5838534075318244 -0.13342999297248856 -0.8008193525938523 338.0334422413265
-0.798326339279091 0.256746654169382 0.5447533493114792 137.36725801268182 0.1312242241056671 0.9569941464893881 -0.25873230682098874 -13.801942347041575 -0.5877544206733863 -0.13506797976527304 -0.7976850141634964 337.2747350831741
-0.7973315587432114 0.25741746633096896 0.5458925109028943 137.91125139238133 0.1298352721125838 0.9564624547518719 -0.2613854907325039 -14.079847227350667 -0.5894108817688802 -0.13753479806130844 -0.7960395667142833 336.4786767116378
-0.7972948750591378 0.2566945978261184 0.5462863403484683 138.4902013247041 0.12964329066554123 0.956767187969374 -0.26036352511552713 -14.379849169392507 -0.589502756049402 -0.13676414541853035 -0.7961043079509721 335.6329176026416
-0.7975671229746922 0.254726293846847 0.5468100214635092 139.04135573573157 0.12883708969204247 0.9574848350991334 -0.2581158555278366 -14.6641240546035 -0.5893111984932526 -0.13541530850768685 -0.796476619589183 334.83016362478907
-0.7977109164313595 0.25246188226974 0.5476497893791815 139.52771014860923 0.12613471702240725 0.9579132153279003 -0.2578610188877678 -14.912675908857034 -0.5897010488102549 -0.13662089847816203 -0.7959820369399695 334.1243123192775
-0.7981492944488495 0.2504331679778452 0.5479424533173035 139.986771486791 0.12359261272740167 0.9582279638523238 -0.25792253753916317 -15.1457349840609 -0.5896461395193009 -0.13813905192959283 -0.7957606628138741 333.4580639228678
-0.7989887788877545 0.24937708609769504 0.5472001463275382 140.47672859205733 0.12179283852245026 0.9582077344198341 -0.25885216279306994 -15.393768939400108 -0.5888832105741307 -0.14017491440135887 -0.7959695708232027 332.74513171245263
-0.8000967910021642 0.2492916517938288 0.5456178125519228 140.9831805186092 0.12138895941341904 0.9580256182182306 -0.25971452668285894 -15.652670612921181 -0.5874605055325535 -0.14156478087249827 -0.7967744770359779 332.0028062440832
-0.8016390755870755 0.24963693223717812 0.5431907533777718 141.48019734573674 0.12203366545859516 0.9578386065211185 -0.2601018807168042 -15.909910963987809 -0.5852201098617817 -0.14222027253837408 -0.7983049649679455 331.2746490531013
-0.8032896194294565 0.2495136804266464 0.5408037634824946 141.97341021108926 0.12240049000724394 0.9577940139543187 -0.26009372710478396 -16.166350095002855 -0.5828755504932959 -0.1427359454139725 -0.7999265857089103 330.5524878926337
-0.8051962345295466 0.2478517407526807 0.5387286315997202 142.47889110260047 0.12213304113948281 0.9583023094461742 -0.2583412548784017 -16.429810139672746 -0.5802952215566298 -0.14221883952554168 -0.801892297956869 329.8073010009962
-0.8062506937512791 0.24710804179276735 0.5374917994787703 142.96992468875092 0.1217854050046608 0.958449438387669 -0.25795927814717096 -16.685598003756386 -0.5789025254336252 -0.1425211904795305 -0.8028446775752246 329.07687996090795
-0.80582941301886 0.24547952893597763 0.5388680339257949 143.45944183489175 0.12013478620813413 0.9588723978090286 -0.257160179387647 -16.938371684853664 -0.579833243490232 -0.14249044035770012 -0.8021782122136353 328.3511614315284
-0.8047923295185807 0.24364976368685645 0.5412431052710018 143.9645462727839 0.11853198892797912 0.9594695511716319 -0.25567234495596414 -17.200212015220707 -0.5816007857188906 -0.1416085203292618 -0.8010540262812018 327.6056900625082
-0.8038113149654295 0.24325020968300665 0.5428781681212846 144.48105676134256 0.11718211504401665 0.9594420675612799 -0.25639670611679843 -17.46637127537249 -0.583228704581106 -0.14247896154487585 -0.7997149640151401 326.85052271534465
-0.8037134876940328 0.24150639972962676 0.5438007802388011 144.99739900935901 0.1146699696075616 0.959660233430767 -0.2567158632453469 -17.733145730996124 -0.583862507589665 -0.14396838285275126 -0.7989854047289413 326.09813446789616
-0.8043233652586975 0.24360274577312518 0.54196090850791 145.51861910863906 0.11406198113184089 0.9584342925778987 -0.2615216458937561 -18.00221587593572 -0.583141310969477 -0.14853083539283551 -0.7986769073776355 325.3331019308193
-0.805625235007668 0.2433975681459403 0.5401162879783233 146.06042174360988 0.11511475565968583 0.9586412989714058 -0.2602987762856812 -18.283712673045265 -0.5811338690424499 -0.1475279082989199 -0.8003242733571787 324.5268146737592
-0.8071111411284476 0.24160380511583654 0.5387014082215537 146.59313677270833 0.11578372999410864 0.9594902489716766 -0.2568512993872486 -18.562830769880193 -0.5789349995767946 -0.14493468695179706 -0.8023890594862316 323.7296542845933
-0.8075382177270399 0.24042811518773746 0.5385873637001791 147.10481138138002 0.1160912687862273 0.9600744087834374 -0.2545190501921876 -18.828265167870924 -0.5782774802997578 -0.14300856976559592 -0.8032083818983464 322.96444092035375
-0.8078722150923668 0.23925387309326793 0.5386093837760574 147.6100702649152 0.11524562223477268 0.9603803732483424 -0.25374787730164516 -19.092049599620886 -0.577980043459521 -0.14292348613590772 -0.8034375809440876 322.2129386256737
-0.8076905640062944 0.24065234807211777 0.5382586740430403 148.09180086997844 0.1148316752121582 0.9596356437718687 -0.2567355011885129 -19.34391400068672 -0.5783162103755705 -0.14555369651755198 -0.8027231666315067 321.4983467555083
-0.8071375682503508 0.24107741691320958 0.5388976015657951 148.56019038485454 0.11508918539517177 0.9595639489193912 -0.25688812222307233 -19.587970414640818 -0.5790366355628838 -0.14532276830791097 -0.8022455158412166 320.8005625910307
-0.8070183153594028 0.23990971977085465 0.5395968541735052 149.03513193007012 0.11484104672545452 0.9600704599793523 -0.25510046229286454 -19.838328385567703 -0.5792520804118628 -0.14390287778394525 -0.8023459285769612 320.09428415960946
-0.8068493530503285 0.2390489523914157 0.540231172594506 149.504007469795 0.11457342444463538 0.9604296422146649 -0.25386577706819136 -20.083018345281435 -0.5795403798643317 -0.1429353025531963 -0.8023106925566496 319.4028534377658
-0.806206385913717 0.23579027607764833 0.542617921763713 149.9789438179003 0.11382194044606832 0.9618324410314678 -0.24884316597514988 -20.32929702052436 -0.5805823190427284 -0.13885712472419473 -0.8022735629000217 318.7074348554171
-0.8060375701207739 0.23705617170780743 0.5423170723931146 150.41972606341943 0.11322649521917028 0.961123292825383 -0.25183680582645673 -20.553816590860098 -0.5809330394582318 -0.14158526563074156 -0.8015425230279994 318.06449915381137
-0.8061692617054413 0.23628604754310484 0.5424573948410722 150.83954264679767 0.1111827378643168 0.960964738581209 -0.2533479228344678 -20.761219062339624 -0.5811450079647041 -0.14392940957289552 -0.800971163511958 317.45427889285975
-0.8059574173957028 0.23267463998860805 0.5443300039966767 151.30488565523098 0.10908499135910495 0.9621450650446842 -0.2497545564556137 -20.995210714278866 -0.5818359786099778 -0.14191330352129727 -0.8008292628760763 316.7729823321924
-0.8056802588226529 0.2317580931127257 0.5451307245241435 151.7814912585419 0.10867884955829883 0.9624964024423412 -0.24857510523829826 -21.233348083212583 -0.5822956536005959 -0.14102787512509515 -0.8006515535709361 316.0686443224541
-0.8063246669992044 0.23068765589863663 0.5446317442131113 152.2373803015571 0.10889593943686954 0.9629645865693207 -0.24665944009409888 -21.459383910799087 -0.5813623704392824 -0.13957940546285752 -0.8015830486031076 315.3897064084055
-0.8069500108255365 0.23005345922313525 0.543973423917141 152.6913264701584 0.1081442351857646 0.9630026970157394 -0.24684130516689015 -21.682722439130874 -0.5806345704698872 -0.14036100398571127 -0.8019739921813993 314.71804252000175
-0.8071657502008445 0.2298305344802187 0.5437475306824363 153.14956073427217 0.10757371501797773 0.9629418894281754 -0.24732734062719838 -21.905510222344937 -0.5804406494551678 -0.14114121653517148 -0.8019774369987184 314.0414919998024
-0.8066077399963152 0.22905070070825503 0.5449034137194372 153.6362953557114 0.10815054745586017 0.9634941940067886 -0.24491304007790607 -22.143006519449457 -0.581108778855588 -0.13861715124854318 -0.8019338330041352 313.3234415532744
-0.8060564703034847 0.22921249620851908 0.545650619227862 154.1176640350997 0.10785424922052529 0.9634098897424048 -0.24537490758347655 -22.381233356333972 -0.5819281979823306 -0.13893529403424568 -0.8012843168717665 312.6181721395618
-0.8054331447055736 0.22929253303381872 0.5465367176179728 154.5976289446049 0.10714047376430598 0.9632702139039654 -0.24623446933149787 -22.616404091445876 -0.582922266079491 -0.1397692001133987 -0.8004162682057444 311.91807165130814
-0.8048894430640565 0.22835479201720638 0.5477290145745553 155.11455932651145 0.10604991809544466 0.9634891948108046 -0.24584951973671262 -22.86909032258539 -0.5838719031739588 -0.13979506588431875 -0.7997192883996338 311.1655897854731
-0.8037689540564513 0.22840310611009096 0.5493518814150569 155.62792447809105 0.10562017705013554 0.9634849006211187 -0.24605126391670173 -23.11979769700542 -0.585491115812097 -0.13974572406471242 -0.7985432273275713 310.4201356113315
-0.8026701191120076 0.22842589870473132 0.5509467203692687 156.11048894336727 0.10426570266789353 0.963268270401995 -0.2474730338520032 -23.354379158904933 -0.5872387445765853 -0.14119436262712462 -0.7970036441763829 309.7244673487709
-0.8023141765279664 0.22871238423025725 0.5513461774982793 156.59119793743446 0.10181656277221403 0.9625808515966788 -0.25114038242516823 -23.587408857266695 -0.588154188701824 -0.1453573164278942 -0.7955789721161429 309.0370032139186
-0.8018158686276823 0.22949237283751897 0.5517468292851736 157.08285703257422 0.10138362695457868 0.9621735200164887 -0.25287047586582734 -23.82594530171959 -0.5889080344182512 -0.14681746554303463 -0.7947527658392577 308.32985027604957
-0.801136929299386 0.22767025822028536 0.553485206699024 157.581782503555 0.1012097842009887 0.9630352363965065 -0.24963916567860436 -24.074039000920443 -0.5898611701873061 -0.14397703629617042 -0.794565549797266 307.61178396020824
-0.8001254552646396 0.22746846223887374 0.5550291474546517 158.09053325719194 0.10050720908135294 0.9630659549855692 -0.2498044580675177 -24.323544318988386 -0.5913523118752718 -0.14409047516893994 -0.7934358059763618 306.882973744902
-0.7989180111579913 0.22555981149805907 0.5575417319666053 158.60859768562867 0.09795199186122878 0.9634316879950892 -0.24940888087104332 -24.574316816574285 -0.5934099921115044 -0.14464492387874653 -0.7917969608797033 306.1495212756642
-0.797442653123866 0.22457952416635685 0.5600439735449214 159.11408205386908 0.095664316676384 0.9634720628739762 -0.2501398060609318 -24.817608626538693 -0.5957630011116907 -0.14589592655921743 -0.7897979647478319 305.4403229248776
-0.7965069540245595 0.2230534439875443 0.5619820578237494 159.61926441485127 0.09287636888090446 0.9635704649552569 -0.2508105643098059 -25.05901555212804 -0.5974534729115019 -0.14757750570869654 -0.7882069699734857 304.7340312896743
-0.7955085073609386 0.22102697808007596 0.5641925998071611 160.09149671861945 0.0907205152382233 0.96404900333577 -0.24975849791791835 -25.286967936921357 -0.599112679578125 -0.1475011665312954 -0.7869608649994131 304.07520035881294
-0.7950829728878522 0.21904580563573023 0.565563436987586 160.5450605275367 0.08844724526499693 0.9644099015958449 -0.24917990791578956 -25.504657847893952 -0.6000167922890549 -0.14809617394545202 -0.7861598897386397 303.4470001079354
-0.795075182656205 0.21709270444183706 0.5663269476215428 161.00980513474005 0.0861565829993905 0.964703050366551 -0.24884747902949741 -25.726317641273713 -0.6003603060913251 -0.14905966017536734 -0.7857154195879911 302.8064262454517
-0.79543373227944 0.21492384078079552 0.5666506156495673 161.47069844996147 0.08380971414564604 0.9650309365782129 -0.2483771794303931 -25.942951958989788 -0.6002175516984015 -0.15007676072931364 -0.7856308653064563 302.1766654544209
-0.7958055948517305 0.21282270449816262 0.5669214686821916 161.91005429393766 0.08272122457641778 0.9656361034731318 -0.2463820502264729 -26.14798957367777 -0.5998755322625344 -0.14917577591321546 -0.7860635684684981 301.57292551616086
-0.7969609591763688 0.21114986954684137 0.5659231062070503 162.32606986208742 0.08176713489000538 0.9659997051231066 -0.24527271628525257 -26.34179514578207 -0.5984708557653914 -0.14919886826788592 -0.787129171424246 300.9932696071608
-0.7998079584105876 0.21020601398951624 0.5622460861097471 162.74920507438313 0.08171106122431175 0.9660855814098334 -0.24495295847492102 -26.539240533910643 -0.5946684220106887 -0.14997360125921722 -0.789859092996122 300.39439575328043
-0.8039304032391641 0.21003938183981385 0.5563985665187017 163.18398685627008 0.08357554553143529 0.966174281635315 -0.24397210024017366 -26.746831692877024 -0.5888217344297306 -0.1496352751954799 -0.7942910357547381 299.76768576839146
-0.8084943051628682 0.2110509675010491 0.5493582143156541 163.58818507595396 0.08705473597357549 0.9661030306490999 -0.24303581447019515 -26.943978738936423 -0.5820295795436691 -0.14866883764760844 -0.7994617847331582 299.17261855414387
-0.8134092618055258 0.21194396223786388 0.5417057593194912 163.93585904912624 0.09040383038301705 0.9660042601102736 -0.24220428753611453 -27.116396588297984 -0.5746238076002999 -0.14803893514786193 -0.8049173581301489 298.64829764011495
-0.8185604875006959 0.21135716600585788 0.5341225296508257 164.27753732734166 0.09314725719706221 0.9663796130653072 -0.2396539837524239 -27.287758468082483 -0.566817710361352 -0.1464192331277374 -0.8107275074838631 298.1238551474325
-0.8235986845808949 0.2119871765899988 0.5260671475372912 164.63728811165774 0.0968412029517047 0.9664646419164213 -0.23784002467252183 -27.46950047616002 -0.5588443326790427 -0.14493975606009377 -0.8165081009676226 297.55989478273904
-0.8272187147241474 0.21162232194127623 0.5205047462476347 165.0095165613838 0.09887853140987171 0.966733277269255 -0.2359021124247695 -27.65865520701048 -0.5531114119563572 -0.14367589733989547 -0.8206247635108377 296.9722853081561
-0.8284405322739645 0.2120453675719346 0.5183850369917284 165.39025256859404 0.10112453927894546 0.966979210090151 -0.23393382570514393 -27.85130842536527 -0.5508721376519691 -0.14137881504916702 -0.8225277616068901 296.3640109937053
-0.828126749972548 0.21274371884493717 0.5186002276049765 165.78260982528437 0.10255967559438406 0.967066923173332 -0.23294436899404866 -28.047323990323125 -0.551078577810713 -0.1397199921131078 -0.822672914882964 295.73789218559386
-0.826839940964062 0.21276061913671274 0.5206425174446584 166.17718745488045 0.10307783375478395 0.9673342488766989 -0.23160183751121194 -28.244348443657625 -0.5529110888876856 -0.13783094679610644 -0.8217614969626652 295.11269792386685
-0.8251516205449746 0.21292233956322645 0.5232483926654019 166.57370573723483 0.10353519284710799 0.9675602970847553 -0.2304507221671657 -28.441350449669127 -0.5553424771743225 -0.13598216361044518 -0.8204289026026003 294.4898198830692
-0.8232199082166708 0.21282874717247086 0.5263201564568232 166.96116596404084 0.10322846718740639 0.9677328118966729 -0.2298631948370448 -28.63141967418286 -0.5582587807440857 -0.13489673515526934 -0.8186269019318714 293.8882388906151
-0.8214321626434836 0.21270112326366267 0.5291572869546709 167.30503126854958 0.1025568408800201 0.9678141447812969 -0.2298213992428751 -28.800669512072556 -0.56100917689781 -0.13451398932311345 -0.8168076212382086 293.3624731528478
-0.8196605611217695 0.2138653032675199 0.5314303308993945 167.61546437790278 0.10171369117118627 0.9672896663280455 -0.232389815704791 -28.95446756322313 -0.563747185864264 -0.1364270261834717 -0.814602220078521 292.8929465896405
-0.8176929616723486 0.21379523125210842 0.5344808878953136 167.903832961466 0.09959553588982215 0.9670149018467503 -0.23444169602938558 -29.097895085018727 -0.5669734999647872 -0.13846941431295554 -0.8120143296996083 292.46097327100495
-0.8153777980102296 0.21392670500970754 0.5379539119624291 168.16225536040423 0.09821632130099 0.9668682865735017 -0.23562527591181218 -29.22971911244971 -0.570537116007441 -0.13928776436610021 -0.8093740284663223 292.0744113825885
-0.8135781573255919 0.2127267564712458 0.5411449981325893 168.40444131751175 0.09576285391826579 0.9669855872477028 -0.23615323386445575 -29.35403054629091 -0.5735155252755776 -0.14030752344915254 -0.8070896735378551 291.7161553420295
-0.81196544995252 0.21147047361764615 0.5440517869388286 168.64946009885972 0.09361193124975843 0.9671780665468755 -0.23622741991211335 -29.479592692997482 -0.5761500797631555 -0.14087876482483655 -0.8051113334255924 291.3541587587513
-0.8098441297173933 0.21176769772478404 0.5470895061711791 168.88601973660047 0.09258137958795816 0.9670222012517089 -0.23726936262376006 -29.601419665399874 -0.579293685202822 -0.14150089924321746 -0.8027429985976159 291.0035003417616
-0.8079208603181953 0.21233623970106957 0.549706471466654 169.0950071168154 0.09138756967964583 0.9666874799592363 -0.23908916369861807 -29.708620118008263 -0.582161657592419 -0.1429287843636347 -0.8004118733686914 290.6928676617474
-0.8063255983078537 0.21309205105952397 0.5517524873425848 169.2819219473326 0.09155019582909837 0.9665685505021689 -0.23950740870333312 -29.805125476277748 -0.5843437268912307 -0.1426079063564734 -0.7988775837933414 290.4124101593859
-0.8052333222037893 0.21354687304874423 0.5531699827573384 169.47868983730248 0.09077221401216776 0.9662966382977661 -0.24089668320207513 -29.906800755983372 -0.5859690281712637 -0.14376557246272492 -0.7974783747528749 290.1221493771465
-0.8034520740835116 0.21422594801905723 0.5554925812702107 169.70111754497822 0.0914843425211421 0.9663637053696121 -0.24035765853782046 -30.02105466160734 -0.5882987164055138 -0.14229698570119145 -0.7960252434037358 289.79390512569927
-0.8014754280712816 0.2148448196609408 0.558102895228842 169.9299107787286 0.09195497266610408 0.9664146731681701 -0.23997283697791894 -30.137334890492944 -0.5909157479708332 -0.1410119957667162 -0.7943136633912042 289.4606945436058
-0.7998437285458323 0.2142091882787678 0.5606821145380461 170.14975534880983 0.09091587540419384 0.9666063442525324 -0.23959649173191072 -30.24759105964877 -0.5932826590297307 -0.14066484602665166 -0.7926090382949893 289.1469355743231
-0.7984276039990845 0.2117735027715542 0.5636180840748013 170.3717516304838 0.08764724917158487 0.9670108282630171 -0.23918197619119047 -30.359642072590983 -0.5956771952030165 -0.14156991751758335 -0.7906495036165703 288.8386331159561
-0.7963643335834049 0.2120181874871982 0.5664381134518623 170.61468770703195 0.0844697037576129 0.9663541247706167 -0.24294973695378233 -30.47970522338326 -0.5988895702409235 -0.14562964572316286 -0.7874790720667979 288.5057391880939
-0.7938093034281205 0.21183521059311256 0.5700812515281796 170.87149672304352 0.08245635115717168 0.966209041431776 -0.24421514778843875 -30.604947890768834 -0.6025510268390589 -0.14685343648840904 -0.7844528846570311 288.15206941591094
-0.7913377468371198 0.21245735066427102 0.5732769353283552 171.1238912627287 0.08159537379097634 0.9659906915022027 -0.24536539875663424 -30.729722511538135 -0.6059098657446157 -0.14739015598000432 -0.7817604342210781 287.8063343900612
-0.7892025181062089 0.21373610842993102 0.5757397514225067 171.39592051975768 0.08060980084774313 0.9654248928719755 -0.24790489351849623 -30.862589070887374 -0.6088197150405884 -0.14923689951335187 -0.7791449816314904 287.43851566518816
-0.7886369322366985 0.21301110006578458 0.5767825069825323 171.70188509504902 0.0780091303779642 0.9651555304964846 -0.24977865707405475 -31.008249771698285 -0.6098904530241144 -0.15199037206615595 -0.7777741073790185 287.0309744238477
-0.789117983409878 0.21210126843582616 0.5764597645864303 172.0274044037861 0.07758300288939095 0.9653910319756638 -0.2490000663526469 -31.16141601833609 -0.609322316940541 -0.1517669506476004 -0.7782628776765192 286.58986591527713
-0.7899017033551969 0.2099688396670748 0.5761669770174461 172.38017006245929 0.07810234785947984 0.9663503624760941 -0.2450856997075786 -31.327839216159525 -0.6082395270741554 -0.14859361800285562 -0.7797208567131101 286.1088153926644
-0.7915215396818703 0.20591357477532102 0.5754070315375815 172.77531345469248 0.0770585341003736 0.9676409828533992 -0.2402767375856524 -31.512920412514827 -0.6062636675093932 -0.1458441909221993 -0.7817760788309568 285.5712768345507
-0.7911700043861524 0.20798383216235128 0.5751458508227978 173.18676504327001 0.08094264192011337 0.9677368707336711 -0.23860770679420518 -31.704528883392122 -0.6062163911332362 -0.1422254357759529 -0.7824791451148922 285.00186742503627
-0.790356650343636 0.20927442394623777 0.5757956067386755 173.61538046585193 0.08111813567077174 0.9673207887973887 -0.2402297642376799 -31.89954093597926 -0.6072530060221052 -0.14315972562967239 -0.7815043695557634 284.4193066609606
-0.7894761760241927 0.20835694334369104 0.577334176756143 174.1055039756227 0.0789680765821986 0.96728168379341 -0.2411020262849086 -32.1195426816521 -0.6086800558348556 -0.14475333625949485 -0.7800993919178633 283.7629676730618
-0.7877858729721977 0.20727439563380384 0.5800265022049209 174.645308218945 0.07838066025078065 0.9677580839737807 -0.23937577780979336 -32.36568847511409 -0.6109418061027425 -0.14311399588451482 -0.7786324509920477 283.03763829493266
-0.786918726720504 0.21008828703710758 0.5801912005420247 175.18186933880688 0.07703042377042672 0.9663467748728081 -0.2454388406643613 -32.612708138445555 -0.6122297210609152 -0.1484480459377316 -0.7766195634330495 282.3202059762103
-0.785853861314611 0.2150765225906156 0.5798066902746516 175.69840015002265 0.07688458692326036 0.9642784701885767 -0.25348726245003456 -32.84644973342917 -0.6136142672319089 -0.15462574611332103 -0.7743180287765121 281.6279614881021
-0.7854051610438179 0.2118933709787561 0.5815839856297583 176.21343372238493 0.0764159058976991 0.9655862727284226 -0.24860361872720427 -33.07985677310866 -0.6142469717724013 -0.15081229808502383 -0.7745684659310279 280.93972315709675
-0.7850731786125166 0.20898877466428878 0.5830812947501917 176.73896201265103 0.07436700373425122 0.9663535368627919 -0.24623239134678762 -33.32005526307794 -0.6149224772106043 -0.14994843732792462 -0.7742001118341979 280.2424689745746
-0.7836626193119751 0.21114396182515646 0.5842012722323293 177.26630300891745 0.07396906099668865 0.9654872837774295 -0.24972561518463535 -33.55709198358158 -0.6167669552662165 -0.15248781016478993 -0.7722344143087545 279.5404264528582
-0.7826591247345897 0.20810441620268394 0.5866321218844284 177.81877564945395 0.07223995210313776 0.966455530276565 -0.2464652050857787 -33.807543301467824 -0.6182443560517303 -0.15051996530287406 -0.771438692480096 278.8112981148711
-0.7820049356158868 0.20556759956409712 0.5883963312953682 178.407779825722 0.07137175091609144 0.9673687492418072 -0.24311268202524552 -34.07414035722121 -0.6191723135311855 -0.14812044085740314 -0.7711588559801704 278.0420538480893
-0.7814259223398232 0.20458602723245875 0.5895066457272533 179.0161217965283 0.07159792206476438 0.9678823815605889 -0.24099259951418783 -34.345929358191626 -0.6198768147393167 -0.14611041347500575 -0.7709763171607796 277.25279311335544
-0.7812367028618166 0.2069165060850864 0.5889437779713267 179.63022482436412 0.07301678470349453 0.9672788797997001 -0.2429817232735752 -34.61914604929803 -0.6199498070434074 -0.1468234593073356 -0.7707821407790054 276.45014209740555
-0.7814208183157554 0.20871358483090163 0.5880647449131519 180.210456577313 0.07604932817031115 0.9672332132689296 -0.2422321424466647 -34.879011027264234 -0.619352891643832 -0.14456331020176122 -0.7716886969211941 275.68611806446074
-0.7825518237314153 0.2087358662928263 0.5865509196119467 180.7402583955747 0.07765040129942542 0.9674879665760957 -0.24070199356981944 -35.12129913972168 -0.6177240956549056 -0.14281586975343538 -0.7733178964655456 274.98752449938354
-0.7841566659980583 0.20964184884443596 0.5840792911787727 181.25946764886615 0.07940690105972918 0.9673690124065554 -0.24060701963918674 -35.358521964941694 -0.6154615075168365 -0.14229367185032493 -0.7752158691077298 274.29687370193943
-0.7849259880077994 0.2119695416884828 0.5822028055122678 181.74589158628854 0.08235689455785128 0.9670147478181577 -0.24103904127955608 -35.58135675503349 -0.6140916342605259 -0.14124939255994975 -0.7764921595435972 273.64186194055907
-0.7850656360697836 0.21358543522574805 0.5814234334130118 182.2025406866212 0.08509793200335801 0.9669592553008134 -0.24030842797713925 -35.790849674845724 -0.6135391503653982 -0.13917995706106365 -0.7773021616600481 273.0238375510528
-0.7856771409642238 0.2138480026342144 0.5805001825457434 182.69197766604898 0.08556747995565997 0.9668997943771508 -0.24038093519964707 -36.01544095915036 -0.6126904900031646 -0.13918986817572568 -0.7779695007240991 272.3658995548364
-0.785837462520413 0.21457345826493987 0.580015270064249 183.23430848715086 0.08645281574380188 0.9667850448476223 -0.24052564875485688 -36.26167808317231 -0.6123605091361165 -0.13887011221713735 -0.7782863860966307 271.6349873602156
-0.7863619651635356 0.21413393427549873 0.5794665805168059 183.81539835450076 0.0871003321984557 0.9670641289114337 -0.23916626581456726 -36.52504453441174 -0.6115949573656231 -0.13759952312585116 -0.7791135856603182 270.8534653636691
-0.78668863766473 0.2137215368307627 0.5791753551938389 184.3942351915766 0.08775554870031868 0.9673505063065674 -0.2377645087491598 -36.78740333031181 -0.6110809693007259 -0.13622078638416346 -0.7797589026842614 270.0733473743544
-0.7862029306209375 0.21323430677954758 0.5800138638819734 184.95793448916916 0.08734137504252244 0.9675023131566327 -0.23729887956381535 -37.042593669702505 -0.6117650170520772 -0.13590586613095898 -0.7792773315466476 269.31726244617437
-0.7860823513636542 0.21294627198498162 0.5802830534508895 185.5756984780876 0.08566836370824636 0.9672570789753535 -0.23890306534578803 -37.32349623403388 -0.6121564083909745 -0.13808558367823967 -0.7785864776928125 268.4906498573405
-0.7858125852228935 0.21405700273624542 0.5802397612064246 186.23972311066024 0.08488859690240881 0.9666451221935152 -0.24164257459193736 -37.62361424787409 -0.6126112201235384 -0.14063003704420454 -0.7777729010834032 267.6006963870139
-0.7852853445246926 0.20991357197093508 0.582463063186962 186.89404226712844 0.08337668323877244 0.9680555319079502 -0.2364673673776412 -37.91418975839008 -0.6134943001909909 -0.13713051974237406 -0.7777017192911115 266.7258324016562
-0.7846585665120359 0.20920448021031215 0.5835618385905738 187.5127552743831 0.08443412320825523 0.9686309502408277 -0.2337198345746453 -38.187336566557846 -0.6141512947452993 -0.13411773818357933 -0.777708569752958 265.8969071742505
-0.7850254665142454 0.21453375543091402 0.581128458006318 188.0795741039623 0.0854165683210315 0.9666425200516133 -0.24146686788153784 -38.43909432033488 -0.6135462710997005 -0.13991964196984602 -0.7771637324339582 265.1362429874837
-0.7855952664237914 0.21668175067746373 0.5795593984190769 188.68278022226124 0.0864513141675002 0.965927011170904 -0.24394913274933333 -38.71172296977805 -0.612671402671319 -0.14154161230461085 -0.7775601097889268 264.32246705882943
-0.7863085326849597 0.21664603298022522 0.5786046904586564 189.3435901064953 0.08737784660518137 0.9660863920155398 -0.24298599771392887 -39.015564388112196 -0.6116240702829349 -0.14050473143749595 -0.7785720371900156 263.4282056367269
-0.7873853189866464 0.2178317981440951 0.5766920037260861 189.99666546109333 0.08861205739289564 0.9657665195038483 -0.2438092145305763 -39.315180196037886 -0.6100592288695359 -0.1408699312228421 -0.7797329028253055 262.5413118821058
-0.7880613228223837 0.21931136340471252 0.5752059434263537 190.59709083573298 0.08906241030519822 0.9651752913050292 -0.24597671459891512 -39.5871871451682 -0.6091200526514133 -0.14261550734689896 -0.7801497154534662 261.72579339261233
-0.7878228234304829 0.21728570500544273 0.5763003741819976 191.17675316297843 0.08904036700618534 0.9660529520586248 -0.24251496214092816 -39.8502973061987 -0.609431712274167 -0.13974482537503619 -0.7804257631930636 260.9410093281241
-0.7877848178744147 0.21639828190022295 0.5766861055350713 191.71840336295588 0.08833027111570613 0.9662667221175205 -0.24192227043594797 -40.09851130530899 -0.6095841565618304 -0.13964385170457516 -0.7803247726106808 260.2098182625986
-0.7882172501003183 0.21871102447960128 0.5752208744607376 192.2282208061911 0.08800813019652483 0.9651688605280739 -0.24638108629975336 -40.32917452923174 -0.6090715357522468 -0.14357770870862196 -0.7800110934457148 259.5167901012099
-0.7884383542891429 0.21646601560112583 0.5757668152782003 192.79221375020845 0.08777134601783365 0.9660460989054014 -0.24300437363938296 -40.58868740060831 -0.6088194743140551 -0.14105814006793066 -0.7806673099448521 258.75025590357916
-0.7883066097322916 0.21488071903423875 0.5765405151762616 193.39335152549555 0.08745140062993817 0.9666506369774566 -0.24070479546310544 -40.86616847959276 -0.6090360757625441 -0.13932990568575576 -0.780808706279174 257.9368803895906
-0.7872689252415412 0.21409425107028368 0.5782484682277015 193.98285277927198 0.08488096091570267 0.9664874303148073 -0.242275193772502 -41.132791433975235 -0.6107396023044948 -0.14165344578276393 -0.7790580462807734 257.1495959706408
-0.7854623943899236 0.2129026155100083 0.5811379382799283 194.55054146576956 0.08270127766155828 0.9666550965292982 -0.24236011022252663 -41.3914969222043 -0.6133590511864896 -0.1423039024866383 -0.7768785449892931 256.39433755211076
-0.7838064087306668 0.21272059664430504 0.5834359102729502 195.10906239899384 0.08090881665028606 0.9664747022710326 -0.24368096613885382 -41.6468309905703 -0.6157120081831945 -0.14379359385384796 -0.7747400372677347 255.65363734615312
-0.7826963491770151 0.21419901917785666 0.5843844669121658 195.6472239886051 0.08033372784444791 0.9658285854964149 -0.24641760409638855 -41.89392340615255 -0.6171976321694558 -0.14592437637774633 -0.7731579135100289 254.94349145781487
-0.7818920735319242 0.2151536656262793 0.5851099772824964 196.1837209903199 0.0790629583969361 0.9652022783488086 -0.24926614386993928 -42.13803301908314 -0.6183800077278285 -0.14863869630025614 -0.771694696110249 254.2419351082324
-0.7813515726674077 0.2129227700886039 0.5866460720638675 196.74393213596508 0.07841146113432 0.9660447479273956 -0.24618933316590264 -42.39367563880616 -0.6191456715934843 -0.1463606469638816 -0.7715161685715769 253.50908673316826
-0.7811364809926481 0.21062619224081003 0.5877604998675565 197.30905088495408 0.07764657020034689 0.9668434104653316 -0.2432793245959982 -42.652437253258014 -0.619513364019326 -0.14439676859922962 -0.7715910607436799 252.76739217142236
-0.7808460729488551 0.21166270532551978 0.587774029312825 197.89262832419112 0.07607035410567689 0.9660679890144016 -0.24683180878465233 -42.917739103980786 -0.620074762900882 -0.14802547002441205 -0.7704516523685736 252.00433197073264
-0.7799480090836762 0.21210110632345822 0.5888074590413872 198.47443029627607 0.07538496726515342 0.965809960928793 -0.2480488380967573 -43.18046649838357 -0.6212875419939131 -0.14907796640377252 -0.7692707911366945 251.24340133956954
-0.7788144411483228 0.20971792305487028 0.5911568818920889 199.0246684005447 0.0739517370194783 0.9665781371867468 -0.24547473455408134 -43.429248851791456 -0.622879769177507 -0.14746218994083188 -0.7682940164333106 250.53015188560454
-0.7775292591782452 0.2094402885458938 0.5929443621922227 199.58055823003298 0.07290301145636885 0.966571277064095 -0.24581520960931896 -43.68148836292026 -0.6246065978216356 -0.14790108819239062 -0.7668062767539053 249.8119231819221
-0.7759857425686757 0.20973410119420732 0.5948594238359167 200.16011975141973 0.07212806215873156 0.96641748166432 -0.24664710373895807 -43.944042905577525 -0.6266128549426384 -0.14848857844914504 -0.7650539014283808 249.06556477387258
-0.7747858408617007 0.21058170770635348 0.5961226762837522 200.75043768405834 0.07142053039116357 0.9660155060890353 -0.24842131517683047 -44.20987056587313 -0.628176733601993 -0.14989791984886539 -0.7634949934257018 248.3075910402224
-0.7745879571565237 0.20972720416243357 0.5966808162345192 201.3296055835091 0.07004804671678401 0.9660629374759818 -0.24862757688244627 -44.46938581893076 -0.6285751886443209 -0.1507876011795469 -0.7629916982191045 247.56722405481867
-0.7746198648207451 0.20889106410203 0.5969326497716572 201.8683225519542 0.06857673126323258 0.9660540423636774 -0.24907191564294195 -44.71158487226955 -0.6286980968273548 -0.15200036372034015 -0.7626497180715043 246.8803019773288
-0.7740522195754618 0.20748756876234623 0.5981572286442683 202.39197582703147 0.06790940258307951 0.966533202573187 -0.24739013999030793 -44.94918829145791 -0.6294692005262111 -0.1508723869126 -0.7622375275832238 246.21183559863482
-0.7743601911002376 0.2066244860445997 0.5980573686578975 202.93530427469685 0.06541074070935086 0.966255755576769 -0.2491410239495245 -45.19703791724352 -0.6293550106569858 -0.15380551544586493 -0.761745452221 245.5220760973449
-0.7741821646622565 0.20612967450620495 0.5984584640614822 203.50624683388315 0.06360667063363999 0.9660369905863784 -0.25045303805247304 -45.457648555102395 -0.6297588168257459 -0.15583032473423 -0.7609998308301125 244.7972127135981
-0.7736076259436013 0.2067722706691018 0.5989795231593885 204.11257443716588 0.06340054062216141 0.9657762225441707 -0.25150876608406 -45.73463046940175 -0.6304852199145669 -0.15659347384438518 -0.7602413244612706 244.02674527712918
-0.7741655821235484 0.206292724285304 0.5984237322852887 204.75439171429124 0.06447969886613529 0.9661858155274842 -0.24965443778875437 -46.02482781959075 -0.6296904159104195 -0.15468769110835467 -0.7612894970575438 243.20970317171026
-0.7749982022100058 0.20728352396274338 0.5970019491298545 205.38641021242537 0.06463321827148404 0.9657222260696663 -0.2514023253092838 -46.31196574101318 -0.6286496112041481 -0.15625019285949934 -0.7618303902866054 242.40127401323846
-0.7750796178907606 0.20916679971838234 0.5962389083462117 206.0021387848779 0.06542963184174833 0.9651154788910395 -0.25351740705909825 -46.591644733043815 -0.6284668242694779 -0.15748448272920443 -0.7617270432984187 241.61207703232617
-0.7754241395923162 0.2077591915835484 0.5962830888513158 206.6323273278832 0.06511568063970068 0.9655970004835015 -0.25175857640225263 -46.87940685397198 -0.628074320341424 -0.1563922983072073 -0.7622756044619601 240.80861674758842
-0.7756352091737658 0.20684409853225647 0.5963267067575847 207.26587589673758 0.0652474708975184 0.9659928111729433 -0.2502012316190059 -47.167481512964336 -0.6277999600441555 -0.15515607517776367 -0.7627540904537896 240.0002102941189
-0.7758247177873373 0.20698184450891444 0.5960323173401639 207.88860694765566 0.06472677643190901 0.9657859695911661 -0.2511332422312518 -47.450061880184016 -0.6276196712045674 -0.15625612623041113 -0.7626778948760319 239.20349857068783
-0.7759296370911027 0.20706814897367276 0.5958657398812977 208.5231954890729 0.06375527485061132 0.9654952332236438 -0.25249597927717676 -47.73824617900894 -0.6275894065488913 -0.15792952954730802 -0.7623580526790383 238.39437778977694
-0.7764390591297213 0.20604468050542543 0.5955568630224741 209.14942772197608 0.0627820585977265 0.9656289753562678 -0.25222825985728053 -48.02471256816963 -0.6270572546235166 -0.15844958689695926 -0.7626879622992618 237.5981930603392
-0.7769679145666362 0.20526993637037153 0.5951345334934579 209.74035314313252 0.061996067605286406 0.9657013656637133 -0.2521455134574392 -48.29358978296679 -0.6264801252517513 -0.15901297298565986 -0.7630449050264412 236.84318976003624
-0.7775349942766286 0.2038051340890416 0.5948973020565739 210.33992102972405 0.06084447797896091 0.9659675176908159 -0.2514054579075538 -48.56554007187278 -0.625889193208117 -0.15928032548053922 -0.7634739653322206 236.07520911356613
-0.7775095614950648 0.2045995134104995 0.5946578183257483 210.94438800379373 0.05938348099773052 0.965256926249047 -0.2544654564235184 -48.84156534376065 -0.6260610864511076 -0.162536474184793 -0.7626463207747309 235.3015152933824
-0.7773349526869658 0.20393472490724007 0.5951142741593086 211.55353855996086 0.05878982441270765 0.9654063545975287 -0.25403607430487024 -49.11976309402978 -0.6263338789149703 -0.16248445611723777 -0.7624333896437194 234.52276508117072
-0.7767271354537343 0.2045981262671214 0.5956799172188192 212.164399778447 0.059239389103516026 0.965306849369609 -0.25430961707878275 -49.4001821719171 -0.6270451752692748 -0.1622414659946638 -0.7619002919565169 233.74116456621758
-0.776400422734395 0.2041854765875649 0.5962471590947513 212.7563344582208 0.05913142973475679 0.9654907759097074 -0.2536356356090183 -49.670696513456946 -0.6274598454047665 -0.16166586771478977 -0.761681225724154 232.98477335145938
-0.776187799315398 0.20478120511183973 0.5963196778799622 213.3485570089983 0.05938127307645741 0.9653248391087094 -0.2542082205743148 -49.94280222116588 -0.6276992628653754 -0.16190309766240615 -0.7614335311539547 232.22860751874586
-0.7755967639522074 0.2046036249202027 0.5971490738637856 213.9526704103703 0.05932925924611197 0.9654517691917889 -0.25373789697589205 -50.216479315913006 -0.6284343233339253 -0.16136987957470084 -0.7609402494426727 231.46011975224647
-0.7748227926992222 0.20186533887922545 0.5990826527892071 214.53161293087265 0.05906602787020379 0.9666191023453335 -0.24931649631088204 -50.47930670998975 -0.6294130950857407 -0.15779067127138058 -0.7608818960878977 230.72752496933228
-0.7744522750531893 0.20539338744174657 0.598362122848818 215.09802038328968 0.05818110987849309 0.964944692539133 -0.25592322832025466 -50.73672761204599 -0.629951293449139 -0.16338695399498315 -0.7592536276804984 230.0157282863924
-0.7742509119318425 0.2065101990786796 0.5982382995506007 215.6986180238551 0.05719894570968721 0.964230079494915 -0.2588216266213592 -51.00472408123951 -0.6302886687720219 -0.16617428042182042 -0.7583681840266516 229.26080503001995
-0.7735278840494232 0.20242556898111447 0.6005651518533972 216.27682274966344 0.05731541015927626 0.9660797749301752 -0.2518031219606541 -51.26826880411916 -0.6311652369675417 -0.16035509812141868 -0.7588917486375616 228.5356940767723
-0.7733661092752472 0.20086796095420462 0.6012960363137 216.79130564504362 0.05617629953777084 0.9664590085747022 -0.25060169216316597 -51.50273512553326 -0.631465822032124 -0.16002826939918868 -0.7587106619775378 227.8921158399207
-0.7739361113610874 0.2060430107951749 0.598806457241184 217.31256833884828 0.05602924501260753 0.9641591442733722 -0.25934121966504253 -51.73801654396989 -0.6307801671221067 -0.16716286135530736 -0.7577420131871484 227.23560534618912
-0.7745269214021449 0.20285672186761405 0.5991303684645278 217.90288049260184 0.05588818254794565 0.965422662198925 -0.2546283455631435 -52.00378011850249 -0.6300671068027597 -0.16373220118798015 -0.7590831359076144 226.48446891787816
-0.7750131299637226 0.19721670159403717 0.6003833950037275 218.5302380822281 0.05504344850903863 0.9675123064629625 -0.24675930705638474 -52.29087776289846 -0.6295433798874098 -0.15819453042087916 -0.760690228269598 225.69142526951134
-0.7752278742054542 0.20104134341298713 0.5988356379621983 219.1192887722771 0.053516681354698725 0.9654968294705565 -0.25485650295622936 -52.55709216611976 -0.6294106035583359 -0.1655241689935337 -0.759239120177122 224.95074639067872
-0.7759237343612441 0.20514386510967708 0.5965386433943433 219.7144248006624 0.05311340233143345 0.963533206047421 -0.26226461319963357 -52.82491844533226 -0.6285867680341971 -0.1718131410918163 -0.7585241720607755 224.19694535236334
-0.7769206004689272 0.19984916328894783 0.5970382671987687 220.3609316026345 0.053122074386183715 0.9657103441914489 -0.2541290544871605 -53.122422987735916 -0.6273535094186589 -0.16572218636723485 -0.7608966626065297 223.37492519620002
-0.7772689320524763 0.19734302630526146 0.5974183937867021 220.9931062098918 0.05331738100893006 0.9667806818224842 -0.24998473980864747 -53.41414090969459 -0.6269053071623724 -0.1624525876172156 -0.7619704014121029 222.5725523634017
-0.7767719390254071 0.20013490836908726 0.5971359754652247 221.60685242941105 0.05573598616558387 0.9662885130464501 -0.25135633948764113 -53.698275134564184 -0.6273108117901809 -0.161964588742642 -0.7617405184211812 221.79172783622423
-0.7765388532908267 0.20491883486714343 0.5958151394908151 222.18015753825435 0.057961041425381325 0.9648574647356086 -0.25630175656997545 -53.96265215525223 -0.6273977422709216 -0.16449420616137755 -0.761126618331462 221.05544019036302
-0.777131750545158 0.20539514332479986 0.594877363322225 222.70834280547112 0.05985021113858321 0.9650793004235368 -0.25502920640718746 -54.208086947945446 -0.6264855900348245 -0.16258775781896187 -0.7622867088478713 220.37058587065485
-0.7792255454948259 0.2086739220866668 0.5909845543576059 223.22063208322618 0.06301729217351047 0.9642523465417243 -0.2573834359003954 -54.44954255474041 -0.6235674543587137 -0.1633175019088337 -0.7645201262457717 219.69806884608082
-0.7805950132251563 0.21008333753525346 0.58867343800962 223.73913931565366 0.06577761047947452 0.9642027758214309 -0.25687801201709387 -54.69186243628441 -0.6215663530851919 -0.16179616308272607 -0.766470658488687 219.01620984298899
-0.7815026527276628 0.20918412886202453 0.5877887409706493 224.2697491532275 0.06703646442946926 0.9648169563370376 -0.254232871992053 -54.94045030962244 -0.6202900258882286 -0.15928038484624105 -0.7680299751876961 218.3199725377358
-0.7813561695283507 0.21016723556529632 0.587632767495843 224.8338598649171 0.06736555345394667 0.9644917391814459 -0.2553773037264459 -55.20242201477998 -0.6204388918723772 -0.1599544252141429 -0.7677696030102967 217.58126355758287
-0.7803231544960787 0.209061928495443 0.5893970517495436 225.38993720053003 0.06622725638674284 0.9647929025408761 -0.25453605976016935 -55.45817565775423 -0.6218598918315686 -0.15958623142525116 -0.7666958390853016 216.86182215814014
-0.7784938940358844 0.20774246357491316 0.5922755488593718 225.9733972511719 0.0663091575066606 0.965577501575497 -0.2515217367981825 -55.725177870713054 -0.624139689956983 -0.1565348436580267 -0.7654714169329623 216.11316351022074
-0.7760627496431737 0.20893049480091228 0.5950417270734231 226.6021063959874 0.06672154192371141 0.9654340346200077 -0.25196301443000035 -56.015736298206185 -0.6271162926121407 -0.15583700824764235 -0.7631775562743095 215.30914479392467
-0.7732508468856776 0.21214242723009974 0.5975606399015113 227.16178918724643 0.06536090221533161 0.9640215417097876 -0.25766338424595475 -56.27193282063997 -0.6307226650851998 -0.16018132752728131 -0.759296293985042 214.60248655189602
-0.7689957507222291 0.20970570998249963 0.6038783408699887 227.66617247360122 0.06335554513813359 0.9650121155076177 -0.2544360269768393 -56.50221106484778 -0.6361066029144815 -0.15740118209290685 -0.7553762357953501 213.97387225302913
-0.764296086312474 0.20840960754033075 0.6102597217024239 228.21961202665958 0.06040720949106731 0.9653135555788964 -0.2540092684472911 -56.75345629841257 -0.64202995373186 -0.15727420290852118 -0.7503748154159717 213.2969122096257
-0.7615379237899708 0.20923141149786595 0.613418460002852 228.8126122219803 0.05664099357918408 0.9643215650899016 -0.2586033970173679 -57.01774233191772 -0.6456406031810733 -0.16219166299526613 -0.7462185175796755 212.58070937891287
-0.7608026123778329 0.20736229190182925 0.6149636289214874 229.38027703176337 0.054424933113339936 0.9646280560836087 -0.2579353408743434 -57.27247069595396 -0.6466972333748382 -0.1627685267905793 -0.7451772239083485 211.89837178052915
-0.7612887880122091 0.2057954791094866 0.6148882841825803 229.94612135871097 0.0534228829899756 0.9649804053667214 -0.256824478645075 -57.528239851684155 -0.6462084623555602 -0.16266849122178456 -0.7456229510574961 211.21795826900433
-0.7618937360805159 0.20419170060428982 0.6146736405000626 230.5060688987362 0.05287827023461231 0.9654480868596493 -0.25517421522566747 -57.77930123190724 -0.6455399472211342 -0.161912757321243 -0.7463661538135059 210.54116829548974
-0.7626276411240623 0.20374605645127253 0.6139109263354924 231.0610792449259 0.05192817452346224 0.9653170935431349 -0.255863974807108 -58.02987699892169 -0.6447499869594459 -0.16324966583116224 -0.746757658763408 209.86751801157112
-0.7640190487611689 0.20436082128649102 0.6119734862338306 231.63673672482898 0.05182925620866917 0.9648859076903439 -0.2575051714848355 -58.29076922016088 -0.6431085610773122 -0.16502072555800085 -0.7477830827221076 209.1652785046375
-0.7677366313384144 0.20370228726925796 0.6075243559417312 232.21140099391042 0.0523103040972007 0.9648829360103169 -0.25741902004585093 -58.555954701640864 -0.6386267274287839 -0.16585022748667025 -0.7514317035208322 208.45237212917186
-0.7730415966286376 0.20294113355144736 0.6010171263738658 232.74482419562455 0.053787588399825594 0.9650031400158827 -0.2566628821890978 -58.80648229578234 -0.632070870406139 -0.16608382242812542 -0.7569032822703883 207.78097130944784
-0.7785761969204759 0.20125094294751167 0.5944048818369385 233.2336831509907 0.0547772962484425 0.9653622285262345 -0.25509844286190686 -59.039860030012186 -0.6251548235473795 -0.1660536831798572 -0.7626320350587474 207.1533970858009
-0.7849103645108428 0.19955119132121377 0.5865961487477896 233.72854407494086 0.05673352328897779 0.9658885552008207 -0.25266698689636363 -59.27818731807157 -0.6170065048430777 -0.16504127051847464 -0.7694571800996951 206.50296343096946
-0.7924449291042391 0.1994796742789119 0.5764016775535573 234.22941498626497 0.06021267532779549 0.9659768517062252 -0.25152168037287786 -59.52055773572953 -0.6069641406762369 -0.16461039310233624 -0.7774946626285285 205.82290058443076
-0.8002211456709225 0.19975807814351207 0.5654580693893451 234.68198064984927 0.06426089533455037 0.9660266886381288 -0.2503257361312474 -59.742398342987364 -0.5962521742953348 -0.16397910554475917 -0.7858716164825043 205.18721672990077
-0.8078911046036674 0.20002260768360508 0.5543490953521211 235.06780741884785 0.06833394041611941 0.9660895762182395 -0.24900080985744952 -59.93736523995495 -0.5853566739087103 -0.1632846812714221 -0.794163507832373 204.62592021120022
-0.814771289626076 0.19961247930307374 0.5443368476481629 235.45740000335462 0.07002961461556813 0.9658725151657908 -0.24937148498595696 -60.13569791615511 -0.5755376605208836 -0.1650610267561247 -0.8009439797940675 204.0527610151292
-0.820491953487223 0.19835189805980719 0.5361431514052856 235.83148544765373 0.07168648599475834 0.9661709731803428 -0.24773917395008296 -60.32710704787355 -0.5671454857339869 -0.1648337802752149 -0.8069546597496912 203.4892821678372
-0.8250214256831581 0.198131959712186 0.5292290370948446 236.15979649168062 0.07460480075040454 0.9665116632867079 -0.2455388532101396 -60.49863701347064 -0.5601551310741675 -0.16309178787224868 -0.8121744257608173 202.97832598427695
-0.8292307793475224 0.19720257451266918 0.5229602845229016 236.4810744325479 0.07579393552553823 0.9667187605963791 -0.24435653715124514 -60.66768175068137 -0.5537432563203339 -0.16299074365304383 -0.8165797104772923 202.471172747222
-0.8314208293716082 0.19764797433848985 0.5193021112290197 236.81425499753527 0.07728357342025136 0.9666466902717857 -0.24417498943584615 -60.8404374837971 -0.5502423591167983 -0.16287864938809635 -0.8189651346712432 201.9398020607378
-0.831067407583028 0.19778143260052822 0.5198167648043936 237.17758063697255 0.07734866682919798 0.9666523320012487 -0.2441320396348868 -61.02665427695018 -0.5507668724541872 -0.16268304753423676 -0.8186513777255883 201.36711496697765
-0.8298310276798385 0.1969224561347564 0.5221130258571188 237.57202458347476 0.07575406857943531 0.9667552731181177 -0.24422441113036253 -61.2297796792218 -0.5528487917988799 -0.16311280810581644 -0.8171611990533761 200.75236994457626
-0.8261180656062341 0.1960143340171839 0.5283060879251839 237.97279515892203 0.07300412032188237 0.9668775490880309 -0.24457760217474325 -61.43484500872842 -0.5587480112671882 -0.16348145438953787 -0.8130648645561073 200.13964581254712
-0.8182100351467367 0.1947301886667897 0.5409366802195712 238.34578620173622 0.06810842813132621 0.9670967089582777 -0.24512282133564112 -61.62178171652021 -0.5708708964403875 -0.1637196052519703 -0.80455099928686 199.59534500095276
-0.8059940894935373 0.19364873501933108 0.5593511375932788 238.68734071454455 0.06160202696602611 0.9672822147132838 -0.24611035608652948 -61.78677956032783 -0.5887093663049338 -0.163906328507395 -0.7915529025277256 199.12807779509203
-0.7899754717161895 0.19256660059669317 0.5821141283471961 239.03651906776255 0.05435726930236477 0.9676580638836431 -0.24633951910918844 -61.94879043391954 -0.6107241941832418 -0.1629600433713415 -0.7748935300437335 198.68223500076533
-0.7691340662232223 0.1895026006483077 0.6103454370456605 239.4067203493218 0.04458985180151882 0.9686113698698012 -0.24454807150182614 -62.11227737689104 -0.6375300254037031 -0.16087504003564854 -0.7534418943769189 198.24955610972722
-0.740666164252577 0.18567250043091155 0.6457084138487791 239.8084825935796 0.031245540473896372 0.9695359334684719 -0.24294812185713555 -62.27884102865999 -0.6711462950295297 -0.15976794514904571 -0.7239038985742409 197.8313663553163
-0.7071088006256769 0.18508640651842923 0.6824515852423597 240.21431556724906 0.018087428730042175 0.9695536974627431 -0.24420989467721366 -62.437948208946175 -0.706873389653089 -0.16033917131635292 -0.688927689341875 197.44271653295854
-0.6731410228243118 0.18361468697232383 0.7163566221646124 240.6250578647691 0.006417389870343594 0.9700993930745705 -0.2426231329935352 -62.587461345465066 -0.7394862950036916 -0.15872244417347553 -0.6541920247276856 197.0926625914952
-0.6414483060434284 0.1803453421460917 0.7456672369363049 241.0656759517055 -0.0054511399106452 0.9708800627080434 -0.23950404779397147 -62.74508282158604 -0.7671468932008302 -0.15769420218331232 -0.6217862839031432 196.74766677174853
-0.6096245453866634 0.1762461052560196 0.7728487717815085 241.56774042893537 -0.017471842356997124 0.9717449854889904 -0.23538567904961968 -62.914826389655545 -0.7924977276855445 -0.15699997948752178 -0.5893202508434304 196.38397987933413
-0.5763590651335035 0.17059098680179352 0.7991926821864815 242.09876117115547 -0.029994934391574805 0.9728935722538227 -0.2292998058831219 -63.08346445250702 -0.8166459036505812 -0.1561307538225011 -0.5556191643216969 196.03655146139786
-0.5432214289929646 0.16469813018485185 0.8232769916598262 242.57999836297336 -0.041250450000884425 0.9741511347659371 -0.22209900271941319 -63.22746639012644 -0.838575506115914 -0.15460948401649507 -0.5223858994982438 195.75921563731615
-0.5110963192393724 0.16340777266028053 0.8438474105513211 243.00333354660057 -0.04999561603186679 0.9744478447554628 -0.21897907714899137 -63.34800500195107 -0.8580681737703333 -0.15410807144869387 -0.48986703448671326 195.52917308548513
-0.4834001833663079 0.1587588107567691 0.8608832108529673 243.4270961984213 -0.05918040181932476 0.9752410582847629 -0.21307876073441756 -63.45910674543008 -0.8733967842635546 -0.1539497263482731 -0.46203629618826575 195.32539501799647
-0.46006977522043374 0.15704037859397016 0.8738845011897626 243.8715576265646 -0.06587563369664999 0.9754840039013872 -0.20997942522442353 -63.57518999894612 -0.8854356006021439 -0.15417288225747383 -0.4384455719502033 195.12101958175415
-0.43899530860031366 0.15945200200412243 0.8842274470314699 244.32970758452083 -0.06888832558693217 0.9752567079056591 -0.2100684466616559 -63.69186252986398 -0.8958445834098341 -0.1531320108334288 -0.41714873802202557 194.91600642796075
-0.4203792677401359 0.160689394002471 0.8930062653248206 244.80406034862057 -0.07238642864731415 0.9751169727444433 -0.20954019760751452 -63.812270301211115 -0.9044564534580697 -0.15272788913891092 -0.39828722760995 194.71562357358619
-0.402043960793741 0.16502819677948338 0.9006255314263477 245.32369213980692 -0.07514140363898053 0.9743586787775117 -0.21208237680227401 -63.94371967374885 -0.9125318750862568 -0.15294070536861634 -0.37933457210344984 194.50438371367562
-0.383833374761604 0.16624977043833247 0.908313246764748 245.82856989923252 -0.07894841000502764 0.9741491083360952 -0.21166167174447237 -64.06710194242746 -0.9200212437638552 -0.15295270039194578 -0.36078578473384665 194.31441708530588
-0.3629007980616313 0.16190716126161467 0.9176541188805479 246.29754854102472 -0.08415689007824634 0.9750701995684798 -0.20531859089190915 -64.17873354509716 -0.9280197350372372 -0.1517371973040446 -0.3402281504163438 194.15951429401096
-0.33826090981261486 0.15879650173531876 0.9275576682499935 246.765651598684 -0.08977349732296845 0.9757195128343014 -0.19978025791552367 -64.2888133587513 -0.9367605222633693 -0.15084794765264448 -0.31579205280982264 194.01754772629948
-0.31055756060564194 0.1554017190357153 0.9377655929236345 247.23261420574232 -0.0972833755323456 0.9761693411306639 -0.19398289172386973 -64.39531346113873 -0.9455632958166794 -0.15147185599069696 -0.2880387655282351 193.89542720839702
-0.2813276297106204 0.15251365651368648 0.9474145604423797 247.74994107099081 -0.10413533580876905 0.9766068691047709 -0.18813520418403365 -64.51039812273626 -0.9539447555269618 -0.15158696446000322 -0.2588644348078823 193.77462329187327
-0.24883521150997945 0.15189265419312012 0.9565613723723907 248.3178440519083 -0.11107040514180162 0.9766355995346221 -0.18397356012014823 -64.6315692637853 -0.9621561217465782 -0.15202475891714107 -0.22615054733908277 193.65738386540798
-0.21428694312150312 0.15096865472399268 0.9650334560513786 248.96132783936955 -0.1190659897729019 0.9765786207313297 -0.1792135251868263 -64.76416133661007 -0.9694866662760437 -0.15330578208703602 -0.19129281505493767 193.54507437843566
-0.18297611919404605 0.14773015082765756 0.9719544960239251 249.70426928260804 -0.1263517570303653 0.9769125910584 -0.17227020324739586 -64.91235842688764 -0.9749640882104438 -0.1543294915691651 -0.1600857105802337 193.43806031904083
-0.15648074844540838 0.1453313239546976 0.9769301825839645 250.54141707477137 -0.1331618795849381 0.976979874258841 -0.16666805068333224 -65.07272070308721 -0.9786632154073064 -0.15617020064900344 -0.13352594967975226 193.33323428844972
-0.13816163388541733 0.1425636021030055 0.9800953944782754 251.4482591961175 -0.1389057494726047 0.9770155243071116 -0.16169680895537158 -65.24161908378038 -0.9806204952404178 -0.15848118064398617 -0.11518315717205894 193.23260250009056
-0.12371512594600297 0.14166186070803574 0.9821540026049379 252.37940609703773 -0.13988813284231408 0.9773837910497828 -0.15859456258977386 -65.41293898961334 -0.9824082032953778 -0.15701223587315596 -0.10110034561789356 193.1348692128528
-0.10583026962465333 0.143013453660212 0.9840462926627742 253.3237759199403 -0.14052899665113328 0.9775206146258237 -0.15717839890320048 -65.58419373682092 -0.9844041624919085 -0.15492127050126492 -0.08335373305902775 193.0507570188878
-0.08584473064742376 0.14265178628645414 0.9860431786130636 254.2678807581026 -0.1423740122869433 0.9777828295413886 -0.15385180817705407 -65.74905595077033 -0.9860833244941248 -0.15359429065989202 -0.06362759646015724 192.98798431458783
-0.06737892591600068 0.1388905243807347 0.9880129060794952 255.22872808925717 -0.14336331104952277 0.9786393758377007 -0.14734969665699832 -65.91259381575982 -0.9873738103612637 -0.15157306587001543 -0.04602786455442586 192.94232035089274
-0.051877590855778775 0.1378819109927583 0.9890891234807833 256.2071458550654 -0.14417796664195506 0.9790124571988039 -0.14403930916436367 -66.07724640398847 -0.9881909883731933 -0.15007727099911156 -0.030909274133630118 192.9090034944006
-0.040753945567186096 0.13893979064292208 0.9894618994669812 257.23729193232396 -0.14473967697249995 0.9790183202505224 -0.14343484417580618 -66.24582977257406 -0.9886301339887431 -0.14905993153742647 -0.01978875891648728 192.88453534578534
-0.03466002646550734 0.13694293017234987 0.9899723816557812 258.33515278888325 -0.1464430539835543 0.979179511192049 -0.14057708490954537 -66.42667254526643 -0.9886117106859381 -0.14984698441245486 -0.013884046856506248 192.87006640374622
-0.030947912443807644 0.13685932477880994 0.990106939646651 259.4660640276879 -0.14727282058936278 0.9791452531011328 -0.1399474531571326 -66.61106402056814 -0.9886116239611088 -0.15014692321390585 -0.010146842778615545 192.86112780734848
-0.02869883098939484 0.13662001601001636 0.9902077298856354 260.6336258657416 -0.14790213893815043 0.9791315609121714 -0.13937841914446633 -66.79766208978495 -0.9885855220451892 -0.1504538389377726 -0.00789353859335781 192.8557169271474
-0.027918387669960614 0.1351465398170395 0.9904322169666078 261.8354599167242 -0.14791529591089086 0.9793523825058731 -0.13780412227382413 -66.98532335188155 -0.9886059016946542 -0.15034734336045547 -0.007351699051930948 192.85038939263956
-0.027428146679658955 0.13506414885628412 0.9904571532698652 263.0240571227692 -0.14800869266316133 0.9793600027422636 -0.1376495983459835 -67.17273561856894 -0.9886056461834809 -0.15037174176817963 -0.006871361709527598 192.84511858664885
-0.025613281848072145 0.13836866019621288 0.990049530916749 264.18039011072625 -0.14773882562996882 0.9789753682928598 -0.1406430505831438 -67.35484353963749 -0.9886946946324968 -0.14987108510770147 -0.004632348669027359 192.84205998662273
-0.023592671526453283 0.1374197567163587 0.9902318901723274 265.3404322733345 -0.14863438571781143 0.979016933975674 -0.1394046712673405 -67.53884452499321 -0.9886107450521318 -0.15047143733241547 -0.0026723238170992154 192.84086481708388
-0.023089743065176048 0.13198679418177586 0.9909825174677909 266.50177785246615 -0.14910121989626646 0.9797059916877527 -0.13395893429166306 -67.72125743152999 -0.9885523203101728 -0.1508497796244008 -0.0029417676047862953 192.83838012527968
-0.022511739222334282 0.1291478490614243 0.9913697870522341 267.67236202701633 -0.1480325771691083 0.9802597150367075 -0.1310619974394601 -67.90205096483697 -0.9887262400148258 -0.1497054580132484 -0.0029492621426592427 192.8337529425455
-0.020274025021615228 0.13197180349949497 0.9910461174892481 268.8335104542353 -0.14780073416425354 0.9799629999172925 -0.13351951832449088 -68.07684518337464 -0.9888093379868174 -0.1491843218109294 -0.0003622649343771534 192.8326234814713
-0.01815307070502984 0.13203075584826315 0.9910793840727965 269.9759258398094 -0.14852246287833207 0.9798891475816357 -0.1332604084951179 -68.24947817221397 -0.988742405303085 -0.14961663664802585 0.0018215360551281346 192.83466245751842
-0.016501325697281844 0.13112043188719866 0.9912291049963908 271.1269928049114 -0.14846130193464432 0.9800536881614165 -0.13211362590237022 -68.42549873024433 -0.9887805358511563 -0.149339213413341 0.003294124919029737 192.8388117995032
-0.014439606394475848 0.13106917780363428 0.9912680608175829 272.28863481946723 -0.14882253932210865 0.9800473924176757 -0.13175340756515477 -68.60257841022967 -0.9887584889935912 -0.1494254973061476 0.005354549273151358 192.8448692804203
-0.011985570726065852 0.13054982637575296 0.9913692999723315 273.43576041106223 -0.1488832809318312 0.9801560986060132 -0.13087318680466523 -68.77717523036715 -0.9887821371532464 -0.1491669038315671 0.007688956233473072 192.85315145612785
-0.01011166066899032 0.13014396546268173 0.9914435448234875 274.56984047931707 -0.14907860976636816 0.9802172880852205 -0.13019076867803966 -68.95153155754015 -0.9887736456988725 -0.1491194701992335 0.009490056841660351 192.86434583045266
-0.008766944729626537 0.13007111310220001 0.9914659077429046 275.70442103265606 -0.14962092879957561 0.9801715884236575 -0.1299124124639082 -69.12540735771329 -0.9887045657552398 -0.14948298492937198 0.010868250611082564 192.87797162217834
-0.007209138641977343 0.13133332750970972 0.9913120524866362 276.79624888917124 -0.14928345399100942 0.9800873915453246 -0.13093187273689977 -69.29207855552035 -0.988768162252685 -0.14893039320133664 0.012540306867874947 192.89161647712447
-0.005599279807689406 0.13163998718035957 0.9912817772161401 277.83286470027355 -0.1490062693701774 0.980120539378436 -0.13099946555960465 -69.45033734751898 -0.9888203981279989 -0.1484407021799431 0.014127214244437232 192.90514110815428
-0.004603442277117537 0.13056853221090245 0.9914285988993312 278.8662657397463 -0.14892875263552588 0.9802927514324856 -0.12979348260736934 -69.60951205768309 -0.9888372135784658 -0.1482497213663943 0.014932687539722203 192.9212611983821
-0.0029484247793483925 0.13156803553184937 0.9913027584031076 279.92956831119983 -0.1498506614858873 0.98005563628812 -0.1305209907720834 -69.7717717465456 -0.9887042459924805 -0.1489322054029086 0.016825936831671603 192.94461978695696
-0.0011688900194366113 0.13138440551071978 0.9913308084008671 281.0605171201775 -0.15091478631495778 0.9799543513223341 -0.13005459082988952 -69.9457965575875 -0.9885460843924425 -0.14975849663045487 0.018682390622001086 192.97130258611358
-0.00021603961087020054 0.13359861643827645 0.9910355003796101 282.21254789493094 -0.15257094712641328 0.9794285913020058 -0.13206718227142503 -70.12308906767282 -0.9882924968954448 -0.15123175667148336 0.020171672073023415 192.99923971020957
0.0007198625097424953 0.1352462312644226 0.9908117574629081 283.31473999623 -0.15353845687247372 0.9790785743509663 -0.13353309517904086 -70.2904628660436 -0.9881424108189991 -0.15203158282293003 0.021470299605921752 193.0241340590626
0.0008240336975970809 0.13324417716299852 0.9910828977540779 284.399702188868 -0.15500897982821885 0.9791210831413287 -0.13150711281433455 -70.45597513512072 -0.987912717369848 -0.15351838261362252 0.02146087273662027 193.05070453070945
-0.00017566522066701426 0.13474508872411847 0.9908802804609944 285.5357949636449 -0.15601023961376217 0.9787437073085982 -0.13312235176510992 -70.62972887062092 -0.9877554222971311 -0.15461085495057086 0.020849682349303757 193.07908436316944
-0.001449394806316498 0.13775288574801156 0.9904655681661982 286.70775609207334 -0.15687988426051702 0.978170995726406 -0.13627253954489238 -70.806844984152 -0.9876166266163704 -0.1555816364090011 0.0201929008118022 193.1074374175227
-0.003893251102535107 0.1367313560249808 0.990600514271733 287.86061746602627 -0.1572502425857532 0.9781997599452729 -0.13563771912609066 -70.98492273766506 -0.9875511145265198 -0.15630024287433564 0.017692661610097915 193.13389514152593
-0.0062832625349809575 0.137901586311482 0.990426005870551 288.9625049562959 -0.15593488917657963 0.9781941697452825 -0.1371877422141695 -71.15734125930562 -0.9877473517805053 -0.15530395606394048 0.015357417800055345 193.1547359323016
-0.007809658320344628 0.13524193576346785 0.9907818266641092 290.03027084474473 -0.15384768891778955 0.9788527769527022 -0.13482629441853952 -71.3246166393651 -0.9880637114334134 -0.15348244154602692 0.013162153528053765 193.17151886312112
-0.009771750256654433 0.1294606586296308 0.9915364091974148 291.0906071555713 -0.15375842873601464 0.9795966380692359 -0.12941704785722288 -71.48973372297868 -0.988060149226529 -0.1537217113833596 0.010333293754547924 193.1879660925211
-0.01046067997407847 0.13036756577626266 0.991410546629423 292.11889757048266 -0.15379295119415884 0.9794583783201302 -0.13041860795717755 -71.64805880198347 -0.9880477227024351 -0.1538362211316588 0.00980381203719049 193.20520606352295
-0.009364095136302542 0.13680361643895336 0.9905539279875183 293.1582658454105 -0.1527978490534115 0.9787684519994612 -0.13662040365635475 -71.80238862291581 -0.9882131000178688 -0.15263383602529962 0.011738017433662679 193.22134802892398
-0.008833656429530384 0.13521382589890177 0.99077706261291 294.2395643424435 -0.15195180911785783 0.9791278604592398 -0.13497881529453926 -71.96478508816341 -0.9883484275395455 -0.15174272357608654 0.011896706343204288 193.23905724247933
-0.008647592857420698 0.13096473832234592 0.9913493110170256 295.34970393995184 -0.15343013991805401 0.9794732066618084 -0.1307341944418388 -72.13319310413983 -0.9881216581486796 -0.15323339958308532 0.01162385261916246 193.2612478087399
-0.008759880063625727 0.12976503333564676 0.9915060769479273 296.4421802966332 -0.1544796590288306 0.9794650612148202 -0.12955396098066738 -72.29568708421142 -0.9879571344180902 -0.1543023978518883 0.011466061640799084 193.28155102986602
-0.008580581003986537 0.13104809219071695 0.9913388780648154 297.4805482723271 -0.1545875604300437 0.9792834177087458 -0.13079248434432822 -72.44834521347514 -0.9879418301650754 -0.1543709342261263 0.011855584179260912 193.29854756157152
-0.008254671700889747 0.13143855774107002 0.9912899504857584 298.47634340748914 -0.15462664321931405 0.9792324549927833 -0.13112742007501438 -72.59510349295957 -0.9879384907988121 -0.15436225130435752 0.012240660538265117 193.31523539230065
-0.00745220208120232 0.13037684749330847 0.9914365044327584 299.4552909372344 -0.15447340175189517 0.979412681704795 -0.12995678923017123 -72.73974158811001 -0.987968842036699 -0.15411903371590427 0.012840973917020182 193.33310564666886
-0.006749645944317339 0.13052279160250205 0.9914223333937539 300.42549157080515 -0.1551304239397409 0.9793052600081099 -0.12998368854867995 -72.88419449027249 -0.9878709398741822 -0.15467711075894094 0.013638092218629423 193.35308252150105
-0.00578764140665891 0.13154635408881868 0.991293125131455 301.36423809208884 -0.15548608422546903 0.9791347126052597 -0.13084071302022762 -73.0248796426309 -0.9878211279473506 -0.15488954547467124 0.014786746886033363 193.3720029431058
-0.005093691408410049 0.13280724518559875 0.9911287958353584 302.3217314370618 -0.15598832131491297 0.9789031469584063 -0.1319707258761582 -73.16802811937369 -0.9877457658330857 -0.15527673522178645 0.01573014868562922 193.3929449091545
-0.0043319935884622825 0.13383030731364579 0.9909947944746652 303.2824236154469 -0.15542031246083127 0.9788715061900045 -0.13287249844826965 -73.31401505666506 -0.9878389343947345 -0.15459632341567137 0.016559483090669593 193.41596168499026
-0.004074686402871855 0.13358721577672736 0.9910286841013934 304.25312549211327 -0.1561092861623625 0.9788014108779732 -0.13258087658920623 -73.4633883430186 -0.9877313843877763 -0.15524900593661364 0.01686589609530334 193.4415783827894
-0.004286539111835354 0.13351138407068566 0.9910380093144621 305.26262286438833 -0.1574768161980704 0.9785911522042547 -0.132515694118335 -73.61741726630402 -0.987513381146078 -0.15663354414388617 0.016830178441226997 193.46676856972232
-0.004883903539102051 0.1340074799129228 0.9909682854731566 306.2272618597757 -0.15762789966369775 0.9784879815200711 -0.13309663883203082 -73.76492735614202 -0.9874865025577968 -0.15685428061790443 0.016344476681981693 193.4879879647999
-0.006947417857410136 0.1340405939200594 0.9909514885031817 307.1587935663149 -0.15752466724059136 0.9784558278619605 -0.13345475687925903 -73.90754258568532 -0.9874906139279771 -0.15702646943913245 0.014316958462810591 193.50608103845803
-0.01048814446324021 0.13307947302810239 0.9910498739641108 308.0895245525539 -0.15823984757644458 0.9783948982839831 -0.13305477688100278 -74.05020864695149 -0.9873450002226676 -0.1582190787181884 0.01079692849221806 193.52297812132846
-0.014526119797148913 0.13369507297020794 0.9909160505850779 309.02342219270884 -0.15708090067564026 0.9784100842044218 -0.13431045294399593 -74.19433341275514 -0.9874789022994701 -0.1576049954493269 0.006788440384160916 193.53447360467098
-0.01906681723710444 0.13470134209056805 0.9907027833409199 309.93158962015826 -0.15571723354578654 0.9783912984453054 -0.1360243004148594 -74.3360473794028 -0.9876176383891145 -0.15686304716377464 0.0023205122714151168 193.54135213386047
-0.023897252676726034 0.13481832496007337 0.9905821220724023 310.7727069523362 -0.15515523254711494 0.9783587569966204 -0.13689775900749418 -74.46681148919888 -0.9876010202140101 -0.15696547984503856 -0.0024623178636459676 193.54240838285986
-0.027319710029578035 0.13446683701886386 0.9905414192178138 311.60559500781864 -0.15353666150906117 0.9785887158345372 -0.13707887807375255 -74.59827904548784 -0.9877652185699545 -0.15582937779330613 -0.006089170715260121 193.53991021544917
-0.02925073151126447 0.13538064948547232 0.9903617896763518 312.5213254327812 -0.1528908413399953 0.9785211570699118 -0.1382777487555562 -74.74395512764397 -0.9878100957878506 -0.15546197255743255 -0.0079239982425578 193.53757997340725
-0.03064703467748783 0.13537331638315517 0.9903205665222257 313.43548536457456 -0.15258051279722193 0.9785403086659016 -0.1384848418801654 -74.88863070302521 -0.987815745156966 -0.15534776962500518 -0.009334028740203972 193.53400129139544
-0.031192564168215774 0.13544577329285748 0.9902936263743751 314.3280423857245 -0.15235733464637882 0.9785532536620359 -0.13863900002124235 -75.03287679338386 -0.9878331167358491 -0.15520300333607737 -0.009887428148854766 193.53044582455232
-0.030173901082647493 0.13644299598721085 0.9901882874178464 315.2330678848711 -0.1531770996203126 0.9783066566801317 -0.13947351593491636 -75.18057002226091 -0.9877379773226106 -0.15588263001814018 -0.00861938589833779 193.52878281961165
-0.026018067470010633 0.13706498375101625 0.9902203039700098 316.09158878399603 -0.1537067430132941 0.9782278390659438 -0.13944365180464352 -75.32119573990761 -0.9877739100205926 -0.15583159212978293 -0.004383785684324454 193.5311250471689
-0.020107570497316294 0.1363858563942453 0.9904517069419907 316.9185523356771 -0.1550489553810476 0.9782415780596437 -0.1378522266436766 -75.4552429057532 -0.987702134777454 -0.15634037588218166 0.0014764230684342807 193.53835652589862
-0.013084064843997632 0.13590555410133834 0.9906353959008156 317.7899438038024 -0.1574162519061236 0.9780861461787947 -0.13626303346446064 -75.5976375788169 -0.9874456597114519 -0.15772498539393484 0.0085964003802357 193.5533362718097
-0.004112260197144177 0.1392902646462694 0.9902430567748721 318.724210439962 -0.1579708982545506 0.9777269046866709 -0.13818572703599832 -75.74669581114827 -0.9874352052771462 -0.1569978408341628 0.017983140790462506 193.57502111285095
0.008314230459783615 0.1383543968794838 0.9903478855614201 319.6716455717722 -0.16007951672228796 0.9777935354703056 -0.1352566091488126 -75.89663146262744 -0.9870691069513923 -0.15740985628794046 0.03027730578485537 193.61019861888974
0.024777022740359752 0.13870893838222106 0.9900231964742041 320.587005427797 -0.16255939775378223 0.9777055242571938 -0.13291482249504424 -76.0411203082854 -0.9863876222591452 -0.15764434100163116 0.04677307349437347 193.66217108894557
0.041159324221700655 0.1389662827710747 0.9894413991148754 321.47084686537374 -0.16533649986697035 0.9775755470955784 -0.1304219748835127 -76.17392674418494 -0.9853779740999649 -0.1582226974032673 0.06321254768700378 193.72706603430424
0.05632850733735816 0.13736445419009297 0.9889176436823253 322.3117590835602 -0.16836934602842316 0.9776115712475248 -0.12620372055095064 -76.29912371524463 -0.9841132366649201 -0.15939454974370693 0.07819536388363703 193.80368372526175
0.07214130195309088 0.13707720901360762 0.9879298919060766 323.1814920310507 -0.17130972085811244 0.9774939980896492 -0.12311971100609476 -76.42712275475542 -0.9825724462308251 -0.16035997776174796 0.09400034808564704 193.89851097354156
0.08932516746010057 0.13782747554808517 0.9864200937948631 324.1455040716278 -0.17394574808961683 0.9773173893327882 -0.12080396197676072 -76.5665043275465 -0.9806956159684653 -0.16079274701236043 0.11127354280533205 194.01878992126902
0.10788975563187322 0.13839329430448685 0.9844831622334868 325.1068380774981 -0.17696400766703793 0.9771223031150165 -0.1179650149223163 -76.70115332590042 -0.9782860218873183 -0.16149086923647826 0.12991211849989556 194.15878347814717
0.12691764162163421 0.13736824971933176 0.9823552698562008 326.0231574331287 -0.1801852408648658 0.9770797346470068 -0.11335109667136507 -76.82556109996378 -0.9754102681536996 -0.16261966704915504 0.14876038676055056 194.3114335570886
0.14678933191668186 0.1359238232968939 0.9797844693073106 326.9478881222415 -0.18212338457500757 0.9772940724033213 -0.1082929768557115 -76.94889073763672 -0.972257149537301 -0.16254540998035724 0.16821125071741996 194.48031227380008
0.16768609957666245 0.1362028556576726 0.9763862730085159 327.8845622162189 -0.1849374999868173 0.9771730538295164 -0.1045511547909395 -77.07049808160318 -0.968338521957787 -0.16303866099851325 0.18904735362448047 194.6722953849533
0.18745478476013566 0.13365622147878034 0.9731375638266903 328.80290848723797 -0.18883051281935687 0.9771245671351017 -0.09782953403453691 -77.18745097255288 -0.9639521466851505 -0.16541945097554583 0.2084050482594845 194.8802112676968
0.2070144078699024 0.1356325866524966 0.9688905182590166 329.6809633077923 -0.19119853429598474 0.9768557207222665 -0.09589588820822403 -77.29565846478503 -0.9594728528819048 -0.16539861646981793 0.22815596037037492 195.09629145205778
0.22467995510400615 0.13500832800435178 0.9650345429796439 330.56186996543 -0.19485959792301202 0.9765767383891767 -0.09125574576121481 -77.39966307824812 -0.9547505720719649 -0.16754290616621953 0.24572488624808078 195.33096119651051
0.23742790491082347 0.13503747261775056 0.9619734252871365 331.48871214495006 -0.19756879840202773 0.9763052952397739 -0.08828669426789491 -77.50593094059163 -0.9511017610474897 -0.1690942088771345 0.25848131200645585 195.58902164702056
0.24494231285339407 0.13480201935796787 0.9601206585377916 332.4889115479513 -0.1988679789626208 0.976216723915659 -0.08632748629895795 -77.61924741236724 -0.9489229633207076 -0.16979200076678558 0.2659245873518616 195.87172390492145
0.2493802045056844 0.13529506360575946 0.9589081078834484 333.5103637043172 -0.19935009849961516 0.9761574644758002 -0.08588447343010618 -77.73424795478944 -0.9476650525522702 -0.16974053821078303 0.27040543237704295 196.16468467634402
0.25275073952375465 0.136700534559512 0.9578256770004328 334.4546506162354 -0.19982000787487367 0.976001166005779 -0.08656609271672745 -77.83617267206017 -0.9466726087318047 -0.1695130903691488 0.2740005183761864 196.4404377931915
0.25566675345045126 0.13584651005834208 0.9571730443786397 335.39684402718854 -0.2001212446502808 0.9760705628035878 -0.08507493090156139 -77.93432481498073 -0.945825564583517 -0.1697998296031291 0.27673456460481827 196.71725374544218
0.257762309304976 0.13474044379533856 0.9567672677864767 336.3557749866846 -0.20125312676357546 0.9759969827172176 -0.08322901353955575 -78.03421301669438 -0.945016280743168 -0.17109910149594143 0.27869217175520034 197.00261067816413
0.2577097195300409 0.13434723279846839 0.9568367266671677 337.27929026017296 -0.20165748297964148 0.9759569268651891 -0.08271841670491266 -78.13030512810418 -0.9449444216556143 -0.17163594595318904 0.2786057107072455 197.27541968284933
0.25419383804714907 0.13299158397503213 0.9579659343059491 338.20946532315264 -0.2030180150694069 0.9757695859972823 -0.08159289552385232 -78.22862729359821 -0.9456051915340451 -0.17374393121631643 0.27503430351387215 197.54775699774274
0.24870395144063234 0.1318012648595853 0.9595700970326385 339.16820764491933 -0.2036316068589337 0.9756715784001351 -0.08123508964870725 -78.32946165867787 -0.9469321587240896 -0.1751953129612725 0.26949228020582744 197.82196760639732
0.24212874967142473 0.1310820073489752 0.9613486235138188 340.11015053253357 -0.20372563281152403 0.975611809635175 -0.08171574778412646 -78.4279015813697 -0.9486145345281701 -0.17606562483840518 0.2629284325290136 198.0822895155974
0.234967771091314 0.12970299637695204 0.9633105829789365 341.0651874273242 -0.20332314382812344 0.9756907273370972 -0.08177593638871121 -78.52912461122166 -0.9504997873393914 -0.17664862671202008 0.25562749646414806 198.3391605403854
0.22769415103201274 0.12810026903881722 0.965269752275493 342.0289948130632 -0.20187487533305562 0.9759808250471268 -0.08190216022541247 -78.63262021610392 -0.95257645797861 -0.1762150680631724 0.2480853512249687 198.5902113216995
0.22314638286002134 0.12767817442012316 0.9663870733785875 343.0220467449012 -0.1994477104309496 0.9763916147503515 -0.08294591882093691 -78.73832203237045 -0.9541626185406454 -0.17423460741753324 0.24334337664649108 198.84216019140163
0.22150747858398318 0.12668888830041614 0.9668941837205192 344.07068331958925 -0.1990743559246436 0.9765187761401434 -0.08234367406753823 -78.8485815990099 -0.9546223534699756 -0.17424409725140555 0.24152672073393244 199.10801743794028
0.22018673795350066 0.12625465060426921 0.9672525852279685 345.12403032191486 -0.19929682847131566 0.9764945208447543 -0.08209278239555932 -78.96048556351802 -0.9548814453065219 -0.1746946306014112 0.24017329461945577 199.37403399238733
0.21906867565103838 0.12586465851628503 0.9675572350435283 346.18064706127535 -0.19849682183940232 0.9766563599868443 -0.0821058232825179 -79.07254333405598 -0.9553051486662036 -0.1740702221341214 0.23893855004586376 199.63519360273577
0.21815015113986005 0.12647443555519125 0.967685242580794 347.2385413483389 -0.19824002391370896 0.976636832660634 -0.0829541440151885 -79.18348625483176 -0.9555686288678322 -0.17373748657556964 0.23812576778260322 199.89383313455616
0.2165606188972663 0.12546357938610053 0.9681737388456985 348.2762960812512 -0.19706112739018386 0.9769123706681255 -0.08251746546815476 -79.29093894242531 -0.956173839013881 -0.17291937509488625 0.23628474200051544 200.1461877970871
0.2136524837429753 0.12382139337912325 0.9690308966860179 349.2626230879744 -0.19554404401435252 0.9772806773898612 -0.0817618765129706 -79.3949600820277 -0.9571390406001475 -0.1720195923203565 0.2330109800352047 200.38478660555685
0.21070122683423484 0.12323726143327433 0.969751293066925 350.21552598413064 -0.19491152348041357 0.9773988110848649 -0.0818600152970428 -79.49685479741588 -0.9579219649977199 -0.17176769627702013 0.22995949097741483 200.61513177492444
0.20940477145470343 0.1228033042807473 0.970087104413687 351.15133511800576 -0.1953020644884881 0.977345606292393 -0.08156389806455161 -79.59790322329624 -0.9581266854119752 -0.1723801447924913 0.2286445721699528 200.8429605043849
0.21071629745793075 0.12145533202584732 0.969972805963193 352.075763502476 -0.1945891791468975 0.9776056711832963 -0.08013864878564178 -79.69797972324562 -0.9579841821995588 -0.17185969275179952 0.22963134076754083 201.06843007867437
0.21461189977054732 0.12026356820608375 0.9692669429208939 352.9629683330708 -0.19485397181360356 0.9777125165328334 -0.07816754239128014 -79.7964382352423 -0.9570651295211523 -0.17208982880277895 0.23326257453198346 201.2908917246351
0.2197263980118656 0.12198590618332304 0.9679048241998605 353.80873893131667 -0.1950752257954255 0.9776075989075063 -0.07892426014324948 -79.89033175334345 -0.9558587585504434 -0.1714725087322426 0.23860262456954415 201.50751392754267
0.22484953947394515 0.12065857600904138 0.9668940958728743 354.63919438728067 -0.19710295299936728 0.9774219533826802 -0.0761363971074943 -79.98205455277656 -0.9542500251596978 -0.17345844770737223 0.243555037725898 201.7290931304261
0.23006419255643076 0.12102954598125318 0.9656201718599955 355.418365684596 -0.1994176633073713 0.9770441294732765 -0.07494908020002865 -80.068291447974 -0.9525245733651103 -0.17531861869571666 0.24891829799000154 201.94424770601768
0.2361266916193189 0.12113560266828488 0.9641422878761747 356.1515906059297 -0.20034086146406935 0.976951802713854 -0.07367981000233845 -80.14688770717547 -0.9508457944024098 -0.17575932675206027 0.25495280803888315 202.1498121025391
0.24199551565615787 0.12048780585293241 0.9627672922586508 356.87886312852584 -0.20152409438896207 0.9768632302479164 -0.07159796624423005 -80.22412572199008 -0.9491186489491285 -0.17669441991853402 0.2606777170888078 202.3593519638141
0.24966934902531726 0.11960431599977853 0.9609162417981587 357.6164203996644 -0.20236193236769645 0.976876119307554 -0.06901228771037977 -80.29949093873542 -0.9469502967345678 -0.17722261458638253 0.2680993852911249 202.5765550147018
0.26179059129338644 0.1202649680164562 0.9576022262809636 358.33022077767987 -0.2036610239165884 0.976746759781683 -0.06699219800263932 -80.37119535706795 -0.9433916862298001 -0.17748832278203197 0.28019639831467136 202.79606201854313
0.2765578181934916 0.12137976986924114 0.9533009622687598 359.00608248476567 -0.20501106302969105 0.976607407874251 -0.06487245116817497 -80.43954895646159 -0.9388749848789727 -0.1774962601060125 0.2949726096044947 203.01669384037098
0.29182876551199766 0.12257561247223658 0.9485837816697043 359.6708061223846 -0.2066673165098258 0.9764072209873595 -0.06259040733502125 -80.5061021288991 -0.9338761116477765 -0.17777558333694893 0.31027608683692504 203.24859113930628
0.30857373205742433 0.12378720078031848 0.9431113300173652 360.3122641584198 -0.2084427962346826 0.976196697835763 -0.059930024465318296 -80.5679359446222 -0.9280807360257074 -0.17809193147787514 0.327031208542027 203.48784689790335
0.3295461762044271 0.12417971779401642 0.9359373458932155 360.9297822840628 -0.21090427084741512 0.9759453161276691 -0.05522796815725787 -80.62475356955358 -0.9202818624135543 -0.17919301776871038 0.34780907994987725 203.7378352983714
0.3550273753741031 0.12408745516470047 0.9265839768772832 361.5186690759736 -0.21389833716414408 0.9756412077135674 -0.04870046375159606 -80.67598848872493 -0.9100566268608724 -0.18090477407176078 0.3729214376040261 203.99607496861418
0.382208607788222 0.12403955438543444 0.9157132570190571 362.03007481206697 -0.21740911783010144 0.9752041509723529 -0.04135383187353081 -80.71829307500467 -0.8981368802231237 -0.1832786208867527 0.3996987509474128 204.23862012391925
0.4067561436676302 0.12382960438095159 0.9051053356750767 362.4745903308773 -0.22119499372966894 0.9746389290340763 -0.0339371884550757 -80.7531178570576 -0.8863533236455817 -0.18640060914643122 0.4238308608068406 204.47098715557485
0.42985951143206136 0.12705818642281352 0.8939110792994642 362.9079899090991 -0.2238858255678726 0.974128615207564 -0.030798995820979884 -80.78580026119269 -0.8746976263493466 -0.186894778677025 0.447184977567541 204.70513898253841
0.4539683883243439 0.1272088740078219 0.8818903587044468 363.2946449289858 -0.22543800685343166 0.9739509164035903 -0.02444007983934315 -80.82122902864154 -0.8620269180647142 -0.18771658107440442 0.47082064283714725 204.93241621613018
0.47883361027384935 0.12528343733291686 0.8689202690708501 363.66600849199375 -0.22794941317438763 0.9735611659220109 -0.014755380104282387 -80.85383812051268 -0.8477956349885056 -0.19100449350373577 0.4947320939213621 205.16984203814317
0.5027250466054987 0.12448458973761145 0.8554362129541606 364.04526369058215 -0.22997624507464168 0.9731747683477561 -0.006465056276214042 -80.8769643626451 -0.8332937382561251 -0.19347986243830345 0.5178678292904332 205.42150792698317
0.5262340849315981 0.12478853105431426 0.8411334676337094 364.3739620013833 -0.2316255225639177 0.9728048477849051 0.0005877271261381143 -80.90182105607293 -0.8181853733434714 -0.19513726103307175 0.5408272776065504 205.65510605726297
0.5528094202978338 0.12621422051379333 0.8236939452066325 364.6976265856531 -0.23346929074419387 0.9723336950236696 0.0076990779328152134 -80.93290679636127 -0.7999336441914268 -0.1965633639865477 0.5669823708272712 205.9061872376364
0.5800641356179351 0.1274762624139048 0.8045342758955626 365.04393447611614 -0.2340281180708922 0.9721186421696443 0.014703247887417451 -80.96005977299363 -0.7802284527765021 -0.19681246928795842 0.5937241896796521 206.1904278640394
0.6083469701994324 0.12900351416255973 0.7831168860284391 365.45501150790193 -0.23453524059932462 0.9718564018074077 0.022098759760912568 -80.97096208168247 -0.7582263413824317 -0.1971122208277911 0.6214817677407325 206.5481831412301
0.6354173414978493 0.1316386442781228 0.7608653425254838 365.9071987030019 -0.2345811477816546 0.9716992598220319 0.02778909078671278 -80.97038780831755 -0.7356741719193679 -0.19614233554724608 0.6483145046787259 206.96379292131044
0.6605765609001316 0.13342167363037347 0.7388080022543227 366.35055514645 -0.23505510068162552 0.9713607725701533 0.03474693015880674 -80.96413239124962 -0.7130131182754681 -0.19661359698042297 0.6730196034659847 207.40357557134914
0.6837449793590801 0.13597756085326346 0.7169399599308487 366.79498112118466 -0.23596937763159398 0.9708994284876515 0.04089929806861039 -80.95318563278154 -0.6905152105648438 -0.197140565857826 0.6959341500974384 207.87086437026798
0.7031837987434505 0.13656291080554903 0.6977701029544365 367.24650773665127 -0.2367985205347991 0.9703360443287412 0.048728038632564606 -80.93822003395083 -0.6704170387581615 -0.19949569536399023 0.7146624809474569 208.36889384546288
0.7203740881742527 0.13647299415386765 0.6800266869423517 367.6952037286879 -0.23667543705929828 0.9699702962974655 0.05605677294843514 -80.92102008537353 -0.6519554513767833 -0.20132746004278856 0.731041273289554 208.88190686818803
0.7371675155891697 0.13657204292715608 0.6617644075128196 368.108428070106 -0.23624575381680382 0.9696454309165249 0.06305301028683952 -80.90003128747529 -0.6330655556604091 -0.20281966224556527 0.7470556785427513 209.3779132016994
0.7546284194790464 0.13768031173434203 0.6415450726763395 368.5101426259694 -0.23564624816830154 0.9693757967562318 0.06914774318384845 -80.87654414356922 -0.6123779831433858 -0.20335854155641112 0.7639623742942363 209.889143281842
0.7729518743718995 0.13681369320638326 0.6195380644126687 368.8840698832998 -0.2336492799583007 0.9692297875129592 0.07747020699951093 -80.85091870359469 -0.5898757613938176 -0.20463536436503116 0.781134401861327 210.39759906161984
0.7910892278285817 0.13474771727388488 0.5966748581120663 369.2198037438318 -0.2309810869279833 0.9690242322549403 0.08740580520930231 -80.82023803530971 -0.5664146635594342 -0.2069663982200885 0.7977088058387316 210.88408770350898
0.8088998545697499 0.13576559680485176 0.57205657762258 369.56043333464595 -0.22935858756577066 0.96875301375871 0.09440464312334833 -80.77629330761522 -0.5413646308975804 -0.20756999074441 0.8147631774666124 211.41757723834738
0.8257266179147265 0.13927774747350252 0.5466052154213438 369.91669365612904 -0.2267469013248574 0.9692540888756045 0.09556335038859082 -80.71899368169375 -0.5164894918647271 -0.20285024095776769 0.8319196983703956 212.00163674657028
0.8386231800732692 0.14052071507155592 0.5262747290907808 370.23246511042623 -0.2250875133056435 0.9692044816144952 0.09989136185003443 -80.6652962473927 -0.4960310203986038 -0.20222908162317133 0.8444268028362003 212.54656649741972
0.8480058099573218 0.14047735623810223 0.5110305848606119 370.51678058351916 -0.22477687794935436 0.9685449903346286 0.10675184699587364 -80.61676522132475 -0.4799598956350094 -0.20539404587777763 0.8529078405666034 213.06035039428122
0.8542570192564181 0.14322968609599704 0.49973012924175475 370.81624992980863 -0.22655309187909264 0.9677788364130645 0.10989913717128799 -80.56162753031275 -0.46788742407887435 -0.20709751522365555 0.8591809923275897 213.61580204318705
0.857357593247134 0.14658833460609713 0.49340634112148574 371.12645859960344 -0.2291128954356122 0.967073089651652 0.11080126541115505 -80.50339404953012 -0.4609178217932059 -0.20804206168228048 0.8627127344164981 214.19062047706242
0.858152776831835 0.14828340589353556 0.49151382803785176 371.431341400014 -0.231649074316731 0.9662200983688845 0.11294878430607419 -80.4470306292028 -0.4581621088479642 -0.21078603617087954 0.8635141741577572 214.74897768406694
0.8574547251055734 0.15066159854897287 0.4920086148806673 371.74584444320357 -0.23364781658019668 0.9659171825207916 0.11141227184829083 -80.39096435035728 -0.45845402408685837 -0.21048771753657913 0.8634320057565658 215.314374144908
0.8563532332617493 0.1525808961288597 0.49333377141511553 372.0829433991173 -0.235098185853702 0.9657965749330129 0.10938838537959417 -80.33098373575021 -0.4597694888642001 -0.209656972181157 0.8629345114928365 215.9249280101653
0.8549594866574163 0.15199261008610523 0.4959259245630336 372.4493915713783 -0.23596560200647726 0.9654108217524164 0.11091519243566297 -80.26706754249965 -0.46191396476422913 -0.21184945532743873 0.8612521683184645 216.58435796628274
0.8525952401445379 0.15337133716665768 0.49955839440308525 372.8573346964406 -0.23801548696490957 0.9650183342529193 0.10994654392282303 -80.19691979210064 -0.4652203611706353 -0.2126425345302007 0.8592747919384315 217.3047117578972
0.8495563710069234 0.15662419438217698 0.5037090769637573 373.32241578363227 -0.24038976016505909 0.9649368242058853 0.1054025070823323 -80.11522652379539 -0.469538854291457 -0.21063187561617935 0.857419079146875 218.11711092047733
0.8467347557454498 0.15841808360187554 0.50788184078642 373.8259508031826 -0.24184720102718255 0.9649139968426597 0.10222969261636651 -80.02898937763314 -0.4738672649255414 -0.209391235454181 0.8553391875431391 218.99221139556533
0.8436543474875033 0.15619050263484954 0.5136651329924075 374.33150806461566 -0.24127991396866386 0.9649892139184864 0.10285825264047394 -79.94830725080362 -0.4796158307236232 -0.21071389111221484 0.8518029766393383 219.8523774519451
0.8396913854119377 0.15526481865232497 0.5203952472437089 374.84064536788884 -0.24032267421293402 0.9655601875013186 0.09969220918185236 -79.87210244276405 -0.48699423972376377 -0.2087734667079961 0.8480862279713055 220.6982066564059
0.8353300696051001 0.15392450631429194 0.5277602876017099 375.35263919936193 -0.23908705954444176 0.9661779205832234 0.0966312772132662 -79.7976197940764 -0.4950364156018555 -0.20689966682760982 0.8438788272582087 221.53442159953576
0.8312124030845754 0.1516136369254878 0.5348824600382694 375.86944650116624 -0.23732425073956057 0.9667973559432917 0.09476324473107722 -79.72694404728053 -0.5027555479249067 -0.20570896343932638 0.8395955463146785 222.3612780151679
0.8257539402843291 0.1534222317065008 0.5427633452280106 376.4085747695277 -0.2380151408089713 0.9672012578892273 0.08871594830230797 -79.65591861671783 -0.5113503914642012 -0.20244343791708558 0.8351870638328386 223.20883954452316
0.820729442747181 0.15466991183224307 0.5499821816947411 376.9015046484193 -0.23896592297107785 0.9673388142900003 0.08456302990428465 -79.59756893550964 -0.5189397551416585 -0.20083036807668825 0.830884284236798 223.96801576104926
0.8162816098580232 0.15447790605384315 0.5566155854346994 377.3492523824438 -0.23952314758838628 0.9673541720236474 0.08279231629681262 -79.54932125414099 -0.5256548251247654 -0.20090416225070903 0.8266344551332179 224.64368477400538
0.8114841998484164 0.152556544859393 0.5641098244286646 377.796554379531 -0.23810471170657543 0.9678752700554047 0.08076885463036994 -79.50234302653998 -0.533666131265144 -0.1998598564888335 0.8217399212066772 225.30720679344387
0.8066169454244936 0.15191341830412647 0.57121923697755 378.27044897062973 -0.23882843182939262 0.9677712057631569 0.07987410998336347 -79.45516815492527 -0.5406755806433046 -0.20085120521141178 0.8169018973298738 226.00168681685807
0.8044702941432037 0.15579110608469643 0.5731986366924241 378.8236979923677 -0.2379608409004697 0.9686991169281791 0.07068705016127835 -79.39586127079771 -0.5442445994579006 -0.1932644616256917 0.8163618461402026 226.80231004240835
0.8037379292977036 0.1564221269767709 0.5740535333924024 379.4062106657393 -0.23915553469013415 0.9683840228758028 0.07097192730895947 -79.3369723817214 -0.5448026901872987 -0.1943309096127916 0.8157361867256756 227.64496831039037
0.8022954803373992 0.15611466503245772 0.5761511725163676 379.9521302017741 -0.24040352443081864 0.9679629585044599 0.07248349056529742 -79.28831035703996 -0.5463772576447752 -0.1966619493575006 0.8141228224312852 228.42732139976806
0.8009651875246411 0.1567061251348541 0.5778390422244207 380.48448341339287 -0.23986207174769061 0.9682880440312442 0.0698888426220402 -79.24028822706713 -0.5485626262429156 -0.19458019974129395 0.8131528705957524 229.1798687030468
0.8002726609151745 0.15829046064463886 0.5783664913017127 381.01799611585983 -0.23907204934902127 0.9687794415335138 0.0656578166105715 -79.19531870324455 -0.5499165604087659 -0.1908154179591265 0.8131305263346562 229.93066239230134
0.7996439917073754 0.1593753731187019 0.5789378006051854 381.537884391052 -0.2406577809785005 0.9683757784957732 0.0658193290546506 -79.15509922536413 -0.550139363235173 -0.19195791743498009 0.8127107966264647 230.6676556231271
0.7986586169650053 0.16154703106221724 0.5796955841668348 382.0733773819047 -0.24413197733656616 0.9674424756850031 0.06674304369899012 -79.1138721063506 -0.5500399905364025 -0.1948271361885961 0.8120950657498563 231.43770413465717
0.7974354857929964 0.16504811852099058 0.5803927675038417 382.6214004306023 -0.24698582732120924 0.9668771220567894 0.06439434715588747 -79.06982306643725 -0.5505403228652266 -0.1946991253597612 0.8117866736302063 232.22089100106248
0.7959369106180586 0.16735263378961135 0.5817882177214149 383.1618892504328 -0.24889495232823203 0.9665124056132832 0.06249057929917224 -79.02415630220447 -0.5518475668346376 -0.1945427093450152 0.8109361240069343 232.98265975620978
0.794619954453274 0.1677486624496733 0.58347194810978 383.7117843747706 -0.2506503949896576 0.9659839305650489 0.06363509551829265 -78.97963454310133 -0.5529498236514842 -0.19681319096147742 0.8096363754101914 233.75197505510945
0.7946206707537848 0.1692198673364823 0.5830459897035807 384.24730020576226 -0.2514988375974342 0.9658412457939696 0.06244215411312486 -78.93791535182602 -0.5525634120152605 -0.19625321506097926 0.8100360185079929 234.50694515065982
0.7953044443731943 0.1717067574863054 0.5813842362790579 384.787150207224 -0.2524849400224304 0.9657283535973414 0.060167284466169924 -78.89676278555118 -0.5511281119867834 -0.19464207276871628 0.8114014220385495 235.27572037195134
0.7958520613280632 0.1728980163011717 0.5802807703508639 385.3462301177777 -0.2542926146862445 0.9651904745014611 0.06117690779757372 -78.85544445526611 -0.5495041060773868 -0.19624888252104597 0.8121155173454894 236.0745496512421
0.7958556347927203 0.1756747846996807 0.5794412641410661 385.9095519691728 -0.2563831894649268 0.9647327652488227 0.059651922141259 -78.8139843396107 -0.5485266344749996 -0.19603331777041394 0.8128280689023069 236.8807094338305
0.7942540530630965 0.1758179179441296 0.5815914020363735 386.4666532919102 -0.2589176258301944 0.9638944485057005 0.06220253350420901 -78.77136094740838 -0.5496564037899506 -0.19998887936502371 0.8110994303431731 237.67647508941783
0.7900036170356066 0.17713263511251978 0.5869568251999058 387.0011643811209 -0.2626662248244317 0.962830030544716 0.06296655157889444 -78.73583349476299 -0.5539862267305402 -0.2039175369097796 0.8071659672790388 238.43187210800372
0.7847517940080808 0.18193364380835664 0.5925071907173041 387.51323160656295 -0.26438754185443347 0.9628746375006 0.054512935806593 -78.7018957579631 -0.5605924094324418 -0.19943064385569603 0.8037185880505882 239.13449688175524
0.7776298310484508 0.18026149816832174 0.6023268532463657 388.00828343363213 -0.2642933210945636 0.9629840405907362 0.0530167708592373 -78.67355089042228 -0.5704742643523592 -0.20041838699492373 0.7964870268033162 239.7884828643012
0.7710209773984427 0.17985005369745283 0.6108851042516689 388.5038606956598 -0.26432792473308797 0.9631326046833059 0.05006329995361383 -78.64906285376112 -0.5793594744352167 -0.20007384631922728 0.7901348336842126 240.4299969794932
0.7672211365692563 0.18204523642798714 0.6150050889994778 389.03429164454315 -0.2638837450796908 0.9635513607650376 0.04397890688223858 -78.61858811932746 -0.5845828398816515 -0.19603139305151612 0.7872957489115407 241.1100027517371
0.7648143752008171 0.17959141033946457 0.6187130973387138 389.5813801554377 -0.26407569881230086 0.9633657922595714 0.046801448704912846 -78.59448844538412 -0.5876418950202412 -0.1991815142937858 0.7842217336829251 241.81252194688986
0.762478742396168 0.1829719206316553 0.6206024844087561 390.129995847675 -0.2645686267424525 0.9634955531207312 0.04098488575297569 -78.57665559315419 -0.5904486507204267 -0.19544205119915922 0.7830535074217415 242.51625849279003
0.7610893363434258 0.18463652695779886 0.6218137784073978 390.68486289135865 -0.2657166352265232 0.963253402520353 0.0392116347128385 -78.55880704837764 -0.5917243377352496 -0.19506982197644063 0.7821828895378998 243.22826280386715
0.7615285767475697 0.1829546969641617 0.6217731142913557 391.25157307453867 -0.2657770884704305 0.9631138211700748 0.04212252028729422 -78.54211195115197 -0.5911317670714398 -0.19733055092895344 0.7820638641626854 243.95450757966094
0.7618214705125862 0.18303737270999798 0.6213898673598249 391.82250193619103 -0.2681416647704412 0.9623147995127173 0.0452799542063664 -78.52151541967656 -0.5896847417732447 -0.20111575480358457 0.7821920214944695 244.6932842564396
0.7607608548617921 0.18518553017070719 0.6220524424237462 392.3591048192236 -0.270170037427854 0.9618028462973817 0.04408441595941672 -78.50168613363078 -0.5901280137276896 -0.20159762962308106 0.781733537175018 245.38319991984116
0.7577901016512565 0.19106239454547505 0.6238984879208527 392.86124068005546 -0.27131874899615904 0.9618534253220468 0.03498749261380086 -78.48058415319467 -0.5934141035419859 -0.19578853282761657 0.780721814816692 246.0169426074205
0.7549129826461417 0.18998548608954804 0.6277036750789525 393.3859814621303 -0.27131338726858967 0.9618480197271455 0.035177163555477474 -78.46284872126883 -0.5970723863328061 -0.19686010774731033 0.7776571631873291 246.671350903082
0.7510814632716477 0.18963731050507882 0.6323877971578198 393.93594272729587 -0.2726160309068713 0.9614691198839354 0.035463096342399726 -78.45076052990458 -0.6012962125461174 -0.19903472554809828 0.7738398043546779 247.3565346526677
0.7467189938586807 0.190332215439257 0.6373259699531026 394.49942997308364 -0.27342662638087517 0.9613173534476244 0.03326899376934207 -78.43868804091142 -0.606340353429206 -0.19910447942333048 0.7698758225044536 248.04912050434632
0.7424838202152124 0.19083737583058888 0.6421050324555305 395.0961810477969 -0.27324622354908507 0.961469704938287 0.030207744074040466 -78.42714203264711 -0.6115997694855592 -0.1978815364605142 0.7660212918014981 248.7740281023427
0.7386389155230091 0.1893553592373364 0.6469598908766226 395.68448777626406 -0.27258258626180265 0.9616725601385305 0.02974257459311783 -78.41850208679186 -0.616531658669546 -0.19831902330512696 0.7619437504524057 249.474914403978
0.7353647710951151 0.18871321536242686 0.650865558913515 396.2391877270282 -0.2720808249898423 0.9618515847220284 0.028522861717670586 -78.41049523582883 -0.6206534283358767 -0.19806274590465725 0.758657017748883 250.12690485038084
0.733626855107569 0.1886301959342924 0.6528478280937814 396.7983636738239 -0.27107588068111144 0.9621901714627431 0.026607157936403877 -78.40129868337947 -0.6231448502378394 -0.19649102555150777 0.7570216459915635 250.7767576697086
0.7319820677617426 0.18978152140112226 0.6543586376062581 397.3525003640669 -0.2705837379500875 0.9624081657104532 0.023557659705391948 -78.39226068036207 -0.6252892876358938 -0.19430259058620908 0.7558173126220934 251.42099618078277
0.7299803901518598 0.18798913782661125 0.6571063186828636 397.89848056159263 -0.27103920368182294 0.9622219669990741 0.025819300764191176 -78.38980763594215 -0.6274283864006023 -0.19694915659539083 0.753355593100031 252.05907660981453
0.7283763566978381 0.1886674114873183 0.658689980830328 398.45506062006456 -0.2707469561214274 0.9623576739926568 0.023744326868137218 -78.38963773831723 -0.629415577146425 -0.19563311363394992 0.752039703802477 252.71282778388817
0.7268437103225428 0.18846033959632644 0.6604399451606451 399.01983333800456 -0.2706303236330977 0.9624034315079579 0.02321342180609813 -78.38897782783553 -0.6312348601707655 -0.19560760573387811 0.7505199636813484 253.37129835012502
0.7244949910364731 0.18978437412427254 0.6626378341909841 399.5861305842927 -0.2726377039976314 0.9618511320858171 0.02260712418968199 -78.38924740162015 -0.6330684720644066 -0.197038805932958 0.7485987033348045 254.0292683208714
0.7222196032328508 0.19250666641842543 0.6643342743609181 400.1704281223236 -0.2749127577458926 0.9612544196909447 0.020320340872357748 -78.38723438885188 -0.6346824562997887 -0.19730971595206778 0.7471593241445762 254.7008964287911
0.7197485441474403 0.19241301100544567 0.6670376798903173 400.7805024278589 -0.2749959192575165 0.9612487197026338 0.01944590604102416 -78.38489979985155 -0.6374474704549035 -0.1974288025234948 0.7447701594081106 255.39512540142815
0.7170642337003854 0.1924113798222796 0.6699229400927875 401.4342139500465 -0.27595731138831275 0.9609746881296556 0.019370365650665296 -78.3867522770861 -0.6400519096440651 -0.19875992978715087 0.7421779054054298 256.133857305809
0.7147141185976567 0.19420096629833625 0.6719149599212435 402.09777973511865 -0.27617623845783723 0.960973463229686 0.016021494300418878 -78.39166028857456 -0.6425810563566718 -0.1970177343721397 0.7404549941450942 256.8799821852044
0.7123479067285217 0.19468588881531756 0.6742832227452217 402.70000231832034 -0.27669029879047863 0.960843848714809 0.014885460763577012 -78.40084196102897 -0.6449828977071645 -0.1971712531864068 0.7383228010715706 257.5546548201001
0.710637304245953 0.19471401777808553 0.6760777123191972 403.27626669135657 -0.2783898542109776 0.9603342315585087 0.0160391012626734 -78.41239754981365 -0.6461375324854894 -0.1996111594516676 0.7366557365119224 258.1999189728032
0.7092082705878595 0.1966659262937047 0.6770126604169346 403.86199088897456 -0.27880784840119643 0.9602572719531934 0.013120797647302769 -78.42219730917603 -0.6475259165467235 -0.19806182139939313 0.7358544029251163 258.8501233431447
0.7068457200587535 0.19975190771817905 0.6785781483348617 404.4090526664635 -0.28075871909939576 0.9597268965532635 0.00994111069767853 -78.43007129493111 -0.6492639445435812 -0.1975435632846208 0.7344609390025608 259.45868514790124
0.7050573612653348 0.2020316783795487 0.6797626926043417 404.963271329386 -0.28092775515575896 0.9597092322831089 0.006147019904547342 -78.43858805269126 -0.6511326391056667 -0.19529820890551847 0.7334063647730259 260.0680694919163
0.7035909384303574 0.2022553594843759 0.681214034587173 405.55309936973913 -0.28206909427151217 0.9593721214092411 0.006492974632354723 -78.44800744309671 -0.6522245145772576 -0.19671782385583025 0.7320555172675676 260.7109358064931
0.7016543651405243 0.2026434753734772 0.6830935322251309 406.18827492676087 -0.28288416873827193 0.9591350743777574 0.006037894966467398 -78.46306218817034 -0.653955425817774 -0.1974728613934788 0.7303059427777953 261.40353053907137
0.699261044691629 0.2062903555242281 0.6844547323194268 406.8569059731624 -0.2849574822668881 0.9585375760192341 0.0022245582219002566 -78.47902902156527 -0.6556166751058798 -0.19659604415362486 0.7290519671095166 262.1316013822033
0.6967011936913916 0.20671029516078085 0.6869339856081746 407.5106575779504 -0.28603000252774113 0.9582190601188703 0.0017522781984711752 -78.49472403420938 -0.6578710241095678 -0.19770454395245257 0.7267177092500084 262.83711750498014
0.6929659304029205 0.2072211648426868 0.6905487731811951 408.13355259484337 -0.28773233991020936 0.9577099159640152 0.0013481223942268844 -78.51252034359003 -0.6610660480395371 -0.19962741721876298 0.7232845736112121 263.502843614919
0.6891468684260321 0.20746058375108464 0.6942886286900076 408.72801921478936 -0.2884003652683075 0.9575098989542421 0.00015072404870713983 -78.53206563876911 -0.6647569654029216 -0.20033696512199434 0.7196966564838315 264.13088717891816
0.6862368793404107 0.20824186824238794 0.696932040979645 409.3211141312255 -0.2878951086761451 0.9576582278741858 -0.0026692667943850933 -78.5561625444311 -0.6679785564174098 -0.19881157636261754 0.7171322090596148 264.75303662970754
0.6830253158559775 0.2086323889572472 0.6999635306055833 409.920403341894 -0.28751976644163135 0.9577621178683792 -0.00491014069265608 -78.58146499245558 -0.67142296788626 -0.19789960043987906 0.7141617088170868 265.37293970625
0.6797476545851446 0.208012161994539 0.703330695013627 410.50539939063873 -0.2880001683136738 0.9576179495868877 -0.004875005671313976 -78.60712200315042 -0.6745361585098995 -0.19924558487293362 0.7108460928860405 265.9721978853794
0.6782369829442669 0.20872984363220473 0.704575366688286 411.08073681585955 -0.28798626196839233 0.9576126759686544 -0.006471146855086094 -78.63401887514883 -0.6760610237871523 -0.19851905500838676 0.7095996596070516 266.56297483668993
0.6771943837785774 0.20756290397458968 0.7059216723351022 411.6671067521109 -0.28765585858698145 0.9577171804912904 -0.005648823983305098 -78.66385321235784 -0.6772457999864904 -0.19923715287426444 0.7082673812305736 267.170797237207
0.6756856682400638 0.20363573888883776 0.7085064315743186 412.2605272151272 -0.2871095294953419 0.9578965776919236 -0.001504831903735462 -78.69695290899496 -0.6789823236343812 -0.20240215486326263 0.705702750383448 267.7842188316666
0.6740770492089533 0.20254769387276547 0.7103481987283238 412.8336319410162 -0.2871257244580888 0.9578926729667453 -0.0006674062004970961 -78.72740487946227 -0.6805725164037775 -0.20350935797511438 0.7038501197928333 268.3746086043501
0.6731110077086588 0.20492057767043897 0.7105836531673431 413.3411370652479 -0.2883669369675186 0.9575153673194119 -0.002971701724265159 -78.75072735491992 -0.6810037305077021 -0.20290854638082742 0.7036064530973346 268.8976632718991
0.6721236510856448 0.20838507837549247 0.7105107013703187 413.7676044682321 -0.28992417352222843 0.9570280481955231 -0.006425618609567337 -78.77311885668706 -0.6813176727920374 -0.20167541763314298 0.7036570575669223 269.33457219158794
0.6727684131123842 0.20749033905275968 0.710162250135851 414.14232074896273 -0.28941150236913815 0.9571890173255784 -0.005492486479478779 -78.79592798310223 -0.68089914423113 -0.2018339523248249 0.7040166269870722 269.7144291802396
0.6736930170741684 0.20633470629976472 0.7096222288807572 414.48786366004356 -0.2900601402020079 0.957004052256021 -0.0028911989799434252 -78.81752958422354 -0.6797079033022186 -0.20388534263585464 0.7045764211544132 270.0696456744057
0.6756326516685054 0.20606378100431705 0.7078546730491991 414.83260316710397 -0.29018995151055416 0.9569677230357386 -0.0016028443752721827 -78.83766393020898 -0.6777243628804329 -0.20432937925318992 0.7063562788935315 270.4227475589521
0.6778034904165486 0.20830814235338532 0.7051171152428688 415.2129901173582 -0.29173811687514517 0.9564958530809355 -0.002134057429544811 -78.85456141299497 -0.6748861382050235 -0.20426306780289513 0.7090876529671482 270.8173022089816
0.6799634406651354 0.20846475948595553 0.7029880250838513 415.6125678268512 -0.2912820720054876 0.9566352450878953 -0.001939686523044179 -78.87055524510538 -0.6729074779544536 -0.20344889261944968 0.7111990397946945 271.23023494975905
0.6809607350788819 0.2066303114190339 0.7025641548525672 415.9956871157534 -0.28941195267513165 0.9572041071004219 -0.0010094547274711201 -78.88903716957208 -0.6727058784711184 -0.20264306490218814 0.7116196943012805 271.6252216328732
0.6811126420999757 0.20592642489359617 0.7026235665718399 416.3820719171438 -0.2887943114390578 0.9573909516645174 -0.0006413667794436344 -78.90847682988249 -0.6728175194300711 -0.20247684608726818 0.7115614606950816 272.0273200830172
0.6809248600511004 0.20706187635678275 0.7024718601652297 416.7830660979714 -0.28998829894196315 0.9570296660964981 -0.0010023412430628582 -78.92705285498451 -0.6724939564346575 -0.20302610071325625 0.711710812751943 272.44875312909346
0.6809243577449069 0.20981451083907052 0.7016551076355445 417.1770155582766 -0.28960158337332975 0.9571333506409153 -0.005164494026565502 -78.94594868341055 -0.6726610899534395 -0.19968380037512204 0.7124980266150908 272.85940863651575
0.6808362780397065 0.21180413477966542 0.7011426181564467 417.54594645427903 -0.2901654695111377 0.9569485134355398 -0.007317303935661304 -78.96506270935926 -0.6725072213801303 -0.19846549101479355 0.7129835103758241 273.2426958234375
0.6811281367208203 0.2128669498454249 0.7005370247393987 417.8755593471714 -0.2905111148631002 0.9568357557933259 -0.008284236621948502 -78.98645528151603 -0.6720623137092462 -0.19787116540546054 0.7135679704084672 273.5856666055813
0.6833860892990504 0.21388027453690828 0.6980248427646163 418.20037923976435 -0.2913978924638808 0.9565700254223742 -0.007813752686276074 -79.00669021510564 -0.6693808491585056 -0.19806315817801756 0.71603091005374 273.92633393386706
0.6886049287950077 0.2139496690507213 0.6928555341139375 418.5312368934269 -0.29239726584910325 0.9562854311104865 -0.004691819454681848 -79.02522324480589 -0.6635714663570116 -0.19935825380182595 0.7210611594572902 274.2804268055082
0.6967992261911522 0.21401503722748694 0.6845936036948705 418.87235682506304 -0.29340074417557005 0.9559895147123474 -0.00022600280512584072 -79.04062722986482 -0.6545126749701923 -0.20070279420218237 0.7289249252857247 274.65651079931
0.7072252346183533 0.21423103667581106 0.6737488630371282 419.1913569567078 -0.2933186178012276 0.9560067369665872 0.003912457753336771 -79.05186907773992 -0.6432702822066287 -0.20039007410373788 0.7389500404157929 275.0203165492241
0.7187345582314782 0.21432969594855739 0.661425291501921 419.4958248633722 -0.29488962878945807 0.9554699710864327 0.010827796844356835 -79.05912898771852 -0.6296512857417355 -0.20282977046451045 0.749932892049077 275.388009019598
0.7271873986693054 0.21483947501579886 0.6519528258942551 419.8019169860299 -0.2977582194689428 0.954479294682543 0.017587460333879354 -79.06229327188265 -0.618496992680851 -0.20691369214541327 0.7580555349362575 275.76954989804244
0.7324911724034193 0.21278593048406702 0.6466674803475849 420.0575838493332 -0.2985646306290194 0.9540813171068631 0.024248746049772566 -79.06534840786593 -0.6118135693889311 -0.210834029833087 0.7623864952738313 276.08730703601805
0.7360500177606929 0.21363976813370653 0.6423304607647529 420.2671846399003 -0.29944489582354566 0.9537616299354527 0.02591346422403015 -79.06778792125364 -0.6070940007278216 -0.21141618371033097 0.7659896027660207 276.35003767039024
0.7369959227391912 0.21413218973477963 0.641080661995974 420.4427377961459 -0.3004489612439847 0.9534172865749777 0.026942519321940337 -79.06859275998177 -0.6054481245765169 -0.21246854585888933 0.7670004468495351 276.5674996794994
0.7372969411643507 0.21473193173474103 0.6405336978201525 420.6105466591158 -0.2993970036715205 0.9538043555988533 0.024873388051637628 -79.07114896992451 -0.6056027202235887 -0.2101129428048601 0.7675271308062473 276.7642515503746
0.7374927575217312 0.215234361958794 0.6401395176328234 420.79330395839196 -0.29875597874311366 0.9540422890153611 0.023413157317416947 -79.07034599099792 -0.6056808547149564 -0.20851254207485165 0.7679018309844313 276.97873639384636
0.7377641740214914 0.21384504260253656 0.6402923717214706 420.97200897401876 -0.2984684665012212 0.9540852020297352 0.02525869696331507 -79.07001421069542 -0.6054920297037764 -0.2097420440021374 0.767715882956062 277.19115217752807
0.7380573070164111 0.2126108587569786 0.6403655474010942 421.1379184229602 -0.2978468682922219 0.9542468496403397 0.026461160216416747 -79.07103413486878 -0.6054408762283906 -0.21026072550550953 0.7676143385201285 277.387759861259
0.7383625044056404 0.2117223884300739 0.6403080839137482 421.2995701347364 -0.29732314646863617 0.9543871267273683 0.0272792762195782 -79.07208958378371 -0.6053261589108991 -0.210520408926401 0.7676336357688066 277.57980517076845
0.7386583164966097 0.21076926875827084 0.6402813497342383 421.4601641824739 -0.29678296366514895 0.9545294183975291 0.028168455616196818 -79.07301777572896 -0.605230339580335 -0.21083146055741933 0.7676238214716221 277.77080245065855
0.7389001102311809 0.2097842205979188 0.6403258607056819 421.6181297302747 -0.29626818923853726 0.9546610805676438 0.0291098144056746 -79.073867598435 -0.6051873983698516 -0.2112174283470433 0.7675515688322129 277.9586478687115
0.7391249695018902 0.2088991818491709 0.6403556912229147 421.78321592166463 -0.29574890757233874 0.9547980406448171 0.02988787798727448 -79.07423243069935 -0.6051668060366503 -0.21147537304272823 0.7674967774967119 278.1555369844575
0.7394402415476952 0.20806305739320974 0.6402639247435983 421.96771142832193 -0.29532922436730324 0.9549000214949225 0.030766835774894585 -79.07317782742057 -0.6049865935824494 -0.21183888476193952 0.7675386039075306 278.37728328432786
0.7397451662081511 0.20744415582515774 0.6401124989294169 422.1971720860516 -0.29499470435019154 0.9549819892521146 0.03142490428645569 -79.07022822148355 -0.6047769948311699 -0.2120762184170059 0.7676382377819132 278.65556387938534
0.7398982332020876 0.20709506702537697 0.6400486213704268 422.4823789728419 -0.2948667538314162 0.9550069727745935 0.03186344985756745 -79.0659740887627 -0.6046521330396141 -0.21230476953110933 0.7676734219998677 279.00351961368324
0.7399587564793367 0.20669207463642583 0.6401089165072176 422.81020259759396 -0.29460153114237786 0.9550788910234974 0.03215975388414332 -79.06027316445821 -0.6047073478618589 -0.21237395839370787 0.7676107902042961 279.40417890172193
0.7400531450692053 0.20636572956649787 0.6401050914761304 423.1739531333668 -0.294308566051698 0.9551636555920919 0.03232427856179959 -79.05427639633699 -0.6047344958093381 -0.21231009560648464 0.7676070693276544 279.8485216368048
0.7403177443121878 0.20560667256383508 0.6400433841965267 423.56312467586326 -0.2936732951983813 0.9553433183122261 0.032789325145618727 -79.04805082774365 -0.6047194664832959 -0.21223816893624176 0.7676387995032227 280.3238963378427
0.7406116824617435 0.20508498135859676 0.639870679295692 423.94761133114315 -0.2930412344961883 0.9555329047441693 0.032919642101883424 -79.0394539292122 -0.6046661646612445 -0.21188916530183932 0.767777188344086 280.79222968421305
0.7407914748023227 0.20462600345987053 0.6398094947468672 424.2795426573628 -0.292612012931734 0.9556563248192905 0.033154165966304217 -79.0312482337632 -0.6046537858545519 -0.2117762676527368 0.7678180850376173 281.1947241537904
0.7410162091602382 0.2038144051740645 0.6398083041078266 424.52181022489003 -0.29208947843434485 0.9557928145295981 0.033820589609550075 -79.02622553158005 -0.6046310563887257 -0.2119428789488515 0.767790011470015 281.48647415334665
0.7413724967550236 0.20288459554064098 0.6396910675846067 424.6952189929994 -0.2915211926828049 0.9559356942807372 0.034674812426248355 -79.02444601535828 -0.6044685395221336 -0.21219045523376195 0.7678495916751321 281.6942804352768
0.7416684989463588 0.20199825001847027 0.6396284426603708 424.8523755296301 -0.2910386403327343 0.956050880328595 0.03554186343155428 -79.0236421860521 -0.6043379414730902 -0.21251687277105674 0.7678621173646202 281.8817274871707
0.7419158877691054 0.20112976416025533 0.6396152229619154 425.0086862783779 -0.2905692668786101 0.9561623536836888 0.036373816732518535 -79.02277476344487 -0.6042601398581666 -0.21283883895310055 0.7678341696041434 282.06826807921107
0.7421460446472498 0.20023182821666263 0.6396299425319735 425.16467278447635 -0.29008150481685385 0.9562779739563819 0.037217698599759264 -79.02167962374585 -0.6042118576936699 -0.2131657840622783 0.7677814659963327 282.2544472467202
0.7423712358408769 0.19933806827694245 0.6396477802132253 425.3207487874927 -0.2895909531574202 0.9563939122182218 0.03804950093360577 -79.02037583323444 -0.604170528944825 -0.21348306538818626 0.76772583175701 282.4406574913864
0.7425894459252429 0.19847641429286098 0.6396624326704593 425.4768914488349 -0.2891107315725262 0.9565072933976085 0.03884305043087598 -79.01884122731668 -0.6041323527920378 -0.21377771316632957 0.7676738823636835 282.62696360937764
0.7428179475125544 0.19761364053901248 0.6396642446832199 425.6332069741168 -0.28862223660022907 0.9566223856319322 0.03963351924504924 -79.01708050201712 -0.6040850117269264 -0.21406181439197475 0.7676319679547576 282.8133741647637
0.7430669023170934 0.19673392047853558 0.6396462641288736 425.7896994650174 -0.28813457947680726 0.9567347201990236 0.040461577767246834 -79.01509211818443 -0.6040116247147947 -0.21436986658305487 0.767603750323405 282.9999007535984
0.7433146440546297 0.19584081786951757 0.6396324835326438 425.9462895538757 -0.28766108433873544 0.956840189725669 0.04132737449686771 -79.01292584700386 -0.603932480076213 -0.21471661645513113 0.7675691070692291 283.1864824656384
0.7435573397057302 0.19494140322850836 0.6396251495032365 426.10289583345514 -0.2871750425945582 0.9569487841203198 0.042184351144125005 -79.01067547665966 -0.6038650325035838 -0.21505086346708144 0.7675285979307269 283.3731037824684
0.7437993831138701 0.194076401538316 0.6396067761096381 426.2597522911905 -0.28669892598243757 0.957055125713728 0.043002467203551054 -79.0081953993674 -0.6037931794248311 -0.21535978434009925 0.7674985079914088 283.5602519978647
0.7440693725328968 0.1931823645128826 0.6395634002190189 426.41708860121634 -0.2862147669728952 0.9571607016153976 0.043869105869237694 -79.00546417550588 -0.6036902152802839 -0.21569414763578282 0.767485608106443 283.74787891743006
0.744315137352446 0.19226916676585298 0.6395526122370028 426.59751682218837 -0.2856857141692161 0.9572805485767767 0.044694787572663354 -79.00126869513464 -0.6036378459205796 -0.2159780517268021 0.7674469572189705 283.96368310367774
0.7446858214900062 0.19149127894256054 0.6393544536176291 426.80253527488173 -0.2850635263069951 0.9574391385731446 0.04526678581179475 -78.99543281272169 -0.6034747826058506 -0.2159661686867929 0.7675785306674281 284.2095068736001
0.7451563900200975 0.19101500782299188 0.6389485278162855 427.0650422019845 -0.2844089073688461 0.9576275199350417 0.04539941048422668 -78.98480969176289 -0.6032027253100556 -0.2155523134866303 0.7679086354046828 284.5259489256942
0.7457914281437948 0.19078725306830283 0.6382753087609531 427.40209050725923 -0.2841562331005313 0.9576853915902642 0.045759435362703334 -78.9673380623109 -0.6025366220383275 -0.21549690206879596 0.7684469430620389 284.9369645950984
0.746897845496767 0.1907684830005786 0.6369858666296648 427.7340069622855 -0.2843271255759974 0.9575940568946897 0.04660158647144385 -78.94859162940563 -0.6010837662539069 -0.21591898502360174 0.7694655923771998 285.34733880300837
0.7488341440519732 0.19122875081542565 0.6345699248810331 428.021729988311 -0.284822870381694 0.9573977939632244 0.04759618284987452 -78.93327639856037 -0.59843408760655 -0.21638167430703958 0.7713984792664534 285.70941559385085
0.7526307131200951 0.19402930891176742 0.6292055601721578 428.3131885103477 -0.2861118025707062 0.9570373453910801 0.047112163573014926 -78.91673034509837 -0.593032078473063 -0.21548119827495651 0.7758097750685451 286.084125937396
0.7595710717265387 0.1961367666945413 0.6201468823970725 428.615662469871 -0.2870146145908293 0.9566736467849669 0.04897085417291518 -78.8983174020626 -0.5836731945253938 -0.21518806262838605 0.7829557456809181 286.48506559573076
0.7702367818060691 0.1977334552351611 0.6063305869192105 428.88530176669656 -0.288940763522837 0.955744651555244 0.05536602025051131 -78.88072355172159 -0.5685495010356378 -0.2178385679908508 0.7932829401719298 286.8677384828792
0.7836227232620863 0.19955855322981278 0.5883126816754299 429.1139923061792 -0.29083444673704495 0.9546597703640748 0.06356136750860296 -78.86071434091888 -0.5489542350492176 -0.22090972518481541 0.8061315904616917 287.2212368659261
0.7996029220564942 0.1995572068353927 0.5664027615034839 429.3346324525351 -0.2915942878889632 0.9535424298621419 0.07569415910838556 -78.83433354309221 -0.5249837505192397 -0.2256850807046257 0.8206450548428948 287.58676525524726
0.8189924226371619 0.19897634573277542 0.5382005439441172 429.58209448648796 -0.29054824906363763 0.9526237569119509 0.08994271917731665 -78.79893489631267 -0.4948061505569325 -0.2300356311656659 0.838003867392772 288.01829328327165
0.8406800490122907 0.19851122356639578 0.5038356371981495 429.8497487996631 -0.28894504354442396 0.9513129995745259 0.1073048864293882 -78.7476035793288 -0.45800416701576707 -0.23578988731216904 0.8571086932457905 288.5405327420773
0.8617652114964959 0.19955341108132846 0.46641093081123924 430.1350189294195 -0.2870289088748409 0.9498717005288301 0.1239280355875207 -78.67876509165092 -0.4183002817648122 -0.24067029035647478 0.8758439847456895 289.1447161261334
0.8808194122468924 0.20142242094643245 0.4284695687550257 430.42473314182104 -0.28507908499087786 0.9481787315781975 0.14031039976965 -78.58776923428735 -0.37800407181643686 -0.24573583646434924 0.8925955525137683 289.8266516223428
0.8985608619523966 0.20350432803597313 0.3888114785316832 430.68774884031853 -0.28127759618329 0.9471381534422293 0.1543121258339372 -78.4848462805937 -0.3368550003380074 -0.24802279484891288 0.9083024837479052 290.5034190339776
0.9150569641251677 0.20525958387036752 0.34718763750369286 430.9192936799623 -0.2766518721585533 0.9458178663023721 0.16997736735927593 -78.37010450545552 -0.29348678681876256 -0.2515890836514701 0.9222626735102155 291.1852518373126
0.9284035621624277 0.20720405374746215 0.3084368750242659 431.11643807306945 -0.2719488408028881 0.9445497829815587 0.18403677745344868 -78.25322491601828 -0.25320081704071035 -0.254739450380391 0.9332722853861094 291.8476809809413
0.9389120312130587 0.20921656459973317 0.2732629260262991 431.2905171415787 -0.26692371013355637 0.9438939100232523 0.19446341452712354 -78.1246948167145 -0.21724624418366348 -0.25552439358718076 0.9420782099539262 292.52455368759615
0.947238693779593 0.2106139789553498 0.2416207956185192 431.45727599600986 -0.26204189212219836 0.9429559740226747 0.20534867379158092 -77.9770812911515 -0.18458847141614926 -0.2578289799916575 0.948394070677748 293.2704844730899
0.954036497097943 0.21124576315417146 0.21257843200686774 431.6062951323234 -0.25627174019093174 0.942787639976309 0.21325163794777074 -77.82556529271064 -0.15536781321946908 -0.2579276903655505 0.9535901368817166 294.02542206942104
0.9600076961891201 0.2103062658109646 0.18481476623448145 431.72959783082445 -0.24894565584555664 0.9432520155494876 0.21977646734227185 -77.67270830880136 -0.1281065325941073 -0.2569959332800249 0.9578840256441495 294.7538975206245
0.9644946622895383 0.21011532326328422 0.16000499162512133 431.8372994898701 -0.24311636293148411 0.9430362524940044 0.22710583558558148 -77.51202526478973 -0.10317209162345005 -0.2579421978118817 0.9606359050639407 295.50477737564626
0.9676247498593853 0.21110871167778986 0.1383309629595119 431.93743996355937 -0.23885790700563486 0.9430166527662334 0.23166029626686263 -77.335829532412 -0.08154289497221999 -0.25720168051415787 0.962911237768176 296.3239022497081
0.9704606667156205 0.21087394584478855 0.11721038060565503 432.03204737657745 -0.23349075159850874 0.9432156693901125 0.23627583442857505 -77.13754026625737 -0.060730250088712925 -0.25666394367110706 0.9645908234807935 297.22070487340335
0.9719174283533228 0.21381700540266932 0.098279197512487 432.1109244963001 -0.23170386011052657 0.9424748997233987 0.2409447750029975 -76.92633821596377 -0.041107586561920095 -0.2569500955282923 0.9655500063357951 298.1589213059067
0.9727223339106194 0.2159819378386577 0.08463488429090929 432.1777489232323 -0.23040909981676366 0.9418535266388072 0.24458859556337528 -76.71145037757375 -0.026886945403050443 -0.2574174370268922 0.9659261645081355 299.100709794283
0.9729995913360365 0.21756588620886316 0.0770511545536955 432.24133207277134 -0.2300759440738969 0.9408223056118997 0.24883418017147105 -76.48937806204225 -0.01835361594920825 -0.2598431727432052 0.9654763955479864 300.0749010703702
0.9730636127303026 0.21827804943463547 0.07417478490202677 432.30722571942584 -0.23002756521333725 0.9406594437130075 0.24949374780854344 -76.25575740545287 -0.015314203285690399 -0.2598355327674414 0.9655314448992237 301.08999214203567
0.9732075102924582 0.21796466821127955 0.07320208550240179 432.3784053943601 -0.22948263271341143 0.940597738089375 0.25022712959243043 -76.0053026219055 -0.01431304276791283 -0.2603215290994818 0.9654158887723102 302.1603415651402
0.9731657180192602 0.21840973082189552 0.0724270305505056 432.4503679864241 -0.22976529260292863 0.9394435156111276 0.254271098025886 -75.74039540452412 -0.012505822130023584 -0.2640891335487061 0.9644171991178632 303.27215073839085
0.9732104769515768 0.21849298758450303 0.07156942034194166 432.52092306430666 -0.22965228645878102 0.9387022093665014 0.25709529255646996 -75.47790384996944 -0.011008854433489139 -0.26664391331294474 0.9637322390670654 304.35367032992724
0.9732684856497971 0.21866040033045803 0.0702572712840011 432.5849856584501 -0.22948132359169932 0.9382570009314203 0.2588669973669349 -75.2297123838524 -0.009315415371958081 -0.2680698221182213 0.9633544485317704 305.36811488875617
0.9731472796137574 0.21964643445641718 0.06884632169495777 432.6425626895837 -0.23006607424318765 0.9376732957328372 0.2604580425938914 -74.99186103607332 -0.007346676981551932 -0.26930323856221294 0.9630274098057807 306.3374457226479
0.9731108694890991 0.22030514630488718 0.06723747611080622 432.6993136875181 -0.23026221496347896 0.9378739996852928 0.25956053836131926 -74.75590261537117 -0.005877758270124046 -0.26806343134767113 0.9633833342609934 307.3022771626128
0.973013072757194 0.22114080979750197 0.06589614924794929 432.7574789668315 -0.2307022858660466 0.9381076820493168 0.2583223416126309 -74.51310840370833 -0.004692072013969013 -0.26655340763561247 0.9638087286064894 308.28784535945454
0.972864570810425 0.22200495707948645 0.06517918298032381 432.8189935455487 -0.2313538802927879 0.9372112400638536 0.26097983364895905 -74.2565102634242 -0.0031478461394930457 -0.2689774907498831 0.9631413190880024 309.3287301584444
0.972759265899307 0.22289991025501943 0.06367920080642712 432.8791595396989 -0.23181296092810894 0.9370619464993251 0.2611085206741313 -73.99879018228836 -0.001470290034110836 -0.2687573969794964 0.9632067793656871 310.3741579738847
0.9727234887765689 0.22322781198856764 0.06307422878748746 432.9364430019953 -0.23196521042577903 0.9373240100341701 0.26003046238004734 -73.75241346745685 -0.001074957889430519 -0.26756876530763823 0.9635381675352982 311.37321424378274
0.9726717263270693 0.22362234362660172 0.06247207564075416 432.992498837984 -0.23218259875653402 0.9379257238129033 0.25765592840976514 -73.50985332123145 -0.0009765442031727901 -0.2651195655567162 0.964215049830916 312.3577269116049
0.9726114342102347 0.2239048360654903 0.06239889766651135 433.0459016551993 -0.2324370030422458 0.9371328407583553 0.2602980568289136 -73.26879297841647 -0.00019406248796769522 -0.26767267914125153 0.9635098853572256 313.326981463756
0.9726849919314762 0.22337415772736918 0.0631497595470638 433.0986949598494 -0.23212866716348404 0.9354892158384017 0.26641360500348144 -73.03101881888253 0.0004339955856947822 -0.27379538474860227 0.961787865871781 314.2789522327385
0.9730320600821223 0.22214122675025408 0.062144069952271744 433.15298144922866 -0.23066886431518352 0.9362378802375741 0.2650481213738204 -72.7942809324718 0.000696482508376699 -0.27223502160107965 0.9622305378265511 315.2187618029694
0.9729260534695328 0.22289136610785218 0.0611091923917756 433.2034076322387 -0.23111514801645355 0.9373490096308268 0.2606964182750409 -72.55964653064781 0.0008263398409738129 -0.2677615974307702 0.9634848437333033 316.1496532481742
0.9724475521741094 0.2249618838483992 0.061138441965442346 433.25062995044425 -0.2331176942209059 0.9368426534517379 0.26073354850235403 -72.32213240239558 0.001378010054753855 -0.26780215363002713 0.9634729407717723 317.09464286427874
0.9721707136186255 0.22611651814746644 0.06128151273523186 433.30036210659614 -0.23426442200114803 0.9359735064930002 0.26281890291160576 -72.07869836944099 0.0020698228717153247 -0.2698609185563161 0.9628970871641578 318.0668704150618
0.9722411349005844 0.2260315787624745 0.060472316057568205 433.35297263441487 -0.23396007092158094 0.9356558467269369 0.2642173758481107 -71.82668795292606 0.0031401945150400594 -0.27103110870864333 0.9625654664959522 319.06825055110977
0.9721977430515198 0.22651417266472518 0.05935383717625651 433.40276170430104 -0.23411277151387688 0.935088631271892 0.2660835618375271 -71.57130139670593 0.0047705995034266774 -0.2725813296028712 0.9621209176253822 320.08152000312674
0.9721798081189984 0.22706508678489307 0.05751405957742767 433.4530896767132 -0.23415109357501238 0.9354735741225557 0.2646931383621258 -71.30967388158265 0.006299687558364359 -0.2707963044093011 0.9626160581742499 321.12151936724996
0.9720084347687009 0.22806071048363513 0.056461624774700556 433.50482675854045 -0.2348306725217917 0.9355326486981382 0.2638810687844115 -71.03412896417267 0.007359210654874255 -0.26975354595174467 0.9629012755547662 322.2032010051402
0.9718728584433138 0.22862785090557824 0.056501794763692444 433.55606485353275 -0.2353538345198791 0.9342503514159636 0.26792695544855566 -70.75530481341384 0.008468742410261996 -0.2736888501006935 0.9617810009209724 323.2918029253071
0.9717476895042021 0.22946179471528264 0.0552604081534473 433.60301083444307 -0.23580629556195581 0.9338641771642303 0.26887374282870613 -70.49808010332761 0.010090535991308101 -0.27430819050004934 0.9615888922548949 324.2968655750509
0.9718333658087861 0.22942454614736327 0.053891434624082656 433.6471326282247 -0.23539540165680053 0.9339670593129358 0.26887643444001413 -70.25869254003862 0.011354029223108148 -0.27398888616770256 0.9616658339969147 325.2311722334764
0.9721228337260807 0.22858956643718711 0.0521920134161643 433.6905767095549 -0.23413027046454515 0.9343353424635428 0.2687014779931958 -70.01651627549941 0.012657511626438763 -0.2734305724303484 0.9618084577814014 326.178756073399
0.9721398807776754 0.2287987614372959 0.050942899076571325 433.73287518642525 -0.2339708627601725 0.9339928956055774 0.27002760291785727 -69.76477732716879 0.014201675282414594 -0.27442375575569805 0.9615039857931474 327.1607258331171
0.9719201240873062 0.22977839170917025 0.050726355059888636 433.77357812213324 -0.23485717026597536 0.9338557152235661 0.2697324836183712 -69.5172728532449 0.014607599692409025 -0.2740718771560183 0.9615982654848135 328.1249040305517
0.9717421387283822 0.23034666600641632 0.05155219955848354 433.81601888716636 -0.2356459329609691 0.9339872304945949 0.26858675982256736 -69.27632720515551 0.013718968567058206 -0.2731451385852578 0.9618750039213493 329.06067916812674
0.9714662133417714 0.23145081649459398 0.05180652352151525 433.85813816262754 -0.23676838127902325 0.9335392587567722 0.26915643404229056 -69.03533026432378 0.013933052856817287 -0.273742528489522 0.9617020838774614 330.0014185174607
0.9711876429827335 0.232480560948249 0.05241517813410064 433.90301709528825 -0.2379163451753243 0.9330837253292945 0.2697231436566325 -68.78450284956803 0.013797638060850324 -0.274422211759158 0.9615103092932249 330.98379965114657
0.9707883612930122 0.23438699631255153 0.051309780136030055 433.94790189419666 -0.2395173980610985 0.9340238180459062 0.2650111758944974 -68.52787148643506 0.014190616761414173 -0.2695593502042233 0.9628792152255687 331.9935140877673
0.9706789403485038 0.23497316880558403 0.05069521383097223 433.9906167227178 -0.23997131576086245 0.9349469238696683 0.2613197603677152 -68.2843282041651 0.01400579793893181 -0.2658229852516564 0.9639201098306804 332.95394940635555
0.9700552605229991 0.23689881425057466 0.05358864934226257 434.03216459293435 -0.24254986839793535 0.9332723907663153 0.26490036990058274 -68.05230406213671 0.01274177663439199 -0.26996591718213847 0.9627855683838461 333.88771127642883
0.9700579919613235 0.23610785402498616 0.056926035341314796 434.0802127279499 -0.2426783939558651 0.9328877854850355 0.2661345088481078 -67.82123602822514 0.009730844720114828 -0.2719806260757146 0.9622535267280109 334.8261115160944
0.9704419909702005 0.23500665462969786 0.054901861913338346 434.1312445485856 -0.24116052507874794 0.9356789555478231 0.2575781304549603 -67.57735406593612 0.009162057931285316 -0.26320479559591625 0.9646964767582471 335.8044672313477
0.9704804294400209 0.23521913893476223 0.053288767603517403 434.184030676016 -0.24098920950759503 0.9369626579654562 0.2530319712589832 -67.3183681843526 0.0095883770690048 -0.25840459410987954 0.965989197024527 336.84745384524905
0.9701480701249303 0.23645584931820665 0.053864212201412576 434.23206810585197 -0.2423170194711669 0.9362146246889661 0.2545282667860356 -67.06342607947987 0.009756234288067257 -0.25998232217152556 0.9655640880080497 337.888793071311
0.9696996496033404 0.23810372319300294 0.05467363679863279 434.2785866914043 -0.2440537838126009 0.9341013886467233 0.2605615979667962 -66.80907218266788 0.01096996654103951 -0.2660097981839919 0.9639079038498437 338.9152839462671
0.969538487570334 0.23870178529572142 0.054923390431261675 434.3247790358592 -0.2446362139217624 0.932535421554151 0.26557637392065286 -66.55616986338784 0.01217554753822052 -0.2709227661962949 0.9625240832304879 339.91640548155425
0.9696039611640341 0.23835936824757148 0.05525368823556521 434.36729139517354 -0.2443285933795856 0.9311092759166694 0.27081184383088514 -66.32560419667757 0.013103318364743705 -0.27608029243419285 0.9610452513681558 340.8230911691702
0.9699987668140647 0.23690271574813296 0.05458475657500825 434.4029913492322 -0.2427656008032955 0.9319499986952904 0.26932148632899305 -66.13119656982178 0.012932727701796879 -0.2744928108402888 0.9615021795873308 341.5952939212062
0.9700601139504051 0.23645364725200357 0.055435079360924885 434.43744678549007 -0.24266170762340714 0.9343258609568091 0.26105647128658616 -65.94911894290034 0.009933326523342495 -0.2666924413037186 0.9637304969625284 342.32166651429316
0.9697248777135757 0.23753225086328003 0.05667531511350029 434.47647266074756 -0.24404638603573617 0.9344214809650613 0.2594183057803609 -65.74008776171644 0.008661582204625755 -0.2653957906804108 0.9641006437519014 343.15206309300436
0.9698392247558375 0.23701369850043547 0.05688923314776547 434.52041050631397 -0.24354717788586272 0.9328729377374407 0.2653918879335681 -65.51479029129325 0.009831086858958345 -0.27124267503521005 0.9624607841210537 344.06062557104565
0.9698040644010372 0.23744790488049325 0.055664792634961525 434.5650668594303 -0.24361500819653753 0.9324146881574079 0.2669355298376735 -65.27957475853114 0.011480612032041993 -0.27243594068364585 0.9621054275759936 344.9896048391931
0.9698920963509605 0.2375611053099588 0.05361009867412892 434.6123426592177 -0.24313736558521598 0.9319804369474896 0.26888043179718824 -65.02280972666063 0.013911969386842788 -0.2738196238239186 0.961680441059662 345.9746459084233
0.969645133097384 0.23897288521756974 0.05177138197254119 434.65687099944745 -0.24392269781569315 0.9306134763129217 0.2728741013637753 -64.75530927023759 0.01703036555305876 -0.277219259496097 0.9606557389687336 346.9920620836697
0.9694469529301487 0.24012185167089178 0.05014081974391948 434.69882221161004 -0.24456717634622752 0.9303398181173502 0.2732301577048251 -64.48577346983387 0.01896053027959598 -0.2771449425400233 0.9606410251056335 348.00589242437763
0.969272237164248 0.24119129539440556 0.04835379290792448 434.7421208801784 -0.2450954670203116 0.9301510059980188 0.27339955758370144 -64.20854036411808 0.020965264336740997 -0.2768498962738421 0.9606844396702031 349.05070534500067
0.9687725120877134 0.24343777315965695 0.047094271650899314 434.784406262102 -0.2468757611653022 0.9293412233729694 0.2745491742633365 -63.9260460516979 0.02306899157558002 -0.27760212740304224 0.9604191170988786 350.1268421279585
0.9684311176686379 0.24517228536731345 0.04507461390674128 434.8247944099133 -0.2480388846135988 0.929690487151175 0.27230921728844854 -63.63957032618151 0.02485723336808034 -0.27489297660794193 0.9611534577583898 351.2118517608456
0.968236755673228 0.24634954071238158 0.042772523355313924 434.8619928827566 -0.24845425476715446 0.9287264970072021 0.27520460941783653 -63.351452069370204 0.028072553348071457 -0.27709023358380014 0.9604337219199424 352.3048261580407
0.9679760935692968 0.2478089499337678 0.040162253560374554 434.8951152279881 -0.2490340028233205 0.927668216216334 0.2782332583639025 -63.0623529770231 0.03169144547222513 -0.27932490929869336 0.9596735107989364 353.399936443337
0.9677188453243242 0.249255904732528 0.03730590248373979 434.9265774037751 -0.24971428697431475 0.9282278264047159 0.2757460374491009 -62.773409761178506 0.03410295126623363 -0.27616045380166304 0.9605063208907013 354.4848426558962
0.9672325044549707 0.25137097388838475 0.03569195724768723 434.9540073161025 -0.25136080207306816 0.9282770895824457 0.2740791712945778 -62.50004296030165 0.03576352201545179 -0.27406984227153464 0.9610445837994742 355.51704300086016
0.9668260161324974 0.25298513331354244 0.03529839729638489 434.97838564889156 -0.2527725832760801 0.9276636392759608 0.27485667812372966 -62.23587213246092 0.03678961366067255 -0.2746610541878913 0.9608370463502606 356.52749033548923
0.9662754906190263 0.25525480864785954 0.03400968819476298 435.0060373673676 -0.254635335289771 0.9274360052181156 0.2739038193361382 -61.955997164692796 0.0383734576344957 -0.2733266157680271 0.9611555747442602 357.59177798698107
0.9658622783477614 0.25694613286120904 0.03299612208338672 435.03247394478143 -0.2559463600221098 0.9268194471399687 0.274767489333418 -61.67277801700337 0.040018996193114394 -0.27383279060555826 0.9609443702592082 358.67001707815297
0.9651525502830094 0.25985291344973904 0.030935708394759967 435.0555057825349 -0.258232826414213 0.9265847190953524 0.27341646933041225 -61.383001712518684 0.042383511467670984 -0.27187721807952936 0.961398156980241 359.776381473552
0.9650308681549149 0.2604970873944897 0.029269283680311817 435.08094323076824 -0.25846060887667377 0.9269166540728148 0.2720728396248905 -61.09651632771428 0.04374399578536596 -0.27012364550597956 0.9618314192057192 360.8635216196597
0.9651482721266067 0.2602119442521826 0.02790263212537943 435.10860947946816 -0.2579497517640959 0.9278876319631368 0.2692331109181744 -60.83358711456088 0.04416716400072138 -0.26704734883225467 0.9626707511427756 361.8562496556532
0.965478506001067 0.2590855016068477 0.026943594917446252 435.13832608647704 -0.2565307047382841 0.927780300678044 0.2709533376805537 -60.57354334314811 0.04520234481115669 -0.2685114830521799 0.9622153249105372 362.84221543149005
0.965354394988979 0.2597884769275141 0.024512024215564567 435.1595335070255 -0.25661595330259107 0.928116628036295 0.26971795875160826 -60.315263692359075 0.04731960044278116 -0.2666635933497754 0.9626273336009733 363.84214587316774
0.9648103769529872 0.262125846017743 0.020759994540383308 435.1691825832043 -0.2580719290557678 0.9288362193610107 0.2658235449251507 -60.04949159468808 0.05039658676209239 -0.2618268864204389 0.9637981456664605 364.86815957220927
0.9645818857142722 0.2631686839568921 0.018000820433964143 435.17674132038957 -0.2582526274064479 0.9282542336444439 0.267674537748414 -59.77472787415661 0.053734218051115494 -0.2628427695516052 0.963341223193981 365.93650577162936
0.9650095619027599 0.26174821703699597 0.01563381956518485 435.18487816245704 -0.25618082427127054 0.9284094681100545 0.26912310342906776 -59.497128823855654 0.055927906378976315 -0.26371145292071413 0.9629788880793332 367.0074081054528
0.9651650396032162 0.2612485189282908 0.014340770045446288 435.1923191741442 -0.254998108346488 0.9269699322566523 0.2751412535985922 -59.219541601738854 0.058586782361166524 -0.26921358815978547 0.9612968495125204 368.05651045330654
0.9656464690262995 0.2594566159107206 0.014462410490532056 435.2008079761216 -0.2528296040227244 0.9252097383130778 0.28295605923950956 -58.960459667045896 0.060034058556391684 -0.276892045011765 0.959023830372556 369.02669385505067
0.9656833895434643 0.2594524453349708 0.011832994952648793 435.20392254832683 -0.252234535767585 0.9260086802274538 0.28086591660348315 -58.72822966783632 0.06191389283477787 -0.274212240341506 0.9596740681715509 369.89969215650075
0.9658189968604992 0.2590589721298788 0.009061692026837537 435.20416052899486 -0.2513469784333104 0.9273733279240707 0.2771342762768144 -58.494119554046584 0.06339054926267468 -0.269939177619773 0.9607884671716952 370.7744408256294
0.9653315621114026 0.26090332422139717 0.008026867495078905 435.1994780605109 -0.2528930900543119 0.9271924961163247 0.27633161264747724 -58.24197011545841 0.06465338501842574 -0.26878156662204006 0.9610288285217357 371.7207998232251
0.9655822827121149 0.2600029501298149 0.007022907962813751 435.1963849123407 -0.25187014781487527 0.9279597017360155 0.27468567598932575 -57.99709629580099 0.06490211053713164 -0.2670004829167785 0.9615084285486174 372.6484892853576
0.9652882659827352 0.261097599986097 0.006826920062821547 435.18946730574504 -0.25285968094636346 0.9276462295840914 0.27483532249352055 -57.76072287585081 0.06542587643851144 -0.2670215647095085 0.9614670762289975 373.54491996286396
0.9651327502313242 0.26166647804831 0.007030554509697169 435.1833844000724 -0.25336837762387615 0.9271052176518657 0.27618903059847727 -57.516352941946714 0.065751347143351 -0.2683403988751507 0.9610776194878112 374.4695284208028
0.9652077507846011 0.26136879221556425 0.007768673059703235 435.1816816466912 -0.2532098609340476 0.9268375236487901 0.27723089849858634 -57.27126014331592 0.06525920740471541 -0.2695525166129049 0.9607719170732231 375.4034670135953
0.9649625457230254 0.26228441038901773 0.007360259412791586 435.1783938196859 -0.25429337594085927 0.9279131737524143 0.2726023127732363 -57.01431030712193 0.064669655205043 -0.2649226869175266 0.9620986465285445 376.3761956002907
0.9647424153520214 0.2630653850422546 0.008287050942172698 435.1761474942794 -0.25509864908245056 0.9268485147695065 0.2754569111601002 -56.740716196595656 0.06478233753930648 -0.26785898129822877 0.961277699148803 377.4031940448236
0.9645024454709427 0.26393354222605814 0.008609179320756553 435.17317867720817 -0.2560084826967358 0.9265514788930996 0.27561207112229297 -56.48749770505995 0.06476642237986081 -0.2680325395339348 0.9612303929251828 378.3619281170691
0.9643188420058325 0.26458674636565394 0.009111783588713096 435.1719253079838 -0.2567187011776034 0.9261247051486569 0.27638476618473856 -56.24366345423664 0.06468909814037335 -0.26886220292362656 0.961003869097746 379.28816697702314
0.964064351815577 0.2655452079794874 0.008103584240472469 435.16856004266305 -0.25740604247825954 0.9260973961068132 0.2758364410658164 -55.98666869236845 0.06574233684690672 -0.26800999131246195 0.9611704269808762 380.2669725505947
0.9635793476353857 0.2672865911361287 0.008527544159542757 435.1646560246228 -0.2589788853054794 0.92473063201173 0.27893224120763227 -55.723389737739346 0.06666916661018317 -0.2709818008981588 0.960272922561858 381.26345517684905
0.9633269957491607 0.268177288201136 0.009057668241991806 435.16118736128817 -0.25988528325847005 0.9240753764170432 0.2802576283446353 -55.46646081470882 0.0667887625769635 -0.27233369382575445 0.9598820867172468 382.2297798351881
0.9630100351583419 0.2692726892343047 0.010192694288331238 435.1594952337541 -0.2612902066278708 0.9238783702994519 0.2796000443726513 -55.212352212721584 0.0658718460701874 -0.27192089975827444 0.9600624584733819 383.1896419936039
0.9628554611675084 0.2697789100423095 0.011344628521415287 435.16005313310865 -0.2623731800412472 0.9248447355643985 0.2753589103222488 -54.955053453176845 0.06379400673220634 -0.2681073568464626 0.9612745549060648 384.15985079747895
0.9626147641594258 0.2705650412376306 0.012937321298216497 435.16209271038184 -0.2634932215364749 0.9242427028383704 0.27630915376503445 -54.700117012995186 0.06280237277861599 -0.2693881673535394 0.9609817257696815 385.1304107408131
0.9628481500993141 0.26976422407473466 0.012276125597510908 435.16405942046373 -0.26267867993567556 0.9250763014670075 0.2742877094792413 -54.45071229931113 0.06263665825681057 -0.267322090133745 0.9615693158420477 386.08421502221586
0.962666427305419 0.2704642124934159 0.011066142025919526 435.166794444592 -0.26306078828815055 0.9251127874377497 0.2737980134777629 -54.19868228430361 0.063815134601741 -0.26648722348260667 0.9617235508795089 387.0427672848117
0.9629054492866602 0.2696646044344667 0.009700353048133964 435.17084019317633 -0.2618706267686542 0.9251950554033317 0.27465957892091375 -53.94705512661965 0.06509124802804185 -0.26701144277432015 0.9614925994815177 388.00782149969143
0.9632124245495175 0.2686021912512571 0.008642224740430589 435.17400860705425 -0.260531173375491 0.925415401006471 0.2751905581222177 -53.68903755940406 0.06591913904952713 -0.267318533654236 0.961350856176826 388.9960584181778
0.963620214909663 0.2671555624106165 0.0079991806157337 435.17665948710345 -0.2589638588834003 0.9258308223786896 0.2752726069295904 -53.41965921602927 0.06613472015268754 -0.26732974732839143 0.9613329313945623 390.0258069509704
0.9636338563145563 0.2671024015104287 0.008130072059949632 435.18137108362976 -0.25896816745333867 0.9259180187566808 0.2749751093963922 -53.14492161991026 0.06591873186126823 -0.2670807549207918 0.9614169704871766 391.07510234850054
0.9642954618896323 0.2647084237648304 0.007982015221785847 435.18717029173376 -0.25687278035264893 0.9275689556367378 0.2713525515871681 -52.867650268318826 0.06442543669205228 -0.26371439651051654 0.9624469233054521 392.1397789703891
0.9641511090478834 0.26530141248064276 0.005272519086087737 435.1844630653753 -0.25725984767410814 0.929687454861022 0.2636258846333664 -52.59100936528208 0.06503852470983665 -0.25553159649993606 0.9646105916346556 393.20680385551947
0.9639112658614494 0.2662231117162737 0.0005712560576228146 435.17555719403913 -0.2568546763034216 0.9294225407616816 0.2649517238765582 -52.31611213691338 0.07000533412850359 -0.25553668134379426 0.9642615089701315 394.26817267024967
0.9635255415427985 0.2675593304059913 -0.005525894258392625 435.15731726067133 -0.2559902869346899 0.9274904518795632 0.27245262829955225 -52.04303663869012 0.07802245695793253 -0.26110049097030896 0.9621533296857157 395.31449755029735
0.9629410538810058 0.2695187724575981 -0.01020578480508631 435.1322455091847 -0.25588234472519905 0.9248728264562227 0.2813085148743413 -51.755924659117326 0.08525697864968323 -0.2682720376331133 0.9595631096575686 396.3828817861893
0.9629704149564499 0.2691990702138591 -0.01482701974765478 435.10519904937803 -0.2541384996806331 0.9247068814418471 0.2834268977958268 -51.480064354782655 0.09000890455216223 -0.26916360082686325 0.9588792171547129 397.39429504773784
0.962346457494149 0.27130693028676556 -0.016788249665615682 435.078988679462 -0.25593208481114216 0.9251570952691837 0.28032680399366805 -51.23129185349188 0.09158637296391338 -0.2654748550267128 0.9597578015498801 398.30244704818716
0.9628166558517822 0.2697362582725921 -0.015047863220173187 435.0614733699836 -0.2549569463972723 0.925658191956299 0.27956013154233833 -50.99425350000672 0.08933668170561183 -0.26532859370466 0.9600102575829781 399.17305592553527
0.9637804490867651 0.266353854580056 -0.013522947476817542 435.04761521207246 -0.25224388653063007 0.9268434560742304 0.2780903264054585 -50.77770453836823 0.0866040857352403 -0.2646069388408365 0.9604597338000397 399.9927830788869
0.9637623261014323 0.26646955751574164 -0.012496147603254685 435.0309348726956 -0.25288259652914397 0.9275275013664223 0.27521469179830393 -50.56622665369281 0.08492685770847473 -0.2620814932923004 0.9613015758405061 400.7949130552499
0.9633066492668318 0.2681797727841462 -0.01095029441402477 435.01220517163506 -0.2546373946124254 0.9260376642896094 0.2785929675746257 -50.336282087082935 0.08485338380586782 -0.26558210366379026 0.9603468381112149 401.6616187011305
0.963475412393657 0.26760750821998813 -0.01006733615027423 434.99481770375604 -0.2540497225096744 0.925260222992216 0.2816953287528002 -50.0892764785714 0.0846986906960842 -0.26884891908408287 0.9594510881236664 402.5891231891636
0.9636483051521939 0.2669596576320063 -0.01069977449794887 434.97712811952795 -0.2532817969771605 0.9255544740153949 0.281420054278479 -49.839302208901834 0.08503102549849242 -0.26847990022920454 0.9595250220164085 403.5237440068611
0.9632190533687608 0.2684186471584866 -0.012668270797425147 434.955471699162 -0.2543932046676122 0.9260464271933695 0.27878685783467927 -49.58770019448932 0.08656299813622026 -0.2653100912894177 0.9602694428199137 404.46003943648964
0.9625990474635894 0.27065351302438145 -0.012237226391301355 434.92889383341617 -0.2561359487540773 0.9238290648294685 0.284489428155343 -49.31432027561491 0.08830316856172005 -0.27071485896394076 0.9586010721661498 405.46809813875063
0.9623183887054474 0.27166205270733457 -0.011960262463234821 434.90181328104336 -0.25692093314498643 0.9227480787526077 0.2872762038009354 -49.02120923443488 0.08907835242785624 -0.2733783317624214 0.9577731124079083 406.5368339017099
0.9618841359896322 0.2732158451898743 -0.011489598281138783 434.8767034404269 -0.25852713754101997 0.9222575700181881 0.28741032288174584 -48.72571344796057 0.08912142327367573 -0.27348505714449106 0.9577386362846319 407.6126067309936
0.9615231596322862 0.27449566346145665 -0.011195723808697367 434.85626465032817 -0.26018613528210577 0.9229663058768911 0.2836130695559051 -48.42571901597614 0.08818383353941646 -0.2697875626429351 0.958873444488622 408.70952156266026
0.9615310161927637 0.2744773420503203 -0.010967843922273257 434.83917134289703 -0.2604683382776904 0.9236842629955233 0.28100467442601623 -48.11799672472481 0.08726024097016015 -0.26733793407484124 0.9596437252180743 409.8306664075831
0.9619803229242985 0.27295430221861455 -0.009476666439860646 434.8247450685911 -0.25914898495124034 0.923181266306812 0.28386291258085955 -47.82035092744078 0.0862302841535666 -0.27061466782215654 0.9588180430375185 410.9167354858979
0.9614063476953659 0.27500596964118734 -0.008339740569595515 434.80774297127334 -0.2613957054295394 0.922444112043472 0.2841991297300533 -47.54366493807017 0.08584940182698503 -0.27105087496268404 0.9587290041445026 411.9342991065718
0.9607547016635337 0.27728075076015335 -0.008111010374842157 434.79000575709637 -0.2638593284786485 0.9224924823162388 0.28175499080728994 -47.28563062206623 0.08560758147624305 -0.26855726638448113 0.9594521023302209 412.87863590823923
0.9604801294858474 0.2782530932206557 -0.007289511368227442 434.77405181325787 -0.26493693714658884 0.9219190272846043 0.2826194021400315 -47.03137345745405 0.08536006207960917 -0.26951905914747754 0.9592044289712289 413.8148366476227
0.9607438195619471 0.27734781928924435 -0.007035645600950685 434.760749453904 -0.2639112523369429 0.9214326832533284 0.28515374997098153 -46.75080493656547 0.08556964452110233 -0.2721029168679882 0.9584559658995621 414.84757070471716
0.9606617289331139 0.27757077800826874 -0.009138148561141453 434.7420042595915 -0.26362437752501167 0.9217558826388174 0.2843734875041623 -46.45002249310129 0.08735691236411129 -0.27077768744232655 0.9586700234416388 415.9459789109687
0.960258860658527 0.2788339786918668 -0.012431124392101587 434.7188478593507 -0.2639621050871751 0.9217128815010383 0.28419952701050605 -46.15924966785651 0.09070241234242456 -0.2696237682436619 0.9586845654298135 416.9990479890753
0.9602412859214478 0.27884401826866934 -0.01351614914489577 434.6964423089094 -0.26342148594647113 0.9210371155522623 0.2868793344193979 -45.88967447445838 0.09244346138953195 -0.2719129368951499 0.9578713698589043 417.9781795351426
0.9599556471540419 0.2798646471596169 -0.01268600675106945 434.67643425986864 -0.26418653835389777 0.9193887450133399 0.29142719244328497 -45.640905382666716 0.0932235402119509 -0.27640570691108074 0.9565088900461584 418.8770162502194
0.9596953137421602 0.28066819713379965 -0.014500617193747222 434.65817993980676 -0.26479030465971976 0.9202847059481393 0.2880315166021844 -45.409439844063385 0.09418598271266007 -0.27258287384867813 0.9575111370343654 419.7084287158306
0.9597646837597611 0.28033839500260943 -0.016190617495541616 434.64241925703715 -0.2642882769641593 0.9212906622333076 0.2852634262239453 -45.18714530299533 0.09488655577499651 -0.2695067716571692 0.9583123924713098 420.5007211579565
0.9596162310110488 0.28081669371831525 -0.01669352297340358 434.6257861897358 -0.2645690643421829 0.9210775669413648 0.285690962178492 -44.9771651995356 0.0956028209481874 -0.2697370946059974 0.9581763931658205 421.2500279035608
0.9592722119131972 0.28184748923703856 -0.018942446038976116 434.6043611926023 -0.2650292705750963 0.9211808017448024 0.28493054633582277 -44.76457492829847 0.09775637672087768 -0.26830565276858337 0.9583609797476247 422.0205921359797
0.9587832855939102 0.2833279680678145 -0.02144466778268562 434.5780071985388 -0.2662001523960852 0.922082981806935 0.280892245400843 -44.54390826452704 0.09935839234834133 -0.26360621611143775 0.9594996991648095 422.8355739967438
0.9583190235953005 0.2848555677548925 -0.021953462924729234 434.5505167634115 -0.2676465050373342 0.9219894184102669 0.27982290949954947 -44.321503977159296 0.09994997427037922 -0.26228384978593483 0.9598005963661497 423.6599835936477
0.9576633992690654 0.28713839794139334 -0.020793126943019 434.52171554747434 -0.2699731598284212 0.9207989517189344 0.28150272376224766 -44.09612090829154 0.0999765306093177 -0.2639712691581354 0.9593351147468565 424.50379852530483
0.9574619454312757 0.2879495518110573 -0.018753097417973437 434.494521779267 -0.2712149538509713 0.9202005499965414 0.28226476328736705 -43.869299770689786 0.09853462263880608 -0.26517164893304346 0.9591532331924633 425.3522102322532
0.9572159141919382 0.28885323114809797 -0.017363884156357073 434.4683508271995 -0.272389041931369 0.9196615137870294 0.282890278897412 -43.63714704967228 0.09768266710835868 -0.2660573451612421 0.9589950915580049 426.20709358125384
0.956901600735064 0.28996368844363274 -0.016136477150723187 434.44205320894713 -0.273478631430746 0.918409502944527 0.28589057880935553 -43.3870390204075 0.09771778068211387 -0.2691561708104539 0.9581263961780894 427.11762123256693
0.9566187407781287 0.2908905858764292 -0.016225037458669645 434.41786629052126 -0.2744381922890316 0.918408575473409 0.28497257255747827 -43.138389723036575 0.09779705212937426 -0.26815733356626054 0.958398341531033 428.0231088909775
0.9570719663383945 0.28942343702215606 -0.01572658104742649 434.40058662669855 -0.27318414848407313 0.9188452348303972 0.2847698288908069 -42.8987411729014 0.09686935669338716 -0.26824896743836657 0.9584669108540244 428.8875156923707
0.9569216663757042 0.28998293870551106 -0.014519630865203845 434.3796408238869 -0.2739643913080281 0.9183609197475088 0.28558139535993365 -42.65623627935156 0.09614799382185356 -0.2693011629017245 0.9582444609512797 429.776366715998
0.956744966270884 0.29055491666512767 -0.014727861930577109 434.3591503722671 -0.27524507485396577 0.9204063914169365 0.2776548638282482 -42.40828479795291 0.09422960407409005 -0.26159112186878447 0.9605679916983847 430.67574986377707
0.9565532773206981 0.2913781057892796 -0.010228739594078204 434.3401746819706 -0.27681228106827316 0.9186330294142102 0.2819367275099955 -42.15615656742187 0.09154664765468455 -0.26685605995726946 0.959378473058088 431.59985304249386
0.9566834713678505 0.29102932433583184 -0.0076595031293598525 434.3236515842825 -0.2772865993965251 0.9188933486382941 0.2806192360181476 -41.90833824670696 0.08870669313343844 -0.2663399072706292 0.9597886102618637 432.5268704881962
0.9564151213441644 0.2919538521314407 -0.005750120854420096 434.31240509984474 -0.27905514651354646 0.919605884908769 0.27650179320477924 -41.65052130474878 0.08601360862404432 -0.26284589528232805 0.9609961989855623 433.4815230756079
0.9561712181232263 0.29279260404907265 -0.0030154016165114517 434.3028853230375 -0.28076558268853696 0.919720426328374 0.27438116730547607 -41.38558983449173 0.08311010293768045 -0.2615087539806509 0.9616162864579473 434.46245052401093
0.9559200891306967 0.2936191197956641 0.00214375529863695 434.29497365119073 -0.28254214463505495 0.9178212287662174 0.27888013290854863 -41.11713483675296 0.07991695503073344 -0.2671928227263709 0.9603235266211733 435.4587196819012
0.9553792722077348 0.29533654219101246 0.005174271202336163 434.28913583211863 -0.2848737857012405 0.9166199329679575 0.28045467495846116 -40.85889471588055 0.07808567382088948 -0.2694145974747268 0.9598533232798988 436.4170075052898
0.9556728859290824 0.2943862099872164 0.005108274595316956 434.2868811122378 -0.28404980089715826 0.9172736659043346 0.27915001781963605 -40.609157034884255 0.07749222999929083 -0.2682271075185752 0.9602339158152835 437.3459479282794
0.9556880719044576 0.2943649423553999 0.0030967614764266928 434.28362551960225 -0.28374431490738067 0.9183028507797434 0.27605984497484015 -40.353399177771664 0.07841857546066854 -0.26470578943780976 0.9611354597874446 438.30072301240085
0.9552977168980267 0.29562970695580654 0.0030575242666566554 434.2770429796531 -0.2846708802484259 0.9169953726763402 0.27943152368471524 -40.09724550310125 0.07980452385675371 -0.2678106847297165 0.9601607548304577 439.2617333682754
0.9551032338029599 0.29626308988938105 0.0024483358275519435 434.26834096132467 -0.2850830661095502 0.916748219411782 0.2798219927434236 -39.857502663628885 0.08065642067873695 -0.26795686924301776 0.9600487789840535 440.16399959817926
0.9550756996398608 0.29636009001088087 0.001051192738074724 434.25914745758894 -0.28486990223688696 0.9170567126981077 0.2790271035130503 -39.62997243192765 0.08172849415580866 -0.266791459278739 0.9602826513578917 441.01044253555716
0.9545715708874023 0.29798118205066865 -0.0005754973874388328 434.2454263748295 -0.2856294141188586 0.9155500322255151 0.28316775289918067 -39.402436275656214 0.08490555837914145 -0.2701395077280267 0.9590702229351002 441.8524452058233
0.95399849271102 0.29980384376331237 -0.00212865446818184 434.23004129472463 -0.2865353633676432 0.9138206169140038 0.28780091320681717 -39.172570094135516 0.08822902835730252 -0.2739517026186351 0.9576878944559519 442.7000169958034
0.9539710879629056 0.2998551647540616 -0.005103283372928298 434.2147044376803 -0.28583258951323154 0.9142461237747924 0.28714762045840303 -38.93904390629913 0.09076835408351185 -0.27247184319315937 0.9578727475838792 443.54663284098126
0.9533530914423818 0.30174604297417845 -0.008198084329808192 434.19371327397863 -0.28680892502605165 0.913959720548539 0.287085822952358 -38.69147998937886 0.0941197299329611 -0.2713428730670066 0.957869783255055 444.4509592606794
0.9530891801072089 0.30248373860781036 -0.011162555281377554 434.16975941610264 -0.28654847028770847 0.9135329826808986 0.28869960812219836 -38.4231680261631 0.09752429921994624 -0.27195785966207886 0.9573546540492068 445.4371166731248
0.9527475004829491 0.3034196722845186 -0.01444654956200753 434.1434233024996 -0.28656276286656907 0.9135575746083966 0.2886075896678702 -38.160284409440195 0.10076697505517425 -0.2708303165200953 0.957338475353337 446.391970331866
0.9524133578549123 0.30430098147606655 -0.01759853551385731 434.11487176513157 -0.2864208183382354 0.9132132699455576 0.2898355368442473 -37.91145768218853 0.10426845449120643 -0.2710026499280783 0.9569146530020176 447.28437076597857
0.9519387689368322 0.3054595841579995 -0.02251716325494163 434.0801545188675 -0.286266029078285 0.9134462304863479 0.28925377198236774 -37.66432729365741 0.10892355480233568 -0.26890598070013183 0.9569875823399799 448.17159988037633
0.9521909745080798 0.304294815531625 -0.027147988984950088 434.0448603194107 -0.28384759973549206 0.9140551740830557 0.28971309748851515 -37.407070561881696 0.11297295335500353 -0.26815630511432104 0.9567284399649046 449.0656687029218
0.9514681576725976 0.3064922038700883 -0.02776461600613878 434.00564803351307 -0.28454984575551695 0.9105238731405617 0.29996276722556275 -37.15331195404227 0.11721659530809962 -0.2775046043004737 0.9535467814304716 449.94128981728073
0.950681502897021 0.30876578852853415 -0.02946808245904743 433.96529055693657 -0.2860551818651161 0.9095337438893301 0.3015307640271047 -36.8986100323974 0.11990459948465396 -0.27823022222793703 0.9530009603675195 450.820483036573
0.9497335584887686 0.3113702073853697 -0.032477097053950806 433.923711825932 -0.28850952624344994 0.9108045551592956 0.29529191585252285 -36.629400388281915 0.12152539301330881 -0.27107869015078584 0.9548549222782967 451.7293207331897
0.9486271213255051 0.3147077443423994 -0.032643840714652206 433.88040138378665 -0.29134330313692947 0.909088219068824 0.2977879944986581 -36.3644169278528 0.12339231905976576 -0.272979203605676 0.954073734045677 452.6298682950615
