0.9999982455832992 6.990971562818748e-05 0.0018718821959129606 0.0008141175836935043 -6.890443962555756e-05 0.9999998533882427 -0.0005370993123063264 -0.014588070790164174 -0.0018719194699332099 0.0005369693890165685 0.9999981037888888 0.866982591779232
0.9999950780525066 -0.0010125953689655558 0.0029695995319048165 0.005412588385462599 0.0010112288246902057 0.9999993821506524 0.00046164334430027587 -0.02899681202784241 -0.002970065155052235 -0.0004586381274715257 0.9999954841718249 1.7967072985543293
0.9999960218872697 -0.001631989415641488 0.0023006130014892765 0.009246502166609702 0.0016302076961471719 0.9999983700314102 0.0007761168660977422 -0.04553430805319074 -0.0023018758660731187 -0.0007723633015964727 0.9999970524068695 2.7944531687579413
0.9999963391027151 -0.0026714367414340176 0.00043035671708183283 0.011800526505601934 0.002670715181966017 0.9999950415257389 0.0016685935251708685 -0.063738784508572 -0.0004348121252187878 -0.0016674380564033911 0.9999985152932697 3.819875837460569
0.999992289465513 -0.0037098959674118225 -0.0012875097795072713 0.01043180988659516 0.003711812644472653 0.9999920019056763 0.0014894870158105747 -0.08197612852676593 0.0012819736400091447 -0.0014942545261490288 0.9999980618716204 4.77655165237335
0.9999881050082172 -0.004045201074544618 -0.0027251037303418738 0.0062845217805036135 0.00405069143690143 0.9999897713469137 0.002012237667453669 -0.09920467583227759 0.0027169359502265695 -0.0020232522862483142 0.9999942623381537 5.6955140367919075
0.9999797622799528 -0.004970840716105104 -0.003970613693642126 0.0014838759706514394 0.004980359246110034 0.9999847395389342 0.002390964455995139 -0.11722129531782799 0.003958667996777826 -0.002410691150947698 0.999989258700245 6.6792089602658296
0.9999696179564052 -0.005983239920183059 -0.004996399121214846 -0.003250715541610008 0.005993875420572969 0.999979796994835 0.002116378891288765 -0.13673894511937876 0.004983635376269001 -0.002146262385257049 0.9999852783597415 7.703097305173234
0.9999531900504584 -0.006649619587966947 -0.007028532367949111 -0.011554731332425175 0.006668206800805772 0.999974323391767 0.002624419028945365 -0.15752571305351626 0.007010900510895137 -0.002671163887358685 0.9999718556827051 8.796536557930256
0.99994072527721 -0.006989363451883122 -0.008348336997538473 -0.02105501773170954 0.007003728394135642 0.9999740409396009 0.0016927006547084967 -0.1800282530160117 0.008336289382463124 -0.001751069805219896 0.9999637193587918 9.923860144950952
0.9999319013295148 -0.007354820716673417 -0.009060867274532728 -0.029829831750570378 0.007380347995785789 0.9999688807780649 0.002787102245200787 -0.20153638694548995 0.009040086670060598 -0.0028537848008730617 0.999955065363093 11.041349699024352
0.9999306630454797 -0.007640703917573991 -0.008960398711596543 -0.03974082533852754 0.007659505281877465 0.9999685316542674 0.0020658364033132176 -0.2236928833038812 0.008944332298372123 -0.002134325385767677 0.9999577208936803 12.208411389706411
0.9999296427258667 -0.007500789882110883 -0.009189545650604451 -0.049715622367157264 0.007509081819242921 0.9999714295933381 0.0008681516502056954 -0.2454369633232348 0.009182771278434174 -0.00093709561959411 0.9999573983742742 13.37825918346111
0.9999222242298441 -0.007374349968935874 -0.01005805417446156 -0.06159595445249772 0.0073808757559119 0.9999725737824324 0.0006118463968887164 -0.2684900116591837 0.010053266350621579 -0.000686036058271914 0.999949229306273 14.474052641754966
0.9999109518062126 -0.006855912471820283 -0.011449232383521694 -0.07615574217187611 0.006856091277796976 0.9999764964507303 -2.3632876196247298e-05 -0.2905730230062783 0.01144912531085493 -5.486621055082671e-05 0.999934455111591 15.511697887330104
0.9998933205990264 -0.006456775528110818 -0.013101811753768936 -0.09059736332293039 0.0064694627818833745 0.9999786438680984 0.0009262067976754705 -0.31052892839567786 0.013095551640363776 -0.0010108696740053682 0.9999137386143545 16.483809069813756
0.9998838728876538 -0.00630675318539863 -0.013873197304283364 -0.10436459001326273 0.006324613491031751 0.9999792257732139 0.0012438995910002857 -0.3307721621377038 0.013865064131628461 -0.001331497751367151 0.9999029888495999 17.417945906433907
0.999888972434482 -0.005182035684192078 -0.013971016787709812 -0.12088284510288672 0.00521254312356165 0.999984107416582 0.002148094142811062 -0.3510825939327956 0.01395966325165903 -0.0022206801726338244 0.9999000932000509 18.372274411239985
0.9998977869998669 -0.004683461645102243 -0.013508543214824437 -0.13816600423884146 0.004750131577747567 0.9999766759044362 0.004907534728094547 -0.3702276122394098 0.013485243889600533 -0.004971200471940838 0.999896712347383 19.347168823083553
0.9999232442218408 -0.004252384392582449 -0.011637134176670672 -0.1532339750709413 0.004344884813249356 0.999959077845409 0.007935024292206579 -0.3867496484403184 0.011602915186611959 -0.007984977240796283 0.9999008013286297 20.374271214663462
0.9999483712416964 -0.0039798645995235285 -0.009349627203637597 -0.16480436373566484 0.004040741946146229 0.9999707019055395 0.006501364092754884 -0.40080133131702994 0.009323478728575248 -0.006538807866222068 0.999935156265688 21.36795988919139
0.9999494080293684 -0.0034546207330710295 -0.009447061834516705 -0.1738771484027764 0.0035217958970674055 0.9999685693549302 0.007103327101629829 -0.41418625393280645 0.009422225606190158 -0.0071362383539218645 0.9999301454435611 22.252664939884347
0.9999248313416725 -0.0031160359975964513 -0.011858414143067547 -0.18521363055096798 0.0032074953654074563 0.9999651993963314 0.007701426474041326 -0.4278002288511991 0.011834003540970863 -0.007738883376551041 0.9999000280249399 23.12497765504204
0.9999033655706897 -0.0018963876495032988 -0.013771827558078254 -0.19844290594519656 0.0020238688521667983 0.999955182340019 0.009248635910644096 -0.4411720040504734 0.013753671338077743 -0.009275614546823185 0.9998623902815338 24.051372189499514
0.999885303783106 -0.0010646665432947362 -0.015107804728559167 -0.21170470677110506 0.001205212964825723 0.9999560570687305 0.009296848566396811 -0.4568292890841969 0.015097242803707629 -0.00931399037516613 0.9998426490418462 25.01902047854345
0.9998492822272269 0.00022200165308707996 -0.017359825602935183 -0.2283952992624549 -7.046027193300733e-05 0.9999618942320154 0.008729554356826097 -0.4709302152734552 0.017361102068946442 -0.008727015479803446 0.9998111978447561 25.99977945561153
0.9997783779199276 0.0028182463267483293 -0.020862706714115668 -0.25128997551820587 -0.002586298028851302 0.9999346427115161 0.01113648813125838 -0.48304507708500755 0.020892728550943204 -0.011080062862342813 0.9997203239409822 26.95868940903371
0.9997257737604692 0.004951423784799435 -0.022888003004487418 -0.276129142906775 -0.004714960995442718 0.9999350751809354 0.010373744054478657 -0.4958163183218119 0.022937881808082376 -0.010262983260227012 0.9996842125155114 27.869153069733073
0.9996744209384094 0.007287194220194744 -0.024452994128576547 -0.30155734096936304 -0.007012349699575764 0.9999114888594567 0.011306697066549298 -0.5069326984370608 0.024533223863689387 -0.011131542896697433 0.9996370389694414 28.75717292977506
0.9996357459716038 0.00891258081114692 -0.02547432588075755 -0.3288247720145281 -0.00858876082510776 0.9998812804637728 0.012792895122469748 -0.516133371848369 0.025585319292190833 -0.012569442366715863 0.9995936177043679 29.677583653065092
0.9996397119917645 0.011089767639500573 -0.024443061647901557 -0.3573931700648478 -0.010781595725059037 0.9998611771931933 0.012703681964776618 -0.5254248490552929 0.024580549274632144 -0.012435569771533903 0.9996205045925249 30.687571940970074
0.999702866670658 0.010019543244161605 -0.022221321374882443 -0.38566266789241727 -0.009785592777749819 0.9998958076847997 0.010612066167771416 -0.5324517226388439 0.022325334139839486 -0.010391464167261683 0.9996967524844743 31.789050574428703
0.9997643858417026 0.011220243556322812 -0.018581682838188198 -0.4101926926760095 -0.010977815297180038 0.9998539590486992 0.013097638945327271 -0.5407975054979088 0.0187259278505291 -0.012890566674043076 0.9997415530610689 32.89257869046823
0.9998651500742027 0.01119260457869638 -0.01201695759483953 -0.424849996332499 -0.011067361374349834 0.9998842678055581 0.01043860657135933 -0.5487357127661032 0.012132402041672376 -0.010304202913715426 0.9998733060858317 33.90151445947139
0.999930714235894 0.01067914435672165 -0.004952030240448096 -0.43101276063175825 -0.010638569718318823 0.9999102053982196 0.008148740690291064 -0.5563122520677377 0.005038607153021763 -0.008095493579605604 0.9999545366773727 34.87086791262862
0.9999311501344619 0.01171770215726231 0.0006248575236923353 -0.4322937686015775 -0.011722983001483141 0.9998884924708569 0.009250637486288644 -0.5682831948934335 -0.0005163916325446656 -0.009257325775270164 0.9999570167058038 35.81773066988521
0.9999147783944581 0.011570986045892984 0.006045513235976647 -0.42934444853660103 -0.011616342772753073 0.9999042348277639 0.007522084424441066 -0.580433962297227 -0.005957896352449114 -0.007591670134315711 0.9999534339236124 36.737512971074985
0.9998686088242393 0.012429209034948001 0.010405760454880123 -0.4232163467806175 -0.012515393457750242 0.9998875736141687 0.008258635393721177 -0.5926604616912309 -0.01030194226718838 -0.008387782468226539 0.9999117536516852 37.692519661058036
0.9998206709166804 0.012204208830886775 0.014480445246247637 -0.41215177367429867 -0.012350460030099708 0.9998731851799202 0.010053839823881788 -0.6075615321057332 -0.014355909750426131 -0.01023087703823416 0.9998446064315522 38.6511836088561
0.9997369216587504 0.01194205885756051 0.019582510118127304 -0.3947106500430449 -0.01213634318944577 0.9998780064373813 0.009832670888138063 -0.6232418259520381 -0.019462698843479828 -0.01006774418869515 0.9997598931146809 39.59585590661441
0.9996731997313238 0.01050877751620523 0.023303633494587184 -0.3723770141894334 -0.010674689508101477 0.999918475661451 0.007006642190406 -0.6382838204510771 -0.023228102437366133 -0.007253111469820971 0.999703879972047 40.53187075802694
0.9996069263504177 0.010757825119459897 0.025889418513519936 -0.3500616336688328 -0.010931167271438608 0.9999187130723002 0.006563294136138755 -0.6542840731269335 -0.025816707271704903 -0.006843715842490948 0.999643266960326 41.43367275808126
0.9995604687342988 0.01126688683039618 0.02742128014550432 -0.32847510972402527 -0.01149026879397549 0.999901962808374 0.008002405575957359 -0.6687423065139517 -0.02732842964221284 -0.008313966148052656 0.9995919341912374 42.2723762450885
0.9995289464126718 0.012685496003376399 0.027945723721549093 -0.3091718621879411 -0.01293445716908319 0.9998780957638425 0.008746052218689038 -0.6830745963890823 -0.02783136900897947 -0.009103395125951878 0.9995711796046673 43.0927721908189
0.9995291515164081 0.014179550744756998 0.027210579000911856 -0.2887334006357514 -0.01442004836454626 0.9998585007735574 0.008662599841675016 -0.6983039853488724 -0.02708389695099564 -0.00905089893489606 0.9995921887221896 43.98396558482953
0.9995398259713877 0.01584760064221365 0.02586483811995608 -0.26916953597996063 -0.016100993241527403 0.9998241095479191 0.009618107056257133 -0.7152349794405605 -0.025707864822324563 -0.01003013063694805 0.9996191785703604 44.93580043955793
0.9995643763127011 0.01672689104692201 0.024316017817555834 -0.24996571030521822 -0.016983916025969936 0.9998016489910815 0.010402368534889203 -0.7339484209646195 -0.024137195425775842 -0.010810818221450755 0.9996501998230981 45.911944746726235
0.9996102649969475 0.01730141488806662 0.02190842658891598 -0.23185912753425644 -0.01753859865712011 0.9997891382424059 0.010680665225081067 -0.7526682132204852 -0.021719016319239667 -0.011060745697138948 0.9997029279914845 46.90433402206524
0.9996520072942109 0.01747622680176481 0.01975970165327686 -0.21554896191298126 -0.01768909320190364 0.9997868164173865 0.010649774630469273 -0.7678999542391058 -0.019569371332457296 -0.010995599790766199 0.9997480365026447 47.88266381094523
0.9996525380878709 0.018175761808146767 0.01909043679881852 -0.2022706413344503 -0.01839789937851388 0.9997643110937148 0.01152560461607538 -0.7798725203713684 -0.018876450750452255 -0.011872823842773581 0.9997513269113794 48.79747568539535
0.9996383550152822 0.019092515261330042 0.018937662034548434 -0.19041721383102805 -0.019318849036672414 0.999743248187261 0.011841443150254049 -0.7904628733607914 -0.018706716821429645 -0.012203014585679907 0.9997505414756144 49.67415445521229
0.9996310080908186 0.019301971649919803 0.019112340352703282 -0.17677930382040274 -0.01953634961201188 0.9997352785946705 0.012153344275194664 -0.7997232686333695 -0.01887269740045448 -0.012522245152521802 0.9997434744319017 50.58610918548186
0.9995856770543662 0.021057599880610865 0.019622734647105768 -0.16327164208967487 -0.021335070373726867 0.9996737956930297 0.014039835356464823 -0.8091297467905253 -0.01932068839122328 -0.0144526707551447 0.9997088732766816 51.53364910334251
0.9995574766814109 0.020765211611327924 0.021299220573201706 -0.14808836838332176 -0.021043415133924267 0.999695054808763 0.012921767309598127 -0.8176611340997895 -0.02102440224573469 -0.013364257466797159 0.9996896374038146 52.47146178567578
0.9995733511496214 0.019299367926624546 0.021923733011207654 -0.12904295009828817 -0.01960744398179317 0.9997107766330559 0.013925201048128338 -0.8245016896506981 -0.02164864457685015 -0.014349128243998917 0.9996626624550013 53.42397646930425
0.9995775527092072 0.018490916414230098 0.022423249765191364 -0.10888600601435108 -0.01883699177259649 0.9997051581628268 0.015322026092992828 -0.8328119366290163 -0.022133320149253045 -0.015737939915922188 0.9996311486675338 54.428170613088106
0.999589140559592 0.01701697071031479 0.023064535182365016 -0.0866976506442108 -0.017354860359087662 0.9997438168118266 0.014529610057922568 -0.8380156019297267 -0.02281137648742032 -0.014923922217802046 0.999628389777114 55.45324140780394
0.9995858546377611 0.01621072327153486 0.023776704126286276 -0.06525552408789041 -0.016581350588479316 0.9997427678488784 0.015474396483328642 -0.8405764910028227 -0.023519736834352066 -0.015862237700748134 0.9995975247040018 56.47589296663688
0.9995280766998195 0.01738090969317336 0.025328400403417745 -0.046500487647258476 -0.01783764524801838 0.9996803025066159 0.01791957567255307 -0.845527861174891 -0.025008844450792742 -0.018362918028359793 0.9995185645803281 57.45064769052012
0.999462464896535 0.017932278414572567 0.02744475639904682 -0.027947980643947108 -0.018405446456260348 0.9996845985894327 0.017086336173328914 -0.8500283395319299 -0.027129703346820803 -0.017582284662253925 0.9994772846154978 58.308279142963855
0.9994273980425388 0.01764446975911233 0.02887124397802525 -0.007935014026225356 -0.018066891935629315 0.9997325535400092 0.014436371017546898 -0.8545133338588822 -0.028608800354177403 -0.014949718368241794 0.9994788854513159 59.137813273228375
0.9993707128263444 0.017560748039745843 0.030818800645822694 0.013239403869264407 -0.01796186856148943 0.9997568997640374 0.012787206574455362 -0.8590335761992149 -0.030586755675327464 -0.013332722995794194 0.9994431894183754 59.95006160047568
0.9992914725613303 0.017881906638268847 0.033117824221803496 0.033400760087641576 -0.018349011667245212 0.999735648162754 0.013854514189638687 -0.8637301492868672 -0.032861324334867235 -0.014452377229225547 0.9993554233381545 60.69337141785276
0.9992338091019534 0.018414485016658332 0.03453551055319961 0.056222358111232495 -0.01895050982408116 0.9997039861530534 0.01525838284683401 -0.8684109307140131 -0.03424431230155308 -0.01590115754479594 0.9992869859373374 61.51309455696706
0.9992044259538776 0.019796774006223275 0.034620844777769944 0.08065825211001296 -0.020344118334059365 0.9996724222432661 0.01552948986568401 -0.8738933999760066 -0.034302069957798574 -0.016221465569581418 0.9992798567225221 62.4357280045126
0.9992073053316343 0.021080883339969513 0.033769177210865295 0.10343230474807387 -0.0216499557424544 0.9996281932496676 0.01657572552718753 -0.8781405481688728 -0.03340719066671117 -0.01729368723001218 0.9992921935018544 63.31043101575853
0.999249440857813 0.02103562402099443 0.03252779530483644 0.12523893050012538 -0.02157989591211724 0.9996314072083915 0.01647294190454961 -0.8810863832147825 -0.032169287181536416 -0.017162524424333477 0.9993350712937152 64.13627851851226
0.9992933209047026 0.02077433128544845 0.03132548411264454 0.14905397074770932 -0.021300168954464023 0.999636183326325 0.016547017474057648 -0.8845571480694987 -0.030970334156421284 -0.017202562146898935 0.9993722580989631 65.02213526517107
0.9993730371892295 0.020833474113194625 0.028626891126131093 0.17293758744205012 -0.021317010361341954 0.9996334325267455 0.01669088505885969 -0.887613178984989 -0.02826866831718384 -0.01729066022939771 0.9994508069236842 65.99405469838332
0.9994506302279786 0.021717386207061828 0.02503583178620314 0.19384006708553983 -0.02217535359125213 0.999589107763213 0.018162305311931033 -0.8900652097399125 -0.02463110695841094 -0.01870750591271263 0.9995215544411875 67.03394869289286
0.9995232259068609 0.021433610007545706 0.02222433879296174 0.21293441535400398 -0.021856222601810183 0.999581504775507 0.018950484012565372 -0.8935699906544083 -0.021808860729529846 -0.019427189008572786 0.9995733879615362 68.06735229446865
0.9995455370901695 0.02241730782487252 0.020153996948678775 0.22572365738161976 -0.022795060415455412 0.9995650073083694 0.01871313403127704 -0.8983608974814151 -0.019725732021351746 -0.0191640411839912 0.9996217459728048 69.00232454665225
0.9995726159082846 0.022682590922270547 0.018441409797512857 0.23678345864672717 -0.023034653988638718 0.999552043385123 0.019108042292350278 -0.9024191599945556 -0.017999728939363597 -0.01952466731279913 0.9996473363764007 69.88192341513476
0.9995791410950927 0.02276435022145237 0.017981241519701437 0.2510881428979671 -0.02308510868399556 0.9995743683056194 0.017837039649770382 -0.9030643516566401 -0.017567539515905055 -0.018244631687552096 0.9996792060305854 70.82445396057088
0.9995137171504845 0.02465816161106476 0.01908675703155665 0.2670092695357281 -0.025073885547385745 0.9994466366844527 0.02185682236030208 -0.9034073167211341 -0.018537246062337982 -0.022324772923723403 0.9995788988480735 71.82230133031044
0.9994688405898887 0.026303908581044932 0.01923905099690156 0.28341634474314337 -0.02670594789893962 0.9994238316800521 0.02094748234943305 -0.9060912807152205 -0.018676965404488766 -0.021450152990613335 0.9995954491192712 72.81098658654592
0.9994781905828779 0.0265910436828267 0.018337473790911045 0.2990873224495181 -0.026970224787695885 0.9994208483586534 0.020750297370606054 -0.9063826054746152 -0.017775081549053474 -0.021234035460209365 0.9996165075737786 73.79725209568846
0.9994508284225779 0.027204716501962677 0.018919433539844512 0.3146971112632228 -0.027633522619534147 0.9993584033732021 0.022785303048188946 -0.9065482737593649 -0.018287427185267154 -0.023295600602044025 0.9995613462912282 74.77921005977169
0.999407239110416 0.027309676371841295 0.020960724943554405 0.3340114386477368 -0.027804326997040697 0.9993328209893817 0.023681898016083135 -0.9059944137865727 -0.02029999541713456 -0.024250659163573725 0.9994997827494488 75.7251832970616
0.9993998624303396 0.02661319801223669 0.02217324211246714 0.3544568366386594 -0.027114342231213607 0.9993764743334242 0.022615812925060423 -0.9047982305278757 -0.021557537419316503 -0.023203453201068702 0.9994983103237141 76.62525821098617
0.9993838754395586 0.027050241505023956 0.02236412184564615 0.37319989754145366 -0.027574706226431097 0.9993438261908734 0.02348515766839632 -0.9022308632111787 -0.021714167907913254 -0.024087371975856812 0.9994740083780881 77.55126775199425
0.9993618124411667 0.0279892781248018 0.022193876280565215 0.3913355517130914 -0.0285519537796767 0.9992681548574106 0.025454677826029233 -0.8989403495474172 -0.02146517574276412 -0.02607211149708114 0.9994295829283897 78.49842512557234
0.9993265848173574 0.029414985167293316 0.021934801683234303 0.406176261104613 -0.029990021594171988 0.9992024367075194 0.026364542145356475 -0.8945588160483353 -0.0211417946744358 -0.02700461303853648 0.9994117146564682 79.37986434379096
0.9993142154691573 0.030207181457092773 0.021415530571965803 0.4174859067615807 -0.030789509301173548 0.9991501347733728 0.02740464010603871 -0.8913505034992879 -0.02056951332077351 -0.02804522010551582 0.9993949973613928 80.14998024998329
0.9993276272552153 0.03008131828609622 0.020962053683498887 0.42930144242859863 -0.030664998791834944 0.9991345664968228 0.028102951451770372 -0.8877217940422257 -0.020098538592546393 -0.028726857144045107 0.9993852192348395 80.89639681900111
0.9993146650391658 0.031493287344638 0.019451814565387 0.43953143556891644 -0.032065835579250385 0.9990396415517616 0.029859283258812847 -0.881975546868837 -0.01849276686336085 -0.03046255833566194 0.9993648233319914 81.70422457282558
0.9993483901360407 0.03176551666168251 0.01713905142411286 0.45197078445849015 -0.03227787021137717 0.999013612877936 0.030494923826578264 -0.8764409231235231 -0.016153458673593826 -0.031028265110825855 0.9993879689775595 82.57788381893147
0.9993739132770566 0.03243604610375928 0.014130972169508406 0.4632177438833621 -0.03286400153891277 0.998973173958008 0.03118581592826876 -0.8692664103237522 -0.013104917556053424 -0.03163069119409702 0.9994137083862875 83.48391746918823
0.9993891380046377 0.03365673173781442 0.009411442348250951 0.4674149317259746 -0.03394992060246209 0.9988800994597427 0.03295375235658292 -0.8579161878313132 -0.00829178686606067 -0.03325313988214152 0.9994125649392973 84.41467028084956
0.9993815377371603 0.03492903499055551 0.004062578582107014 0.46459977709079864 -0.03505294115345222 0.9987356243681912 0.03603392754571361 -0.8450743358713729 -0.0027988116406541183 -0.03615404724931461 0.9993423094820378 85.32354375931855
0.9993628534008806 0.03564558836510325 -0.0018108761841609943 0.4561705899793689 -0.03555273874117425 0.9986643297282497 0.03749078948789166 -0.8337269802478887 0.003144838700244122 -0.03740252075100311 0.9992953324373225 86.12019554943848
0.999307503163656 0.03618955312606893 -0.008650454632788568 0.4431538707236471 -0.035819611419743554 0.9985711771140187 0.03965551254062664 -0.8233134139688864 0.01007320994306561 -0.0393181953000981 0.9991759654634338 86.84110846137389
0.9992018402552365 0.037179881307644665 -0.0146061239381685 0.4242029972930868 -0.03655944011014024 0.998503678472936 0.04066708023508618 -0.8136129655913299 0.016096265696761834 -0.04010062969534677 0.9990659886757504 87.5855538844108
0.9990575451334536 0.0378935742431556 -0.021168338219963008 0.39953821305335047 -0.03699954680302548 0.9984681244163793 0.041139252069119406 -0.8024437820716516 0.022694824262087108 -0.04031726126008905 0.998929158347176 88.34958322796236
0.9988258955824999 0.040110040033383886 -0.027166431534824658 0.37081647803533413 -0.038972652674523434 0.9983915053565635 0.0411768669930614 -0.7904756890104945 0.028774340258760647 -0.04006977315101315 0.998782484138713 89.09208560722976
0.9986508330029734 0.04137410587756631 -0.03137988376807879 0.34168188082003786 -0.04000478242128169 0.9982705137341855 0.043076661805550864 -0.7763140349431558 0.033107871056474045 -0.0417631987725537 0.9985788422064584 89.86752068530161
0.9984406672009489 0.04225201874577966 -0.036482886278760986 0.30833571409656185 -0.04064295453830943 0.9982144074013805 0.04377381754778158 -0.7626569017740906 0.03826727486664858 -0.042222787309885726 0.9983751058124714 90.68299502067676
0.9982080275658697 0.04296303098113035 -0.04165227091011121 0.27062492308728475 -0.041215574655789976 0.9982695853289638 0.04194176215814353 -0.7508746510670541 0.043382140436449924 -0.040149881395238486 0.9982514597610659 91.48527018800252
0.997982952232173 0.04368102697591548 -0.04606511626257378 0.22935277147477492 -0.04178617590752876 0.9982715897225497 0.0413249156785236 -0.7364254844224092 0.04779061159872465 -0.03931667629825002 0.9980832913178523 92.28690911596132
0.9977002291161287 0.0447715804263257 -0.05088966896878487 0.18367340631545598 -0.042651382688548296 0.9982063143821359 0.04201206353401589 -0.7221450399236671 0.052679335382846824 -0.03974493066744791 0.997820238374558 93.09101944609553
0.997460001294876 0.044645894472221496 -0.05550035967090955 0.13472950949585394 -0.04230791337567132 0.998195576450545 0.042610229057817355 -0.7077827223772301 0.05730258530486867 -0.0401538947219101 0.9975490356148106 93.90599565989449
0.9971887811717227 0.04557691376674877 -0.05947503372635906 0.07743096714822004 -0.042991643192470945 0.9981039794870156 0.0440473012543707 -0.6901881932879185 0.06136980789333193 -0.041366545222925884 0.9972575172017777 94.7892630940496
0.9970175728423691 0.04609965136278874 -0.061893308101437915 0.010916750507127149 -0.04332385673945931 0.9980260212940316 0.04546541825633016 -0.6692839252649834 0.06386707195988395 -0.0426483641448716 0.9970466960754828 95.78743927695761
0.9968773599709886 0.047087269688016443 -0.06339020595170106 -0.059696775268043026 -0.044256149028179516 0.9979904058287085 0.04534912509679237 -0.6457593627452627 0.06539818384685182 -0.04240210970195909 0.9969579422635416 96.82684554082748
0.9967452947229041 0.04762586141166572 -0.0650430224739512 -0.1288321269895198 -0.04469737344472024 0.9979519471187008 0.04576085717221745 -0.6240032699285313 0.0670892111661281 -0.04270466680340316 0.9968326585632695 97.83251414051014
0.9966086894924505 0.048916417924691084 -0.0661687546018237 -0.19646129396107154 -0.04586749028263376 0.9978488457429505 0.04683859930263812 -0.6001832548993331 0.06831759190217333 -0.04364476035995114 0.9967085037912585 98.82240699729634
0.9965837529414603 0.04932608959615104 -0.06624017103137737 -0.26562455382342265 -0.046357718636662326 0.9978823647942829 0.04562617620810511 -0.5718456938377099 0.0683504593687394 -0.04239956270672486 0.996759997083731 99.8534976645656
0.9964423299054685 0.049582565500049205 -0.06814875179336667 -0.3406125936272199 -0.046690474443293564 0.9979663364043134 0.04339574863984046 -0.5409216238979377 0.0701618327071116 -0.04005946332872424 0.9967309349212518 100.90613186269881
0.9962343811033808 0.050421846949263584 -0.07053151960498243 -0.41777026737332873 -0.047506617474114485 0.9979698847871342 0.04241733553774483 -0.5123779176114452 0.07252709289452555 -0.038906894095757844 0.99660728192608 101.93930488056
0.9960430921883843 0.05156990149445789 -0.07237889031791844 -0.4921739118262271 -0.04857672152325011 0.997913846833738 0.042523598431259066 -0.4854241377413784 0.07442083464900111 -0.0388394072733131 0.9964702904817597 102.96044341486753
0.9959282792226172 0.052135615485974236 -0.07354413805718919 -0.5558548806560708 -0.049270579507142184 0.9979741856070493 0.04024841434114518 -0.4609506735260637 0.07549352713780591 -0.03646097173478472 0.9964794653681769 103.87937214732155
0.9958106170586667 0.05364384845574249 -0.07405101266083128 -0.6170617646115027 -0.050681628246952604 0.9978597548154149 0.04131927247613551 -0.4374681073368938 0.07610905012858163 -0.037393144325889124 0.996398095765918 104.71815377011399
0.9956579232430027 0.056781106631992526 -0.0737645295048849 -0.6852837072372828 -0.05348930156715478 0.9975147259349977 0.04586137983842021 -0.4159957674710313 0.07618526433168495 -0.04171663304333397 0.9962206221647083 105.5574938840255
0.9957602478593655 0.05662878129838252 -0.0724893779233522 -0.744921448230252 -0.05373193377846226 0.9977005900305507 0.04130873933100771 -0.3926450752027086 0.07466195869036357 -0.03723860606078274 0.9965133607449363 106.35842586193434
0.9958112966242709 0.05736959245384244 -0.07119404032057783 -0.8075618421983721 -0.05468855966667794 0.9977394148263697 0.03905408485058352 -0.36960982709159035 0.07327361706011404 -0.034996999351550144 0.9966976407513539 107.2223127076906
0.9957440231546733 0.057780819040299164 -0.07179984194117507 -0.8729549711050191 -0.05490931852010501 0.9976349955090233 0.04134467892447282 -0.35058094986878074 0.074018964403747 -0.03722623653745168 0.9965617894650858 108.10466932134877
0.9956716347780247 0.058416415991205756 -0.07228774475108489 -0.9381431654270763 -0.05546330401626788 0.997568197033735 0.042207987093219525 -0.3323131732897168 0.07457759453116353 -0.03801597834601592 0.9964903249828069 108.95590870503209
0.9957804224644063 0.05785548318662606 -0.07123267018616175 -0.9991922617571528 -0.05517758381319429 0.9977143775621509 0.03900583354200968 -0.31037960256344177 0.07332656054354639 -0.034910798773604194 0.996696770160234 109.80105901059939
0.9957408985220171 0.05819702625171876 -0.0715064273056841 -1.062835881552425 -0.05549725008936379 0.997689781805004 0.03918104789820043 -0.2914151465560748 0.07362145232936473 -0.035045761760007864 0.996670294701099 110.64087781137657
0.9956275182450498 0.05924161576414922 -0.07222379022770894 -1.126336810569587 -0.05649862825899102 0.9976229870200753 0.03944972463774357 -0.2756661661426445 0.07438917876986899 -0.03519668636099659 0.9966079687375321 111.44288764999182
0.9956698001218163 0.05862981700897245 -0.07214009760789947 -1.179577837792443 -0.055872504243393975 0.9976497039661952 0.039665242287596214 -0.25885897642298683 0.07429611291955163 -0.03546283595055815 0.9966054760392342 112.17197770769494
0.9957724117059902 0.058319118086567055 -0.07096608028376301 -1.236752655681332 -0.0556387162946901 0.9976819537273166 0.03917974548056811 -0.24302223550924615 0.07308650582915716 -0.03506564803975771 0.9967089660443694 112.93017056854039
0.9959138981431279 0.059135340070471894 -0.06825334453423823 -1.2992035048059456 -0.05656346188593203 0.9976362281754251 0.03901962341423286 -0.22702558406693324 0.07039944790151759 -0.03499953980639577 0.9969046844851825 113.76520000524435
0.9958947428490804 0.0591396541847502 -0.06852855221345798 -1.3644516569898228 -0.056548654521353776 0.9976318442697149 0.039152943322702985 -0.21057045571152608 0.07068175745826528 -0.03511701299818055 0.9968805768800473 114.65251777621243
0.9959421544283884 0.05958293481859259 -0.06744700816896058 -1.428409639252062 -0.05709101258361114 0.997634395178451 0.03829138074166376 -0.1905246857258654 0.06956896804408147 -0.03428538223978928 0.9969877989473854 115.54667310069134
0.9959870377993199 0.060730417062574205 -0.06573915864340477 -1.4923605731576601 -0.05843308192480463 0.9976302628425665 0.03632400855411674 -0.17011177720603943 0.06778934630534507 -0.032336900038134116 0.9971754757430695 116.42882414556382
0.9960323721346549 0.06053100835629946 -0.06523427540168382 -1.5586794905884 -0.05827575307609695 0.997653422208085 0.03593863881547167 -0.15052136125342652 0.06725660014620789 -0.03199447114525822 0.997222594786594 117.33660941617842
0.9959607769348553 0.060996495602573295 -0.06589050258971622 -1.6230546595047766 -0.058594387718768216 0.9975661581702253 0.037794944124288105 -0.13248390368724938 0.06803549467140513 -0.03378146825850911 0.9971108182479597 118.18269627769303
0.9957773077531271 0.05976003849970281 -0.06968709466213338 -1.6845226538334188 -0.057190068257915234 0.997628005060341 0.03831004583627752 -0.11339516723032501 0.07181120704033658 -0.034162864602324136 0.9968330096990029 119.01360580354455
0.9954335477133819 0.0597964420914927 -0.07440724158272714 -1.7557685787649762 -0.05702465220225409 0.997617125910727 0.03883631201376979 -0.0936132517003404 0.07655221177708393 -0.0344159207753866 0.996471426218142 119.95573574885083
0.9950990889192664 0.05980199988360677 -0.0787497558216428 -1.8320253133436204 -0.05688533210818076 0.9976274390280467 0.038775661042474964 -0.07674372018772682 0.08088177930157842 -0.034105918962256856 0.9961400122817825 120.92701496941767
0.9948087773865406 0.060065153800728695 -0.08214422519929453 -1.910551255459297 -0.057042460227092855 0.9976227997193753 0.03866402994145696 -0.06056215489992736 0.08427131282908867 -0.033777607656081295 0.9958701818284815 121.87264840028155
0.994514475775288 0.06001133754910831 -0.08567144704609904 -1.989363175711585 -0.05684836510354115 0.9976248600063142 0.038896041989315955 -0.04533937934944986 0.08780216887104807 -0.03381239510811283 0.995563911096918 122.76785820478277
0.9939355917362143 0.06088538974276348 -0.09156969365382159 -2.0691415732769904 -0.05760242855098044 0.9976130948048578 0.038079827978883006 -0.03260130759686625 0.0936696306441534 -0.03257425961927493 0.9950703080211182 123.59015581237858
0.9929297434764534 0.062233976010754574 -0.10108143622682902 -2.1526243904490685 -0.05868937180614593 0.9975651930063654 0.03767284617826358 -0.021087901801855977 0.10317985344429226 -0.031474083498395575 0.9941646241499188 124.34599869050875
0.9912608358599059 0.062854253563526 -0.11597973141585471 -2.2410805971811607 -0.058667716744399814 0.9975088898207184 0.03916776404946791 -0.010550244063100707 0.11815267369941601 -0.032021204499642235 0.9924790114456176 125.05507182947846
0.9885674882050755 0.06498671070275334 -0.1360553148390238 -2.3455954296101913 -0.059925339657699424 0.9973614805811504 0.04097597735116242 -0.002647517525567628 0.13835922423466598 -0.032354358052822996 0.9898534844027018 125.75542930166525
0.9847161986253166 0.06674032005309327 -0.16087180562211076 -2.4707933115796594 -0.060527984720656125 0.997230439411067 0.04321821118075512 0.00798331200314048 0.1633106586557151 -0.032820426432619884 0.986028624522745 126.46526699539751
0.9790826488180574 0.06866927900861491 -0.19152466395703344 -2.615842407527734 -0.060606788180150716 0.9970237930762792 0.04764843403799419 0.020021714262733695 0.19422663053737987 -0.0350440602702334 0.9803305207071088 127.13941440309014
0.9714502245669773 0.07138707142560229 -0.22624841926971917 -2.786652796429221 -0.06088623840262427 0.9967331408751812 0.053065166109916385 0.03404396419425522 0.22929746436005213 -0.03777475234028924 0.9726231237862275 127.80266839590394
0.9616082970144368 0.07452897961257136 -0.26411155656446494 -2.999280611800491 -0.06107440440297001 0.9963994843446392 0.058804631829112816 0.05225529782329552 0.2675432679770096 -0.040416565856638144 0.9626978243273102 128.5250146994506
0.94945015248861 0.07735092872780086 -0.30423879069622756 -3.254568414058131 -0.060754557822056965 0.9961207041204209 0.06365867204459547 0.0780167401373689 0.30798261581329944 -0.04195684267889698 0.9504663758961779 129.28786905213602
0.9350173214863919 0.08032806082500116 -0.3453838606022426 -3.5342259880240805 -0.06043386739650109 0.995852858287874 0.06800611966118865 0.1088192799698472 0.3494143045038602 -0.04271401741776017 0.9359942075270111 130.0084957213647
0.9174777456432521 0.08429862851756578 -0.3887522700633847 -3.8384435722724892 -0.060560845917610344 0.9954959041318603 0.07294030983229818 0.14208062493106285 0.39315006065257124 -0.04337794470402743 0.9184505341727079 130.68747394799416
0.8973416809523975 0.08731095141339971 -0.43261380628548357 -4.178105981062049 -0.05969086136009429 0.9952389459074206 0.07704830704937426 0.17934997146320358 0.4372812695458342 -0.04331556662877251 0.8982810545658918 131.3579420817481
0.8745313792241258 0.0905153299699427 -0.4764471028275668 -4.546552925470746 -0.058238427127402084 0.9949196811759324 0.0821164637238201 0.21882800222203969 0.48145939845232577 -0.04406589439931523 0.8753599514443825 132.0053614878845
0.8473201009888699 0.09523592821573988 -0.5224736973638953 -4.9192057142065115 -0.05717508921890598 0.9944303161218446 0.08854013525298132 0.2596676946665966 0.5279958860000922 -0.04514935608281197 0.8480459185753351 132.55094606047703
0.8160953656805079 0.09850449490078728 -0.5694604627181243 -5.274625614567483 -0.05429558277581513 0.9940770077008945 0.09414293628025616 0.2985667492408047 0.5753610551695634 -0.04591042631880653 0.8166099980709217 133.01139830687006
0.7826328334070977 0.10132053464204863 -0.6141823811646088 -5.639525214377315 -0.05028370201943785 0.9937302157694409 0.09985893839831539 0.3404094100685068 0.6204493511838003 -0.04726952005962844 0.7828206659822747 133.4471821442662
0.74665221579225 0.10433906839117875 -0.65698084253636 -6.038824198466968 -0.045736439172313736 0.9933373111235686 0.10577884694793069 0.38622760688201924 0.6636404499308045 -0.048932046115582106 0.746449601834297 133.87052758600177
0.7097489982908549 0.10844669224125612 -0.6960572349793225 -6.457427815092582 -0.04111477113533197 0.9927721852325668 0.1127517796890185 0.4360772515598115 0.7032538197689491 -0.05140722877652523 0.7090778249317201 134.26406806998637
0.6743511123206906 0.11460558282976063 -0.7294629104321204 -6.857697714163513 -0.037208642681781465 0.9919011683887821 0.12143965192121689 0.4835594750112307 0.737472775240976 -0.05475063956902899 0.6731539743960172 134.5826014993911
0.6375536814631003 0.12027926299528566 -0.7609587387934775 -7.2496902316131875 -0.032783859393776885 0.9910783866266867 0.12918533246731437 0.532344087238586 0.7697080757118874 -0.05741542000849971 0.6358088924583782 134.86202702076946
0.5947735876616868 0.12388140482206163 -0.7942907383064214 -7.685568778470612 -0.026718084284957547 0.9905553655990526 0.13448498672739273 0.5837695004987669 0.803449141758324 -0.05876619114965357 0.5924660423902567 135.1407452996945
0.5494936726961716 0.12560353531340446 -0.8260026970801299 -8.186094155834331 -0.02046150583555718 0.9903618538301617 0.1369843978598468 0.6436351425437303 0.8352472870029652 -0.058370800875589754 0.5467676098301061 135.4416917087462
0.5056716894140848 0.1271824781658139 -0.8532999236919627 -8.706821209245184 -0.014916690589402678 0.9902151414751842 0.13874965201808181 0.7056718884292043 0.8625970292477043 -0.057433359999925875 0.502620905148356 135.71389553720508
0.46303289506960915 0.13025509456688528 -0.8767178271387152 -9.223897586416223 -0.008999532980248965 0.9897826288670876 0.14230023190104993 0.7715228225487679 0.8862954058831588 -0.057999637346512804 0.4594741511533358 135.954197756792
0.4231197079040923 0.13425554175340207 -0.8960720742728556 -9.781007618916881 -0.0032689179826083524 0.9891812310236915 0.14666221860341297 0.8444892191836572 0.9060678931285325 -0.059126488978738505 0.41898094388965695 136.19120818004762
0.3863170685188813 0.1370280500514276 -0.9121307121625077 -10.435555201983295 0.0013532004883602053 0.9888179123384977 0.1491217793850758 0.930684756972128 0.9223650532296934 -0.05884258438950845 0.38181181076931975 136.4516545108731
0.353002827465477 0.13622711102648444 -0.9256517585046543 -11.13623157418661 0.005910258041149665 0.9889990465470359 0.14780377119322347 1.0230739966891722 0.9356035873441618 -0.05764598989027474 0.3483143224133976 136.7046373392725
0.3189355310527348 0.13711326470824486 -0.9378059925555813 -11.896423611158468 0.010071073120816723 0.9889340527981844 0.14801355580604997 1.1247407728010388 0.9477229028140578 -0.05665149474817349 0.3140253295906115 136.9423298173963
0.2850659427494304 0.13837448427222343 -0.9484671372202501 -12.763409013566402 0.01319230570435788 0.9888644457866566 0.14823316406677978 1.2377821716562132 0.9584171176239392 -0.05476869508617426 0.28006609699136426 137.18392095921922
0.2518495796975808 0.1403007022523734 -0.9575424283830168 -13.660195557308105 0.016838253791482457 0.9886504602135227 0.14928744330599625 1.3553256247591903 0.9676198956281357 -0.05372132227596723 0.2466287840409469 137.40462734139956
0.21756462069985089 0.14185110303150494 -0.9656831262833981 -14.56691707249507 0.02090491472211665 0.9884787101016074 0.14990938668516032 1.4752528064988695 0.9758220228915668 -0.052802502257045636 0.2120926104210224 137.59589747146904
0.1851942773579505 0.14038054890223037 -0.9726234528962259 -15.49028203799532 0.02597077651018176 0.988699262408636 0.1476458170083881 1.597287285058994 0.9823586913145947 -0.05260294670952182 0.1794556535641897 137.75869061318056
0.15397289509203052 0.13993924764458626 -0.9781152051500107 -16.421277166279193 0.030786992198390963 0.9887598064482299 0.14630859941859956 1.717492994431334 0.987595316254767 -0.052640783819422915 0.14793390142398732 137.89516450847879
0.12290648110295879 0.14178205927894358 -0.9822381811808742 -17.324054418095944 0.03466605689749856 0.988524788196232 0.14702723428253353 1.8293243366913499 0.9918126140567411 -0.052120924667678196 0.11658107826623834 137.99874215239163
0.09576862072433734 0.14401859743557327 -0.9849299542999237 -18.21512772499456 0.038222196127820594 0.9882161690544242 0.14821560964541122 1.9400665435688276 0.9946695104444103 -0.0518405903909749 0.08913539241059484 138.07628466211628
0.07258321896944142 0.14623525010634716 -0.9865834622323494 -19.1585858094385 0.041517241880238746 0.987892176146146 0.1494836677897846 2.0580776153022677 0.9964978650005681 -0.051810230028085026 0.06563310988933145 138.1379199471164
0.054038872818307444 0.1467234011236485 -0.9877003815870667 -20.1643834303711 0.04236032119717266 0.9879183803272747 0.14907339467391043 2.1857792677464576 0.9976399167097305 -0.049895063625974956 0.04717074531063469 138.18381838624398
0.04433067059837552 0.1492895944510591 -0.9877992754770264 -21.24734927905845 0.04134439056912029 0.9876500543943483 0.15112250468843455 2.3253464151635916 0.9981610255929477 -0.04753932102456069 0.03761090192693352 138.22565864361277
0.04027481319944318 0.14832774130860918 -0.9881178171554433 -22.380291230385676 0.040567867439966696 0.9878620289844682 0.14994285518843453 2.473066656598587 0.9983647567663444 -0.04612475310473664 0.033768618537095216 138.26725071622587
0.037693597439467375 0.14913131513258157 -0.9880987013243666 -23.52167270051684 0.04032317290307167 0.9877690614900847 0.15061979581058757 2.6225817964875078 0.998475455100975 -0.045520676728502074 0.03121912156161436 138.30671989644787
0.0352571041960158 0.14969785390657628 -0.9881029749674265 -24.655687725511047 0.04095798158550276 0.9876705478245085 0.15109378777591673 2.7740607659191787 0.9985386223617753 -0.04579783287228254 0.028691081472290034 138.34301544868862
0.03362734085266909 0.1511799771844171 -0.9879341154377146 -25.772315195531867 0.04147276010669219 0.9874306613399274 0.1525145868922801 2.9240773902264863 0.9985735887336047 -0.0461010145691962 0.026934816490549834 138.3771776608625
0.03362992125381187 0.15042734140731853 -0.988048907369261 -26.860046794562656 0.04094267806203383 0.987570861767727 0.1517481139930715 3.069983527233996 0.9985953762708748 -0.0455566454479654 0.02705303210284046 138.41009340435068
0.03431370829301433 0.14985273405659388 -0.9881127099268321 -27.9362823285666 0.040253283107699836 0.9876854404952736 0.15118579243006 3.215688450597762 0.998600141509219 -0.04496252583449454 0.02785908556196943 138.44149696781355
0.03545744646151835 0.15245390167998002 -0.9876743275761408 -29.042034204969134 0.03913260077807512 0.9873260165233215 0.15380499553827973 3.366429105340133 0.998604731135784 -0.044103797554603516 0.029042141699437446 138.47574510782016
0.03657259570557616 0.1520923315398933 -0.9876894086351832 -30.141687802251965 0.03818694525878193 0.9874160639950436 0.15346424266367506 3.516814180437623 0.9986011227988671 -0.04332942708243144 0.030304426962887793 138.50970196872183
0.03591349851953555 0.15023119128105136 -0.987998385520121 -31.216374528167844 0.037341334725200466 0.9877440274528426 0.15154986292364347 3.663778435668913 0.9986570208760498 -0.04233586419940856 0.029863510467816545 138.5414180120584
0.034131399791925636 0.15004411131665715 -0.9880899818374035 -32.305604460936884 0.036368296234157625 0.9878247465530716 0.15126009760138595 3.8119208486377456 0.9987554228024335 -0.04109786802926469 0.028258992660405557 138.5732786560253
0.03206575920979251 0.15113829847842553 -0.9879924097984497 -33.40620974287188 0.036471870926733645 0.9876654507422356 0.1522719936207473 3.9595378514417123 0.9988200987752512 -0.040916648728599514 0.02615794600914059 138.60369979039848
0.029646825532631992 0.1514851132012545 -0.9880148410900732 -34.51339008182801 0.03686857396440805 0.9876109878644164 0.15252948863514607 4.110038832946948 0.9988802600860965 -0.04094871338480996 0.023694490550759673 138.63217723804684
0.027060737203479623 0.14985615605084374 -0.9883374165717247 -35.60170262973528 0.037913252004783626 0.9878342656365429 0.15081793314036093 4.258923328852911 0.9989145618241958 -0.041552329994523865 0.02104998925415911 138.65893475939274
0.023536057226897552 0.15237677359536184 -0.9880421918515837 -36.68369123987073 0.03848572166605704 0.9874452672231644 0.15320147997461667 4.406390820416263 0.9989819333892151 -0.041631275589848936 0.017376238220830814 138.68125030979175
0.019674888904715214 0.1532376827614844 -0.9879934773714244 -37.783988046354324 0.0374661268101961 0.9873776829343724 0.15388827305869943 4.553615998314576 0.9991041928089525 -0.04004402358701277 0.013685323764286684 138.69822047270355
0.01610953760916599 0.15317127980712608 -0.9880683386488343 -38.86239755699534 0.036958900454239704 0.9874300289211004 0.15367490901928305 4.6983425081266805 0.9991869306967699 -0.03899355109653955 0.010245999104484413 138.71066601059687
0.012486623212850871 0.15200961695726922 -0.988300136898324 -39.90834132256839 0.03666102939368397 0.9876430632202384 0.1523717447453308 4.839881085702964 0.9992497451410908 -0.038134708933530964 0.006759497763824036 138.71914583280792
0.010168615745572226 0.153024130268856 -0.9881701345463141 -40.971381863842176 0.036505638346863274 0.9875056471086746 0.15329688613068004 4.986431706014281 0.9992817108416956 -0.03763259868697458 0.0044553219140927615 138.7253850659691
0.00910450576517299 0.1543853160577889 -0.9879687657818491 -42.05068066948748 0.03515245098899167 0.9873496226711176 0.1546125085517506 5.1352249772341185 0.9993404891048083 -0.03613719409327829 0.003562308075709306 138.73166461738415
0.007993626535185606 0.15375363526362376 -0.9880768803985033 -43.162428848060145 0.03438918399732115 0.9874816946900341 0.15393923046479535 5.2889879237165935 0.9993765486336035 -0.03520969036097264 0.002606097824346698 138.73823675518494
0.0056914567832597905 0.15474133361196665 -0.9879386251137647 -44.317478889866024 0.03534473303219423 0.9873061831642527 0.15484589285000364 5.449643391862948 0.9993589731255562 -0.035799725664060096 0.00014991934776400624 138.7430991736263
0.0028735240536405743 0.15319251603549025 -0.9881921857059135 -45.45372448844593 0.03642169318325653 0.987524568770778 0.15319492922335984 5.605405682858531 0.9993323787034907 -0.03643184190789152 -0.002741855215091715 138.7442476675978
0.0006087549350321901 0.1530274391029649 -0.9882217525935254 -46.5437685061325 0.036032113821920675 0.9875768596875283 0.15294977274661326 5.753676833496237 0.9993504471360146 -0.03570082759971937 -0.004912709816576539 138.74218155876372
-0.0013632794698791107 0.15314738507047865 -0.9882024184928729 -47.60230934362558 0.03591220784099726 0.9875733915448259 0.1530003583022977 5.8974643107125 0.9993540187526495 -0.035279948394534515 -0.006846199252648067 138.73768852711225
-0.00296904526889482 0.15431374697404318 -0.9880174352029543 -48.635244721019475 0.03529467885371561 0.9874223672801226 0.15411474374481035 6.0375111153966925 0.9993725383533426 -0.03441418442657755 -0.008378155850136206 138.7327461094299
-0.005536215452644785 0.15400098176658128 -0.9880551846599422 -49.67303444898543 0.036133274056283554 0.9874558849089881 0.1537051133325678 6.179808587084281 0.9993316450630562 -0.03485072414646725 -0.01103132820794663 138.72569534199275
-0.008606651976040464 0.1564078936297237 -0.9876550492717981 -50.746521762773305 0.03751894136069049 0.9870466723470851 0.15598460067492514 6.3279132107167575 0.9992588526407634 -0.035713266706587726 -0.014363425782442776 138.71489025292857
-0.010265450099860534 0.15638087733079256 -0.9876434790649409 -51.83399525070875 0.03735305614691876 0.9870661371117281 0.155901219250566 6.477311112632275 0.999249403167563 -0.035291106139926795 -0.0159739818670239 138.6984888486735
-0.010976748812789136 0.15591325229699637 -0.9877097593643972 -52.92986817740182 0.035573215759676494 0.9872048955633133 0.15543822083496758 6.626644992406949 0.9993067883818337 -0.03342980607179555 -0.016382635929108 138.67964738437297
-0.011648871990810586 0.15482419605498196 -0.9878733583295338 -54.01908766429798 0.034734973315578704 0.9874067995407434 0.1543414845382442 6.773009524414062 0.9993286673612973 -0.032515850544489786 -0.016879989729281664 138.6605664798699
-0.012881809946733018 0.1547445047910044 -0.9878705366643367 -55.106796239190146 0.03388101047155635 0.987452756613463 0.15423725420888493 6.919229297369067 0.9993428521292986 -0.031483197001841566 -0.01796307892931192 138.64116702528753
-0.015484274939115944 0.15600205753665364 -0.9876353554191658 -56.17557996679641 0.03326120470492156 0.9872874780081934 0.1554256350471027 7.065812921340129 0.9993267381048031 -0.030443288464758782 -0.02047624712354069 138.62081642539536
-0.01626671081052447 0.15573012195498095 -0.9876656940662134 -57.18725489976149 0.03365298344341933 0.9873220061465793 0.15512167122632373 7.206946934263062 0.9993011912455435 -0.030714577883759663 -0.02130126476664577 138.6021527297647
-0.014262536873587974 0.15544251362697542 -0.9877419728852564 -58.188327491746556 0.03213486624651452 0.9874034259292557 0.15492522336431955 7.3457162907567835 0.9993817741049948 -0.029531329473853608 -0.019078002155847817 138.58470418518758
-0.012228790472610065 0.15545209239176086 -0.9877677377068974 -59.22561253207213 0.031444957518021906 0.9874128130256852 0.15500693958461967 7.487432863807407 0.9994306735988573 -0.029164767163885125 -0.016963048841807986 138.56821504830629
-0.010961879585911438 0.1558847010279968 -0.9877144309877008 -60.324483607635855 0.03163619974064078 0.9873333562577138 0.1554734526755153 7.639416982202789 0.9994393368593779 -0.029543249758405336 -0.015754628900682483 138.5540775535659
-0.010346159008671404 0.15785875855583142 -0.9874074991314278 -61.434572454640055 0.03134699003731056 0.9870262261347387 0.1574693466609091 7.792111902175202 0.9994550130993226 -0.02932305013849322 -0.015160327213070573 138.5402448207852
-0.01109539205279297 0.158194235017944 -0.9873456721342754 -62.522731563065605 0.030970142696375876 0.9869871117574268 0.15778875589247732 7.942252923258704 0.9994587247788476 -0.02882750824849815 -0.015850306988252037 138.52388422581342
-0.011723639280225923 0.1595601276859179 -0.987118595678798 -63.57782325029617 0.03075280775291406 0.9867769910924891 0.15913967030807546 8.08698374600712 0.9994582638096192 -0.0284909723123706 -0.016475539425350356 138.50751680918333
-0.01249933866973669 0.15892458590381456 -0.9872115996725939 -64.61238137016105 0.030240072330453557 0.9868972134831715 0.15849109768247963 8.227606756547917 0.9994645089037766 -0.027872316273490343 -0.017141453476364175 138.49043435908627
-0.014231171840936866 0.15823927120793532 -0.9872982359933683 -65.66203948952084 0.03064325042942412 0.9870034578865905 0.15775032590467075 8.37193519923883 0.9994290694947553 -0.028009055098160266 -0.01889518143217714 138.47166629047044
-0.01652152812314541 0.15972063257157626 -0.9870239909138041 -66.6951202251533 0.029901690060268975 0.9867961209494933 0.15918324224166866 8.514434090333308 0.999416293663464 -0.026883735044925087 -0.021079296715463082 138.4494265308054
-0.019183994476631005 0.1599607327001457 -0.9869369475047303 -67.69081086500267 0.028856150888216782 0.9867959771065294 0.15937698115563417 8.651309240440082 0.9993994681366588 -0.025421714348160738 -0.023546539613358328 138.42388867343368
-0.022111660539600227 0.1586148939028735 -0.9870928983132049 -68.66399706445176 0.02781162376783119 0.9870497784559946 0.15798496268115342 8.785556603413987 0.9993685946894557 -0.0239593464466178 -0.026236647390107597 138.39475578239055
-0.02422724197913001 0.15945862418680246 -0.9869072843578257 -69.60849830560946 0.02691035350851277 0.9869433488207399 0.15880383840621456 8.913737892755568 0.9993442217875337 -0.02271064488191337 -0.028202003278420776 138.36476299349982
-0.0258811448374984 0.1606359118906299 -0.9866743485836489 -70.51945127093745 0.025593732261326097 0.9867879111506858 0.1599830593400398 9.037294326521703 0.9993373440489631 -0.021112134376442535 -0.029650473372866012 138.33485810065014
-0.028127889784004174 0.16144888123501294 -0.9864801470705141 -71.38502763207961 0.023621321555253576 0.9867023970259563 0.16081173113679323 9.155553110029606 0.9993251998144956 -0.018778670112435777 -0.03156749221154687 138.3051461998733
-0.031391207139705044 0.15944238528186633 -0.9867080205866082 -72.2229052780593 0.023190635974552294 0.9870449638074063 0.15875904328739365 9.270024610957705 0.9992381030151958 -0.017898748505459066 -0.03468210323106691 138.27482570380775
-0.03431944132734169 0.1592326963826836 -0.9866443758263059 -73.1298757071508 0.02180113833835161 0.9871103014705684 0.15854956038359796 9.394128964283563 0.9991731012763156 -0.016068638193085117 -0.03734852811676124 138.23985170615077
-0.03572370870547853 0.15806398564616178 -0.9867824446543308 -74.07474853701883 0.02114282590793771 0.9873112410357723 0.15738327178269723 9.524068525315908 0.9991380272759876 -0.015241055280055415 -0.03861233850723787 138.20308400994216
-0.03676571776076763 0.15832194748918196 -0.9867028138911785 -74.96818814235952 0.019641111596450628 0.9872941180735038 0.15768497440376048 9.646413877961859 0.9991308766787215 -0.013582538816125917 -0.03940819593075874 138.1669521248685
-0.03734812379954151 0.158664079394901 -0.9866259815950642 -75.82995307050085 0.018766179627097028 0.9872520666898228 0.15805438089111565 9.764531251653672 0.9991260922180227 -0.012612165810792577 -0.039849531022377295 138.13099740547304
-0.037406156484255874 0.15765164250568764 -0.9867860655037319 -76.63195624628142 0.01839751383718398 0.9874184379620193 0.15705527643875303 9.87534946220506 0.9991307776971368 -0.012279576047299137 -0.03983592688029985 138.09833349334815
-0.03798287730631176 0.15542109388440103 -0.9871178169840271 -77.34768700407645 0.01883821555288982 0.9877664656701525 0.1547983557156697 9.9743850432625 0.9991008070591854 -0.012715851260076015 -0.04044606854089877 138.07064832461523
-0.03811933292725065 0.15359241616523905 -0.9873987472919473 -78.00165481481925 0.017832203698934377 0.9880641275744696 0.1530074910314482 10.063232716969754 0.9991140720500438 -0.011774952102791498 -0.0404032366841546 138.04429551841326
-0.037909282648853855 0.15382603616226126 -0.9873704658777563 -78.60301557526819 0.016236176133019923 0.9880450980716443 0.1533077648430409 10.145383853139668 0.9991492745699342 -0.010219333402834289 -0.039953627509587156 138.01858832810194
-0.03857382784952916 0.15516909328000356 -0.9871345461970714 -79.2078173859987 0.014568632395235084 0.9878520983144595 0.15471259420567135 10.227179885349093 0.9991495457413601 -0.008413343353138668 -0.04036583826027633 137.99169608719035
-0.039770919292844875 0.1524012546875147 -0.9875181677054224 -79.83031697620194 0.011754582754464308 0.9883030586736973 0.15204898552926835 10.309282121819836 0.9991396818077387 -0.005560736091786838 -0.04109713434349182 137.9625973504302
-0.040640305264628376 0.14835207675467937 -0.9880991989221392 -80.48150447274391 0.011192210412655354 0.988921747724771 0.1480152401040511 10.396725223006527 0.9991111549843068 -0.005043629601266835 -0.04185046936855716 137.93538137558244
-0.04269322377480773 0.1515677478962229 -0.987524433338934 -81.14658907524007 0.00804464063909236 0.9884457602500131 0.15136136495406644 10.485074163624754 0.9990558404817526 -0.0014821745636906987 -0.04341924409591531 137.9016176725475
-0.04518863662116703 0.15461549252138548 -0.9869407462419874 -81.78330078269502 0.004935348087493067 0.9879724613831119 0.15455114974611817 10.569910855761742 0.9989662804417245 0.002113059620826581 -0.045408209824473536 137.86721953245035
-0.04817773295759105 0.15457590348511263 -0.9868055513163825 -82.44929522742942 0.0030980892178522046 0.9879711562298085 0.15460723237006077 10.65981826362355 0.9988339741369755 0.004391414315787079 -0.04807710047456907 137.8306104088462
-0.05180684409954435 0.1573205149650605 -0.9861877643104152 -83.19421199306525 0.0010412850237102066 0.9875218459880917 0.1574786316354294 10.763600584935288 0.9986565809275698 0.007131568368603628 -0.05132420581615472 137.7853977577964
-0.05528896086232725 0.16178210560269415 -0.9852764490809288 -84.01921177236895 0.0006693639348078562 0.9867916250059293 0.16199333557302922 10.880172646368898 0.9984701711912508 0.008296934669624785 -0.05466697464101277 137.73729674984452
-0.05963265026672847 0.16238841419490052 -0.9849233218669528 -84.89536240507817 0.0014506108802506215 0.9866922815944262 0.16259224203526867 11.003076677420044 0.9982193359929665 0.008267065818459707 -0.05907463814965847 137.68504825431722
-0.06438888262086792 0.16117696514936722 -0.9848228560000409 -85.7957615084111 0.0017920423783828025 0.9868878124073278 0.16139775186163188 11.130159762985976 0.9979232737936066 0.008627376606738573 -0.06383343946502727 137.62645935974095
-0.07082603436965011 0.16269544873996725 -0.9841310196385292 -86.6976225749863 0.0020248664530754055 0.9866301243165538 0.162962872173218 11.25742691597648 0.9974866278659157 0.009549280098420333 -0.07020853565119795 137.56085805424908
-0.07682383619925028 0.1643154352507372 -0.9834116818148912 -87.58584995800241 0.0027786499594884355 0.9863580442159386 0.16459066715615103 11.380982295357834 0.9970408102460164 0.009911929623694115 -0.07623238390016086 137.4901659886908
-0.08202438843083282 0.16190704844470108 -0.983391126341129 -88.4654486253934 0.002774942155628035 0.9867493182077366 0.16222848921381156 11.503053127405517 0.9966264593108997 0.010577839121866365 -0.08138679205455329 137.41413507693935
-0.08898608939945495 0.16186976955254864 -0.9827917651254503 -89.3406732643137 0.002031985502661565 0.9867336071868957 0.16233502235454225 11.62475418826855 0.9960307961746508 0.01244854019303378 -0.08813448200762965 137.33088157131724
-0.09597576565315709 0.161423360928176 -0.9822072851256721 -90.19307846319991 0.0007529588376213774 0.986773997058586 0.16210031394789529 11.74087295514821 0.9953833861685047 0.01481814008805497 -0.09482793504053334 137.24231061927176
-0.09980215121167714 0.15890755931459444 -0.98223618249696 -90.99005103889772 0.000415163038970245 0.9871713629334771 0.15966379628365343 11.852789492343755 0.995007215176439 0.015527002181219681 -0.09858779818056462 137.15872885698138
-0.10169084168983047 0.16377856831084223 -0.981241842400978 -91.84784363895297 0.001205277191046365 0.9863746174679303 0.16451036843276043 11.975435174785176 0.9948153195559999 0.01554652942108537 -0.1005026636445656 137.07198047021114
-0.10387751987592486 0.1640754585092177 -0.980963151591036 -92.77386032656077 0.0009496341193703339 0.9863148455468771 0.16487002046726068 12.107183639879224 0.9945896435512817 0.016194732749436166 -0.10261175162576709 136.97383964514393
-0.10640407708527604 0.16355982931751048 -0.9807784431834025 -93.69002233987231 0.0005366414606936878 0.9863874423297231 0.16443699592903532 12.2386849792667 0.9943228270514424 0.01697044041413753 -0.10504341843531581 136.87365042147255
-0.10839458016522245 0.1624474404900609 -0.9807453512859668 -94.64562847898472 -0.000431397990983482 0.9865504227245269 0.1634566527181641 12.375842612497753 0.9941078557614249 0.018140906820809176 -0.10686663938357992 136.76891843777074
-0.10991619327447118 0.16467405005195868 -0.9802045131989219 -95.6431480496948 -0.00021203050129114793 0.9861760095316321 0.16570103580644466 12.518774504694075 0.9939408360154617 0.018421060331782712 -0.10836179694494336 136.6613847755227
-0.11110642486205612 0.16495083268311467 -0.9800237676462347 -96.6685584189432 0.00012080758059598944 0.9861316083704255 0.1659651661592943 12.665238475183806 0.9938085065845936 0.018321401963300437 -0.10958548476052088 136.5497557090914
-0.11123789053984762 0.16010381321041747 -0.9808123677359142 -97.67125595831222 -0.0010948687017587051 0.9869171494145771 0.16122450636899838 12.812368150398967 0.9937932043291352 0.019008134755547565 -0.10960728918436077 136.43938213264562
-0.10941083637268666 0.1610426997088886 -0.980864168860655 -98.66364407771084 -0.0003950310689116969 0.9867811168108023 0.16205823476786518 12.964071243234182 0.9939965356250913 0.0181183988281156 -0.10790093043723717 136.33389614072783
-0.10750589626889012 0.1634974185798776 -0.980668688388255 -99.6894895972203 -0.0009000901004777164 0.9863689269178413 0.16454643675495836 13.11443958016049 0.9942040394734036 0.018572402339460836 -0.1058933131321684 136.22533929365477
-0.10574980500240987 0.16194488317560018 -0.9811171354915759 -100.70534620850337 -0.0010370905279081285 0.9866310090381973 0.16296679553670354 13.264473969247865 0.9943922280394133 0.018251214137860725 -0.10416808531073557 136.11851912277135
-0.1049172113769685 0.16197147902213396 -0.9812021294005964 -101.73479157783153 -0.0012363025255936152 0.9866254713383142 0.16299892902258872 13.41768173532626 0.994480191010834 0.018314455761178277 -0.1033137473777138 136.00974131281063
-0.10592518414908492 0.16268881536505908 -0.9809751295104774 -102.7772125484146 -0.002230053869542063 0.9864838722988181 0.1638432072258854 13.572022505031331 0.994371601677522 0.01954274928046802 -0.10413068101111851 135.89790365146777
-0.10709198376349553 0.16543936314977825 -0.9803882517320354 -103.8085955794057 -0.002987914363724671 0.9860009568765122 0.16671288314450589 13.723179687013154 0.9942446275345688 0.02078292951425408 -0.10509847981512972 135.78785964224485
-0.10831278132639552 0.16490605582397638 -0.9803439876665343 -104.80416561570054 -0.0025047843911806676 0.9860972150169108 0.16615056000821207 13.869304213970326 0.9941137095204419 0.02045177959172264 -0.10639387790205511 135.67944180007675
-0.10978200315528812 0.16459414674673878 -0.9802329716143643 -105.80317448881395 -0.00364684947497357 0.9861204953005782 0.16599117216600928 14.017193071854475 0.9939489988284702 0.021797605484362496 -0.10765803324893518 135.5673103913225
-0.11066566050358034 0.1638034498446696 -0.9802660564378902 -106.80870956297231 -0.004103122717961406 0.9862406577633979 0.16526502763252215 14.166552176987839 0.993849221949319 0.022311315366912332 -0.10847086815053372 135.45484266883938
-0.11312021437395862 0.1632128619720511 -0.9800843733000153 -107.78994016273887 -0.005339090874143885 0.9863017789408205 0.16486447454441788 14.313063335064765 0.9935669636258174 0.023882264236491802 -0.11069926036930437 135.34313423345174
-0.11611984857767138 0.16597334544711773 -0.9792696407871493 -108.78768210683556 -0.006178279530187651 0.985799539164311 0.16781268559163157 14.460585356378317 0.9932159934416807 0.02553658521652216 -0.1134454634929652 135.22546626171064
-0.11946278426497835 0.16448491757361455 -0.9791186624033179 -109.78055740574513 -0.006298563488390629 0.9860356181233132 0.16641540761045792 14.606287515463517 0.9928187001027131 0.026047488995552048 -0.11675854162922975 135.10593040134037
-0.12223320850743855 0.16242352475543304 -0.979120851245647 -110.77620070541806 -0.006855392542990737 0.9863566493954098 0.1644796759072037 14.75253820294004 0.9924777308993172 0.026817136302717367 -0.11945206096783284 134.98295436452963
-0.1244732110711066 0.16430749607811576 -0.9785241266612642 -111.81895876110333 -0.008048532514389275 0.9859941429360387 0.1665856272917565 14.906283730710555 0.9921903249125198 0.028611131196847123 -0.12140742284400971 134.85251854200757
-0.12612785485514505 0.1656305952986198 -0.9780890911009418 -112.90899924070156 -0.009656136945581931 0.9857113035712474 0.1681665395706201 15.068504039484296 0.9919669970563166 0.0306550471031057 -0.1227263005153283 134.71634376891345
-0.12733867230674967 0.16242066706566366 -0.9784704336080376 -113.98232352007042 -0.010095940760474114 0.9862378921996688 0.16502391332686317 15.230191270200546 0.9918079121056224 0.03089250555548912 -0.12394643433834143 134.582498289728
-0.12806981691003008 0.16424378898545045 -0.9780706006093509 -115.03794309217335 -0.010131286751520176 0.9859236169275163 0.16688912071587841 15.38852681731076 0.9917134056900656 0.03128257285236342 -0.12460305618381383 134.45192621547966
-0.12842745961033505 0.16420661015842067 -0.9780299467799124 -116.09697045209205 -0.010576992227889402 0.985913849076353 0.16691917036355533 15.546759228010348 0.9916625004775798 0.031781620155790426 -0.12488159899210959 134.31833015108333
-0.12996607841408556 0.16360783423630737 -0.9779270397315798 -117.13853861285388 -0.011087247079688405 0.9859908681798661 0.16643040833364536 15.702212423220843 0.9914564495800392 0.03247282621539118 -0.1263314060070861 134.18411162365052
-0.13239871139987672 0.1629700243809207 -0.9777071915317675 -118.1724972529844 -0.010753223747967592 0.9860966330722581 0.16582460137922367 15.854731276435421 0.9911382090297384 0.032468467731545596 -0.12880547039814422 134.04886008243346
-0.13449576782698847 0.1637322610374326 -0.9772935255757099 -119.16320490426328 -0.010923977827716664 0.9859495436903207 0.1666858242480862 16.000120909172633 0.9908539524799038 0.03309447072268098 -0.13081743332804371 133.91853935385038
-0.13680900818714004 0.16295706082903388 -0.9771019862863936 -120.07750106022573 -0.011990066169436129 0.9860317848916278 0.1661251260245702 16.13439313721446 0.9905248778259448 0.034442931196246494 -0.13294416458990202 133.79476198082213
-0.1396631934377714 0.1627648693433087 -0.9767301519388153 -120.99328239400248 -0.011915003173987828 0.9860501133962456 0.16602170511897266 16.267841831017876 0.9901273782186445 0.03482486437738039 -0.13577556379175698 133.66840880167953
-0.1410399677715962 0.16300619066488742 -0.9764920426178144 -121.9092960325009 -0.011989272544588234 0.985998145991643 0.16632472289136738 16.401692298319826 0.9899313030886728 0.03516586279278484 -0.13711082108717845 133.54105515434952
-0.14100712190845938 0.16327997682178372 -0.9764510436986448 -122.81213835367947 -0.012481970263107375 0.9859340309456568 0.16666819445111794 16.532963155811103 0.9899298924618062 0.035689435304058305 -0.13698566428000258 133.41432449868913
-0.14243706921147697 0.1594673203303749 -0.9768735102668598 -123.71382847146793 -0.01382422812093217 0.9865196816316696 0.163057684486828 16.662144017978537 0.9897073163472647 0.0367299809419384 -0.13831245955697344 133.2839146688403
-0.14498170751659956 0.15893826959922214 -0.9765853423753492 -124.66373529620273 -0.015856136765849998 0.9865138305043822 0.16290808804485357 16.799909575030014 0.9893072765387068 0.03910356352523546 -0.14050631269517377 133.14437768129824
-0.1461939199697499 0.1615103575623928 -0.9759824497212787 -125.6590780449155 -0.016241595486958898 0.9860574931932973 0.1656104788151541 16.948005714004434 0.9891226154223326 0.04006275723679888 -0.1415324243509906 132.9995514661372
-0.14720141571158685 0.16413214649525587 -0.975393449690619 -126.66251986030268 -0.014586976552605485 0.9856684051082466 0.16806253385694037 17.100737511292905 0.9889989703369553 0.038967084292020226 -0.14269759288166065 132.85723651730655
-0.14990086867520835 0.16281545157436372 -0.9752029831266184 -127.65150517439977 -0.014902601219641941 0.9858635667191085 0.16688600987728786 17.25080880443441 0.9885887122799379 0.039549419016086114 -0.14535543129922485 132.71037965724042
-0.15212957565505436 0.16133047637560052 -0.9751046454629555 -128.59681544406664 -0.015308404154580325 0.9860850136088873 0.16553549075106647 17.39497396699378 0.9882419971713673 0.04011013996956667 -0.1475429825453198 132.56555973820562
-0.15243806987934638 0.161097535755751 -0.9750949793865649 -129.5286307738878 -0.015719157916787723 0.9861056424315042 0.16537403072772194 17.53567282561976 0.9881880099079557 0.040536970017146005 -0.14778772322484132 132.423544989954
-0.15295487734795574 0.16017454075909382 -0.975166099691784 -130.46042491798508 -0.015917935996102226 0.986249995628776 0.1644918400281893 17.676034465397926 0.988104966493487 0.04068246077671378 -0.1483020990278129 132.28313036000375
-0.15395879523439698 0.16027378513618515 -0.9749917964619467 -131.39992317834344 -0.016824632257349124 0.9861883328013316 0.16477106540874045 17.81639023079106 0.987934016581764 0.04177183314922221 -0.14913582009690174 132.1393609765642
-0.15473796284487154 0.16178382838719493 -0.9746189797695317 -132.3838313508811 -0.017908801549939492 0.9858794220507155 0.16649636633869272 17.964458987804054 0.9877932160536754 0.04321756644381986 -0.14965561890223122 131.98847301385493
-0.15510251909272954 0.16005115579355927 -0.974847083444494 -133.39055108455003 -0.018113857501996775 0.9861621855151443 0.16479087361376393 18.114591222337637 0.9877323001388008 0.0432177207767372 -0.15005709537831605 131.83553125741938
-0.15543186716922336 0.15993312953782146 -0.9748139969986727 -134.40944894636803 -0.01828900910901938 0.9861720084093372 0.16471272560339817 18.267449627075425 0.9876772989261718 0.04342998855777651 -0.15035753815413502 131.68156908748415
-0.1565544096167289 0.15686688002381347 -0.9751325544669057 -135.45204470944276 -0.018971541549324223 0.9866469326748625 0.1617649864912788 18.421091364006234 0.9874871125441584 0.043824789729967915 -0.1514879215129848 131.52094197894834
-0.15781523114814472 0.15683975813931214 -0.9749336608633741 -136.49867803894702 -0.019201376765988768 0.9866318492926696 0.16182985228817753 18.574395769425976 0.9872819556479029 0.04425928408961129 -0.15269399406632453 131.36012953608284
-0.15874312415224773 0.1565274381887895 -0.9748332070813137 -137.50790718459544 -0.019332935185371703 0.9866708210575882 0.16157638593141868 18.720065454805848 0.9871306185867713 0.044495527501033826 -0.15360107382730867 131.20296610859285
-0.1590196297396939 0.1551747829169985 -0.9750043815820079 -138.459218071963 -0.019999332970722965 0.9868618551880908 0.16032375200026322 18.858974155597988 0.9870728362376184 0.04499406095673285 -0.15382701466402077 131.05375665862186
-0.15822136366425152 0.1570779723818451 -0.9748294777409194 -139.40558389438925 -0.020222919067205164 0.9865428104677507 0.16224770155163656 18.998023859484103 0.9871965526806836 0.045384950223570995 -0.15291557366265188 130.90937229239805
-0.15745007399601832 0.15638000899165735 -0.9750665449016382 -140.36663720670717 -0.019425794780526077 0.9867006980583282 0.16138268478479628 19.137656319843813 0.9873358662055143 0.044351158259658185 -0.15231829195875782 130.76438554960075
-0.15787846419700832 0.15657971870829857 -0.9749652210371532 -141.32994402917103 -0.01876842180918132 0.9866938090957308 0.1615025493140788 19.276375760936492 0.9872801714232828 0.04379633296731542 -0.15283894900524964 130.61702002879713
-0.1581431453879571 0.1562209557076147 -0.9749798759792964 -142.3180659273638 -0.01932889499996955 0.9867262143305967 0.16123824537275852 19.41879409332354 0.9872269948623184 0.04434400692997047 -0.15302440872132453 130.4625980807401
-0.15829809058276967 0.15715828182317054 -0.9748040772238488 -143.32170546968055 -0.01972735408722839 0.9865515244042569 0.16225572777671166 19.563703010511848 0.9871942797740305 0.04491507709023997 -0.15306890550144828 130.3058905207092
-0.1604637871884247 0.15349621791703894 -0.9750334784438502 -144.31930413401298 -0.01858229867162302 0.9871892385447227 0.15846799512067192 19.707275837122076 0.9868667950525173 0.04354673795649502 -0.15555581132224433 130.14871555794463
-0.16343337059852409 0.15415147583451877 -0.9744366864362438 -145.3369307631466 -0.017128578224218247 0.9871249104692202 0.15903151555319803 19.85456878861836 0.986405669683028 0.042681771626422046 -0.15868875570754057 129.98661654532856
-0.16752867490508908 0.15398175231675398 -0.9737678178282583 -146.361222618355 -0.0171911959755065 0.9871207076030754 0.15905084533611266 20.00038659274243 0.98571730524805 0.043385810752620185 -0.1627238936353877 129.81504191847404
-0.1705071468427179 0.15471795464014104 -0.9731339411342759 -147.3953632310353 -0.016324767559806944 0.9870167639448756 0.15978551140795139 20.148334472966667 0.9852212009694445 0.04313075705055032 -0.1657676776593439 129.64230030609272
-0.17263417496735076 0.15354094779697253 -0.9729453319601007 -148.41059333804515 -0.01620687868384824 0.987199284565706 0.15866603176572378 20.29173983615608 0.9848526685330501 0.04315958645031307 -0.1679359145054108 129.46926898942283
-0.175300754562324 0.1535123446015175 -0.9724729330448361 -149.38283047978723 -0.015565984510632248 0.9872129556435941 0.15864513965341237 20.42818790396742 0.9843918658624193 0.04294811130167355 -0.17066960525976588 129.29960332826215
-0.1774646457174981 0.1527158548200239 -0.972205825536421 -150.35785532102022 -0.015798379675523635 0.9873169864846125 0.15797335027962306 20.565772863623756 0.984000361138141 0.04339396139475986 -0.17280119616044048 129.12655200515078
-0.17824947967143803 0.15276059613518708 -0.9720552058732495 -151.35228169835355 -0.016241495915238397 0.9872843735884618 0.15813215826792124 20.706493332847497 0.9838512777891271 0.0439746055861551 -0.1735018652817457 128.94779963541126
-0.17848448211761286 0.15211570448816938 -0.9721132146469756 -152.3180779200163 -0.01713635931355677 0.9873470250496956 0.15764579701022505 20.843905354304542 0.9837934919649984 0.044795809777035706 -0.17361941306701636 128.77440675659557
-0.17860873410266492 0.1513296127483905 -0.9722130776777625 -153.2859060689585 -0.016551849943615523 0.9874996327567859 0.15674983753948185 20.981767207499495 0.9837809493813594 0.04408881502866824 -0.17387127429129898 128.60260608013812
-0.17958387697039097 0.14932190493276146 -0.9723438691324875 -154.28713851413687 -0.01658886174369066 0.9878126162514224 0.15476125109524536 21.123891004872497 0.9836027860871142 0.04392270348883646 -0.1749181389104611 128.42385410320225
-0.18056479728059555 0.15055954748203676 -0.9719712838582335 -155.31533858800194 -0.014816809923272906 0.9876859560538627 0.15574631410618212 21.268855165720144 0.9834514813282433 0.042523815397589766 -0.17611050223458133 128.24217846210266
-0.18260075766207678 0.15140115596799575 -0.9714600626236731 -156.34295519752496 -0.014201852695875608 0.9875631270514195 0.15658025887200186 21.411944694478144 0.9830845694451934 0.04238820661425921 -0.17817959832367597 128.05565625975555
-0.18513846486101895 0.14815713479995024 -0.9714799083031904 -157.34588257479575 -0.015023676546459882 0.9880276130241751 0.15354388638032748 21.55024613370881 0.982597597173906 0.043022079326980246 -0.18069605064430772 127.86680065208813
-0.18535911020111143 0.15071228057134892 -0.9710446996665169 -158.322329224884 -0.014341277612351603 0.9876486930762146 0.15602687852189878 21.685943377608535 0.9825661952366869 0.042847024982196225 -0.18090827628463316 127.68665593814109
-0.18500145427672168 0.1522411388958976 -0.9708743984384276 -159.25780803983602 -0.014511226840269224 0.9873968645407033 0.15759713255886004 21.81481379629122 0.9826311038284357 0.04324427734238039 -0.18046065018736573 127.51300896013348
-0.18493455428482575 0.15027005379269998 -0.9711941729461788 -160.19993041295123 -0.015591849506658605 0.987667464252404 0.1557879144419899 21.944543950848576 0.9826271443739157 0.04395328190661262 -0.18031085421904886 127.33603094764105
-0.1851749452792436 0.14958089787647794 -0.9712547526943157 -161.20478683311993 -0.016149547608651765 0.9877509876200937 0.15520044641547362 22.08567562128074 0.9825728633301791 0.044424559041065716 -0.18049107125046834 127.14831573258672
-0.18624960061136345 0.14981717271718012 -0.9710128222794685 -162.21496042522273 -0.017408419181691188 0.9876473824132993 0.15572281449341133 22.225377217055733 0.9823482240090343 0.04590711024651336 -0.18134085037605877 126.95787240462849
-0.1871827585539416 0.1496873388053471 -0.9708533954730294 -163.19625554015158 -0.01797269918584411 0.9876345872335457 0.15573986061376854 22.360340032018172 0.9821606777834845 0.04660067275688373 -0.1821778809693802 126.77256087342542
-0.18780466194669437 0.15029369062291817 -0.9706395909450792 -164.16533753277903 -0.018711913091801705 0.9874968319913948 0.1565243467176941 22.493338582797207 0.9820281428042347 0.04755852569097007 -0.18264422622839305 126.5898407191036
-0.18779802548733815 0.1503485940586996 -0.9706323721613812 -165.1334564544978 -0.019362383462890154 0.987456304089769 0.15670081563287028 22.627043300141878 0.9820168021626181 0.04822185995939189 -0.18253123703181193 126.40752211906592
-0.18649741407212497 0.15017394401950343 -0.9709101405804957 -166.1084372091801 -0.02042029646307093 0.9874425015210425 0.15665349559528943 22.762728051246867 0.98224321124494 0.049041744743536175 -0.1810888766206776 126.223588375075
-0.18498966210150095 0.14948868504414475 -0.9713042561212968 -167.09548794797684 -0.021619678991389186 0.9875046876158159 0.1560995881387789 22.900359487435626 0.9825026281877738 0.049876096284288754 -0.17944626110219844 126.03900092158092
-0.1838333359013555 0.14883107684681374 -0.971624729602946 -168.09798625607215 -0.0219673591905643 0.9876018900409196 0.15543468698393406 23.040569934847987 0.9827119312095347 0.04991810645666251 -0.17828472426489317 125.85520885350003
-0.1838421596668182 0.14945652713527635 -0.9715270489418724 -169.08880246123704 -0.02226225176351273 0.9874864936749345 0.15612436374890126 23.178143252738373 0.9827036442770828 0.050330619966812505 -0.1782144108042276 125.67371086366288
-0.18511254604461336 0.14862794201368504 -0.9714129297830343 -170.09823699881142 -0.022053701666863976 0.987619559456942 0.1553101413973419 23.318433944786165 0.9824698364528405 0.05017310664938027 -0.17954297488200383 125.4872951229158
-0.18644925715887675 0.14885500775220376 -0.9711224748567995 -171.0838354358999 -0.022705159558930873 0.9875385943520594 0.1557305377713696 23.454658779010593 0.9822021941709904 0.05108533382731181 -0.18074606063050272 125.30426675965386
-0.18749527420268172 0.14868599974019472 -0.9709469581974707 -172.03044600763153 -0.02396257565563866 0.9874905556871638 0.15584671121522567 23.584941872011534 0.9819731753564405 0.05248691179630409 -0.18158691299341423 125.12670701183333
-0.1883290043745148 0.14787121280178253 -0.970910032153255 -173.00844260688305 -0.025029038677147092 0.9875563010614348 0.15526139074719184 23.720356581392913 0.9817870101677875 0.05354116788401518 -0.18228442063822575 124.94195864169488
-0.18845300185877517 0.14766384018432688 -0.9709175332603871 -174.00138625613084 -0.02640492386541664 0.9875123808583061 0.15531283799872825 23.858732968045906 0.9817271749758582 0.05490617409340474 -0.18220062008771126 124.75536153064758
-0.18865235989911192 0.1484845109968989 -0.9707536438759882 -175.00458163971314 -0.02585239809817837 0.9874097930608157 0.15605625293517825 23.997329448384477 0.9817035910177115 0.054536690049973496 -0.18243850695871106 124.5692852934817
-0.18927979845183793 0.14696547734610987 -0.970862660918867 -176.00735222748892 -0.026204232646166368 0.987627682696313 0.15461209061174483 24.13446477053773 0.9815734797199128 0.05470565638340258 -0.18308685116688111 124.38092918446003
-0.1899848785160169 0.14773227026598254 -0.9706085319310326 -177.00065576492582 -0.02523619701413502 0.9875526708825284 0.15525094715667997 24.271646350432416 0.9814626229742622 0.0539898004704704 -0.18389187352800704 124.19377194026023
-0.19106868179332082 0.14927447058129376 -0.9701597246177759 -177.97066976288403 -0.02442537564169079 0.9873396710035439 0.1567283480656063 24.40461651024531 0.9812727245075785 0.05364239457076871 -0.18500360440323524 124.01090374688435
-0.19256285027395623 0.14979970960796987 -0.9697832725386324 -178.9443974126563 -0.02528727363077668 0.9871935525779998 0.1575101378983205 24.539596243859073 0.9809587669656116 0.054853776075979056 -0.18630877800982434 123.82346684628091
-0.19362852724065693 0.15145866648314513 -0.9693132959914267 -179.93339496454485 -0.025674340721476972 0.9868908452085221 0.15933388802173964 24.677815235408552 0.9807389161581855 0.05573806590431903 -0.18720161949650407 123.63210554672635
-0.1953055777030677 0.15132378018928166 -0.9689978559663062 -180.9240967759029 -0.026890667598607018 0.9868270896814919 0.159528013423523 24.81712824819832 0.9803737161481701 0.05721371007005681 -0.18866363737044575 123.43899107050512
-0.19836935606354933 0.1524651218507537 -0.9681962534496655 -181.91395770341808 -0.027467259026749766 0.9865742727852751 0.1609868129995775 24.955067139674902 0.9797423887208775 0.05852854771167995 -0.19151830420685947 123.24558651794959
-0.2032727524545745 0.1522211211990477 -0.967217099916274 -182.9049858636111 -0.027016050823818243 0.9865930195184726 0.16094827378790313 25.091803483219874 0.9787493658273435 0.05884678494468376 -0.19643506508321718 123.04732462386532
-0.21544974263766234 0.15142474698541616 -0.9647030394881987 -183.86609859853598 -0.024888352778708333 0.9867316268299985 0.16044085050069143 25.224916785600044 0.9761977147552275 0.058576809522416215 -0.20882236253056496 122.8406315968143
-0.2391867878806809 0.151714219027632 -0.9590476923741379 -184.73863809677584 -0.022129529958367984 0.9866092778437675 0.1615933686028581 25.34602177220061 0.9707213629086077 0.059874273418833786 -0.23262653970564623 122.62573019257727
-0.2685104831100727 0.15485815794133714 -0.9507476381138227 -185.5289360432062 -0.01910048635363168 0.9859432464267863 0.16598519887767746 25.456042786949624 0.963087374998266 0.06272850822730741 -0.2617782312846625 122.40199337031349
-0.29921105678039445 0.15556872022893498 -0.9414197346490523 -186.25938282135377 -0.01507010427667693 0.9857262752208777 0.1676800593280627 25.558499947323696 0.9540679406926167 0.06435902132183174 -0.29259576366900125 122.16951546719342
-0.33477267242002073 0.15548491498973982 -0.9293824288264718 -186.9358920119903 -0.010211569321379642 0.9856360352560188 0.16857440451263284 25.656495072738743 0.9422435893402262 0.06592455699834152 -0.3283762645682844 121.92209599864488
-0.3745237659862994 0.15632342289972093 -0.9139447117656274 -187.58689425905908 -0.004429369595331611 0.9853726709124206 0.17035574573200812 25.753425952737054 0.9272067349822414 0.06785047436706504 -0.36835306939366774 121.64838720099497
-0.41686962576879866 0.15654968191655544 -0.8953836675990958 -188.2063630194843 0.0019723899354929307 0.9852105422150007 0.17133679460747772 25.84974285904664 0.9089641493421647 0.06965905971406766 -0.4110131270536591 121.35151209991888
-0.46262597633579094 0.15799869487099116 -0.8723609450442064 -188.76863781663806 0.00877285622434307 0.9847589352602175 0.1737034151041026 25.940920800370932 0.8865101482854127 0.07270661485879186 -0.4569611637138888 121.03737373987875
-0.510461665594694 0.15949800122069482 -0.8449788610165909 -189.28313421576314 0.01682499012362165 0.9843117019488582 0.17563425951072523 26.02913411726043 0.8597358941358866 0.0754377956540624 -0.5051369431364374 120.70771774435792
-0.5578622679743522 0.1604599714650469 -0.8142740862436613 -189.77498543874347 0.02559453069261157 0.9839912475734348 0.17636934171646398 26.1203925920953 0.8295387935287526 0.0775488378785286 -0.5530384867028262 120.35070424890866
-0.6024218024949962 0.1624205084174057 -0.781477798996307 -190.23413947861724 0.03470361694766437 0.9834812298673014 0.1776522712195061 26.20887926123191 0.7974231190838594 0.07990149525591324 -0.5981071143252177 119.98576404309442
-0.6410421611625076 0.1630833553443653 -0.7499791775921025 -190.65958716220138 0.04204782004568551 0.9831591864474394 0.17784823567697788 26.292526938629333 0.7663530051102487 0.08247322785990506 -0.6371037892250053 119.59954081183746
-0.676556320635792 0.16260031527447208 -0.7182149277760823 -191.05858685786453 0.049043647127659025 0.9831013328329142 0.17637032079849607 26.371917813583803 0.7347559225240575 0.0841005758291176 -0.6730979330387464 119.21762732968452
-0.7110980715783758 0.16262617361258938 -0.6840265055198115 -191.3615594189804 0.0553933160575287 0.9828165283747102 0.1760774036883566 26.435295114818622 0.7009073498927428 0.08731780579933185 -0.7078873410767587 118.88557893994219
-0.7379688793689855 0.16523983935162828 -0.6542917763306624 -191.58859696001372 0.06013382986575716 0.9818033904439685 0.18012780190299324 26.484119306446498 0.6721501733902641 0.09358364175311853 -0.7344768521932211 118.60063296964438
-0.7607376053588458 0.16720571141220866 -0.627152729296483 -191.83637089594748 0.06211593389515917 0.9805684937496073 0.18608342167414604 26.54144227208579 0.6460804180202517 0.10260447912622131 -0.7563414667423798 118.25329269324024
-0.7842179372289224 0.1664703510262683 -0.5977372743585652 -192.15288793080532 0.06513106783093613 0.9801012639324367 0.1875085503150235 26.618478147450215 0.6170576722897286 0.10811630157950682 -0.7794553832010861 117.81975381845668
-0.8092221723974594 0.16464039707559402 -0.5639618917543355 -192.45990738220019 0.0687283879685883 0.979868558413832 0.18744070240808774 26.70198299519397 0.5834688375462549 0.11292098070238754 -0.8042468325891212 117.34916353345562
-0.835399984790379 0.16516269701172165 -0.5242405449104928 -192.71521930399595 0.07463135240959783 0.9790367087331973 0.189518558960284 26.77925658008858 0.5445521340053231 0.11919902041830127 -0.8302135670305365 116.89812137076645
-0.8616193455293641 0.16506240078490597 -0.47996511045770296 -192.9046850313649 0.08273247849811369 0.978668729427234 0.1880501397043936 26.84321262383779 0.5007668523485873 0.12231893511801849 -0.8568959316629314 116.49365208222913
-0.8861075621191283 0.1654598175552349 -0.4329392995904682 -193.0790664936958 0.09338606947257252 0.9786867663173309 0.18289684377754928 26.90767775435817 0.453974041530748 0.12163577685004497 -0.882673386596835 116.10729447892103
-0.9058657884815616 0.16688484273451185 -0.3893027389117079 -193.2831664448953 0.10295764757459272 0.9782999385994695 0.17980253875343233 26.995158672731005 0.4108611639770627 0.1227952743461693 -0.9033905160746726 115.58485033931169
-0.9222450541832575 0.1683041382662296 -0.34804852689960275 -193.49814064033092 0.11127386263539059 0.9777285872846427 0.17794644447298247 27.09211688891059 0.37024611750661535 0.1253815243520274 -0.9204332055192491 114.98380404550802
-0.9388264812847961 0.16949765640749592 -0.2997922322388895 -193.6525812014552 0.12070010076880718 0.9772269559058164 0.17452496189786298 27.171379781743937 0.32254662254131583 0.12766370323399429 -0.9379049286381713 114.43789363631365
-0.9512757405245105 0.17036808570401513 -0.25700035187348447 -193.81490294292433 0.12906399943835137 0.9769699459425091 0.1699182414400149 27.26314615055949 0.2800302653973729 0.12846960768461735 -0.9513561953142672 113.8144511233416
-0.9604964937556703 0.16833853572565743 -0.22160465444752414 -193.96523795847708 0.13272815376766375 0.9770021030573345 0.16688357564173922 27.360175942187794 0.24460115020271833 0.13087791261815881 -0.9607503574333041 113.13073353480924
-0.9682718282410172 0.16554460136211527 -0.1872021677082231 -194.08314716856492 0.13513432289053617 0.9769916554619571 0.16500309068202285 27.451562637119654 0.21021032660579722 0.13447040610320937 -0.9683642540236204 112.46458628642725
-0.9739487620347634 0.1618973306016708 -0.15878621878175297 -194.19648568939297 0.13596555728974602 0.9772999930650228 0.1624748927865291 27.55477327720158 0.18148602194616106 0.1366527639645784 -0.9738525791612402 111.70095692228175
-0.9771716094001194 0.15867320348152475 -0.1412744148078226 -194.31624840073073 0.1356355157782186 0.9777537810445321 0.16000172034292795 27.672574990770865 0.1635195787725706 0.1371873104555618 -0.9769549576147363 110.8276606956277
-0.9783014127685651 0.15720844438743303 -0.13495129042848933 -194.4355414527697 0.1351127277102425 0.9778779334628841 0.15968499634297473 27.793102786334288 0.15706971886945365 0.13798642056246507 -0.9779002255622145 109.94342226734295
-0.9786317771967574 0.15776110616272376 -0.13187599494612984 -194.55399698646582 0.13603514283624815 0.9776836667885761 0.16009087297021307 27.914844529662034 0.15418911950666186 0.1387302457186509 -0.9782533589763972 109.06230555489415
-0.9792037032953241 0.1574851056965447 -0.1279005431437749 -194.67306970340178 0.1364198447819552 0.9777325532834203 0.1594637269085032 28.042724271309694 0.15016568650125087 0.13869929968687908 -0.9788834306821104 108.13744989226383
-0.9796972903394807 0.15751172697149687 -0.12402933188539476 -194.79069193678075 0.1367322777311397 0.9774010096007104 0.16121895253959867 28.172525044353605 0.1466202698399354 0.14098695790025276 -0.9790940578790669 107.1996053570027
-0.9801396075969653 0.1573735973619435 -0.12066441262041352 -194.90378694385385 0.13711330723351986 0.9773868251468157 0.16098116352205058 28.29898888102235 0.1432699919702487 0.1412393177652307 -0.979553553675376 106.27755457208374
-0.9804059412157692 0.15792387935043653 -0.11774650211251421 -195.0088970302483 0.13823635631179454 0.9774057050770305 0.15990246238413686 28.419159265556214 0.14033852009502717 0.14049247671594592 -0.9800851818917363 105.40392125080493
-0.980582074372285 0.15780966143146014 -0.11642553920268642 -195.10286775097936 0.1384075533197369 0.9774922192235598 0.15922408907399432 28.526757145088514 0.1389321582780342 0.14001811352923996 -0.980353397137951 104.60274611215559
-0.980663113592371 0.1576787014372431 -0.11591930276007834 -195.1976585516941 0.13834804144712423 0.9774994179944483 0.15923161510283926 28.634525484637575 0.1384184852794704 0.14011536294631938 -0.9804121623069347 103.80125374003195
-0.9805334840582686 0.15834334100949932 -0.1161097454932356 -195.29424642114978 0.1390496235708454 0.9774759932788466 0.15876361279694276 28.74085198680378 0.13863364968636194 0.13952802199372322 -0.9804655232353451 103.01004144115193
-0.980476546003877 0.1580103425842818 -0.11704048176894447 -195.4018641171949 0.13891158078897867 0.977865415208298 0.15646981326188486 28.85947654386722 0.13917368809877811 0.13715670372205685 -0.9807235712294697 102.14901755704832
-0.980405867909663 0.15899618420984457 -0.11629508835290936 -195.52452942355046 0.1399276767146183 0.9776399809756126 0.15697233159780816 28.993492167616424 0.13865272971547038 0.1376236934714087 -0.980731940714555 101.1690283050725
-0.9805683342416543 0.15946605507687167 -0.1142642514558626 -195.63939133959636 0.140901963514814 0.9777541216147931 0.15538183401850292 29.12119676457587 0.13650047091573964 0.1362624487652552 -0.9812238106040225 100.22315820396093
-0.9811151177636812 0.1586696707370063 -0.1106212515015501 -195.74427931248457 0.1407290577246573 0.9779144923733245 0.15452694884114074 29.244846085859216 0.1326968651004592 0.1360411011218027 -0.9817761255999655 99.30650140787519
-0.9816627094914263 0.15783853845933463 -0.1068892911894081 -195.84495021576353 0.1404048484331464 0.9779461437259979 0.15462153313143187 29.366186789843 0.12893720692809468 0.13677841843094452 -0.9821745572560472 98.38026913700627
-0.9820389687573216 0.15710607302300228 -0.10448514564926945 -195.94513653773652 0.14017725116329005 0.9781843967645366 0.15331544013145862 29.49086043645319 0.12629252590063303 0.13591529621676193 -0.9826378937105718 97.432000331696
-0.9826007648291747 0.15570120413955368 -0.10125646639407997 -196.04384835462855 0.13933875767161572 0.9784477674102595 0.15239644700716964 29.618525463655292 0.12280247378474647 0.1356359151529249 -0.9831187369554993 96.45321813189017
-0.9831199195978375 0.15454657955410914 -0.09793149870224821 -196.14015704662768 0.13848289088974552 0.9783580919763645 0.15374632611931227 29.747571490445875 0.11957304303546865 0.13758923872342851 -0.983245385835472 95.45912808727617
-0.9834427011573592 0.15400804463181447 -0.0955090348030165 -196.24153104830825 0.13810254009698236 0.978170399301225 0.1552751053763714 29.88838700337333 0.11733772606915609 0.13951412874532462 -0.9832434418399919 94.39459672576382
-0.9837957595057552 0.15334757024098628 -0.09290008761934528 -196.3445174397637 0.1372197300465115 0.9774745313701236 0.1603567466891225 30.03802859161718 0.11539778708649015 0.14501056245647345 -0.982677611178559 93.30394113593975
-0.9840763297088033 0.15291533777203598 -0.09061278486459093 -196.44396147352293 0.13686651000844346 0.9771519635450551 0.16260872848082844 30.187534752353184 0.11340782929304881 0.14761754507546654 -0.9825211064607885 92.23315074186351
-0.9843768593178384 0.15183687694165296 -0.0891502195182695 -196.54302806564397 0.13611664550482766 0.9774062690728612 0.16170727872789978 30.34050443910144 0.11168911162715701 0.14704607433615843 -0.9828036397807358 91.13974316583332
-0.9843477151115633 0.15206133773812963 -0.08908942316536139 -196.64172571028595 0.13658644715068216 0.977685376866992 0.15961029514164082 30.49181970173362 0.11137198125830583 0.144943621542096 -0.9831518846876418 90.06523325473566
-0.9843137364671997 0.15243480155426986 -0.08882623191992488 -196.74155590553192 0.1369046188674959 0.9775087863339956 0.16041726207794574 30.642927462692644 0.11128159566939971 0.14574019320334766 -0.983044354314862 88.9909952086759
-0.9843279845068443 0.15282160849215587 -0.08799985735536957 -196.84282883443015 0.137518004858138 0.9775793606431946 0.1594596876463758 30.799223091501414 0.1103957302459314 0.1448590681397369 -0.9832744444564576 87.88691934660643
-0.9844097708270408 0.1533831567408888 -0.08608722511763492 -196.9401278270588 0.13824180770159908 0.9773086939782664 0.16048962358323746 30.955929760190738 0.10875019863728373 0.14608669995141652 -0.9832761923252576 86.7919640218558
-0.9846071110882159 0.15319009150331866 -0.08415243703972167 -197.0275013914925 0.13838449327450694 0.9773620848828823 0.16004089182000755 31.10005328712649 0.10676408017529854 0.1459320077933226 -0.983516792071052 85.76841718687825
-0.9851973725995454 0.1509372723616753 -0.08126547135759174 -197.100180621654 0.1368869431935347 0.9780548697281095 0.1570688912046585 31.226511236214833 0.10318964001334767 0.14361967697063097 -0.9842384297418834 84.8349277035655
-0.9858298203050161 0.1494464256587674 -0.07619272442431718 -197.16660943906214 0.13607438493948165 0.978055777312418 0.1577677350700815 31.344119898096043 0.09809855840288043 0.14516425980116548 -0.9845323816491042 83.94700160498947
-0.9861077755760939 0.14978779799642017 -0.07179881976574254 -197.2352274767454 0.13714828439305615 0.9780603668075271 0.15680646341387508 31.468923426594756 0.09371127486280122 0.14478098788069269 -0.9850160722099311 83.011341283205
-0.9865269566402128 0.1495383345630926 -0.06635397741129072 -197.30364591203582 0.13768130549925145 0.9779583652247377 0.1569754566898291 31.600592702142514 0.08836527563598394 0.1457248173203703 -0.9853709228908282 82.02693131407572
-0.9870724630383556 0.14832515693455642 -0.060725616767021484 -197.36233935068861 0.13741940695896845 0.9782110708978388 0.15562457185145542 31.730370284230876 0.0824855096513411 0.14526785120336397 -0.9859479662255595 81.06293874141365
-0.987440437053969 0.14765687250734597 -0.05620348095997018 -197.41528272908667 0.13722940658267502 0.9778543142366688 0.15801591722893324 31.857103102875907 0.07829095247623022 0.14831853603000425 -0.9858357564170018 80.13062705786899
-0.9877891891061855 0.1463959860290164 -0.05329852868080022 -197.4680772655954 0.13642556026886007 0.9779905000037531 0.1578690862953763 31.98979432743254 0.07523685526571265 0.14867009509986012 -0.9860205973673806 79.17535598659107
-0.98779449313087 0.14686167350995769 -0.05190075331037107 -197.5248587501115 0.13711182901377011 0.9779299659882674 0.15764938302031167 32.13442820050418 0.07390795413775292 0.14860898517936572 -0.9861303077378425 78.15646498012534
-0.9878726797927847 0.14728835587971006 -0.04912950988230787 -197.57953863460895 0.13797092753723977 0.9778600840931773 0.15733301971232297 32.28242538675279 0.07121510846398921 0.14864654775519154 -0.986322772811683 77.10871649597402
-0.9880049528671744 0.14723633597337943 -0.04655829119575071 -197.62861058952387 0.13833763151493175 0.9778872435464346 0.15684144419124466 32.4263038747921 0.06862151861313802 0.14851935994438764 -0.9865257659609998 76.08708690799386
-0.9881784009282633 0.14634991188438456 -0.045663456179915234 -197.67520973096308 0.13755169646682155 0.9778996219637275 0.15745431134871674 32.56530120447724 0.06769770112759847 0.14931186374375013 -0.9864699633579359 75.10079133634889
-0.9882251652967183 0.1460066163477399 -0.04575030772529253 -197.7218886108451 0.13731236068485833 0.9781982292748472 0.1557996785834458 32.700270645424844 0.06750065390369585 0.14768308036548275 -0.9867286199844094 74.13204226473523
-0.9882362225645877 0.14624918599319436 -0.044725205506559666 -197.7693096689881 0.13766069922169347 0.9780459214001372 0.15644713970651933 32.8398453771179 0.06662357166251662 0.14844982731173814 -0.9866731720635997 73.1414375478692
-0.9881786548986473 0.14717988702291315 -0.04290718889211711 -197.8154057751059 0.13876159352605305 0.9776685979118472 0.15782690777935582 32.9792696932493 0.06517795766063722 0.15000731153182328 -0.9865341556794595 72.1403081254917
-0.9881647163873335 0.14740749988818475 -0.04244434313140699 -197.85691812718963 0.13914492900272854 0.9778311773353286 0.1564764434789804 33.111003173904464 0.06456920334004071 0.14871858528011836 -0.9867692741326687 71.19585939574495
-0.9881495472000299 0.14738620616345008 -0.04286932004501374 -197.89732365368292 0.13891583452530468 0.9775106333233546 0.15866742784173407 33.23375611591988 0.0652906064186501 0.15083191960761763 -0.9864009675284019 70.30450942334856
-0.9881266658115748 0.14722094759063936 -0.043950937448655164 -197.93702097949696 0.13884750214397068 0.9781397499156438 0.15480310327426106 33.35209997568281 0.06578041851859497 0.14686259641404892 -0.9869672306181417 69.43388290123632
-0.9881706391703452 0.14716770601741383 -0.04313298259156837 -197.97847484207333 0.13905516115024696 0.9784449128846198 0.15267355569216068 33.47773099350959 0.06467186435499907 0.14486966126757048 -0.9873349640345314 68.50783490034334
-0.9882272313257039 0.14717180230756474 -0.04180191229929319 -198.0183309572072 0.13926392618979527 0.9784424819529745 0.15249874875521507 33.60314300070587 0.06334428252445545 0.14488191783395937 -0.9874192279656181 67.56635056842649
-0.9882484530066266 0.14752409534189448 -0.04002045006701096 -198.05533323502556 0.13981030715193693 0.9782109816320133 0.15348079172526402 33.719112350847524 0.06179055869703402 0.14608188357249696 -0.9873408783939929 66.68507129692873
-0.9881847423179628 0.14830675495542073 -0.03867843694586588 -198.09183549498476 0.1408781876085899 0.9783039171108302 0.1519038578237055 33.83362047773501 0.060367634590909165 0.14466012650415627 -0.9876381910870506 65.80242196834934
-0.9882370645777943 0.1484953007957818 -0.036560222048504995 -198.12586770106145 0.1413532318945103 0.9781853059383501 0.1522260525641817 33.95293221508494 0.058367525454164466 0.14526752179295493 -0.9876692660422782 64.88801825830848
-0.988318471792076 0.14863307889604524 -0.0336868842794735 -198.16161156593046 0.14185691796547892 0.9779696356138248 0.15314048009163944 34.08106948153686 0.05570649100340161 0.1465728476739282 -0.9876300862088221 63.91015395476896
-0.9880595170651051 0.1507838229641429 -0.03166432486869767 -198.1997839679239 0.1443982552672255 0.977928511864859 0.15101314365830346 34.21829509007111 0.0537357852166842 0.14463770052825223 -0.9880244941159343 62.860747870661726
-0.9881254050795862 0.15063920398589065 -0.030265724157901477 -198.23501510040353 0.14449323830207111 0.9780173492847299 0.15034549738203404 34.35215135429931 0.05224832936358697 0.14418701300938194 -0.988170135836005 61.83485380207643
-0.9881112446189984 0.15078734492631796 -0.029989079138362348 -198.26721430638293 0.14468358958347619 0.9780002185768276 0.1502738545752967 34.47994266071492 0.0519887214954897 0.1441483578600497 -0.9881894675433035 60.86344847891272
-0.988117160959185 0.150893666524353 -0.029250258474043802 -198.29831631819243 0.1448463586302071 0.9778302781042639 0.15121997094996123 34.61168292270425 0.05141992424664258 0.14518625494644868 -0.9880672764367295 59.884683556223365
-0.9880322065557289 0.15169033493316025 -0.027971433579349145 -198.33094959803438 0.14582131782186705 0.9776870984657999 0.1512087324271293 34.74827677062546 0.050284213002813494 0.145320266244564 -0.988106025759027 58.87080801497853
-0.9878712486709168 0.15288635488862568 -0.027132241673582202 -198.36494165228294 0.14708336763238586 0.9773636421667388 0.1520749615698896 34.89256536526983 0.04976825308648965 0.14623978070086247 -0.9879964815348711 57.80870332982733
-0.987722125712214 0.1537031986795048 -0.027934371198128232 -198.39920539314218 0.14774589805853275 0.9771779514938159 0.15262503307526978 35.03576786108415 0.05075580740588991 0.14662393334663476 -0.9878893005719517 56.74409449610843
-0.9875410673560931 0.1547618994859552 -0.028484991709461633 -198.42991454881238 0.14868228722274107 0.9769452057273293 0.15320457719206743 35.170329972708366 0.05153850746192922 0.14706059796520984 -0.9877838644028933 55.74403263523663
-0.9875299879106668 0.1548804277257389 -0.028223679502347224 -198.45943459914596 0.14883132025961363 0.9769022367293623 0.15333381226249146 35.30366239015086 0.05132018206260944 0.14722117028695628 -0.9877713125680466 54.754423339639295
-0.9874400373568124 0.15557494506214517 -0.02754285921411422 -198.49176227354846 0.149608654032858 0.9767526341750025 0.15353026499902217 35.44398086281782 0.050788022832697725 0.14748128051079576 -0.9877600157101134 53.710589661452666
-0.9873393783554207 0.15647897269890693 -0.02598620887753841 -198.5240689386948 0.15074528933415907 0.9766167821599682 0.1532824795828595 35.59209473780449 0.04936405263238635 0.14742452952817572 -0.9878406746035037 52.60346648045929
-0.9872893234097279 0.15688892202392168 -0.025409801796444312 -198.55636726552922 0.15127666733256265 0.97666384535735 0.15245688929185008 35.74142039144363 0.048735631748403084 0.14667514894475556 -0.987983420346779 51.483560916523885
-0.9871860267395328 0.15752351459133232 -0.02549688139772817 -198.59231599410435 0.1518159187544112 0.9763407671095252 0.15398257463991802 35.896988354106014 0.0491495210858615 0.148138613571136 -0.9877445397197874 50.328293120956076
-0.9870879277308416 0.15791733683248946 -0.02682419907038677 -198.6307598929828 0.15206782506992728 0.9764836134842166 0.15282385015209185 36.06070929596041 0.05032692625757798 0.14677147994260067 -0.9878893324502119 49.121874414749215
-0.9870589001958481 0.1578590333089524 -0.028200233100574755 -198.6684399870258 0.15179658797061304 0.9764915473021032 0.15304265394988517 36.222524274615814 0.05169645466222658 0.14678141452618437 -0.9878171353671948 47.92925474317127
-0.9869614472458926 0.1583375708856124 -0.028919116451539252 -198.70365014396765 0.15216068641145997 0.9764239765550494 0.15311219258836903 36.37191859682754 0.05248073133148388 0.14671547857832953 -0.9877855744970395 46.80252612026647
-0.9870863772611904 0.15758567125453657 -0.028761780901691788 -198.73530350504723 0.1514402981395515 0.9765370182919019 0.15310547999652294 36.50303632336773 0.0522141736005041 0.146772640913827 -0.9877912086845071 45.79159403154913
-0.9873481608756961 0.1560505287514017 -0.0281396817997181 -198.76284874217166 0.14997595197157482 0.9766509120017601 0.1538187567117564 36.62516529039453 0.051486144209887764 0.14765239098144908 -0.9876983083876686 44.83834318038369
-0.9876115277141657 0.15456610956953923 -0.027070059080646722 -198.78993357513912 0.14864794610596352 0.9767981321200746 0.15417262145145033 36.7592294476114 0.050271845446244696 0.14823874952005955 -0.9876730302565521 43.815144760454324
-0.9878567255190712 0.1531774092848123 -0.025995598310719268 -198.81717519961902 0.14727573100193486 0.976499592522291 0.1573480373619121 36.90325631618211 0.04948685587693902 0.15160879621114728 -0.9872010048651815 42.75348163628044
-0.98810578657376 0.1515701148506506 -0.02595100814250192 -198.84571305807552 0.14556178533505612 0.9763282703451308 0.1599839841201502 37.04900067141646 0.04958549374083809 0.15430362539177797 -0.9867784300446748 41.69782052893388
-0.9882608767531919 0.15055782003807747 -0.025938047428342517 -198.8732632437266 0.1446095122488764 0.976619882433256 0.1590650627988292 37.19519018557407 0.049280101929228666 0.15344689003507184 -0.9869273141890498 40.648958836699535
-0.9884669026728534 0.1495552255054243 -0.023799513531957077 -198.89608237064743 0.14394137377966798 0.976696889728055 0.15919819882764275 37.326306154271734 0.04705383336942967 0.15393641583317963 -0.9869597340548794 39.696820245004446
-0.988645305602977 0.14875572374577156 -0.02126486214552735 -198.91643762161914 0.1435247463676836 0.9766937747421371 0.15959297465755815 37.44862171310763 0.04450962692821287 0.15472881125642943 -0.9869538429318189 38.80484285177136
-0.9887668726888726 0.14814163842566713 -0.01985261790359581 -198.93708726253539 0.1430976590544464 0.976608883275284 0.16049345494736075 37.57688213796968 0.04316400637342058 0.15584974838722768 -0.9868372330234784 37.876161458023034
-0.9888683558582875 0.14772478722671828 -0.01779780944242013 -198.95983373053434 0.14303781928398254 0.9767400545374246 0.15974682505988 37.714965305623295 0.040982399107551644 0.15542282039986965 -0.9869975632504575 36.87113044543307
-0.9890265159434716 0.14704972457867738 -0.014245324217219246 -198.9773067021693 0.14294572163327013 0.9768449370728588 0.15918696423346604 37.85597945134588 0.0373238720855999 0.15540382046931295 -0.9871456737260621 35.84722841942404
-0.9893362788785174 0.14521190216868293 -0.011279661491456153 -198.9901410047656 0.14159538219648743 0.9770553707542626 0.15910232625854817 37.987030924203886 0.03412440527598439 0.15580855544161845 -0.9871976595473463 34.899788434176095
-0.9896858333841878 0.14300000738323657 -0.008541023770042932 -198.99824039619648 0.13985074477931655 0.9773697483119502 0.15871403299426942 38.10928058146178 0.031043846142457972 0.155882561478281 -0.9872876514186 34.002247597778485
-0.9901227113625992 0.14005788629141536 -0.006387873789974826 -199.0020387434729 0.13725242604058066 0.9775744165828598 0.1597186012606444 38.23262417747772 0.02861447168742777 0.15726426336031632 -0.9871419165853451 33.10171275731354
-0.9903696780292578 0.13827635945005987 -0.00689559696202296 -199.00923683260365 0.13532964008168055 0.9773718078543269 0.16257379163606894 38.36401640564131 0.029219674118436338 0.16007497502359064 -0.9866722926157455 32.15810167510561
-0.9902323212852367 0.1391635227075302 -0.00857110434442234 -199.01956516534798 0.13600857491506804 0.9776551127808211 0.16028770384247465 38.509700710023765 0.030685785497923453 0.15755632136208128 -0.9870331241489447 31.136452269258736
-0.9903748578180481 0.137999981900681 -0.010660487666769284 -199.03296834854783 0.13442753940776553 0.9773591189294614 0.16339641762964496 38.66625956498295 0.03296782750888008 0.16039064075200768 -0.9865028964521632 30.0580691133871
-0.9902711610314675 0.1381701217300856 -0.01649378945188434 -199.05234757032525 0.13370017410926968 0.9776226662210441 0.1624136260724714 38.813646979805895 0.038565412905098635 0.15862830753667856 -0.986584902061404 29.040962267165234
-0.9901046752053477 0.13824209226909198 -0.024121692759370848 -199.0765962771591 0.13278642915748426 0.97853243253029 0.15761358671751147 38.951590906165784 0.04539269069044115 0.15285091563814104 -0.987206210079974 28.105869433613933
-0.9899137353238102 0.13866558586856434 -0.029028467286262245 -199.10463776333637 0.13239911965135379 0.9784056109974544 0.15872281967078616 39.086378851357495 0.05041100805189604 0.1532785557879065 -0.9868963545392024 27.17476393916078
-0.989820001328785 0.1387387105401034 -0.031747994695001676 -199.1344175329696 0.1319804675859867 0.9782387163678528 0.16009425340954758 39.209105533724724 0.05326838786061399 0.15427437893780577 -0.986591047424457 26.28406363975114
-0.9897645734456809 0.1386192644474376 -0.033923276314957417 -199.16643459863502 0.1315924339835175 0.9784827222250971 0.15891819790463624 39.335596083724425 0.055222463456307665 0.15282755586285823 -0.9867087805927358 25.36814457961225
-0.9898014529724131 0.1382879890307109 -0.034198183921700875 -199.19975553587923 0.13112271896498648 0.9782553917576985 0.16069605181279753 39.471216979787584 0.055676891660092986 0.15457302671175935 -0.9864113052617747 24.388609387990254
-0.9897894684720832 0.13846913089480803 -0.03380987860061306 -199.23206901500228 0.1313083605089431 0.9780734185295398 0.1616493192883706 39.602482195424 0.05545198429456932 0.15555927408925777 -0.9862689236119224 23.439592950483203
-0.9896955925605503 0.13938606628472727 -0.032774358756373606 -199.26433467161223 0.13244171247194328 0.9781168848912549 0.1604573223263029 39.730854989355066 0.054422668656737457 0.15446321250154588 -0.9864984992994076 22.512157217633362
-0.9896920723837963 0.13981720586126298 -0.030995980478379 -199.29625017375722 0.13330702158592764 0.978499303948858 0.15737963708018168 39.86164896795421 0.05233392643931784 0.15162539733418678 -0.9870516192310795 21.563672286302833
-0.9899343762866482 0.1388389802871569 -0.027453018026946083 -199.32305137187464 0.13291682239369484 0.978675825458343 0.156610175238374 39.99345260560123 0.048611202111534 0.1513848282234842 -0.9872788789460756 20.589883027477768
-0.9901468486271374 0.13804222413614262 -0.023527909156918346 -199.3442149268429 0.13270250543180462 0.978624423721168 0.15711232398680264 40.112979015450186 0.044713121182390646 0.15244205998332372 -0.9873004381353082 19.695208295945992
-0.990541493020405 0.13567877216526417 -0.020465126157294247 -199.3595413008247 0.1308072230827834 0.9787735490300002 0.1577713855823963 40.22272028205934 0.04143695203895455 0.1536021175080106 -0.9872635760032772 18.877519231846314
-0.9910216281277014 0.13221911973186498 -0.019855401291614453 -199.37446427364517 0.12743797457951953 0.9790417476781613 0.15886100509049342 40.336433827002466 0.04044372903417877 0.1549043597857172 -0.987101283608318 18.025342599827695
-0.9912273831513271 0.1301000092587166 -0.02328653005182226 -199.39422577143986 0.12482270584769634 0.9794145542410286 0.15863928594679033 40.45075490151515 0.04344613902100039 0.1543409165831602 -0.987061960807142 17.160371916499784
-0.9912317739440712 0.12913300685373513 -0.028004229405631423 -199.42136922433554 0.12304830230874424 0.979334171912697 0.16051073180011624 40.56683548983503 0.04815273224466067 0.155657464533463 -0.9866367457744465 16.279443589409244
-0.9910580057893571 0.1288453423863883 -0.03468294834868567 -199.45742532417896 0.12166669116564793 0.9793326860934883 0.1615695089109232 40.68432494936531 0.05478362366278954 0.15590499573217192 -0.9862516853644041 15.385862089953065
-0.9906046828984034 0.1296258259447328 -0.043583339338558756 -199.50103812397305 0.12099361985621462 0.9792658855649702 0.16247728863673644 40.80052077444281 0.06374093013005103 0.15567745699619298 -0.9857492699512166 14.514015449214009
-0.9899537312282887 0.13121949417849493 -0.0526597984683742 -199.55061263606504 0.12112342338691723 0.9791738308837373 0.16293472686784902 40.91481208929067 0.0729433090435549 0.1549195057441349 -0.9852305417544522 13.673502832779036
-0.9895257824499986 0.13126312063533954 -0.060072614624228846 -199.60444933340455 0.11986201585996788 0.9790121927772609 0.16482786034965313 41.031084877264504 0.08044764148627205 0.15590099279521083 -0.9844912683334301 12.839643274350836
-0.9892330358580641 0.1305604834945674 -0.06612080547530816 -199.66271314495597 0.11806704647272658 0.9789340596515421 0.16657814800074666 41.1541872804178 0.08647643207398142 0.15697791884152545 -0.9838088024062093 11.973604120480594
-0.9890658491829601 0.12908061772071183 -0.07132278814537524 -199.72658905990926 0.11570181214114134 0.9790696303529766 0.1674387935567577 41.28588186319114 0.09144307872795422 0.1573558167000065 -0.9832991967368983 11.072118305682032
-0.9887562931243572 0.129495041543576 -0.07477985706464257 -199.7949366832012 0.1154629201952546 0.9789163941530366 0.16849631247716268 41.416798977739575 0.09502266501716992 0.15796748866157562 -0.9828616208088461 10.179436506275946
-0.9882840013487544 0.13155214383449673 -0.07738711863510432 -199.86424425816236 0.11730508086333048 0.9790747618235545 0.1662892923906957 41.54653835345107 0.09764348765659439 0.15526314505605893 -0.9830356581048115 9.309632401648908
-0.9880894287168164 0.13350544821059732 -0.07652173649469539 -199.9393870927472 0.11916522693434478 0.9784866336386266 0.16841483450169945 41.688034293423804 0.09735979430834048 0.15729018751542112 -0.9827415058720189 8.358745112148199
-0.988180370260039 0.13441215305736084 -0.07370840483430294 -200.01630239795136 0.12043112158478321 0.9781920129696026 0.1692239070471689 41.840081720933625 0.09484672259263481 0.15834695725830164 -0.9828175519090385 7.330049741359282
-0.9883364111548607 0.13554928535112704 -0.0694084261911297 -200.08885819162907 0.12226057920049092 0.9779979789813664 0.16903344012923638 41.99409901460183 0.09079366254916366 0.15857598919496768 -0.9831633468003923 6.304858201975726
-0.9887755559578252 0.1350396642060299 -0.06393112724969958 -200.15447450883872 0.12249522501328071 0.977694802355456 0.17061006211848298 42.14928405776036 0.08554425631940735 0.1608638012053977 -0.9832624358087276 5.27792551334643
-0.98929299871465 0.13312190515727276 -0.059815725870997746 -200.20852103214006 0.12119004750682867 0.9776961491487834 0.17153195715356825 42.29247333263062 0.08131626577425341 0.16244629360788498 -0.9833610052333752 4.312341719329234
-0.989540963028477 0.13228441066084323 -0.05752840328732063 -200.25505108703604 0.12086185214823214 0.9780104733756816 0.1699644864751911 42.4207134068468 0.07874703285822404 0.1612338322548654 -0.9837695645589154 3.4422514982470274
-0.9896164719029734 0.13213727557007598 -0.05655951682281485 -200.29945421022134 0.12112914820947805 0.9785356370899194 0.1667205338255405 42.54463680857253 0.07737549994900772 0.15813838038232478 -0.9843806604447787 2.6201574142078785
-0.9896720028768683 0.13171631658586658 -0.0565697681340567 -200.33901352873025 0.12067207614468482 0.9785069906153663 0.16721937494139882 42.659753710327 0.07737943370573784 0.15866594235031237 -0.9842954546158734 1.8649666412750856
-0.9898408187749208 0.13089843671754936 -0.05550452911156998 -200.37788683143532 0.11989751688299724 0.9783012857262618 0.16897094363125095 42.77795112415167 0.07641818456550051 0.16059948197689142 -0.9840569431981411 1.0855459484388885
-0.9900620059924605 0.13001850617171157 -0.05359489101642509 -200.42049783931225 0.11921556441705175 0.978108154882732 0.17056402479017177 42.91294365812936 0.07459807967307053 0.16247961535151204 -0.9838879514987044 0.19963096035015948
-0.9903105731591312 0.12871094517228718 -0.05213886537018618 -200.46705709553228 0.11799026272183473 0.9778518915270014 0.17286982426062364 43.056487213795776 0.07323432659666124 0.1650429363224101 -0.9835637053988993 -0.7449633601479667
-0.9905073694244502 0.12764922583657884 -0.05099829663016905 -200.51435713374266 0.11711509353646067 0.9779185430133194 0.17308777569965375 43.199100332784255 0.07196670050657317 0.16547204710775118 -0.9835851745752219 -1.6826730839147843
-0.9905858265328111 0.12721705325400742 -0.05055236526291893 -200.56151586442343 0.11679729361805619 0.9780412196210718 0.17260870466353898 43.34090184892506 0.0714010677497628 0.16507935692718956 -0.9836923774436304 -2.619684655397721
-0.9908498969759327 0.12531071325431603 -0.05013688070152409 -200.60994919144386 0.11487687508495159 0.9780047086185929 0.17409794223533603 43.49204243734273 0.07085044271915888 0.1667453599461068 -0.9834511679300324 -3.615672687161052
-0.990950312343406 0.12491736788681768 -0.04912361618138651 -200.66058640862204 0.11459682032476276 0.9778831242313543 0.1749633221991989 43.649696985732355 0.06989311295085429 0.16775054856469554 -0.9833487205555744 -4.649094760867857
-0.9910073787108896 0.12445908006351417 -0.04913565640465078 -200.70613673402946 0.11413105944980319 0.977908635020625 0.1751251061982966 43.79443721391608 0.06984609229898069 0.16794236791781617 -0.9833193196763306 -5.589545097175486
-0.9909692450752459 0.12458898787733182 -0.049573575770765384 -200.7484806384198 0.11415940712654156 0.9778400188483308 0.17548939370575484 43.92604584728781 0.070339072211072 0.16824530198017162 -0.983232390273067 -6.440556998452091
-0.9909595022563825 0.12444894815640685 -0.05011710477019998 -200.7961870806724 0.11402071425590117 0.9780828934495107 0.17422149770337805 44.07450933723976 0.07070036498036975 0.16693206056416537 -0.9834302952153988 -7.378630241423345
-0.990954003690172 0.1240268819790368 -0.05125909789468744 -200.8508289011416 0.11307635584595814 0.9773633694141359 0.17881437826988722 44.23635861176169 0.07227655442131593 0.17140063207003156 -0.982546651822181 -8.39320814666024
-0.9909087441259703 0.12332657152760552 -0.05376260382402511 -200.90616535547312 0.11209007590355402 0.9778009939748327 0.17703398279925114 44.39448381553349 0.07440212160031666 0.16939826721981735 -0.9827352397081816 -9.385928666588173
-0.9908555317363845 0.12277844513236495 -0.05595327191760947 -200.96233779094823 0.11116561763872845 0.9778807113619084 0.17717652158604172 44.55189556145012 0.07646908318011436 0.16933625647571204 -0.9825872539171199 -10.37370236304149
-0.9907545922576245 0.12283095824549937 -0.05760115985742674 -201.01921808826745 0.1107305141532048 0.9774561651095447 0.17977263007674585 44.70279397196819 0.0783842532387436 0.17173235276393378 -0.9820203194732633 -11.331667674109333
-0.9906926334815028 0.12296907551336192 -0.05836704920478764 -201.07622595972143 0.11076395057368611 0.977519124894898 0.1794093300751772 44.84965519828167 0.07911670631917865 0.17127453673007897 -0.9820415367229145 -12.25802825445709
-0.990687392745891 0.12306789789901433 -0.05824759532432779 -201.1334126932677 0.11089045028986558 0.9775240197178463 0.1793044865840656 45.0009322747989 0.07900504976809936 0.17117559224779244 -0.9820677770550051 -13.192143001695703
-0.9908352062563518 0.12237168204418351 -0.05719060654172412 -201.1891849970753 0.1102420265604805 0.9772644187307185 0.1811103295307861 45.15475483107082 0.07805312051911498 0.17314568235041003 -0.9817984941222108 -14.140948946825983
-0.9910453799844667 0.12140190177021998 -0.05559346236760277 -201.2381171949464 0.10947269821865402 0.9771337397195776 0.18227831205703285 45.29898415298037 0.07645118152240576 0.17456011270679114 -0.9816740721316938 -15.030649342076217
-0.9912199698439296 0.12082928879126885 -0.0536959435413484 -201.27965741639534 0.10919109078974785 0.9770422873290228 0.18293625792340104 45.42814096393353 0.07456726543695083 0.17546695341593088 -0.981657308424986 -15.827809558820269
-0.9912413342468668 0.12143383907574204 -0.0519079956058626 -201.3217329074322 0.11006117564047622 0.9768414472549994 0.18348657864104104 45.560044005671806 0.0729873612149927 0.17616642600701682 -0.9816507706158986 -16.63466509017439
-0.991463337134322 0.1207086461821253 -0.04929375067239892 -201.3663436969349 0.10966898301505434 0.9765161239226398 0.1854426431097985 45.70816380523963 0.07052067273443988 0.17845358627941083 -0.9814179294577311 -17.532068761232647
-0.9917026242164612 0.12014361454327811 -0.04573201293033944 -201.41279783637822 0.1097114829256098 0.9764010463475814 0.18602254488532438 45.86826391214324 0.06700220620582767 0.17946171897044047 -0.9814806140661809 -18.49802759137045
-0.9920449929888158 0.11920243169265553 -0.04046618544388019 -201.4526358579952 0.10958039470551516 0.9759468274348263 0.18846731047075915 46.03515917378074 0.06195860700503445 0.1825337511214188 -0.9812454130947776 -19.47974151317852
-0.9923704099548722 0.11815000373987024 -0.03523557949385611 -201.4827343861894 0.10932164373831105 0.9753631372231988 0.19161296604476993 46.19143724145165 0.057006558011803155 0.18629902619817762 -0.9808378689575862 -20.392415376711206
-0.9925726249615081 0.11768610280243957 -0.03081501880893795 -201.50470123713094 0.10966903903505013 0.9752401092239728 0.1920401813109514 46.329630934139615 0.052652502828928235 0.1872343733612723 -0.9809031569823101 -21.204018854360413
-0.9927085423048222 0.11792821827551397 -0.0249536644483002 -201.52203483796686 0.11098101241826351 0.9749815540857474 0.19259850486221036 46.46127801894086 0.04704216106486743 0.18842479806783557 -0.9809603103874507 -21.98171741228375
-0.9929664037126423 0.11688921061837128 -0.018831716305120514 -201.5339019632413 0.11112221151651301 0.9749873270526023 0.19248783388698096 46.593776469904796 0.040860435700832795 0.18904133021071587 -0.981118647395157 -22.772762507683176
-0.9932852811802665 0.11492724273882066 -0.013269478779960802 -201.54150009969192 0.11024872388124626 0.9750790552936932 0.1925254653548881 46.730236521093 0.03506521172325057 0.18976976788733219 -0.9812022554615297 -23.5838269843963
-0.9935269481463096 0.11332413938973604 -0.007864015428289706 -201.54767138831676 0.10965719312984162 0.974844081833099 0.19404720072669712 46.87446493933522 0.029656420923053768 0.19192877727573418 -0.9809606725814637 -24.434255415768074
-0.9936953798931973 0.11211373204843074 -5.536323048101517e-05 -201.54865499299183 0.10997630596773648 0.9748465022440937 0.19385435044937008 47.02179309075958 0.021787705354291666 0.19262608377016152 -0.9810303194839426 -25.30463706717257
-0.9936653998924034 0.11204624913326965 0.008643558979726003 -201.54305110694366 0.11161516431548993 0.9750334022671732 0.19196853793819266 47.16654937643238 0.013081595907874092 0.19171724627290737 -0.9813630160802055 -26.15288320484658
-0.9937224887051158 0.11108519088463822 0.013255029529775055 -201.5314051107894 0.11158622919178597 0.9757104860806507 0.18851408649493195 47.305147779632804 0.008008051977223568 0.18880976595076898 -0.981981030053609 -26.97757450312119
-0.9936961209403594 0.1109479472361047 0.016080181347795687 -201.51689563985653 0.11199574029045399 0.9760495325379751 0.18650539989285525 47.443847807458575 0.004997337778920316 0.1871306042220123 -0.9823223318130506 -27.812258146421758
-0.9936500693320095 0.11097233905219442 0.018565550941956787 -201.50013287231405 0.1124821296377088 0.975781616931235 0.18761131781220047 47.58842516303172 0.0027037434529237556 0.18850829165941171 -0.9820678763440905 -28.696630407717024
-0.9937406496827829 0.10989975604669058 0.020039081538815205 -201.47834007892268 0.1117057562295629 0.9757065887670912 0.18846346240496634 47.747306072543346 0.0011598246517585168 0.18952228432921758 -0.9818757347798209 -29.6668239984388
-0.9937654345341784 0.109429975199347 0.021338735973962047 -201.4557116868596 0.11149075822488977 0.9758516265776106 0.18783879720726226 47.91490291810457 -0.000268245289434105 0.18904677578235057 -0.9819680466342899 -30.6712063256652
-0.9938353326917574 0.10853479845060451 0.022617007289900973 -201.43211253556635 0.11085473047414279 0.9757782427301511 0.18859493563180246 48.08056526940008 -0.0016000703015511227 0.18993951284486704 -0.981794490326405 -31.660085922098478
-0.9939283135131118 0.10752661749548821 0.02333525502241398 -201.40913882187076 0.11000352344348162 0.9757033007370736 0.18947900612152083 48.249870571835714 -0.0023942487342556032 0.19089550927342194 -0.981607442979239 -32.64914588026633
-0.9938207689631907 0.10813925976559571 0.025023582372679497 -201.3866024961398 0.11091877527094625 0.9760047575817123 0.1873812649926785 48.423053702755 -0.004159864157222824 0.1889989779739888 -0.9819684729434961 -33.6464694976496
-0.9937060753247404 0.10865914000870777 0.027229160017711657 -201.36136151287997 0.11182057911092208 0.9766535656198678 0.18342292890829273 48.591414767018435 -0.006662878507077546 0.18531325925191333 -0.9826569096055009 -34.623122724589095
-0.9937340388735988 0.10776119685214441 0.029667902469824627 -201.33409194952733 0.11138372015895867 0.9768363845778485 0.18271383266854316 48.75448281794331 -0.009291225296826005 0.1848734762421889 -0.982718408759403 -35.583284298593306
-0.993811867772024 0.10655225161192258 0.03137816361598591 -201.3081993566447 0.11050467995818555 0.9770518892757839 0.1820942650660919 48.91012648797023 -0.011255540094592299 0.18443487560396724 -0.9827802854545511 -36.51200590946013
-0.9938751327556175 0.10574992714472076 0.03208073251799117 -201.28358459791585 0.10981786336652453 0.9775416445179383 0.17986764611451317 49.056675387665635 -0.012339261550673965 0.1822890181608613 -0.9831675627696096 -37.378896610183446
-0.994131496942659 0.10271090233196187 0.03395640335346235 -201.25346181664293 0.10722871648877949 0.9771015080383006 0.18377879461310903 49.2041837518145 -0.01430276710003111 0.1863413897432149 -0.9823809430775062 -38.249111037642315
-0.9942658385355935 0.10137230242984174 0.034045537463618665 -201.22245172746878 0.10595808286640065 0.9768769916576188 0.1856992941430777 49.34628517007187 -0.0144335372099453 0.18824186428643652 -0.9820166360778094 -39.094695042048855
-0.9942178535391092 0.10211301454842911 0.033223364729047966 -201.19220855502428 0.10645800781536698 0.9777984866317017 0.18049047651534622 49.49531573335244 -0.014055329098610665 0.18298374736731662 -0.9830154606736073 -39.97407692255454
-0.9942839122120908 0.10168052572364836 0.032566433712986315 -201.1606984494034 0.10590604635504255 0.9779439218602243 0.18002665092170844 49.65271699147153 -0.013542941396290782 0.18244658501930297 -0.9831224910219132 -40.925445008204555
-0.9942870697089589 0.10183716518470524 0.03197522160541974 -201.13498759796812 0.1059748123232938 0.9776165331455944 0.1817560267870951 49.79778275477327 -0.012749986769218397 0.18410623538471427 -0.9828236525083499 -41.7992227127221
-0.9943214418601278 0.10161526903080986 0.03161024133082806 -201.11139934862678 0.1056565569903227 0.9781252322982944 0.179186277115068 49.930027108065666 -0.012710712889043414 0.18150858668725167 -0.9833072107620536 -42.59269344022724
-0.9943567344913922 0.10104182863190175 0.0323300701876286 -201.08261027239158 0.10518345142143168 0.9786955763667831 0.1763275654773402 50.062650787378125 -0.013824837022216837 0.1787330905758974 -0.9838004656506817 -43.393527874457305
-0.9943903025949571 0.09993772662043457 0.034646455851206785 -201.0485445383687 0.10452229261721427 0.9786453305516772 0.1769983257984094 50.196678794814545 -0.016217781943031265 0.17962674574611068 -0.9836011466857445 -44.22869045767844
-0.994402772623472 0.09926305662879555 0.0361935268723677 -201.01569231826502 0.10412333210430803 0.9788182983255624 0.17627555296905587 50.32153243533822 -0.01792923618697079 0.17905748923672293 -0.9836752299605768 -45.01328806715708
-0.9943641026904235 0.09930654551639904 0.03712467236581133 -200.98858310565114 0.10434343826983108 0.9786966387600853 0.17682006721450247 50.443156810660994 -0.0187744020064382 0.17969724343269922 -0.9835427914086864 -45.76843681759495
-0.9943748331093817 0.09839270057275568 0.039211831794622995 -200.95618158340915 0.10381219549104446 0.9788151120159522 0.1764766402573674 50.56736552637172 -0.021017120307474466 0.1795545960514498 -0.9835234759225541 -46.54341885263292
-0.9943894320609538 0.09714340674425424 0.04186664461853532 -200.9191776418288 0.10309099756582994 0.9786583096608852 0.17776433599735672 50.6962184236082 -0.02370450645713423 0.18108305127156335 -0.9831820914336291 -47.35314260517673
-0.9943651076722415 0.09710493956891124 0.04252838293763547 -200.88112772736972 0.1031726794174376 0.9786528939974518 0.17774676169269282 50.83184312005723 -0.024360436486209162 0.18113294504791377 -0.9831568671135201 -48.18865174163617
-0.9944254845147737 0.09626434596037164 0.0430247770985508 -200.83820795988663 0.10238915750388461 0.9790623784193696 0.1759355552168228 50.96850371431549 -0.025187619442947035 0.1793600704187781 -0.9834610053104136 -49.02985825535393
-0.9943941808991342 0.09557900951673069 0.045220193871115054 -200.7930051161447 0.10210900762999163 0.9790906467918904 0.1759410581003074 51.10777212934676 -0.02745839679877073 0.17957215347719785 -0.9833615195546368 -49.879943666992375
-0.9942382599179601 0.09627708071269543 0.047127552925526416 -200.75298441049438 0.10316381675020854 0.9788324820417671 0.17676028686750525 51.24765775003042 -0.029112015197104723 0.18060369827164294 -0.9831250148082747 -50.713700615291465
-0.9941858583152275 0.09593866891597887 0.04889019260183948 -200.7132483330079 0.10317157474518987 0.9787050079727236 0.1774602308510515 51.38492722701694 -0.030823778006798055 0.18147253008579878 -0.9829128219397935 -51.54771881353833
-0.9941182551873835 0.09512010986188055 0.05177894748888111 -200.66870130621322 0.10289113952440428 0.9787349492379842 0.17745791768047373 51.524592892851636 -0.03379804891649805 0.18174175040420446 -0.9827652965227535 -52.438848050054894
-0.9941200258708531 0.09448963901067944 0.052887449193225675 -200.621267489633 0.10244429640636837 0.9789238798003327 0.17667258896180754 51.66596495214262 -0.03507905780289106 0.1810517762307106 -0.9828477572988442 -53.346406992588776
-0.9941084259273382 0.0941927402144331 0.053629890836796264 -200.57469711835378 0.10230393120788905 0.978852840101089 0.17714689691169738 51.8036774011709 -0.03580981931931187 0.1815897715096544 -0.9827221437025786 -54.22904148749378
-0.9942196850705611 0.09279949393232162 0.05399510852012136 -200.5285705703332 0.10097096205765839 0.9791252461806697 0.17640469696919653 51.93660171340485 -0.03649770731628878 0.18083696031936694 -0.9828356480831919 -55.09280943391837
-0.9944960060591155 0.09042116494719009 0.05293115209459671 -200.48197255714263 0.09836268556296865 0.9797496818401491 0.1743999513273067 52.06884710659419 -0.03608983265836431 0.1786465053218774 -0.9832512141436558 -55.955430328996684
-0.9947971447652544 0.08778388552552825 0.05169748745286194 -200.4365748307949 0.09553059868704109 0.9800953962751002 0.1740313733636827 52.19904959871087 -0.035391319294330724 0.17806460524875545 -0.9833821489513694 -56.82768724995291
-0.9950439423915204 0.08595101038952106 0.04999976522906329 -200.39506839885226 0.09338834686675554 0.9804746184184334 0.1730553070747081 52.324884226706516 -0.03414922223763606 0.17686703042186105 -0.9836421524977051 -57.67973609140123
-0.9952543765406076 0.08464465312185145 0.048000090360836425 -200.35756903293364 0.09175358941731297 0.9805942611414585 0.1732517643358227 52.44528047846387 -0.03240377764715214 0.17683375728157183 -0.9837071807605542 -58.49122920199596
-0.9953197041532187 0.08438575984268103 0.04709278140143151 -200.32672752241467 0.09140001000318043 0.9802821324015896 0.175194118239198 52.55124498151024 -0.03138032338533294 0.17867843862639124 -0.9834069813023846 -59.20428521346418
-0.9952842188698511 0.08451582759138374 0.04760670703980838 -200.29777068759805 0.09167778184002 0.9799355124087654 0.17697902654569894 52.65105729405564 -0.031693973962320356 0.18050890949400017 -0.9830625746145382 -59.8619877199505
