0.9999409083369002 -0.0024567783579249676 0.010589809935734709 0.01821860830217743 0.0024431032010078313 0.9999961652860195 0.0013040935569098929 -0.015611485759366304 -0.010592973195669823 -0.0012781444973007192 0.9999430760125897 0.49282567985534664
0.9998757774319624 -0.005092470628777964 0.01491631481713174 0.03449582988387162 0.005084020042619293 0.99998689363568 0.0006043981049941281 -0.029699684058327076 -0.014919197198073208 -0.0005284881816170915 0.9998885629184918 0.9394161954904625
0.9999718919069782 -0.00548263835721063 0.005114300795105157 0.032311731604486395 0.005488656514963331 0.9999842604059042 -0.0011634389187325537 -0.04621221681179975 -0.005107841583244443 0.0011914768570617372 0.9999862450740308 1.3786331202592887
0.9998935024821317 -0.0036209937322256836 -0.014137612896337193 0.0093695929263247 0.00358883042259283 0.9999909157400639 -0.002299724667453953 -0.06516988156244133 0.014145811755193458 0.002248742257219873 0.999897414322113 1.8666618009306966
0.9994107623780363 -0.004025604891886332 -0.0340869850266491 -0.017038608864200958 0.003903818634119887 0.9999857602608688 -0.0036386090149809836 -0.07920693243340303 0.03410114723912492 0.003503395602329742 0.9994122462608855 2.3731404505639446
0.9986057657973477 -0.004833430263919034 -0.052565791805859415 -0.054929808926794076 0.004622682922897021 0.9999807865422795 -0.004130054343230025 -0.09420089851591358 0.05258474416489522 0.0038813010920963746 0.998608922543227 2.9869143389079027
0.9978292285011297 -0.005248911396937574 -0.06564510399099067 -0.10781875197951718 0.00496308321560882 0.9999774844275732 -0.0045164635387841484 -0.11010220754680172 0.0656673324708399 0.004180857214653887 0.9978328125889199 3.770199917807319
0.9971779567763419 -0.00994791759716422 -0.0744121055665038 -0.1654542125503147 0.009412044101847207 0.9999272130388828 -0.007548645581625798 -0.12255736769297179 0.07448178263968552 0.00682697295821113 0.9971990054623211 4.669356651631959
0.9966241807039303 -0.011057018554659586 -0.0813509973934055 -0.24018795065100385 0.010368658567298518 0.9999068209517056 -0.008879207947112038 -0.13927382195157195 0.08144159475191252 0.008005732629508948 0.9966459626614307 5.644691104585675
0.9960546883227249 -0.013291867343536547 -0.08774043613318575 -0.32175974765810617 0.012429396848242026 0.9998689899930845 -0.010368844882510058 -0.15872266302909133 0.08786676256872523 0.009237375857378036 0.9960894050851865 6.6662542734946415
0.9954050131633662 -0.01649745564516798 -0.09432228647819806 -0.4090962560249825 0.015425820167455204 0.9998080484834596 -0.012079331929254276 -0.18056978934478088 0.09450345941499118 0.010568828929048146 0.9954684304455202 7.70490363280247
0.9947523668655252 -0.01754015894120295 -0.10079717972122931 -0.5048148061544203 0.016289176291738486 0.9997799146569276 -0.013220627228794536 -0.20448477815267713 0.10100688764224514 0.01150934719710102 0.9948191511907697 8.729418729130627
0.9941131359522155 -0.019589068402422388 -0.1065614439015268 -0.601696859681593 0.018069825836973613 0.9997211218561857 -0.01520394385778269 -0.22866538130343578 0.10682955734006612 0.01318889357506475 0.9941898705804596 9.705388820821009
0.993479869091599 -0.02101010015870862 -0.11205501060220881 -0.7062537016455672 0.019175793167436856 0.9996643156850281 -0.01742254006692435 -0.2553569584490878 0.11238344480456089 0.01516019911824824 0.9935492588173749 10.678558663606799
0.9928673142577233 -0.025185511562266446 -0.11653405633548805 -0.8063705719362693 0.02262652645397095 0.999474057270121 -0.023230349645025825 -0.283159231070478 0.11705783433535545 0.02042789395286119 0.9929149835556752 11.622959489383074
0.9923546474481916 -0.02872619159655844 -0.1200294114137612 -0.9049138579538438 0.025365074030925718 0.9992447427507353 -0.029437342006741828 -0.313189207775487 0.12078438105724515 0.026167728242513632 0.9923338063833378 12.514729809491604
0.9918584238123037 -0.03170358098018794 -0.1233359236621918 -1.0048368635972857 0.02752139881066929 0.9989918435203153 -0.035466451575894224 -0.34909412650158334 0.12433599527119021 0.03178332161549239 0.9917310022112894 13.377005683373024
0.9912616788702894 -0.03498700094934097 -0.1271856665187829 -1.1044847773644857 0.03004539041453836 0.9987249815085977 -0.040567053448442594 -0.3897055459598273 0.12844282197964282 0.03639122250243385 0.9910490000028677 14.201124254249965
0.9908310189528317 -0.03711720334359642 -0.12990844890477476 -1.2133248216186852 0.03159650724379734 0.9985183294151352 -0.04430357267760424 -0.4381543794416308 0.13136039209322967 0.03979270081255125 0.9905357077617927 15.05310175579194
0.9905928597373763 -0.039614353156856234 -0.13098278230856167 -1.3227334295020439 0.03389110543061772 0.9983829010480867 -0.04563963044872876 -0.4888640986823529 0.13257895462711627 0.04077114075874813 0.9903335472815263 15.9204683477122
0.990175550827546 -0.043734059222984234 -0.13281457226994303 -1.427349693090753 0.03778683390593362 0.9981811163435081 -0.04697461185143323 -0.5363753690710152 0.13462738847178468 0.04149446998225109 0.9900271083329785 16.75985731133147
0.9895779434976847 -0.04614926831688732 -0.13640285472346503 -1.5402980091772203 0.04013389645856845 0.9981104578765199 -0.04652724183289282 -0.5900307730559475 0.13829231395109307 0.0405679542414888 0.9895602442452469 17.628025523816984
0.9890007684531773 -0.04499706379548974 -0.1408997666740828 -1.6637997098308088 0.03913469704415903 0.9982600541746635 -0.04410600556000722 -0.6488946842153765 0.14263924945921533 0.0381068037098643 0.9890409071543651 18.49572702913203
0.9881870151720055 -0.045711836295719864 -0.1462766251590375 -1.7890616713469227 0.03955049698875432 0.9982146800051496 -0.04475724310275267 -0.7030060752928684 0.1480614103451227 0.038443213246159305 0.988230710978931 19.353748118035035
0.987293245509867 -0.04503265448691059 -0.15239457798904055 -1.9243412185798563 0.03863175694968012 0.9982529092217888 -0.04470700823378411 -0.760004553573307 0.15414160608212207 0.038251656958847344 0.987308045148183 20.228143030586818
0.9866257439849743 -0.044086069890874914 -0.15692692486528473 -2.0617808958150885 0.03766452943082447 0.9983360731573577 -0.04366312237462012 -0.8138343931794407 0.1585907454073295 0.03716858181748922 0.9866445520028094 21.08064067539633
0.9860546832861299 -0.04216605065593007 -0.16099125982976048 -2.1953275128997847 0.03630909318703596 0.9985733643049192 -0.039152086185670336 -0.8627563872456965 0.1624124728012817 0.03276065128834531 0.9861789535402471 21.886367115285218
0.9853600570642901 -0.0428554680753388 -0.16501202016309074 -2.330948423200921 0.03707100041887426 0.9985907216582932 -0.037977777000672015 -0.9078218842170348 0.16640702770677832 0.03130462384397181 0.9855601055520578 22.71688801221299
0.9846699051722682 -0.043618179741262086 -0.1688864477810368 -2.4812577810990266 0.037833302772095664 0.9985868461168129 -0.03732227168637132 -0.9543687404343432 0.1702757147963058 0.030360585609229163 0.9849286348726348 23.619095209741673
0.9839566138970726 -0.04714147145408127 -0.17206703239538051 -2.639994352086552 0.041042362085467826 0.9984024003886617 -0.03883518266473688 -1.0023083134003856 0.1736228858263053 0.031150097388325634 0.9843194425337966 24.5633380641245
0.9834893216045619 -0.05055948598701044 -0.1737598707024438 -2.8018463377346756 0.04432391509649509 0.9982327042767464 -0.03958356556516954 -1.051007023942801 0.17545411035458647 0.03122829628818516 0.9839921994968347 25.517398809297482
0.9832121806333917 -0.05239827455059368 -0.1747805157283082 -2.962746624604234 0.046314159528867305 0.9981765320050794 -0.03871187907408933 -1.0995094373297265 0.17649024471983552 0.029967178352872926 0.9838461067363637 26.46022367759467
0.9827245819137302 -0.05533888732048755 -0.176606918473248 -3.116330251100427 0.04899971179690466 0.997995137512766 -0.04005912810702659 -1.1419997643683693 0.1784696734638868 0.03071340181427763 0.9834659437940335 27.354049970714964
0.9822332811899307 -0.053773005753743656 -0.17979500876017804 -3.270903949430367 0.047817050961751095 0.9981593889915008 -0.037300989335871566 -1.1855828357071068 0.1814698624019591 0.028041006050449773 0.982996638356151 28.21057338116945
0.981192764085755 -0.053585910460732064 -0.1854435491082194 -3.4333698346515886 0.04822522855093531 0.9982811892658425 -0.03330156886972223 -1.2343880669928133 0.18690930163308686 0.023732200868634357 0.982090472209645 29.082301666095542
0.9793441106160425 -0.05652804126009514 -0.19413833612393971 -3.5986252734417334 0.050297252706677134 0.9980531593633625 -0.03687922796061585 -1.282637887462784 0.19584509024184268 0.026352829755215943 0.9802806888805154 29.94937058061439
0.9773773113730686 -0.0558651976061745 -0.2039918403014616 -3.777627887501754 0.04981928648405798 0.998156726381743 -0.034658163152442786 -1.3323521335123236 0.20555201265707262 0.02371137438667491 0.9783589018439616 30.81954159037166
0.9758562786263227 -0.05570854623259966 -0.21118968095585847 -3.9602516268656065 0.04987173601211608 0.9982146495268537 -0.03286827371673485 -1.379883797487087 0.2126436771049749 0.021542315256970597 0.9768923150688847 31.677175980797312
0.9744618157630942 -0.058857420700507715 -0.21670250032747418 -4.141598668261702 0.05198863367888966 0.9979520631571063 -0.037267433620748185 -1.4232872478397562 0.21845217231215114 0.025049624128080282 0.9755260963926823 32.525207357516344
0.9737506382204492 -0.05839756207811336 -0.2199986802428658 -4.336891704923589 0.05143817341079966 0.9979817813584816 -0.0372354453808749 -1.4698869546105378 0.22172913403842617 0.02494170843956996 0.9747892604551436 33.399600079348794
0.9729783745391011 -0.05876476674523025 -0.22329304706736663 -4.5368363015494575 0.05245748788218052 0.9980414882613992 -0.034079314459975966 -1.5187953372040421 0.22485838797861518 0.0214450436779627 0.9741554370105983 34.29014675070039
0.9717893454058114 -0.0611746746991902 -0.22777868058972164 -4.7398209278080765 0.05450325950943343 0.9978833666753752 -0.03547085022191507 -1.5640799134701198 0.22946647436737583 0.02205551377924443 0.9730666428633452 35.18153196180449
0.9703235362420797 -0.0642131665874001 -0.23312851445390728 -4.946893429549065 0.05700487795764508 0.9976681012732572 -0.03753403243520657 -1.6099446286754062 0.23499506144534368 0.02313069256706243 0.9717213037479769 36.07045099742629
0.9688203111275353 -0.06567353772216794 -0.2389020535487335 -5.157980877543994 0.05837818766090033 0.997590204093079 -0.0374936248308546 -1.6619047856101055 0.24078868734260678 0.022377916359285162 0.9703195540167384 36.945211639259945
0.9673072937883541 -0.06972857611324108 -0.24383298599055878 -5.370381805641147 0.06186785264630093 0.997292132423949 -0.039758916160117896 -1.7125795974539344 0.2459450511654741 0.023373666347230208 0.9690019110036375 37.80956781045058
0.9654031757694885 -0.07337346924004745 -0.25022598231572 -5.595042187434786 0.06475085025923638 0.9969947178512206 -0.04253069441556672 -1.7651331564637687 0.25259460723636434 0.024856922344574203 0.9672528613587367 38.69880942120295
0.9631569474756287 -0.07575188787639191 -0.2580510531127369 -5.823911086922625 0.06621955489261844 0.9967696039410024 -0.04544587119992007 -1.8185413861492705 0.26066005654732277 0.026683480703588693 0.9650618253657578 39.583658080294526
0.9618857216556114 -0.07588922119440265 -0.26271026736991415 -6.059143592697683 0.06616846889070488 0.9967629133494785 -0.0456664898554595 -1.8732966508219577 0.26532544582026907 0.02654280839636235 0.9637934877984549 40.464047731878736
0.9601766038176562 -0.07787775700609785 -0.268320600112797 -6.3033088364842715 0.06760515015002697 0.996588957656073 -0.04732856591080169 -1.9300116204428368 0.271091189739513 0.027303927220822644 0.9621663382201313 41.35869688881143
0.9583531943316085 -0.07724410481228214 -0.2749409085351834 -6.548890036477141 0.06696743451308432 0.9966670330740959 -0.04658527554940237 -1.9865618168193186 0.2776229774877048 0.026233060344290113 0.9603318743621057 42.22869427355875
0.9569106837570649 -0.07692259302309766 -0.2800086748552443 -6.796296602785866 0.06668656448167817 0.9967169082853394 -0.04591630272293418 -2.041670869297094 0.2826213817622757 0.025264984083035794 0.9588987616792853 43.08214303041826
0.9554422724450568 -0.07849084405145057 -0.28455096454785944 -7.039298981977067 0.06716878859874813 0.9965205427057884 -0.04934735862775694 -2.0969571713226878 0.28743419744909093 0.0280356088831802 0.9573899867720296 43.90927788031584
0.9540244391805215 -0.07963430012749236 -0.2889563075786653 -7.276578048281248 0.06834475484468933 0.9964592696266192 -0.04896854562270082 -2.152512148850451 0.29183276706276673 0.026968541272892377 0.9560890825912101 44.707724940949646
0.9529965680242676 -0.08069698690680135 -0.2920368771887061 -7.515925353391898 0.06931528928732941 0.9963842460840832 -0.049130691288295406 -2.206993716989432 0.2949456424580328 0.026578759557501823 0.9551443019436401 45.49991122191651
0.9522524223947235 -0.08219830906982717 -0.29403870838623 -7.762118200861452 0.07076543551717303 0.9962723843491886 -0.04933142324366806 -2.2605569886511376 0.2969976046695429 0.026168190026103648 0.9545195905015843 46.31334078898755
0.951468534031909 -0.08539472739751668 -0.29566090252157734 -8.01584692703287 0.07367956216703139 0.9959993828438972 -0.050562352530802185 -2.3168007632008423 0.29879583475350596 0.026324321591987755 0.9539539188171919 47.15204896529532
0.9499026746030016 -0.09143732475021626 -0.29887141787830335 -8.273785533802272 0.07872615554001151 0.9954150347436933 -0.054324037406109714 -2.375099014232766 0.3024683474612738 0.028073550696946014 0.9527459128935231 48.00417820942542
0.9477121686743752 -0.09547939878059673 -0.30450834102698743 -8.539507715585769 0.08199900122543857 0.9950133213249712 -0.056786038635202006 -2.4396744577092027 0.3084117526044408 0.028847439996365923 0.9508154479503967 48.85641457851557
0.9456334085141416 -0.0951401263306838 -0.3110077379482827 -8.804953536629595 0.08181023442205565 0.995092475501845 -0.05566013603483889 -2.508103890019538 0.31477697222912354 0.027190468208363214 0.948776125433643 49.665732809653285
0.9434502773705671 -0.09548191344711095 -0.3174661845518007 -9.069999575922706 0.081402971865604 0.9950297342493726 -0.057353152756138316 -2.576158332756441 0.3213644820151213 0.028267156986504297 0.9465335902835428 50.45274766801677
0.9408939739568233 -0.09773595205456088 -0.324293406420366 -9.349547679925609 0.08284751370216638 0.9947880369256583 -0.05943947394587736 -2.6488757601828095 0.3284125747365734 0.02905934041890611 0.9440872499347257 51.274271857182484
0.9382668108868425 -0.09876596289053122 -0.33151270890048773 -9.64244732707514 0.08331416094778253 0.9946826741458519 -0.06054030343186331 -2.7286777946501783 0.3357292691646057 0.029183254245565535 0.9415063438436508 52.112009631406686
0.9353181659826806 -0.09896973336314509 -0.3396835590087071 -9.931835603881801 0.08233048759405218 0.9946061122100198 -0.06309019232014684 -2.803572736960845 0.3440953635190678 0.0310430899315045 0.9384213911522827 52.91841181736045
0.9324235994603135 -0.09754806605645232 -0.3479520167754716 -10.221768342354299 0.07949484707243545 0.9946595025176939 -0.0658258561674794 -2.8744500166934586 0.35251496487156697 0.03371718938312642 0.9351985621683241 53.69281668788954
0.9292791884296125 -0.09636931739642718 -0.3565853959658846 -10.535005621311093 0.07754647548838658 0.9947518769650341 -0.06674763976253097 -2.951724748381202 0.36114641641712164 0.03437525184033184 0.9318753178242168 54.49825820288531
0.926307454805412 -0.09553020923200031 -0.36445641480979496 -10.877007420254902 0.07630454685599253 0.994842490296335 -0.066828404365854 -3.036464786821834 0.3689608587655615 0.03409396757602007 0.9288194044451834 55.36175616225429
0.9237579024053211 -0.09657206502541707 -0.3706010982180809 -11.224444622760265 0.0756983784314413 0.9946354310169961 -0.07049904161393014 -3.120986464921603 0.37542122109248327 0.037070144622849535 0.926112688138474 56.226094526882164
0.9219444179382073 -0.09603519374600619 -0.3752275733401625 -11.56602487106913 0.07327457083192733 0.994525328108259 -0.07449972496965694 -3.204259257861155 0.3803279210128763 0.04118996617290097 0.9239340123540745 57.05163460013358
0.9209711945886482 -0.09522051762655406 -0.37781624073203746 -11.9106389858432 0.07242939909830075 0.9946158629956932 -0.07411657860147987 -3.288755406822845 0.38283944530862635 0.04089423064762796 0.9229093243734847 57.89078991925395
0.9201312815337918 -0.09425525085371991 -0.38009784586272505 -12.266715641585478 0.07214433593142346 0.9947892166423373 -0.07203894255981434 -3.3757441019919305 0.38490728693543247 0.03886337785917035 0.9221366592460035 58.75410653253026
0.9197291448775015 -0.0945345363890811 -0.3810006843728772 -12.64303774324727 0.07268249022416345 0.9947977850164289 -0.07137662461351638 -3.462833411599423 0.38576619302073833 0.03795508340270064 0.9218155216561393 59.66763956962404
0.919800968435584 -0.09490773472612503 -0.38073442233939986 -13.038155481608543 0.07351975079779492 0.9948081308945282 -0.07036781187988511 -3.55252504224191 0.38543614867782056 0.036732881663276276 0.9220030752102297 60.62994047797049
0.9196038932485932 -0.0960593444293929 -0.3809216216885366 -13.422080330696966 0.07530167468196053 0.9947660522394488 -0.0690663384148312 -3.6400541175160677 0.3855623650100219 0.03482963766298866 0.9220241640153165 61.56809566593686
0.9191265212969687 -0.09765165764917809 -0.3816681694966193 -13.798101956986015 0.07713628885123336 0.9946489431162209 -0.06872752650897215 -3.725962922373169 0.3863371983006442 0.033728826189924094 0.9217407094693487 62.487319251099244
0.9186484820119237 -0.09953520146447022 -0.38233193715228025 -14.177999604777662 0.07863041180394778 0.9944458725458417 -0.06996188187919646 -3.815319503464131 0.3871720868512208 0.034207458922936494 0.9213726851374019 63.40963321186184
0.918826034353207 -0.09925175777025384 -0.38197880461391287 -14.562496262193623 0.0782006341157336 0.9944567148419144 -0.07028871267651643 -3.9072675710255305 0.38683766546014614 0.03471211438877772 0.9214942700288505 64.3314860207263
0.9200261445927713 -0.0998773279751762 -0.37891478279726637 -14.926766034868702 0.0788434742647877 0.9943789407060597 -0.07066985811609942 -3.993247838714028 0.3838431969328335 0.03514315917544926 0.9227292986198881 65.21755526015374
0.921717004250399 -0.10076115757715755 -0.37454632984369307 -15.274627145757515 0.08030875899909877 0.9943187260917953 -0.06986253768087215 -4.076036376031065 0.37945785972054086 0.03431413800313003 0.9245724810037383 66.08129158361682
0.9236249720219127 -0.10033933665018871 -0.36993097812716436 -15.617184573873221 0.08092834793423374 0.9944203391218779 -0.0676667691068681 -4.1569099085826835 0.3746565274463476 0.03256081481361774 0.9265917546473836 66.94505085503138
0.9254604129271258 -0.10293559907614998 -0.3645919452587885 -15.957551292698632 0.0840591376358272 0.9941842722263683 -0.06731785972269787 -4.236775665949882 0.36940098197578486 0.03165272974891585 0.9287308647906387 67.81932863515493
0.9280161385459218 -0.1051047523591062 -0.35740598432293624 -16.300673121677697 0.08581224291561762 0.9938867757979907 -0.0694646374759343 -4.319659118424662 0.36252214492925366 0.03379449548969368 0.9313622423689345 68.7069983335629
0.9316137940661526 -0.10621640585118189 -0.34758281579175465 -16.645908123801963 0.08803340086086867 0.993811423244754 -0.067741976359591 -4.406934513651388 0.3526270821115945 0.0325104622589532 0.9351990220296275 69.62801786489202
0.936081117979383 -0.10645663844055042 -0.3352896131621233 -16.991131990142016 0.08908947480296223 0.9937806293792761 -0.06680663252896056 -4.497014566759218 0.34031633231715536 0.0326656517226453 0.9397434485835664 70.584485560503
0.9416589342781487 -0.10523510927845976 -0.3196936397072858 -17.318486229199962 0.08811249392653273 0.9938138886398349 -0.06760283396880758 -4.583644263991312 0.3248301708711612 0.03548980870219064 0.9451062551745671 71.52908807873666
0.9465930145405214 -0.10429355096877084 -0.3050975582488542 -17.61137718076266 0.0876090118968314 0.9938371113893402 -0.06791507240481146 -4.665570576119897 0.3103003800473813 0.03755863751009019 0.9498963221798663 72.43448395355105
0.9504855083497851 -0.10384759604232663 -0.2929043789588694 -17.866847896946744 0.08844592076667485 0.9939327862206033 -0.06538299148464735 -4.74500832580391 0.29791713196254116 0.03623938840510645 0.9539036058277784 73.27482462600017
0.9547460996538265 -0.10246236012667718 -0.27921559761782117 -18.084366553241797 0.08779886089813073 0.9940438755406413 -0.06456108367376298 -4.816188059339037 0.2841676357729649 0.03712463141111404 0.9580555915612582 74.02494486572178
0.958868976337093 -0.10235093960802923 -0.2647537938908699 -18.281127846741935 0.08849790415865653 0.9940331965359172 -0.06376617554871955 -4.881684981401347 0.2697005880189748 0.03771325159593719 0.9622054372514638 74.75276104829612
0.9625438102073641 -0.10239097502827864 -0.25104880335155644 -18.46378047214584 0.08992616517726877 0.9940993415959526 -0.0606612220038685 -4.9475107806551275 0.25577861178761696 0.035813227601690666 0.9660717957174554 75.48162853858524
0.9653842622399199 -0.10251665515560446 -0.23984070053932163 -18.635415069788035 0.09085431174449651 0.9941020164727059 -0.059217184012178896 -5.011641691341649 0.2444968716710285 0.03537677572370496 0.9690045219102309 76.18963804501539
0.9676548357563228 -0.10269119327178673 -0.23043141639503173 -18.798548947228248 0.09187666317003261 0.994125577257663 -0.05721027361284972 -5.073633436141727 0.23495275610672067 0.03418852828849655 0.9714053463571849 76.87867139025175
0.969747400235232 -0.102978064075448 -0.22132667723589453 -18.94788414804965 0.09298285343153062 0.9941395300422363 -0.05514330217833017 -5.132810933115579 0.22570814939815365 0.03289548793790865 0.9736394189681247 77.53566663256811
0.9722017514755166 -0.10249624523776842 -0.21051905885239278 -19.094949982106236 0.09317282920933007 0.9941972035218927 -0.053765643364289184 -5.190555269783308 0.2148082361667421 0.032656396332207065 0.9761101277281814 78.19680190277262
0.9751024639759335 -0.10231750134616124 -0.19673920215946183 -19.233489965979757 0.09424681756509788 0.9942934126944112 -0.04998146507807954 -5.248583231858721 0.20073047134631633 0.03019500605693675 0.9791810555164489 78.8783893300995
0.9782006673181224 -0.10177454698700428 -0.18101214336052165 -19.356124026902172 0.09455336065681635 0.9943567407906382 -0.04810752573891412 -5.304598241668645 0.18488676655423955 0.02994350730639882 0.9823035528406224 79.54554894032913
0.9810468746200334 -0.10196625426044613 -0.1647723058962224 -19.462864490469446 0.09548341037462046 0.9943294090907618 -0.046818207574050044 -5.357150363533058 0.16861182681382683 0.030197834513572306 0.9852198448311903 80.19267902629086
0.9836359523766357 -0.10177953138878618 -0.14866485859942757 -19.561429648085078 0.09639713499749465 0.9944140647745314 -0.042991396149315964 -5.410893752194923 0.15221007048281457 0.027957016451541195 0.9879526808884849 80.84282017825082
0.9857729193560893 -0.10200616166212721 -0.1335907723128083 -19.645847954207532 0.09764479172370093 0.9944639659648564 -0.03881900367967313 -5.461875845940903 0.13681098681541473 0.025222279445113672 0.9902760173336445 81.47047678663255
0.987404626316527 -0.10282990528714032 -0.12024189996568038 -19.713536226698583 0.09922374922558365 0.9944274421633131 -0.03561895369248855 -5.508123535146631 0.12323453865835393 0.02323946753191499 0.9921054256632685 82.06352995241828
0.9887588049371279 -0.10281602339429739 -0.10855823779283395 -19.770874611034184 0.09968684188955391 0.9944417822624275 -0.03388325906421013 -5.550489291598498 0.11143858942659488 0.02268054285304072 0.993512472877166 82.63745464816566
0.9900775199295823 -0.10220899771273545 -0.09643560191467265 -19.820316240043766 0.09960114785350851 0.9945289660795541 -0.03149201446391145 -5.5916141092179945 0.09912676669977001 0.02157443893337062 0.9948409057273223 83.21564847355724
0.9910679143141112 -0.10303327363175885 -0.08466719401161248 -19.863759997396993 0.10080243454975395 0.9944472322132086 -0.030225345859558436 -5.632953375403568 0.08731127307466899 0.021420711197588396 0.9959507491466982 83.82881714246443
0.9920090200875521 -0.10197044206078644 -0.07429759761164453 -19.904854883033405 0.10009600206718079 0.994568383026037 -0.028539829276640363 -5.673008324878526 0.0768042605270106 0.020874875590064342 0.9968276406350287 84.47765496286425
0.9928503095616864 -0.10017902267424192 -0.06490320654094513 -19.942391083354547 0.09881655550756105 0.9948190716708591 -0.023881017514964013 -5.712447539589734 0.06695932467464034 0.017296764320608116 0.9976057692210651 85.18404230784631
0.9936640572547419 -0.0979578450911532 -0.05509992654388954 -19.978169682257104 0.09698945327922621 0.9950846544970235 -0.019989405622356685 -5.752561641192108 0.05678721046715648 0.014518642141604362 0.9982807329392481 85.94815216680644
0.994241029625715 -0.09664301056215731 -0.046313103094916416 -20.007724827490982 0.09598311455981154 0.9952499524280289 -0.016271874858266974 -5.789822777561619 0.047665676625803295 0.011732889733044453 0.9987944345911806 86.72965850295063
0.9945300219283577 -0.09735332833668436 -0.03784659753464541 -20.027374538544368 0.096906778473232 0.9952023906816304 -0.013463946951255888 -5.823482836104392 0.03897578439389765 0.009722707613419347 0.9991928528505114 87.4931003389204
0.9946935532569274 -0.09866475547678123 -0.029154778953272373 -20.03953282528209 0.09834521832994234 0.9950775566999864 -0.012201400887603651 -5.854608161485467 0.03021511444199979 0.00926942170208196 0.9995004375589662 88.26713934650083
0.994779053682481 -0.10040094065039076 -0.018283475356270396 -20.044726443901446 0.10018321040700637 0.9948909729086672 -0.012460994237605423 -5.883645803895009 0.019441160128245902 0.010564238797039454 0.9997551891095671 89.10845154553873
0.9949613960059636 -0.10017003200913478 -0.004217243786184685 -20.039862545800524 0.10011990583989665 0.9949170560631744 -0.010772929462100627 -5.911105991109216 0.005274932461502062 0.010296418885908749 0.9999330771834942 89.97078676561378
0.9949494251930653 -0.09965787177776657 0.011997912348164759 -20.020152890454288 0.09974007477201115 0.9949925654073489 -0.006458503586351383 -5.938698290632798 -0.01129419286454842 0.007622557105561681 0.9999071646061499 90.83438557912187
0.9945078600264574 -0.10049341738160476 0.029243621673139538 -19.984172440973815 0.10061084871591498 0.9949225395227169 -0.002568554132158025 -5.963482679956625 -0.028837015557411673 0.005496672869396318 0.9995690136859525 91.69483840201092
0.9936542798348308 -0.10175831723386514 0.047920945729973054 -19.932328170676502 0.10172243274107177 0.9948076947136923 0.0031933079503792265 -5.984645636773257 -0.0479970711935749 0.001701591067180853 0.9988460270455495 92.51670010398666
0.9924253116278032 -0.1019056515435661 0.06860932169857219 -19.865296223984686 0.10143894563788322 0.9947888438620908 0.010261405137602077 -6.0023133613507955 -0.06929748298698507 -0.0032240209373903517 0.9975908302208193 93.34125866711989
0.990682098400891 -0.10337020132153431 0.08867683681070224 -19.780029434570253 0.10266901074282624 0.9946377256432681 0.012444635803221233 -6.013192495088059 -0.08948773179098864 -0.0032243148002122062 0.9959827054989323 94.19040156442674
0.9887490451694303 -0.10509204939429957 0.10644710813660119 -19.677282289691306 0.10398278596896966 0.9944514607476063 0.015933375006000894 -6.01861408371865 -0.1075309532119504 -0.004685442461125854 0.9941906963607499 95.05355763107684
0.9866533309670917 -0.10526064643867539 0.12423928848336958 -19.556517751572652 0.10343117624817584 0.9944127205207822 0.021102915589405413 -6.020954197377001 -0.1257664353929959 -0.007971046215332836 0.992027855531674 95.9435873770308
0.984304403779364 -0.10473897484479913 0.14203727626581195 -19.420299127169525 0.102129923329702 0.9944427298463313 0.025556521994272736 -6.018401127337562 -0.14392470066399074 -0.010649141009259733 0.9895313417646482 96.83911596037396
0.9819614321631357 -0.10315243704073401 0.15846551825769542 -19.26733064224324 0.09984635126551301 0.9945886821418564 0.028706436460961014 -6.012988615805059 -0.16056914984855117 -0.012366409660075895 0.9869471211919271 97.75248741299072
0.9796087087996006 -0.10171572194994394 0.1732647960555754 -19.08900907513735 0.0979723037848256 0.9947355092740813 0.03004487111515346 -6.001222600692108 -0.175408680899984 -0.012457066164793201 0.9844168914476698 98.74098835840445
0.9772717799110276 -0.10020495768414528 0.18681229789564163 -18.89033376944016 0.0959742064914789 0.9948827734789066 0.03157877013513517 -5.985551532171819 -0.18902068637549277 -0.012931878843980758 0.9818879501407998 99.76372676002549
0.975193196472896 -0.0991921074579225 0.19788672358455728 -18.68380685383796 0.09529584945250828 0.9950223800655376 0.029140422883615832 -5.9695016373908 -0.1997922186425188 -0.009559758719081142 0.9797916515173685 100.76361750787612
0.9733468383133754 -0.09804883566673087 0.20732187093925583 -18.47030113245262 0.09439259410097911 0.9951557207491347 0.0274796222527939 -5.955168925678108 -0.20901189086806282 -0.007177554225978044 0.9778867583678029 101.74919371507546
0.971080803554169 -0.09766584693467868 0.21786109177896051 -18.24734690616398 0.09352731984494814 0.9951868557255186 0.029253420890127634 -5.941881356309173 -0.21966955503940389 -0.008031471452112998 0.9755412764486717 102.72798120182654
0.9687059269875435 -0.09872297941759936 0.22773361709268014 -18.013717769798824 0.09447219780045991 0.9950897636657305 0.029518910725660815 -5.929004658840114 -0.22952958602749704 -0.0070806484583699055 0.9732759287866183 103.69702365378988
0.966747740071385 -0.09835085886832123 0.23606337205659972 -17.778987089606208 0.0938710183801815 0.9951271314764274 0.03016992057932632 -5.915702351721753 -0.23788030388230313 -0.007007193400984172 0.971269200719092 104.64266617661875
0.9649009076947093 -0.0964582988746086 0.24425813171344363 -17.53934201252684 0.09155249473848313 0.9953054972970843 0.03138642632352399 -5.903348441757134 -0.2461389425448267 -0.00792234993033462 0.9692021756756921 105.5872976724987
0.9629124950174341 -0.09601167406482047 0.2521532973858754 -17.27991442489656 0.0910553041131162 0.9953544557611551 0.03128000941944711 -5.887247098298007 -0.25398515415702383 -0.007160016737652726 0.9671816146040767 106.57112492473505
0.9605233836797445 -0.09602893326611506 0.26110012137144917 -17.001508124882832 0.09181371699667372 0.9953732915249658 0.028324051440572824 -5.871021307308419 -0.2626120156726809 -0.0032333410778227316 0.9648960953023934 107.59106078189873
0.9577340944888749 -0.09452258826140197 0.2716815867186059 -16.721875225412795 0.08987122526529025 0.9955151687851492 0.029541692368401734 -5.85644738338913 -0.27325549788227427 -0.003876728909700797 0.9619336795486841 108.57861077699624
0.9545914336428089 -0.09238020588141128 0.28323328260830205 -16.43733618695511 0.08719174144802862 0.9957122350088112 0.030898952684774997 -5.843732564500412 -0.2848732964653349 -0.0048002723947611625 0.9585531609388751 109.54105495054657
0.9510454713368128 -0.09061977416031075 0.29546669521432223 -16.13916021249888 0.08493669638219871 0.995871052589986 0.03204066511465382 -5.827806063740179 -0.2971502466050085 -0.005376164473440359 0.9548155988452098 110.50157534290682
0.9469830628903116 -0.08996195481027687 0.30843139477945025 -15.834469135121454 0.08418892303386023 0.9959357458669238 0.03200336455579132 -5.811386364939897 -0.3100569364443931 -0.004340137233525182 0.9507080831525055 111.430278773569
0.9428059695673474 -0.08881564892806665 0.321292210073104 -15.508373016904644 0.08321883793438271 0.9960446311563588 0.03114029154394593 -5.792450315275031 -0.32278712607696175 -0.0026216884020465055 0.9464679593039046 112.38375816769388
0.9387898817174702 -0.08850581725146484 0.3329268362531738 -15.161388067030817 0.08257862501645544 0.9960725379872817 0.031941661790907225 -5.7720046010290575 -0.33444630163194994 -0.0024938685256795123 0.9424115088136853 113.360954243126
0.9353890897546652 -0.08909528705456925 0.3422123326132504 -14.812351941401639 0.08286652762193998 0.9960203748587688 0.03281084372699991 -5.753273132932074 -0.34377374735110383 -0.0023329575348165744 0.9390496088819373 114.30450474346245
0.9320890022040972 -0.09000483360274632 0.3508692376061367 -14.464963322429062 0.0843796286303944 0.9959412439209174 0.031322786106129714 -5.736237008971735 -0.3522643471064972 0.0004105915191206356 0.9359004547344963 115.21037269608689
0.9276730736535284 -0.08981971441037365 0.36242942391788985 -14.1137955322813 0.08408559177059234 0.9959573641695217 0.03159971539564742 -5.71700139722403 -0.3638025311550267 0.0011608874775536945 0.9314753730858695 116.0980543156797
0.9219832666821314 -0.08904474719652188 0.37685260905936785 -13.759753836771225 0.08209787708177463 0.9960272539853008 0.03449127276812018 -5.696979866946316 -0.3784267360227226 -0.0008615771622738272 0.9256308460439192 116.96110225732026
0.9167253311340423 -0.08778253668517474 0.3897549146711251 -13.394816430192467 0.07934600344453288 0.9961329363695272 0.03772777249191179 -5.677928100919216 -0.3915595471886244 -0.003660509928578929 0.9201454894050733 117.81731350456529
0.9121518633776334 -0.08563686488037844 0.4008058202049599 -13.016588045883939 0.07740898703660914 0.9963233830939355 0.03670919539051349 -5.657550275482327 -0.40247587115587097 -0.002458388438107264 0.9154272933792229 118.67704319542845
0.9067423120260465 -0.08567757056476381 0.4128894930653716 -12.646227889745873 0.07604822584579274 0.9963121660787206 0.0397332992492786 -5.636758497396388 -0.4147710777373071 -0.004628350207723386 0.9099140242061264 119.48752952436094
0.900049271700662 -0.08491027109768401 0.4274360237196039 -12.292889748074614 0.07295345880492984 0.9963506525107014 0.04430767529327506 -5.617706656594789 -0.42963833786046807 -0.008696154530290491 0.9029591771153774 120.2270430218181
0.8920851688037434 -0.08527357498611739 0.44374820451409536 -11.931957501992505 0.07162641497181642 0.9963016512067452 0.047462369104329 -5.595476151559343 -0.4461543547682594 -0.010556382514735854 0.8948937671643046 120.93726429840191
0.885049262134709 -0.08651167905795498 0.45738772718709936 -11.518309068891385 0.07198111510881436 0.9961947909334683 0.049139165486526706 -5.5658035275529905 -0.45989838297443386 -0.01056730351575223 0.8879086717866352 121.7190034124188
0.8779275252433587 -0.08963657989638134 0.4703281237227383 -11.078444318449902 0.07375379732129077 0.9959128982069684 0.052133257769716654 -5.53357590313316 -0.4730788917302928 -0.011080736865091615 0.8809503842270372 122.51988670312343
0.8698508195637727 -0.08891755230781231 0.48523522192419277 -10.648413987634072 0.07230812947570403 0.9959791544836395 0.05288722195177856 -5.507900502231694 -0.4879867683820519 -0.010917542106139197 0.872782745680964 123.2808867697182
0.8627988850657063 -0.08345151928275304 0.49861200131843464 -10.213054156734678 0.06947969772200469 0.9964965335347206 0.04655352035820189 -5.481088036570622 -0.5007500928944832 -0.005522914328771592 0.8655742844398068 124.03069581562276
0.8563775696078882 -0.08122610171257107 0.5099213455750464 -9.779957062883009 0.06718413616378509 0.9966827730546637 0.04593192510649849 -5.457164776066155 -0.5119606919680586 -0.005076445276180273 0.858993876336115 124.74835887986062
0.8493919469171949 -0.08048243853305898 0.5215897790409527 -9.353966140020127 0.06567291009551643 0.9967406182761698 0.04685305494866268 -5.436286569165927 -0.5236605669628029 -0.005542288896166122 0.8519089702790947 125.42993307301334
0.8420444351365962 -0.08194845293055686 0.5331469031306278 -8.903098459699958 0.06661369694204292 0.9966245921962777 0.04797955407581509 -5.412387645689618 -0.5352791651420826 -0.004886030279143118 0.8446610811875416 126.12511886968812
0.8345424555745037 -0.08188485685190496 0.5448245222656748 -8.441590759656433 0.0672597401766414 0.9966389490260423 0.04676465156112966 -5.384421449225508 -0.5468226560732912 -0.0023823313384591063 0.8372450700376475 126.82108958342648
0.8274506057807592 -0.08307756112947576 0.5553589954523409 -7.962178644974852 0.0680699764842528 0.9965417528493055 0.047655147984917205 -5.352805781746794 -0.5573975002585576 -0.0016290073079323335 0.8302441647134308 127.52906805517402
0.8205730336424288 -0.08698462434118821 0.564883679696169 -7.465672688693353 0.06934915465061599 0.9962014656097229 0.052662459743941695 -5.323780741234841 -0.5673187738900476 -0.004039188688299847 0.8234883689200677 128.2426283776788
0.8147404870352766 -0.08981255869251094 0.5728277604015235 -6.994807993048867 0.07073943014286309 0.9959474617017315 0.05553905430360048 -5.297951913356536 -0.5754944585385545 -0.004728406811977824 0.8177920092299977 128.90479665742538
0.8110718458241871 -0.08884021688132156 0.5781607706994882 -6.5198188433099205 0.06993065606446786 0.9960373012774785 0.054949047364519464 -5.271170204130724 -0.580751379037312 -0.004136463266467895 0.8140704671082877 129.57027898759188
0.8090740624152489 -0.08523744183533764 0.581492682702245 -5.981403127128438 0.06985841508110528 0.9963600618694428 0.04885108958737378 -5.239565103024205 -0.5835400272211345 0.0010980076889711347 0.8120836354772043 130.3209786900323
0.8071784529587092 -0.08642642720096977 0.5839464168572841 -5.402670258054708 0.06933778192790853 0.9962575541552218 0.05160579217462701 -5.2037624666600335 -0.5862211332564731 -0.001165534181590131 0.8101502480735091 131.121638779026
0.805383758076783 -0.09100572843858465 0.5857260107059282 -4.816208758465168 0.06946853084321966 0.9958258227210778 0.05920349672418709 -5.170615465902193 -0.5886689438458625 -0.006992009242611503 0.808343977745952 131.92696086404789
0.8052603674950974 -0.0894247314506128 0.5861390261249008 -4.246779181840863 0.06921917680210504 0.9959799448799208 0.0568564416739769 -5.134186357727186 -0.5888670869597827 -0.005212178236897032 0.8082130827285133 132.71388255915608
0.8056359486198948 -0.08751679260713292 0.585910854399441 -3.682161385068021 0.06782590661491966 0.9961505022519076 0.05553218215714205 -5.098881264143736 -0.5885153903537164 -0.004998787355937642 0.8084705606525097 133.49938724063338
0.8075460114942444 -0.08657436420578583 0.5834160768971852 -3.114033217899077 0.06772799918489264 0.9962366892807921 0.05408675491518418 -5.065099426146047 -0.5859030273399769 -0.004163939625877866 0.8103704734012973 134.2951227194529
0.8105644074637277 -0.08637598316245747 0.5792447935766843 -2.5745891187430376 0.06805401939729025 0.9962553391643137 0.05332869425055305 -5.033652840183297 -0.581682036680565 -0.0038064050381667594 0.8134073515058957 135.06033455565426
0.8135936771005163 -0.087405980099625 0.5748265157635696 -2.0379456410815977 0.06914805235409827 0.9961652839155706 0.05360292881030805 -5.004116912484975 -0.5773074358066907 -0.003862869947592523 0.8165177296287399 135.82578872468594
0.8170867969492227 -0.08771760890801154 0.5698024107870389 -1.503733027705972 0.07005714804130614 0.99613992827118 0.052888933740473744 -4.971819201052979 -0.5722422234155558 -0.0032961176172626393 0.8200780288174258 136.59478336728014
0.8205355297275034 -0.08846388574806599 0.564708407386643 -0.9861320760416341 0.07019706394189235 0.9960682919138433 0.0540400782547007 -4.937860028923471 -0.5672687340835413 -0.004700932055392206 0.823519328594701 137.35291422046146
0.8238197734793371 -0.089466284741555 0.5597470542298522 -0.4748074890687328 0.07116177964456155 0.9959771509099599 0.054456551333108415 -4.907177696036325 -0.5623673016297026 -0.005029787253910081 0.8268722508936356 138.11054695789286
0.8270048253827288 -0.08874994167395303 0.5551454463890995 0.03574334817175484 0.07201057700546001 0.9960494320257112 0.05196157965840161 -4.87798741915884 -0.5575638937314927 -0.0029961331955744588 0.8301286211141325 138.87943120381482
0.8306398867634336 -0.08732229073292161 0.5499201724421332 0.5413166936370832 0.07136632590656966 0.9961767004357293 0.050386794257801 -4.850500334555043 -0.5522175531837319 -0.0026074988275699928 0.83369597270566 139.65787935993578
0.8341006096824038 -0.08800825961355675 0.5445463425340721 1.053874302130049 0.07170651539262751 0.9961131668802349 0.051154026411156954 -4.820902966807265 -0.5469317586113364 -0.0036200839243373598 0.8371693654301331 140.45390367262465
0.8372473626867897 -0.0894976768219392 0.5394506645815639 1.5653948308055388 0.07283520903000282 0.9959772719883377 0.052194884885605704 -4.790932464745845 -0.541951922221493 -0.004409027800041826 0.840397926267246 141.25450880318
0.8409384636129497 -0.09079602245198082 0.5334590731473137 2.076722577545672 0.07518386739036154 0.9958656767660461 0.050979799171148095 -4.760039414163197 -0.5358823438969791 -0.002763357776589206 0.8442881482961125 142.06564234936235
0.8454195942197074 -0.0899754895869269 0.5264694872288211 2.602967263367084 0.07611794443062155 0.995943860559653 0.04797796524643865 -4.725816894247008 -0.5286508944899666 -0.0004877367368301624 0.8488392037764477 142.91865150288473
0.8491372678882577 -0.0892983566536633 0.5205686350350164 3.1119678831501982 0.0755246086335896 0.9960042518208402 0.047660925773097274 -4.691788920726333 -0.522744616207578 -0.0011549258680513205 0.8524885526341286 143.76036375939137
0.8511267496745093 -0.08884485144595614 0.5173875224240054 3.597072848421844 0.07428633444106682 0.9960405625570778 0.04883378191669225 -4.660946565464765 -0.5196775889951525 -0.003128915550643489 0.8543567249010582 144.56764859924505
0.8519834518613937 -0.08833647373288617 0.5160628500122665 4.075090947003423 0.07479468858851679 0.9960896154903882 0.04702374369565303 -4.630337873547928 -0.5181987575373862 -0.0014646913144980005 0.8552589680126499 145.36216026730787
0.8522871657650167 -0.0888293010376251 0.5154764226901184 4.554851600660363 0.07573083342448433 0.9960467205973167 0.04643028382597834 -4.601507416298496 -0.5175629700249696 -0.0005344759067139432 0.855644953467522 146.1585570598607
0.8527933332100102 -0.08888868070984281 0.5146283448025615 5.046847067264351 0.07678886979207471 0.9960406937830188 0.044792921363708216 -4.569845339562584 -0.5165723572827106 0.0013186242463842234 0.8562425245930507 146.97299870546465
0.8532482213958481 -0.09103053827929788 0.5134986989130575 5.538506978331529 0.07774009583244147 0.9958479792939093 0.04736327307310337 -4.541550688084524 -0.5156781459251347 -0.000493190445776205 0.8567822398826905 147.7919077471121
0.8542872987996207 -0.09112788202174756 0.5117508380333907 6.036874393846356 0.07852096582967696 0.9958389722822951 0.04625147791059044 -4.51588794985748 -0.5138362278341437 0.0006711199367997906 0.8578880349807946 148.62532203722202
0.8561545245094969 -0.0910733529789006 0.5086305874985279 6.541145960624063 0.07943930308334032 0.9958417008286707 0.04459488778201156 -4.489716526226663 -0.5105769553040465 0.0022251444531905342 0.8598291815498079 149.475120214432
0.8584615132926697 -0.0919058141454584 0.5045762098251559 7.047344933905367 0.08027246064585815 0.9957656084808808 0.04480161859305061 -4.466350804091815 -0.5065571658333525 0.002043108650674876 0.8622039569904114 150.33618028369847
0.862093367364812 -0.09316315221829179 0.498112088805673 7.55558659804637 0.08316717963995976 0.995638404477119 0.04227750892600358 -4.442364249494554 -0.4998782313487296 0.004979417536722687 0.8660813814097733 151.2101595017435
0.8663247959575412 -0.09430026843359718 0.49049852933773036 8.054849168470614 0.08419021672248943 0.9955344918888672 0.04269757449542347 -4.419550732376835 -0.4923345969128568 0.004305209974376223 0.8703953755907321 152.0855616470307
0.8704299349096847 -0.094409327799865 0.4831548480947903 8.549870880432536 0.08487800449565122 0.9955219562794261 0.04161440758220279 -4.397269651006267 -0.4849200478078408 0.00478679328560344 0.8745453869548925 152.97546185320016
0.875158566508596 -0.09276886680507349 0.4748593695172519 9.043839276525532 0.08441897317957651 0.9956694982278609 0.03893182844386862 -4.3731283344448375 -0.4764146517834286 0.006015617206852872 0.8792001432641463 153.89380591651894
0.8793673656642236 -0.09201138363825635 0.46716907162796784 9.521158656399972 0.08336585915336919 0.9957478829736974 0.03919549822387163 -4.35010572489398 -0.4687890460883066 0.004478709007124671 0.8832988007652027 154.80197658473153
0.8827774607373577 -0.09240563678656527 0.4606138872246168 9.982383562682594 0.08349614460472035 0.9957156932534335 0.03973225446635585 -4.328726769021989 -0.46231196031494837 0.0033847450274688048 0.8867108857180276 155.69404871384688
0.8859520044695005 -0.09278398763246502 0.4544008994439737 10.431725219136133 0.08355944101761963 0.9956838648755448 0.0403913486196997 -4.3078141755593045 -0.456187314152089 0.002184688882592689 0.8898810940463843 156.57596112714816
0.8889916278206063 -0.09336028156012417 0.44830541318601375 10.867373001205676 0.08537506583665279 0.9956224184306554 0.038040741996939645 -4.286493217594395 -0.4498944140554042 0.004456203014320688 0.8930706346400826 157.44254155981548
0.8922124494739762 -0.09475625123988922 0.44156335655782164 11.309144962551024 0.08697445943078805 0.9954898659948408 0.03788627862819949 -4.264420898272388 -0.4431618083842167 0.004602124784741439 0.8964298254950561 158.33583727696941
0.895639389598565 -0.09603777022671932 0.43428887907634584 11.747746871061754 0.0876742477202906 0.995373540045856 0.039303206780860835 -4.242188011850178 -0.43605425131076325 0.002874450635830492 0.8999157890865969 159.24154012191542
0.8992634386126218 -0.09484141533845182 0.42700160879228743 12.183440973006258 0.0859140389468607 0.9954922372945519 0.040174412231194896 -4.220477263797795 -0.4288869849814048 0.0005580527608874546 0.903357981472836 160.16990957551465
0.9031302779658483 -0.09416879213004246 0.418912806691437 12.613179667429442 0.0851791225768032 0.9955560740717853 0.04015744583283426 -4.1975472465414905 -0.4208327673772259 -0.0005847799072435434 0.9071380489947966 161.10145187070043
0.907506295401811 -0.09344626987528866 0.40951204921525136 13.00452371212737 0.08499872567580459 0.9956242318180294 0.03882789783448534 -4.177343803490857 -0.41134844163989365 -0.0004285593898300767 0.9114780720880129 161.97068896565216
0.911677138140878 -0.09362267518210561 0.4000994757344766 13.365706035272108 0.08589074614694896 0.9956076719653664 0.0372577944867986 -4.158018871117342 -0.4018302819818056 0.0003977630526717442 0.9157140745161543 162.79017526305535
0.9153930765034174 -0.09402787213741064 0.391425950533326 13.72313845956366 0.0861111318266182 0.9955691834470655 0.03777398504366395 -4.137863022176394 -0.3932434213882614 -0.0008719127541790745 0.919433984200608 163.62261786232452
0.9182988725923693 -0.09448099799888782 0.38444833412659757 14.086999854952376 0.08601315988102184 0.9955223417475677 0.039204635041252246 -4.116449382188955 -0.38643099891554183 -0.0029339561295537273 0.9223136532539062 164.4885033675665
0.9203375221643807 -0.0951574362981564 0.3793730454493164 14.448087753036955 0.08553955002113717 0.9954419188270541 0.042170743698574265 -4.095024300146512 -0.3816566921704741 -0.006359918165492106 0.9242822733139594 165.36405981203328
0.921422155928978 -0.09664719459037437 0.3763516046744099 14.807403579437848 0.08613592031153763 0.9952800508314764 0.0447014949299825 -4.07273526579327 -0.3788955183098335 -0.008771556002278514 0.9253978852418143 166.2471142206085
0.9220465549113125 -0.09681198687579454 0.37477671989244493 15.166833846388466 0.0871698784036829 0.9952804939573308 0.042639777756643724 -4.0494756987475125 -0.3771360005028242 -0.006646619081141843 0.9261340397477704 167.13627780510984
0.9227877478159586 -0.09850307531894494 0.3725049216231381 15.535043879924585 0.08910979638700163 0.9951190837293544 0.04239638410895943 -4.0247912716692875 -0.37486293050742836 -0.0059290260884531645 0.9270612870684581 168.04406620206643
0.9234191229581679 -0.10072056708844401 0.37034104649707617 15.90793390136272 0.09079083750976608 0.9948887856539236 0.044196470496338305 -4.000329272397031 -0.37289964759897876 -0.007188292247862532 0.9278438345298833 168.9730646161412
0.9239015285290301 -0.10222865557250531 0.3687211243766207 16.27622173094812 0.09127242290659096 0.9947121775031498 0.047085334698821604 -3.9754922719613055 -0.3715848629835205 -0.009848142300845651 0.9283467583261878 169.90441247430914
0.9243638166725727 -0.10230736568401742 0.3675387562602213 16.64165516440081 0.09134248258525347 0.9947023940593765 0.04715610382235845 -3.948857941304793 -0.3704160975196357 -0.010017493665538415 0.9288119101944082 170.83235648302502
0.9244592856328815 -0.10232993205043961 0.3672922735556713 17.01175773257873 0.09092333153800992 0.9946870819315483 0.04827584096137452 -3.9203741109409256 -0.37028094332435035 -0.011233612288627202 0.9288518875287809 171.77794941856547
0.9240592506994864 -0.10308774497320582 0.3680861557204268 17.39376434946356 0.09054822244737273 0.9945736174157002 0.051228302258292585 -3.8914159797968413 -0.37136978957411726 -0.014008439491433222 0.9283793637380635 172.75270017959537
0.9238592387611204 -0.10380744127182545 0.3683858331862382 17.78195267433661 0.09084176163711459 0.9944848724776695 0.05241767598565234 -3.8599496407649734 -0.3717954831602827 -0.01496173618493778 0.9281940880828455 173.7284814633624
0.9239836808599058 -0.10548314651167516 0.3675968760838095 18.159770537218645 0.09165688844850235 0.9942748141763278 0.05492366242855179 -3.824513475826244 -0.3712858363909373 -0.01705578191180858 0.9283619595819617 174.6743455649287
0.9244516040278685 -0.1059660414791557 0.366279169300601 18.521210888726845 0.09188173702354276 0.9942092720856843 0.05572853578184247 -3.787762337643874 -0.37006347862473127 -0.017863967982769274 0.9288347002756059 175.58737178136636
0.92542546142721 -0.10692834232113946 0.36352997806327936 18.880632417082577 0.09219587403618137 0.9940680452603022 0.05769438623526878 -3.7477472915186394 -0.36754269976825776 -0.01987588993763545 0.929794231454599 176.50126695426368
0.927228916906655 -0.10788739946917458 0.3586179648147732 19.232838384897487 0.09266810650999836 0.9939227884816554 0.059414750464007765 -3.7090669038411073 -0.36284867050598757 -0.021858626961166902 0.9315916716777856 177.40791695944964
0.9298607683416461 -0.10778188188858809 0.3517698358808464 19.574672289219883 0.09310806008439561 0.9939404962370016 0.05842241939069 -3.6722991730913264 -0.35593516354303023 -0.021572108767933112 0.9342616354517089 178.31593074139514
0.932981894550148 -0.10797251898897478 0.34334635513544026 19.919755158955976 0.09316839669663719 0.9938782326288651 0.05937767731647682 -3.633153063383515 -0.34765562601314876 -0.023409268457110766 0.9373300229117328 179.25870466696955
0.9367878254948668 -0.10906385077553624 0.33246600797466574 20.26059307172492 0.09420739102672744 0.9937105112910816 0.06053418229027917 -3.5935501512967436 -0.3369770577955363 -0.025386929779456127 0.9411705298806575 180.21330884705074
0.9415378214151582 -0.10964939978520441 0.3185648128270638 20.57904083768207 0.09595605273059546 0.99367000846037 0.0584153253070605 -3.5536799141969952 -0.3229535056152215 -0.02443201614912154 0.946099418559027 181.15078577298246
0.9462204913874178 -0.11018909234211471 0.30417946282971575 20.87727586550459 0.09720927335689851 0.9935992851066612 0.05753970636833205 -3.5140859120055956 -0.3085727448300922 -0.024876184682362544 0.9508754053942465 182.07688235208414
0.9503842174564232 -0.1100430603634 0.29096454092483404 21.163271505033432 0.09706225486594133 0.9935444419714022 0.058722742681796655 -3.476916181596427 -0.2955482327642669 -0.027567493422336404 0.9549299845623914 183.00750258544514
0.9544131065947222 -0.11008904987197354 0.2774455316967598 21.44226205454493 0.09751959713758572 0.9934981806581994 0.058747708065672734 -3.4377370133218967 -0.2821091103355836 -0.029013206081587296 0.9589435247909722 183.96779568549735
0.9578827058722202 -0.11103274167755127 0.2648253236880494 21.7163259816088 0.09788560495105995 0.9932408414643805 0.06237819483195163 -3.3940847224120705 -0.2699613493340832 -0.03382840703748943 0.9622767318931847 184.95559450310378
0.9610230380524366 -0.11274142217827723 0.25243631287452456 21.97736056664618 0.10023714181474176 0.9930361325065422 0.06190117072607869 -3.350996550111724 -0.25765720586328783 -0.0341849566573845 0.9656314788805599 185.9397451983883
0.96464621149177 -0.1135885339575903 0.23781364891010998 22.227301714908375 0.10162681230437837 0.9928880964566634 0.06200982934594002 -3.305133405008632 -0.2431659467841381 -0.03564930389260519 0.9693293813026342 186.95011700371188
0.9685161794483748 -0.1140326981798188 0.22129833684995037 22.46417622777923 0.10252956840593672 0.9927438443936603 0.06282791593700056 -3.259012649926206 -0.22685699845765397 -0.03816023013983047 0.9731801986715823 187.9782476175595
0.9721810673515823 -0.11479660156065882 0.2041707926057536 22.678612933494776 0.10393455152752501 0.9925749141225547 0.06318741056075652 -3.212933530830822 -0.20990850693078275 -0.040209204477640655 0.976893872738163 188.99155371989738
0.9753909684330574 -0.11519454419438178 0.1879964778581535 22.87864550285293 0.10520804607707232 0.992497141216783 0.062295198186986304 -3.1669539092688472 -0.1937620337936901 -0.04098343158350595 0.9801921406519103 190.02153096446884
0.9780428588710246 -0.11412340793438618 0.17437893787047387 23.06714299110577 0.10470312815893035 0.9925484137525162 0.06232897649646248 -3.1203184108447033 -0.1801927333860259 -0.04270239008303476 0.9827039659613012 191.07977208458595
0.9802684253345665 -0.11302781403374278 0.1621682075711602 23.24309741812924 0.10447638713304686 0.9926944723238154 0.06035204345641914 -3.0741958177602338 -0.16780494278690025 -0.04221845416987055 0.984915784878988 192.14852276603096
0.9822840798453646 -0.1123340337166071 0.14999683780433956 23.407069353307687 0.10396944855413666 0.9926139449196866 0.0625132795358245 -3.028201672746784 -0.15591132174955677 -0.04581071075558205 0.986708183066491 193.22264666582555
0.9839588153056452 -0.11111720886212499 0.13956366173543036 23.560267334167257 0.10320701065648484 0.9926808995460676 0.06271319341063612 -2.9815801924563714 -0.1455106962860905 -0.0473032511683768 0.9882251968530451 194.3114407699376
0.9851695494636206 -0.11032502305577885 0.13141289167120618 23.70950495063666 0.10267120302621394 0.992674927746997 0.06367976045527944 -2.9326779225339434 -0.13747575378515361 -0.04924304123664276 0.9892803141733748 195.42688587768174
0.9861017493143052 -0.10780129056810267 0.12642081217551981 23.84525251320624 0.10113512983585829 0.9931787358942628 0.05803175062459989 -2.885982728683328 -0.13181436003846683 -0.04443962555336372 0.990277786365183 196.51241779856218
0.9867181242317864 -0.10586996002009694 0.12320265775480384 23.97984395437816 0.09969589379278627 0.9934822876514705 0.05526004780721352 -2.840660067335834 -0.12825003732304197 -0.04224329163478073 0.9908417796189753 197.5927381606871
0.9869590173706221 -0.10577298695031305 0.12134238032288772 24.11565758647921 0.09955958715428273 0.9934437690883495 0.05619044638726387 -2.7989175387217533 -0.12649026301057378 -0.043376870462725994 0.9910190010652554 198.6867582865723
0.987182496840269 -0.10624591171463389 0.1190904033754932 24.248077058618033 0.10024693478570186 0.9934247979503473 0.05529668058193054 -2.7583609431591385 -0.12418240615434468 -0.042649467303063106 0.9913423994465702 199.76774015635556
0.987656424466929 -0.10672448269777755 0.11465021588332325 24.373429649818704 0.10114211073850943 0.9934341795355378 0.05346778811498703 -2.719302272546364 -0.11960376517718777 -0.04121183960273844 0.9919659891508373 200.82761773723954
0.9882562226435634 -0.10797236021997912 0.10812773850775903 24.49386275496389 0.10268861207285084 0.9932838679888184 0.053312348885790915 -2.6823714296703094 -0.11315779847994008 -0.04158277313618967 0.9927064952046392 201.88362894472195
0.9890788678352815 -0.10898832674026705 0.09921964440590332 24.60411039174175 0.10423564709389774 0.9931974429978889 0.05190153270731807 -2.6468599137027655 -0.10420135832412866 -0.04099248536999431 0.9937110712207035 202.93906928472543
0.9901283398735224 -0.11025202615147069 0.08654687347788624 24.699548716891833 0.10606863052324206 0.9930218963362163 0.05154569832436287 -2.6131281673516145 -0.09162595810263444 -0.0418569483636552 0.9949134031037362 203.988943134332
0.9912305044640124 -0.11038772459301525 0.0726404658519999 24.780136859053414 0.10698559093635661 0.9930435255654978 0.04917966718515401 -2.5810945588512517 -0.07756397586520081 -0.04097690314824408 0.9961449307487154 205.05981387438086
0.9921270462105839 -0.11033378750738165 0.059248455775126406 24.847269310915266 0.10749414878971415 0.9929897352364072 0.04915682751258409 -2.549212188563218 -0.06425676737461894 -0.04240095576049107 0.9970322095083799 206.1572880416108
0.9928042275569121 -0.11071416877372113 0.04563045669140658 24.89847725452251 0.10855465620418712 0.9929613635035303 0.04736683655890413 -2.5214817758258805 -0.05055346043064733 -0.04207259704310171 0.9978347780151464 207.258788029925
0.9934295447228767 -0.11009966907325798 0.031237838299987105 24.93424898473036 0.1086007949294335 0.9930115635048846 0.04619417805608206 -2.495769188941782 -0.0361054983678684 -0.04249820720384549 0.998443937020035 208.35368062595037
0.9940652095512552 -0.10740277832723127 0.017291684921083423 24.950960020381917 0.10657594429744165 0.9933660681402351 0.043190540222553545 -2.4735983213676236 -0.021815757078932328 -0.041091335768006394 0.9989172012073246 209.43672555991165
0.994470561103454 -0.10476079530039345 0.007312924627662175 24.9593820067998 0.10436741247121858 0.9936578035295162 0.04185227232729127 -2.4501872109614022 -0.011651021957034975 -0.04085762172378985 0.9990970465547544 210.54802268393877
0.9944699040501057 -0.10500908586417361 0.001643722769718835 24.96430765299518 0.10485645892446004 0.993659518213238 0.04056950685005455 -2.428280678725181 -0.005893467603719086 -0.040172798635447725 0.9991753666346065 211.68758221583812
0.9943583566693613 -0.10597971519054096 -0.004445052298767264 24.963195208841668 0.10607259460292358 0.9935814098474591 0.039301230002853814 -2.407979106481201 0.00025138816751490533 -0.03955100471119834 0.9992175212786876 212.82243891879747
0.9942491856723442 -0.10650609753407903 -0.011180696666182254 24.954286042155843 0.10685029544641683 0.9935909753705453 0.036878015472904146 -2.387318137420368 0.0071813057930542636 -0.03786059759522548 0.9992572261419176 213.9382671335465
0.9942956601476259 -0.10520463318330356 -0.017553500174116894 24.93553762266356 0.10576657275878054 0.9937769881675876 0.034938944967150574 -2.3675242966897074 0.013768525645752854 -0.036596214904311634 0.9992352799797553 215.00914027693048
0.9943352619105397 -0.10319224421365195 -0.02547052522913182 24.90673409178277 0.10409945403767763 0.9938666444069515 0.03731483356952581 -2.3479531763643933 0.021463704022262012 -0.03975492258090824 0.9989789064541008 216.0880609360567
0.9941697880482122 -0.10252196361292785 -0.03340178901079491 24.871195486837212 0.1037330572868792 0.9939241104558414 0.03680102553569985 -2.3300477343423047 0.02942593002929905 -0.04005133744972469 0.9987642389525165 217.1943785685635
0.9937777858178031 -0.10423258718474614 -0.03925914140475453 24.832552432068102 0.1055675946517342 0.9938436915284662 0.033618443874096446 -2.3113570277040822 0.035513312637817526 -0.03755375584203197 0.9986633667295733 218.31472259251294
0.9937586805764604 -0.10339791613023136 -0.04186353686512519 24.787686385025747 0.10484268368059242 0.9939101134177324 0.033921941639581996 -2.295083707512168 0.038101134597060375 -0.03809930951964391 0.9985473179356819 219.4568209892704
0.9941551863740314 -0.10083293135704467 -0.0385770055805225 24.743772670888852 0.10219236015574586 0.9941467927728038 0.03505532691822517 -2.279786391801752 0.03481647499981132 -0.038792710313805795 0.9986405452889929 220.60511237253988
0.9944204332082374 -0.10023449546784748 -0.032879293426823636 24.71277119985207 0.10139867814929501 0.9941983806098806 0.03588715734443259 -2.260905332872206 0.029091409170351152 -0.03902083944502563 0.9988148296864086 221.705449474539
0.9943453028919704 -0.10190812995340899 -0.02986890801610102 24.688563389971055 0.10297411410561268 0.994009209086005 0.036633646779655624 -2.2396540119436668 0.025956703196659228 -0.03950221894541424 0.9988822874881453 222.75961232040603
0.9942119811795151 -0.1032812764821292 -0.029589092708715462 24.663225056532532 0.10429229215882262 0.9939325343596722 0.03494617200231317 -2.2196943613562956 0.02580027665281436 -0.037829817202551796 0.9989510752059184 223.80478748164933
0.9939434444914801 -0.10480020483408478 -0.033065786232073346 24.632922905885618 0.10586938003572317 0.9938510184445458 0.03243189028700212 -2.201333936558115 0.029463596577181807 -0.0357361190320161 0.9989268372975407 224.8642079654962
0.9934821244049711 -0.10654108595538928 -0.04052487496873068 24.592544618271727 0.10782227590088832 0.9936911272609437 0.030859365230430397 -2.1857477081693317 0.03698141840624323 -0.03502771197664445 0.998701874478237 225.93614004853745
0.9927341221035259 -0.10837386347577392 -0.052288321130778755 24.54150363832667 0.11000372521533597 0.9934973774919683 0.029362243703906606 -2.173079746874841 0.04876621012637749 -0.034900811336029014 0.9982002755549597 226.9971961847597
0.9912691478617544 -0.11130732728784173 -0.07068348738897959 24.474324742612882 0.11349700558852731 0.9931508678422925 0.0277449711936529 -2.1634372113072873 0.06711114825324169 -0.03552509811578493 0.9971128628114251 228.0365998281517
0.9888934145846265 -0.11365618524542609 -0.09577100890465118 24.38256360226235 0.11635846719952483 0.9929385679626723 0.023102107332716903 -2.1582202874896366 0.09246903104355828 -0.03398928960264829 0.9951352704482811 229.05685533773035
0.9853307212532613 -0.11504184595656762 -0.12605055903657306 24.259781388687095 0.11836146404148398 0.9927859931014794 0.019145122915867955 -2.1600515570792247 0.12293873915281463 -0.03378380648199089 0.991839059946272 230.04993706241308
0.980007821897582 -0.11463796176730252 -0.16261244337809735 24.106102676478475 0.11838811766281612 0.9928752198041029 0.013529652442223119 -2.170147393504888 0.15990285368251486 -0.032510546301018683 0.9865972540826364 230.95634984667095
0.97251447009471 -0.11336399507276484 -0.2033819315414886 23.928210032835167 0.11769263776067837 0.993006746138483 0.009276051983136798 -2.1847550875879205 0.20090805975206302 -0.03295765077493086 0.9790555371285431 231.79353403923096
0.9639967861817276 -0.11333190755462678 -0.24055368415663322 23.714726997930487 0.11786293791402884 0.9930197483204287 0.004484117739757501 -2.2014448906117754 0.23836636528162639 -0.032675039030730955 0.9706254775796724 232.64944287747772
0.9564580096227621 -0.11342795577482705 -0.2689278242897291 23.457737307315213 0.11774716651987643 0.9930436042535419 -6.948145835763247e-05 -2.2212236986638443 0.26706493705652246 -0.031599033211104466 0.963160329589586 233.56915077755218
0.9508673279174241 -0.11140214028282949 -0.2888613643940323 23.161444434919545 0.11599149297578072 0.9932494354748167 -0.0012379362685748865 -2.2415600851220248 0.28704929586471184 -0.032328347767253046 0.9573701372375334 234.5496196772812
0.948026912045257 -0.10792233651277477 -0.2993288213980693 22.842702601042436 0.1133144853083 0.9935589514268673 0.0006614067256558427 -2.2655388373820182 0.2973294493608887 -0.03454532271039184 0.9541497886713525 235.56557960419474
0.9467717078854917 -0.10890513912378809 -0.3029240892039072 22.51659131297814 0.11246749961694424 0.9936389662871122 -0.005715435748010971 -2.2869803546528376 0.3016196191853264 -0.028657902022049556 0.9529975498259133 236.59578317384134
0.9465272778456125 -0.10910429298074371 -0.3036154896367211 22.188615265333723 0.11220405874310739 0.9936585690342145 -0.007273058947140387 -2.3101859073143642 0.30248365492328255 -0.027182741547668577 0.9527668849546599 237.63447237361135
0.9465504071945336 -0.10970718739471326 -0.30332599571056074 21.869384313254912 0.11267367219109842 0.9936017407507921 -0.007760436325803441 -2.3392518859583715 0.3022366129952409 -0.026831209643533825 0.9528552439663807 238.65225078415614
0.9467194700801419 -0.11099361993858695 -0.3023287305303668 21.55994632229067 0.11234240151482512 0.9935847486287779 -0.012981991918359585 -2.369385979237582 0.30183013400430503 -0.021674031125175835 0.9531153165182739 239.63815727634247
0.946709205068086 -0.11065520165083582 -0.3024848878654351 21.252569302838843 0.11161862514126825 0.9936502754994748 -0.01415671294436733 -2.402637093472898 0.30213070608749004 -0.020360656851611543 0.9530490439067902 240.61867962078682
0.9466259971654936 -0.10888777117637198 -0.30338535689560925 20.929413186301527 0.11030498099982747 0.9938189779507521 -0.012515999023187232 -2.4411328447620253 0.30287296455289986 -0.02161694597214916 0.9527857445353475 241.6440417877933
0.9460644989284722 -0.10848260768741827 -0.3052760843835553 20.586493538656143 0.10964536662536417 0.9938805981021211 -0.013388438809572549 -2.480021496781732 0.30486039008832827 -0.020805781540377828 0.9521697653305778 242.72037162509065
0.9449088416876669 -0.10931812578631997 -0.3085398325581916 20.23997193256339 0.10983624765262277 0.9938249873790098 -0.015744623294986066 -2.517730834709284 0.3083557679078869 -0.019011623699086412 0.951081110401349 243.7909926829868
0.9432407351817974 -0.11106130659867966 -0.3129892996098999 19.895896001241997 0.11037003008905452 0.9936896260875453 -0.019984580659451252 -2.557366881902012 0.3132337337386302 -0.015694367861976075 0.9495463732043693 244.8350855411121
0.9411534328849315 -0.11138145955324012 -0.31909933600165646 19.553783686706634 0.11059585939101906 0.9936510912786817 -0.020641334410480612 -2.603151991175284 0.3193724653981152 -0.015864402556457102 0.947496463886308 245.85723124257987
0.9380769908614138 -0.11256095136893364 -0.32763026637249903 19.20954980840127 0.11111980447552025 0.9935366488186002 -0.023180088602633472 -2.6528509545973256 0.3281218497292074 -0.014661503375315401 0.944521620741982 246.86704530646443
0.9346626522619716 -0.11279638491771522 -0.3371686551506687 18.855781603805024 0.11033916982583512 0.993540417977378 -0.02650859195582907 -2.7043219742714055 0.33798075990914306 -0.012426318635452559 0.9410709816673818 247.87063749958196
0.9316806819366744 -0.11160883147755687 -0.3457088018003403 18.493242089131176 0.10878687587320537 0.9936812726812299 -0.027621440229601252 -2.7580460208547843 0.3466071588178191 -0.011874218240540245 0.9379352218556548 248.86640859642736
0.9284695712307338 -0.11099112129185577 -0.35443649119834314 18.12443871727493 0.10756093877145208 0.9937627485754632 -0.02943202327980417 -2.813876493333943 0.3554924749544229 -0.010796783693100605 0.9346167822763856 249.84663174322466
0.9255249974344102 -0.11055431918448877 -0.36218948305229487 17.75796454970381 0.10631570898400482 0.9938276310375093 -0.03167980128724421 -2.8693090148203138 0.36345625479177435 -0.009185983672155666 0.931565976491581 250.79576808588095
0.9236947120870656 -0.10951825813377869 -0.36714279238156844 17.389581289449104 0.10476210451677655 0.9939521767431001 -0.032923727080444096 -2.9248785003025315 0.368528126904323 -0.008051178981655199 0.9295817329301376 251.73667057563677
0.9223600704706211 -0.11008381137534863 -0.37031534517827747 17.01836486449125 0.10485264642110383 0.9938962572328827 -0.03429507831973584 -2.9816409479848023 0.37183036850144646 -0.007196133096499982 0.9282728008126365 252.68164354853977
0.9209713820540327 -0.11285828309945838 -0.37292723334898253 16.649046785465902 0.10567510975605107 0.9936070725716091 -0.03972098329248774 -3.0392534891036487 0.3750259785875252 -0.0028272374357466807 0.9270099902983526 253.61417121303472
0.9195556996002467 -0.11244073545896419 -0.3765294096643011 16.262010686400963 0.10559988382496369 0.9936501696809638 -0.03883303785624314 -3.101468344298317 0.3785049271394685 -0.004052320623731885 0.9255904055405442 254.58504753826455
0.9180988302569494 -0.11275319872249609 -0.37997533348714296 15.844778430916675 0.10561441736312148 0.993616056824268 -0.03965761548605432 -3.1716745764204433 0.3820211155497415 -0.003721263070076096 0.9241461028837892 255.61584122993693
0.917234269884397 -0.11118273471692 -0.3825175729956766 15.41735593793356 0.10398752226625259 0.993793672213336 -0.03950610435940931 -3.239935042187616 0.3845359402741983 -0.0035407018510412967 0.9231032304503332 256.6592527362079
0.9168005661822108 -0.11083283872067838 -0.38365714343550616 14.984912281264167 0.10455524018936939 0.9938211830714703 -0.03725127953997127 -3.307845387570627 0.38541526124028885 -0.005961370609009294 0.9227239773971103 257.72019058625386
0.9160144328845916 -0.11236677291818423 -0.3850860515405253 14.536874978223342 0.10607796104841687 0.9936462147009066 -0.03761204847344683 -3.3751274482820004 0.3868656419571655 -0.0063959639235723845 0.9221139120079253 258.809728516625
0.9148426933031132 -0.1138366475318365 -0.3874326576175754 14.106654203640788 0.106880128080225 0.9934856516516788 -0.039533507102110794 -3.4414316687265973 0.38940914823801975 -0.005241911955615683 0.921049964783448 259.84229834702904
0.9138347488012852 -0.1137035085116957 -0.38984299921304416 13.70758340497626 0.10650311065027328 0.9935028343557306 -0.04011490432425629 -3.5063735538452625 0.39187133003717795 -0.004861098565076961 0.920007190415181 260.7805689828947
0.9132963613705277 -0.1116020446041287 -0.39170746731142536 13.316341285225109 0.10471277783673032 0.9937382261163257 -0.038981689456625876 -3.5725659191199672 0.3936051199680579 -0.00541494186075737 0.9192636661696016 261.6911274175945
0.9126360222851714 -0.10901966956597409 -0.39396726066416354 12.922021037334767 0.10270968165013583 0.9940178721336889 -0.03713746321627235 -3.6385174598734857 0.3956592121040875 -0.006571265215931717 0.9183738924591859 262.61373592145986
0.9125436126923229 -0.10749300592275578 -0.39460031501778264 12.51155258808096 0.10150965586905697 0.9941802364394364 -0.03607557676005811 -3.701789201467575 0.3961817066697918 -0.007135205036694015 0.9181444026673022 263.57624106183016
0.9127279473848839 -0.10624971723803378 -0.3945106990303478 12.087247696487841 0.10078542377071238 0.9943059210833076 -0.03461262275575324 -3.760528730339107 0.3959419053572559 -0.00816901986238766 0.9182392252003589 264.567378465921
0.912805355082069 -0.10441545948839683 -0.39482121973536893 11.651617695045337 0.09993075720414847 0.9944806991240231 -0.03196846625032938 -3.8194421806536876 0.3959800847240976 -0.010273796261359927 0.9182016236166642 265.5811530428684
0.9128490018390549 -0.103074691398126 -0.39507253490292327 11.235862737351056 0.09881339290013964 0.9946173891006796 -0.031179523442615792 -3.8754169482351024 0.3961598329273219 -0.010576260763007515 0.9181206508315075 266.5487922010227
0.9126646285158548 -0.10207888715289004 -0.39575646129108727 10.840136829959473 0.09802722270492092 0.9947160189385017 -0.03050746262633272 -3.9255194841993375 0.39677945947941495 -0.01095182472306962 0.9178486357076858 267.46920616790027
0.9123124552807811 -0.10110838693351488 -0.3968161766249644 10.433938378397794 0.09839488962654065 0.9947742944573538 -0.02724974829707373 -3.974099263790004 0.3974977102260259 -0.014184399126352689 0.9174935275992373 268.40977801366984
0.9123557436336543 -0.10023222611592594 -0.39693890953965083 10.029675825577486 0.09817560511105482 0.9948409208950454 -0.025555677916564348 -4.022228402475712 0.3974525727929811 -0.01565384810654832 0.9174891876309491 269.3458341690257
0.9128613072219149 -0.09964439168614651 -0.3959232614820629 9.617955206523416 0.09769411734155804 0.9948988201718819 -0.025143529136736634 -4.069810395222615 0.39640899739278174 -0.015726818689547385 0.9179393084294611 270.300369257619
0.91296946789382 -0.09992438496172143 -0.3956031698352482 9.209058963626793 0.09750056463534025 0.9948882957300053 -0.02628533650600625 -4.11470336330656 0.39620750950665323 -0.01457382274716864 0.9180453219210211 271.2533290273655
0.9126628041911937 -0.0994593865847437 -0.39642708820923506 8.825450600463629 0.0973052827062595 0.99492533537059 -0.02559802717343946 -4.1565209369162925 0.3969613177670104 -0.015212082628745323 0.917709270269608 272.14449372526616
0.9124622569257733 -0.09719445117586754 -0.3974492022215484 8.455218346555675 0.09557503589350538 0.99513442815441 -0.023934962204870843 -4.198285586379166 0.3978417300885855 -0.0161464721352801 0.9173119694180968 272.99330466650423
0.9121507208925571 -0.09602164931399493 -0.3984481211377561 8.087761789426889 0.09404064477307088 0.9952652567489219 -0.024564727541045547 -4.23808434680626 0.3989203172387353 -0.015063584285319353 0.9168618592365086 273.8359916676169
0.9118220510904474 -0.09461351130214415 -0.39953576889220827 7.722079330593295 0.09294218988697565 0.9953916747842119 -0.023604302770750128 -4.27852296335553 0.39992786410079345 -0.015610805532033194 0.9164136654734149 274.6745091399662
0.9115874388468982 -0.09322709637911254 -0.4003961161615731 7.3597866415862265 0.09174124498530584 0.9955189489099524 -0.02292523347248439 -4.318890652381744 0.4007391736592502 -0.015834483317794686 0.9160553388485663 275.50217638161763
0.9116940203334224 -0.09076119369731978 -0.4007198759818612 6.987367086129664 0.08928465164292286 0.9957542638017325 -0.02239859597541354 -4.3591623034582065 0.40105144840691304 -0.015357468518787006 0.9159267895915116 276.3484023717465
0.9120978272309836 -0.08802653061426761 -0.4004108932940432 6.620988488376179 0.08716739465855651 0.9959848065468127 -0.020398785168377363 -4.399082007261275 0.40059880038382295 -0.016297086731118477 0.9161086213408985 277.1829946009559
0.9126315854483115 -0.08508936290807205 -0.39982920048690723 6.266504040959716 0.08505810892218076 0.9962159225034817 -0.017859279300055167 -4.436272330549441 0.39983585050453363 -0.017709773302710313 0.9164156571015601 277.9949663002228
0.9129517697733498 -0.08157341765550982 -0.39983101880633015 5.897900312211292 0.08292184709068291 0.9964582982133541 -0.013958051325791676 -4.473025520074281 0.399553542523124 -0.02041169894310178 0.9164825853247184 278.8382432739783
0.912749627716027 -0.07930835606077963 -0.40074717935774745 5.51455449865264 0.08181533268682578 0.9965880983835285 -0.010881796618411124 -4.51011706956795 0.40024288680949505 -0.022854907990124948 0.9161240553217486 279.7110565675543
0.9124144727049222 -0.0782991365881392 -0.40170769871655515 5.127477488000036 0.08140534110973921 0.9966371158996796 -0.009361070984313798 -4.547941899602056 0.40108976605917773 -0.024159975594323577 0.915720096504318 280.5913618170683
0.912291565048378 -0.07752889799737554 -0.40213600972418934 4.751802461867747 0.08081306644194657 0.9966902424145965 -0.008820939166556088 -4.581461837342146 0.40148891470852655 -0.02445057567508627 0.9155374491058942 281.44387231644924
0.9126906734193179 -0.07582274252054827 -0.4015552843259001 4.3778740982788324 0.07931326894603621 0.9968180264589082 -0.007951571898623333 -4.613301041485687 0.4008804560245932 -0.024591336751545578 0.9158002654150563 282.29042654920255
0.9127339100497955 -0.07624361588528182 -0.40137727947898216 4.010220375676775 0.07955257104590262 0.9967949138941594 -0.008443226558581055 -4.645031982747357 0.40073457285988967 -0.024224175351712944 0.9158738949458777 283.1264716295439
0.912550373488876 -0.07474802489698806 -0.40207530217524173 3.660797889697838 0.07837601563455276 0.9968960596196099 -0.007446239866207613 -4.67832589827994 0.40138387613177157 -0.024717991198558824 0.9155763239034439 283.91670446138914
0.9124986117691504 -0.07403341499671869 -0.40232491469370474 3.327728986995931 0.07711410377575492 0.9969855308118328 -0.008559576549564267 -4.71039729606963 0.40174581331761955 -0.023214323504452992 0.9154569332666591 284.66454835344666
0.912443494616271 -0.07264374220952051 -0.40270306163505104 3.0079470428029134 0.07506774841449927 0.9971304321338911 -0.009784398829508243 -4.73911889041462 0.40225825321604625 -0.02130230105585282 0.9152783782485536 285.3764288764391
0.9123456089038835 -0.07247028946281987 -0.4029560113200658 2.69530073430667 0.07458053717287827 0.9971599687115569 -0.010475699221028976 -4.765416434975616 0.4025707805949249 -0.02049521759678737 0.9151593919459357 286.07656179556506
0.9129179247356842 -0.07281875266355471 -0.40159468616605914 2.393600111125109 0.07476185080386258 0.9971423364381912 -0.010854793731976967 -4.792272087025507 0.40123749620476995 -0.020114426243540668 0.9157531771696028 286.7625301607698
0.9142618997509746 -0.07260870653701054 -0.3985638648933959 2.088169821472133 0.07421078519584688 0.9971770710776457 -0.011430147751513988 -4.820039732125238 0.39826867567554824 -0.01912758876669689 0.9170693525157292 287.4621759562297
0.9171489443788204 -0.07087727716023662 -0.39219156723107423 1.767416150344546 0.07258559185019224 0.9973070059511849 -0.010491317192722423 -4.8484057393565525 0.39187899367097084 -0.018845356537673302 0.919823736841139 288.21314830698003
0.921652017278598 -0.0683242054750129 -0.3819546596030727 1.441188912969097 0.07235085486928458 0.9973718945491563 -0.003828545821621539 -4.87564892017897 0.3812124248315824 -0.02410615916384793 0.9241731332625908 289.00307968281857
0.9277109316647443 -0.06754144386642268 -0.3671383671453739 1.1235552479108704 0.07289926200123881 0.9973390425743656 0.0007292163744556981 -4.900874121996396 0.36611217525426204 -0.027440618019369176 0.9301660537846507 289.81182655836255
0.9355791158047444 -0.06611918772996846 -0.34687169253766154 0.8419547613607703 0.07210112883888335 0.997387828781006 0.004352725544721657 -4.9214440373715265 0.3456778056083031 -0.02908215971069096 0.9379024910385898 290.5760246778648
0.9437966574322189 -0.06651961431195798 -0.32376381874996357 0.5984046671858297 0.072851884836697 0.9973148455257431 0.007463361823068119 -4.9398740177825395 0.3223980029335042 -0.030630700379680593 0.9461084968959641 291.30340098799263
0.951877485933235 -0.06842486367319267 -0.298742848959986 0.3708660068468916 0.07386974177959553 0.9972436241862476 0.006958108169051134 -4.955728285535553 0.29744329379369117 -0.028691323621982855 0.9543082808641977 292.04797290897693
0.9592378551993317 -0.06970943624540896 -0.27386736141959866 0.16080928213545645 0.07483176743211725 0.9971617278214415 0.008288253805282773 -4.969920994854322 0.2725122818068417 -0.028444385500526234 0.9617317574032417 292.8036057432088
0.9659873413479684 -0.07041833658310813 -0.24881662771678137 -0.015079286379791612 0.07574509365354892 0.997056354214179 0.011887275068009375 -4.984114720194456 0.24724711756236628 -0.03032959600778628 0.9684776602808697 293.52196215309914
0.9716262940421034 -0.07148279756495557 -0.22546076017412722 -0.1718548689769649 0.07677524208326211 0.996938835020613 0.01478247038886134 -4.996013666772696 0.22371389525253993 -0.03167284136336149 0.9741400947455702 294.23044405054287
0.9761088933710675 -0.0724549881965559 -0.20484555881772676 -0.32382787021561726 0.07752520669586536 0.9968484247946352 0.016824396310590354 -5.005069740129756 0.20298096119753037 -0.03230313715244103 0.9786497007210694 294.9937843660341
0.9798212670007589 -0.07340980912035522 -0.1859066557655768 -0.47087970922455735 0.0779954455454439 0.9968007447872493 0.0174638388033807 -5.013051459355936 0.18402987585496952 -0.03161131310932521 0.9824121994744925 295.79413148780435
0.982996027850813 -0.07437162712647113 -0.1678918411004084 -0.6017182483438999 0.07841145394421628 0.9967665411710545 0.017552956794923035 -5.018451333745845 0.16604352778677586 -0.03041913017250072 0.9856491380809258 296.58522474323587
0.9856748522999265 -0.07505078297151427 -0.15103796052277882 -0.7194553441638913 0.07873598121314265 0.9967227165425044 0.01855994586554128 -5.023324772208233 0.1491500278441864 -0.030186193921905014 0.9883537134500932 297.3793120887893
0.9881682587113966 -0.07608564073105147 -0.1331708216909077 -0.8233304612424359 0.07937098414360334 0.996653811982264 0.019530128962600805 -5.026658041961848 0.13123924470737447 -0.029868952706202004 0.9909006541086114 298.1861385657893
0.9904640666382836 -0.0764561414505239 -0.11460973402312345 -0.914159663343538 0.07928024510744028 0.9966460151156364 0.020282092836408794 -5.027937408984503 0.11267464414879633 -0.029174971955736508 0.9932035267644418 299.0129637016857
0.9922023785659136 -0.07870010852646572 -0.09664746704423066 -0.9851551627614112 0.08131335051826764 0.996413891465197 0.023398630786309722 -5.027750513277745 0.0944594039555434 -0.031074906485832457 0.9950436026583265 299.84910250882285
0.9936330379549151 -0.07940245450755498 -0.07992894408574261 -1.0455748165748002 0.081516864387835 0.9963938727108324 0.0235425411687705 -5.027458916561902 0.07777137458513551 -0.029908203598404504 0.9965225098574825 300.6857281747951
0.9948310257398825 -0.07946206880131623 -0.06322190954999429 -1.09656032953314 0.08100335613487285 0.9964666269463803 0.022197244806249978 -5.0257735009409386 0.061234683964398434 -0.02720369467400594 0.9977526108589568 301.54161451425887
0.9959069061522571 -0.07846995358827806 -0.04485421565574766 -1.134563369769223 0.07951210516850994 0.9965924291507091 0.02193981064547137 -5.023122805013978 0.042979755814925906 -0.025416462053968667 0.9987525940125261 302.4099558566197
0.9965299093211493 -0.07951335828967054 -0.02461230752854995 -1.1510672642170756 0.08013987165094863 0.9964545705044799 0.02561034737172719 -5.022645649310124 0.02248868160099464 -0.02749390431040219 0.9993689731153459 303.2475858805614
0.9967012731747369 -0.08114471340361668 -0.0014517363750923805 -1.1470282495867183 0.08115387983283077 0.9963213815657491 0.02752730322777522 -5.020861159177443 -0.000787299140290729 -0.027554312213523894 0.9996199978184234 304.07136836106946
0.9961850947074988 -0.08409133599269569 0.02332175579956078 -1.1183616877496843 0.0834089385997913 0.9960981351540582 0.0288349458862383 -5.014722416209064 -0.02565552658331149 -0.026779700401043105 0.9993120841869995 304.8959476203207
0.9949628659279696 -0.08835099503271637 0.04736029034042252 -1.0667050435180585 0.08695856394295344 0.9957387744779597 0.030700181727616748 -5.007830984527942 -0.04987086906581267 -0.02642715796029467 0.9984059804211729 305.6917051349855
0.993364778934058 -0.09188583958986102 0.06916218949798691 -0.9987917168439128 0.08976371416857441 0.9954096980229353 0.0331965163917818 -5.000836309035409 -0.07189500394291351 -0.026767995157533177 0.9970529488664561 306.49080113855575
0.991708362300279 -0.09309249091960135 0.08859070085557198 -0.9168122784032773 0.09042471926975809 0.9953338470790127 0.0336734762665882 -4.99059408218655 -0.09131207088158114 -0.02538347874651938 0.9954987617862934 307.3278739697798
0.9898691095096358 -0.09415828081322937 0.1062702413326369 -0.8210304613073419 0.09059033031308412 0.9951657762306853 0.03792716536920097 -4.979592873759593 -0.10932766389329882 -0.02791587314546102 0.9936136904925181 308.17720543115456
0.9878387255237724 -0.09413761016420645 0.12374474820427697 -0.7138565363748686 0.09009648698691756 0.9952128020924162 0.03786953371743636 -4.966951415272921 -0.12671730500679124 -0.026260024827325937 0.9915912140130555 309.0269716159751
0.9851813419500124 -0.09598473298296514 0.1421430775935311 -0.5837512726063877 0.09103130598976134 0.9950050924187639 0.0409654414174245 -4.946721514155075 -0.14536514301361972 -0.027418918558449884 0.9889980677947334 309.90896113680606
0.9819118285096544 -0.09718118500941149 0.1624960870697895 -0.43920707463241837 0.09061380525887139 0.9947589787208605 0.047367843002786646 -4.926532966065891 -0.16624770473403042 -0.031786656546354077 0.9855715646954675 310.76569141439415
0.9775788088073813 -0.09958877716771623 0.18553098941411222 -0.286506643127056 0.09203579620014797 0.9945538252582793 0.04890910837387423 -4.905131222498806 -0.18939135352107614 -0.03073701557343416 0.981420476190045 311.5374502255575
0.9722431317359924 -0.10290534323044795 0.21012801604453488 -0.11071156807379942 0.09426327384563894 0.9942521821926772 0.05076448964581187 -4.8802380282327285 -0.21414417572301764 -0.029548071675176805 0.9763550498994663 312.3061334732876
0.9663347580351467 -0.10700905121434548 0.2339790554117163 0.08884199506024468 0.0970871697442254 0.9938340124362144 0.05355405863226917 -4.8544233164344375 -0.23826711246877813 -0.029034784020863177 0.9707655558540661 313.0784304029276
0.9599667704893244 -0.10921664486771833 0.25794480812789083 0.3046863603960718 0.0978705365694316 0.9935960453250512 0.056464650765134045 -4.82799198552458 -0.2624598209781971 -0.028958991665037643 0.9645082784371727 313.8456496735336
0.9531699688261484 -0.10982969449847751 0.2817879499452196 0.5462379933421588 0.097501890869133 0.9935758975469947 0.05744838631872662 -4.799431390308686 -0.28628725400356575 -0.02728321865273777 0.9577553101784643 314.6414284935205
0.9460192022960798 -0.10937692615814172 0.3050972908946981 0.794052623647489 0.09582759636348208 0.9936427766455579 0.05908556672573618 -4.771033172134263 -0.30962031694041847 -0.026659340657643846 0.9504864748608556 315.401412767882
0.9377584853040545 -0.11033760453009489 0.32929414854625755 1.0588712263596516 0.0949165944204976 0.9935151228844233 0.06259824840649841 -4.741760698733346 -0.3340656572350099 -0.02744655946575679 0.9421501064212829 316.13302373841157
0.9286289641044699 -0.1127635466130877 0.3534581015926723 1.3594374084338035 0.09565396246578411 0.9932527925151882 0.06556835841602744 -4.707109183465619 -0.3584669670846287 -0.027079008770933496 0.9331495918624906 316.8888876276422
0.9193485688645195 -0.11538351824141492 0.37614472300564294 1.6706758255585927 0.09610534860073992 0.9929285763557508 0.0696893408382514 -4.672960456659695 -0.3815258456475644 -0.027919276035972187 0.9239364389007175 317.61847074691724
0.9097434475593684 -0.11635413632773614 0.39853302822002135 1.9782928725246527 0.09568886839606425 0.9928447303483092 0.07143515860325168 -4.638701643578268 -0.40399319312071896 -0.026852492975842 0.9143677835166268 318.30004591221035
0.8999486563733424 -0.1182889667547708 0.41964286749080304 2.302301309471926 0.09549710051836788 0.9926006338403375 0.07499523646434576 -4.598729578325895 -0.4254088852908456 -0.02741718519190383 0.9045858600883359 318.97800665877514
0.8900041484930371 -0.11991607815560289 0.4399008409459598 2.6669975510629125 0.09418864174212464 0.9923390753175981 0.07994785403365211 -4.5555358633931435 -0.44611782684842033 -0.02972025904314792 0.8944806262689273 319.7020686636989
0.879044656556754 -0.12065655483554094 0.4612184813667334 3.0534667220052882 0.09339236237409441 0.992280972894573 0.08158638049076307 -4.508985897864757 -0.4675022549990574 -0.028643788272780125 0.8835276877179241 320.4300954014727
0.8673338701413013 -0.12198444261269846 0.48254715154705974 3.457724626679269 0.09382560060873263 0.9921914433597745 0.08217600862816324 -4.454938640916981 -0.4888033493912685 -0.02599875928029389 0.8720065080833767 321.14558629498885
0.8555143036300279 -0.12507198995935018 0.5024462892807906 3.896754676419689 0.09465901400434415 0.9918130127929851 0.0857124187164577 -4.396619513856346 -0.5090529907113338 -0.02576712987719467 0.8603494102199057 321.8854220758711
0.8437002140109525 -0.12704955074267316 0.521563381128274 4.333611340300942 0.09648600549260004 0.9916568332364658 0.08548202056283022 -4.340869448154261 -0.5280723431708526 -0.021797631786666893 0.8489195860778213 322.58225775628614
0.8327358228264388 -0.12759008673501274 0.5387687993458097 4.772308559173632 0.09585827320924017 0.9916145171244689 0.08667087680038241 -4.286000330969882 -0.5453093074933865 -0.020528497143150505 0.8379834962373234 323.2520082744741
0.8221955353436913 -0.12879348107260843 0.5544427300399023 5.2182007475676695 0.09731674415407653 0.99152975158379 0.08601280736864728 -4.23198545156937 -0.5608243512617395 -0.016762784893497928 0.8277650971588889 323.9106868550693
0.811756068346052 -0.12944162718946362 0.5694707636515707 5.683353906964773 0.09727468134465461 0.9914737886879841 0.0867027261047118 -4.175106245513966 -0.5758382775334198 -0.014986376988341876 0.8174262576111125 324.5779272294953
0.8011668702995386 -0.13137853674735817 0.5838418673036085 6.172862538113155 0.09740476265564801 0.9912226116710793 0.08938705904077901 -4.115366974010275 -0.590460801532531 -0.014744971823842747 0.806931612752578 325.2505909288367
0.7926581520516619 -0.13311517127106937 0.5949566414147481 6.699163717054345 0.09749310285688186 0.9909902356493763 0.09183380501171276 -4.0485588190164 -0.6018206949593718 -0.01478864513962396 0.7984942999756192 325.9540754219748
0.7877778568004483 -0.1331094387286813 0.6014049597868533 7.260697856491729 0.0982585292509525 0.9910249218579544 0.09063589623252641 -3.975384452467069 -0.6080717965539361 -0.012307785250363131 0.7937866266559928 326.69395924207663
0.7855968448817284 -0.13515901279237005 0.6037960239790124 7.8117259389212865 0.10010638164955422 0.9907576061858837 0.09153184220722987 -3.9040476725762123 -0.610586856773798 -0.011463291229285685 0.7918663291801761 327.41520291330704
0.7847023926034237 -0.13711015494611684 0.6045187842020401 8.385076231535502 0.1026434714160966 0.9905084447817698 0.09141848058051945 -3.8337055401705493 -0.6113153628186637 -0.00968639389296775 0.7913278087842209 328.16282373764363
0.784083785739497 -0.13741760484726967 0.6052512030706396 9.019453997870785 0.10256022702249934 0.9904619980208881 0.09201320725614187 -3.7564118320791753 -0.6121225504533475 -0.010071363090863115 0.79069877378935 328.99494229713395
0.7832738863281241 -0.13790367081042293 0.6061885816917421 9.677229318049884 0.1013052366666813 0.9903663529727655 0.0944019910983306 -3.6749017610066073 -0.6133671559680577 -0.012532536711780683 0.7896984661902446 329.8550229937718
0.7834148174316599 -0.13674601974128364 0.6062687109800684 10.345675722222357 0.10153056464485 0.9905484002455306 0.0922247863316368 -3.5924596216292013 -0.6131498742325694 -0.01069545959436147 0.7898941947328453 330.73028387416855
0.784231649747859 -0.1353558988777228 0.6055241532529922 11.052041260900195 0.10191420609590662 0.9907609256591934 0.0894778340304311 -3.5073612949558943 -0.6120410232407556 -0.008459836046875398 0.7907807642099479 331.65836926342473
0.7840946643795799 -0.13472367025990256 0.6058424629911418 11.769668748352064 0.10065523006046988 0.9908363232617825 0.09006611552934143 -3.4245078578162387 -0.6124247561561716 -0.009639148135176464 0.7904701163676475 332.60561992749905
0.7827367789666481 -0.13550620220179077 0.6074217678168623 12.495388913760745 0.09951824857941383 0.9907018273016476 0.09276857000547498 -3.3408433973607683 -0.6143445719240964 -0.012163821193282102 0.7889440971332362 333.56038074118675
0.7811801123312283 -0.13520861927556527 0.609488524397107 13.21047709929984 0.0978524438121935 0.990717183547176 0.0943629242040062 -3.2565918888363243 -0.6165894349874556 -0.01407449814184422 0.7871590545524495 334.4943128354028
0.7793679659458697 -0.13616404981867158 0.61159212322787 13.906481147690235 0.09864967527762615 0.99059327826559 0.09483247662403813 -3.1723317517365364 -0.6187518203811728 -0.013576030053302643 0.7854692076606041 335.3882022779151
0.7784535025463507 -0.1368562343408976 0.6126014328218194 14.572420431539658 0.09929911390871106 0.9905029943697866 0.09509734024372009 -3.0914835807751686 -0.6197982174468252 -0.0131980781371526 0.7846502280527448 336.2404164874247
0.7788236694726492 -0.13730519239317474 0.6120302084137915 15.223669960606317 0.09870088141800502 0.9904178818795429 0.09659479934524003 -3.0155371815454726 -0.6194286301717618 -0.014822395053147667 0.7849130325892315 337.0774187924199
0.7792863944236711 -0.13475817441281512 0.6120073119621023 15.865407367507125 0.09901492466890928 0.9908155971715575 0.09208961447621797 -2.9397191894403223 -0.6187962186042862 -0.011166325738288673 0.7854721847465661 337.90098069470224
0.7796147375573071 -0.13480570503044859 0.6115785173423713 16.503722365556257 0.0995238642658985 0.9908165116192961 0.09152945287802541 -2.8630067945623905 -0.6183007855607441 -0.01049105303634417 0.785871539363245 338.7194013606483
0.7796176122231216 -0.13609826074500958 0.6112885097347243 17.125179495947577 0.09984599071177545 0.9906269962141006 0.09321444368020812 -2.790788083472014 -0.618245223879895 -0.011636915141482268 0.7858991190704374 339.51680113944104
0.7798030190559079 -0.13534306575822908 0.6112196872012989 17.733193700887096 0.0993917186900681 0.990732760495045 0.09257366546540409 -2.7182811705268293 -0.6180845716624264 -0.011439048606850931 0.786028377630125 340.29946228956345
0.7799751299304907 -0.13545331351846307 0.6109756104352955 18.36322862353087 0.09908219117022427 0.9907096091700875 0.09315143418626481 -2.645323214327056 -0.6179170786463347 -0.012118999749149142 0.7861498672405032 341.1109715801428
0.7796920377038713 -0.135020872146636 0.611432490489298 18.990388657367898 0.099138320121624 0.9907771253161342 0.09237034932140556 -2.572815183056598 -0.6182652503777377 -0.011404035910935362 0.7858867781940962 341.9176652895145
0.779900154827379 -0.13509488408351786 0.6111506531082904 19.61024754401919 0.09893457888966611 0.9907614882865935 0.09275571372189004 -2.499866730118562 -0.618035353034237 -0.011876262989413064 0.7860605935786716 342.71698345002557
0.7807220467653158 -0.1339647747235387 0.6103495103855219 20.23101794276115 0.09743658602094005 0.9909004979203819 0.09285642102580684 -2.426695440876351 -0.617235123270832 -0.013024682507052401 0.7866709351732989 343.52279679911135
0.7812517613827334 -0.1313381088344098 0.610242563661513 20.880650508112897 0.09485387750436747 0.9912399661366954 0.09190251060612108 -2.348176104478264 -0.6169671200791512 -0.01391512490502726 0.7868658983842908 344.36822268768873
0.7815745600034697 -0.13057665740800184 0.6099925767544508 21.520051364017505 0.0934042852488877 0.9913195225435152 0.09252698915041112 -2.2718221444053794 -0.6167794149065985 -0.015340820194801786 0.7869865390101828 345.19641865682763
0.7812857744538507 -0.13102763654238897 0.6102657594017226 22.14605456012602 0.09443110675773043 0.9912769813971236 0.0919386329500049 -2.1955427540577928 -0.6169889016121407 -0.01420227496992155 0.7868436888436764 345.9985021901254
0.7811275659357714 -0.13266451599715143 0.6101146219609047 22.79377854061556 0.09573535420166572 0.991059570951053 0.09292829914614448 -2.1163224034484878 -0.6169882233002003 -0.01417931668153661 0.7868446347833276 346.8292512688515
0.7810015725214324 -0.13208428633042682 0.6104017406787358 23.419483022510754 0.09417301275699207 0.9911108106260466 0.09397236151364496 -2.0413317985174237 -0.6173880363169667 -0.015909191203880655 0.7864978768235292 347.6387513888505
0.7793456928374188 -0.13176814930374267 0.6125826033155278 24.052943748784738 0.09419847113627809 0.9911662226632842 0.09336041498934979 -1.9661044761663886 -0.619473114098869 -0.01505569262646007 0.7848734847274358 348.4497250889838
0.7780415522518729 -0.13271498302251866 0.6140342630919126 24.713634124781517 0.09624098942143947 0.9910730440727104 0.09225992232617952 -1.8880293934476688 -0.6207970803126234 -0.012686788158667944 0.783868630882459 349.28831456977844
0.7781442496460872 -0.1323426847497736 0.6139844790676303 25.392283923730286 0.09498483499050471 0.9911017054568357 0.09324854187802159 -1.8085983946030237 -0.6208618267090946 -0.014241602219295137 0.7837906409888261 350.15873796613243
0.7786022815794055 -0.13213667675875573 0.6134479487083607 26.062235247197698 0.09307281836716305 0.9910832412606844 0.09534914458666105 -1.7331065894186668 -0.6205771004480721 -0.017143732013977047 0.7839580057962912 351.0189942455704
0.7793275290403096 -0.1316909673936821 0.6126223074512066 26.700093225252672 0.09411323888663109 0.9911759776938253 0.09334280641247192 -1.6608510243251056 -0.6195089190206969 -0.015088749106685284 0.7848445890137768 351.83348885694244
0.7798531676172465 -0.130664713540688 0.6121729899241519 27.33678752810124 0.09460247773700277 0.9913398468496403 0.09108061953099934 -1.5884130704138397 -0.6187725011370219 -0.013116427999297228 0.7854607254046346 352.6477071995049
0.779611005692236 -0.13188121907164235 0.6122205679816032 27.979390388229817 0.09471554915317912 0.9911603803208171 0.09289814438891658 -1.516935231351397 -0.6190602915323765 -0.014437608474737186 0.7852107429915745 353.4708744777072
0.7788965305452492 -0.13169767600607424 0.6131687507034027 28.61930637694911 0.09468168192906316 0.9911898778014353 0.09261752129623382 -1.445522379490881 -0.6199641713935219 -0.014083617382396803 0.7845037144015133 354.2887392315925
0.7782428015470574 -0.13140872935704329 0.6140601661799548 29.26820478981571 0.0958826151239028 0.9912599429177514 0.09061042811783147 -1.3702346499408116 -0.620600246501069 -0.011639218851047165 0.7840407276585514 355.1134661502165
0.7768465403547571 -0.13191565628969906 0.6157172340973587 29.911260593313422 0.09705324852952171 0.9912095825891435 0.08991234805810588 -1.2980425968511613 -0.6221656690052179 -0.010090738779351809 0.7828205779756799 355.92826361229214
0.7748398393400859 -0.13392626817826028 0.617808204917411 30.522719106443667 0.09741077352106503 0.9909234173133965 0.09263866483260336 -1.233976788345303 -0.6246073683310633 -0.011598953046908934 0.7808528028474767 356.700959547998
0.7730416224793457 -0.13506713256007644 0.6198092606733935 31.109618612727008 0.09867943496363205 0.9907797377457418 0.09283253948770896 -1.1723073176736964 -0.6266330816592418 -0.01060098931597962 0.7792423243098169 357.43847628087264
0.771569119831665 -0.1352813654415744 0.6215947598608373 31.706779961637732 0.10085573609965308 0.9907818587651439 0.09044019481227855 -1.1051947435576275 -0.6280996846186007 -0.00708946444726239 0.7781005884047811 358.1839079397465
0.7701792749344337 -0.13606396146541017 0.6231456353468331 32.31424785234365 0.10084548522552002 0.9906696404396602 0.09167252380502713 -1.0372345005843282 -0.6298047892570348 -0.007762853952849227 0.7767146615890612 358.94279427155294
0.7690220206824292 -0.1377118876567725 0.6242119573538469 32.92266230579711 0.10110797158041337 0.9904302429081131 0.09394206733870614 -0.9717279295370853 -0.6311753399717122 -0.009130713607609815 0.7755864363696742 359.70045932322205
0.7685652515016403 -0.13853645124920758 0.6245919514847236 33.52473904647781 0.10153722960243561 0.9903129787081294 0.09471217032089349 -0.9062028221833585 -0.6316626039183271 -0.009373146617206157 0.7751867510049513 360.45116479805995
0.7682508061645686 -0.1389835006959597 0.6248794166571543 34.11964441507714 0.1016723929373598 0.9902477659435731 0.09524750158483557 -0.8402729651570238 -0.6320232775316746 -0.009640984288876745 0.7748894295833842 361.19227474503833
0.7679921631024399 -0.13753227769039378 0.6255181132521477 34.714077992610214 0.10079465454824289 0.9904549637137454 0.09401809649904228 -0.7734620263487083 -0.632478043119075 -0.009156279162154666 0.774524168457106 361.9337601824262
0.7684224115764895 -0.13548090592937675 0.6254373841684925 35.312600494958126 0.09869786076048115 0.9907294777514777 0.09334792014602433 -0.7069793949087616 -0.6322861137715073 -0.010001302057196298 0.7746704101028297 362.68261535298143
0.7697956087088044 -0.134246950853454 0.6240132025840404 35.93049367298069 0.09768196092754662 0.990893494211772 0.09267317647590341 -0.6392670104918292 -0.6307717141105722 -0.010384571023159189 0.7758989659502561 363.45950766924443
0.7732686166479965 -0.13325882157510588 0.6199175211104353 36.59116990299053 0.09710883480974676 0.9910217159056179 0.0919012122084237 -0.569089239857643 -0.626598372731039 -0.010864855079500933 0.779266600217741 364.29660479931437
0.7802980122668328 -0.13198389735778418 0.6113225522510016 37.24668624196758 0.0966026882461617 0.9911826865438201 0.09069069698370312 -0.5002071594156609 -0.6179020413269755 -0.01171036865452592 0.786167879393411 365.14083863614036
0.7904175032470432 -0.13076246651837095 0.5984491188987927 37.83682882871992 0.09762816945031731 0.9913541466640376 0.08766810378808124 -0.43756650711212236 -0.6047387130740757 -0.01086891172333353 0.7963497696787902 365.92598428610535
0.802529590448485 -0.12749927277310147 0.5828294706832486 38.380851419410426 0.09613190743707115 0.9917677926665514 0.08458901702837603 -0.3840390844805995 -0.5888165357962492 -0.011856680464903454 0.8081797487572048 366.69162150539756
0.8146540451943171 -0.12388097991775211 0.566561814335516 38.90815758911894 0.0952192305180401 0.992233218380023 0.08004085508522359 -0.33290562131511087 -0.5720769920107661 -0.011258026374057128 0.8201226567130527 367.4724504209195
0.8269827318864971 -0.12184739155190834 0.5488649873452855 39.424884386293826 0.09445154967751777 0.992467898641845 0.07801522241816443 -0.2815646926164427 -0.5542368319816534 -0.012676093145613049 0.8322624890847268 368.2719111934098
0.8402319455434282 -0.12089594949082888 0.5285777587876875 39.916067628980215 0.09334156086606855 0.9925241677305972 0.07863287789322705 -0.23086342962235334 -0.5341325965557516 -0.016731582931574094 0.8452351290790125 369.0746437888545
0.8526550357865845 -0.11936358124272516 0.5086567854857418 40.38866522173367 0.09152072648846761 0.9926232008275306 0.07951816020212274 -0.1848827676235807 -0.5143960989070574 -0.02124892119188075 0.8572894124957933 369.8936600851577
0.8641604395640218 -0.1167392079729412 0.48948819394788795 40.85847559727635 0.09007011709558198 0.9928932287857442 0.07778438299432458 -0.137055989406761 -0.495090000604842 -0.023129927653800682 0.8685337631593995 370.74517851251846
0.8745299793830503 -0.1152789426843897 0.4710712053754174 41.32299918658824 0.08971811885335558 0.9930286129348744 0.07645150778143137 -0.0890546637308586 -0.4766004346511804 -0.024595513131633252 0.8787759022777637 371.6233064317711
0.8848551197123145 -0.11415975417395235 0.45166244878874573 41.774870441423886 0.09174672616903415 0.9932264216856764 0.07130086607279552 -0.043241532037512465 -0.4567427671634957 -0.021652385374578854 0.8893352679678365 372.5267804303735
0.8958413060980968 -0.1135473820281527 0.42962232987009286 42.199294901606756 0.09432304636874168 0.9933607557034297 0.06586024561168027 0.0016639559314853489 -0.43424822073576047 -0.018477041507325636 0.9006037317960452 373.42851493667257
0.9062392237475762 -0.1134687627426808 0.40725337226723346 42.57251044783194 0.09543840469221583 0.9933504254682356 0.06439288106522377 0.0377623751112159 -0.41185189115893694 -0.01948774239670867 0.9110423961842209 374.2779402773455
0.9162787892964095 -0.11209268204496188 0.38453661843506015 42.923470585502606 0.09506139195112805 0.9934705642634812 0.06308383075174034 0.07064176840362599 -0.3890970470792825 -0.021247789860767766 0.9209516922076942 375.1438471311182
0.9265437955727852 -0.10845092520588218 0.36021520193845635 43.27713258115028 0.09182958442632505 0.9937800512825925 0.06299632605839928 0.10601645441516316 -0.3648066917007727 -0.025290442755236963 0.9307397440721985 376.0967174950043
0.9363567251040341 -0.10346167843059267 0.3354575449274776 43.600024833546215 0.08851538985316036 0.9942908901907498 0.059587342975076216 0.1390274056206259 -0.33970738748456514 -0.02610185395735365 0.9401689125409329 377.04056776983373
0.945549216926207 -0.09974633484542246 0.30981824842177924 43.89307270612362 0.08679309834405649 0.9946874064488116 0.05535270121661489 0.16607618222391823 -0.31369353906332353 -0.025448617586065845 0.9491831917037328 377.972134466822
0.9540199575944776 -0.097372641558992 0.2834863121691292 44.16795275636007 0.085747004732577 0.99489746949523 0.053164615783242906 0.19074281991118394 -0.2872165936898839 -0.026412002343869114 0.9575014540152759 378.92518333435135
0.9613333621196657 -0.0970850566738219 0.25770653590147496 44.422229664923584 0.08643568855257426 0.9948803446187109 0.05236383900935756 0.21336402826661865 -0.2614709135260352 -0.02806406353321606 0.9648032803208455 379.89527094331527
0.9682474961670886 -0.09564297800703633 0.23097447245119349 44.6510802230607 0.08730521385948517 0.9951153983203372 0.04607758303890023 0.23616571312681936 -0.2342532514163053 -0.02444922869341317 0.9718681234700448 380.8784910651384
0.9746228924383215 -0.09300152904165458 0.20361957943938538 44.85865448272788 0.08571426460569127 0.9953326483282459 0.04433941829779202 0.2591570945834632 -0.20679284895339844 -0.025761109599459767 0.9780455423209808 381.8934220471376
0.9796444476516294 -0.09275813793682378 0.17802439167660372 45.04511331796873 0.08580554379188876 0.9952317455242057 0.04638082961118341 0.28066306438330246 -0.18147772546488883 -0.030161242470041066 0.9829324160962206 382.93500569239853
0.983505367964513 -0.09102528017301248 0.15630607651147116 45.2038327365446 0.08477130887793613 0.9953271327808797 0.046235526830730345 0.29907622795655997 -0.15978428075410464 -0.03222261813723846 0.9866259101119711 383.9641918943654
0.9862217609882546 -0.08939017321217364 0.13919782716091883 45.341870451179986 0.08382719869800798 0.9954483288246968 0.04533900526658587 0.3175767592667984 -0.1426171059574126 -0.03304574969971889 0.989226131637815 384.9776477669375
0.9881673724095555 -0.08641219679522807 0.1267208599647867 45.466989422727444 0.08134075076170878 0.995684683274163 0.04467318836563786 0.33653033493310164 -0.13003432766278916 -0.03383701727772451 0.9909319501817637 386.0111028936007
0.98934396342641 -0.08427122257451063 0.11873029553368947 45.58837588638203 0.07941294113509074 0.9958219395817555 0.04508047723688974 0.3568772864788032 -0.12203322011646793 -0.03517137605252987 0.9919026502104816 387.0889936808241
0.9902596681064239 -0.08281768873850394 0.11192417144551554 45.70343067068766 0.07826911586767692 0.9959409335237062 0.04444774947307636 0.3767157303722645 -0.11515092367430146 -0.0352546076980234 0.9927222055605552 388.1660394076088
0.9912511819020817 -0.08116130202616048 0.10408620192485812 45.80682655955579 0.07729303679781609 0.9961781300340418 0.04068070432590792 0.39634759640747336 -0.10699009692628193 -0.03227965760814249 0.9937359522853169 389.23355710329776
0.9920536593463544 -0.07989336383929457 0.09719355632935321 45.906022417528526 0.07617396355083314 0.9962346665861387 0.04140068077896994 0.41527667159316894 -0.10013522983676217 -0.03366807844899953 0.9944040407395227 390.3196519722971
0.9926304180764515 -0.07852223016806352 0.09229903834168743 45.997265827229704 0.07474643946688202 0.9962453718735397 0.04368213373425127 0.4322730403538157 -0.09538250833559662 -0.03646119018884307 0.9947727171136241 391.3656986562734
0.9930917518671052 -0.07705454827447167 0.08849502225401405 46.07926716372083 0.07327713490607828 0.9962880310816876 0.045173229055840175 0.44771603129714044 -0.09164733424097792 -0.03837649949633469 0.9950517626801783 392.3740081860902
0.9934458176979442 -0.07591709639384686 0.08545175114406739 46.154329164872756 0.07230784944231952 0.9963859048265458 0.044572453062551094 0.4616364724202913 -0.08852673159835343 -0.038101484723221675 0.9953448119392588 393.33464177396417
0.9935495608220218 -0.07588684548923766 0.08426420872504056 46.22784386181171 0.07243975811902786 0.9964349197426079 0.04324271223223702 0.4753323468932918 -0.08724535307981263 -0.036859698848959094 0.9955047016296518 394.2483138370553
0.9935649094084429 -0.0744452327040641 0.08536204144599387 46.30075089074453 0.07085983316545993 0.9965023565113171 0.04429376379532004 0.48922124258795047 -0.08836093501063019 -0.037959989397130064 0.9953649503418412 395.1586634234951
0.9933529748153535 -0.07289831792555718 0.08908256097076041 46.377347409362926 0.06890139277831006 0.9965085623917591 0.04715170360781572 0.5047043319387603 -0.09220881464748198 -0.04070037252329161 0.9949075405170928 396.06835502615723
0.9929468624714365 -0.07175668236164713 0.09437958913121505 46.45998777544718 0.06728720604492955 0.996494065299141 0.04971930939040866 0.5221032110423759 -0.09761639314579423 -0.043018093403145205 0.9942939622813582 396.96764672715835
0.9923665918547485 -0.070302388748896 0.101321870821592 46.54818650346644 0.06561725782321004 0.9966480280981064 0.048857789183704696 0.5402850005009018 -0.10441706204615425 -0.04183637441696058 0.993653256890598 397.85516956084814
0.991375104599983 -0.06956465733658311 0.11106826922669671 46.64751771345824 0.06459787679553941 0.9967701420581547 0.04771161509397014 0.5596500755652491 -0.11402857665023396 -0.040125333033018955 0.9926668330089963 398.73993195937356
0.9900023634697016 -0.07063956253693782 0.1220875609101613 46.756139180185855 0.06538318559341587 0.996774242119916 0.046541908941563015 0.5765291206966103 -0.12498143608576026 -0.038094126198902616 0.9914274951720283 399.5872385857033
0.9884699159098546 -0.07205835684208653 0.13317213879179446 46.87466235251127 0.06641380627875067 0.9967146818440068 0.04635784002916407 0.5909135139131594 -0.13607509572559834 -0.0369788616079453 0.9900081475005389 400.4260981606349
0.9862122394768302 -0.07459093031515948 0.1477213993327028 47.00645656087534 0.06921842632769419 0.9967508544954521 0.04118911894304781 0.6012009751476769 -0.15031376571295826 -0.03039617043816626 0.9881709592271385 401.2421931641787
0.9834366527553187 -0.07176233387215751 0.16644073255856956 47.139756181395796 0.06775188894976503 0.9972613259599341 0.02965685904430176 0.6111259974089559 -0.16811315106543773 -0.017888968160738802 0.9856053739996513 401.992684292493
0.9799169389113538 -0.07077331218883692 0.1864240626003554 47.290732012620246 0.06725277065972465 0.9974189472403159 0.025149722157733048 0.620708040753899 -0.18772282139684016 -0.01210710402376108 0.982147422925381 402.7385010658914
0.9753479047385989 -0.07001654944307928 0.20927051279649442 47.46285827328585 0.06567281364590319 0.9974582587397425 0.027642424273427068 0.6248763876955343 -0.2106740284654305 -0.013217597208515819 0.9774670065297242 403.5277622836265
0.9685414841070256 -0.07215098200447624 0.23816303105131134 47.656497512288894 0.0662329439299794 0.997265957398245 0.032768999876878493 0.630120675177222 -0.23987619869867452 -0.01596389709163951 0.9706722223735059 404.25128279353964
0.9590422290332985 -0.07212891724670444 0.27392594296206824 47.85514148278953 0.06655900935689732 0.9973437500799646 0.029586186808419453 0.6354455451506018 -0.2753323468179289 -0.010142163144633065 0.9612956024670448 404.8688203455053
0.9466859452005355 -0.07011640925170949 0.3144350653368883 48.07972187452206 0.06618569977304829 0.9975381787671284 0.02317401664609607 0.6431854806532149 -0.31528586125184543 -0.0011274110201964073 0.9489960772516781 405.4444901504038
0.9324214378367164 -0.07098568358577886 0.35433218170012104 48.329492226855685 0.06748816721609865 0.9974722649539621 0.02223573550448836 0.6522365809309307 -0.3550149427113166 0.003180153058170742 0.9348552171744063 406.02621267428793
0.9163719155712047 -0.0733374032534509 0.39355322084363487 48.59473444774173 0.06783840367533536 0.9973065309020087 0.027886097019546488 0.6605730698466307 -0.39453829134716445 0.0011439861197125143 0.918878788500756 406.5787000515136
0.8978952376964645 -0.07746021551898036 0.4333405786835104 48.84078798952167 0.07062759222846295 0.9969934604665438 0.03187135081788471 0.6702291444329703 -0.4345064848054816 0.0019886675689730115 0.9006665086830326 407.00835218581125
0.8776528005797031 -0.07920970975012206 0.4727064453928063 49.08310084180135 0.07275891387912656 0.9968377236382614 0.03194828920019541 0.6771131021395047 -0.47374223168905927 0.006354102060161328 0.8806406323247172 407.3947781829321
0.8590586886728283 -0.08062121431440286 0.5054882681311096 49.36911667670523 0.07510625862232763 0.9966834762966166 0.03132248382628607 0.6814864231981763 -0.5063370609894886 0.011057480715022293 0.8622647579419925 407.8160856626635
0.8443171577317738 -0.0794869660483138 0.5299154266372796 49.697868452457975 0.07412913337762278 0.9967541217138006 0.03140210870678687 0.6846188224045345 -0.5306914440090572 0.01276883216995618 0.8474689069108061 408.3090490927485
0.8306951658574275 -0.08043218253707392 0.5508867446521297 50.04898775864343 0.07382192922447552 0.9966847414468052 0.034203054435122664 0.6886528452330738 -0.5518114389777311 0.012255210297596257 0.8338788554903446 408.81814601094993
0.8177579004535404 -0.08154015847648674 0.5697571577448098 50.430389094851584 0.07402725921604408 0.9965925415564664 0.036376792148066876 0.6956221752355484 -0.5707819033035079 0.01243015163433341 0.8210076188389314 409.3510509491237
0.8068572845856583 -0.08167627856807953 0.585072908132247 50.84926640563542 0.07316482172918469 0.9965870849763994 0.038224219018569795 0.7034669070442714 -0.5861981159747885 0.011965265459340653 0.8100793795981327 409.92519993433245
0.7939161943025048 -0.08269970762619172 0.6023768212529158 51.28124450764558 0.07378632730744943 0.9964891832892756 0.03955863357031625 0.7092887072133652 -0.6035334740730647 0.013040933479435676 0.7972310077557708 410.48720819064187
0.7757353929472183 -0.07994540113916804 0.6259739075758031 51.696217764686146 0.07056824497519537 0.9967109524121776 0.03984219048610172 0.7124433757375288 -0.6271002495057255 0.013266882765275392 0.7788255689764871 410.99453617445243
0.7505073758375935 -0.07668033899168485 0.656398358030767 52.08059519320601 0.06776003185194439 0.9969395974936658 0.0389873958169981 0.7198344934072312 -0.6573790815783461 0.01521724552237181 0.7534063833960537 411.40463682660044
0.7225548225481626 -0.07424970857270559 0.687314708986545 52.473662473222255 0.06485017498749959 0.9971112921828877 0.03954144414993863 0.729073546483043 -0.6882651983185559 0.016001617988202675 0.7252826793776878 411.8035590339932
0.695643901850123 -0.07641711323444642 0.7143108473372413 53.00029144433384 0.06552174923768284 0.9969310056140381 0.042842390482056875 0.7424618201528315 -0.7153925231616332 0.016999848537462715 0.6985159575515328 412.2957898323185
0.6663113513991633 -0.0738098584037855 0.7420116493688161 53.53263815202855 0.06420041318455137 0.9970724659117068 0.04153076772323761 0.7541522421138152 -0.7429047650564309 0.019965032510913118 0.6690993256111432 412.7715322595315
0.6360702066900454 -0.07145286467182468 0.7683158076542939 54.012135410178274 0.06397173912950825 0.9971587688443327 0.03977444292006444 0.7671172821684354 -0.7689748427315592 0.023851160287191 0.6388339482204493 413.1466544775814
0.6082621587026185 -0.07059677741702941 0.7905904384121769 54.53391501327053 0.06306541310462455 0.997186323738212 0.0405239363760905 0.7770593925240541 -0.7912268321792245 0.02520973557578167 0.6110029208373946 413.53939751677314
0.5799312023415949 -0.06890453684729032 0.8117462444338684 55.0621360656965 0.06122832785029204 0.9972850107641695 0.040910868650861756 0.7807753766669804 -0.8123613065744124 0.02597637593990676 0.5825756049421751 413.9112124065063
0.5520496108366431 -0.06461548888930817 0.8313038348105366 55.58654045508239 0.05890818170080845 0.9975239581663802 0.03841586928318547 0.7813868667234001 -0.8317277519139378 0.027763131661863935 0.5544890938661574 414.25474478291653
0.5251042688782734 -0.06070096651023209 0.8488703667053851 56.116707472575825 0.05563138164263275 0.9977679788850623 0.03693520932863758 0.7774364159686536 -0.8492176730275596 0.02782899524492856 0.5273091036966021 414.5792923716593
0.49859856862706803 -0.05977260152516396 0.8647697401447105 56.64634410908812 0.05367230351013914 0.9978343750706513 0.03802425230400995 0.7749357032044758 -0.8651697817185665 0.027455346187537085 0.5007269243477624 414.8748670895055
0.47285497113429625 -0.059994840633363425 0.8790954415596512 57.218203801669894 0.05397491166898679 0.9977779658769778 0.03906199842207379 0.7788046575092746 -0.8794855798612655 0.028978438670473377 0.4750424874769775 415.1740965028415
0.44386428764053615 -0.059579636096007714 0.8941111570269235 57.8409196389997 0.05350172312816493 0.9977692098783484 0.039927051494620294 0.7834000109017291 -0.8944954218886054 0.030114295299810908 0.4460617327668008 415.47394313507124
0.41057595884458714 -0.054662836824990596 0.9101864404005859 58.44400682630236 0.052496901238667876 0.9979628017478085 0.03625357483066003 0.7909022233385717 -0.9103139334203246 0.032897121422841895 0.4126091637650657 415.74309821943416
0.377507646797771 -0.055330530864502375 0.9243519399900985 59.04328187199882 0.05382105470516111 0.9978368293835763 0.03774858932670055 0.798495085346374 -0.9244410585211106 0.03549921520237062 0.37966898087726847 415.97368610599773
0.3460797886908903 -0.05790979254044092 0.9364161659153417 59.67467064732682 0.055619488332616034 0.9976041995436076 0.04113798209169096 0.8034918153490778 -0.9365549916461312 0.03784596386513927 0.3484715636057454 416.18647922563366
0.31348627708891574 -0.055720370764715664 0.9479565361126906 60.322091628006646 0.05588899768093585 0.9976290757594677 0.04015777804524215 0.8126668467826125 -0.9479466092640186 0.04039142831286411 0.31585718054794315 416.3829196912798
0.28148085448026133 -0.05444253082927098 0.9580211581160212 60.99255561798019 0.05593701177587473 0.9976223508485144 0.040257866325352144 0.8237530180201513 -0.9579350600508606 0.04225702219026069 0.2838569442535539 416.5657261866447
0.25447962703865795 -0.053498690692128786 0.9655972294473976 61.6513462991787 0.057588500315390825 0.9975351018391587 0.040090961951094115 0.8364756397924004 -0.9653619445853914 0.04540496330763644 0.2569332700397971 416.7291295488575
0.23242732207206374 -0.05254949831652141 0.9711931271282184 62.312011141992464 0.05875925808199077 0.9974741139981615 0.03990916552919971 0.8468807543736288 -0.9708372106301147 0.04779060713429999 0.23492800668645836 416.87955641931705
0.21497826264685688 -0.05002479971276598 0.9753367961904408 62.97520391160504 0.059350245106783085 0.9975106156588653 0.038080441878170126 0.8548244111460779 -0.9748137745206016 0.04970001067977351 0.21741208325051148 417.0204245258159
0.20079428586362189 -0.04811743076907811 0.9784510042003625 63.592778445999855 0.060833800641135256 0.9974777971730343 0.03656901484024817 0.8616177293783082 -0.9777427593513905 0.05218004410705957 0.20321500813894944 417.1423003664629
0.188965489917464 -0.04825584013423612 0.9807973376356548 64.24268504844183 0.06087059140759042 0.997446713388434 0.03734735669765572 0.8670817364038882 -0.9800953089990491 0.05264435243737761 0.19142036838985244 417.26612671607717
0.18000241677992365 -0.050317661194442836 0.9823783705504232 64.9765791240964 0.0629660910153389 0.9972320550439019 0.039541114996481955 0.8761169388372717 -0.9816488177223224 0.054739029630038585 0.18267248643276204 417.3993471171429
0.17585948718694963 -0.05048805534524596 0.9831197267036172 65.72157035012313 0.06544406038318576 0.997074206689937 0.03949811785636761 0.8860076175343405 -0.9822375047446028 0.057393228007222054 0.17864910201847242 417.5325275011043
0.17409124405547108 -0.04815909726182201 0.9835511883446338 66.53203919125751 0.06767716843156171 0.9970268921897222 0.03683988495626515 0.9009595210386402 -0.9824011602274823 0.060150458031765774 0.17683292335497064 417.67758064037974
0.17363816649382555 -0.05226674234808897 0.9834215651392731 67.37960918409864 0.07064529211694426 0.9966790695414683 0.04049783993826621 0.9176959638801774 -0.9822723806757335 0.062442133069525445 0.17675392549913596 417.82682593385755
0.17281629677170846 -0.054906712303580706 0.9834224832258622 68.19228092146975 0.07281992975485584 0.9964247740680985 0.042836053200983985 0.9333765903891117 -0.9822585125111463 0.06420998806534316 0.17619674239905345 417.9704238497923
0.17272877725759078 -0.055129774865065206 0.9834253796961014 68.99295825747944 0.07522515128885904 0.9962546419430082 0.04263642832810446 0.9503025401736245 -0.9820926362215862 0.06661378483719839 0.17622899179476154 418.11173225271125
0.1733587214406521 -0.05609091783541366 0.9832601703704059 69.78134994690129 0.07803006086992284 0.996020596713424 0.04306135765708433 0.9676790118790692 -0.9817627326911006 0.06925878903804263 0.1770456349077433 418.2524842809118
0.17327478947054586 -0.058868270478985005 0.9831125948052682 70.57943077975256 0.08145310192245846 0.9956488726624312 0.04526272807995623 0.9878382567977211 -0.9814994852373314 0.07223468070700906 0.17731585203249428 418.3937081402903
0.17228196472797572 -0.06036535322741558 0.9831962920796611 71.36702018967858 0.0857543826004375 0.995250175727183 0.0460789928256866 1.0099803425277671 -0.9813078571448846 0.07637481158563508 0.17664024926661806 418.53061999548345
0.17135595590847003 -0.06250783696363271 0.9832242402894767 72.12551698286809 0.08998883685972245 0.9948064963885896 0.047560950197549225 1.0318229409894728 -0.9810907937674921 0.08032935367091801 0.17609102567559873 418.66236533893823
0.17070209294782088 -0.06489212014569172 0.9831835068827318 72.87467319747444 0.09314867673224793 0.9944228997974353 0.04946130185803381 1.0523323559279198 -0.9809098426900729 0.08313909490400707 0.17579468539258614 418.7940243918117
0.16951666181540603 -0.06593098213568334 0.9833194836682438 73.62389630075108 0.09567567177509141 0.9941477819401818 0.050163268372407026 1.0709953525064488 -0.9808721971782792 0.08557624236925443 0.1748326043523144 418.92716031989187
0.16769581162879893 -0.06751989123274364 0.9835238578957164 74.36029501323364 0.10094086256160643 0.9935844101796842 0.05099962855951407 1.0947806859241607 -0.9806574616182127 0.0907253224618574 0.17343546014790415 419.0517947621087
0.1657304684390606 -0.07098800760626639 0.9836127869273856 75.16364440233501 0.10546027733622282 0.9929620394581247 0.05389358124423668 1.1196703890565347 -0.9805159568998025 0.09480026883535116 0.1720504789113043 419.1855558164063
0.16648874780426431 -0.07094917341330767 0.9834875249064082 76.0554583369692 0.10678802908892258 0.992838915983195 0.05354627673908011 1.1441098051136989 -0.9802437521850728 0.09610984185442788 0.1728730302876822 419.34274030307404
0.16979322185533396 -0.06966443814233075 0.9830143070526975 76.98536903851056 0.10786607960961635 0.9928187833759691 0.05172786720437029 1.166911348919693 -0.979558661174325 0.09725085826960318 0.1760883297785201 419.5121457630372
0.1740005009102293 -0.06741136449920285 0.9824355111758437 77.90231538559165 0.1093032340267267 0.9928115771124094 0.04876448895322872 1.1878839604222156 -0.97866063000117 0.09889833308972694 0.1801179918769529 419.6831200358961
0.17876016073139483 -0.06666786440078847 0.9816313976190455 78.81599926282652 0.11076530817119995 0.9927227533089495 0.047250201781984844 1.2098728006052712 -0.9776378938242033 0.10028425060266077 0.18484376548869133 419.8564993528862
0.18364716035227963 -0.06860563640377977 0.9805952208471002 79.75224516195453 0.11027121530507276 0.9927027367026422 0.048800979685121544 1.232430201291246 -0.9767875816008748 0.09916926538357403 0.18987226557240128 420.0428453120751
0.19225309433215154 -0.07234556669989858 0.9786750567469162 80.74410846282805 0.10967037746614935 0.9926156518448194 0.051832190954242095 1.2584475439784388 -0.9751980086249891 0.09736676379317137 0.19876759615767417 420.248553987257
0.2046442170142338 -0.07263782240897908 0.9761375370296489 81.7743168412816 0.10947018844569281 0.9926850074381267 0.05091909120586056 1.2835179503157033 -0.972695750111151 0.09643766257665033 0.21109892219634177 420.47276673228413
0.21654359196909764 -0.06947496865336744 0.9737977723879486 82.77132839529317 0.10969678057082734 0.9928794789453714 0.04644304707449112 1.30666749818056 -0.9700904540863783 0.09676553632250098 0.22262286915477214 420.70187375431567
0.22691013509660146 -0.06923548700251964 0.9714516137873066 83.68795087511074 0.11036344436022003 0.9928727917804591 0.044983658044068855 1.325107504291588 -0.9676423413324726 0.0970054982029423 0.23293396613420095 420.92377907183425
0.23840380061251604 -0.07165763627862204 0.9685188748891086 84.55789823135272 0.11087849526083743 0.992761491965022 0.046158199272460454 1.340534322853749 -0.9648158306859391 0.0963836253434391 0.24462340367073687 421.1471193388127
0.24979435301837855 -0.07237980221214836 0.9655899468365732 85.45788713868734 0.11144212653947233 0.9927249043340128 0.045584172114728046 1.357815455898344 -0.9618645609608915 0.09622072825932676 0.25604323428037656 421.3892350910924
0.2630589147930669 -0.07646008870671647 0.9617452168754733 86.38155885356018 0.11013075995803176 0.9927184129676159 0.048799265016230796 1.3736784596870693 -0.9584733815077803 0.09308064992262889 0.26956403608608775 421.65390637676717
0.27668201326344133 -0.07772863352736563 0.9578127808013702 87.27751654946886 0.11034088482408883 0.9927006484399709 0.048685847256657394 1.3910464409144485 -0.9546056529649951 0.09221541149303575 0.28323906017787354 421.9216646870918
0.2886697995130549 -0.07849582009175397 0.954205508827743 88.19121529718943 0.11137683737194816 0.9926202025277129 0.04796179344921237 1.4120940213900932 -0.950928465735522 0.09243127047685377 0.2952820910450216 422.20638450528963
0.30106467821177163 -0.08156959050912323 0.9501086577004825 89.14004851132455 0.11031404172669153 0.9926249709966842 0.05026409406080576 1.4329555251689483 -0.9472016003634931 0.08967758280643909 0.3078425886891403 422.51800421131935
0.3125486903511236 -0.08213658739596813 0.9463439634565955 90.06301063424073 0.11003138580536595 0.9926788242825635 0.04981812881610578 1.4537225011940411 -0.9435075041024032 0.08855694683045426 0.31929806900531205 422.8321746106792
0.3240472736694382 -0.08004751803921986 0.9426482691243651 90.93488443777707 0.10982180833369637 0.9928602377575222 0.046558766031687945 1.4703151674449693 -0.9396448982683402 0.08843609633988483 0.33052461636380825 423.1386374175034
0.33652775129067 -0.07854417915963664 0.9383921805574575 91.79876120169719 0.10929455256667557 0.993038516214763 0.043922728663322 1.484998094365221 -0.9353094532776268 0.08777993639847628 0.3427694697247487 423.45463678453905
0.34687622597927964 -0.07723034494146593 0.9347258195163917 92.65695674104265 0.10946590785010998 0.9931266437998052 0.04143289023813883 1.5001607613192138 -0.931500992414351 0.08794852582708047 0.35294611194334125 423.7800879913594
0.3560094342297532 -0.07545035847228396 0.9314314393157507 93.52022191621698 0.11007024546984184 0.9931824534379391 0.03838170456355718 1.5146055240150433 -0.927977275476947 0.0888586382373672 0.3618871628131925 424.1175735992123
0.3658988931177907 -0.0754429990180808 0.92759169569069 94.36923565170308 0.11039377842933888 0.9931903019234815 0.03723221520722905 1.5233689441831801 -0.9240839862800715 0.08877712579432423 0.37173566984677486 424.4619290966829
0.3746906828596827 -0.07805925648465396 0.9238580219141921 95.2288236180036 0.1101526909151537 0.9931398413819847 0.03923824848175732 1.5280864104245278 -0.9205831178455821 0.08706324101955168 0.3807186824951954 424.82265760745946
0.380817310499237 -0.0773314156943329 0.9214108899784255 96.11989312418517 0.1097528378769731 0.9932323114830804 0.03799855265569177 1.5333582443134115 -0.9181135499501554 0.08665695340067539 0.3867273998894258 425.2034805452749
0.38697658403906804 -0.07807216715824543 0.9187784608493308 96.93823940880233 0.10861375687507234 0.9933319705548008 0.038660678876583796 1.5367987047542473 -0.9156703420024779 0.08483120292045054 0.3928759241645304 425.5620764153979
0.3928857000015006 -0.07991512850880482 0.9161082899798191 97.73655676073855 0.10861116525327842 0.9932765078116285 0.040067365921160183 1.5428991495652034 -0.9131508317450376 0.08375769376574504 0.39892381129532617 425.91866968732967
0.3980382614278643 -0.0823041098074206 0.9136692924402611 98.56594024676072 0.10901265786229332 0.9931538191673377 0.04197299011422865 1.5512860952982046 -0.910868696830273 0.0828946619640772 0.4042854092749093 426.29243816018345
0.4027174844400447 -0.08151014881892384 0.9116878431600344 99.32375523782076 0.10944482956274251 0.9931694732810414 0.04045029820212141 1.5582236611190854 -0.9087576448142061 0.08348947827226619 0.40888757624750777 426.6389156724937
0.4079675184402818 -0.08002224881117843 0.9094827890580869 100.0401089486931 0.10955056619289352 0.9932449520595766 0.03825099547704962 1.5634165001140643 -0.9064001198943504 0.08402919078136288 0.41397816096037704 426.9720874317324
0.41434027292836517 -0.07948146611069895 0.9066448228355678 100.73905942401666 0.11030080569455317 0.9932217925836196 0.036663374096132746 1.5660274927252396 -0.9034134548991277 0.08481254200809202 0.4202986583672933 427.30139331095785
0.42193637751463065 -0.07636764846971324 0.9034033847606693 101.35980782654381 0.11080046959745653 0.9933202855555435 0.03221903538028107 1.5630441841834135 -0.8998294000902682 0.08650313619204221 0.42757953431160406 427.60197516864497
0.4275724912248025 -0.06688561295839925 0.9015032332315797 101.94501705822496 0.1094690143474021 0.993750905896361 0.021809904354884415 1.5582401270738615 -0.8973284235137224 0.08936135523446445 0.432222452615591 427.89595758497614
0.4321000923335512 -0.05957683320979739 0.8998556057223986 102.4753489317507 0.10766360741943545 0.9940871504629257 0.014116831157630875 1.5490740876891496 -0.8953759310159995 0.09078181662200506 0.43595940628462176 428.16603766187905
0.43567997367712136 -0.053390346704970226 0.8985167952884477 102.97639565698886 0.10716563905038877 0.9942157330851988 0.0071135007402252405 1.5357733112901966 -0.8936993265878757 0.09319091674934024 0.43888149504370133 428.42261519794795
0.43801757008406883 -0.04806656071923832 0.8976804632152067 103.51991904056764 0.10652255149526414 0.9943094837107661 0.001263576577487553 1.5246780455378615 -0.8926329336970402 0.09506974462704809 0.44064519665595214 428.6958641731309
0.43797947161421974 -0.05228604499366507 0.8974631758147215 104.09375919332622 0.10885404335096834 0.9940462024027882 0.004790066256236739 1.5142690561897372 -0.8923703153347675 0.09559454475812965 0.44106337789688804 428.9730337671009
0.43038444135154746 -0.052004292329892926 0.901146373361054 104.65709403822619 0.10964110257165897 0.9939586846392452 0.004996184253120955 1.5003684758367675 -0.895962086959814 0.09665240198508886 0.4334861611644909 429.23958982995475
0.4131909443632175 -0.05181914418873739 0.9091688620887629 105.22697000999068 0.10973528717870262 0.9939377294978363 0.006779131839136233 1.4912953037164327 -0.9040085233248846 0.0969668302886691 0.4163724577583509 429.49360715571663
0.3884364018628559 -0.059419312017674475 0.9195577779928681 105.79444746852565 0.1116576932651476 0.9936006622912591 0.01703770609784676 1.483477218926226 -0.914685586003487 0.09605763506206379 0.39258528946426474 429.71318836150874
0.35738309839505844 -0.0641527252327483 0.9317519781716356 106.31616703131235 0.11319445885404604 0.9932590192400377 0.024970686475492457 1.4761073429913494 -0.9270729936020605 0.096545059653662 0.3622357188215766 429.89463316066093
0.3209270962453743 -0.06929925187909465 0.9445651976356669 106.8799511691561 0.11513605379015178 0.9927773236535445 0.0337175734141115 1.4761670957531792 -0.9400795115377965 0.09793262647505434 0.3265879860903566 430.06206832835113
0.2776685844262354 -0.07274015253483872 0.9579191131989879 107.49716902804147 0.11611001772258582 0.9923606447426341 0.041699095319247995 1.4829802853456668 -0.9536344273395282 0.09964547644118782 0.28399323586595887 430.2236909493925
0.23113525316117722 -0.07508538481895896 0.9700199378016432 108.1323039699712 0.11333538464201268 0.9923076822746916 0.049805163253182724 1.4992244956032819 -0.9662978760890268 0.09842585374391218 0.2378671183257937 430.3500902120129
0.18489513810704541 -0.08091330445124474 0.9794216788835916 108.796114885039 0.11123328274332782 0.9919236643415095 0.06094752603227352 1.5254556505115704 -0.9764430063831264 0.0976753872891833 0.1924021153817938 430.44149328885055
0.14003717205246546 -0.08562960808820512 0.9864365973858659 109.49262046199162 0.10684417957247783 0.991743081493099 0.07092236320129182 1.5577416774853017 -0.9843647249546437 0.09546324176997262 0.14802992175818996 430.51900794498346
0.09590530143596003 -0.08750212085194893 0.9915369645166461 110.2055872782447 0.1021323413256573 0.9917362797065058 0.07764107398302696 1.596894583249714 -0.9901369390199601 0.09382180109286627 0.1040495633238016 430.57661562256897
0.05379654539443498 -0.0895850549843929 0.9945252383057274 110.90444525205864 0.09928627296864106 0.991511884026323 0.08394295583649251 1.6414507913226617 -0.9936036270584061 0.09422686325042424 0.06223448030123633 430.5870584135895
0.017345800880806023 -0.09164096724954515 0.9956410278375271 111.53173136334192 0.0971023703007168 0.9912381136642048 0.0895440210254772 1.6812440885469868 -0.9951232350185505 0.09512589101289112 0.02609237408166753 430.58105123959626
-0.013512206005881707 -0.09122023807965775 0.9957390664494095 112.12599479007966 0.09515008337238652 0.9911937086744421 0.09209502439563534 1.719619192472493 -0.9953712281973405 0.09598906213155406 -0.004713600324813361 430.56281085388395
-0.0384912794200916 -0.09034676439942656 0.9951662592608107 112.76557063005912 0.09569492916128639 0.9909937177140492 0.09366926915538192 1.7637297317237872 -0.9946662264003038 0.09883781469580115 -0.029498888872931114 430.5287226616955
-0.0567740598290933 -0.09056687848338911 0.9942707612377495 113.48555962339576 0.09530384132581829 0.9908377404574884 0.09569613322199602 1.8124623839013028 -0.9938278945366071 0.10019088085686147 -0.04762250974130034 430.4863010825155
-0.06887372190871206 -0.09065169989756247 0.9934982031871623 114.27385531694705 0.094358580126806 0.9908065646830798 0.0969474586431582 1.868758588551465 -0.9931529936454375 0.10042221211761881 -0.05968677011289233 430.435847732054
-0.07730583401176414 -0.0903584765649627 0.9929044031227785 115.11098395529956 0.09381649800058632 0.9908065816189884 0.09747195762577404 1.9321383862663521 -0.9925836351313937 0.10068596492736125 -0.06811801330040698 430.37743075640054
-0.0809075312429043 -0.09074307085553626 0.9925823222684766 115.96843122277357 0.0947834213394971 0.9906336345341773 0.09829092109032908 1.999108832900565 -0.9922046535001527 0.10203282423471911 -0.07154878301780454 430.3141403754344
-0.07758518458844194 -0.09225754569654052 0.9927079552388127 116.78367626556114 0.09534605925986417 0.99045889239512 0.09950030883894981 2.0631195145000487 -0.9924160761071901 0.10237054135581526 -0.06804854257458604 430.2595126781421
-0.07199946917378384 -0.09394726197346441 0.992970285762056 117.55487807152787 0.09372863265693147 0.9905112436820362 0.10051079324991741 2.1247586038858177 -0.9929909465140935 0.10030647091366994 -0.06251073534913461 430.21605174429936
-0.0690316463572079 -0.09437788054006878 0.9931401952725377 118.34648755181938 0.09191627085788143 0.9906788218535757 0.10053293531172397 2.1912570362028303 -0.9933710439472222 0.09822569722621073 -0.05971332725305655 430.17365375130476
-0.06704178057911007 -0.09550432925258681 0.993168828926277 119.17408799184604 0.09129953645143121 0.9906449626887264 0.1014246150754585 2.261624757733572 -0.9935641873077634 0.09747554048818936 -0.05769510123051113 430.1288156205804
-0.06441364124234272 -0.09547114765572177 0.9933459330903806 120.07066460551212 0.09176239862449585 0.9906292134199347 0.10116038610879159 2.335766782348237 -0.9936953985103191 0.09766791430300976 -0.05504937324909229 430.079005767092
-0.06130582004100792 -0.09594458521659195 0.9934969718105396 120.99989699243505 0.09262175980892388 0.990527474187968 0.10137323359102918 2.4100579776728526 -0.993812258949847 0.09823420710943562 -0.051838542751342566 430.0288209185729
-0.05804656804924572 -0.09390855745232482 0.9938872062638316 121.90276559772447 0.09389887811515474 0.9906387004540187 0.09908564906931637 2.482047004211629 -0.9938881207794062 0.09907647551258485 -0.048685268547933556 429.98255006255835
-0.05497209741698262 -0.09178480342738206 0.9942603373188387 122.82006562916403 0.09473145973278006 0.9907949175122857 0.09670254375516207 2.5548995864092108 -0.9939839128690536 0.0995036747643986 -0.04577116631577331 429.939627144294
-0.05192546427424341 -0.09229565935835604 0.9943768186273787 123.72996715583672 0.09442845712406296 0.9908050289395012 0.09689510366041469 2.6266985340162297 -0.9941765500378056 0.09892879202638545 -0.04273267442047999 429.90268157539157
-0.0490176241619155 -0.09524255887934127 0.9942465124402664 124.61518698131452 0.09380728863923227 0.9906039931091435 0.09951844770883062 2.6961235200578653 -0.9943829569736585 0.09814572743800272 -0.03962260801598213 429.8699805276045
-0.04405699267880457 -0.0976786894249935 0.9942423522604094 125.50864300708092 0.0930804211000045 0.9904783103809166 0.1014334849682787 2.765771193007328 -0.9946833750515515 0.0970133511284909 -0.034545522124790645 429.84269145936815
-0.036109457367752285 -0.0999996732299556 0.9943320232409822 126.41710266399585 0.09193855108175691 0.9904289179615281 0.10294591439461491 2.836439528363358 -0.9951097476728853 0.09513476661798424 -0.026570025723508372 429.82165966771527
-0.025403910256968056 -0.09944263989595653 0.9947189566476431 127.35009232616778 0.09296760867055642 0.9904929033646347 0.10139443832072066 2.9106338500813713 -0.9953449980191461 0.09505245791045741 -0.015917448396223364 429.80568245201147
-0.011309423806576445 -0.09941488673472364 0.9949817974358536 128.25904333048015 0.0947420756071468 0.9904624650475445 0.10004021412207738 2.985642455360973 -0.9954376103216176 0.09539803785960958 -0.0017827870662307415 429.8003848335565
0.006923075164983111 -0.09909362258977533 0.9950540311924233 129.09928187056403 0.09594061146093019 0.9905532444049505 0.09797790093347147 3.0544131441326847 -0.995362984093121 0.09478778381659478 0.01636477730907631 429.81119791453034
0.024382951687393746 -0.09980160258594897 0.9947085562054262 129.93682521664076 0.09544997950763691 0.9906911186921323 0.0970587902073952 3.1194366903754287 -0.9951355551275421 0.09257833151341512 0.03368203460585976 429.84065011815085
0.03792666611395961 -0.09962555067635501 0.994301924794431 130.85669784560312 0.09480871239348197 0.990888042472759 0.09566710688002313 3.1891084149144464 -0.9947727760909875 0.0906401507993935 0.04702645012429746 429.8872318625891
0.052145792126153306 -0.10351943143761874 0.9932595550400536 131.8082135483325 0.09406064393496637 0.9907001802816829 0.09831453632286775 3.259905955390996 -0.994199885146883 0.08829994396755408 0.061397950041116575 429.95187538121877
0.06711346708315465 -0.10281731150015029 0.9924335660345012 132.7337429769231 0.0949452857489441 0.9908205057443291 0.09622950748394793 3.329501719707532 -0.993217587062437 0.08776859263103705 0.07625941841790798 430.0241683078662
0.0807862531612206 -0.10288309111094503 0.9914074091228214 133.64883214456034 0.09510348566336181 0.990916067639792 0.0950824584661648 3.3971430545177435 -0.9921839085143691 0.08660494475922396 0.08983693688234289 430.10429775935626
0.09365904392232363 -0.10148410348832881 0.9904185782944116 134.5839483082063 0.09731820666781496 0.990960691587265 0.09233674447288054 3.4654735966392267 -0.9908365910393684 0.08773758868386901 0.10268868189544433 430.19778723401026
0.10450992092425399 -0.10194443584445703 0.9892850996698367 135.55737310714247 0.09818949797917252 0.9909300714807333 0.0917410263828944 3.5387184900644924 -0.9896648417090524 0.0875495598820706 0.11357189638925538 430.3051559050329
0.11162664361110153 -0.10322726734658023 0.9883742326225805 136.6057215857399 0.09921080731517429 0.9907788867230314 0.09227357875221964 3.6180954281289783 -0.9887854712464129 0.08775721565790703 0.12083858221603071 430.42732759556435
0.11599893684776513 -0.10444885916146182 0.9877422145833671 137.71399951521613 0.09930455463343064 0.9906923076005647 0.09309864172008046 3.6985536458312094 -0.9882726607972334 0.08728795725033929 0.12529150186592491 430.56423079777716
0.11756831499932487 -0.10404265663536154 0.9875995225335384 138.80257578001243 0.09855088994512523 0.9908097207097806 0.0926489041383129 3.776555981658904 -0.988162645215474 0.0864362363089854 0.12674132575247196 430.7028894953859
0.11882898333903615 -0.10328900414508836 0.987527748643715 139.86283132475353 0.09839918711308474 0.9909036475135354 0.09180175009146035 3.8563731117152686 -0.9880269594976113 0.08626321908604358 0.12791162706657422 430.83865504014443
0.11961487949465809 -0.10490042045831365 0.9872629752964226 140.94364201891156 0.09965833919453115 0.9906485919773796 0.09318574269824012 3.938720484015239 -0.9878058999785664 0.08724258708282256 0.12895051363461196 430.97647479326133
0.11973188215627788 -0.10562291781478789 0.9871717558903329 142.03788123907574 0.10133258814313201 0.99043198293748 0.09368134155073216 4.022398432943281 -0.9876213763257298 0.08881602561937313 0.12928932909428223 431.11628836651903
0.12053805932437768 -0.10277029450525273 0.9873747225960434 143.12376885503292 0.10202929571229545 0.9906420882305254 0.0906547066771291 4.105992437711562 -0.9874515679620773 0.08981380513911541 0.12989565556887406 431.2536593931495
0.12244159970151129 -0.10659365539477025 0.9867349427744581 144.22654420771943 0.10117955057870627 0.9903763506681798 0.09443189388055875 4.1921062955989825 -0.987304792456324 0.08827500590064602 0.13204836282974267 431.3950890444352
0.12339294792465497 -0.10952261614803559 0.9862955829539898 145.38263541119113 0.10246770479819414 0.9899845840973125 0.09711278352030073 4.285193486527698 -0.9870534686002843 0.08908041199815335 0.1333796473319152 431.54104537962075
0.12319267113754633 -0.10775528604603023 0.9865152629874165 146.57817572568587 0.10528208604084906 0.9898964529362694 0.09497733847123241 4.386903306766531 -0.9867822698735941 0.09216187277464592 0.13329268948365733 431.69175448700264
0.12152532691697521 -0.1086170494779033 0.9866275545921237 147.75190461047043 0.1048285996179998 0.9898402315450443 0.09605873576610248 4.4833230392872725 -0.9870372635416813 0.09175321562521689 0.13167683092549498 431.8431776310119
0.11957902187941952 -0.10838005743150049 0.9868913925440342 148.87584804950578 0.10272700819895107 0.990039188838038 0.09627858719056867 4.573526757357489 -0.9874958325546761 0.08986750088916448 0.12952147687191648 431.9907260812412
0.11652437804328644 -0.10910990863137533 0.9871763252631595 149.96436329130816 0.10001855687064479 0.9901835399893281 0.09763629148895359 4.660581861438337 -0.9881388351861987 0.08735894328948397 0.12629353674755564 432.1323083196638
0.1120541553886522 -0.10661240539085379 0.9879664272013038 151.02859659102268 0.09877288033750459 0.9904992083083958 0.09568299979763287 4.746741392780511 -0.9887809587416049 0.08686261196404985 0.12151996656029175 432.2653951906857
0.106710129001604 -0.10671735014294738 0.9885465874438724 152.06589556567323 0.09766109881740774 0.9905408561518891 0.0963904667052646 4.832825047373278 -0.9894823182585105 0.08625670682532348 0.11612287621917108 432.38819426488425
0.09999317489173039 -0.10779250255893572 0.9891320141250867 153.07182348789587 0.0993975266370893 0.9902236756520757 0.09786318958894329 4.918537988244816 -0.9900108568462771 0.08853162468956617 0.10972991732579188 432.495761279257
0.09500339387493063 -0.10662656241739728 0.9897500347760997 154.09003603485934 0.10284657693645527 0.9899779676549475 0.0967791566931284 5.004990648023296 -0.990149956705901 0.09259805475725838 0.10501744374375835 432.5992290417244
0.08919303569256966 -0.10716358934978716 0.990232582528777 155.14891846057196 0.10304878263368186 0.9898526004216451 0.09784057356854971 5.091642646516158 -0.9906692438860002 0.09331556438331609 0.09933103574494347 432.70741973768065
0.08251806677400528 -0.11131426498718165 0.990353423312224 156.287870017616 0.10466511637772219 0.9892148677388808 0.10246540322462946 5.186384340082245 -0.9910781917031156 0.09520020932073402 0.09327881900930114 432.8147322421662
0.07790445151974094 -0.10950804222594751 0.9909282946415675 157.4412728495684 0.10727132034706811 0.9890993886216761 0.10087250992823861 5.284977396223119 -0.9911729214745548 0.09843976897609032 0.08880231764728407 432.91642391769443
0.07526689249149986 -0.10769887255649496 0.9913303423908348 158.54110346886205 0.1065667335287212 0.9893256099876973 0.09938998303394962 5.376990543991538 -0.9914526848012923 0.09816206126875165 0.08594058137910462 433.01429425091084
0.07449919461959165 -0.10860976599428576 0.9912889531976516 159.67657363683873 0.10516081496395896 0.9893643544443742 0.10049565737375123 5.471237482582162 -0.9916607650790402 0.0967579086459238 0.08512833909644346 433.115968985371
0.07514297798966467 -0.11042626704330999 0.9910396421968809 160.8620686227941 0.10548747640253972 0.9891531344322948 0.10221775268997883 5.570532390670115 -0.9915774932808165 0.09686132452968868 0.08597650044800688 433.2204454323488
0.07701613271902955 -0.11147472848319025 0.9907784314419653 162.04944277733506 0.10629004070572491 0.9889849456883245 0.10301070065113055 5.669284302854233 -0.9913480430947446 0.09737639401549293 0.08801644926239356 433.3271520939019
0.07865886808229842 -0.11141788797061099 0.9906557609544182 163.19151935863337 0.10640303344916821 0.9889965081777216 0.10278278691049861 5.764272416241651 -0.9912069294273654 0.0973240003927201 0.08964854713117919 433.4334586582652
0.07808037018853306 -0.11241351979788951 0.9905890451432767 164.3496425824484 0.10596433291078068 0.988929717001343 0.10387287895508066 5.860527707210479 -0.9912996600130529 0.096856674515973 0.0891278220294437 433.541644635153
0.07633023034493996 -0.11299918732113833 0.9906588108931593 165.57137555969453 0.10575355628143152 0.9888706732207584 0.10464691575844111 5.965888765922262 -0.9914584616963628 0.09677796912875627 0.08743079218441978 433.65340111320427
0.07486356775415469 -0.11145848250670402 0.9909452320387941 166.792484232134 0.10630856308400197 0.9889627871322125 0.10320414275939192 6.071768328389925 -0.9915109357128308 0.09761973337900978 0.08588627373962254 433.7625204071785
0.07290821921907287 -0.11176588915471149 0.9910563947585213 167.99997245680677 0.10625501615849377 0.988915861379849 0.1037077174202073 6.176638281927193 -0.9916623735483066 0.09774356824266299 0.083975780768804 433.8699997338424
0.07183684757015378 -0.11213533674426931 0.9910928985642211 169.21109733698023 0.10671846868975818 0.9888202101268726 0.10414298096924658 6.2812992117407065 -0.9916907964540637 0.09828661301467818 0.08300063813253176 433.9745697899045
0.07241577547275627 -0.11161057046925778 0.9911100019786925 170.34976790369302 0.10767108807810762 0.9887863459973557 0.10348187648701644 6.3787359231387635 -0.9915457086058894 0.0992201719849578 0.08362096158571629 434.069788787448
0.07212895229449875 -0.1129219074889022 0.9909823696968393 171.41625077701894 0.10790663969450442 0.9886219415810251 0.10479892048301244 6.470529465119422 -0.9915410084059751 0.09937454117444874 0.08349328844661501 434.1585215016966
0.07182745680170949 -0.11267373137569305 0.991032515464187 172.4865849054539 0.10746914072212564 0.9886887381875717 0.1046181761144549 6.56012050739179 -0.9916104074896784 0.09899095533908811 0.08312394672540721 434.248901387604
0.07179020343537375 -0.11127181062680086 0.9911935990766578 173.60981061820866 0.1076338918398798 0.9888188622119778 0.10320951051725023 6.655419759188985 -0.9915952359799375 0.09927659287889931 0.08296412530876679 434.3430852497507
0.07292891766395676 -0.1119360437096763 0.991035667918661 174.77483981660944 0.10757730353958529 0.988767056465385 0.10376334522330022 6.753687405964197 -0.9915182785665201 0.09904559640591452 0.08415148900097451 434.4410866360408
0.07187494085373067 -0.11273623538383482 0.9910219644935981 175.94063837053986 0.10638920401446032 0.988789843658747 0.10476632257782124 6.850860647195038 -0.9917234141364426 0.09790396472457676 0.08306312987581647 434.5402132014322
0.06909650492117088 -0.11121102276807755 0.9913918405063429 177.16133509053614 0.10609625937116818 0.988950208477829 0.10354259461257677 6.958186373779773 -0.9919522451988929 0.0980285344506219 0.08013207646341752 434.639917632879
0.06732433604288722 -0.10919917488907009 0.9917373513082623 178.38152614041363 0.10588523715734607 0.9891611792165208 0.10172746965846848 7.066903074700786 -0.9920966436434089 0.09816161028899414 0.07815720016066874 434.73747539142795
0.06599582957500302 -0.10884437529942581 0.991865642334879 179.59236403173966 0.1040349209102252 0.989365679665106 0.10164785847230698 7.170007363407627 -0.9923816230210585 0.09648032890947636 0.0766176247583354 434.83347331391394
0.0645725086505166 -0.11107542176928469 0.9917119752253432 180.85159896798504 0.10296127938918041 0.9892237785664585 0.10409270322766007 7.275450314786103 -0.9925872082961386 0.0953864067751487 0.07531312853283913 434.92968922119996
0.06355052480551365 -0.10884599999539926 0.9920251403477346 182.10884081783152 0.10319770231421675 0.9894223307177522 0.10194942723781059 7.383253768691736 -0.9926286138501196 0.09589577551724014 0.07411096547702749 435.02369136323
0.06320841328252653 -0.10814339313323369 0.9921238345145899 183.31483270386593 0.10227127727886351 0.9895800542933697 0.10135039214764588 7.486197799180553 -0.9927463333269254 0.09505957430139632 0.07360974799292784 435.1158524427968
0.06235771027409238 -0.11082173535475072 0.991882079151716 184.50775289299582 0.10220278201489992 0.9893008171373904 0.10410804272344532 7.5855807480282635 -0.9928071853677263 0.09488116875467704 0.07301682338995215 435.20741611992617
0.06088745609263243 -0.11133003930538408 0.9919164985213353 185.70140038924825 0.10239450811371634 0.9892141360922877 0.10474138467358106 7.684428578730983 -0.992878684633081 0.09518936549557774 0.07163031689048739 435.29701044305136
0.0589906712594176 -0.11288906382733366 0.9918549087303791 186.92869093646593 0.10230996571334681 0.9890368798993807 0.10648343117420554 7.788169256902868 -0.9930018991019587 0.09519511262184739 0.06989362569517217 435.3857575599221
0.056917714428493076 -0.11315291718587497 0.9919459617925566 188.17525498479793 0.10223265709986316 0.9889945147147248 0.10695014579928232 7.896030251254326 -0.993130836096905 0.0953219135168431 0.06785923074239296 435.4681588509911
0.05637349645464833 -0.11305978975428266 0.9919876576037588 189.3617905151368 0.10104947473677243 0.9891118491414151 0.10698950202460455 7.998886218676688 -0.9932829569427332 0.0942084594331524 0.06718432568934579 435.544068307053
0.057112590834187196 -0.11331237594388734 0.9919165576933147 190.51735738415576 0.10065197243453848 0.9891297304212007 0.10719867929186343 8.097762478527107 -0.9932810943601226 0.09371596371394833 0.06789687571547352 435.6184836167883
0.0583791134007204 -0.1146202509111152 0.991692531584067 191.63758430062393 0.09994036828203952 0.989067285318136 0.10843351834678726 8.193920646341505 -0.9932793171642079 0.09277986416505354 0.06919606129916817 435.6922396877746
0.060372501256675586 -0.11255015579573789 0.9918102759713496 192.79597870222528 0.09981702781183464 0.9893229177070847 0.10619192746321238 8.29430586820003 -0.9931725540160798 0.09258848162647397 0.07096232112381982 435.77360789713026
0.0621367061456234 -0.11145194717592367 0.9918253340281565 194.04552736337234 0.09824307963987321 0.9896026214811898 0.10504736484286555 8.403469096774113 -0.9932206839631588 0.09091267803915877 0.0724400298143399 435.8659608101485
0.06421875598511709 -0.11342595054591312 0.9914688624069223 195.2884938842824 0.0969163296100433 0.9895321342929965 0.10692698563255254 8.512783292044515 -0.9932185944869539 0.0892228050685629 0.07453934948103567 435.95951323440164
0.06766677964610433 -0.11447091300499995 0.9911193757606214 196.49060598889577 0.0978883249773229 0.9893651038223024 0.10758516241479656 8.61633520241351 -0.992894295867117 0.0897390740674647 0.0781525164025746 436.0533302755432
0.07184903584717958 -0.11583568963164757 0.990666345979002 197.6624379541639 0.09919962296795673 0.9891386746445714 0.10846251483989883 8.716576886764928 -0.9924702266823143 0.09048080089135321 0.08255951683006366 436.14968645805067
0.07678122096245026 -0.11572051430427158 0.9903097528938442 198.81153843441402 0.10105135963237895 0.9890305951259369 0.10773627347036724 8.816183928857876 -0.9919139412388361 0.09180002436812891 0.0876326919707945 436.24652601232447
0.08240771693214118 -0.11462679815419764 0.9899846793435468 199.9511536287499 0.1014747101357957 0.9891657290811888 0.10608507724527297 8.916555442436179 -0.9914191098586342 0.09171617935891228 0.09314661051759068 436.3498253826995
0.0885756106341714 -0.11415332910782207 0.9895066339617846 201.13750024491029 0.10005436826149798 0.9894064645342553 0.10518541405355175 9.019823611837229 -0.9910315255291197 0.08968759887200618 0.09905882099034978 436.46953405442883
0.09397171313381496 -0.11466502861539003 0.9889495681496221 202.36059804727057 0.0985025714627492 0.9895421143139315 0.1053738459691942 9.12339924455875 -0.9906899416799992 0.08751191468448918 0.10428376787560459 436.6013676158359
0.0985911916671708 -0.11397364348456415 0.9885796809142381 203.60418546294216 0.09879349561347289 0.9896329472478582 0.10424238555399529 9.22540121548693 -0.9902119076996176 0.08738786135597215 0.10882894622990599 436.7398648879975
0.10252019288105611 -0.11296088189978679 0.988296235554932 204.8630168336226 0.09973400753858919 0.9896921290102765 0.10277459567129493 9.329755666534364 -0.9897185144231271 0.0880302728357012 0.11272946940595711 436.88009343226827
0.10524711144011886 -0.11529679892944229 0.9877396892350389 206.09337236954272 0.10065800343431973 0.9893899520052059 0.10476396907215797 9.43024454131262 -0.9893386740030562 0.08839779990338788 0.11573598011903313 437.0190004648756
0.10719615763150207 -0.11563451979794288 0.9874905779905636 207.2758336727384 0.1012700172160423 0.98931782952111 0.10485521353133335 9.528643032630718 -0.9890669175551786 0.08876311183559432 0.11776137981170835 437.15722579052834
0.10857738339953558 -0.1146879017289116 0.9874500681103455 208.42406366236924 0.101373250481791 0.9894216583260278 0.10377016007566121 9.626523990212007 -0.9889056658250394 0.08883393063684537 0.11905510012906691 437.2970872784553
0.10996826258185922 -0.11533034857312716 0.9872212983534768 209.55739536799607 0.10005443541251137 0.9894844172835315 0.1044494993159513 9.721614314863944 -0.98888628829558 0.0872897396666433 0.12035119513290725 437.43927551208486
0.11272646683448989 -0.11585024676930418 0.986849261031542 210.677585962209 0.09924675458693373 0.9895257701575172 0.10482762945966517 9.813517329670361 -0.9886570817927578 0.08612473812827118 0.12304350492148479 437.5824415829151
0.11541630114706858 -0.11569484644036745 0.9865565264781667 211.79580139478873 0.09984888828699125 0.9895145691218946 0.10436051457981063 9.905027467076234 -0.988286029921186 0.08646166782251409 0.12575811329679076 437.726019084423
0.1178000908424456 -0.1154870041178529 0.9862990877403219 212.90403095090184 0.10094592711429994 0.9894621394537614 0.10380074367083963 9.998724913835588 -0.9878932424085836 0.0873351387899967 0.1282166726131448 437.86975062392287
0.12071898607174274 -0.11416558333222947 0.9860999675409278 214.01099109229654 0.09869493038455113 0.9898232762573065 0.10251435263240029 10.09182820521935 -0.9877683114567897 0.0849476389410755 0.1307580265992801 438.0231106916818
0.12390844795549982 -0.11652754050899304 0.9854278404978118 215.1656978978457 0.09674835841502591 0.9897680894374121 0.1048755656738596 10.186595532309903 -0.9875659226954194 0.0823435573335242 0.1339144760524571 438.1851084167192
0.12740876728665657 -0.11617793549349793 0.9850226867047074 216.32286733667928 0.09603676672735224 0.9898949747268144 0.10433062085099878 10.283401795552358 -0.9871899237001202 0.0813057581913324 0.13727865176305545 438.350740496998
0.13216422884557566 -0.11647758621316066 0.9843604972384898 217.45522146402152 0.0958268677146555 0.9899217521190177 0.10426953584634126 10.377827827972936 -0.9865849319940229 0.08054748035518743 0.14199392723204354 438.52108842684373
0.13542452602086769 -0.11468176628141177 0.9841281879077521 218.55649579211598 0.0950533357529961 0.99020082742046 0.10230926027522665 10.470116397001826 -0.9862175526293628 0.079689483988865 0.144998362153982 438.6876884392622
0.1370401191601881 -0.11508498915684585 0.9838574342918425 219.60401098814378 0.093723027809312 0.990278720957193 0.1027815590348789 10.556313439489456 -0.986121696241805 0.07812490057692296 0.14649402756095536 438.84511658502026
0.13859345416640548 -0.11539545245841425 0.9836034485574657 220.5806439273511 0.09333385953456355 0.9902897851293997 0.10302879273654203 10.636872218681775 -0.9859415018785878 0.07752438984142276 0.14801798489747353 438.99367576156135
0.13909478536086153 -0.11614057749244851 0.9834449689459666 221.55359460828413 0.09229939673750953 0.9902962228817621 0.10389519867638956 10.718172559947348 -0.9859682865322323 0.076320096998335 0.14846474580471108 439.14276967409165
0.13983745370945588 -0.11498435022094479 0.9834755135458736 222.56188150149907 0.09253501090094243 0.9904054010962031 0.10263728970033756 10.804016971148142 -0.9858411425263286 0.07665338011944237 0.14913584753051978 439.2948094456039
0.14119294613633193 -0.11425944953028634 0.9833663255137303 223.56682916100215 0.09280155968954715 0.9904709454789518 0.10176038856656554 10.890566463775512 -0.9856228601653519 0.07689007969216176 0.15045096598029256 439.44776473319723
0.14099216046947782 -0.11355981815200557 0.9834761707267895 224.5829390168004 0.09164328406922556 0.9906312964008094 0.10124792875046154 10.975139751872877 -0.9857599703635539 0.075853821871642 0.1500782413819851 439.60357021887324
0.13880788643417202 -0.11429785154896212 0.9837013631153341 225.63441951075134 0.08936462571967074 0.9907104826208233 0.10250221117223828 11.058770313878929 -0.9862790347227602 0.07367998884708417 0.14773261288501197 439.76569968701284
0.13496500947922824 -0.11561031947214391 0.984082669417472 226.6584366529062 0.0874236158107347 0.9906859075024813 0.10439609223798402 11.140298787993837 -0.9869860979845906 0.07194224563866139 0.14381500505030068 439.92118973450874
0.126393051229703 -0.11530752601451157 0.985255789653253 227.69571730816347 0.08527952494273858 0.9908071433332962 0.10501717642963511 11.226118877552848 -0.9883077452020627 0.07074870432824253 0.13506450906692244 440.0687549790273
0.1146354610611008 -0.11335242145443244 0.9869194190093343 228.801628272137 0.08405919288193127 0.9910125370557232 0.10405865408708778 11.318832710278183 -0.9898448177160629 0.07103083801275827 0.12313349216138755 440.2106256447637
0.10185059161605169 -0.11302955201669766 0.98835761612807 229.8856232449491 0.08276782025089303 0.9910423362023988 0.10480732696432314 11.408798173101495 -0.9913505661058427 0.07112951725827596 0.11029345790312667 440.33340140393653
0.09171842355475522 -0.11196317615383926 0.9894705543704528 231.02212398635544 0.08142782395753421 0.9911743853117938 0.1046080655940426 11.503498488495746 -0.9924501197874732 0.070975947245043 0.10002586988623381 440.45374996242543
0.08130209372031405 -0.11016810330333796 0.9905821311588628 232.2159847014369 0.08181195927531848 0.9912561154274229 0.10352833886076025 11.606034979121972 -0.9933261160747892 0.07262439426446113 0.08960426597820785 440.56739587979683
0.0697868449878614 -0.10914108957479825 0.9915735065203498 233.3952391451783 0.0835247609635746 0.9911458838254542 0.10321555736339386 11.709369830938206 -0.9940590578897295 0.07561785200787083 0.07828492757292425 440.66226004137354
0.06010543206673467 -0.11131088453980076 0.991966342180537 234.6147148063373 0.08531377122485952 0.9906995961121488 0.10599939010492808 11.812885597487503 -0.9945395404283643 0.078257250438484 0.06904277861112681 440.74663767251093
0.05132266494781653 -0.10972044353945141 0.9926365942942846 235.86534938623572 0.08716321317733104 0.990645692046774 0.10499374789848315 11.91833763371694 -0.9948711264939073 0.08113283613108326 0.0604061633450562 440.8219674572694
0.043762315868339376 -0.10759635696410348 0.9932310323776081 237.08414488206822 0.08850129109578321 0.990692397090589 0.10342193104598786 12.02107232304048 -0.9951142553416759 0.08337624550766784 0.05287741011836783 440.88634533439534
0.03777301349222013 -0.10590765031910783 0.9936582757948522 238.21693593183343 0.0921335968129083 0.9905015678080118 0.10206882241010683 12.116046313262503 -0.9950299491925014 0.08769386394586057 0.04717188183878161 440.93835918127735
0.03100362577310172 -0.105145507027407 0.9939734390520037 239.30622944851217 0.09418530545551665 0.9903339147249555 0.10182271643299766 12.20627036690552 -0.995071808175255 0.09046081857629404 0.04060710377919607 440.9824590116688
0.02558615870719971 -0.10482057591248037 0.9941619562968512 240.43400099617912 0.09399616721825785 0.9903338642207131 0.10199783294730477 12.298733125941453 -0.9952437234320477 0.09083768074452901 0.03519157180445034 441.0239331284932
0.02126533049920361 -0.1063101787734815 0.9941055937916788 241.58862452479917 0.09463932135606948 0.9900795444294723 0.10385516142970411 12.393748507435516 -0.995284474194198 0.09187296442086619 0.03111549190515959 441.0611329352965
0.01768093675489656 -0.10703249564758772 0.994098299641899 242.747073015841 0.09377764463704884 0.9900483612330839 0.10492852703631535 12.490442770564009 -0.9954361545783815 0.09136896242779897 0.027542237800708302 441.0951561812833
0.012252922431310497 -0.106807714667859 0.9942041933020188 243.988786406903 0.09328750546400325 0.9900644467346779 0.10521327214880437 12.599155739469497 -0.9955638137338031 0.09145765905261337 0.02209500813351514 441.12671993539504
0.0037320112348459278 -0.10726372704419107 0.9942235990725269 245.2487351534857 0.09206620505802585 0.9900447109961772 0.10646729129036757 12.709417167936415 -0.9957458942814452 0.0911370566185005 0.01357022227377731 441.1491860847842
-0.004899285319173134 -0.10483203989720022 0.9944778732653381 246.41631511837267 0.09121454046108277 0.9902970950378787 0.10484069423659245 12.811851013237122 -0.9958192128151744 0.09122448668273798 0.004710458325483295 441.1573476925935
-0.012053042281293403 -0.10434911126428786 0.994467690350026 247.4853591946828 0.09228780873526007 0.9901789021733327 0.10501762732825454 12.905013315166407 -0.9956594219564278 0.09304302590288763 -0.002304517351885744 441.1549416832746
-0.015590369046468745 -0.10484609200252133 0.9943662491178944 248.6016814389328 0.09246888857125203 0.9900740864881367 0.1058433177440954 13.00112932147181 -0.9955935139600854 0.09359807827342953 -0.005740618793181938 441.1508272879816
-0.016448460491537743 -0.1050462369426391 0.994331301051941 249.78650438444393 0.09347692215210411 0.9899487770281133 0.10612956178893089 13.105624110200571 -0.9954855665314422 0.09469269752590215 -0.006463734434533332 441.1432405157757
-0.01550513059407412 -0.10651962863728001 0.99418970002723 250.90417811946097 0.09476706017689844 0.9896766804589167 0.10751405704021187 13.204902785134228 -0.9953787194986075 0.09588345462484033 -0.005250514119334137 441.13730327678627
-0.013841509152732811 -0.10553089732146118 0.9943196881963562 251.9842266975333 0.09531039466116335 0.9897478622812568 0.10637244840283681 13.297791394515842 -0.995351365746743 0.09624135711952607 -0.0036414126220074344 441.13589355475165
-0.012834362532071616 -0.10149361595484246 0.9947533991189994 253.03792729089116 0.09784581544129031 0.9899334416876322 0.10226425293868224 13.387819855157684 -0.9951188248340107 0.09864495399608035 -0.00277443905805259 441.1343070001651
-0.012488535573373037 -0.10287695184233002 0.9946156892281864 254.15465619918191 0.10067575575365932 0.9895093545257558 0.10361288293185526 13.481861607302568 -0.9948409062169993 0.10142765937184867 -0.002000307897819756 441.13114320082445
-0.013165432115191061 -0.10356186271357894 0.99453587767788 255.34802913414813 0.10109485190311952 0.9893876777002723 0.10436404617274696 13.582196395424145 -0.9947896774272965 0.10191645503133827 -0.0025561451325278608 441.1275948510897
-0.01563297607971376 -0.10281557356412996 0.9945775826407748 256.571322425963 0.10103793179232018 0.9894451513739668 0.10387313782531567 13.685200034980499 -0.9947597430525724 0.10211390823597727 -0.005079699474655999 441.12309605539565
-0.018508219396033962 -0.10378512848865865 0.9944275201940954 257.8405214252987 0.10040481179609365 0.9893771959636665 0.10512677049763518 13.793949133760751 -0.9947745069024324 0.10179101734271102 -0.007891083915190118 441.11453032678213
-0.020104132926190316 -0.10543880561192677 0.9942225516002007 259.0882586819034 0.09993130951204113 0.9892318519393011 0.10693024122271459 13.903395619636205 -0.9947912128776034 0.10150370131118198 -0.009351010728022599 441.1046854123381
-0.0224679342543066 -0.10476014695040144 0.9942436841847534 260.3063632307128 0.10062511635275047 0.9892075637365079 0.10650343565104657 14.011723289366737 -0.9946706881623374 0.10243879859414359 -0.011683948529878148 441.09054236169476
-0.025008863386172947 -0.10571585957007751 0.9940818446121469 261.52017018035866 0.10054627900854858 0.9890845030216865 0.10771393438119792 14.11873401950351 -0.9946180184018711 0.10264503357543216 -0.014106542901487438 441.0730946173761
-0.025835625670295383 -0.1061677543614551 0.994012539347501 262.7082766172409 0.10052193113199716 0.9890286566821908 0.10824812988182993 14.222428927356617 -0.9945993473794946 0.1027167181877676 -0.01487998645887406 441.0582566782486
-0.026812184757802348 -0.10830233794493642 0.993756363674805 263.8846460381149 0.09886664763046357 0.9889524784371907 0.11044628277696826 14.326409489762153 -0.9947394094610034 0.10121066637759633 -0.01580848748538596 441.0449034345115
-0.029715322230393096 -0.10654851685611473 0.9938633775225362 265.010533896386 0.09977096122406734 0.9890207552901695 0.10901238875323593 14.429097282605069 -0.9945666166331785 0.10239804275972886 -0.018758622492259715 441.0250095046105
-0.03131424327506398 -0.10796076065761741 0.9936618601548195 266.1383296233312 0.09880753777034959 0.9889454397980643 0.11056214353191966 14.532705431230523 -0.9946137384170146 0.10164345163777423 -0.020300741151207398 441.0042380169447
-0.03139641634743488 -0.11015273526994096 0.9934186629780448 267.3357145148766 0.09682056288727975 0.9888993269955455 0.11271157735541695 14.643648367095194 -0.9948065357860931 0.09972209374208993 -0.020382845163639984 440.98320101618344
-0.03178238967576481 -0.11199308928855861 0.9932005978945543 268.5032302135358 0.09516110550191607 0.9888494374672199 0.11454760591306447 14.754548602404718 -0.9949543927769503 0.09815466352836474 -0.020770611966968864 440.962758897353
-0.03211695468469572 -0.1103109194496184 0.9933780761985631 269.5644609323455 0.09712537649975092 0.9888425251698337 0.1129474287247263 14.853800473134372 -0.9947538200286348 0.10010974710748864 -0.021044620987600644 440.9396896092444
-0.032329201044195705 -0.10635131773475091 0.9938029080134166 270.5332249961891 0.09685238454805307 0.9893098592213806 0.1090211816791901 14.94587627402501 -0.9947735613531345 0.09977674911247117 -0.02168321861133358 440.9203179124954
-0.03275730474112169 -0.1102377486393628 0.9933652891867217 271.462833360049 0.09495875335685294 0.9890593492758744 0.11289126968413066 15.030931981731534 -0.9949421059272787 0.09802674321279603 -0.02193087932762422 440.90411939987
-0.03271241788383103 -0.10940285862610581 0.9934590641997421 272.4757225999299 0.09568860011111495 0.9890822160605378 0.11207168099724969 15.123756648902926 -0.9948736550562425 0.09872884278269703 -0.021886664383150574 440.8835798168502
-0.03327044193412832 -0.10900195100840303 0.9934846009726909 273.6021135939216 0.09592539770548454 0.9890975924624598 0.11173303298491878 15.228701914397904 -0.9948323455580597 0.09901781284862879 -0.022451658516052485 440.85858292316044
-0.033770731642766436 -0.10795098565469181 0.9935824688371317 274.7647051411611 0.09533243997824822 0.9892685420006294 0.11072252569256653 15.337165148846935 -0.994872486086586 0.09845982177582856 -0.023117091594014323 440.83159685503364
-0.034863554760170654 -0.10878353243861728 0.9934539121769353 275.9126176529734 0.09461563692890446 0.9892340388069483 0.11164182779867651 15.443521154149925 -0.9949032183071982 0.09788850563711737 -0.024195591873513802 440.80674729653157
-0.037488229447167724 -0.10983000939557089 0.9932431734923137 277.0649541172043 0.09379553794764024 0.9891671229393252 0.1129194401201541 15.554508349650842 -0.9948854354718576 0.097394927650803 -0.02678055925229113 440.7787741710683
-0.0388535250220997 -0.1106909181315458 0.9930951234582465 278.2327296752475 0.09321638062967656 0.9891101692771126 0.1138937198220489 15.66785162121695 -0.9948874860885821 0.09699790552272554 -0.02811220995482192 440.748250725523
-0.03931851533043724 -0.10923986667904872 0.9932374871500527 279.36297719868077 0.09423435045442845 0.9891705977041687 0.11252295691105928 15.774850792076966 -0.994773311637702 0.09802132505490757 -0.028598571430019502 440.7170281650718
-0.040121671562425895 -0.10784119081230682 0.9933582078159005 280.42715676220814 0.09430225417883928 0.9893125054643758 0.11121084204603293 15.873441964854775 -0.9947348070354354 0.09813788308284307 -0.029523204029910394 440.6828710848239
-0.03945402863027538 -0.10852038727026742 0.9933109810988449 281.45761689177345 0.09452594442736685 0.9892215671981928 0.11182815754569395 15.967247535582864 -0.9947402804023541 0.09830572992792144 -0.02877078393757666 440.65038401147956
-0.038231369446961184 -0.10908393793281909 0.9932970637605227 282.61593426302693 0.09459968464360442 0.9891643370062672 0.11227116308421041 16.07707334178845 -0.9947810121104739 0.09825786930327622 -0.02749780108371672 440.61603574141526
-0.037785890156760475 -0.10740702785379866 0.9934968328448117 283.8691720985166 0.09225160622020308 0.9895862591292994 0.11049288163619654 16.196180777868967 -0.9950185262872505 0.0958267504932278 -0.027483926849247102 440.58107945542247
-0.036755569888720495 -0.10928340162799104 0.9933308442864179 285.0083106777446 0.09038267319552562 0.9895651104984595 0.11221347722177204 16.2992980912823 -0.9952286171871185 0.09390436737865607 -0.02649470360332637 440.5537815125439
-0.034256523236647025 -0.10997747528737938 0.9933435687339744 286.0342189158032 0.09063759062552046 0.9894891810412682 0.11267647388820669 16.39108058975732 -0.9952945884417014 0.09389417197937833 -0.02392836573962416 440.5295776899779
-0.03172668166528887 -0.11057424744844903 0.9933613408381241 287.05314332059265 0.08997299990198465 0.9895107423234188 0.11301924665822503 16.485841327607083 -0.995438735914544 0.09296142548264015 -0.02144519557123637 440.50860154310266
-0.03037750722413623 -0.11053232008160346 0.9934081805945745 288.0788528701924 0.09011705714426463 0.9895163801924483 0.11285499254570057 16.57998475613605 -0.9954677910743788 0.0929512751295581 -0.020098193582614127 440.4887428457451
-0.029280937272653816 -0.1091538045694818 0.99359351530716 289.12241798932394 0.09091698817507796 0.9896086001674554 0.11139533085269113 16.677410481795935 -0.9954279119924284 0.09359628957717939 -0.019052732186672573 440.469525946744
-0.028197362516621118 -0.11122076975149023 0.993395615614942 290.1862174251385 0.09089324239645895 0.9893885554671762 0.11335212744907575 16.77453693257033 -0.9954613640085499 0.09348917951538033 -0.017788931383760025 440.45281311248505
-0.027421665740107053 -0.11193251839773356 0.9933373865777813 291.256577392457 0.08984694797225584 0.989413073540467 0.11397059202827581 16.872236968378566 -0.995578012105584 0.092373595969552 -0.017074559424632815 440.437517455343
-0.026787932594829977 -0.11129761058455925 0.9934260156375311 292.27222230276743 0.08870915286733544 0.9895972393570508 0.11326071717264516 16.965968219301963 -0.995697289774785 0.09116000074084064 -0.01663614739281058 440.4243433935879
-0.027346278530091066 -0.11100432967540536 0.993443616841875 293.28018943401463 0.08864844178011719 0.9896303768844594 0.11301845388023313 17.059488900982622 -0.9956875186626122 0.09115786274828512 -0.01722234707154923 440.4085368109705
-0.02776343050435485 -0.11161285019527101 0.9933638626394234 294.2384215105216 0.0897151830480643 0.9894582911709219 0.11368146710774785 17.14420118166401 -0.9955804225964269 0.09227600828170715 -0.01745738921809559 440.39572508296936
-0.027052973799293306 -0.11039445601019619 0.993519602569987 295.05214292415553 0.09081893329410201 0.9895016179490382 0.1124209474766853 17.21533531988253 -0.995499903547928 0.09327171145876491 -0.016743054608303887 440.38785219906663
-0.026686828206433977 -0.11173241282094391 0.9933799278853421 295.83988518616667 0.09195211038202357 0.9892464468242996 0.11373775468941147 17.28576883510476 -0.9954057577674392 0.09437868070018146 -0.016125818823262954 440.38022102311845
-0.028222381773310504 -0.10844306757984444 0.9937019665175832 296.6470095822076 0.09151240089866759 0.9896430174027475 0.11059917986922557 17.3587199128099 -0.9954039268803396 0.09405742501183578 -0.01800619758138219 440.3714950072789
-0.029961190645179114 -0.10700212615899231 0.9938072610182397 297.5535399500459 0.09194128868727885 0.9897435752014341 0.10933642934541235 17.442158471426797 -0.9953135819879296 0.09464776988887297 -0.0198159825751137 440.3580157004254
-0.029680025936876523 -0.10935609366990424 0.993559429947521 298.5106934834288 0.09225819031906965 0.989454602342627 0.11166027145786019 17.528487667809788 -0.9952926817672446 0.09497807473439275 -0.01927804295854189 440.34577538989817
-0.02750961274536139 -0.10749402686506927 0.9938250627725834 299.41918802233124 0.09233670744965342 0.9896774615118459 0.10960134411960824 17.612112481950795 -0.9953477551408624 0.09478162461046706 -0.017299999197777003 440.33463558155745
-0.024232890647673415 -0.10531786525972305 0.9941433067058241 300.3525375940886 0.09506597288949697 0.9896860909321042 0.10716297034938402 17.702360015823572 -0.9951759783120915 0.0971060691855273 -0.01397080949351943 440.3201481499277
-0.021514775144811198 -0.10800384686377176 0.9939176442306942 301.3346796173832 0.0971344482585478 0.9892187058973242 0.1095958524047768 17.791256636144293 -0.9950386994544347 0.09890157210807683 -0.010791923951507795 440.310709323695
-0.019078420917162407 -0.11002288676758012 0.9937459324407992 302.3313549873846 0.09665836884328093 0.9890682266364567 0.11136068781563017 17.878514450232267 -0.9951347514723123 0.09817844695014426 -0.008235227173177316 440.30746487911557
-0.01654995190690656 -0.10766654034456628 0.9940493021888345 303.3060024048818 0.09633593524045582 0.989388411521693 0.10876561372017743 17.96222596047496 -0.9952112774045633 0.097562734877678 -0.00600217376973554 440.305394885808
-0.013843439614376155 -0.10497394757251116 0.9943786147693868 304.2518435104892 0.09862337161979173 0.9894814039253862 0.10582996672110491 18.0478006999964 -0.9950285371535754 0.09953402240887003 -0.0033449414229478266 440.3009858989357
-0.011570286781461632 -0.10501409797734568 0.9944034230078841 305.1207346262037 0.09676327112351474 0.9896851517981647 0.1056417042257454 18.12263162562379 -0.9952401709262285 0.09744403284063725 -0.0012894333952848177 440.30514972761296
-0.00989100038094152 -0.10496292616439938 0.9944269466594662 305.92631692660353 0.09471080379084575 0.9899064796106173 0.10542782019090396 18.19205699266306 -0.9954556905039785 0.09522576203906463 0.0001499577383454599 440.3124910035457
-0.008649061231072782 -0.10711850431120193 0.9942086399614267 306.6883744072379 0.09319811137273835 0.9898317807863181 0.10745770229229913 18.255992973247093 -0.9956100169124315 0.0935877758017403 0.001422126614394971 440.32160418111687
-0.00857797695959904 -0.10331491459042522 0.9946117065138795 307.4653846628424 0.0902784996889692 0.9905064003236946 0.10366707969121608 18.322408244188658 -0.9958796166230062 0.09068130645821859 0.0008305744044066423 440.331855323119
-0.011147684047979337 -0.10665084257712723 0.9942340403134229 308.2870743719636 0.08748904107458644 0.9903786737950931 0.10721823624608508 18.393993492756845 -0.996103105522823 0.08817981781258606 -0.0017096485964538599 440.33848093341874
-0.01781164628836914 -0.10686049692977102 0.9941144699944863 309.0915225666012 0.08436922618370303 0.9905654209357397 0.10799065014881383 18.462885728884743 -0.996275352967069 0.08579615983435859 -0.00862786346762503 440.33554839327303
-0.030575804274015454 -0.10484927510521837 0.9940179825852776 309.87624688451274 0.07989888006207313 0.9910442009504832 0.10699327421499133 18.531940991532554 -0.9963339245242132 0.08269232898115866 -0.021924633858931758 440.320912148141
-0.05155030953002531 -0.10394448012577945 0.9932462487413369 310.56407642900683 0.07572207884620465 0.9912987365404909 0.10767070961238755 18.592694254092535 -0.9957955273863027 0.0807611291687246 -0.043230864585672185 440.2888523707812
-0.08156308494109789 -0.10496660763794809 0.9911253575889732 311.1676005593439 0.06991528236659034 0.9913862900423901 0.11074780904191892 18.645741870962812 -0.9942129130455348 0.07832774219244745 -0.07352175417209603 440.23567529051564
-0.11857396924023898 -0.10706559316315055 0.9871561034503283 311.71834976569204 0.06802858586354332 0.9909577957484975 0.115649291181074 18.695321762610842 -0.9906120962940128 0.08086782923945167 -0.11021827829392568 440.15045311010607
-0.15864784442459332 -0.10625344723721805 0.9816012766951944 312.22128573956405 0.06542136861349451 0.9908763382887465 0.11783092441384829 18.74268887122889 -0.9851654206214125 0.08291132111896739 -0.15024914922268212 440.0509122447488
-0.20086636625651771 -0.10826642877554424 0.9736175241372201 312.70641119135 0.06271453897151948 0.9904140412031595 0.12307279792551708 18.79134529757819 -0.977609118977769 0.08578115986517934 -0.19215099037915948 439.9327030617617
-0.24570861585122836 -0.11269511779792074 0.9627705264085435 313.2271425392887 0.059577569303555615 0.9895854584080963 0.13103867270053066 18.84956573973436 -0.9675111313738727 0.08955685865275528 -0.2364355720611776 439.7763801659252
-0.2847077271500378 -0.11730500499978717 0.9514100303775747 313.8495387691524 0.057877720259598246 0.9885705369467245 0.1392065479006486 18.92809432258612 -0.9568655493843475 0.09469862344756567 -0.2746643244371648 439.57635666593234
-0.3185320704368855 -0.12171420080092485 0.9400654091213978 314.5253382707506 0.056479423670978204 0.9875232506590447 0.1469962724343263 19.015332755401044 -0.9462279824677471 0.09991737952520933 -0.30768347772317794 439.3438856289785
-0.3567023981378772 -0.12355466163199959 0.9260116871571802 315.1132751985975 0.055272328316624264 0.9866883172165374 0.15294160451249317 19.09791108599567 -0.9325815615189615 0.10573745910224393 -0.34512493514299103 439.0910990572716
-0.40233257344140677 -0.12368626121218032 0.9070998892819716 315.61232648369395 0.051080571901908796 0.9862551452894679 0.1571354942851015 19.168950536397958 -0.9140674348877039 0.10955590891139365 -0.3904846057150122 438.84601391827044
-0.4488069755258482 -0.1221617612181636 0.8852394042378676 316.1010223119832 0.04697025053498847 0.9860179463104976 0.15988247283022594 19.24543030943709 -0.8923934638286068 0.11333628567102393 -0.4367937637676091 438.5686822595041
-0.4899375735489656 -0.12017199557691896 0.8634349225645269 316.585746243524 0.04357922101472273 0.9858385026249452 0.16193609306746465 19.32354700307563 -0.8706675746349464 0.11696639782974266 -0.4777623219321835 438.2639770738345
-0.5254670491444201 -0.11795767126355215 0.8425973938088896 317.09200980695044 0.04018256144883032 0.9857969563940657 0.16306355362129862 19.406664997021764 -0.849864543335504 0.11954224589773675 -0.5132639763580309 437.9325660272179
-0.5583636289031019 -0.11887657710575744 0.8210349671809207 317.5975556180749 0.0366133767872559 0.9851845948318882 0.16754335184113267 19.493915942383136 -0.8287879816686482 0.12361097654151146 -0.5457387726010121 437.5761179867901
-0.5940566358227701 -0.12088296460526039 0.7952886408739746 318.0551039964337 0.032172701262285726 0.9842831848718524 0.1736419571186916 19.5783614868625 -0.8037795908882103 0.12873974074373934 -0.5808308259939492 437.2108534140353
-0.6297138355421033 -0.12057743636933539 0.767412253723805 318.4968450693787 0.02724731426712488 0.9838440614127348 0.17694193027126845 19.666581844237758 -0.7763491928198804 0.132332704428999 -0.6162548061852536 436.82302240135226
-0.6625484663728506 -0.11785755564301192 0.7396885332927879 318.9209970874624 0.02327971886896723 0.9838257696403169 0.17760886712385462 19.75797509279216 -0.7486571875006369 0.13489422363278414 -0.6490885640913278 436.4177210446823
-0.6918599947498624 -0.11677527908960085 0.712525986795053 319.35667723233695 0.019885808629754018 0.9833786853508717 0.18047414167334572 19.855362907042114 -0.7217577864352138 0.13903199412774 -0.6780382012313182 435.96688924810024
-0.7192285266525642 -0.11539219911251777 0.6851240521490662 319.8196171775768 0.016002993454708604 0.9830982175133484 0.18237817556540184 19.96282351554841 -0.694589253191891 0.14213562222769166 -0.7052256619297651 435.46577792071236
-0.7438257408211273 -0.11445546941162921 0.6585007310653971 320.2849564948457 0.011854462629509635 0.9828143617794441 0.1842156399327382 20.076911750070153 -0.6682684632748018 0.14483050715172663 -0.7296858126553549 434.92421923532913
-0.7655462794058939 -0.11245489832271925 0.6334767477429757 320.7030675014103 0.0074248646241418 0.9829964256518386 0.18347451741596557 20.183047897633372 -0.6433379869657199 0.1451617132681176 -0.7516942939306893 434.40148484218435
-0.7847329775839313 -0.10962236020448109 0.6100631869203829 321.06818182577774 0.003635440472885131 0.9834055119095304 0.18138462646685793 20.27849466887244 -0.6198233114887048 0.1445563464160343 -0.771312209968195 433.9107520388251
-0.8003366354473928 -0.10769085121638255 0.5897999241480419 321.4126793034861 -0.0006506135449688473 0.9838916362049501 0.17876471941622116 20.370343633491434 -0.5995505372049641 0.1426882222548034 -0.7875145868915701 433.41997435005607
-0.8114751102881568 -0.1072466689391081 0.5744617457971306 321.76466372471884 -0.003112884142082759 0.9837953093733773 0.1792682325657779 20.466803817447925 -0.5843786917189405 0.14368347593375255 -0.798659253629764 432.9074551448978
-0.817689454434728 -0.10769842274084937 0.5654953632394947 322.14202215576506 -0.00441529688090465 0.9834877999749704 0.18092056946031598 20.5695176865292 -0.5756426506607106 0.14544001182454877 -0.8046631231147502 432.3620102916831
-0.8204033047381769 -0.10719256907426251 0.5616477283047935 322.532732140918 -0.002872268604602932 0.9830305357354776 0.1834195079174558 20.677253206679133 -0.5717780755220853 0.1488647673120746 -0.8067893860267249 431.79677474526886
-0.8205247376482219 -0.10856557096956626 0.5612064430380023 322.92879619858854 -0.0039053339432302495 0.9828396255247669 0.1844207658186214 20.785059874539005 -0.5715976760573008 0.14913010191905274 -0.8068682106933592 431.2367692801515
-0.8209628213395601 -0.10712907405135354 0.5608416955532881 323.3133458720691 -0.0025087993127108042 0.9829084944967984 0.18407769384704126 20.89269402364879 -0.5709761395226571 0.1497139036260032 -0.8072000961080619 430.6847519200421
-0.8216798659165896 -0.10753759002396807 0.5597123052775689 323.70643081340467 -0.0025202436218432684 0.9827147119720709 0.18510927379722356 21.001699562637587 -0.5699437220633111 0.15068995190617698 -0.8077479136928367 430.1204252952482
-0.8224176206124573 -0.10682999996922483 0.5587634637417858 324.13214063978216 -0.0017100590946217678 0.9826692690414253 0.18535960557652026 21.11949010960726 -0.5688816511402317 0.1514874872329914 -0.8083472077070566 429.5093793646093
-0.8229043416059313 -0.10582411273149318 0.5582380332176403 324.6013769254831 -9.762524089644579e-05 0.9825285056439899 0.18611213304430152 21.251240635450007 -0.5681799319189479 0.15309798418522602 -0.8085373041505244 428.83424902584227
-0.8229425700414411 -0.10583726497832836 0.5581791824813006 325.09917279520255 0.0009543103170271859 0.9822354492186923 0.187650237383201 21.391505378066565 -0.5681237679462158 0.15495804477360967 -0.8082223633719446 428.11845357874074
-0.8216852435217378 -0.10361349740795261 0.5604441129439339 325.608848002121 0.003150917417436663 0.9824952638909336 0.18626091418038462 21.535592493743856 -0.5699328313916037 0.15481375774386574 -0.8069753825955107 427.38780099524723
-0.8192139428833554 -0.10258347418403735 0.564238554699905 326.1193811467713 0.005535605837927687 0.9824112561588492 0.1866480132238173 21.67972672874364 -0.5734613089420356 0.15602805708180872 -0.804237137012312 426.66553359018263
-0.8161008869913613 -0.10447830889817844 0.5683868622880797 326.60255841479284 0.006354886339437131 0.9818404727275867 0.18960195551122608 21.809958770841295 -0.5778745172366795 0.15834635797467828 -0.8006169328990157 425.99253087555275
-0.8137229658807457 -0.10441427652283668 0.5717976859488448 327.05610130908093 0.006733838336443967 0.9819735912000479 0.1888981778814686 21.933798154608688 -0.5812138936910412 0.15756117873350958 -0.7983513541897475 425.3616268837339
-0.8126247828029859 -0.10440361700312072 0.5733592653224191 327.5027886494831 0.004031367723574897 0.9827920618530493 0.18467136007759477 22.059890064159767 -0.5827732924977577 0.15237994590922085 -0.798220296432021 424.74620012091793
-0.8117633414798008 -0.10595975159294475 0.5742933122298294 327.96526730847694 0.0009239420104238326 0.9831673673156919 0.18270488273905583 22.190076122041333 -0.5839858078418597 0.1488437398344057 -0.7980013266601728 424.11126732167423
-0.8110730331017867 -0.10896641917375186 0.5747058851860808 328.43540304264593 0.00044904139438255023 0.9823794869680208 0.18689660763714722 22.32091145650037 -0.5849447267365472 0.15184486516473936 -0.796732579719322 423.46065173639937
-0.8102923626908654 -0.10967007389885455 0.57567244319654 328.909643202639 -0.002360702782694049 0.982935747753754 0.18393407207513174 22.45132055976585 -0.5860210866916196 0.14768138230253605 -0.796724227869332 422.8104997445536
-0.8097598472067576 -0.11145126371818526 0.5760795133202591 329.3735226657329 -0.003883247488569577 0.9827915256409575 0.18467738767174802 22.5822045175794 -0.5867485920227085 0.14730727390030054 -0.7962579084790483 422.17087351424675
-0.8079951619090864 -0.11264791717847389 0.578320209820528 329.83896744305326 -0.004064348388880823 0.9825950592125008 0.18571599468908254 22.70820755833038 -0.5891751008008426 0.14770713038487096 -0.7943898943401667 421.53365767249534
-0.8040980229959772 -0.10877630054974545 0.5844605083773162 330.33354836280535 -0.003942427084274286 0.9840721747345194 0.17772566551277358 22.839359601546366 -0.5944836639325305 0.14060466333655008 -0.7917193328227922 420.8673615873023
-0.7998774955080417 -0.10493784342678057 0.5909179648620595 330.87423989999917 -0.0009986266856923224 0.9848266428183815 0.17353814087922628 22.984967144061095 -0.6001624737723324 0.1382191470528309 -0.7878454622979434 420.1430594827711
-0.7954967026009039 -0.10491743871908495 0.5968059376411355 331.46530922360733 0.0009865760454521515 0.9846711213755648 0.17441848926273226 23.13976862402674 -0.6059571130193916 0.13933812752299496 -0.7831991211688045 419.36572510889766
-0.7915510111297199 -0.10319671591682104 0.6023266842864426 332.0749866384711 0.004090586375589205 0.9847215757692849 0.17408815386912468 23.29926637043401 -0.6110894074377514 0.14026352354920774 -0.7790352239012923 418.568454594388
