0.999998253105655 7.027428450947074e-05 0.0018678455940577003 0.0008109123814716339 -6.927261595220322e-05 0.9999998537763773 -0.0005363287504251707 -0.014591626344949007 -0.001867883011053749 0.0005361984229650143 0.9999981117503713 0.8669798577463627
0.9999951025930645 -0.0010117549815731916 0.002961611342512183 0.005402132504100058 0.0010103881962020929 0.9999993823914878 0.00046296040438787285 -0.029002994001995002 -0.0029620779158912184 -0.0004599657599401648 0.9999955072528676 1.7967070728956007
0.9999960526761884 -0.0016310356201616266 0.0022878712481126605 0.009224725108192298 0.0016292595676165764 0.9999983701603633 0.0007779395082227144 -0.045542772058541674 -0.002289136366297659 -0.0007742089013231069 0.9999970802233744 2.794444757437731
0.9999963487095863 -0.002670596816921 0.00041289240383581444 0.011761372480719432 0.0026699033505469373 0.999995039576222 0.0016710592595299114 -0.06374913964146964 -0.00041735308125390364 -0.0016699507751948394 0.9999985185393099 3.819870453441853
0.9999922641574094 -0.003709137679367237 -0.0013091688255939657 0.0103732597570322 0.0037110900755655037 0.9999920007520933 0.0014920597429702454 -0.08198797717577044 0.0013036240982154603 -0.001496906644066839 0.9999980299154144 4.776556197243119
0.9999880408268228 -0.0040443543202087935 -0.0027498002592214084 0.0062039605302348245 0.0040499023320400675 0.9999897689008275 0.0020150396449679256 -0.09921630156155346 0.0027416225914487337 -0.0020261519692423174 0.9999941890899987 5.695518639271217
0.9999796541810212 -0.004970137617095013 -0.0039986192707956725 0.0013764465706377236 0.004979736037045033 0.9999847352143334 0.002394069197191134 -0.11723283403468586 0.003986659379354654 -0.0024139325563738295 0.9999891396793301 6.679208589919894
0.9999694661660516 -0.00598223015587729 -0.005027888020247686 -0.003389982454267408 0.0059929493105587255 0.999979795755997 0.0021195844770526538 -0.13675024314012502 0.005015106593394753 -0.0021496516360567015 0.9999851137410503 7.703090063490482
0.9999529532463639 -0.006648296510577047 -0.007063387812005705 -0.011732607465560723 0.006667001787072751 0.9999743221161429 0.0026279641419703604 -0.15753493630464463 0.007045734954318849 -0.002674932123954239 0.9999716007752851 8.796518863101193
0.9999404154777023 -0.006988375475190191 -0.008386185217263104 -0.021275123849907488 0.0070028422187817544 0.9999740399510707 0.001696945724881908 -0.1800353604137399 0.008374108617598044 -0.0017555717450754996 0.9999633954664086 9.923835705433453
0.9999315417123792 -0.00735404639732919 -0.009101092807500913 -0.030094346946703793 0.007379730174422486 0.9999688725229471 0.0027916962116887826 -0.20153993634442557 0.009080279249975386 -0.002858668706158307 0.9999546872443628 11.041322668325295
0.9999302863973059 -0.007640224588430051 -0.009002739229843525 -0.040054830746777334 0.007659157118685223 0.9999685249314244 0.0020703764638534327 -0.22369220303700293 0.008986637726842462 -0.0021391855247111275 0.9999573312035157 12.208377148108863
0.9999292264840507 -0.007500796243155147 -0.009234721367063653 -0.050083391778790516 0.007509177863627591 0.9999714244055297 0.000873281276634372 -0.24543181660002966 0.00922790717449183 -0.0009425646367143352 0.9999569777250843 13.378225376883998
0.9999217361393731 -0.007374323290570971 -0.010106480694522215 -0.062017405019152455 0.007380937972653923 0.9999725699367165 0.000617356300900541 -0.2684826557413004 0.010101650888168882 -0.0006919032913411432 0.9999487376456702 14.474030972012336
0.9999103527815383 -0.00685605009806968 -0.01150134676258239 -0.07663148796458166 0.006856302078747678 0.9999764951311672 -1.7521180622824386e-05 -0.29056231983133707 0.011501196551027461 -6.13370978189743e-05 0.9999338571703908 15.511678271155214
0.9998925926731128 -0.006457343872428126 -0.013156968782911888 -0.09112694887847975 0.0064701756222415785 0.9999786329885997 0.0009329489100445674 -0.31051322859949204 0.013150663285882344 -0.0010179766031778073 0.9999130081055938 16.48376128009727
0.9998830715694694 -0.0063072988625201155 -0.013930583974236898 -0.10494867031359334 0.006325337784165082 0.9999792120411434 0.0012512343866393568 -0.3307510600246248 0.013922402476606794 -0.0013392037309340262 0.9999021818371271 17.417872994980858
0.9998881260518528 -0.005182529183542787 -0.014031278337234642 -0.12152514672691385 0.005213283721607033 0.9999840861814298 0.0021561671384117236 -0.35105555448700887 0.014019880646897458 -0.0022290749544299267 0.9998992320086535 18.372167949372063
0.9998969334812673 -0.004684005898273444 -0.013571385467380993 -0.13886949393236378 0.004751104469533469 0.9999766291842292 0.004916105335117353 -0.3701942331794565 0.013548041226645255 -0.004980077719406574 0.9998958192756037 19.347051589873132
0.9999224691595366 -0.0042529658456163435 -0.011703330782851847 -0.15400387418944744 0.004346099171224152 0.9999590016598148 0.007943955028860573 -0.38670900124283186 0.011669065596298251 -0.007994202963566496 0.9998999578093238 20.374147764603215
0.9999477141676725 -0.003980582528045322 -0.00941933615419877 -0.16564455935346917 0.004042006420334101 0.9999706339975704 0.006511015788268991 -0.4007541588919014 0.00939314191026377 -0.006548748371599759 0.9999344392408035 21.36782812704013
0.999948717167783 -0.0034557235329181054 -0.009519506781908769 -0.17478187426028857 0.0035235113669608254 0.9999684917355235 0.0071133960826824 -0.41413341409694426 0.009494624908529505 -0.007146573377938513 0.9999293868002885 22.252527948726623
0.9999239381593951 -0.003117359939391353 -0.011933145554137728 -0.18618414233211455 0.0032095218362890804 0.9999651126238788 0.007711841848454673 -0.42773985437567497 0.011908688651163176 -0.007749554962800844 0.9998990586716687 23.12482575897419
0.9999022907796762 -0.0018980134810011502 -0.013849420146104005 -0.19948526618509038 0.0020263636256785743 0.9999550776100818 0.009259406691131193 -0.4411014615279414 0.013831223518326219 -0.009286565922943546 0.9998612188445685 24.051177862328636
0.9998840709604716 -0.0010664749110447544 -0.015189051016431882 -0.21282562145834105 0.0012079533736975674 0.9999559465161029 0.009308376643199376 -0.45674866369279427 0.015178454735664985 -0.009325645197454125 0.9998413108356194 25.018793986225358
0.9998478151339794 0.00021897843150717625 -0.017444157195334833 -0.22960050287688788 -6.648652226270312e-05 0.9999617873624925 0.008741818709608131 -0.4708401204041684 0.01744540487782885 -0.008739328535753313 0.9998096228709714 25.99954336323176
0.9997765839042544 0.0028145963589408726 -0.020948993390535797 -0.25257752344590456 -0.0025814220713518913 0.999934512494762 0.011149304101711468 -0.4829465717914085 0.020979002283950797 -0.01109273497380785 0.999718376691142 26.958430870373167
0.999723765860431 0.004947431038932311 -0.022976398759474142 -0.27749756888969296 -0.004709748828098074 0.9999349596164089 0.010387242314828501 -0.4957096359980568 0.02302629453072257 -0.010276159936753822 0.999682044600752 27.868860248865214
0.9996722269622907 0.00728305698540595 -0.024543751164047046 -0.30300670241240246 -0.007006849992711253 0.9999113663537876 0.01132093148468703 -0.5068163434944137 0.024624026751020493 -0.011145246405919686 0.9996346536555831 28.75683574070838
0.9996333901142567 0.00890825952271157 -0.02556811062545075 -0.33036041059336785 -0.008582883198334378 0.999881143708655 0.01280752012980987 -0.5160060805435668 0.025679164407803802 -0.01258337665921809 0.9995910359477872 29.677202186084234
0.9996373742607867 0.011085073215271761 -0.024540601720675927 -0.35902559730059647 -0.01077530804990178 0.9998610500343237 0.012719015712278256 -0.5252853733691898 0.024678183025305955 -0.012449970926533294 0.9996179197605949 30.687158233675884
0.9997006506448671 0.010014194063655757 -0.022323194607530347 -0.387406175952529 -0.00977882894191708 0.9998957060140414 0.010627868987053283 -0.5322985959402795 0.022427295975104858 -0.010406392839821409 0.9996943149699858 31.78861342351879
0.9997624759494481 0.011215195677865157 -0.018687189979701008 -0.4120499170417087 -0.010971101963919566 0.9998538208211212 0.013113806125699684 -0.5406295371787929 0.018831532203395528 -0.01290567221466412 0.9997393745469672 32.89209797722044
0.9998639060095733 0.011187109523762995 -0.01212509957830259 -0.42681654175935424 -0.011060546900683432 0.9998841683434879 0.010455343050766347 -0.5485554614634908 0.012240660175750496 -0.010319809908848015 0.9998718256666241 33.900991307343034
0.9999302228743641 0.010673377560566195 -0.005062449394875421 -0.4330866983450389 -0.010631821376127944 0.9999101380648057 0.008165792640483732 -0.5561199966801602 0.005149151061309149 -0.008111399797252736 0.9999538446531809 34.87029317731431
0.9999312835527354 0.011711794268946538 0.0005119058335965828 -0.43447237369241076 -0.01171603684134564 0.999888412470782 0.00926806815853942 -0.5680782806817404 -0.00040330300374602984 -0.009273428797428275 0.999956919504549 35.817109400608324
0.999915534068492 0.011565386327286311 0.005930140607479682 -0.43162884930040346 -0.011609971398037988 0.9999041746270182 0.00753990235996376 -0.5802177594617165 -0.005842370465881134 -0.007608114257926627 0.9999539905939566 36.7368595392017
0.9998699076750265 0.012423490421871502 0.01028710900462507 -0.4256132670388361 -0.01250886294514915 0.9998875063960442 0.008276647927744143 -0.5924314684703333 -0.010183126914403318 -0.008404251236012898 0.9999128324446127 37.691842493139895
0.9998225069818669 0.012198560662470496 0.014357912461766367 -0.414664011385527 -0.012343820069061522 0.9998730817479539 0.010072263993358482 -0.6073186406237409 -0.014233223057282285 -0.010247707724818247 0.9998461880948436 38.650458638939504
0.9997394363821012 0.011936265614413754 0.01945725842923292 -0.39734118693949416 -0.012129650059206333 0.9998779032784181 0.009851402184224376 -0.6229839669031663 -0.01933729380862242 -0.010084845003088014 0.9997621541993994 39.595069780158944
0.9996762231500176 0.010502664276689307 0.023176343792931847 -0.3751306269335418 -0.010668096609682893 0.9999184107477556 0.007025920751683644 -0.6380114687631203 -0.023100661965482466 -0.007270893395836659 0.9997067037516472 40.531039645051415
0.9996103459564915 0.010751663769854454 0.025759619230967964 -0.3529338048375922 -0.010924623056427224 0.9999186546724332 0.006583057735279619 -0.6539967586611939 -0.02568674498295636 -0.006861906750389835 0.9996464901993757 41.4328060283517
0.9995641431527751 0.011260689915958536 0.027289569177184347 -0.3314579350801321 -0.011483530213113663 0.9999018764090458 0.008022847843111343 -0.6684406151861152 -0.027196548624856893 -0.008332731622093728 0.9995953748025304 42.2714834651277
0.9995327331855781 0.012679232943211079 0.027812808965312113 -0.3122649752654131 -0.012927564966838669 0.9998780003842658 0.008767121054845683 -0.6827581558074409 -0.027698255443210137 -0.009122576364928076 0.9995747021838186 43.09184687926566
0.9995329011475512 0.014173025516640838 0.027075909426376926 -0.2919492144636694 -0.0144128858723602 0.9998584159750948 0.008684280315865676 -0.6979709461253722 -0.026948993383631943 -0.009070465890948521 0.999595657455619 43.98300888004461
0.9995434626071268 0.01584099288868371 0.02572798677816181 -0.27251707643278944 -0.01609358407551864 0.9998240127878889 0.009640539628432879 -0.7148848102251888 -0.025570743261798416 -0.010050193879913197 0.9996224940906524 44.93480846247358
0.999567868844166 0.016719928119002893 0.024176839703080766 -0.25344875482929285 -0.016976001060462344 0.9998015426344398 0.010425484822753801 -0.7335791975700979 -0.02399772827432353 -0.01083140570238534 0.9996533347556957 45.910924946217
0.9996134815938161 0.01729404057141501 0.02176702957696227 -0.2354817721313941 -0.017530170204346673 0.9997890325238643 0.0107043718919881 -0.7522787048650884 -0.021577315599877894 -0.011081814188552405 0.9997057631352311 46.903296623928995
0.9996549686389822 0.017468633026995556 0.019616078496078194 -0.21931190998261754 -0.01768038798041691 0.9997867128851575 0.010673922388391604 -0.7674906955976373 -0.0194254358061298 -0.011017059428887513 0.9997506073242883 47.881604493269364
0.9996554491805398 0.01816788195238526 0.018944946265901867 -0.20616738116742211 -0.01838875101858293 0.9997641959532789 0.011550165620894224 -0.7794442871212889 -0.018730636925376555 -0.011894559901808746 0.9997538110380539 48.79637689342889
0.9996412973780084 0.01908420969756937 0.01879014413547057 -0.19444472734157578 -0.019309210129002278 0.9997431354197669 0.011866658554427575 -0.7900161015876819 -0.01855885181272255 -0.012225224794355866 0.9997530259509705 49.673009803152226
0.9996340234581438 0.01929353413881932 0.018962560093989146 -0.18094542614523665 -0.01952652244301371 0.9997351539678088 0.01217936132331878 -0.7992570424992885 -0.018722555011707605 -0.012545176818031929 0.9997460099807545 50.584922721357984
0.999588822418337 0.02104951809209733 0.019470590243069994 -0.16758281605789044 -0.02132530737532088 0.9996736235220766 0.014066900852331737 -0.8086423201477738 -0.019168134016412482 -0.014476333179770172 0.999711467582521 51.53241940064874
0.9995609253154688 0.020757137956285955 0.021144687426116675 -0.15254663894800774 -0.02103385358568749 0.9996948971031179 0.012949506142009978 -0.817151849760845 -0.020869441435273837 -0.013388574601121906 0.9996925589821756 52.470188654470086
0.9995769425830043 0.019291208583028106 0.021766605794658903 -0.13365152361101423 -0.019597636022832533 0.9997105746580593 0.013953479106260741 -0.8239690593752825 -0.021491126511436108 -0.014374150001248146 0.9996657017688522 53.42267101383653
0.9995812733692565 0.018483035379354647 0.02226331809641102 -0.11365466380789405 -0.018827227631257232 0.9997048983177207 0.015350953692724217 -0.8322537477144244 -0.021973015933578203 -0.015763682397233983 0.9996342795683142 54.42683597124471
0.9995930302655339 0.017008966076788198 0.022901286373618417 -0.09163442047707362 -0.017345081051914107 0.9997435602325064 0.014558912628858117 -0.8374300148718964 -0.022647781522046304 -0.014950212260394948 0.999631716756476 55.451870664511446
0.9995899285861357 0.01620249403412669 0.023610460737535945 -0.0703624419873697 -0.016571173536257713 0.9997424779011691 0.015504002311045137 -0.8399630269799503 -0.02335317701718267 -0.015888897605049603 0.9996010064301161 56.47447690667031
0.9995324863855924 0.017372932440902798 0.02515929009808772 -0.051772451230283206 -0.017827305730605265 0.999679948425311 0.017949592941186344 -0.8448886762790534 -0.02483940076216485 -0.018389723618656872 0.9995222970174334 57.44917168325494
0.9994672959601296 0.017924158443730277 0.02727359254354415 -0.033370460090962575 -0.01839513068188274 0.9996842700545518 0.017116640227964264 -0.849367498727159 -0.026958180082187862 -0.017609223423568743 0.9994814514422344 58.3067129040574
0.9994325218719732 0.0176354832939724 0.028698849343077586 -0.013505361240958847 -0.018056204825767218 0.9997322989093647 0.014467342004875768 -0.853830778135205 -0.02843602806157331 -0.014977324406719764 0.9994834025944092 59.13615398231544
0.9993762400796529 0.01755096634996222 0.030644646260635042 0.007522385877524566 -0.01795071906545926 0.9997566960951969 0.0128187479048574 -0.858328608365778 -0.03041220888541174 -0.013360845519570355 0.9994481404043497 59.948315941924314
0.9992974859823974 0.017871665488257523 0.032941434120829144 0.027548550549666435 -0.018337257187364876 0.9997354214258446 0.013886401453671735 -0.8630031458557308 -0.032684545401543176 -0.014480701611590758 0.9993608106048241 60.6915633687999
0.9992401584877681 0.01840368094927809 0.03435709814373015 0.050220489114737935 -0.01893795191890332 0.9997037350608287 0.015290391837514194 -0.8676595169590462 -0.034065519847171474 -0.015929426635776768 0.9992926466879448 61.51123540257133
0.9992109023835324 0.019785589178801487 0.034439846380834735 0.0744864268007851 -0.02033108391325416 0.9996721888324364 0.015561552039453752 -0.8731157449984835 -0.034120662138944796 -0.016249471862559216 0.9992856123648475 62.43381371800922
0.9992137376783577 0.021069595863652986 0.033585392136897436 0.09709652703040818 -0.021636562802039714 0.9996279436689065 0.016608232488299138 -0.8773375868081847 -0.033222967732582646 -0.017321846507065627 0.9992978475152569 63.30843134676883
0.9992557274062637 0.02102342174762812 0.03234203122565164 0.11874425418720676 -0.02156555585983656 0.9996311713997563 0.01650599789185076 -0.8802591217011151 -0.031983090004499865 -0.01719118681100496 0.9993405550911026 64.13418618736951
0.999299455186636 0.020761806944073972 0.03113753741242694 0.14238868637110488 -0.021285433347651976 0.9996359437198228 0.016580420699739366 -0.8837048045304833 -0.030781962102763235 -0.017231581349217005 0.9993775780020829 65.01995770963731
0.9993787264167603 0.02082103009355146 0.028436699728668392 0.16608462506365643 -0.021302221094780097 0.9996331833674748 0.016724655064781345 -0.8867338698345697 -0.028078044127825767 -0.017320029343226767 0.9994556718641932 65.99179677729612
0.9994557092601231 0.021704792657718113 0.024843252666081127 0.1867869659356847 -0.02215999207610985 0.999588824953515 0.018196587021640207 -0.8891560008293271 -0.024438084592128546 -0.018737209070052115 0.9995257360457174 67.03164306884155
0.9995278056991781 0.021421321204016994 0.022029358412385833 0.20567929778144087 -0.021840889087578766 0.9995811858956518 0.018984951074589404 -0.8926307106867293 -0.021613449471361713 -0.019457127262646038 0.9995770500569899 68.06502001314446
0.9995497868947396 0.02240482744042127 0.019956132542314924 0.21828149928953874 -0.022779465746441272 0.9995647116604375 0.01874788370700189 -0.8973940493097134 -0.01952740277118808 -0.019194033201740204 0.9996250645269268 68.99993438347292
0.9995765681097554 0.022669992652773443 0.01824159858804896 0.2291643149297308 -0.0230187811050642 0.9995517351194163 0.019143263467841416 -0.9014262396057591 -0.01779944387787022 -0.01955505696451052 0.9996503286373458 69.87947432706912
0.9995830585992436 0.022751254528207854 0.01777890263133062 0.24327712368224186 -0.02306894285524467 0.9995741018731921 0.017872849239575436 -0.9020433363609733 -0.017364700887809427 -0.018275537797609105 0.9996821854375946 70.82197286874434
0.999517938571139 0.024645543240134828 0.018880881147329234 0.2589953726252876 -0.02505733784820465 0.9994462556586448 0.0218931923180178 -0.9023545339189183 -0.01833085634829586 -0.022355743072227086 0.9995820128719939 71.81978069491414
0.9994731920355399 0.026290906581746185 0.019029625151295252 0.27519456188513725 -0.02668913397421391 0.9994235079397954 0.020984325221894796 -0.9050078705991832 -0.0184669577893971 -0.021481154727381085 0.9995986852040089 72.80843144261398
0.9994824188815951 0.026577862232261454 0.018124888572318785 0.290652912467106 -0.026953181951595816 0.9994205361118944 0.020787447666704588 -0.9052683175920806 -0.017561899933669224 -0.021265211895834593 0.9996196128696881 73.79467211928211
0.9994552485975046 0.02719167217792672 0.018703449282645807 0.3060497647585744 -0.02761612021772853 0.999358034714377 0.02282254052326397 -0.9054015809515943 -0.018070859277308955 -0.023326624616181166 0.999564561511159 74.77661561965816
0.9994121683682572 0.027296541193749798 0.0207416623325221 0.325156978814323 -0.02778663290958307 0.9993324230192551 0.023719429462164866 -0.9048167872424367 -0.02008035729280036 -0.02428182738840845 0.9995034627802314 75.72257891465851
0.999405090978912 0.026600025627452704 0.021952283754807435 0.3454021035513417 -0.027096848648654668 0.999376092387055 0.022653625725042082 -0.9035910816845923 -0.0213360005330105 -0.02323498658913426 0.9995023314027128 76.62263665319493
0.99938921409257 0.027037164527409664 0.02214024592802314 0.36393726997601666 -0.027557057229649545 0.9993434139940189 0.023523382061654233 -0.9009927947533338 -0.021489703401335818 -0.02411913433551295 0.9994780938102787 77.54862016889014
0.9993671927504598 0.027976132530452696 0.021967022162872853 0.3818586215565871 -0.028533713120197597 0.9992676918633722 0.025493277812413635 -0.8976715234980975 -0.021237732215089823 -0.026103946189899856 0.9994336109635673 78.49573513003615
0.999331996599661 0.029401748677017173 0.021704786266380265 0.3964966104559466 -0.02997139323722104 0.9992019608854256 0.02640372985277078 -0.8932617845657923 -0.020911149168699256 -0.02703661475576703 0.9994157019493904 79.37712306950178
0.9993195770048626 0.03019402170886799 0.0211826359990267 0.4076264471522215 -0.03077062376207773 0.9991496299499586 0.027444228612790146 -0.8900280927201873 -0.02033597128527454 -0.02807735785117331 0.9993988744480262 80.14720727575782
0.9993329160132929 0.030068221015962574 0.02072739871050907 0.4192661307549685 -0.03064595423081302 0.9991340278434652 0.028142848018179217 -0.8863736550750239 -0.01986324398611918 -0.028759285287132053 0.9993889908579748 80.89359781532629
0.9993196699125654 0.03147989679357402 0.0192149271064809 0.42930490107619657 -0.03204596594437374 0.999039075670385 0.02989952090506717 -0.8805990682269044 -0.01825522918326374 -0.030494940261073508 0.9993682030292639 81.70138889586505
0.9993529002643045 0.03175199322068261 0.01689945738291716 0.441534281879871 -0.0322575577483042 0.9990130380516837 0.03053522180789668 -0.8750339930645757 -0.015913224105696712 -0.031060597696379862 0.9993908187337451 82.57501240134174
0.9993777551248605 0.03242248699476229 0.013888300784061088 0.4525594950462615 -0.032843294427565076 0.9989725859647101 0.03122643915212892 -0.8678268110106759 -0.012861592931606637 -0.03166314621214718 0.9994158416791329 83.48101436700637
0.9993918731594407 0.033643319052156305 0.009165748524747754 0.4565257378007447 -0.03392867225980631 0.998879479914168 0.03299439050937523 -0.8564438889447396 -0.008045437312585793 -0.03328530741263058 0.9994135076378023 84.41176425815496
0.99938297821686 0.0349158573733524 0.0038138896526447173 0.4534843216729356 -0.03503088492454658 0.9987349413817078 0.036074283980099424 -0.8435706526850124 -0.0025495003043755097 -0.03618562929060927 0.9993418335489814 85.3206356744986
0.9993628235016658 0.03563276427067291 -0.0020623077386827614 0.44485338263809354 -0.035530382380825475 0.9986635989804709 0.037531426821302186 -0.832196350276122 0.0033969001531836338 -0.0374342380956404 0.9992933197452828 86.11725171229924
0.9993057388981055 0.036176701122822924 -0.008904296781984846 0.43165257811990626 -0.03579636520341024 0.9985703834323697 0.03969646797828974 -0.8217577803082255 0.010327654309464489 -0.039350166805202355 0.9991721092628971 86.83809863605595
0.999198535356844 0.037167213828955326 -0.014862205654967223 0.4125096859321025 -0.036535840160287276 0.9985028718433779 0.04070807419057749 -0.8120312670563001 0.01635296072641781 -0.0401324449381836 0.9990605424791652 87.5824814318439
0.9990525214277746 0.03788094804176989 -0.021426460376432793 0.3876457970658238 -0.03697556558166011 0.9984673052320407 0.04118067426087354 -0.8008346786949986 0.02295358313471913 -0.04034940096358996 0.9989219483338811 88.34647326117948
0.9988192863702972 0.040097221899729335 -0.027427102848357896 0.3587288750142604 -0.03894816484958105 0.9983907246817086 0.041218943756231564 -0.788839373634404 0.029035730222957874 -0.04010204066445239 0.9987736243538704 89.08893428644853
0.9986430389182721 0.041361470660408 -0.03164347586607813 0.3293884823582916 -0.03997972244394482 0.9982696950821823 0.04311887839251959 -0.7746490969701201 0.03337218322771212 -0.04179527037036574 0.9985687020737651 89.86432327156271
0.9984313960476793 0.04223988605503908 -0.03674968588083447 0.2958208100204418 -0.04061790671835283 0.9982135646764725 0.04381626352972274 -0.7609617814579047 0.03853482892270147 -0.04225483785253761 0.9983634586852395 90.67976285773933
0.9981972786576077 0.042950493315424394 -0.04192192749038108 0.257890175179195 -0.0411903193150047 0.9982688283676002 0.04198456745404764 -0.749149744649827 0.043652611322520296 -0.04018210339861787 0.9982383723796574 91.48200751860635
0.9979709087433007 0.043668672667086905 -0.04633694346378631 0.21639730585850211 -0.04176101405477719 0.9982708413780278 0.041368405329646266 -0.7346711487832115 0.048063322889579804 -0.03934938731284171 0.9980689067949745 92.2835964320382
0.9976867132336049 0.04475926302500001 -0.05116473991516333 0.17049699637454252 -0.04262577212123298 0.9982055626888696 0.042055893380863546 -0.7203616118073193 0.05295531879043075 -0.03977766949499078 0.9978043251165785 93.08763160639332
0.9974450168782041 0.044633847285694 -0.05577865166277702 0.12132609322655621 -0.04228208959310227 0.9981947774101162 0.0426545572102916 -0.7059675345007022 0.057581795773325214 -0.04018713758956365 0.9975316189313882 93.90253730055944
0.9971725276218091 0.045565705300326824 -0.059755473864887595 0.06377966549761102 -0.04296600610490626 0.9981031006064727 0.044092208825771924 -0.6883386222009589 0.06165121633614899 -0.04140008526834331 0.9972387680310303 94.78574490929938
0.9970004492762986 0.04608880059432888 -0.06217657599640175 -0.003017642015033406 -0.04329798013801619 0.9980250990045086 0.045510291945950195 -0.6673938299592377 0.06415129818505685 -0.04268166136426581 0.9970270240692365 95.78388225536092
0.9968595738639504 0.047076675109512134 -0.06367712820485959 -0.07392951297119914 -0.04423034536825687 0.997989492264993 0.04539438156053055 -0.6438267778628838 0.06568612139858306 -0.042435362485688355 0.9969375975788648 96.82324253900157
0.9967268133183614 0.04761548421257594 -0.06533318663150935 -0.1433570797033735 -0.04467147498232968 0.997951026923525 0.04580619155945824 -0.6220289183799577 0.06738040468213873 -0.042737729531183904 0.9968116008250456 97.82886504056754
0.9965896707836764 0.04890613831267291 -0.06646215255787782 -0.2112768666864772 -0.04584120586554792 0.9978479183026606 0.046884067483911905 -0.5981656644641741 0.06861203926482116 -0.043677472161118315 0.9966868447479061 98.81871469019791
0.9965645653003181 0.04931448418433073 -0.06653682316899964 -0.28074727441526504 -0.046330276439721 0.9978815217419807 0.04567246490966522 -0.5697828242093739 0.06864818040420557 -0.042432890728053986 0.9967381186207599 99.84977892595252
0.9964223766966424 0.049569857538955216 -0.06844907918871941 -0.35605317553915916 -0.04666235050791396 0.9979656151847348 0.04344255924812838 -0.5388146892368564 0.0704632688944564 -0.04009314321075681 0.996708316211011 100.90238767641497
0.9962135160990988 0.050408267301317464 -0.07083528025744552 -0.43352595873379224 -0.04747765145072206 0.9979692351712224 0.042465024013721216 -0.5102256842865835 0.07283201874310269 -0.03894113813746468 0.9965837068738191 101.93553158004107
0.9960214435986818 0.0515557797863937 -0.0726862123254208 -0.5082451346859594 -0.048546939189753134 0.9979132296230858 0.04257206641126992 -0.4832241749968156 0.07472936897168125 -0.03887399791423635 0.9964458508615796 102.9566492355923
0.9959060540445531 0.052120509570904944 -0.07385515553756702 -0.5722121390147569 -0.04924022252008213 0.9979736583426773 0.040298607175716705 -0.458707970867794 0.07580588370028937 -0.036496982562934474 0.9964544336095945 103.87552923359807
0.9957880619254482 0.05362806623838797 -0.07436508749602992 -0.633680530016406 -0.0506501205228425 0.9978592565399149 0.041369909700486124 -0.43518515612726993 0.07642447917900803 -0.03742906155831225 0.9963726031626322 104.71426614739376
0.995635241766534 0.05676638782361901 -0.07408132400244696 -0.7021605712358454 -0.05345734862690527 0.9975140917170734 0.04591240250346324 -0.41367180049989105 0.0765034458719249 -0.04175181480267652 0.9961947644564306 105.55355434165419
0.9957379491282662 0.05661293676879399 -0.07280736265137037 -0.7620517871028492 -0.05370024182141242 0.9977001419373058 0.041360739918406136 -0.39028214085736634 0.07498146900506447 -0.0372746853600235 0.9964880215723381 106.35443879871254
0.9957893740515892 0.05735298274418931 -0.07151334068752495 -0.8249688051034889 -0.054656811196531874 0.9977390987272142 0.039106570558274475 -0.36720336686990546 0.07359453455095659 -0.03503321625753716 0.996672723737777 107.21829425662911
0.9957217629790054 0.05776460172189519 -0.07212088128893832 -0.8906448391729404 -0.05487711529174548 0.9976345759704998 0.041397524629066644 -0.34812754782623934 0.07434159634577919 -0.03726263028918571 0.9965364135026333 108.10063732251758
0.9956490573226399 0.058400824283238936 -0.07261059410015853 -0.95610633628007 -0.055431361367187584 0.9975677288511821 0.042260981196269684 -0.32981673256478955 0.07490206158391088 -0.03805220200894368 0.9964646060411525 108.95183759924599
0.99575812932881 0.05783899643165495 -0.07155695890246515 -1.0174299056811478 -0.055145760348842124 0.9977140584484648 0.039058964269911296 -0.30783922420975485 0.07365251517184014 -0.03494721828800045 0.9966714598817361 109.79694518098242
0.9957185108082008 0.05818051232715043 -0.07183087928774469 -1.081348024658198 -0.05546531237650376 0.9976894589112579 0.03923445807367945 -0.28882978383276414 0.07394759196131474 -0.03508235400751723 0.9966448625666079 110.63674624865773
0.9956048166831553 0.05922537181893376 -0.07254932343041945 -1.1451072992673839 -0.056466825034053 0.9976226714583046 0.03950320319880965 -0.2730376974342778 0.0747164417506361 -0.035232949426663926 0.9965822056442813 111.43871483418464
0.9956470193752852 0.058613585901362224 -0.07246696045023374 -1.1985805700192096 -0.055840595608800114 0.9976493686152443 0.039718574793869456 -0.2561912986861867 0.07462466543420179 -0.03549908237385007 0.9965796377909028 112.16772272327361
0.9957499978970222 0.05830334975705237 -0.07129278431362437 -1.255996769363222 -0.05560743850490571 0.9976815818065832 0.0392335839152428 -0.24031502910557875 0.07341494719064548 -0.03510243198153231 0.9966835329220481 112.92581128442013
0.9958924156963821 0.05911985511357775 -0.06857943634775662 -1.318716292663988 -0.05653265615120334 0.9976358624642632 0.039073580763387246 -0.22427380828893254 0.07072732956160743 -0.03503610504226637 0.9968801914957233 113.76075237986528
0.9958732275661893 0.059123898182241924 -0.06885404331365359 -1.384249682063465 -0.05651752482129881 0.9976314786972287 0.03920716899308173 -0.20777081377387172 0.07100904171284426 -0.03515390982684714 0.9968560169948859 114.64799497443377
0.995921034999784 0.059566864228197534 -0.06777227110684993 -1.4484960293797295 -0.05705992700735273 0.9976340995906767 0.03834537865000767 -0.18767610502415186 0.06989604262672139 -0.0343218883500949 0.9969636659403421 115.54208500511837
0.9959664309245672 0.06071416527675945 -0.0660655629365836 -1.5127335583089647 -0.058402461490701635 0.9976300597754427 0.03637878948330656 -0.16721580114437623 0.06811769933878017 -0.03237366162777968 0.9971519067171263 116.4241615486377
0.9960118392564857 0.060514305945728215 -0.06556244989947614 -1.5793477090242047 -0.05824475422525624 0.9976532507030359 0.03599361008431905 -0.14757575161510475 0.06758671959900113 -0.03203139300076275 0.9971990900498634 117.33187394010513
0.9959399496947544 0.060980381023936533 -0.06621940600902153 -1.643996135278062 -0.05856326522184911 0.9975658713793372 0.03785070971245033 -0.12949220459843958 0.06836637015790341 -0.033819009289988905 0.997086913985975 118.1778723857961
0.9957551613141186 0.059743393512877434 -0.07001703826827622 -1.70573023159073 -0.05715800070664676 0.9976276841158277 0.03836622004975802 -0.11035786662741968 0.07214306391826411 -0.03420132771184433 0.9968077284568129 119.00868146844037
0.995409613793808 0.0597800076356731 -0.07473989198508993 -1.7772861853647384 -0.056992258179858944 0.9976167495510205 0.03889348946563897 -0.09052292579626994 0.07688682120119372 -0.034455358107736214 0.9964443010139815 119.95073191939318
0.9950734448064226 0.05978540014226962 -0.07908568372917148 -1.8538711686563765 -0.05685241434161758 0.9976270505971805 0.03883388855493292 -0.073598276988424 0.08121971696953179 -0.03414635919972483 0.9961111302102751 120.92196349893763
0.99478177447819 0.06004849191919314 -0.08248272415637278 -1.9327203155356987 -0.057009222716939076 0.9976224091837224 0.038723083808926965 -0.057362865303659465 0.08461187677410367 -0.033818742032981526 0.9958399083166277 121.86755817255249
0.9944860622231867 0.05999488378309462 -0.08601212684078319 -2.0118397031573414 -0.05681496977470118 0.9976244329706702 0.038955743471865936 -0.042089313720006474 0.08814494457041637 -0.033854167539595706 0.9955322014314144 122.7627184773908
0.9939049718716578 0.06086895721608275 -0.0919123328842638 -2.091902453452983 -0.05756895142764042 0.9976127111110059 0.03814045701441002 -0.029305867821520108 0.09401448143941968 -0.03261669322866406 0.9950363956170162 123.58494385089124
0.9928957322159249 0.0622170822919208 -0.101425340120133 -2.1756448323725257 -0.0586550639310499 0.9975648881996666 0.037734298806636264 -0.017752334308789607 0.10352607605163408 -0.03151711443429473 0.9941272670413409 124.34068748254526
0.9912215542103765 0.06283745452403373 -0.11632405072772983 -2.264341710212002 -0.05863221355212596 0.9975085347088436 0.03922992119532249 -0.0071768827871692125 0.11849934178190748 -0.03206520687526156 0.99243625916494 125.04964862650338
0.9885210931925635 0.06496945363077856 -0.13640021410650155 -2.3690955241817684 -0.05988779789255642 0.9973611653606284 0.041038487960296306 0.0007639071862848065 0.13870652463731334 -0.03239870252657036 0.9898034269983268 125.74990962257618
0.9846609679736672 0.06672275979272549 -0.16121678409770174 -2.494532766592663 -0.06048810964665752 0.9972301244812313 0.04328125943777178 0.011431141797802412 0.16365807875120797 -0.032865668299732476 0.9859695132744593 126.45962031018065
0.9790162496250082 0.06865258747127427 -0.1918697610455711 -2.6398056122244298 -0.060564784989267505 0.997023347023574 0.0477111340161969 0.023502493134460668 0.19457412415166928 -0.03508942466622609 0.9802599871907467 127.13361590306903
0.9713710295393966 0.07137123507691491 -0.2265931812194939 -2.810838822004122 -0.06084151999883519 0.9967325477320882 0.05312756098043265 0.037558451603711546 0.2296445784594225 -0.03782030003971439 0.9725394554922177 127.79672409609478
0.9615147736339952 0.07451463860646264 -0.2644558729106189 -3.0237159465314454 -0.06102740064546127 0.9963987219208227 0.05886631740653808 0.055808367191529845 0.26788989614023767 -0.04046177934665282 0.9625995262610898 128.51893342303273
0.949341376283853 0.07733805383016037 -0.30458131378212483 -3.279273269621471 -0.06070530462352155 0.9961197884796859 0.06371995754666833 0.08161225276945834 0.3083274513663147 -0.042002290758326476 0.9503525610556353 129.28165315289067
0.9348931682612637 0.08031580375039665 -0.3457226281375667 -3.5591905836113353 -0.06038164504529745 0.9958518757668007 0.06806686766236741 0.11245570182986712 0.3497553729108987 -0.042759948546160886 0.9358647156081304 130.0021609290699
0.9173373928579782 0.08428717764492613 -0.38908582517123597 -3.8636578923433986 -0.06050565500572612 0.9954948682858762 0.0730002255394595 0.14575566220969946 0.39348592525890486 -0.04342394386898311 0.9183045179688522 130.68102369349612
0.8971848327585543 0.08730023067147324 -0.4329411571942705 -4.203559497414592 -0.05963287207476641 0.9952378777007562 0.07710698643966608 0.1830624209873146 0.43761089615790005 -0.043361694090520646 0.898118292347661 131.35133948524432
0.8743571527339475 0.09050603529848078 -0.47676852563643063 -4.572228484865822 -0.058177926018239554 0.9949184936125608 0.0821737183771469 0.22257477986147162 0.48178304078412837 -0.04411177441750201 0.8751795547032263 131.99857836059343
0.8471273049547463 0.09522756880067595 -0.522787757450786 -4.945062872730349 -0.0571113801848267 0.9944290782405298 0.08859513871015771 0.2634403661017583 0.5283120474241455 -0.04519423071588302 0.8478466029043851 132.5439713257156
0.8158843346165133 0.09849637606556033 -0.5697641761547685 -5.300632362054219 -0.05422832813510441 0.9940757666769848 0.0941947903720477 0.3023602631643384 0.5756666057320337 -0.04595469516289188 0.8163921392550544 133.00424023412324
0.782404030677755 0.10131305562255122 -0.6144750585171261 -5.665652495828101 -0.0502135329509912 0.9937289195016809 0.09990713515359828 0.344218598438217 0.6207435331018617 -0.04731278163923057 0.7825847984760345 133.43982042783364
0.7464060605648073 0.10433298085689777 -0.6572614562391748 -6.065062541264316 -0.04566403401156255 0.9933358743337627 0.10582361153999598 0.39005049287945204 0.6639222761362324 -0.04897417551211407 0.7461961815655398 133.86294592479663
0.7094865141216206 0.1084421477337137 -0.6963254891747481 -6.483762864765376 -0.041040304781565735 0.9927705855368308 0.11279298682228499 0.4399102301086337 0.7035229773525434 -0.05144769273500433 0.7088078408491658 134.25626248390606
0.6740735324288762 0.11460257670122695 -0.729719893035881 -6.884090996197777 -0.03713231489921524 0.9918994324814521 0.12147718729537908 0.4873963679376211 0.7377303464471838 -0.05478836789329037 0.6728686132333018 134.5745833689109
0.6372624595016292 0.12027772156589346 -0.7612028818947373 -7.276128106451195 -0.03270549966549216 0.991076490619241 0.12921973546435506 0.536179927872388 0.7699525362004885 -0.05745136583898478 0.6355095849487006 134.8537980043972
0.594466466252534 0.1238806958462864 -0.794520732075549 -7.712012550798455 -0.0266372541778442 0.9905533764984732 0.13451566822246658 0.5875966392262137 0.8036790884371007 -0.058801203253944716 0.5921506069445494 135.1322634715144
0.5491708856129712 0.12560309156845045 -0.8262174058826853 -8.212546949774495 -0.02037840111876693 0.9903598602085961 0.13701119682511498 0.6474527893770525 0.8354615844926125 -0.058405570590957044 0.5464363916880326 135.43293347664687
0.5053366256532901 0.12718193208592113 -0.8534984774000716 -8.733280672600978 -0.014832375925345762 0.9902132435037442 0.13877223430571953 0.7094756533782813 0.8627948165107131 -0.05746728234991193 0.5022774293769924 135.7048611930331
0.4626856759867268 0.1302555983265751 -0.876901045923252 -9.250349162038887 -0.008914407522639002 0.9897806640235434 0.14231925542115365 0.7753127039757883 0.8864775792851308 -0.05803202762007582 0.4591184870979132 135.94489470702447
0.4227627573697886 0.13425707264926215 -0.8962403078554019 -9.807471054496448 -0.003183454560402345 0.9891792154654037 0.1466776919245313 0.8482676530408727 0.9062348021336161 -0.059156725187392525 0.4186155339532304 136.18163307708147
0.38595599206775677 0.13702955988243376 -0.9122833287446513 -10.462070293937343 0.001438928048503647 0.9888159619755222 0.1491339090498569 0.9344566795927947 0.9225160712275228 -0.05887183588819306 0.3814422698995076 136.44178932807486
0.3526388217294286 0.13622822260385692 -0.9257903287329565 -11.162781710495732 0.0059955522764732075 0.9889971944672961 0.14781272843944987 1.0268345906191767 0.9357403030553826 -0.05767513070647134 0.347942041920506 136.69446161686722
0.31856550143015444 0.1371144981278763 -0.9379315730380849 -11.922996958871192 0.010156809149988618 0.9889322237146497 0.14801991800661787 1.1284873148803227 0.9478464329871394 -0.056680431384524985 0.31364704393891435 136.9318159815483
0.2846892912686658 0.13837502687103564 -0.948580180783568 -12.790033229193693 0.013278602224146245 0.9888627929808983 0.14823648464864253 1.241518494722086 0.9585278744824882 -0.05479715865311423 0.27968122075610996 137.1730403077656
0.2514668937334796 0.14030115520664793 -0.9576429330411813 -13.686875256937412 0.01692453953524959 0.9886489110808159 0.14928794519395666 1.3590522660057895 0.9677179141245416 -0.05374864153068606 0.2462379382143444 137.39337037982037
0.21717617919537469 0.14185099336515997 -0.9657705746560192 -14.593648845816121 0.020991267811453714 0.9884773169205125 0.14990650622734716 1.4789672850882893 0.9759066932170131 -0.05282887103600893 0.21169609471904427 137.5842622884129
0.18479861314750642 0.14038057646288518 -0.972698702749576 -15.517052048486756 0.02605703837689764 0.9886978548229254 0.14764004409227113 1.6009867809372837 0.9824309152962268 -0.052629322819992636 0.17905209032492753 137.74666602333386
0.15357073191513432 0.139939624175133 -0.9781783742675844 -16.448067469313614 0.0308734507460455 0.9887583476711268 0.14630023906232 1.7211757145539617 0.9876552335395588 -0.05266717665095671 0.14752392404466338 137.88274294758958
0.12249881591731684 0.14178244368962442 -0.982289050514285 -17.350845347917854 0.034752562136989115 0.988523390972905 0.14701620633229953 1.8329880485769845 0.9918600201257074 -0.052146372460844345 0.11616564171649457 137.98593362773974
0.09535600186111315 0.14401897440337003 -0.9849699324958436 -18.241913621653076 0.03830852618452917 0.9882148486133089 0.14820212482195225 1.9437104083930021 0.9947058307512987 -0.05186470854033393 0.0887150622915505 138.06309289762808
0.07216636475587443 0.14623584600855782 -0.9866139534489088 -19.185393095478627 0.04160353842699268 0.9878908824845837 0.1494682236938056 2.0617035373443424 0.9965245412875062 -0.05183320987541861 0.06520856512556504 138.1243241719438
0.05361815678923852 0.14672364048857253 -0.9877232742951372 -20.191211942595235 0.042447396803722996 0.9879171645623677 0.1490566820630206 2.1893844086480185 0.9976589155453435 -0.049918426305616895 0.046742260835980466 138.16978926532724
0.04390670564146201 0.14928937244104223 -0.9878182446563112 -21.274200003893704 0.04143179178974593 0.9876490144358635 0.15110536361412116 2.328930293159459 0.9981761406829979 -0.04756161855976385 0.037179088358517146 138.21115964010193
0.03984764591351011 0.14832718837565398 -0.988135218633425 -22.40715213856723 0.04065602143079277 0.9878610344265135 0.14992553012477464 2.476626213462984 0.9983783115816215 -0.046147826063088905 0.03333354336221242 138.25225630656558
0.037263081040125275 0.14913090428704592 -0.9881150925767336 -23.548529283532915 0.04041215674751385 0.9877680587335058 0.1506025223323065 2.6261155858449508 0.9984880171431254 -0.04554377600031109 0.03078057974148798 138.29122415954814
0.034821624393909414 0.1496976325350988 -0.988118451041148 -24.68254680586049 0.04104819952456937 0.9876694975325317 0.15107616939684598 2.7775700479293954 0.9985501989336137 -0.045821200957853046 0.028247437979743373 138.32701461099825
0.0331864150988495 0.1511802825877477 -0.9879489784445232 -25.799179091029572 0.041564146329622007 0.9874295372404673 0.1524969859537004 2.9275634439252887 0.9985845400329285 -0.04612408418345164 0.02648556711609698 138.36067381280927
0.033184572981793815 0.15042718122796112 -0.9880639894580854 -26.88692270252951 0.041035420593817 0.9875697752646565 0.15173013293476306 3.073447054323828 0.9986064682209419 -0.0455807210509282 0.026599238631452703 138.39309337290774
0.033863797228006254 0.14985254450582278 -0.9881282599654927 -27.96316916581238 0.040346918354552744 0.9876843525011385 0.1511679397349001 3.2191292306146106 0.9986117210490723 -0.04498705068721209 0.027400654259975506 138.42399919454897
0.0350033360625906 0.1524535356939039 -0.9876905820746285 -29.06893001290804 0.039227480144982 0.9873250058428056 0.15378731299744916 3.369847363610674 0.9986170293290432 -0.04412768169673069 0.02857930093805075 138.457733916201
0.03611501191288682 0.15209181564749596 -0.9877063255480252 -30.168592346294734 0.038283232210881514 0.9874150506873308 0.15344677190354908 3.5202101216883586 0.998614089649259 -0.04335432261240225 0.02983794002272975 138.4911764385692
0.03545311502465403 0.15023030805054494 -0.9880151472412194 -31.243281463789835 0.03743895539202832 0.9877430176781542 0.15153235841629067 3.667151260673771 0.9986698159322734 -0.042362549157102115 0.02939410101890819 138.52238457150213
0.03366749787924681 0.1500428189817882 -0.9881060935236412 -32.33250705695191 0.036467140091821136 0.9878237986995793 0.151242488792841 3.8152692474202157 0.9987675641910247 -0.041125359508793674 0.02778592314820771 138.55372540745785
0.031598012642382385 0.1511369950264362 -0.9880076792876826 -33.43310936660307 0.03657189462669355 0.9876645067549977 0.1522541251323485 3.9628624480255192 0.9988313481867018 -0.040944240508059934 0.025680869314575576 138.5836200137963
0.02917563284585271 0.15148387510385256 -0.9880290572809921 -34.54028497582675 0.036969206557615264 0.9876100350716338 0.15251129922829398 4.113338141501715 0.9988904145172998 -0.04097626397467551 0.023213909109268124 138.61156365541666
0.02658627160830147 0.1498550996870863 -0.9883504536649663 -35.628579574340165 0.038014800052124764 0.9878332138140284 0.1507992594903591 4.262195092958571 0.9989234430820838 -0.041581134948641865 0.020566090474766024 138.63779183819142
0.02305794620695691 0.15237603102048916 -0.9880535796641606 -36.71052572535029 0.038587871489719774 0.9874442142316491 0.15318257066105692 4.409632437074599 0.9989891427290932 -0.0416589600311842 0.01688856887099274 138.65957720998563
0.019192879767395664 0.153236294331109 -0.9880031738136805 -37.81079044904558 0.03756905773893474 0.9873767822106003 0.15386895675231266 4.556827973059578 0.999109703319331 -0.04007153667013862 0.013193660676660961 138.67600525958247
0.015624111944101791 0.1531696023222067 -0.9880763938331981 -38.889189090362606 0.03706303735756591 0.9874291715817624 0.15365533629256795 4.701527444144381 0.9991907817768281 -0.03902184047181245 0.009750773220754412 138.68791510370735
0.011998305638651341 0.15200778549396668 -0.9883064675549905 -39.93512393894259 0.036765668062843496 0.9876422247761133 0.15235196582643126 4.843040015204807 0.9992518833175613 -0.03816371298112301 0.0062613654900630185 138.69587067725266
0.009677830261216297 0.153022341579787 -0.988175339997349 -40.998155849219316 0.03661075798540898 0.9875048324732426 0.15327706365181587 4.989565083752388 0.9992827387687471 -0.03766123762475203 0.003954640236869429 138.7015745452946
0.008610032634643511 0.15438296884804772 -0.9879735655713139 -42.0774458407212 0.03525866588161722 0.9873489467761807 0.15459263818245375 5.138332295028636 0.9993411298542046 -0.03616567750817549 0.0030577691370991017 138.70730745846802
0.007494639539159664 0.15375123813195485 -0.9880811642527506 -43.18918300627659 0.034496251501229404 0.9874810342884032 0.15391950998189083 5.292068658333487 0.9993767252695759 -0.03523866759104873 0.0020969730245235406 138.71331043692183
0.0051889746740277866 0.1547393118449261 -0.9879417087620065 -44.34422938353979 0.035452536295020654 0.9873054589154567 0.15482586497735312 5.452698931502161 0.999357889953385 -0.03582842677950162 -0.00036279804760635566 138.7175772216105
0.002367828767617586 0.15319085332352705 -0.9881937845609732 -45.48049792073819 0.03653023697533608 0.9875237267856032 0.1531745110062216 5.608438881330855 0.9993297429644794 -0.036461644141192774 -0.0032578110853737972 138.7181345126875
9.99512163851505e-05 0.15302549646313282 -0.9882222358568786 -46.57055743919948 0.036141496423368114 0.9875760653196338 0.1529290928635424 5.756686941263337 0.9993466777080081 -0.03573111585156653 -0.0054318610041041715 138.71549703887922
-0.0018751217102492934 0.15314599652412214 -0.9882017950131479 -47.62910738039542 0.036022505830043315 0.9875725096648288 0.15298012036873293 5.90045116261835 0.9993492197386736 -0.035310648577180345 -0.007368521205955171 138.71044628829955
-0.0034837203974972266 0.1543121744441321 -0.9880160001288025 -48.662039089941686 0.03540585462900922 0.9874215480125508 0.15409449042221823 6.040475349039429 0.9993669441952644 -0.03444472875226964 -0.008903455003594152 138.70495837663566
-0.006054309656604661 0.1540002200334978 -0.9880522645914124 -49.69981341405822 0.036245474477075774 0.9874549005632981 0.15368501857193048 6.182749614771558 0.9993245773593846 -0.03488196644624938 -0.011560168784629461 138.69735530978397
-0.009128638673015785 0.15640759185410932 -0.9876504104015642 -50.773288007990494 0.03763201980367498 0.9870456243232708 0.15596399132420344 6.330830257182364 0.9992499682469209 -0.03574354088053929 -0.01489631645232667 138.68597534883716
-0.010791598169408017 0.15638033429862322 -0.9876379561628862 -51.860747637207325 0.03746729910430139 0.9870651206075034 0.15588023985713975 6.480202365997641 0.9992395823358771 -0.03532192979922649 -0.01651115890783089 138.6689850810161
-0.01150725723233306 0.15591215613302234 -0.987703894191444 -52.9566092098393 0.03568814087774994 0.9872040156987945 0.15541746359035788 6.629509898714383 0.9992967225162296 -0.03346088698947539 -0.016924225542066528 138.64954413121401
-0.012183417407877935 0.15482295843121519 -0.9878671043631698 -54.04581561705716 0.03485030924603685 0.9874059568405786 0.15432087461258429 6.775848062618273 0.9993182777702612 -0.032547318450889436 -0.01742560690292732 138.6298651910442
-0.013419601778203736 0.15474295489152265 -0.9878636202429751 -55.13350498149822 0.03399662295130833 0.987452000929407 0.15421665113862806 6.922041541148147 0.9993318487449606 -0.03151450097886622 -0.0185119505193808 138.60986379616767
-0.01602584490458055 0.15600052840807954 -0.9876269576269658 -56.202269867475174 0.03337706787842717 0.987286784730731 0.15540519951369164 7.068599136668616 0.9993143367504206 -0.030473592378507844 -0.021028945114182965 138.5889162409658
-0.01681127090897511 0.15572920784296357 -0.9876567192071496 -57.21395584104713 0.033769640179392615 0.9873211922881379 0.15510149793241954 7.209713126030301 0.999288242987267 -0.030745358728255012 -0.02185704335200621 138.5696829178645
-0.014809843117224596 0.1554411349018988 -0.9877341353457696 -58.215019730251385 0.032252503694109994 0.9874027020193791 0.1549053906430853 7.348460493447995 0.9993700238411718 -0.029562774315601406 -0.0196366448880701 138.5516703263017
-0.01277887537400538 0.1554507381635812 -0.9877609874603145 -59.252291580709525 0.031563189573993004 0.9874120937160867 0.15498749061497216 7.490154619664089 0.9994200645414777 -0.029196321473905787 -0.017524537206457143 138.5345953387189
-0.011515828687834344 0.15588365521125316 -0.9877082928312456 -60.35117811057131 0.031754926666870326 0.9873325881589818 0.1554541250390741 7.642117359508054 0.999429342335922 -0.029574421334348643 -0.01632002698295126 138.51983226157128
-0.010904009621736451 0.15785784707473663 -0.9874016420338282 -61.46128531628017 0.031466138887779965 0.9870254853065095 0.15745022533785244 7.7947921776278815 0.9994453385141499 -0.029352878434229828 -0.01572971232926014 138.50536447422067
-0.011656834891973441 0.15819312917558115 -0.9873393803965996 -62.549449146858834 0.03108994751783412 0.986986420269372 0.15776951976597015 7.9449110714574465 0.9994486146689279 -0.028857236275923195 -0.01642335382545003 138.48837715786547
-0.012288480468727074 0.15955867790559902 -0.9871119599887285 -63.6045306524783 0.030873379887392475 0.9867763829829208 0.15912009427306298 8.08961906565835 0.9994477613472841 -0.028520138361463946 -0.017052097986595707 138.4714004336779
-0.013067486993507078 0.15892285905312328 -0.9872045206815342 -64.63906607641883 0.030361509979180426 0.9868966472128857 0.15847140572275123 8.23021718562056 0.9994535604496378 -0.027902196873039506 -0.017721397072450698 138.45371589691752
-0.014803162132698718 0.1582376149535751 -0.9872900909077732 -65.68870642980932 0.03076551815449202 0.98700285659812 0.15773028865703662 8.374520127379489 0.999417004700019 -0.028039584179345597 -0.019479025527235773 138.43433222702444
-0.01709732509263641 0.15971801291027957 -0.9870146087199877 -66.72175902331833 0.03002461554357037 0.986795734123561 0.15916250053639658 8.516992926715535 0.9994029237180251 -0.026913481148477383 -0.02166703939935077 138.41148320574027
-0.01976354539787944 0.15995742622013162 -0.9869260479237232 -67.71743562484409 0.0289794906600685 0.9867957536846074 0.15935598398273573 8.653845125394136 0.9993846063425172 -0.025451174964117203 -0.024138067415534592 138.38535172923474
-0.022694138244211286 0.158611089427968 -0.987080289743356 -68.6906068037745 0.02793576525971569 0.9870496455303919 0.15796388915722775 8.788069032058726 0.9993520746507238 -0.023989988928635044 -0.026831163271413244 138.35563603260147
-0.024812964223647507 0.1594540515938709 -0.9868934705614063 -69.63508528307341 0.027035626336886165 0.9869433789056127 0.15878237226763992 8.916226808538779 0.9993264690355236 -0.02274142178198801 -0.028799930908344522 138.32507742402098
-0.026470883883722637 0.160630419053397 -0.986659597217372 -70.54603278407204 0.02571995393521864 0.9867881546899759 0.1599613132389111 9.039763857964347 0.9993186560231844 -0.021142522041537073 -0.03025256163927884 138.29462216782406
-0.028721141142306998 0.1614421060166329 -0.9864641617699043 -71.41158321569522 0.023748434676375704 0.9867029295215322 0.16078974073007019 9.15800044160555 0.999305312655699 -0.018808914868634886 -0.03217323141306756 138.26438265602658
-0.031987468467265565 0.15943560124454173 -0.9866899669687785 -72.24940284742901 0.023318144487460855 0.9870454891519239 0.1587370986332311 9.272444467901728 0.9992162258483979 -0.01793018127699014 -0.03529082884626862 138.23354620030457
-0.03491882472414412 0.15922545574867947 -0.9866245131363359 -73.15630210516578 0.02192956771318964 0.9871109479234524 0.15852782263555734 9.396517458493188 0.9991495232145168 -0.01610064381580469 -0.03796049958732626 138.19801301715106
-0.0363262021486022 0.15805669228279604 -0.9867616171406762 -74.10111882361477 0.021272661682333573 0.9873118888106936 0.1573617109655474 9.526427435905488 0.9991135475522324 -0.015274692719561469 -0.039227577798215466 138.1606594296036
-0.03737127125781239 0.15831418856568744 -0.9866813091284161 -74.99449354176018 0.01977237522847468 0.9872948884122089 0.1576637450175001 9.648744065193851 0.9991058208530257 -0.013616938492437976 -0.04002671262661587 138.12397067794112
-0.03795605323023072 0.1586562379759873 -0.9866040422451618 -75.85618044339729 0.018898142644191096 0.9872528856795326 0.15803354049704318 9.766832072964815 0.9991006947389148 -0.012646654448416887 -0.040470531297211496 138.0874775246045
-0.038016124072663054 0.15764415612636146 -0.9867639506739703 -76.65809624833359 0.018529994081020438 0.9874191936634038 0.1570349493089543 9.87762137415597 0.999105306576763 -0.012314870048679325 -0.040458995857965155 138.05431212807127
-0.038594930819372465 0.15541423424762849 -0.9870951560555211 -77.37373243658406 0.018971491314416094 0.9877670659083596 0.15477824790355005 9.976629508379862 0.9990748289454365 -0.01275301140942819 -0.041071241369552515 138.02617751526176
-0.03873357084340235 0.15358527611443315 -0.9873759534496345 -78.02759993282719 0.01796663459176106 0.9880647705460233 0.15298761141764367 10.065450001168465 0.9990880394295408 -0.011814066475312916 -0.04103068732243657 137.9994119047924
-0.038525951225240475 0.15381849538191147 -0.987347771335226 -78.62884832146169 0.01637135351714745 0.9880458647563288 0.15328844679860998 10.147571697135465 0.9991234807901401 -0.010258636184140395 -0.0405836237592752 137.97332362319403
-0.03919251791637357 0.1551609066873318 -0.9871114625893787 -79.23355403047292 0.01470430095886556 0.9878530546453245 0.15469365197450038 10.229341418482358 0.99912348089347 -0.008451950299300187 -0.04099798121191157 137.94604741136544
-0.040391782345507526 0.15239168136268233 -0.9874944452352176 -79.85597639446983 0.011890229483426131 0.9883043088721102 0.1520303111476362 10.311418933267964 0.9991131699471202 -0.00560076032966007 -0.04173134459785632 137.91654995697954
-0.04126292570029025 0.14834278814367796 -0.9880747887525592 -80.5071017579616 0.011328108657538897 0.9889229229303986 0.14799704881191048 10.398838467526119 0.9990841030248123 -0.005086227339775552 -0.0424862963148441 137.88891321794048
-0.04331782730544758 0.15155659114001663 -0.9874989445662996 -81.1721051832859 0.008181237033598292 0.9884474087402776 0.15134327707310216 10.487162144707094 0.9990278440554767 -0.0015231009958317538 -0.04405731454844848 137.85472334160065
-0.045815432530930206 0.15460250119751143 -0.9869138831557086 -81.80873676781535 0.005072571398675664 0.9879745775687045 0.15453317798240013 10.5719747612845 0.9989370426415308 0.002073813252991439 -0.04604871482661084 137.81991681023018
-0.04880650563935687 0.15456210595531714 -0.9867768138793773 -82.4746696924758 0.0032359129703339396 0.9879734899334799 0.15458949529610203 10.661860247395246 0.998803010545384 0.004351849183097602 -0.048719683231355795 137.7828765434431
-0.05243788772348423 0.15730535025153622 -0.9861568306883765 -83.21952252775583 0.0011801118279779917 0.9875245385420613 0.1574607669019717 10.765618700374361 0.9986234902440315 0.007093134675522813 -0.05196933878068963 137.73717981204544
-0.05592207923178165 0.1617663686198219 -0.9852433014428226 -84.04444713316619 0.0008087869222570684 0.9867945052667321 0.16197515315348412 10.882164990088251 0.9984348085469114 0.008261135450780914 -0.05531443503241308 137.68854278545868
-0.060267348418240385 0.16237299858444829 -0.9848872301158806 -84.92052420295047 0.001590187890989179 0.9866951139554078 0.16257374757011342 11.005042933118677 0.9981810046364862 0.00823173294114708 -0.05972370179149795 137.6357220580868
-0.06502506800708725 0.16116195728235783 -0.984783511263057 -85.82086242656021 0.0019321665055625208 0.9868905813117433 0.16137920327836186 11.132102051782786 0.9978817601616272 0.008590927952412451 -0.06448401890118124 137.57654183878407
-0.07146374925443073 0.16268041704716127 -0.9840874018357638 -86.72266930016221 0.0021653473907613193 0.9866329466874005 0.1629439774327644 11.25934659040505 0.9974408472752537 0.00951369645792868 -0.07086074912480896 137.5103463718276
-0.07746299600251659 0.16430059157216642 -0.9833640220484746 -87.61083049333874 0.0029190165637109286 0.9863608599096099 0.16457136257766886 11.382878838621341 0.9969909546192552 0.00987773493296591 -0.07688606349644299 137.4390694342731
-0.08266538294817741 0.1618923858644874 -0.9833398648794514 -88.49034162372284 0.0029161902623587145 0.9867521132181146 0.16220900990368414 11.504922218457393 0.9965730933034385 0.0105414637827823 -0.0820423503133062 137.36245721727315
-0.08962885289280496 0.1618542858484213 -0.982735904951895 -89.36546342386609 0.0021738872942426365 0.9867366106380517 0.16231492673366932 11.62659285834425 0.9959728625535693 0.012411743593147638 -0.08879192349434692 137.2786227991803
-0.09662021281752134 0.16140694302208058 -0.9821467982024715 -90.21777553507334 0.0008949181516457981 0.9867772359370993 0.16207987462308399 11.742683341633882 0.995320919903022 0.014781250982227497 -0.09548707254283953 137.18948356322935
-0.10044873064428027 0.15889143554871119 -0.9821728789888392 -91.01463049359728 0.0005583002022992343 0.9871745766393615 0.15964348886746474 11.854569437473913 0.9949420791246272 0.015487638495328979 -0.09924914226833847 137.10537124053695
-0.10233998300444291 0.1637627735264133 -0.9811769880534242 -91.87231673859515 0.0013493046361404265 0.9863778149112734 0.1644900775969643 11.977188905238854 0.9947485648422157 0.015510005086818183 -0.10116685468352506 137.0180512682337
-0.104529369918282 0.16405973613478947 -0.9808965357283471 -92.79824946144004 0.0010950794345391155 0.9863180717010602 0.1648498172183676 12.108913773391853 0.9945211971725478 0.016157487901293295 -0.10327886501700322 136.91928818562593
-0.1070585290742405 0.16354429462957285 -0.9807098118437368 -93.71432606641145 0.0006829968091480657 0.9863906713525324 0.16441708239734001 12.240389722886158 0.9942524854722855 0.0169324293239481 -0.10571323459894046 136.81847789422133
-0.10905219833083875 0.16243147767116314 -0.9806750904865363 -94.66985676014907 -0.0002839067099233071 0.9865537738503014 0.16343674831170396 12.377523749366384 0.994035983974519 0.01810155692987924 -0.10753974242354628 136.71309347182327
-0.11057742209565502 0.16465857609960882 -0.9801327394998757 -95.66731525387306 -6.353357176856568e-05 0.9861793051776202 0.16568154394158202 12.520434912574748 0.9938675111332311 0.018382909351636015 -0.10903870394316294 136.6048734389798
-0.11177167941850669 0.1649362966339471 -0.9799505649432769 -96.69266953109484 0.0002708882510607464 0.9861347591891357 0.16594626641939134 12.666879430008285 0.9937338770010413 0.01828263579626298 -0.11026661747246536 136.4925344609482
-0.11190673848444233 0.16008977507593006 -0.9807385715866971 -97.69530446676573 -0.0009428357920016473 0.9869202611141963 0.1612064181816302 12.81398820182445 0.9937182663826014 0.018964759909353996 -0.1102920891956282 136.38146176068688
-0.11008278341857806 0.16102945570029997 -0.9807911577862465 -98.68764682841847 -0.00024180982297296398 0.9867840733446848 0.16204053234075716 12.965675694219637 0.9939223925049817 0.01807503776293655 -0.10858899892272823 136.2752779203435
-0.10818188981134348 0.16348390046341627 -0.9805966005479095 -99.71344995540973 -0.0007459840292937331 0.9863719542430569 0.16452905941065768 13.116029942331291 0.9941308375785722 0.018530573979116366 -0.10658562568812892 136.1659993786102
-0.1064287976096414 0.16193149208429652 -0.9810459229367001 -100.72928720118341 -0.0008820779042898276 0.9866340075381578 0.1629495538740747 13.266052491755778 0.9943199349193075 0.018207884021561482 -0.10486343491189111 136.05845570884742
-0.1055995934076587 0.16195762333342406 -0.9811312114678283 -101.75874783576174 -0.0010803758282220484 0.9866285560993431 0.16298136420275233 13.419254367346593 0.9944081449084204 0.01827075623802039 -0.10401259926702963 135.94893734623693
-0.10661132513985094 0.16267441654632422 -0.9809031856168275 -102.80118676832143 -0.0020733808099622753 0.9864871031940722 0.16382581092056206 13.573589794327193 0.9942986102997132 0.019499472635840728 -0.10483341129135329 135.8363476074853
-0.10778157377040831 0.1654237002408742 -0.9803153226152256 -103.83256040518732 -0.0028306979156750055 0.9860044546680582 0.16669493850759287 13.724737992601124 0.994170568617319 0.020741619352341135 -0.10580484734528077 135.72556084167707
-0.10900505027059516 0.164890549018842 -0.9802698637925029 -104.828135654003 -0.002347069388708661 0.9861006732155503 0.16613233745757497 13.870855058414126 0.9940384249518671 0.02041002518611558 -0.10710294389563865 135.61642119427498
-0.1104774433552767 0.16457751439668158 -0.9801576282745006 -105.82715724151684 -0.0034884778016189798 0.9861242014885335 0.1659725572533735 14.018737994600578 0.993872509445909 0.021755481920813245 -0.10837035560559782 135.50356096984237
-0.11136449566109172 0.16378661307527811 -0.9801897237185677 -106.8327017345422 -0.003944166112096773 0.986244418993426 0.16524645096943721 14.168090291112971 0.9937718010991408 0.022268618763713117 -0.10918661071086203 135.3903558399281
-0.11382191131355042 0.16319495055312103 -0.9800061125415989 -107.81389462148692 -0.005179443170328487 0.9863057912562093 0.16484556258177815 14.314585849183047 0.9934876677006992 0.02383892297109939 -0.11141795132833032 135.27792733883473
-0.11682411214933304 0.16595417757913888 -0.9791891225726285 -108.81157641054081 -0.006018576374386875 0.9858038262669993 0.16779330396581568 14.462088380730176 0.9931343834340571 0.025495628279581975 -0.11416684886464828 135.15952859737118
-0.1201694566629141 0.164465787982382 -0.9790353958201289 -109.80438878382404 -0.00613815368518073 0.9860399259809575 0.16639587567244582 14.607769282315425 0.9927344180367055 0.02600517169328348 -0.11748236587048083 135.03926252373205
-0.1229429835727256 0.1624044908137014 -0.9790351393866215 -110.79995278618009 -0.006694120393464163 0.986360981880425 0.16446033617877848 14.753996642804136 0.9923911585369921 0.02677302350167866 -0.12017900677815577 134.915550400803
-0.1251861304429579 0.16428769615634833 -0.9784365005642218 -111.84261771386345 -0.007886725554196642 0.9859986789865376 0.16656651703397882 14.907718525466864 0.9921019263688338 0.028568477881003584 -0.12213766727267582 134.78434094451617
-0.1268438677123584 0.16560981561782545 -0.9780000113470357 -112.93256467873505 -0.009493440764323393 0.985716098963109 0.16814769349414133 15.069916006269713 0.9918772644870048 0.030613088964939892 -0.12345983548425954 134.6473538447259
-0.1280579826566512 0.16240005760340823 -0.9783799744313664 -114.00580722658147 -0.00993230934983212 0.9862426852471617 0.16500519697101157 15.23158234167845 0.991716946668195 0.03084780521970444 -0.12468324107208185 134.51270227474703
-0.12879292154634506 0.16422306771690534 -0.9779791242093097 -115.0613330303966 -0.00996687714957212 0.9859284458911152 0.16687049152744454 15.389896290694466 0.9916214220757041 0.031239135909534678 -0.12534381384090335 134.38133619108442
-0.1291540194602681 0.16418586856020345 -0.9779377484392302 -116.1202505534742 -0.010412514219403864 0.9859186854458039 0.16690094438451833 15.548105454911791 0.9915698759063261 0.031738718530290644 -0.12562577339530034 134.24694043319934
-0.13069551409031446 0.16358687901497507 -0.9778333271119426 -117.16172314810026 -0.010922651303692575 0.9859957586945247 0.16641231782804333 15.70353824755781 0.9913623849456696 0.032429875894670376 -0.12707842013610998 134.11192857864876
-0.13313064825927334 0.16294953962935857 -0.9776112100567631 -118.19560431297737 -0.010588019858502587 0.9861014517499561 0.16580657614250438 15.856039650827272 0.9910419387339475 0.032424903873478066 -0.12955501255935206 133.97588311748427
-0.1352304311255315 0.1637117359939051 -0.9771955781702389 -119.18621538091654 -0.010758030153017758 0.9859544011218626 0.16666788441583838 16.00141010075979 0.9907557697459196 0.03305126935968526 -0.1315698229415987 133.84480377481313
-0.13754621970685652 0.16293578461054498 -0.9770020304675431 -120.10038554920675 -0.011823872681277048 0.9860368220069805 0.16610713916381392 16.13565901699868 0.9904247742656532 0.03439935667590087 -0.13369910538636293 133.72032729031088
-0.1404027888806113 0.16274390721036214 -0.9766276043305627 -121.01603950924648 -0.011748229657448232 0.9860551197859392 0.1660038549065902 16.269084492823268 0.9900247653339095 0.03478104957929669 -0.13653293601069263 133.59327193037137
-0.14178207780785626 0.1629855504082319 -0.9763880134304268 -121.93195949118753 -0.011821843888086122 0.9860031181772726 0.1663072306058166 16.4029167137087 0.9898273013104726 0.03512209137873616 -0.13787078108725837 133.46520846864206
-0.14175123034866632 0.16325922356918104 -0.9763467696542196 -122.83469873877205 -0.012314407955945617 0.9859390344640783 0.16665105963278729 16.534167123853372 0.9898257139776347 0.03564612516984843 -0.1377476305024567 133.33777810080718
-0.14318293499100412 0.15944608442796754 -0.9767679321558186 -123.73628119335613 -0.013656417267691345 0.9865248327685839 0.16304065934092493 16.6633252165215 0.9896020156582004 0.03668379058252214 -0.13907605873666679 133.20666642565376
-0.1457306365176571 0.158915442148071 -0.9764775797871881 -124.68606002436684 -0.015687226309621015 0.9865193757943266 0.1628908595135974 16.801063657381402 0.9891999254502953 0.03905641342021759 -0.14127315406643798 133.06639038147623
-0.1469464989060868 0.1614870009456817 -0.975873288385749 -125.68125725497192 -0.016071931011507754 0.9860631552291278 0.1655933179000102 16.94913115357988 0.989013862133795 0.040017526474558245 -0.1423031204227545 132.9207900701594
-0.14795762669798657 0.16410971306817213 -0.9752828014368878 -126.68455355991975 -0.014416624012053776 0.9856738478590457 0.1680453111480157 17.10183695526163 0.9888886194380007 0.038923870868923356 -0.1434720551974661 132.77768996523216
-0.15065984233405605 0.16279338273594296 -0.9750897017430081 -127.67336885735205 -0.014731865091479062 0.9858689768969076 0.1668692078939872 17.251878718341462 0.9884758894676209 0.039505378489885626 -0.14613261446907308 132.63005741028715
-0.15288996690141068 0.16130831727854614 -0.9749893767614352 -128.6184956638646 -0.01513706154953089 0.9860904896005261 0.16551862640511444 17.39601168148673 0.9881272829896621 0.04006461151882166 -0.14832160838972297 132.48449717649544
-0.15319997097586915 0.16107508624291092 -0.9749792743873247 -129.5501411079777 -0.015547209535131584 0.9861112018291132 0.1653571344176249 17.536681083545535 0.9880728987117623 0.04049091526474346 -0.14856793938249097 132.341750866773
-0.1537189575457912 0.16015227138968743 -0.9750496049226223 -130.4817619010912 -0.015745056398793082 0.986255562410035 0.16447510089451292 17.67701286047998 0.9879891574759488 0.0406351520728711 -0.14908457038198245 132.2006023688502
-0.15472466521599576 0.16025089910736023 -0.974874313595903 -131.4210981586445 -0.016650801954613437 0.9861940768338813 0.1647543432266132 17.81734103814439 0.987817305359684 0.04172399972494422 -0.14992024239203416 132.0560895113181
-0.15550578350163646 0.1617598928503965 -0.9745007380000144 -132.4048558356794 -0.01773417623406719 0.9858854113783067 0.16647959221694977 17.965384829080378 0.9876757819704006 0.04317050725265064 -0.15044220489180324 131.90441845264792
-0.15587241839101046 0.16002762768746462 -0.9747281403353768 -133.41144262430115 -0.017938159282830723 0.9861681548567571 0.16477436932957315 18.115495784980496 0.9876143030690081 0.04316860807504761 -0.1508458141626112 131.75066964135763
-0.15620369175552798 0.15990980410687214 -0.9746944450608342 -134.43021704352736 -0.01811252200984747 0.986177974533568 0.16469650600819558 18.268334089919072 0.9875587796320724 0.04338037684675721 -0.1511482705036555 131.59588539279073
-0.15732840155564615 0.1568436565278904 -0.9750117135044627 -135.47270174298401 -0.0187938582875179 0.9866529713150355 0.161748895161222 18.421958146568517 0.9873674923525766 0.043771927101379865 -0.15228083741304127 131.43441092485935
-0.15859144164208944 0.15681645917370812 -0.9748114447266745 -136.51920623449715 -0.01902327089872995 0.9866379238890852 0.16181385079202745 18.575242106767348 0.9871610151349163 0.04420639406298358 -0.15348916874408633 131.27274791105484
-0.15952164304538127 0.15650453048860555 -0.9747097913413229 -137.5282941032117 -0.01915441060499356 0.9866768473835319 0.1615608473351917 18.720890235237427 0.9870085885920539 0.04444244338277323 -0.1543985598109367 131.1147639453055
-0.15979995040515638 0.15515186606767234 -0.9748804410317352 -138.47945310687118 -0.01982001156283155 0.986867947410593 0.16030851978371996 18.859775577203187 0.9869504258027147 0.04493943512458994 -0.15462633727319436 130.96478237410227
-0.15900434418796425 0.15705512058334886 -0.9747057543832944 -139.4256684780775 -0.02004323075258588 0.9865488824076585 0.16223307776527518 18.9988032718594 0.9870744082541879 0.045332016486640404 -0.15371766603387083 130.8196277918118
-0.15823614760706484 0.15635835593679687 -0.9749427604322314 -140.3865895128439 -0.019245816828296698 0.9867065209946964 0.16136864615268284 19.138417434542912 0.9872137155272348 0.044297922697120955 -0.15312339442303627 130.67385297815838
-0.15866741060404174 0.15655887764785154 -0.9748404847162717 -141.34976382558114 -0.018587888042014666 0.9866994713153671 0.1614888346731989 19.277118352157434 0.9871571015954589 0.04374324102779017 -0.15364695126828382 130.5256955788889
-0.15893480018862385 0.156200165535475 -0.9748544699470247 -142.33775671834636 -0.01914745614543776 0.9867319203974285 0.16122497384697068 19.419519216936415 0.9871033908421964 0.04429024221527915 -0.15383520478860108 130.37045784734164
-0.15909201431184966 0.15713752594934266 -0.9746781668431482 -143.34125880659863 -0.019545226227814037 0.9865572518986279 0.16224294393879155 19.564409747745973 0.9870702685796502 0.044861862029367386 -0.15388209194495597 130.21291986179605
-0.16125943892047315 0.15347699618977298 -0.9749052287271931 -144.33870056816366 -0.018399532108487073 0.9871947197914004 0.158455174841852 19.707960757255446 0.9867405183619673 0.04349019264774058 -0.15637056169950642 130.054918471281
-0.16423087208985743 0.15413293259918837 -0.9743055268964561 -145.35615694354047 -0.016944753489344783 0.987130257621058 0.15901801727528794 19.85523088620682 0.98627637910567 0.04262503463168731 -0.15950551852790826 129.89197688559523
-0.16832897895412077 0.15396283111654652 -0.9736327857456542 -146.3802683511685 -0.01700673857061715 0.9871261619537447 0.15903682350215306 20.001024979738073 0.9855841545436163 0.043328824367182314 -0.16354353332218202 129.71955101488984
-0.17131031999739876 0.15469958792089616 -0.9729957922619684 -147.41424266177404 -0.016139681662098015 0.9870221075657951 0.1597713048460733 20.148952023354166 0.9850849125523322 0.04307431570525191 -0.16659027098930163 129.54594319738717
-0.1734403167779521 0.15352285950977143 -0.9728048047393211 -148.429316059832 -0.01602106757834265 0.9872046145428487 0.15865173941356733 20.29233735267931 0.9847140609890848 0.04310197945852744 -0.16876148096394067 129.37205752294292
-0.176109530176314 0.15349492491248132 -0.9723295436256124 -149.40137456078082 -0.015379581980943696 0.9872181720486412 0.15863085839465682 20.42876181374383 0.984250426385059 0.042890427872032205 -0.1714978406796548 129.20157571305717
-0.17827587904900627 0.15269858298154773 -0.9720601080718896 -150.37621690033788 -0.015611458485902362 0.9873222215007453 0.15795921402302188 20.566322346984816 0.9838566934839892 0.043335593756810536 -0.1736318893535899 129.02770236286602
-0.17906306529245863 0.15274319725361904 -0.9719083981223811 -151.37046079981744 -0.016054157690685435 0.9872896601190405 0.15811828181101228 20.707019322065808 0.9837066039571516 0.04391631490421499 -0.1743349494975754 128.84810834729024
-0.17929960336708636 0.15209804768413107 -0.9719659644879975 -152.33607337750456 -0.016948578349548143 0.9873524182526607 0.15763231858520255 20.844408525310495 0.9836485134052386 0.04473685350238011 -0.17445405129824723 128.67389800948143
-0.17942506608918085 0.1513128890516004 -0.9720653554498038 -153.30371685470897 -0.01636373944036988 0.9875048592695777 0.15673666115652074 20.982248503248716 0.9836355390541877 0.044029109982197535 -0.17470707994742063 128.50127623188234
-0.18040201143535967 0.14930565416077107 -0.97219490633602 -154.30475186314976 -0.01640060323024223 0.9878177928968312 0.15474827381949 21.12434885903372 0.9834562188952602 0.043861482784465514 -0.17575561397630277 128.3216736434301
-0.18138511406962546 0.15054469643767654 -0.9718208347058829 -155.3327637851183 -0.01462801233759739 0.9876908139239715 0.1557333533487551 21.269292604750703 0.983303341624039 0.04246351922162121 -0.17695024127227008 128.1391217560255
-0.18342368475578044 0.1513869379167799 -0.9713072360992661 -156.360193133314 -0.014012770223471657 0.9875678507510844 0.1565675012048876 21.41236164987426 0.9829340741582203 0.04232889309986006 -0.1790219837552472 127.95171956951162
-0.18596390737149224 0.1481428385285363 -0.9713244177656801 -157.36292813205435 -0.014833562253466047 0.9880324825391739 0.15353103555419764 21.550640061162948 0.9824445992451691 0.0429594324936891 -0.1815408950452217 127.76200194821155
-0.18618671347978363 0.15069824616070376 -0.9708885344506275 -158.33917853703318 -0.014150798216491896 0.9876534538485308 0.15601413401002792 21.686315142899545 0.9824124707236948 0.04278660660943814 -0.1817554501560152 127.58101947430637
-0.18583110476302084 0.15222709115226649 -0.9707181430373479 -159.27445841551219 -0.014320287473168561 0.9874016193976206 0.15758480693784158 21.815164034204155 0.9824773431836696 0.04318512163084177 -0.18130999807095044 127.40657038628187
-0.18576653890298248 0.15025569394291396 -0.971037599406811 -160.21638835930585 -0.015400057208156806 0.987672375264144 0.15577585621033863 21.94487345819017 0.9824732216513553 0.043891976234979556 -0.181162532440335 127.22877796140004
-0.18600977678936725 0.14956654517430437 -0.9710974263704928 -161.22106705659027 -0.015957562365679013 0.987755928046984 0.15518886175038904 22.085987426967467 0.9824183015101642 0.044362993278843514 -0.18134554222595517 127.0401848276665
-0.18708751705347784 0.1498017983366239 -0.9708540993258875 -162.2310668094866 -0.017215765366886057 0.987652569596436 0.15571133289643327 22.22567278549236 0.9821923835917267 0.045845643028155345 -0.18219851434558304 126.84885652643361
-0.1880240501034968 0.14967178130919942 -0.970693213359613 -163.21219670273098 -0.01777921896670914 0.9876398578932302 0.1557286437158187 22.360619324559 0.9820034908062253 0.04653889749839192 -0.18303899875169302 126.66267965481495
-0.18864942942981172 0.1502776223772411 -0.9704782475606819 -164.18110959865746 -0.018517486661993047 0.9875022399161631 0.15651335038353137 22.493601881350553 0.9818698974220209 0.047496972252960866 -0.18350897025287816 126.47910368613167
-0.18864564297816894 0.15033216632642699 -0.9704705359530288 -165.1490350759428 -0.019167217541130634 0.9874618184518651 0.15669005989998572 22.627287713484808 0.9818581563327183 0.048160116977990115 -0.18339892032283553 126.29593153329891
-0.1873477922138116 0.15015710637113655 -0.9707490139880957 -166.12381283506346 -0.020224146961424 0.9874481593305138 0.15664327791021646 22.762953196259648 0.982085428377946 0.04897934300316643 -0.18195943318961133 126.11113718007378
-0.18584269287802707 0.14947149128803125 -0.9711440504868357 -167.11065903322915 -0.02142311662255836 0.9875104679524337 0.15609012063079453 22.900565879913408 0.9823459388514925 0.04981314060056629 -0.18031945941990926 125.925674686542
-0.18468920931451144 0.14881389409706733 -0.9714650384272455 -168.11295902838918 -0.021770008242780196 0.9876077066863821 0.15542549480303572 23.040758742614592 0.9825558318507353 0.04985421363662346 -0.17916080675969204 125.74098947303852
-0.18470093271310162 0.1494390154751356 -0.9713668442502733 -169.10357348187543 -0.02206449441849256 0.9874923662061471 0.15611529319908132 23.17831458651287 0.9825470591991852 0.05026735857791871 -0.17909346476248653 125.55860732786431
-0.18597414770652632 0.1486108269093738 -0.9712509657705085 -170.11279737460674 -0.0218553960330329 0.9876253861730221 0.15530112121560052 23.318586295642845 0.9823115381838244 0.05010906816031955 -0.1804248409699554 125.3712872740193
-0.18731375609560225 0.14883767325677502 -0.9709587549411504 -171.09819220179963 -0.022506137972750678 0.9875445130857792 0.155721894503365 23.4547944831503 0.9820422753277527 0.05102138467030432 -0.1816309108478393 125.1873738490883
-0.1883626672472748 0.14866781377260888 -0.9707818430191035 -172.0446079525429 -0.02376324040202287 0.9874966856680821 0.15583839129092317 23.585061926439344 0.9818120054231813 0.05242305735666472 -0.18247468061156155 125.00895889613066
-0.1891991499122442 0.14785251685927953 -0.9707436916770888 -173.02242035046848 -0.02482947889516511 0.9875625833387562 0.15525347328504704 23.720463010211187 0.9816247646887682 0.05347688517156532 -0.18317490030587755 124.82331976616915
-0.18932600518984885 0.14764443906343536 -0.9707506288293091 -174.01518068875635 -0.026204883090499953 0.9875188599081884 0.1553055228504094 23.85882774926937 0.9815645510413807 0.05484178096369032 -0.1830939955314311 124.63581533208973
-0.18952801546095596 0.1484657547425665 -0.9705859318082835 -175.0181813124592 -0.025651910948015857 0.9874161238667682 0.15604928001319476 23.997412156196106 0.9815401727999457 0.05447309424515507 -0.18333458807113134 124.44882159269541
-0.19015767004422976 0.146947345617208 -0.9706938436702938 -176.0207379663209 -0.026003423087846766 0.9876339682106711 0.15460584343469094 24.134531820418403 0.9814091310514004 0.05464084966849081 -0.1839850402517573 124.25954945884781
-0.19086534217458048 0.1477150236473351 -0.9704384024478059 -177.01382036474752 -0.025035167156064894 0.9875587389497775 0.15524489534083774 24.27169810747046 0.9812969283361938 0.053925957690031494 -0.1847926663186729 124.07148434416337
-0.19195174371739265 0.14925759400849017 -0.9699879889538072 -177.98365488270002 -0.024223941060186147 0.9873456085544651 0.1567222063005751 24.404660228343918 0.9811053606842467 0.05358003265213801 -0.18590710405369243 123.88771961134441
-0.19344905311460284 0.14978212467854599 -0.9696096013220199 -178.95719852087353 -0.02508505708249834 0.9871996657649558 0.15750415811883195 24.539630511250216 0.9807895817963364 0.05479174244660222 -0.18721554742978339 123.69937810928081
-0.19451754861945 0.1514405601324238 -0.9691381119457948 -179.94601253044712 -0.025471672450624816 0.9868970325530443 0.15932809243996574 24.677839800318665 0.980568262377306 0.05567767851453568 -0.18811134716859498 123.50709252159766
-0.1961975798366399 0.1513048848384166 -0.9688205930358216 -180.9365290779665 -0.026686892286467423 0.9868335205664825 0.1595224512927472 24.817143692994073 0.9802011627448405 0.057152729684503904 -0.1895764912727152 123.3130491680673
-0.1992650030633515 0.15244531057005525 -0.9680154367774122 -181.92620273631346 -0.02726250528373083 0.9865809002848746 0.1609810019807799 24.95507319401892 0.9795663399483563 0.058468405812718886 -0.19243500503261296 123.11871375624378
-0.20417242505210237 0.15220165407169628 -0.9670306496415642 -182.91704029133527 -0.026810236898208016 0.9865996303488622 0.16094216536677228 25.091798493533968 0.9785677452510927 0.0587862730007889 -0.19735587668187318 122.91951583927276
-0.21635067648881168 0.15140613472385592 -0.964504311628941 -183.87796231816455 -0.02468149559274357 0.986738141937173 0.16043273675181138 25.22489910590957 0.9760036929018973 0.0585151400438579 -0.20974453467851875 122.71190885547541
-0.24008426629494642 0.15169519086555402 -0.9588264254524291 -184.75029585042324 -0.021922358846779903 0.9866159332239958 0.16158097193398777 25.34598591579024 0.9705044849253468 0.05981278606453938 -0.23354544603350094 122.49617800423789
-0.2694019996584709 0.15483736499432338 -0.9504987916781558 -185.54036445927898 -0.018893763424421128 0.9859502018019145 0.16596754282214699 25.45598264674719 0.9628424524727199 0.0626704872198547 -0.2626914953856448 122.2716929319302
-0.30009677299560883 0.15554709622301635 -0.9411413431011368 -186.2705683723385 -0.014863987935853872 0.9857333873621666 0.16765664586334322 25.558411149942966 0.9537929485481992 0.0643023319646457 -0.2935033584197003 122.03852028353846
-0.3356496808023503 0.15546254355351857 -0.9290697978780458 -186.9468072977042 -0.010006008453694593 0.9856433440813611 0.16854399444338355 25.65637003290827 0.9419337405423525 0.06586801818771505 -0.32927531430084045 121.79046049556858
-0.37538694283473323 0.15630019973637163 -0.9135944892081854 -187.59751370018475 -0.00422532636498636 0.9853801559641827 0.17031762929628694 25.753258921656087 0.9268585597416172 0.06779524905455034 -0.3692384249226084 121.51613573992009
-0.41771494710344714 0.1565257046457437 -0.8949938138062855 -188.21666694550615 0.0021739765888586712 0.9852181815900317 0.17129042147831042 25.849527756053845 0.9085755316935178 0.0696048737487516 -0.411880643825689 121.21867394471688
-0.4634492614566753 0.15797291707303515 -0.8719285174409084 -188.7786104523196 0.008971718251237121 0.9847669318447398 0.17364791451875486 25.940651994467036 0.8860780385083956 0.0726543007435103 -0.45780679577370625 120.90400611038474
-0.5112568680199435 0.15947095688430543 -0.844503066195052 -189.29277411086204 0.017020568423791026 0.9843199801162976 0.17556900920828064 26.028810839231618 0.8592593992229427 0.07538693954691618 -0.5059546364969685 120.57387033230846
-0.5586281326788636 0.160432599173487 -0.8137542568258355 -189.7842666085818 0.0257864811971573 0.9839996120941452 0.17629469868953912 26.120009206670254 0.8290172897878537 0.07749931948737422 -0.5538268580628771 120.21639529024381
-0.6031589335955685 0.16239153010651866 -0.7809150349260301 -190.24305685304785 0.03489106916397413 0.9834898084258427 0.17756804333857232 26.208432516237924 0.7968575243520357 0.07985479116595379 -0.5988666781608318 119.85102421254211
-0.641752556257054 0.1630528064458423 -0.7493780346712025 -190.66810794083293 0.04223144053909752 0.9831680607959392 0.17775564593210527 26.292009247208142 0.7657481060815843 0.08242782625352993 -0.6378365711462359 119.46440766608134
-0.6772384838195895 0.1625688517877236 -0.7175788489512266 -191.06672127672084 0.04922274604441321 0.9831103833082719 0.17626995065326564 26.37133012029409 0.7341152207287319 0.08405559267460314 -0.6738022707252693 119.082121409711
-0.7117498970891835 0.16259217101833434 -0.6833563271947396 -191.3693367155742 0.05556742563968118 0.9828260665228437 0.17596927053042022 26.434637203366123 0.7002316368183598 0.08727375829408618 -0.7085611800768575 118.74981656128375
-0.7385954059958957 0.16520017852697774 -0.6535944669720017 -191.59607208304362 0.060303727409955744 0.9818139460988686 0.1800134320161372 26.48340191171325 0.6714464138724905 0.09354291133173878 -0.7351254566652944 118.46468161299134
-0.7613405222748751 0.16715864452869822 -0.6264332340334052 -191.84351737622836 0.062282931073306805 0.9805805655899538 0.1859639504963232 26.540664713086052 0.6453537368289908 0.10256579325783877 -0.7569668502743372 118.11709421667337
-0.7847923151615296 0.16641878882093353 -0.5969973272894797 -192.15963485519913 0.06529301665259545 0.9801142385756565 0.1873843678583136 26.61762853661814 0.6163098604109903 0.10807805544433899 -0.7800521071643605 117.68323136273979
-0.80976310790715 0.16458557051250733 -0.5632009402084023 -192.46623198450357 0.06888530810897772 0.97988234758148 0.18731096931288832 26.701055820287984 0.5826993421991213 0.11288124236238382 -0.8048101028959808 117.21231832758309
-0.8359024583558011 0.16510346222518638 -0.5234576648364099 -192.7211413363916 0.07478244945350623 0.9790514240603096 0.189382930326913 26.77825288655658 0.5437597496766988 0.11916021066921305 -0.8307383335472162 116.76100199991687
-0.8620793927155025 0.16500048899900321 -0.4791596386230405 -192.91020860006037 0.08287545621428202 0.978683867914898 0.18790834318998187 26.842127109751768 0.49995077698964435 0.12228133673304112 -0.8573776853139081 116.35637909645014
-0.8865215379012842 0.16539704510965647 -0.4321150081935813 -193.08419247136143 0.09351833107548428 0.978701844298452 0.1827485204308362 26.906507889685408 0.45313782074552345 0.12159982498259654 -0.8831079197777602 115.96992325955256
-0.9062389338875867 0.1668197829150299 -0.3884612654235618 -193.2877704737582 0.10308059994597725 0.978315198876734 0.17964899543707086 26.993881075914842 0.41000656655847767 0.1227620938032331 -0.9037832061418146 115.4473508530823
-0.9225809080219924 0.1682365109865479 -0.3471900697375884 -193.50213965904493 0.11138973475449136 0.977744214696213 0.17778801314881962 27.090710873710748 0.3693735171132923 0.1253504168288009 -0.9207879657424967 114.84619759133085
-0.9391187856764803 0.16942733262071127 -0.298915180863345 -193.6560194358224 0.12080729976704273 0.9772429147843161 0.17436135416669846 27.1698454684097 0.3216543217687776 0.12763488733445896 -0.9382152380038339 114.3002857197114
-0.9515289347565457 0.17029788467493726 -0.2561080178290357 -193.81773309299794 0.12916487127688372 0.9769857537328209 0.16975062012002587 27.261479189238486 0.2791220563644207 0.12844246758120637 -0.9516267178744778 113.67677569478309
-0.9607171858611678 0.1682664811678392 -0.2207008837916016 -193.96740515082206 0.13282331850990084 0.9770182375295389 0.16671331558902716 27.358364776070584 0.24368105148127345 0.13085012361500678 -0.9609879241171149 112.99299370526765
-0.9684610643172703 0.16546980609332207 -0.1862871712515412 -194.08466294235203 0.13522447670334414 0.977008371349756 0.16483016475390436 27.4496084950982 0.20927854118798242 0.13444101154012164 -0.9685701351034431 112.32682900150076
-0.9741117987352826 0.16182107774945842 -0.1578611489908731 -194.19725956994057 0.1360518089158413 0.9773170841593852 0.16229979143831294 27.552661972245485 0.1805439250028726 0.13662084689459517 -0.9740321531337475 111.56316288045025
-0.977318260268703 0.15859691190609168 -0.14034257258298172 -194.31618135012252 0.13571948283053165 0.9777709478741344 0.1598255157148722 27.670293642332865 0.16257072345773585 0.13715317359493887 -0.9771180925800464 110.68977775998495
-0.9784424921931194 0.15713137788412848 -0.1340149975008594 -194.43462256208312 0.1351960469920514 0.9778952890287119 0.159508095635207 27.790653618127127 0.1561163615661204 0.13795120071852482 -0.9780578448495146 109.8054353217269
-0.9787705749985554 0.15768321384068357 -0.1309357307608318 -194.55222849969147 0.13611834879183762 0.9777010841399159 0.1599136804460835 27.912230221666576 0.15323170898734986 0.13869604949133163 -0.9784086310005231 108.92420053444911
-0.979339113195767 0.15740718057368058 -0.12695621634554133 -194.67040815640965 0.1365027577233945 0.977749924036831 0.15928616757231157 28.039935063660977 0.1492042174298029 0.13866530045332595 -0.9790352577672331 107.99923066298804
-0.9798296795129038 0.15743187250066587 -0.12308129291885465 -194.78711973376738 0.13681535220161412 0.9774187404155738 0.16104088079235226 28.16955395333152 0.14565492970576568 0.1409532241751234 -0.9792429882552388 107.06129972772952
-0.9802691702488506 0.1572937469544301 -0.11971228436826437 -194.89931734692706 0.13719657191670095 0.9774045287697593 0.1608026361558338 28.295841505427543 0.14230057805201782 0.14120575168666416 -0.9796996892806844 106.13915754654806
-0.9805329944311875 0.15784478355015394 -0.11679071511818244 -195.00357174889191 0.13831958433939517 0.9774231757069746 0.1597235993178998 28.415843195266174 0.1393654886260898 0.14045981595066004 -0.9802286981532023 105.26544124047516
-0.9807081361044467 0.1577309620526317 -0.11546642537333407 -195.09675522207033 0.13849092490615747 0.9775095777834126 0.1590449278044628 28.523284610031034 0.1379558461870389 0.13998560265842042 -0.9804959028732251 104.46420228339721
-0.9807890382820306 0.15759965068356885 -0.11495743773340243 -195.19075633987396 0.13843145742608978 0.9775167951411977 0.15905233985001846 28.630899135302023 0.13743941931156844 0.14008306579060267 -0.98055450674504 103.66263318124865
-0.9806598750662423 0.15826475770285742 -0.11514545542191507 -195.2865605155835 0.1391333257688078 0.9774932001247787 0.15858424061149748 28.73707215423427 0.13765219611606502 0.13949663142553123 -0.980608261603663 102.87136506515051
-0.98060372487934 0.1579344425908341 -0.11607345345206402 -195.39332471596614 0.13899611743671914 0.9778821094937753 0.15629030446421463 28.85553431400089 0.1381897756358413 0.1371250953528266 -0.9808671133921241 102.01024775124536
-0.9805328430319904 0.15892022089152108 -0.1153243561759387 -195.51502251355132 0.14001302927705853 0.9776565751767996 0.15679276975111894 28.989369599055607 0.1376651566964808 0.13759354783330555 -0.9808752827074303 101.03011728213723
-0.9806936425329296 0.1593910959789428 -0.11328926700322821 -195.62894525604426 0.14098711621721646 0.9777703999482333 0.15520205554637545 29.11689740487936 0.13550871763931213 0.13623334212922583 -0.9813653060588878 100.08412541124807
-0.9812369754736052 0.15859567633643004 -0.10964218809748559 -195.7329171609544 0.1408147595027235 0.9779306098186775 0.1543467715433496 29.240371349668365 0.13170118249129215 0.13601152093501231 -0.9819142858230265 99.16738447683056
-0.981781367508543 0.15776364935224338 -0.10590551145299508 -195.8326608095159 0.14049029094134025 0.9779623829232702 0.15444110766972702 29.361536285926952 0.12793679910125955 0.13674870577119624 -0.9823095066757884 98.2410578670591
-0.9821554227250803 0.15703213968005236 -0.10349701792431477 -195.931895376105 0.14026283001693612 0.9782004109437211 0.15313489003218966 29.486031469003283 0.12528792490644053 0.13588547802114623 -0.9827706104354194 97.29267504280969
-0.9827141307998886 0.1556278061557642 -0.10026426620369869 -196.02962017487394 0.13942446065590097 0.9784637252696525 0.1522154988897015 29.613510890503893 0.12179391157621045 0.1356050304471543 -0.9832484522339187 96.31378890950383
-0.9832304338675323 0.15447130002775636 -0.0969357074787292 -196.12492352634862 0.13856855450628006 0.9783744150547173 0.15356516424103295 29.74236986323511 0.11856082666170704 0.13755770219827881 -0.9833723653566977 95.31958987423101
-0.9835513443825372 0.15393106364505887 -0.09450915621466098 -196.22521961296877 0.13818864378555754 0.9781870622709318 0.15509342324698405 29.882986577589 0.11632132948008723 0.13948225281683987 -0.9833687250757613 94.25492163179511
-0.9839029032002679 0.15326497680098866 -0.09189626739035374 -196.32709725865587 0.13730617918109833 0.9774923516389268 0.1601740167632823 30.03242228091753 0.114376965481584 0.14497775475426802 -0.9828017910004235 93.16413768522955
-0.9841818514856423 0.15282996166719107 -0.08960516739061893 -196.4254470429905 0.1369530630629457 0.9771702846604359 0.16242565466795816 30.181725341052214 0.11238301350281144 0.14758467939946562 -0.9826437913519772 92.09322411655417
-0.9844810378093601 0.15175227702095417 -0.08813814504948188 -196.5233881210186 0.13620370702539164 0.9774244566326145 0.16152393559152498 30.33448398336898 0.11066000355299811 0.1470125096561159 -0.9829250661257272 90.99970686474366
-0.9844518729484385 0.15197886420612974 -0.0880734618538919 -196.62097369229585 0.1366739824183705 0.977703117576135 0.15942658627658265 30.485590200883376 0.11033916973685037 0.144910450680814 -0.9832732218998288 89.92509003212848
-0.9844180380300237 0.15235143804995882 -0.08780754936354404 -196.71969162919004 0.13699250565474363 0.9775266410668669 0.16023332799065004 30.636491308699284 0.11024599673256644 0.14570760216486275 -0.9831658633596944 88.85073885621998
-0.9844316673857946 0.1527391818392736 -0.08697720723900279 -196.81981617520466 0.1376063393434967 0.9775969816304441 0.15927534925255454 30.79257170302939 0.10935624179949635 0.14482708254366744 -0.9833953063450038 87.74655453539799
-0.9845121468290167 0.15329910907630634 -0.0850600723167698 -196.91597178380215 0.13833019936474727 0.9773265419198498 0.16030466743888883 30.94906356797223 0.1077060290319581 0.14605551552541368 -0.9833957482594566 86.65149711024343
-0.9847077781965534 0.1531059311281653 -0.08312138962136954 -197.00227323060076 0.13847276464960337 0.9773798567676165 0.15985590084574416 31.092986046402395 0.1057160584277806 0.14590130033103363 -0.9836345487792769 85.62785009854196
-0.9852946705599173 0.15085582678203635 -0.08023049103760471 -197.07396978371878 0.1369753195845217 0.9780722430490659 0.1568835529992946 31.21925743535436 0.10213801442629188 0.14358693151841048 -0.9843528935834882 84.6942909637488
-0.985922120952897 0.14936336605814396 -0.07515421675145766 -197.13945862564702 0.13616226274705662 0.9780734735354608 0.15758210104537568 31.336685666671187 0.09704333887158882 0.14513051107900946 -0.9846419273698453 83.80633513546017
-0.9861956575875522 0.14970516144318516 -0.07075655158872624 -197.20708454002522 0.1372358244047845 0.9780778723755323 0.15662057358241976 31.461303605264668 0.09265232568801318 0.14474819586653573 -0.985121061767532 82.87062242676171
-0.9866094891590469 0.14945452409696142 -0.06530743547466915 -197.27445955733745 0.13776821442018444 0.9779759865099901 0.15678931374708244 31.592783551162775 0.08730197590433827 0.14569253596790013 -0.9854704713822959 81.88612755409187
-0.9871490601013849 0.14824202610124057 -0.05967440689570524 -197.33212509647402 0.13750601778388982 0.9782286066074003 0.15543773122429438 31.722372147360264 0.08141761611698002 0.14523462022651015 -0.9860416202541826 80.9220699093726
-0.987512803197139 0.1475707643944882 -0.05514828209253964 -197.38407186484886 0.1373160663229709 0.9778723432457126 0.15782895249199383 31.848920400051906 0.07721891899863398 0.14828536613961998 -0.9859252957184563 79.98971381249808
-0.9878586197341593 0.14630937880197634 -0.05223899971768981 -197.43584144389118 0.13651210287512147 0.9780085544242694 0.1576823174663489 31.98142426920234 0.07416059051502694 0.14863658078523637 -0.9861071816323723 79.03438157120839
-0.987862759120296 0.14677430942773875 -0.05083769502298448 -197.49152618097443 0.1371977839514388 0.9779479476890757 0.15746294703686484 32.125862580025974 0.07282813482476502 0.1485769622206979 -0.9862154678746523 78.01540471172842
-0.9879382209879263 0.1472006611661527 -0.04806284285664215 -197.54507452030796 0.13805660516757481 0.9778780257039094 0.15714623958282914 32.273658961232506 0.07013162824873932 0.14861538344891215 -0.9864051006161301 76.96756636582386
-0.9880678057109564 0.1471490450566435 -0.04548812874209257 -197.59304084818874 0.13842358257756884 0.9779050737116762 0.1566543283645474 32.41733866943657 0.06753460671337704 0.148488468737052 -0.9866054183655183 75.94585881940858
-0.9882404690948782 0.14626186717902492 -0.04458970119258292 -197.6385691939716 0.13763810487890776 0.977917555659177 0.15726730880548076 32.55614289226077 0.06660726182993545 0.14928067705795364 -0.986548910155316 74.95949268420226
-0.9882872349444946 0.1459200766583698 -0.04467295013522595 -197.68419126483525 0.1373989627868862 0.978215808605444 0.15561284272026055 32.69092350254663 0.06640682397808975 0.14765216904064865 -0.9868074638483127 73.99067109678799
-0.9882975334017505 0.14616147427216172 -0.043644116563488905 -197.73052783573922 0.13774739643750808 0.9780636779100549 0.15625970922710566 32.83030578107967 0.06552587463519594 0.14841922177278774 -0.9867512829288122 73.00000223983596
-0.9882385429357581 0.14709014184050986 -0.0418219132698618 -197.77552474443388 0.13884834931628798 0.9776865840207637 0.1576390792853963 32.96953443904709 0.0640758780537219 0.14997811039996542 -0.9866107886357742 71.99881038418478
-0.9882240549899037 0.14731921924665722 -0.041355347657471515 -197.81599610543208 0.13923215132386174 0.9778488235814412 0.15628847128984302 33.101080851987874 0.06346357362333505 0.14869003282312607 -0.9868453014338252 71.05431763914997
-0.9882097469771802 0.14729606410029358 -0.041777571493124464 -197.85541800100322 0.13900411864421305 0.9775285758619517 0.15847945725943546 33.2236562724783 0.06418217025971211 0.15080368985493045 -0.986478026185528 70.16294610863001
-0.9881875507739611 0.1471351585985997 -0.04285568339821821 -197.89414850511875 0.13893630102140617 0.9781568565246407 0.15461522658625204 33.34182435119657 0.0646689164425447 0.14683463194353677 -0.9870448430077315 69.29230385911413
-0.9882304857417301 0.14708385684538264 -0.042033868560421635 -197.9345719150596 0.1391440336750092 0.9784616637774876 0.15248511537338377 33.46727053566493 0.06355662784726655 0.14484167761136083 -0.9874114864044345 68.36621757993338
-0.9882858084796344 0.14708782824069763 -0.04069805328506566 -197.9733777272754 0.13935313558003148 0.9784592069878364 0.15230982852312225 33.59249506393341 0.06222430684043492 0.1448542406840915 -0.9874944985133167 67.42469518991619
-0.988305416744536 0.14743875516116034 -0.03891293756503597 -198.00939279325087 0.13989973806513611 0.9782278543801346 0.1532916442737164 33.70828674202942 0.06066684863019918 0.14605505260469714 -0.9874145305219708 66.54339628908807
-0.9882401147512032 0.14822323184904646 -0.03756792696910964 -198.0449028279507 0.14096796407711698 0.9783203415340469 0.15171467445390252 33.822617795766725 0.05924110650963062 0.14463465311233312 -0.987710133803736 65.66072277562576
-0.9882902724464421 0.14841125528592702 -0.035446250749501744 -198.07790421933865 0.14144327087450664 0.9782017171773608 0.15203684302029763 33.941745265763394 0.057237562073015454 0.14524289936417967 -0.9877390149590269 64.74630719838699
-0.9883688240098496 0.14854736125365878 -0.0325691447533655 -198.1125450256307 0.14194680187731504 0.9779862479110867 0.15295098670355697 34.069688932197856 0.05457264115097556 0.14654890092172143 -0.9876969406029596 63.76840331907137
-0.9881076796290458 0.15069965041272176 -0.03054224653803529 -198.149529587357 0.1444877377502347 0.9779446425784619 0.1508229746819047 34.20671274910511 0.052597595932953746 0.14461635943959675 -0.9880888631517487 62.718898998430056
-0.9881720846189604 0.15055514481646592 -0.02913896959596464 -198.18359489909844 0.14458269535994064 0.9780333535211861 0.150155264984455 34.34036820305182 0.05110553181678433 0.1441662504520056 -0.9882329264137769 61.69294329440313
-0.9881577489695282 0.15070317286752896 -0.028858566131010326 -198.21468499259126 0.1447733768439082 0.9780161324263634 0.15008369022310356 34.467965500320574 0.05084223154711191 0.14412840941824262 -0.9882520271114457 60.721501983792976
-0.9881632244366301 0.1508076644826851 -0.028115657635621523 -198.24466492881697 0.14493599927077253 0.9778463767608842 0.15102986317609 34.59951211152765 0.050269254881969316 0.14516718564773465 -0.9881292882132034 59.74268761272731
-0.9880770313432167 0.15160408973848016 -0.02683244503481309 -198.27613161675882 0.14591129773818487 0.9777031151280514 0.15101825009335054 34.73590626348033 0.04912914943634124 0.14530250735436737 -0.9881667410069013 58.72875874214626
-0.9879155358811968 0.15279881106666704 -0.02598879183771528 -198.30889685521268 0.14717370398522409 0.9773797639331044 0.15188383030900102 34.87998523420122 0.04860858792272122 0.1462235288545482 -0.9880566202346336 57.666598836105834
-0.9877676190600945 0.15361509532133125 -0.026786810668200347 -198.34192670741243 0.14783693884410715 0.9771940383137454 0.15243375937525305 35.022978363189544 0.0495920381670245 0.14660905147188985 -0.9879506140374416 56.60192809955276
-0.9875875071940488 0.15467310743973117 -0.027333961827467737 -198.37147237567345 0.1487738350283223 0.9769612727076704 0.1530131289803885 35.15734374110897 0.05037123827358056 0.1470472762901134 -0.9878460593080532 55.60180544035868
-0.9875762367316959 0.15479167786287903 -0.027068673910248607 -198.39983807318637 0.14892365014455422 0.9769182329096284 0.15314213213987318 35.29048098125228 0.050149008669038445 0.14720836482047742 -0.9878333737308123 54.61213970323288
-0.9874857018888318 0.1554858426483339 -0.026384489782103795 -198.43094435859078 0.14970133756208315 0.9767685765503318 0.15333837548362386 35.43059321387637 0.04961348704987189 0.14746965992966576 -0.9878214420141858 53.568250513558674
-0.9873833683097829 0.15638992154709783 -0.024824915381997895 -198.46195149849765 0.150838102118339 0.9766325704789377 0.1530904609341655 35.57848967777483 0.04818662609654762 0.1474144318518049 -0.9879003159971382 52.46106340687503
-0.9873326000791786 0.15680078748461002 -0.024245615378829053 -198.49293217638171 0.15136979789143554 0.9766793617135631 0.15226492928145977 35.72759537840499 0.04755545297017037 0.14666607462868936 -0.9880422771550912 51.34108998383199
-0.9872297059206776 0.157434175193427 -0.024330808226214768 -198.52751966583423 0.15190996026155165 0.9763564324030741 0.15379037966813794 35.88293735851053 0.047967402692969424 0.14813033918242974 -0.9878038929324955 50.185758490121536
-0.9871328875070405 0.1578304593032822 -0.025655574796330897 -198.56453782483888 0.152163299593219 0.9764987881197906 0.1526317367308628 36.04641922250393 0.04914257480962521 0.14676397009038097 -0.9879500718277185 48.97929390457997
-0.9871054922323039 0.15777269930082488 -0.027028180851756234 -198.60080506747676 0.15189340805657026 0.9765066124624002 0.15285034643782403 36.20799834540192 0.05050880907113303 0.14677401395524417 -0.9878796733578871 47.786622599071606
-0.9870090726364878 0.15825118011341618 -0.027742648142777507 -198.63467605174037 0.15225817083760135 0.9764388800253327 0.15292011963131796 36.357170374720326 0.051288789676213115 0.14670950060435775 -0.9878490686769782 46.65982586749144
-0.9871338060522905 0.15749954277640918 -0.027581569461214483 -198.66512408169464 0.1515385967360978 0.9765518384974681 0.15291357175366913 36.48808585137299 0.05101865000150686 0.1467664837503181 -0.9878545928422845 45.64884091862793
-0.9873949008594934 0.15596352498783228 -0.026957162870815513 -198.691529217713 0.1500746061493722 0.9766658975493225 0.15362726695896808 36.610024395179785 0.05028839175977741 0.14764519442752339 -0.9877610916697814 44.695546240337
-0.9876570769197568 0.15447802354792178 -0.025885104810525302 -198.71738601504296 0.14874634329606812 0.9768133562489402 0.15398114303291938 36.743883490781194 0.049071618746201744 0.14823025094225534 -0.9877346652513659 43.6723024032311
-0.9879015600603085 0.15308520557906433 -0.024807810528681352 -198.74335132584633 0.1473743838424033 0.9765155797656722 0.1571563344634261 36.88769897629419 0.0482835232505197 0.15159895219863512 -0.9872621025213095 42.61059603480767
-0.9881510210268305 0.1514744072637321 -0.024760120915219508 -198.77061768443485 0.14566070584733015 0.9763448606733924 0.1597925899680793 37.03323626763285 0.04837890465577944 0.15429263424010342 -0.9868400400285555 41.55487718353182
-0.9883058417303766 0.1504636079360435 -0.0247440071225949 -198.79690000008497 0.1447092898390763 0.9766362333616183 0.1588738150844753 37.17921895815251 0.048070621338659796 0.1534352318474951 -0.986988776527892 40.50595427456124
-0.9885092850631076 0.14946077109478684 -0.02260246110002298 -198.8185655578469 0.14404152159063127 0.976713314203478 0.15900673544070146 37.31014442369157 0.045841393978392334 0.15392394148216648 -0.9870187368215038 39.55377515786784
-0.9886846612588797 0.14866086146818422 -0.02006461708964694 -198.83783795965866 0.14362543822118132 0.9767102851503292 0.1594012307898894 37.43228091905667 0.04329404216737673 0.1547157624455099 -0.9870099587966266 38.661773252750265
-0.9888046569783878 0.14804584579732225 -0.0186488037152722 -198.85735733779939 0.14319907483936037 0.9766255006110621 0.16030176705619573 37.56035505535948 0.04194490795086665 0.15583664234814357 -0.9868918712800581 37.73307472191647
-0.9889035438306867 0.1476297878712062 -0.016589958776747796 -198.87887637982226 0.14313968548560166 0.9767564870218683 0.15955499208666868 37.69823825860676 0.039759419490162345 0.1554098156288614 -0.9870496328797317 36.72800598485696
-0.9890572030828354 0.14695569204943085 -0.013033556852757944 -198.89509526006984 0.14304839119761822 0.9768611827549452 0.1589949288574264 37.839046344465245 0.03609718556528372 0.15539065030071117 -0.9871933645408035 35.70407913761102
-0.9893631957846099 0.14511776547781494 -0.01006483827947687 -198.90676488204147 0.1416982621598908 0.9770716542328 0.15891061951814917 37.96990579223511 0.03289482220248476 0.15579414827746638 -0.9872416695190546 34.75661765400962
-0.989709149257272 0.1429061318720522 -0.0073237524409947566 -198.9137570898594 0.13995373278120643 0.9773861107508951 0.1585223744202719 38.09197213153261 0.02981195325798208 0.15586605783364768 -0.9873282227599626 33.859065030505946
-0.9901433391017127 0.13996235063296325 -0.005168020685800481 -198.91644269196254 0.1373553948225062 0.9775912410985358 0.15952699094690237 38.21513045955632 0.02737998439858812 0.15724473197126593 -0.9871800396693716 32.95854022377626
-0.9903912050667681 0.1381777003613211 -0.005673098734771916 -198.92247484377026 0.13543353558675292 0.9773892175915676 0.16238249528262058 38.34632957932902 0.02798246531078564 0.16005386736532082 -0.9867115795289622 32.01494237005817
-0.9902556107454931 0.1390679083407782 -0.007344539249952061 -198.93153467834782 0.13611329858714374 0.9776719272939479 0.16009613527209166 38.49180450008342 0.029444784509320372 0.1575364067479448 -0.9870741032030728 30.993302059454845
-0.9904011454730253 0.1379008035247899 -0.009430770537952571 -198.94359682262825 0.1345332252580218 0.9773765410323281 0.1632051112598851 38.64814258728793 0.0317235298697462 0.160369777161704 -0.986547085660747 29.9149303232542
-0.9903044250144697 0.1380733476638853 -0.015260945634244497 -198.96170765702934 0.13380762319444406 0.9776395426183611 0.162223440612048 38.79532259973894 0.037318437424647063 0.1586085602161656 -0.986636031601493 28.89782286850142
-0.9901464832874813 0.13815283521866606 -0.022885273747112366 -198.98478306559824 0.13289598642007375 0.9785480550409373 0.15742414290390588 38.933075195873926 0.04414293178836095 0.15283160045173272 -0.9872658727397067 27.962718886873994
-0.9899617643277753 0.13857650196462448 -0.02778953530179321 -199.01165680870946 0.13251077969597563 0.9784211622222195 0.15853366387010875 39.067676402429306 0.04915891001035285 0.1532598525999702 -0.9869624203320174 27.031582692236366
-0.9898717635560595 0.13864791023060166 -0.030506535416302705 -199.0403183727837 0.1320926450161251 0.9782544704601802 0.15990536000181882 39.190222986341475 0.05201369864817586 0.15425611175364978 -0.9866608470693395 26.1408654576541
-0.9898188691113808 0.13853051720763446 -0.03267877221156165 -199.07118173636732 0.1317056716251425 0.9784980980737696 0.15872960696662836 39.316530497256224 0.05396501100565231 0.15280958042019355 -0.986781135672429 25.224907712924768
-0.989856438309207 0.13819722976085483 -0.03295083040287869 -199.10326661001642 0.13123670925499223 0.9782710798871359 0.160507384254969 39.45195632409364 0.054416520301601476 0.154554909151658 -0.9864844764999562 24.24533184684161
-0.9898442476683204 0.13837715387641622 -0.03255961675146357 -199.13437867503288 0.13142279800545809 0.97808920041645 0.16146072027933245 39.583029704167885 0.054188684449396944 0.1555418892574185 -0.9863418814812038 23.296293944011772
-0.9897490165607324 0.13929571695350565 -0.03152122230299317 -199.1654663648797 0.13255661464183702 0.9781322807610475 0.16026847864717933 39.711214652878226 0.05315663770181087 0.15444722260887322 -0.9865700316230206 22.368841660080705
-0.9897428265033008 0.13973074030781293 -0.0297398318470444 -199.19617417982937 0.1334221867333694 0.978513961188854 0.1571908007670238 39.841818640397555 0.051065227626497726 0.15161051405335627 -0.987120354645742 21.420322634184238
-0.9899804957476489 0.13875335460782892 -0.026193980688633496 -199.221736327602 0.13303219204178096 0.9786903623120985 0.1564212600574697 39.97342785018413 0.04733977101551405 0.15136935390785705 -0.9873430329818107 20.446495601253826
-0.990188140359997 0.1379552721896231 -0.022266332556147152 -199.24175906146777 0.1328175075706034 0.978639139228337 0.15692337255216893 40.092774000950364 0.04343911109986953 0.15242630365360577 -0.9873597447644685 19.551800829865876
-0.9905788569087287 0.13559066330288883 -0.01920156947965971 -199.25604000232238 0.13092219897449794 0.9787885946236401 0.15758256518522568 40.20234712255871 0.04016100174400145 0.1535840455898877 -0.9873191150176148 18.734124873981987
-0.9910580872141922 0.1321297938566214 -0.018589925840537085 -199.26987314173962 0.12755349133396965 0.9790572468170664 0.15867266400831398 40.31588412684317 0.039165987998070834 0.15488261694066005 -0.9871562188193682 17.88197982342852
-0.9912679948367239 0.13001131103284383 -0.02201866062922985 -199.28852408234044 0.12493907742182375 0.979430134411069 0.1584513765812506 40.4300270553736 0.04216621094392724 0.15431678719773498 -0.9871212386751721 17.017029579967446
-0.9912786208652349 0.12904255967736697 -0.026734128140540284 -199.31453585006705 0.12316590317705639 0.9793500487264397 0.1603235552066339 40.54593250100069 0.046870631637538414 0.15563257965936284 -0.9867024090567911 16.136082086280723
-0.9911135088917132 0.128754545086689 -0.03341077089621374 -199.34944257922982 0.12178590530473452 0.979348621334889 0.16138299525833846 40.663247071417835 0.053499586554159144 0.15587990572542232 -0.9863261373549685 15.242457173062787
-0.9906717837254484 0.12953530139013986 -0.04230865897198641 -199.39192979354718 0.12111497325676747 0.9792816223584503 0.16229192020556168 40.779271651511635 0.062454624994910966 0.15565381397435035 -0.9858353361550742 14.370570718258131
-0.9900326718926733 0.13113005001466385 -0.05138305720964631 -199.44041503992898 0.12124701783245408 0.9791891772530249 0.16275047102013276 40.893396193088435 0.07165521091864058 0.15489824122206938 -0.9853284049567025 13.530024324209476
-0.9896145169286168 0.13117274166774565 -0.058794725337491416 -199.49316897145923 0.11998763009923351 0.9790276310917313 0.1646446664246278 41.00950222023169 0.07915855296374488 0.15588011227310059 -0.9845990626089466 12.696135312751615
-0.9893298351573314 0.13046883340432014 -0.0648410423858746 -199.55030550705146 0.11819428689758574 0.9789496856104833 0.16639598429019165 41.13243306478204 0.08518560801181467 0.1569566709421629 -0.9839248018189275 11.830045195883972
-0.9891694815820248 0.12898873088910245 -0.07004030275756114 -199.6130057441929 0.11583071931330126 0.9790853729561182 0.1672575168018973 41.263951765352076 0.09014977077128747 0.1573332125363001 -0.9834222282737445 10.928484844433441
-0.9888647719772017 0.12940174781430888 -0.07349592100982714 -199.6801864645394 0.11559214633062481 0.9789321773683899 0.16831591671454438 41.39469430814439 0.09372789578967682 0.15794612934598987 -0.9829893701233317 10.035725583339687
-0.9883958388694855 0.1314619464255819 -0.07610139517438003 -199.74835146263527 0.11743462680826489 0.9790897807003754 0.166109330726751 41.52425988260001 0.09634715424906759 0.15524483234582448 -0.9831664497418676 9.165863759777869
-0.9882008791233777 0.13341267246489535 -0.07523351198476239 -199.82224855652035 0.11929521988643368 0.9785017653281377 0.1682347935534167 41.66557197771318 0.0960607776984687 0.15727477253357572 -0.9828717988183823 8.21489244458855
-0.9882885948311223 0.1343184178402086 -0.07241695903331116 -199.8978157385409 0.12056153570999385 0.9782070895743056 0.1690437990989594 41.817424863154486 0.09354447837246917 0.1583333588839217 -0.9829445447381876 7.1860872926314965
-0.9884392938010551 0.1354551846402577 -0.06811501614290613 -199.9690241099516 0.1223904172352019 0.9780129150935 0.1688529646743062 41.97124710371408 0.08948937500657929 0.1585642799131732 -0.9832848116881262 6.160798289637199
-0.9888716994368913 0.13494284088653558 -0.0626353873323137 -200.03328807262696 0.122624704301749 0.9777101521039026 0.17042898922386168 42.12623228436534 0.08423742605105372 0.16085175835666154 -0.9833772256290405 5.1337961539955685
-0.9893839593747746 0.13302287206251562 -0.05851748832731565 -200.08605941141636 0.12131898102755378 0.9777119761951335 0.1713505075774143 42.269227671140825 0.08000678580179472 0.16243216157165807 -0.9834707454280629 4.168181795022965
-0.9896286666883681 0.13218737511600087 -0.05622810621520056 -200.13143722791753 0.12099094093003815 0.9780260037502689 0.16978317997121467 42.39728919155143 0.07743574291934245 0.16121921054333352 -0.9838760449722918 3.298088676625036
-0.9897023849931413 0.13204483334534475 -0.05525713642319034 -200.17474779464368 0.12125871049925219 0.9785504265518767 0.1665394482493368 42.521042712864194 0.07606256810645924 0.15812408001925352 -0.9844852772139969 2.4760011707474185
-0.9897580231405552 0.1316234219042019 -0.05526599709705743 -200.21330060019176 0.12080207434687432 0.978521795467869 0.16703878180777382 42.636005082201955 0.07606519875998496 0.15865172737969624 -0.9844001802808895 1.7208186510338623
-0.9899257681158015 0.1308029577788987 -0.05419926066502536 -200.2511356948042 0.12002756369610769 0.9783165066077284 0.1687903932456535 42.75404643733432 0.07510231403572595 0.16058455447251882 -0.9841606796104725 0.9413869964436571
-0.9901446930710672 0.12992108660374885 -0.05228764709667367 -200.29256891567405 0.11934616101732307 0.9781237556611029 0.17038313432332813 42.888863627138356 0.07328015170312184 0.16246362628944197 -0.9839896287559423 0.05544700093981891
-0.9903916701823271 0.12861048498310892 -0.0508299398570668 -200.3378705371817 0.11812127379487611 0.9778680637182834 0.1726887797076756 43.03221634215422 0.07191456257629385 0.16502543171359954 -0.9836640191534941 -0.8891562069523805
-0.9905869752738978 0.12754853080396159 -0.04968718856469808 -200.38391834371203 0.11724652932328948 0.977934783050043 0.1729069445178626 43.17463854737201 0.07064485670844178 0.16545371676275894 -0.9836840813137303 -1.8268777261488822
-0.9906648003740609 0.12711713143088438 -0.049239092158651854 -200.42982432843806 0.11692920737621569 0.9780573461057691 0.17242792172645538 43.31624933667351 0.0700771985898062 0.16506078463801796 -0.9837906909564106 -2.7639013870152374
-0.9909284247702307 0.12520927647336216 -0.04882104123643254 -200.47692695687866 0.11500985521925283 0.9780212922829901 0.17391689119677636 43.467191730588624 0.06952402595390343 0.16672429015030235 -0.9835493993130411 -3.759918629168614
-0.9910277365020717 0.12481474403174192 -0.047804865399606045 -200.52618120703667 0.11473027473959634 0.9778998720855303 0.17478216222851545 43.62464529589147 0.06856376259920899 0.16772930527307778 -0.983445926632906 -4.793400578865057
-0.9910849567134801 0.1243559609155541 -0.047814261063114684 -200.57046884391062 0.11426473168821188 0.9779254838971685 0.17494375963921796 43.76919933945404 0.06851408372344836 0.16792064473808133 -0.9834167363850833 -5.733888561079861
-0.9910475896678008 0.12448543355027142 -0.048249889610718424 -200.61166752650328 0.11429352485203946 0.9778568259511251 0.17530835153432356 43.90063801560284 0.06900482005296465 0.1682242692793965 -0.9833305293922671 -6.584926541143014
-0.9910384033699154 0.1243477839741589 -0.04879048746147244 -200.65810926877705 0.11415597503690654 0.9780993160807074 0.17404063101994266 44.04891860713066 0.06936350920610639 0.1669112234188066 -0.9835290270690829 -7.523056005065589
-0.9910352261907607 0.12392008745816321 -0.04992987455814706 -200.71138215074345 0.11321286222603125 0.9773806125234762 0.1786336644919389 44.210571480457276 0.07093679070567709 0.17137955008573905 -0.9826479641951098 -8.537695903450905
-0.9909931456545545 0.1232222864515239 -0.052429508746055765 -200.76537209552964 0.1122274633861531 0.9778179733628718 0.17685306734809605 44.36850454544327 0.07305875531107868 0.169376146756795 -0.9828398339415338 -9.530492484739888
-0.9909430169827493 0.12267434026598815 -0.054616328450697825 -200.8202012704027 0.11130418371975624 0.9778977048125999 0.17699564290886402 44.5257276453667 0.07512200596102957 0.1693135705209365 -0.9826950692141729 -10.518360803393811
-0.9908448038704301 0.12272424842497805 -0.05626129656785763 -200.87577903447638 0.11087069213664574 0.9774735491060931 0.17959162124963776 44.67644320238457 0.0770341759747811 0.1717096958428869 -0.9821311094173909 -11.476416430311108
-0.9907839845437341 0.12286276989012175 -0.05702486954454035 -200.93152361157962 0.11090444741943661 0.9775363816471071 0.17922841878135445 44.82312716559304 0.07776438461297396 0.17125233525766115 -0.9821534188478744 -12.402864468004188
-0.9907786946951763 0.12296186897097683 -0.056903048400677385 -200.9874336450118 0.1110314672795176 0.9775411779699904 0.17912358484240684 44.97422589572783 0.07765044373268695 0.17115380262267638 -0.9821796090511755 -13.337070912801455
-0.9909254120668985 0.12226342624561763 -0.05584337313175621 -201.0419066897972 0.11038380504230204 0.9772819013936295 0.18092954648931542 45.12786197648287 0.0766957841372878 0.17312348139732212 -0.9819093730505086 -14.285943775612719
-0.9911336593863351 0.12129197455598797 -0.0542432128451561 -201.08961752486354 0.10961497281666396 0.9771515202341873 0.18209740316218928 45.271913432072516 0.07509079148509233 0.1745369972593796 -0.9817831785184686 -15.175695798175344
-0.9913058587724967 0.12071848122273458 -0.05234255108993366 -201.1300609258525 0.10933393039526992 0.9770602372137656 0.18275498493911652 45.40091285662344 0.0732037296020398 0.17544327045244837 -0.9817641635470843 -15.97291064369334
-0.9913250614453917 0.12132214671665306 -0.0505525396627743 -201.1710236186888 0.11020416679605397 0.9768594270297795 0.18330494113316426 45.53265926349622 0.0716216738919248 0.17614368151911788 -0.9817554376166275 -16.779831168988196
-0.9915438524255981 0.12059414757349152 -0.047935793391055276 -201.21439578886185 0.10981234311849168 0.9765346038399825 0.18526040268203442 45.68060449341629 0.0691522813494528 0.17842987158574675 -0.9815196090298276 -17.67729894378679
-0.9917784795456591 0.120027917510412 -0.044370559250673895 -201.2595139727459 0.10985500147350742 0.9764197594413042 0.18583953299509665 45.840519116399584 0.06563022292632974 0.1794373216214896 -0.9815777714720072 -18.643348198484457
-0.99211408172968 0.11908282712937499 -0.039101523199897396 -201.29799106994403 0.10972394139064323 0.9759662628795318 0.18828305926624767 46.007225323380545 0.06058304646829525 0.18250790120931826 -0.981336109840454 -19.62515771987961
-0.9924328422881127 0.11802533674479147 -0.03386847256992094 -201.32682163130713 0.1094649380879274 0.9753834578541584 0.19142762986012704 46.16332373949019 0.05562805836398861 0.1862716565415641 -0.9809222135785894 -20.537892691831654
-0.9926291591107336 0.11755997290216436 -0.029444952952300686 -201.34765584584457 0.10981187463440856 0.9752606116702014 0.19185434973942 46.30135237626398 0.05127089498339126 0.1872068163713635 -0.9809816018823728 -21.349517033473514
-0.9927572274940012 0.11780080990585358 -0.02358084909310356 -201.3639020675036 0.11112364876594699 0.9750021444558266 0.19241193567831505 46.43284191826098 0.04565766029232531 0.18839794980853383 -0.9810308815549984 -22.127230645849252
-0.9930066235310455 0.11676099198787566 -0.017456127104323847 -201.37466128205904 0.11126419886915757 0.9750080780189876 0.19230061322761904 46.56518291978131 0.03947307529797712 0.1890135406464873 -0.9811807977018324 -22.918301048873754
-0.9933177072224999 0.11479776830807642 -0.011891379639210956 -201.3811211467755 0.11038980885999598 0.9751001000192092 0.19233794488445577 46.70148173769193 0.03367525230925985 0.18973999929906157 -0.981256699364598 -23.729388402657182
-0.9935519996880418 0.11319183026507501 -0.006483323001254822 -201.38609767558168 0.10979795612393345 0.9748656721061342 0.19385904719681363 46.84554125696566 0.028263629400751854 0.19189718838558417 -0.9810079695613129 -24.579838455863634
-0.9937095200915361 0.11198046786480381 0.0013283434162954745 -201.38585532257878 0.11011614953067185 0.9748683360562572 0.19366507420657322 46.99269461620642 0.020391745682770256 0.19259310001056304 -0.9810668043188168 -25.45023153283484
-0.9936672766010686 0.1119139991278384 0.010029965674561813 -201.37905361374803 0.11175353498749245 0.9750549532171822 0.19177848060831112 47.13727678785367 0.011682928999958353 0.19168488465668737 -0.9813869849168265 -26.29846993721744
-0.9937173831926038 0.11095628921210599 0.014644597130891342 -201.36624041768087 0.11172339327333937 0.9757315743460623 0.18832359974161456 47.275701564716016 0.006606491984208473 0.1887765788132333 -0.981997839893367 -27.1231238162718
-0.9936867332546138 0.11082132837687372 0.017473103060476152 -201.3505472398033 0.11213281838176929 0.9760702287600397 0.1863146252178806 47.414226905251255 0.003592658561299623 0.18709767958236034 -0.9823347449313616 -27.957769391083524
-0.9936374004092616 0.11084345262523307 0.019961100121111647 -201.3325296418782 0.11261898741164532 0.9758025430435161 0.18742027815627824 47.55862366614115 0.0012962184626978666 0.1884757968544477 -0.9820769795783745 -28.842118462606987
-0.993725854975494 0.10976945635216351 0.021438087726670992 -201.30935809369566 0.11184302413178218 0.9757278030369254 0.18827212309257754 47.71730865790387 -0.0002512096407163056 0.18948857705117703 -0.9818828932519608 -29.81229721256027
-0.9937485762375101 0.10930050106992881 0.022741321241010186 -201.2852987188672 0.11162856134925306 0.9758727488214402 0.1876471220103756 47.88470269612785 -0.0016827112112304898 0.18901264130619286 -0.981973212419484 -30.81666463654847
-0.9938165899874157 0.10840420917477465 0.024023174206988303 -201.2602868486567 0.11099313588024155 0.9757996357194791 0.18840274604473387 48.05016817640748 -0.0030181539486680915 0.18990418205747406 -0.9817979896006248 -31.805542397459487
-0.9939084278998528 0.10739510553152955 0.02474526737615784 -201.23589555890186 0.11014297165255721 0.9757249093418526 0.18928662680013045 48.219277509214365 -0.0038161165063328516 0.1908590909485315 -0.9816100267708735 -32.794597317185485
-0.993798212956776 0.1080100922732312 0.02643732004288055 -201.21192480834196 0.11105817040024031 0.9760258287513702 0.18718884688342582 48.392262210675035 -0.005585222580417734 0.18896402191243664 -0.9819681276453978 -33.79191195613794
-0.9936797319888212 0.10853528739686 0.028647541330948476 -201.18527528482457 0.11196028184718369 0.9766736611391152 0.18323060586542386 48.56042456518394 -0.008092312606825625 0.18527992613014613 -0.9826524632085779 -34.768541850988555
-0.9937039167361081 0.1076379787536713 0.031090052961434234 -201.15661927762048 0.11152361298352403 0.9768563498951007 0.18252165739088638 48.72329733192159 -0.010724253373625536 0.18483976087259865 -0.9827101572641566 -35.72867359003773
-0.9937789082317492 0.1064301452275079 0.032804050673152146 -201.12938116778236 0.11064535788828743 0.9770716546994026 0.18190268376453003 48.87875570863835 -0.012691979021726078 0.18440066640285682 -0.9827692037801646 -36.65737716675189
-0.993840508105324 0.1056315645390957 0.03351144613377593 -201.103505271043 0.10995979701737611 0.9775608400723101 0.17967650652495215 49.02513351586678 -0.013779966939420872 0.1822547023539773 -0.9831547873966826 -37.52425564470171
-0.9940941991959561 0.10258787533208161 0.03538998389095863 -201.0721150316937 0.10737211706946952 0.977121736112397 0.1835874213902185 49.172474727952014 -0.01574647900240384 0.18630308814278707 -0.9823661271376839 -38.394472344116686
-0.9942284750807052 0.10124650679943265 0.03548075816002416 -201.03987638655522 0.10610182670099141 0.9768976211753757 0.18550859848696857 49.314409492215795 -0.015878970665960963 0.18820250424157287 -0.9820018715296803 -39.24002825538071
-0.9941809742325421 0.1019944359757605 0.03466014287365531 -201.00835000674294 0.10660154036657557 0.9778179304851391 0.18030032283173356 49.463261353429786 -0.015501679441565325 0.18294597522695255 -0.9830007467356038 -40.119362961424585
-0.994247813722599 0.101562372270147 0.03400543260560392 -200.97545491359324 0.10604971290841687 0.9779633318638004 0.17983653667119737 49.62046786341487 -0.014991440887270877 0.1824083497779334 -0.9831085650280028 -41.07066037377422
-0.9942520024749218 0.10171678790984669 0.03341632283650207 -200.94847098414598 0.10611925126399276 0.9776361955086764 0.1815658936653163 49.76535694327009 -0.014200707228149463 0.18406836851729558 -0.9828108544504408 -41.944377005940545
-0.9942864776527303 0.10149813931484214 0.03305341241920101 -200.9237223388659 0.10580077618208716 0.9781443864242619 0.17899652249685277 49.89743891971493 -0.01416319583274825 0.18147089855490217 -0.9832943185341222 -42.73778311256267
-0.9943202890304944 0.10092818562594459 0.03377372008782541 -200.89375985643576 0.10532691314064432 0.9787143462376582 0.1761376445761969 50.02990100343203 -0.015277571488265295 0.17869451534628206 -0.9837859858701905 -43.53856328344844
-0.9943504904413139 0.09982296307675616 0.03608986286614521 -200.85847058540602 0.1046654720165244 0.9786643966314376 0.17680819475798218 50.16377116219519 -0.01767034596941201 0.17958667770354025 -0.9835834403164433 -44.37372430785326
-0.9943604729488564 0.09914935977115907 0.03763846827247281 -200.8244686571885 0.10426668239100051 0.9788373123953019 0.17608513510773818 50.28847183996317 -0.0193832087153515 0.1790165364420441 -0.9836551076979144 -45.15829918977172
-0.9943204517453766 0.09919236718934676 0.03857088969995515 -200.79625208658345 0.10448733214342398 0.9787156326413377 0.1766298611362477 50.409944761484525 -0.020229598671799517 0.17965685267986417 -0.9835213157948065 -45.91341304462701
-0.9943279452907673 0.09827914511694644 0.04065890860470047 -200.76271167108106 0.10395622771746654 0.9788341810191823 0.17628598579369614 50.53400216351252 -0.022473093525311825 0.1795128287994578 -0.9834989091828334 -46.68837489819588
-0.9943386561070254 0.09702811089726461 0.04331492429850318 -200.7245160983441 0.10323528362054489 0.9786777610661437 0.17757341076394376 50.66269769970538 -0.025161740541197825 0.18103973511431967 -0.9831538542479903 -47.49808255274434
-0.994313292340026 0.09699010773701199 0.043977217705341354 -200.68523654640956 0.10331747094869835 0.9786723216103026 0.17755558879027145 50.798159445618204 -0.025818150063569786 0.18108949697610344 -0.9831276708608303 -48.33355805558851
-0.9943725684698919 0.09615206446467961 0.04447443730697998 -200.64107924926756 0.10253386190670048 0.9790814838836472 0.17574485790112837 50.934652220292044 -0.026645867167161635 0.17931600155973393 -0.9834306123705646 -49.17470099152902
-0.9943379172122204 0.09546650525074277 0.04667175558381766 -200.5946249867438 0.102253721642136 0.9791098873087362 0.1757498363714778 51.07374968689931 -0.028918554673396418 0.17952708695202194 -0.9833278915225212 -50.02471374805079
-0.9941792648533342 0.09616339997157121 0.048581785080356224 -200.55337726367006 0.1033090891716302 0.9788516206613956 0.17656935414471586 51.213466216381256 -0.03057484963518869 0.18056053066620578 -0.9830885378923548 -50.8583893125696
-0.9941241787846075 0.09582396807091335 0.050347634492367795 -200.51241018190137 0.10331741505494976 0.9787241601636797 0.17726965351762242 51.35056252810211 -0.03228976466615477 0.18142983617652178 -0.982873636660771 -51.69229785709524
-0.9940521459009615 0.09500449190451163 0.05323981355773223 -200.46654154642624 0.10303657770383268 0.9787541492087142 0.1772675352731093 51.49004484282474 -0.03526747630294065 0.1816988220233881 -0.9827216000427279 -52.58332788912156
-0.9940519394326925 0.09437495376100798 0.05435172318071466 -200.4177569639912 0.10259002897861955 0.9789429165874602 0.17648244110221822 51.63123430338668 -0.03655171219343015 0.181008657709624 -0.9828020340688625 -53.490813405782504
-0.9940390935414726 0.0940773330196451 0.055097512858214695 -200.3698704108122 0.10245025228162866 0.9788718412439703 0.17695723841387553 51.76876963850534 -0.037285738810983765 0.18154716696094605 -0.9826751242652774 -54.3733739695083
-0.9941493781138147 0.0926847991527329 0.05546658455264558 -200.32245230622365 0.1011174467970517 0.9791442363356384 0.17621528425179275 51.90151750725619 -0.03797730834542585 0.18079295466558576 -0.9827876838840263 -55.23705514216611
-0.9944265347660454 0.09030958823669882 0.054406297665946506 -200.27456153164576 0.09850970893753297 0.9797685223007083 0.17421102133253283 52.033584458682476 -0.03757265226517981 0.178599610809206 -0.9832041877558114 -56.099581701526205
-0.9947289827571132 0.0876730068244271 0.053176072978035546 -200.22785493381608 0.0956781765040047 0.980114487910058 0.17384267925244584 52.163609334900556 -0.03687732913145752 0.17801414118873948 -0.9833366809658687 -56.97175755619483
-0.9949778212075968 0.0858415089321239 0.05148175064275089 -200.18506793603092 0.09353630875061737 0.980493754657832 0.17286687369849638 52.289271558902946 -0.03563838170140997 0.17681411827464197 -0.983598837600203 -57.823735437622055
-0.9951909364092905 0.08453505898232692 0.049485592768570556 -200.14634749602024 0.091902349235352 0.9806135303189201 0.1730637523009464 52.40950448365019 -0.033896287316247775 0.1767793199396205 -0.9836666680069345 -58.635165542292164
-0.9952576707242153 0.08427328301092887 0.04858171091236235 -200.1144311499565 0.09154951219382056 0.9803017104748784 0.17500640918862662 52.51532398862211 -0.032876369654904015 0.17862410310645 -0.983367974924817 -59.34815469304349
-0.9952215256111172 0.08440053482401265 0.04909852015798536 -200.08448093235847 0.0918277422892985 0.9799553660821327 0.1767912504420941 52.61499914063098 -0.033193082205989495 0.18045506423553195 -0.9830229850239626 -60.005773671376325
