0.9999727697749177 0.0007343520709002652 -0.0073430535688829394 -0.013362558177886962 -0.0007256584666643236 0.9999990327987905 0.0011865164446071205 -0.009891338499963284 0.007343917787480901 -0.0011811555865038404 0.9999723354888429 0.30212346345901486
0.9998706262245036 0.001041758019179601 -0.016051341179117624 -0.02923781481869838 -0.0010111905847996466 0.9999976601984998 0.0019123522498303367 -0.018296356512983274 0.016053295830457205 -0.0018958738765259668 0.9998693401416127 0.5860070829350024
0.9995381991012762 0.0018109101924987914 -0.03033330086971097 -0.05406543620207991 -0.001733980616422249 0.9999952140678725 0.002562255368254821 -0.027156450640912884 0.030337795710953953 -0.002508474760682818 0.9995365554624679 0.9048196605428966
0.9986707358356012 0.0012852906892416183 -0.05152775381698063 -0.08860700918457873 -0.0010416856614457832 0.9999881560527596 0.004754223930877444 -0.03645433932868018 0.05153325408473592 -0.004694228589058943 0.9986602465009766 1.269900646281087
0.9970634191351312 0.002412268950825214 -0.07654227055079384 -0.13595807583607894 -0.0019035847511445479 0.9999756217328494 0.006718058134392217 -0.04588529040215631 0.07655661034592144 -0.00655262531438721 0.9970437044151232 1.646667426037479
0.9945073831881365 0.004650184658785341 -0.10456309371343485 -0.19284813534730114 -0.0038603170084926773 0.9999624775467734 0.007755091947438142 -0.05455757395519586 0.10459523285924315 -0.007308849509907507 0.9944880180182977 2.005058553064072
0.9907154431480747 0.005741419802366888 -0.13583058126418796 -0.26093055310118685 -0.004417902716311388 0.9999398051356971 0.010043318215300384 -0.06324421333263688 0.13588006786686332 -0.009349984162423237 0.9906811722005514 2.3497373792977956
0.984984788655282 0.0077894525471859525 -0.1724653314342473 -0.34663222795030785 -0.005721896802982808 0.9999057235616796 0.012482142667442221 -0.07234666669381773 0.1725463010750611 -0.01130789182869666 0.9849364982412341 2.7213734105429594
0.9771118485574531 0.010963057389976235 -0.21244351433098968 -0.4692827817725604 -0.007872166596761019 0.9998505826171137 0.015389653449365282 -0.08306324626232243 0.21258048923104433 -0.013365021993352951 0.9770521540764375 3.1505734092420794
0.9671378775623508 0.012233508345181152 -0.2539580025471934 -0.608227558034313 -0.008285962768555545 0.9998277438668944 0.01660799250464273 -0.09403188349027175 0.25411743073860554 -0.01395793206762881 0.9670726485260585 3.5894841096985735
0.9540248862105319 0.014282121098092721 -0.2993869361009626 -0.7693119684151517 -0.008953300367795973 0.9997762773258886 0.019163342842850782 -0.10530135919125685 0.2995936496381498 -0.015601804809958058 0.9539393213318998 4.020952718649305
0.9381440428289926 0.018945193111724264 -0.3457265314702268 -0.985614196706663 -0.010875449529971146 0.9996215936761018 0.02526646104962235 -0.11374605091834042 0.3460743843482139 -0.01994364847289753 0.93799508068198 4.469433984734056
0.9189176074860606 0.02276527885605204 -0.39379204249286376 -1.2234036572035725 -0.011757443745745442 0.9994703715536515 0.030343679786279627 -0.11492316214790618 0.39427426135706706 -0.02325335384439915 0.918698584066791 4.949758469770157
0.8952782137904844 0.025868951326941853 -0.4447557950936277 -1.4898594597249482 -0.011374020827644089 0.9993145393419468 0.0352290094950978 -0.11227085776663454 0.4453622700255747 -0.02648110301776882 0.8949587697881002 5.431410434647557
0.8694415684097355 0.029700260064249515 -0.4931422245897588 -1.7959612728890053 -0.011054456100073466 0.999110939000481 0.04068329595681316 -0.1065221747482247 0.49391209554084786 -0.029920329571948994 0.868996902040942 5.9067980415082655
0.8428349100497001 0.03373699607890528 -0.5371137025780359 -2.1521156338629823 -0.01076707745809414 0.9988904762342449 0.04584633607537124 -0.09463005461340317 0.5380644798205195 -0.03285774770273235 0.8422630135363762 6.409442332686785
0.8167114386042611 0.038474089983923675 -0.5757622516741336 -2.5449112116983974 -0.010998345187333503 0.9986314222067469 0.05113041154216611 -0.08025848222860595 0.576941472296887 -0.03542635997728184 0.8160168567883026 6.921288910982218
0.790238185195131 0.04154857374345319 -0.61138966844345 -2.949113147339709 -0.01084413010255394 0.9984907610297697 0.05383869408251958 -0.06287056399824198 0.6127038562811773 -0.03591540279708798 0.7894960850695195 7.41118504229506
0.7646311496484085 0.04266320823946816 -0.6430544733147185 -3.3671711973428198 -0.010361083312667895 0.9984912564164881 0.05392456594551296 -0.04368047236078611 0.6443848639904122 -0.03456966188061138 0.7639195543625774 7.884973090311336
0.7417234334264965 0.042245598649647435 -0.6693740790475411 -3.7867789283031956 -0.009367747600793931 0.9985695330821813 0.05264155112573359 -0.024154878581926567 0.6706404354129705 -0.032774944618844275 0.7410581686982027 8.326342974252354
0.722705129867233 0.04134051006783585 -0.6899190224156154 -4.225883416294843 -0.008531629057715703 0.9986671148100738 0.05090388101653258 -0.005212270358820041 0.6911038319740449 -0.030902362761687424 0.7220945487999041 8.76497658344666
0.7084562504767332 0.04068532853442784 -0.7045810423240859 -4.715657469964569 -0.008196936926359264 0.9987439808897841 0.049429453380071285 0.013858397649721094 0.7057071286202762 -0.029243198841320737 0.7078999109592067 9.237052693981694
0.6980985982593902 0.041807061930462845 -0.7147800477636588 -5.253833838780563 -0.008916351637028098 0.9987240664367008 0.04970651661126587 0.035169388167378135 0.715946119328655 -0.028326819321689227 0.6975806372924612 9.742001188718897
0.6935119684620648 0.043061136711611415 -0.7191570677570913 -5.845723439561302 -0.009316618638574553 0.998664733725044 0.05081289433825582 0.0593815131166865 0.7203848625679311 -0.0285392382342503 0.692987129508184 10.298247474828793
0.6930224551109448 0.04460009113545593 -0.7195350641787439 -6.5025574254002 -0.009617997489024931 0.9985676465371817 0.052632208898124574 0.08628597828355616 0.7208518369514647 -0.02955481618795379 0.6924587655621063 10.921944431785732
0.6937738179919298 0.04541511996846689 -0.7187595956557047 -7.1476789783173205 -0.00981477068563312 0.9985132911433817 0.05361788588149694 0.11290226864367776 0.7201260721188274 -0.030144224791202524 0.6931881173003817 11.536455219930971
0.6947357573675906 0.04548893580077706 -0.717825176595663 -7.738809297047704 -0.010740210549046805 0.9985429345965636 0.05288341559171298 0.1393176429637682 0.7191848686619068 -0.029030406249249567 0.6942120426791517 12.099934523445478
0.6956880944351614 0.048364354986456186 -0.716714004626615 -8.372501030987182 -0.011445728322971088 0.9983505753575718 0.056259434643114746 0.16781010576212224 0.7182527901542272 -0.03093570509864305 0.6950941746164461 12.708332058895513
0.6960075369987032 0.04976270501787421 -0.7163080214756109 -9.046344015339756 -0.012445903868074941 0.9982818027583766 0.057258551836323134 0.19723276373839035 0.71792660343374 -0.03093728286049536 0.6954310006113501 13.356566695719936
0.6955479755180628 0.048533565294903214 -0.7168385500184064 -9.716717386979425 -0.013140198159473468 0.9984082863969219 0.054847323054933325 0.2319829117103296 0.7183594844818684 -0.028729543917852485 0.6950786030091972 14.002918053506649
0.6957784046077921 0.04977409172560553 -0.7165297980365701 -10.375382615082152 -0.012503675478938157 0.9982841659097802 0.05720473925587093 0.2676521035077864 0.7181476657213017 -0.030842566149816175 0.6952069233921223 14.64348295667904
0.6950206162485031 0.04741396460312022 -0.7174247409660238 -11.016874314398926 -0.010682435297156744 0.9983940745177283 0.0556341400941094 0.2992554919298233 0.7189104454420415 -0.031003030956714417 0.6944109615392192 15.268436659205689
0.6940696457131273 0.04254737412711481 -0.718649461041016 -11.659143925632714 -0.009758602403442826 0.9987163271733419 0.049703797807830984 0.33119437859026424 0.7198417163368536 -0.02748488297733035 0.6935938902765335 15.887739147138074
0.6930447776389452 0.04468235501923078 -0.7195084595314513 -12.299649761294523 -0.00891460052207641 0.9985321605915946 0.05342334847062423 0.3634318544325874 0.7208394176825504 -0.03061064217257412 0.6924258245479186 16.503839438844132
0.6920245430705699 0.05061206762789403 -0.7200975283934808 -12.949651631681407 -0.01100959912178259 0.9981630859368189 0.05957552014262454 0.39433118865290623 0.7217900113711385 -0.033299736988692534 0.6913105720306442 17.12271423787826
0.6912285176891989 0.049671739582755975 -0.7209270799602532 -13.60040602079863 -0.011395319944141578 0.9982600148154194 0.05785403619531955 0.4245646225869948 0.7225463881416646 -0.03177516494908511 0.6905918156739872 17.743673193286682
0.6903221461283442 0.04939406173326038 -0.7218140766362551 -14.232838462383366 -0.01136998125080434 0.9982842636882493 0.057439119063285755 0.45693703551624376 0.7234127854075535 -0.03144448342556798 0.6896993449112339 18.34607489017424
0.6891766413468149 0.050262719863721786 -0.7228479895620007 -14.871637091345324 -0.011521554118110495 0.9982252521929251 0.05842601881931174 0.4866011157867596 0.7245017672943448 -0.031937515186253033 0.6885326312609301 18.953731891424013
0.688278603025718 0.04713717126639529 -0.7239134283199684 -15.529989500047424 -0.011799665048014595 0.998482188465131 0.05379672130006955 0.519502613221895 0.7253504894337098 -0.028485196205840144 0.6877901286550959 19.57776084635809
0.6880127717977068 0.04789553045713534 -0.7241163193889969 -16.215917149409986 -0.010909197670426453 0.9983895332339534 0.055671620553709285 0.5559035355399661 0.7256165759196975 -0.03040325790303142 0.6874272519033973 20.22893095100509
0.6872340344459716 0.05144428783670421 -0.7246122184645308 -16.919128551685272 -0.010127583093222476 0.9980708604283252 0.061253486631805035 0.5904958260028055 0.7263654823570603 -0.03475691028899388 0.6864292703748573 20.891445003506664
0.6864594305212764 0.053586181074162485 -0.7251909896339678 -17.57049053464808 -0.01101448472856365 0.9979329012857181 0.06331355034772361 0.6206522893173838 0.727084679645068 -0.03547457863536315 0.6856306752881419 21.49920014222254
0.6855571702507925 0.05077821198219647 -0.7262457845011003 -18.17179476646905 -0.01194520375370707 0.9982148848856771 0.05851799466793853 0.6504772189161876 0.727920791312496 -0.03144227696216636 0.684939927872821 22.05982076843803
0.6839703111169178 0.050809810489285574 -0.7277382610998759 -18.76855215806856 -0.01385869066637329 0.9982965084782718 0.056674666766604966 0.6797229352840503 0.7293781942200099 -0.028678290014134796 0.6835093309372037 22.615675333402024
0.6836077707553041 0.04776070691485911 -0.7282851986948232 -19.356008536717024 -0.012832595180046018 0.9984888596830401 0.05343520927073553 0.704837302605983 0.7297367609377443 -0.027182935158940567 0.6831876373092793 23.166788359737243
0.6824562903803324 0.047779343668352986 -0.7293631098697949 -19.970552639893448 -0.012002433793160615 0.9984592187025483 0.05417684164786246 0.7361477018595008 0.7308278547670157 -0.028219193938136905 0.6819782429008456 23.744928842063427
0.6809496324474394 0.05138014404515255 -0.7305256182144457 -20.597986063915663 -0.011671990886179599 0.9981705074340408 0.059324554087011254 0.7675110790491847 0.7322372311610847 -0.03187034494273877 0.6803035487301092 24.33244898395504
0.6802512488973979 0.04999675591434074 -0.7312718802002262 -21.202686778215874 -0.011772098316529216 0.9982874977659675 0.057301740858280825 0.7953276647084662 0.7328844766228565 -0.030370976313010296 0.6796748838400882 24.89378902435875
0.6793102570887497 0.048714340156100454 -0.7322325366146838 -21.819128019366996 -0.012240495814507835 0.9984076431651167 0.05506676249510492 0.8258864703341409 0.7337491021297633 -0.0284445272879163 0.6788248404346546 25.464830905493468
0.6778988173053236 0.04965495475839283 -0.733476365647856 -22.449175199156368 -0.01183014755524529 0.9983239576532108 0.05665088864661651 0.856410718676067 0.7350600255114317 -0.02972643677893767 0.6773500556223216 26.048262687715006
0.676412615659079 0.049285837826460586 -0.7348720157734876 -23.106981503544787 -0.011247498078087715 0.9983334246075046 0.05660271281869303 0.8874894048401767 0.7364370082798859 -0.030021317446039017 0.6758396654048774 26.652864244316124
0.6746586110944616 0.049115297039715546 -0.7364940231073124 -23.802195025508507 -0.009203020560167674 0.9982659030681827 0.058141991572656496 0.9254459195148805 0.738072532268112 -0.03244802564357706 0.673940696755413 27.291891988373674
0.6726477942774024 0.05082476611665844 -0.7382152721279438 -24.48802268342756 -0.008103291251408084 0.9980844825587414 0.061332718400087485 0.964531954041641 0.7399184289667626 -0.035273344392565624 0.6717711735782672 27.917978149222698
0.6702974532740607 0.04932500818667288 -0.7404514620835689 -25.1263204488333 -0.006768740912788245 0.9981534609351931 0.06036433193162613 0.9994218683021312 0.7420616606999487 -0.035450133857020054 0.6693935910424857 28.495369405723736
0.6685440312965966 0.047004488536167975 -0.742185594225023 -25.692482352748858 -0.006661116758516773 0.9983389621887482 0.05722714477782948 1.0281567029626482 0.743642728560716 -0.03331508116974199 0.6677466567684394 29.00185644770153
0.6679984069281498 0.04518053802115689 -0.7427899079319634 -26.189138983187345 -0.005604198628158262 0.9984323687585381 0.05569019638096546 1.0522220793762216 0.7441416003014427 -0.03303822028095855 0.6672044324653995 29.44611375701775
0.6691468229062582 0.045703915823475265 -0.7417234535006045 -26.6716051981572 -0.00432858273657105 0.9983297471176074 0.05761058402400418 1.0737565139022172 0.7431176170472313 -0.03533932792930377 0.6682270116775815 29.880312961644865
0.6722917993490839 0.04756128052492745 -0.7387568349076726 -27.14006280063548 -0.004922694566326186 0.9981991740312381 0.059784413031832045 1.094119069373983 0.7402698856539958 -0.03655589635316277 0.6713152484754372 30.307156153229144
0.6794075375490601 0.05046987105720299 -0.7320233534778748 -27.59137948888845 -0.007314780251034408 0.9980479705014831 0.06202211353823633 1.1152432839947026 0.7337246703712528 -0.03678370146328534 0.6784504900103303 30.729284784262177
0.6923706812905436 0.05332118461801289 -0.7195691008931681 -28.011175662494228 -0.010652136644618409 0.9979124107872305 0.06369734987990093 1.1354429435908098 0.7214633543529254 -0.036437229144789814 0.6914932802696466 31.14414875482904
0.7130767504803268 0.05555260358006664 -0.6988815752041939 -28.341707698516863 -0.014110964180638971 0.9977910412812923 0.0649147027158529 1.151772230178812 0.700943955401794 -0.036427272396801824 0.7122854941745042 31.51563573113359
0.7415269406625272 0.05712296436560138 -0.6684869207499582 -28.581744279768174 -0.017323686581584577 0.9976668952167408 0.06603526385055299 1.1653191080547256 0.6706994007414184 -0.03738626927998239 0.7407864609416316 31.85332955771391
0.7757058960187376 0.056748957914876684 -0.6285379214155219 -28.765098594715433 -0.01916887598933191 0.9976079974075333 0.06641413781596038 1.176188888416482 0.6308033901899031 -0.03946947281263479 0.7749382192412619 32.17591118474637
0.8121087788642729 0.054234855300299 -0.5809801302644841 -28.933143809990625 -0.019120159288768396 0.997609816784396 0.06640085062841213 1.186568960932969 0.5831927218341753 -0.04281628108512232 0.8112046691641306 32.53109669372802
0.8466121377389272 0.053803077734560945 -0.5294838213386833 -29.11834645528528 -0.021179411439634234 0.9974947865978687 0.06749506086480395 1.2005806011199331 0.5317887933796621 -0.045927982062808806 0.8456307111851142 32.91461462634361
0.8776171584317138 0.05296014977641587 -0.4764276920603018 -29.264539018234533 -0.022625404551852295 0.9973470185438736 0.06918826251982142 1.2140872235853677 0.47882795897390074 -0.04994143707690338 0.8764871011986329 33.2826425751589
0.9053650817294603 0.0501012993560142 -0.4216680312613807 -29.35987117345809 -0.02223452615580325 0.9972462474836551 0.07074989559282749 1.228255059012929 0.42405152355773584 -0.0546788961356037 0.9039859090084067 33.61445899333135
0.9301138857483682 0.04707386441874331 -0.3642419674155621 -29.41434193602144 -0.023699973175832736 0.9973778264329662 0.0683796944371445 1.2393865223730702 0.36650575822153036 -0.05496837844195708 0.9287906150268334 33.89422201904511
0.9515884755685975 0.043915676234493904 -0.3042216076249385 -29.480652310424222 -0.026371187790065337 0.9977560120486593 0.06154267523676204 1.2596287279583755 0.3062416262031934 -0.05054061536649074 0.9506112310396929 34.18731576945783
0.9687168003102704 0.042277107181232905 -0.24454121739498325 -29.542814847718375 -0.028150208234337778 0.9977419680374462 0.0609797588805321 1.2787534004400087 0.24656708331202212 -0.05218823071489351 0.9677195161832027 34.54387853088681
0.9808119964471579 0.040425667236192585 -0.19071862272429277 -29.585823692978916 -0.029484031795716348 0.9977709854033102 0.05986445152490026 1.2984073904999969 0.1927135685270032 -0.05309261827991315 0.9798176638486225 34.979687334114864
0.9889071756419331 0.04164966947042212 -0.14257595518495325 -29.650548390396537 -0.03343534380068945 0.997666208978191 0.05953329528939895 1.318558851052472 0.14472275477210597 -0.054105826821976 0.9879918439719448 35.46559122790576
0.9937780311762029 0.041900647973356964 -0.10319670755874384 -29.69058761446962 -0.035838151671586854 0.9975598140988614 0.05991697739213574 1.3401977661666593 0.1054554485852513 -0.05584579656928694 0.9928546698128713 35.991934598849596
0.9962958633355736 0.040874528721126915 -0.07565596871530829 -29.715373505314503 -0.0363316701344747 0.9975080597827526 0.060478760021086896 1.3649367712104656 0.07793947937769266 -0.05750603072960491 0.9952981934998477 36.55836023369845
0.9975655966856761 0.04251624111583243 -0.05527431185038528 -29.742248973841402 -0.039059679902502656 0.9973004445591083 0.062178490558384356 1.3915757085605294 0.05776869147788763 -0.059868126107182076 0.996533283820138 37.18688231342025
0.9983311238716733 0.043613152180005076 -0.03785313812681479 -29.762517515981564 -0.04118323117190579 0.9971786796689303 0.06275844392566061 1.4192483323176943 0.04048343586413381 -0.06109479331868331 0.9973106425031182 37.86236997014549
0.9988541108266744 0.043637900906785855 -0.019651943647018996 -29.767984623629317 -0.04232814306986796 0.9971315032648103 0.0627462628458166 1.4471496543918039 0.022333687311165137 -0.061842532300262765 0.9978360123836875 38.567611672101194
0.9990020805058295 0.04452232969317151 -0.003550394868046678 -29.76338453135946 -0.04421779156668507 0.99710350961986 0.061881968397285464 1.476051285111528 0.006295240582512924 -0.0616632245544293 0.9980771596843396 39.310435014676344
0.9990135863926127 0.043459063365632905 0.009119430593748206 -29.74881709797103 -0.0439010834991833 0.9974802953736044 0.05572930296517906 1.5054213592452084 -0.006674509013403889 -0.05607468370636499 0.9984042672067572 40.02782824192558
0.9988232308284066 0.04469406921767706 0.018830659422113417 -29.732634874523377 -0.04572624174558644 0.9972391054768321 0.05850877988466237 1.5369344856036475 -0.01616367449963944 -0.05930098384119075 0.9981092770544402 40.77210771238842
0.9985942357853175 0.04624315897225331 0.02590603220501589 -29.713616379205117 -0.04783039328818358 0.9967753431210797 0.06442956482665138 1.5688616919544311 -0.022843067531267608 -0.06557808775895259 0.997585940494172 41.55721630494056
0.9983506716354057 0.04763373169885848 0.032046279808708375 -29.69069182025084 -0.04957818464740724 0.9967876630851746 0.06289958925354058 1.6042921578613887 -0.028947194202623573 -0.06438464355448183 0.9975052268645808 42.32613983713298
0.998198675360364 0.047633084292245845 0.036475934390018686 -29.663164719284914 -0.04991521227036019 0.9966720417389635 0.06444620081813003 1.6394758128458633 -0.03328477268695049 -0.06615081629650274 0.9972543273460813 43.12243182228111
0.9981505172464982 0.04657022276756874 0.03907376705578533 -29.63341265597964 -0.04900361761141008 0.9967574343543314 0.06382211623227228 1.668993340202295 -0.03597485763064787 -0.06561883426844756 0.9971960580586474 43.89568069529081
0.9980559519873903 0.04729844337724538 0.04058539092624888 -29.602709184755852 -0.049524123883992244 0.9972180456604475 0.05570933999502307 1.6999490028779023 -0.037837519158499935 -0.057610994291433584 0.9976218198699762 44.68194188113885
0.9981035436531281 0.04521256618742036 0.04177487290009486 -29.563828980581984 -0.047465116412020926 0.9973793711267399 0.05460268102229745 1.7365719734996345 -0.039196669132263946 -0.05648197862661671 0.9976339044054984 45.56011183833579
0.9979823263116221 0.045727919924157326 0.04404808405657957 -29.524864175833272 -0.048284168451223096 0.9970994777923413 0.05883256294956779 1.7694953936346483 -0.04123003088307693 -0.06084068314582597 0.9972955909998452 46.43689418112798
0.9978921912214604 0.044408593709522486 0.047318616885719866 -29.48189443373637 -0.04719647314752057 0.9971103545664111 0.05952674809598029 1.8042612928545296 -0.044538383689467886 -0.06163454892501019 0.9971045656084127 47.28142329976261
0.9977331042860739 0.04461537959031118 0.05037976295785562 -29.43586508428994 -0.047570173127253514 0.9971203454526046 0.05906009916282222 1.8439209337187916 -0.047599697901565666 -0.061322790123180974 0.9969823389464776 48.152726757253184
0.9975926518301972 0.04471707013193052 0.05300268533964827 -29.388927733803154 -0.04783174439089525 0.9971095819902352 0.05903054914011315 1.883213824232521 -0.050209812217550914 -0.061423652952875184 0.9968480875313971 48.99830140523678
0.9975633436557665 0.04468774183620356 0.05357593791909377 -29.343261646827447 -0.047840483102898144 0.9971059780890821 0.05908431801668886 1.9212032980977256 -0.050780543230759055 -0.06150344859108895 0.9968142566399184 49.82103339408132
0.9976053075949085 0.04630597259407875 0.05137516093003281 -29.301101326323554 -0.049414140946856575 0.996915297666839 0.06097648688078773 1.958619342794149 -0.04839310832085952 -0.06336912639412906 0.9968161620314406 50.668996889549035
0.9975426511223598 0.0490389000972377 0.05003843991402236 -29.26015697541725 -0.05209637539681013 0.996731260755968 0.0617475627238351 1.9972894335959799 -0.04684684474210226 -0.06420264876991014 0.9968366932595518 51.541084767781584
0.9975427047227883 0.04979940965678794 0.04928053421161037 -29.21635950598964 -0.05261227993933108 0.9969564396791107 0.057530908057648725 2.0370638328804938 -0.04626554067480091 -0.05998229889048581 0.9971266838099769 52.40410582559803
0.9975139623193892 0.0498244787322161 0.04983388703420097 -29.170662923500178 -0.05265101793633105 0.9969783831663052 0.05711369196058655 2.0736833175257803 -0.04683764819184047 -0.05959551005036836 0.9971231668623967 53.227911490667864
0.9974088948710597 0.050813508745215306 0.050926258070800895 -29.12648364247786 -0.0537713008320782 0.9968382722795489 0.05849877029092605 2.1077454445099177 -0.047792715333196366 -0.06108556497016543 0.9969876679845928 54.03685246153163
0.9972854970929143 0.05163191862796073 0.052495545210398405 -29.08374509551553 -0.05493326437761097 0.9964674040402288 0.0635220367285815 2.141304766797107 -0.04903033502802879 -0.06623335763890721 0.9965988002114576 54.837388337903725
0.9970847985806421 0.05299622882770122 0.0548935712943226 -29.04134192287282 -0.05657232782215329 0.9962290181704696 0.06578233106150384 2.1768510705660815 -0.0512003531646577 -0.06869601942721562 0.9963229299532712 55.61866593576956
0.9968489886172249 0.05338170508839701 0.05867271473754966 -28.99410614798411 -0.05713060126321561 0.9963008729532454 0.06419240571831461 2.215853486527004 -0.05502897684058676 -0.06734214218790961 0.9962112464700559 56.40432481560226
0.9965746163731282 0.053089111198461436 0.06340804580581749 -28.94007435843572 -0.05704637862871687 0.9964244801170733 0.062321473897602495 2.2555247211755978 -0.059872737419498515 -0.06572519833045659 0.9960398855559545 57.20988996421753
0.9962826143332076 0.052891648614240144 0.06799577842969068 -28.882108328089252 -0.057265848293244895 0.9963005118233818 0.0640773966365889 2.292117159155165 -0.06435506970431142 -0.0677330321729022 0.9956257637064335 58.04578780138768
0.9960652388012607 0.053874916788832806 0.07036713290156538 -28.821777462395726 -0.05831012757195002 0.9963354542135681 0.06257468896915142 2.329297249448814 -0.0667380631598866 -0.06643158900733483 0.9955565653982845 58.939421000753704
0.9958977279741167 0.056781734428966175 0.07045246660858272 -28.764156745579697 -0.06090727891163671 0.9964649885899801 0.05786043458142197 2.366542039710744 -0.06691800050490955 -0.061914143372974635 0.9958356390784661 59.82819832371542
0.9956064013731395 0.05969845755813511 0.07213867000443938 -28.706521154526843 -0.06368615449493327 0.9964914796787638 0.0543028972825148 2.4013658748863507 -0.06864377080607696 -0.05865854663054129 0.9959152612731249 60.65301932209505
0.995287416259164 0.05923679895206321 0.07677213482816347 -28.643502337414354 -0.06391621505228262 0.9961499947534618 0.05999921171205928 2.4353597340713242 -0.07292240046481667 -0.06462344468218154 0.9952417464655807 61.45941249481019
0.9952035251663531 0.0575641214247041 0.07909687364914572 -28.580982684576647 -0.06261528740918461 0.9960513214560553 0.06293719733441372 2.4660495440522547 -0.07516162105178459 -0.0675879941280079 0.994878180367135 62.237495350801595
0.995221969354568 0.05699804561716834 0.07927455146414618 -28.515017706034264 -0.06185820392326673 0.9962638115162439 0.06026591466586593 2.4988186754351838 -0.07554332744462461 -0.06488174364911183 0.9950294292228982 63.021053941543265
0.9952249912427045 0.05890494297341767 0.07782945778598326 -28.449426246484972 -0.06344808762639675 0.9963417473139479 0.05724912869155333 2.530150221820408 -0.07417248130212901 -0.06191389385822338 0.9953216127286694 63.871919254146775
0.9954656953624907 0.05931632895668795 0.07436143137122644 -28.38426394245168 -0.0633731005992294 0.996558306668218 0.05343586371542777 2.5642510774693252 -0.07093588285850437 -0.05790608370176476 0.9957986673988926 64.81830777548977
0.9955503574483321 0.062256183881507894 0.07073650650840108 -28.32092402913299 -0.0660663136319264 0.9964138888723575 0.05286401673495037 2.598228011121068 -0.06719172558871364 -0.05730209098084501 0.9960932398032002 65.83853207455148
0.9957804185027657 0.06377140670713886 0.06598913405290807 -28.25932080505797 -0.06762191763140292 0.9960317854781768 0.05786154658326108 2.6302595208881265 -0.06203736279301066 -0.06207970685939006 0.9961412929971041 66.90270553461156
0.9960825097796723 0.0633245070531875 0.06172228542028365 -28.198671329013642 -0.06697811368072135 0.9960060821415889 0.05904080474328694 2.6665777740659213 -0.05773704182588857 -0.06294355521761824 0.9963455940875957 67.97296703647572
0.9962872070004538 0.06352597074313888 0.05810552648741637 -28.14429108349823 -0.0669946510758088 0.9959575764603682 0.05983496150596862 2.702590080201089 -0.05406956532531501 -0.0635055661523615 0.996515692386829 68.98242766905268
0.9964850399292834 0.06502363993991199 0.05281563637884599 -28.09461510148137 -0.06806609392174184 0.9959929829949158 0.05800848802655095 2.7425831735793698 -0.048832080186843534 -0.061399544573673796 0.9969180126122574 70.00467621355018
0.9967382939539821 0.06520308385890347 0.04755345645688938 -28.052341125849804 -0.06781773701566896 0.9961463997104348 0.05561568924334699 2.7817581672151355 -0.0437438899937117 -0.05865925501766762 0.9973191885695332 70.98538471315173
0.9968933163450576 0.06551511083280664 0.043720545274750826 -28.01898515019713 -0.06810823215931246 0.9958282946779369 0.06072294649443354 2.8162840090297108 -0.03955988547366633 -0.0635120285567835 0.9971966895702745 71.9258340230021
0.9970224394777464 0.0667129860260104 0.0386734104177599 -27.992415113352205 -0.06898522771881922 0.99576650718679 0.06074620582064246 2.8515104185922486 -0.03445712603264741 -0.06323322434064645 0.9974037626784138 72.84789669442716
0.9972071932136672 0.06800434399896133 0.03087430971202818 -27.97013349125647 -0.06965816944128156 0.9959926909894925 0.05609187931955768 2.889929348652118 -0.026936095355729647 -0.05808587343563864 0.9979481339599808 73.76952053874034
0.997315420606511 0.06996081886983546 0.0216202600244195 -27.955523897140807 -0.07116102880755938 0.9956038194105488 0.06090273191062778 2.928375567331748 -0.017264408461082792 -0.06227775363795767 0.9979095257598761 74.74136661762309
0.9972953342303815 0.0725890242418094 0.011526052313660797 -27.9523242002575 -0.07320592056549594 0.9950128598186679 0.06775176742812622 2.9660321912949175 -0.006550535586768637 -0.0684122968120395 0.9976356289389579 75.70299229707287
0.9973260777869353 0.07306626723338523 -0.0014195628590851575 -27.958241295578027 -0.07283932910070626 0.9954286615887763 0.061775495333806656 3.0049971478692727 0.005926778407395802 -0.06150691245833816 0.9980890606642044 76.5857503159941
0.9972553003064341 0.07290675426863717 -0.012902371593630356 -27.969577975735135 -0.07196742200466431 0.9954522111184122 0.06241462608609764 3.0504874376880373 0.017394142138379576 -0.06131476625966499 0.9979669048910362 77.47036837958902
0.9969512615306327 0.07510556461567805 -0.02115032614982206 -27.99402394296681 -0.07345850572015523 0.994831033889478 0.07010750279217763 3.087252794662314 0.026306464411729714 -0.06834009199696367 0.9973151967938737 78.34028054435751
0.9966186360207734 0.07570104926042773 -0.03194754258104203 -28.02536776999576 -0.07336827881064757 0.9949308629058313 0.06877262320009254 3.1202915322117133 0.03699175584451681 -0.06619614171784556 0.997120695212577 79.16137638600615
0.9961852606868288 0.07596318540332532 -0.04294788532278338 -28.065992940882825 -0.073173044075843 0.9953159995715057 0.06318042907142922 3.1604749748537633 0.04754610405694398 -0.059796784699138815 0.9970775860125697 79.98553691143957
0.9955782930876339 0.07772551098442064 -0.05275042440519383 -28.118048135951863 -0.07435814869179198 0.9952364495532436 0.06304978353479088 3.203114292929829 0.05739972174015141 -0.05884857196963505 0.9966153307677392 80.84351516772261
0.9949063085379974 0.08146913311811163 -0.05936512090682877 -28.177158810366574 -0.07741606578544738 0.9947014407787306 0.06764463371932282 3.2434927541577694 0.06456152096723233 -0.062704258720612 0.9959417583115483 81.69025065808684
0.9942060941922929 0.08600522131180978 -0.06447747031340725 -28.243469685515905 -0.08100153154073801 0.9937684541013946 0.07657030443311441 3.2799218000957744 0.07066112197640673 -0.07090388945630269 0.9949772079304159 82.51850006091968
0.9936377845702813 0.08776830174781566 -0.07057392069717859 -28.311447157014584 -0.08261868612596111 0.9939151220015473 0.07284835591466655 3.3121288815543526 0.0765382634836153 -0.06655415437787761 0.9948429216504284 83.30958230273124
0.993384800904798 0.08793340865417965 -0.07385359147526974 -28.37678668034248 -0.08280486340805887 0.9941147246553934 0.06985176317964206 3.348221665630434 0.07956124639114091 -0.0632742433047532 0.994819771720939 84.07218377292462
0.9929653077034999 0.09030017258491946 -0.07658835765592202 -28.443861582636345 -0.08459313469486941 0.993607855122958 0.07474912575041476 3.3806988526110286 0.08284865273372574 -0.06774443939608162 0.9942569042612273 84.83687387164447
0.9925301214222871 0.08986137382593011 -0.08251600792319155 -28.516441155704925 -0.08404217314301385 0.993895006228093 0.0714816740728649 3.4150145814936166 0.08843568964430362 -0.06401289002205746 0.9940228763505206 85.6364785233964
0.9917040396059776 0.0914780509400983 -0.09030428575317077 -28.602791604495753 -0.08548973444384513 0.9940091653315184 0.0680976103961042 3.4541585060430338 0.09599272438008276 -0.05981258590915054 0.993583338946941 86.48903379625666
0.9907971813232763 0.09399433641274256 -0.09739615086944202 -28.692962455534687 -0.08725879801214846 0.9936338860533361 0.0712572989666454 3.4863535502570313 0.10347389840597566 -0.062102859908984544 0.9926914863842626 87.30640400111815
0.9901482821054032 0.09510623669646218 -0.10276761739555655 -28.78284764746554 -0.08802832305286627 0.99355927054647 0.07135117554509986 3.5173979984059747 0.10889166076529169 -0.06160178286871192 0.9921430474297416 88.10311800583945
0.989450435275176 0.09707188906801127 -0.10754015290363259 -28.883422530504312 -0.08973828844965298 0.9934268701063634 0.07106400873017622 3.5537802747424068 0.11373159508200001 -0.06066384510928546 0.9916577142223331 88.97700260472858
0.9887638996139402 0.09867672649920319 -0.11228915561014595 -28.988046948136972 -0.090998664244099 0.993275590384334 0.07157405013301638 3.591813080155365 0.11859677030184267 -0.060551673751063524 0.9910944964431588 89.8809545482712
0.9879754810017615 0.0990778684967606 -0.11869298594896367 -29.09506354231385 -0.09154834903733221 0.9935234770978106 0.06730527649461039 3.628395857800977 0.12459273144080775 -0.055629816012780026 0.9906472504592666 90.75750686345546
0.9871267329686346 0.10005151246896146 -0.12478184127246837 -29.197791751072447 -0.09212773871594943 0.9934399903241052 0.06774559309599852 3.6655864268794227 0.13074132023870713 -0.05537761711663013 0.9898686916479003 91.55758685299121
0.986377598106604 0.10365225734628525 -0.12773192044461942 -29.29539176685903 -0.09431053582848996 0.9925491580894804 0.0771472073869693 3.6959417658916864 0.13477669229208147 -0.06404981126345638 0.9888037544891926 92.2722935823286
0.9856900816935575 0.10516569586437306 -0.13173928519737096 -29.386783854417484 -0.09513578562329503 0.9922234734335833 0.08026058223832457 3.7233935235475975 0.13915547112776658 -0.06657893946856308 0.98802985768369 92.92097159850171
0.9850648586207971 0.10509854230109152 -0.1363873920733842 -29.4718720957413 -0.0951284475803161 0.9924291985015787 0.07768438982494658 3.7516510409411192 0.14351934633126148 -0.0635498416024846 0.9876049892851637 93.49921602962584
0.9846103520906904 0.10540431209578481 -0.13940009163363373 -29.556752876013412 -0.09527010513472778 0.9924305735425467 0.07749299171945169 3.7792441684396088 0.14651300837628442 -0.06301974047572298 0.9871992963363098 94.07348403188682
0.9841245537949418 0.105879170735814 -0.14243757868697185 -29.651345639651737 -0.09538012333927491 0.9923298585122755 0.07863894694610914 3.808165393164667 0.14967128879546618 -0.06380480475093238 0.986674947589631 94.6877285258458
0.9835565213999609 0.10585139477498468 -0.14632857354530232 -29.746609646270656 -0.09500089949933545 0.9923161217548732 0.07926880596859087 3.835769178492196 0.1535949162763207 -0.06406400494473698 0.9860549705592039 95.28493847191125
0.9829259081841398 0.10687703547138717 -0.14977969925606083 -29.840445509195423 -0.09608722866501909 0.9923487725819137 0.07753165832514435 3.8611845511786647 0.1569200545114126 -0.06181595946046969 0.9856748366718705 95.84850770689035
0.9825797374469116 0.10672631920168087 -0.15213991043911954 -29.94383983883769 -0.09623612272870982 0.9925482976568855 0.07474279564322271 3.891663026745427 0.15898323257786426 -0.05879940142621159 0.9855287728681561 96.47955692807953
0.9820315962740267 0.10622764064166873 -0.15597958931602346 -30.045581153523102 -0.09527259836697359 0.9925361427908612 0.07612579887426692 3.9204761125435383 0.1629020439402047 -0.059897359019780536 0.984822436006898 97.08166527566905
0.9811646624222 0.1092702546250923 -0.15929820045468715 -30.138152791865817 -0.0976594495387391 0.9920793463568184 0.07900128130618589 3.9453588503911234 0.16666894470693952 -0.06195629093478834 0.9840644698818674 97.57966425135749
0.980632261403279 0.11079146227482625 -0.16151043242497026 -30.228924886968834 -0.09805910158453397 0.9915608291998245 0.08480291618211835 3.970759309715629 0.16954285738871272 -0.06732290756914093 0.9832206495110388 98.07586976421327
0.979769899777217 0.10896393795637849 -0.16786245475264783 -30.31119214123317 -0.0954200455513605 0.9916487207241786 0.08676306583493403 3.9953604903826334 0.17591463383562705 -0.06899039723859621 0.9819849116413853 98.52755472590565
0.9776602250201194 0.10807461806852717 -0.18027856595545516 -30.3991418866861 -0.09313588297134653 0.991632579112404 0.08938979441765338 4.021887045255666 0.18843086720800623 -0.07060244310379543 0.9795453554129158 98.9512748011542
0.9741980067609756 0.10916162677348233 -0.19753982601772527 -30.49850366952065 -0.09284930779260119 0.9915985958228035 0.09006237174691714 4.046976531423151 0.20571156910922941 -0.06939714693279568 0.9761489570409878 99.35627179356825
0.9699235789045874 0.10932585068027774 -0.21747668715969196 -30.60350286130861 -0.0922001445431431 0.9918952392820992 0.08742406782878147 4.070102016005214 0.2252718012338532 -0.06474328276000127 0.9721424396179377 99.7622687407219
0.9647282601497782 0.11202665526083122 -0.23822135206453854 -30.727331099029414 -0.09355834779868816 0.9917610148129222 0.08750385736882142 4.096762644999167 0.2460614143370835 -0.06212984796628927 0.9672609070804637 100.15890881916337
0.9590239469818959 0.11302721027767638 -0.2598036159334891 -30.8492950299326 -0.09201919214490588 0.9915269773940976 0.09168817468312992 4.122179312527388 0.2679655526224763 -0.0640242363216554 0.9612987879796591 100.53495841087806
0.9520374064189492 0.11359533593018109 -0.28411419611486155 -30.97947092239439 -0.08933358691094923 0.9912686718190896 0.09698417664569059 4.148789226288477 0.2926504519537067 -0.0669516237661787 0.9538727341979983 100.91032234991492
0.9434293434283624 0.11696338283682634 -0.3102589902544307 -31.12896040037489 -0.08876196397825947 0.9906548931845245 0.10355769580422906 4.175440433313581 0.3194720452700913 -0.07016017164264264 0.9449947950153067 101.26954190873981
0.9332838822888347 0.12040366175607428 -0.3383550698535685 -31.297962622244313 -0.08774759737792823 0.9900211941651119 0.11026510897961951 4.206435602666738 0.34825501319332874 -0.0732188045492087 0.9345359556732427 101.66391969969844
0.9206803956477533 0.12396392312410041 -0.37010884187436344 -31.533667096105404 -0.08576160512805522 0.989301391023846 0.11801569727855495 4.251338518388793 0.38077888092140844 -0.07691361051183411 0.9214617411277993 102.15793570561144
0.907186079333842 0.12555013525683623 -0.401560183534033 -31.796871408579676 -0.08308841330438328 0.9891028819329677 0.12153931267889517 4.29946314884112 0.41244361194890183 -0.07689377405803673 0.9077321270472126 102.70534497451442
0.892354063940677 0.12668769761428064 -0.4331910108044197 -32.0645418432285 -0.08014613513720603 0.9890221344369983 0.12414432977890355 4.346068908181997 0.4441630574362653 -0.07606211190124193 0.892711450325352 103.19510644138387
0.8743388832420768 0.12868888409415863 -0.467943039655044 -32.36416529356872 -0.07587686521419573 0.9885934291434695 0.13009893612025888 4.398574309606104 0.47934770112755176 -0.07824450757054224 0.8741301839307326 103.69621644494602
0.853834982686215 0.13032635835980633 -0.5039651403201477 -32.683875966323875 -0.07096871829258738 0.9882560229618229 0.13532728514083467 4.456339578604683 0.5156832975433101 -0.07978141009253184 0.8530566588676903 104.19523046631221
0.8301178030842835 0.13346542290186483 -0.5413791775568703 -33.03621208404261 -0.06543533565594298 0.9875395045353642 0.14312212907039096 4.523644728809025 0.5537351802532696 -0.08338289915608564 0.8285074787098828 104.68441867430134
0.804024745293933 0.1371497114691333 -0.578562153617884 -33.425927027060965 -0.058831371084709774 0.9866094171114455 0.15212076729791735 4.6015347457145115 0.5916781884870557 -0.08827125642556262 0.8013270908672256 105.18853941698292
0.7746108697944415 0.14220597081698597 -0.6162430220783855 -33.87062255372854 -0.05300367815271994 0.9855617968217236 0.16080595370762432 4.69719254503684 0.6302131468785668 -0.0918988928634849 0.7709643201808251 105.70018570967082
0.7432697729062928 0.14720060563306103 -0.6525963732546268 -34.35669420307056 -0.04587160032286891 0.9844103691113922 0.16979994543518492 4.8052577453738845 0.6674172914808628 -0.09627152687702036 0.7384347988449068 106.21328848966907
0.7099649286734846 0.15191083803990896 -0.6876575436506684 -34.8396192861881 -0.03819819469526042 0.9833268127036537 0.17778998098907792 4.906267972445052 0.7032003256367855 -0.09995737443573766 0.7039302702116416 106.66120476489958
0.6776118854787274 0.1551583996798897 -0.7188657758349218 -35.286988606375374 -0.030429294387223776 0.9825687134412713 0.1833924246239761 4.997978568396232 0.7347898956171511 -0.1023943083141865 0.6705215991478556 107.04594491642642
0.6507423142318237 0.15646597165354334 -0.7430025842369105 -35.728186858901516 -0.021779531965558794 0.9819817498335511 0.18771652825789867 5.090198780278081 0.7589862267891134 -0.10597283948422745 0.6424248320512499 107.40618031314914
0.6309638349834893 0.15714601475566178 -0.7597300632391386 -36.1910609036321 -0.016008666066710163 0.9816992595492345 0.18976376474777604 5.187577761632265 0.7756470599142993 -0.10757180786292499 0.621932427679573 107.76163303587448
0.6181426037361446 0.15700541854673516 -0.7702266030158061 -36.66904697455298 -0.012218898386189784 0.9816506160563983 0.19029652261226915 5.288696395468697 0.7859710045342204 -0.10821906737289143 0.6087185010235946 108.12287684122681
0.6097222440123001 0.15644690147561305 -0.7770219766359822 -37.184465097077286 -0.008537921167370737 0.9815664086180625 0.19093058784484576 5.39941718341471 0.7925691698891325 -0.10978047408951389 0.5998186046213762 108.51016909737343
0.6040677313945149 0.15662710439770355 -0.7813898681553779 -37.74166328921562 -0.006576270507788885 0.9814426423844148 0.19164313808666902 5.519425276546124 0.7969058467310277 -0.11062680451630419 0.5938878526863611 108.92514675461192
0.6007972589380182 0.15636417473335354 -0.7839597556715046 -38.32014663708527 -0.004646202463527676 0.9813499045135475 0.19217382161449373 5.642765312170225 0.7993879323927999 -0.11181506951752353 0.5903188323046773 109.35463681245064
0.5996302544879221 0.1554254752226342 -0.7850391579753025 -38.91654629091102 -0.0021580749044511223 0.9812695528662425 0.1926276390614582 5.771335779420499 0.8002742658710578 -0.11381118692599136 0.5887343315240234 109.79986837266179
0.5996428560313223 0.1541817878899811 -0.7852747426815991 -39.514533721435676 -0.00014541065505676814 0.9812860071870159 0.19255583853704744 5.901594568029408 0.8002677202451342 -0.11535054565112794 0.5884435636079682 110.24712366637654
0.5999069056258407 0.1519400408053625 -0.7855099799381909 -40.148657447917145 0.0022998483755230187 0.9814702501046885 0.19160077989635108 6.039529402935728 0.800066506785456 -0.11674918483443528 0.588441341648099 110.72170019745164
0.5999960695564533 0.15359805487741543 -0.7851193247237553 -40.79096427026381 0.0019262157940347633 0.9811153272528053 0.1934140747782739 6.177003440052097 0.8000006288807067 -0.11755999390734669 0.5883694771340373 111.19886983474767
0.6003741528276483 0.15444133310318542 -0.7846647381180053 -41.409220852271815 0.0029430407840267893 0.9807419270920708 0.19528597224243963 6.3097874704141965 0.7997138332725217 -0.11955395047024692 0.5883575764783938 111.66199441953253
0.6008043818094845 0.15237229898394408 -0.784739942465575 -42.07076568292776 0.0046023993811327634 0.9809903915917368 0.1940017255712621 6.455244254480572 0.7993828323891271 -0.12016877342736872 0.5886820476067709 112.15958090041737
0.6017507039668517 0.15224822851878697 -0.7840386260818359 -42.77170672707167 0.004817282308670838 0.9809534297129722 0.19418332195509352 6.609391436442 0.7986694460579802 -0.12062688608783755 0.5895559941907073 112.68643734060606
0.6025232830464006 0.15051138965856128 -0.7837805910904142 -43.50011861756853 0.003137422358467356 0.9816022489265653 0.1909114493246903 6.771026079207511 0.7980951384189329 -0.11748764396887836 0.5909659918698442 113.23490080755877
0.6036467534313337 0.14959079801390412 -0.7830920700794878 -44.282266742020475 0.002292105794222532 0.9819095035685631 0.18933692997607746 6.951064708034602 0.7972486082288528 -0.11608755295595341 0.5923836060576443 113.82587560874212
0.6047586526663304 0.15234330028665516 -0.7817023032350474 -45.08348679474715 0.0006182565356565597 0.9814438876517072 0.19174856753039685 7.133542473071736 0.7964085570761184 -0.11644489790829413 0.5934424959227849 114.42933292757833
0.6055809849918787 0.15482277739802042 -0.7805777208036573 -45.88869052413895 -0.0006391448295850265 0.9809861501959866 0.19407669777060851 7.316332087978208 0.7957834266370196 -0.11703025558555494 0.5941655132767513 115.03796047283552
0.6059754206870646 0.1560189139758196 -0.7800332608324752 -46.74603791159225 -0.001657035701640819 0.9808231560923288 0.19489276719716075 7.50944806458631 0.7954816426265428 -0.11680768362949853 0.5946132535432511 115.68825386107517
0.6062988398346549 0.15816394292883879 -0.7793496545019815 -47.604829449640576 -0.004304429932234549 0.9806603529463557 0.1956699875864657 7.703543228291374 0.7952252440020463 -0.11527983048362012 0.5952540398733603 116.33662563150386
0.6074114237940722 0.16069387255539186 -0.7779645503283636 -48.363575483776295 -0.007488399963719346 0.9804411291034253 0.196670069477753 7.875556386732024 0.7943521172064978 -0.11363393720870682 0.5967344821643915 116.91108617747437
0.6087072559737242 0.1600134775447654 -0.7770914769375439 -49.01758290682343 -0.0077672845085018285 0.9806059807995553 0.19583559357661842 8.020964926749654 0.7933568842685534 -0.11317065619750273 0.5981448459692033 117.41049821685584
0.6096698242191766 0.1588699117602831 -0.7765713467375949 -49.660270503071686 -0.006418138628710274 0.9806658425820268 0.19558454102874934 8.16446015861103 0.7926294928483957 -0.11425785019053944 0.5989020209823419 117.90541388977992
0.6102572894948101 0.1581423784773299 -0.7762583518056241 -50.33149529760246 -0.006550470555183628 0.9808464837616291 0.19467220301818733 8.312823279443839 0.7921762000678618 -0.11371527347714389 0.599604623584628 118.42072551541837
0.6111204118243585 0.15785701947173078 -0.7756371597951787 -51.007360372367145 -0.007368013165460238 0.9810039319809598 0.19384787287945787 8.464348463097831 0.7915033509933006 -0.11274948710037874 0.6006746195112456 118.94022639487382
0.6115802048933199 0.15855340879961666 -0.7751325496588761 -51.65340399410705 -0.008700751283006769 0.9810026246402703 0.19379924503468232 8.609754146907209 0.7911345965825032 -0.11177954646053657 0.6013413199534178 119.43738107841331
0.6120615249216985 0.15768833969788307 -0.7749290788413179 -52.26454518931816 -0.009311379968500153 0.9812870706048366 0.1923252018505671 8.748491460486177 0.7907553274645774 -0.11049919722379987 0.60207635686787 119.90850033842312
0.6135295729162966 0.15789015395641312 -0.7737261546831479 -52.88561784739045 -0.01025196293744673 0.9813173356870908 0.19212283553997353 8.891723264285078 0.7896051927470334 -0.10994082937476267 0.6036858898660061 120.38942897912072
0.6157651621999084 0.1629063618534913 -0.7709051707496736 -53.57195124648629 -0.0117866837780717 0.9801882739456647 0.1977170243174202 9.049903124008823 0.7878415698009595 -0.11266084007799233 0.605485917265202 120.92544789501592
0.6180077700832816 0.16287043601723863 -0.7691161272449355 -54.25454723008624 -0.013635296486605194 0.9803786000132718 0.19665167003038717 9.20817875780115 0.7860537353173868 -0.11104513365101824 0.6081023791155677 121.46535723050084
0.6204777048170973 0.16050024623224032 -0.7676243148730377 -54.90353343424637 -0.014739661532334424 0.9810467269992096 0.19320989059065077 9.360203534770227 0.7840855566855083 -0.10856790687643048 0.6110833407921131 121.98203815609055
0.6230330788027493 0.16252838436430253 -0.7651237200567632 -55.55584637614539 -0.015931964387114174 0.9806084341040621 0.19532862430977158 9.509950320075818 0.7820332187499065 -0.10950627032234152 0.6135408882313823 122.50289291824132
0.6254742831935927 0.15974432842159111 -0.7637170095006396 -56.20169554893783 -0.015558536275569522 0.9811761088640556 0.19248733813774258 9.658512528303755 0.7800896442156041 -0.10851356104896169 0.6161858113069856 123.02438902079685
0.6276039009314098 0.16181965135750073 -0.7615298707012207 -56.89171128336173 -0.01716589750148173 0.9807987425421857 0.19426569071927513 9.817442979306609 0.7783435459349877 -0.10884956160777769 0.6183308963970235 123.58169372176957
0.6295712245552962 0.16251709611315512 -0.7597553992456363 -57.578086382421645 -0.01665250036919367 0.9804761326636652 0.1959317419622401 9.97601122679933 0.7767642933627957 -0.11070115964998459 0.6199858754913273 124.1393480654388
0.63116227577431 0.15958589833522363 -0.7590563369684344 -58.243408483881105 -0.01487555549434388 0.9809161983974836 0.19386110896764316 10.132505500532586 0.77550815565546 -0.11106643405624143 0.6214912290112385 124.68360055799072
0.6331092696664526 0.16051369154315973 -0.7572370880309565 -58.90841329292322 -0.017544226827012354 0.9809878656378676 0.19327443590993768 10.289093306362807 0.7738635879581478 -0.10907869772989442 0.6238885997789146 125.2274104962918
0.6355098696436371 0.16035874730528957 -0.7552564317820867 -59.557463585386834 -0.01839279991079634 0.9810606279437828 0.1928256964462811 10.441744094185031 0.7718736363531102 -0.10865135278140932 0.6264231581301881 125.7616190845262
0.637162702907518 0.16033825775167154 -0.7538669200361219 -60.20805266091888 -0.018926355582750496 0.9810815387249341 0.19266760868779245 10.593016106601764 0.7704969066050465 -0.10849266092356487 0.6281431838663705 126.29963644990598
0.6382861901770837 0.15928801533076106 -0.7531388103140185 -60.871091955334954 -0.019425768156708097 0.9813788826481161 0.1910971695862037 10.745519217593257 0.769554013023615 -0.10734438440982257 0.6294948801816647 126.84956229163429
0.6395962740616752 0.1594873661305324 -0.7519842992052242 -61.563957356178314 -0.01944434296533649 0.981284179074376 0.19158099442527088 10.905336614446515 0.7684650439239731 -0.10791264959713884 0.6307268317773185 127.42605883511669
0.6406526826171643 0.15757465166949502 -0.7514881033034869 -62.24108056422698 -0.018690800347067816 0.9816261553315008 0.18989666966927993 11.060651673642559 0.7676032791994976 -0.10761189674164716 0.6318266260944102 127.99378491084582
0.6425235454405955 0.1544985762192563 -0.7505289358183826 -62.85595920557934 -0.018477625792623596 0.9823018519000798 0.18639111861551438 11.203421233987822 0.7660431260050048 -0.1058926895488904 0.6340068354525722 128.51172480186202
0.6436661299814536 0.15636026523322874 -0.7491631201353264 -63.44707117054529 -0.020897844799989657 0.98213209294336 0.18702896057405693 11.336160640681111 0.7650210410161404 -0.1047283126326926 0.6354327559511646 129.00910637775092
0.6442391427259826 0.15555049546958163 -0.7488390817384353 -64.0084969590475 -0.0209872791901579 0.9823264663023796 0.18599528949431895 11.458695416423968 0.7645361084290855 -0.10410935097794458 0.6361177422042741 129.48437959335635
0.6454167299072341 0.15589299950287364 -0.7477530457723683 -64.56454409126864 -0.0221193253962347 0.9823553696110444 0.18571123617154972 11.579995647219246 0.7635103013056685 -0.10332134582140666 0.6374768382441693 129.95549789152926
0.6471664311707863 0.15599385335123525 -0.7462181504642629 -65.14128225915671 -0.02297218112395899 0.9823868346484989 0.18544105803114982 11.706569451702107 0.7620025520036536 -0.10286896920810278 0.639351300862041 130.44791559875088
0.6483311873354228 0.15792574637270784 -0.7447993892054882 -65.73630139006981 -0.02504562161214792 0.9821450851037954 0.1864503919130264 11.835570765991518 0.7609463768008274 -0.10222764028912737 0.6407106376474581 130.9550521316604
0.6491738440258793 0.15990977187806274 -0.7436411668880184 -66.33290650162083 -0.026595372475842732 0.9818258771393577 0.18791123740320478 11.963069753486975 0.7601749840632349 -0.10220964649894043 0.6416285387722592 131.46391990302453
0.6502097865612364 0.15982938970911398 -0.742752852330577 -66.9148110435984 -0.025769817381811683 0.9816989125781255 0.1886880005592182 12.087352874908788 0.759317555422041 -0.10354617920589658 0.6424290145998687 131.96219445865464
0.6506292971259752 0.1606938514680233 -0.7421987630154988 -67.48856464484469 -0.02644250203871841 0.9815560403811735 0.18933709007261623 12.209613616742516 0.7589349852308145 -0.10356266552965171 0.6428782641380085 132.44952294505853
0.6500732222658142 0.15973326502022184 -0.7428930540386853 -68.0311505963913 -0.025851896204864878 0.9817392167804263 0.18846694590290788 12.325938302193617 0.7594316856410187 -0.10331212068937662 0.642331783864933 132.91104850009148
0.6458471969773337 0.1579734244864017 -0.7469443053618955 -68.54910607643603 -0.023136604596928723 0.9819591704533858 0.18767228109186873 12.438017934386423 0.7631160433933043 -0.10392586164443948 0.6378505464426693 133.3473449551548
0.638218250299519 0.1577694944204433 -0.7535159265834682 -69.06000871339876 -0.020624569720316312 0.9819284663504991 0.18812526171253569 12.545684285340135 0.7695791655888804 -0.10452403360412367 0.6299385956509165 133.7652678813084
0.6273237909607596 0.1580082309521806 -0.7625603322006645 -69.55817943407368 -0.017127638572017944 0.9817624971746313 0.1893384354492769 12.64856316551325 0.7785701672242346 -0.10571564734132809 0.6185892794218419 134.15898122033815
0.612181259651976 0.1572743903319781 -0.7749186224866639 -70.05584670543385 -0.012085804063305611 0.9817662371380617 0.18970764074205407 12.749430572588116 0.7906250936259663 -0.10676994783869426 0.6029196792006847 134.5324506863737
0.5921451114775015 0.15940105077192662 -0.7899085212643976 -70.60844485844139 -0.009204006949759893 0.981514403254027 0.19116684456505956 12.861130472989974 0.80577878677052 -0.10592818896638687 0.5826660841107303 134.92196937332392
0.5659962037343604 0.16398614137297945 -0.8079336871277851 -71.16964541605681 -0.00537062508403052 0.9807296176143345 0.19529611752477227 12.974452945822032 0.8243903527725831 -0.1061977521967584 0.5559699485438526 135.28875184415736
0.5341393896211267 0.1678774674356087 -0.8285603589253957 -71.68865824252566 -0.0003724836707017777 0.9801316453525561 0.19834772253395772 13.078598580236752 0.8453963411980738 -0.10563670624313777 0.5235894504122607 135.59504771911278
0.4989217631123685 0.17075576382525678 -0.8496584863421909 -72.24377550518656 0.006528092440472212 0.9796291024552138 0.2007092564678637 13.189572120487746 0.8666224427638248 -0.10568486525159212 0.48764356958214483 135.89390391227127
0.4597882825736765 0.17298841426551131 -0.8710165002672781 -72.8226929063753 0.014334256402621325 0.9792693346108745 0.20205469404139273 13.299902674971303 0.8879128697689528 -0.10538775460498616 0.4477769052530334 136.1718380485368
0.41804844168058725 0.17321086768329402 -0.8917586532940611 -73.39090441185328 0.021935158366352663 0.9794429415749657 0.2005252428658874 13.407229070401176 0.9081598698664679 -0.10339013258227561 0.40565518762705566 136.411359970794
0.37404329056548974 0.17596364819801705 -0.9105648858240634 -74.00971688838561 0.02825644504474598 0.9792169365584338 0.20083765700324036 13.524552430408255 0.9269806848561506 -0.10085130475091772 0.361297417972592 136.63496015843606
0.32810428643581496 0.18247223402324883 -0.9268502905178451 -74.68004599665649 0.03286616208382524 0.9783670650185317 0.20424911622062342 13.648063796489941 0.9440695909795676 -0.09747702240831299 0.31500926572099947 136.83129636638628
0.2817287620166411 0.18387214086196252 -0.9417111767773672 -75.33141317127341 0.04083280377021156 0.9782796295713959 0.203228070162361 13.766715575248195 0.958624841525003 -0.0957079003034378 0.2681014938986198 136.99863347732853
0.2305537083806169 0.1822163384947396 -0.9558463231804161 -75.97066997189279 0.05039175234012478 0.9787562086084579 0.19873840948968585 13.884398605660747 0.9717539085838759 -0.09398664849843857 0.21647367289347894 137.12630749320894
0.17691013826535237 0.18248004904114812 -0.9671627756902551 -76.59291682549694 0.056990099434556116 0.9791143524615742 0.19515945626639092 13.993872141014819 0.9825756619952358 -0.08964438914786665 0.162815699331888 137.20436741714795
0.12879174479147432 0.18278765383968246 -0.9746801321856092 -77.2054595359378 0.06353945683228791 0.9793251395484639 0.19205470177488865 14.098068300182554 0.9896339848140968 -0.08666570632128989 0.11451476519997675 137.25131350163088
0.0831105690232768 0.183183965207247 -0.9795592213886721 -77.84352087011261 0.06932710809089836 0.9795156336137291 0.1890578630738478 14.205436364096565 0.9941259404121704 -0.0836227146010405 0.06870848712038814 137.28202510810726
0.040377320020034524 0.18636770506104272 -0.9816500142812021 -78.41785128441283 0.0731189806770429 0.9792659776314666 0.18892262892051973 14.296923996207795 0.9965055377130384 -0.07940543787279573 0.02591311913837236 137.26899499961792
0.004663118923414747 0.18762827345823443 -0.9822290396445182 -78.92671560334769 0.07808994486973703 0.9791718806929789 0.1874150169287898 14.37558642901081 0.9969354120664734 -0.0775761500672675 -0.010085886604224457 137.2469910563626
-0.02498547154607831 0.18830396714799785 -0.9817929222437644 -79.52297704700652 0.08139181242529171 0.9792222303576132 0.18573959309632965 14.46962278271541 0.9963689573053487 -0.07526911404945456 -0.03979273034693757 137.20730524744127
-0.046919536953747835 0.1882751127881978 -0.98099492300248 -80.23803812417009 0.08343847241781727 0.9793830771189271 0.1839750243202735 14.585999809166806 0.9954077447823221 -0.07322069487279907 -0.061661588284098144 137.15366317768024
-0.061512940532480256 0.18712882582226031 -0.9804075482642074 -80.96732529386264 0.0849438857475708 0.9796854890597728 0.18166144004664236 14.705072394936405 0.9944851403722194 -0.07210509740717659 -0.07615878482979266 137.09257571388207
-0.06970888415324498 0.1858015012959631 -0.98011145977704 -81.65567212705905 0.08729486014408744 0.9798686482316075 0.17954676161153382 14.817776379912393 0.9937405490682846 -0.07304268840158497 -0.0845250661551683 137.0325089756165
-0.07483586999441316 0.18442516874375078 -0.9799933416590251 -82.39949303882914 0.08840990774120311 0.9801061876072146 0.17769510186621812 14.935247298946116 0.9932689871204946 -0.07334315338116304 -0.08965211139028609 136.96517004585618
-0.07746710511826777 0.18406938613521984 -0.9798557591362124 -83.21745787004183 0.08696220864666483 0.9803109142126248 0.17727968226196678 15.064253647330492 0.9931950573235306 -0.07147707718851817 -0.09194892900245091 136.88718185241814
-0.07684588946130437 0.18514207102891056 -0.979702568542122 -84.01983280342415 0.08820056377095516 0.9800182008224476 0.17828344456853124 15.190671449689216 0.9931341147213647 -0.07270996899917366 -0.09164000537294216 136.8155269245428
-0.07610589819725003 0.18341326547874898 -0.9800854382685299 -84.7582161750178 0.0867658319454803 0.9804258630866529 0.17673940533339658 15.305881220208096 0.9933174631840521 -0.07158701723927328 -0.09053019549512653 136.74767876988182
-0.0748951177841772 0.17774498308140257 -0.9812224224514495 -85.49691020159347 0.0861183809932691 0.981462669031295 0.17121522640544296 15.424302224055477 0.9934658251732642 -0.07167810186773176 -0.08881387237052 136.68146556014193
-0.07445233320990634 0.1785150685528167 -0.9811163133794021 -86.29292585810146 0.08520988829827181 0.9813875240445534 0.17209823527828363 15.55026852470396 0.9935774378556508 -0.07078769631289504 -0.08827783999915574 136.60935816760596
-0.07576778866513172 0.1809106558103386 -0.9805766552468369 -87.08625373391615 0.08307004718057992 0.9811301047048623 0.1745940574683024 15.674420768204557 0.9936592018706487 -0.06822794336708338 -0.08936631513991286 136.53422312602515
-0.07705574218182716 0.18366723053218362 -0.9799636529103772 -87.88447154635385 0.08343278477544985 0.9806263994173318 0.1772310220881662 15.802329249612178 0.9935297595046781 -0.06810442859638728 -0.09088676352549177 136.4608000475108
-0.07829679590066144 0.18771682917821678 -0.9790975455974605 -88.70129703266562 0.08329889033548435 0.9799100705076201 0.18121133680493248 15.931381273831382 0.9934439624964105 -0.06736947202576252 -0.09236042235938081 136.38353161996068
-0.07938393977349392 0.18567254937706215 -0.9793997623615527 -89.49424551987005 0.08188255952740447 0.9803947660239126 0.17922429857070568 16.05957086657725 0.993475433290266 -0.06596822841901162 -0.09303094263726498 136.30507499033527
-0.07950271448532045 0.19017252311592509 -0.9785263051350197 -90.25088393833668 0.08183958564694037 0.979564885466004 0.1837251136429489 16.185943830241893 0.9934694764362945 -0.0654755421031427 -0.09344170790229164 136.23191884497166
-0.08004157660055423 0.19274631191034375 -0.9779786323127225 -91.00763686640911 0.08236385918674455 0.9790503508888712 0.18621655437755058 16.3087125979994 0.9933828772005113 -0.06564502775794767 -0.09424006374942077 136.1588572519953
-0.08030392236192828 0.1897326679825881 -0.978546266026039 -91.7682202567672 0.08169050382144494 0.9796670519371025 0.18324608845557366 16.433762344354175 0.9934173048818358 -0.06522255782379696 -0.0941704641181826 136.08528769279383
-0.080202087404796 0.18844157061871958 -0.9788040660104905 -92.49346246553236 0.08132903324552755 0.9799304174259205 0.18199441022957827 16.55503852114228 0.9934551894913346 -0.06500885682900738 -0.09391823575070297 136.0155627765938
-0.07992048564614258 0.1912667593953799 -0.978278969785449 -93.22544187392792 0.08179977255515318 0.9793666059600722 0.18479677578403964 16.676087784354987 0.9934392347718164 -0.06525394915743712 -0.09391703218984843 135.94533620780192
-0.07890462734157151 0.19349155645229968 -0.9779238607201275 -94.05301563343532 0.08245087405671783 0.978888013675812 0.18702970365455168 16.814947714978334 0.9934666140094358 -0.06587316800862714 -0.09319234188030978 135.86494761972384
-0.07785811749389969 0.19634896463551257 -0.9774380786663027 -94.96564231316668 0.08473595627447607 0.9781698034199736 0.18974628689801254 16.97366250770797 0.993356900240069 -0.06805086159553865 -0.09279627676555234 135.77964827745024
-0.07647771110766938 0.20403773854076074 -0.9759711885885305 -95.91236258092977 0.08558112191435588 0.976568891685856 0.19745650499120423 17.13857172144474 0.9933916806957939 -0.06842368773044602 -0.09214753215227593 135.69141720479786
-0.07398187152186415 0.20133092786130383 -0.9767254169789141 -96.7889181610872 0.08539660705793217 0.9770909008774797 0.1949379155665481 17.291061203891736 0.9935965490022182 -0.0689871648130585 -0.08947999162908273 135.61088036899014
-0.07176269636308466 0.19563856407743127 -0.9780468637322168 -97.5828939741826 0.08401898836897899 0.9782755995270546 0.18951955298448211 17.43053155989662 0.9938767151936678 -0.06857407393254016 -0.08664104904802193 135.53658569590868
-0.07031500790748145 0.19876326529388894 -0.9775218483659007 -98.36783382372373 0.08351708773504225 0.9776797773035067 0.19278783443989736 17.564106817914336 0.994022482501895 -0.06808389986978755 -0.08534569033813585 135.46698526323502
-0.06777529766912004 0.19980391476743625 -0.9774890816113877 -99.15455323450934 0.08243362181161876 0.9775134284600734 0.19409326411613223 17.69498096514075 0.9942892974486265 -0.06742323652749722 -0.08272182393586516 135.39847313795553
-0.059834223014485245 0.20024959797639855 -0.9779161335546871 -99.95191958554916 0.08081084840007541 0.9774275298651726 0.19520509891529453 17.829964629555647 0.994931893416386 -0.06734628699461288 -0.07466595670669887 135.33631383838332
-0.046706042056998825 0.19995866839020823 -0.9786904906920214 -100.79254646177583 0.07819751288276769 0.9774849248051407 0.1959805366806626 17.9730307778636 0.9958432078466575 -0.0673776870655709 -0.061290722555497563 135.28261101180112
-0.029155685759520114 0.2029900010985152 -0.9787466502838832 -101.6525348069342 0.07555125187062932 0.9768095153852853 0.20033766244405343 18.120846459937567 0.9967155834683606 -0.06810455276111632 -0.04381569997769775 135.24725837594247
-0.00516041074572984 0.20317919116695385 -0.9791279724518562 -102.45794817953947 0.0704918790025266 0.9767790997417558 0.20232025430584286 18.259807954004465 0.9974990050900453 -0.06797651494766632 -0.01936306432208588 135.2319489840823
0.023908599684966416 0.20388063947747115 -0.9787037670855093 -103.2103181558558 0.0648723687852409 0.9766038679142965 0.2050279516139928 18.391535338203614 0.9976071143638149 -0.06839276292924283 0.010123010896397317 135.248864930714
0.054490537813617554 0.19876630651840835 -0.9785309073717694 -103.97245393236518 0.059189538787158845 0.9776206313390632 0.20187743726919447 18.5266285501453 0.9967584360249722 -0.06891920322554786 0.0415061879701 135.2895625069953
0.08308916385725604 0.18993254628395767 -0.9782749198009729 -104.75162339039129 0.052909617030603213 0.979444043905472 0.1946533772729699 18.668393494551548 0.9951365550893905 -0.06793373771691516 0.07133192836754139 135.3467514540374
0.11229982730371732 0.18941484334455952 -0.9754541331648131 -105.55710537422436 0.047152765805924736 0.9795420994235113 0.19563714405458338 18.80658275126733 0.9925549684850756 -0.06796537778706348 0.1010709748535867 135.4390687024904
0.1370347425457938 0.18609554378128468 -0.9729285317638505 -106.3894112206174 0.04437262134524173 0.9800551530777958 0.19370845980651533 18.953930084678532 0.9895719022943015 -0.06971617825446695 0.12604405848444802 135.55226527157097
0.1542421316465715 0.19055714467131207 -0.9694830268962136 -107.2181208429477 0.04011275327223911 0.9792085645288591 0.19885058254441704 19.099419770731956 0.9872184823280229 -0.06955977119032432 0.1433914445910454 135.67844589393113
0.16730245991497983 0.19326259958420616 -0.9667778723721171 -108.06395560405785 0.036413170518497295 0.9787184994660489 0.201950934178871 19.24485178553662 0.9852329510928824 -0.06899033559044875 0.15670470853145763 135.8209820203039
0.17626449127462487 0.19023443059526746 -0.9657855302973835 -108.94018717466118 0.03390416101708627 0.9793920334334613 0.19910236742138349 19.403871115746302 0.9837587798751419 -0.06783882563227771 0.16618229976567128 135.97363691019135
0.1835483468432548 0.1961948289539829 -0.9632328864105667 -109.85652315977936 0.03338320583580073 0.9780710929100254 0.20557844921565854 19.575134153075943 0.9824436706189499 -0.06988938621499009 0.1729737198399176 136.14524979196455
0.18691841038156035 0.2009127579306742 -0.9616109252505022 -110.8316277509899 0.033831888032767744 0.9769657674544018 0.2106971584392444 19.75855868963809 0.9817927027700764 -0.07191629108153605 0.1758156303191103 136.3312819931945
0.18392270816158568 0.19781188596409335 -0.9628306679753418 -111.80396016818396 0.032799986212002384 0.9777603143648844 0.2071447043918262 19.943013408579702 0.9823933012429407 -0.06967944764715961 0.17334409781871796 136.50553889609012
0.18042834706462252 0.1966143694865864 -0.9637366866976302 -112.83974040072657 0.03230363669822044 0.9781042160015032 0.2055933308649779 20.140957002174968 0.9830575194929337 -0.06822706465530454 0.1701263677885429 136.6868727293792
0.17725201216294453 0.19826064004082739 -0.9639888188121244 -113.92413326618903 0.03302014707353436 0.9777491920799541 0.20716222453488292 20.344947001258124 0.9836114039962285 -0.06855097371737831 0.16676141619382157 136.87563617684583
0.1717749106170399 0.19781552712293093 -0.9650711876911416 -114.97512374903576 0.03425418706005 0.9778405062625646 0.20652988883217052 20.54163426890373 0.9845405175772936 -0.06853438218332987 0.1611924554915193 137.0483658504777
0.16560424186573244 0.19573649485616487 -0.9665725320210089 -115.97688728133164 0.035466175292791995 0.9782894985462376 0.2041857180222311 20.728073134720397 0.9855543544047578 -0.0680946518867363 0.15506686589418936 137.2037902881844
0.16306831055299262 0.1952282042853048 -0.9671063407634828 -116.97269061458186 0.03580053883982682 0.9784104878031936 0.2035466501210399 20.91355305641809 0.9859650336153776 -0.06781493646870453 0.152558470363248 137.35856805305855
0.1631160587513475 0.19622650802578748 -0.9668962244860811 -118.01350700543586 0.03576537558754996 0.9782015592070394 0.20455450978651307 21.107586329455113 0.9859584115400153 -0.06794753205911827 0.152542268242497 137.52162015475417
0.162754379841566 0.19739514860576554 -0.9667192804270021 -119.08082951611382 0.035859241555928144 0.9779524116209194 0.20572602023046085 21.310475088876824 0.9860147699894878 -0.06814863103348663 0.1520875979521016 137.68837500855778
0.16270144523607694 0.19948360595945316 -0.9662994001196062 -120.1099524981669 0.035070217435390794 0.9775608528706883 0.2077134054021775 21.50901338804381 0.9860518848250978 -0.06768360132372334 0.15205463013247658 137.84865193916693
0.16342754975781895 0.1989392207251173 -0.9662890987884754 -121.08999844646561 0.034106236421451455 0.9777328008683625 0.20706360072034286 21.69658744493418 0.9859656183748606 -0.06679638136450762 0.15300340786821326 138.0024011083375
0.1634744427986627 0.19868243647315179 -0.9663339981542426 -122.05330247723109 0.03381405032248077 0.9778068537585481 0.2067616181586907 21.884853332091556 0.9859679084800159 -0.06647590676255306 0.1531281726777933 138.15692525658937
0.16400315342994443 0.20021826282735314 -0.9659273331340386 -123.03311807266276 0.034638215161202565 0.9774130165586622 0.20848018877616317 22.0780479279244 0.9858514896856838 -0.06764940718214392 0.15336361365207649 138.3148700145417
0.16660638686305962 0.20080881424650066 -0.9653590689361942 -123.99346356899301 0.033901907411595246 0.9772972082484582 0.20914307883271613 22.269928301448605 0.9854404966969308 -0.06757208647575318 0.15601615492961113 138.46897323676248
0.16920037688106987 0.20123530341908366 -0.9648189390352668 -124.89111753155238 0.033775291144883236 0.9771746171324864 0.20973554143267908 22.45323374009859 0.9850027726719269 -0.06807437322377768 0.15854153253582087 138.61458701107452
0.17042334760121994 0.20389688674392936 -0.9640445747829981 -125.85407770529753 0.03284923060950486 0.9766376062611234 0.21236740353667433 22.647675670788036 0.9848232382721068 -0.0678604863869876 0.15974399439904885 138.76981342306388
0.17226257114687643 0.20504231143605725 -0.9634745752238774 -126.83412483295464 0.03236496342459501 0.9763898578005183 0.21357751456277033 22.844847822120126 0.9845192307539723 -0.06797423118538992 0.16155924043632544 138.9351205159957
0.1738635866237423 0.2061063950755311 -0.962959815960823 -127.72976667298838 0.03190283473668214 0.9761606368332342 0.21469191934747084 23.02554105480356 0.9842528447416821 -0.06804825498355013 0.16314341118047193 139.08882885728212
0.17407910195712087 0.20747467088700328 -0.9626269927662202 -128.67182097775168 0.031599026059991216 0.975872235279067 0.21604370382748858 23.215596597283128 0.9842245515195521 -0.06802676937624985 0.1633229648101191 139.24806706783022
0.17388326753144687 0.20473881940580704 -0.9632479561882851 -129.66369700861932 0.03137502797235431 0.9765004355577724 0.21321938695910597 23.418902537349847 0.9842663343284288 -0.06729721527522156 0.16337340029478004 139.41408867281433
0.17408434351349522 0.20500016279319713 -0.963156048934046 -130.63955212144108 0.03170599728671009 0.9764167827070528 0.213553263107978 23.616007949314916 0.9842201842471691 -0.06771410268749804 0.16347914000781766 139.57996434445914
0.17420700645809684 0.20638536742960556 -0.9628379920899776 -131.59072005630594 0.032915230013738014 0.9760224462623524 0.21516684694719698 23.807664949898733 0.9841587811598553 -0.06917560627130565 0.16323672675885526 139.74424818540817
0.17467871093508183 0.20777465707473505 -0.9624536559354632 -132.46172324594386 0.033527702603252274 0.975659967495662 0.21671068498003052 23.981835862035705 0.9840544909222287 -0.07012360304378712 0.16346081852220912 139.89419445007547
0.17441829476094822 0.20731267446611865 -0.962600495251479 -133.2847008810371 0.034242742792308455 0.9757169238108043 0.21634213448896916 24.146150167777584 0.9840760605861435 -0.07069610735315457 0.16308392743114716 140.03559867653956
0.17175454626757086 0.20637698564644602 -0.9632802892366852 -134.14986371805202 0.035033291411101765 0.9759127511908495 0.21532991096458035 24.31912175950037 0.9845166551812753 -0.07073077023895682 0.16038738669882197 140.1794633266542
0.1684932115435962 0.20530625700270672 -0.9640847361613335 -135.02888045800694 0.03374568495908042 0.9762935587435764 0.2138039192869201 24.49316064426399 0.9851250003986133 -0.06855820878161925 0.157570636853088 140.31812744343847
0.16764356199320773 0.20578903754444014 -0.964129922857271 -135.89072477286263 0.032489876858814125 0.9762859532774528 0.21403304729605827 24.66213648519052 0.9853121556257839 -0.06720572490250233 0.1569819942426514 140.45451247070108
0.1685076745918584 0.20811924963351658 -0.9634788744625546 -136.86399127944955 0.031491838275109624 0.9758204971864878 0.21629290647816626 24.85317976806893 0.9851971517040126 -0.06678873559740926 0.15787918504856785 140.60842786562205
0.16957833666994673 0.20909094527851788 -0.9630805596287336 -137.88229629739095 0.031650896775772326 0.9755745313383861 0.2173765271071842 25.056406173129023 0.9850083291351114 -0.06734471327748773 0.15881839039616488 140.77243460605146
0.1718069896271604 0.2097204360080532 -0.9625485426906268 -138.81491761069827 0.03145556639409479 0.9754109860504623 0.2181374695802955 25.24203659370777 0.9846283083773693 -0.0677550515656208 0.1609855500635378 140.92608179581845
0.17616394145365913 0.20996068602036885 -0.9617082593267943 -139.7072715483637 0.03095950499894093 0.9753223998974886 0.2186040377221488 25.417080032239216 0.9838738612148066 -0.06828416056496854 0.16531635924555235 141.07795147666388
0.1824679839647249 0.21131851039378877 -0.9602343057779199 -140.53747376031617 0.029827883753301487 0.9749909097764415 0.22023401917984678 25.578279452147974 0.9827592442600827 -0.06882741472887091 0.17160144172789102 141.22521476484218
0.18970144054984506 0.21232928783447416 -0.9586081769842272 -141.28565667904175 0.029833197147845766 0.9746393551089185 0.22178392146594378 25.72372523764555 0.9813884775160404 -0.07067107612439047 0.17855602817650376 141.36646449957166
0.19485226638272513 0.21340848555130817 -0.9573345353533516 -142.0080532648003 0.029517707534415884 0.9743247618741122 0.22320386049723664 25.866886589598465 0.9803883410299353 -0.07175009891041606 0.1835500587821111 141.50653310235424
0.19887647862987792 0.2137839989390207 -0.9564227872888775 -142.69876175700472 0.030170499932768866 0.9741190167439477 0.22401312941792909 26.00608574474808 0.979560047767153 -0.07340669598509428 0.18727938969081612 141.64164745012815
0.20214522932135842 0.21428475236752037 -0.955625110158482 -143.37333285358204 0.03093977961950564 0.9738849634349928 0.2249240050157427 26.143862290618063 0.97886671018056 -0.07503414488095463 0.19023627625211542 141.7746607799225
0.20404434132630048 0.21687526611217248 -0.9546365935378214 -144.09829779004582 0.030731751834470272 0.9732525527617178 0.22767307256675512 26.29318245672277 0.9784791598199225 -0.07579305701432666 0.19192171921520867 141.9178719041242
0.20464951362772454 0.21885113512576163 -0.954055950783866 -144.90506634806798 0.030170624698932235 0.9728113920512801 0.22962519221664146 26.463943577417748 0.9783702315469398 -0.07577714793669113 0.19248250277198695 142.07707558341423
0.20299813108725615 0.22081197752932838 -0.9539569326519272 -145.8214710978222 0.030178959296107217 0.9723677655362786 0.23149548367471762 26.66497366585021 0.9787139465599158 -0.0757825779818496 0.19072496345140275 142.2600510384198
0.20263907667016806 0.222202181863274 -0.9537104356047842 -146.7614542673045 0.02992651205655712 0.9720556894712035 0.23283500691003217 26.871150041349058 0.9787961015872464 -0.07572269766633175 0.19032673111190118 142.445386792347
0.20335903365574912 0.22406721552584455 -0.9531206567675992 -147.54352063800974 0.02797150054236143 0.9717350227160828 0.2344112642011587 27.037319075335816 0.9787046023126741 -0.07432986313368062 0.19134359894838088 142.59284380006903
0.20173032537940616 0.2249718601506148 -0.9532536587722578 -148.17957419072474 0.026674943970915105 0.9716398872808184 0.23495611677304737 27.16897785681491 0.9790777922036985 -0.07282576182432811 0.19000811884821625 142.7112993896785
0.19848454585646175 0.22379027091243817 -0.9542126595791405 -148.74986572778403 0.02655827844863105 0.971997478122304 0.23348567487049213 27.287832387719824 0.9797441211367386 -0.07168554365297043 0.18698299368974194 142.81733343442744
0.19552274957655327 0.22283547491718356 -0.9550472268513546 -149.23314851351964 0.027009994452295814 0.972250208275675 0.23237898508169041 27.39175845655117 0.9803271467207835 -0.07123119840591627 0.18407824905714618 142.90684673994593
0.19201833519493977 0.2242135291890405 -0.9554356348166861 -149.66580932892006 0.026768480874768175 0.9719933309796106 0.23347893473035458 27.484343200231972 0.9810262011692765 -0.07040779686767286 0.18063868566732527 142.98323873803537
0.18743164731304562 0.22391371549246117 -0.9564162407654337 -150.08972395192401 0.026590853330694168 0.9721585601255409 0.2328103530639981 27.57330565774651 0.9819176666628747 -0.06906795196760418 0.17625922360641536 143.05420445398485
0.18134948405601348 0.2237740567248968 -0.9576207684514291 -150.5569420129326 0.02752655562673127 0.9722304922469482 0.2324008577449493 27.673402448130254 0.983033393821363 -0.06850577699831267 0.17015376913224844 143.12919498459453
0.17157843402169895 0.22520361815299286 -0.9590850699231365 -151.09044942588034 0.026886132987288536 0.9720889535490284 0.23306694798050606 27.789405518753888 0.9848035219431601 -0.0657753506927881 0.160734645952852 143.20460585028337
0.1613850620642429 0.22723099365297073 -0.9603754147550889 -151.5945686611141 0.026457549533454097 0.971785740438588 0.2343767751994919 27.899535373552407 0.9865368010445461 -0.06323409051858113 0.1508197267637159 143.2693132462672
0.15347955736370686 0.22858117080666507 -0.961350442775214 -152.00349411550118 0.026022649387237168 0.9716048893124329 0.2351738947737332 27.989654284897867 0.9878091147536099 -0.06111127078397588 0.1431732006796572 143.32054707102893
0.14760312201130563 0.22907061752139588 -0.9621538185554777 -152.31367772454797 0.026265495461687088 0.9715583695650506 0.23533902837450432 28.058767590454316 0.9886978517831767 -0.06000822207389762 0.13738839529909888 143.35818448160137
0.1444173486875349 0.2295220026230986 -0.9625296253674224 -152.5575810287767 0.026221205803869777 0.9714976010359986 0.23559469337719405 28.113637121571667 0.9891693878018338 -0.05926264838146769 0.13428276413062049 143.38871694682675
0.14285782452185658 0.23023879645193987 -0.9625911585825261 -152.7879710706092 0.025699100272355807 0.9713757607135307 0.23615394924371688 28.165856715009557 0.9894095199754622 -0.05847416614689755 0.13285169805219127 143.41922786513172
0.1419296530605922 0.2297933458426746 -0.9628348725448899 -153.06514719987698 0.0254799415443001 0.9715111847905455 0.23562001274461525 28.227297147557387 0.9895487588598146 -0.057974442932232716 0.1320311243824642 143.4563590105671
0.14066711604403961 0.23028816563620932 -0.9629019281483281 -153.41902658466174 0.024460613119614744 0.9714670175752361 0.23590996623561988 28.305480198870264 0.9897547377353977 -0.056737946132978466 0.13102047396855743 143.50050442453056
0.13982593231323578 0.2305960347187135 -0.962950765836315 -153.8258005600289 0.023389381094151493 0.9714640107620071 0.23603095696588325 28.395821991435373 0.9898998158928849 -0.0555260710495902 0.13044236247871446 143.55042749560172
0.13956412654844363 0.23104401250306672 -0.9628813628206011 -154.24860429959963 0.02244878629559135 0.971410020309393 0.23634429215947372 28.49078837791524 0.989958537805814 -0.0546007026419143 0.13038733334332672 143.60258790007708
0.1394363344547488 0.231475852605729 -0.9627961561484755 -154.69303452392606 0.021648666702803816 0.9713494883288911 0.23666750252874985 28.590817160010154 0.9899943655717516 -0.053843302124367616 0.13043026854426523 143.65736764310734
0.1394839443768894 0.23196152387817998 -0.962672364151575 -155.10123394350197 0.020794839242968332 0.9712754774345606 0.23704750915191877 28.681932419447733 0.9900059615587798 -0.053082938637406436 0.13065373206951586 143.70913060228676
0.13932824302842298 0.23249146785262617 -0.9625670667908544 -155.41966370329163 0.020207445408832438 0.9711782351587042 0.2374963046114132 28.75255195569452 0.9900400496165103 -0.05254096430176725 0.13061449852745322 143.74944171459038
0.1392824565913117 0.23313771727190064 -0.9624173741527849 -155.65682254290084 0.01957179220437282 0.9710527373728276 0.23806202173099866 28.805280937063383 0.9900592619817252 -0.05199409606858391 0.13068768778355544 143.7796776361751
0.13909036065108896 0.2336917875503305 -0.9623107710118838 -155.83646990397335 0.019082675796789433 0.9709435981978595 0.2385463908824271 28.8451911903024 0.990095815089825 -0.05154296799883043 0.13058943062700876 143.80336377632042
0.13880005124075045 0.23418101995652874 -0.962233753132621 -156.00511369662146 0.01862374707147711 0.9708497301811992 0.23896434347432188 28.883169846369505 0.990145293288103 -0.051088661160927994 0.1303926642116059 143.82565074795988
0.1383949452222817 0.23465614017268027 -0.9621763533865223 -156.17518015798356 0.01821692123110469 0.9707577084434675 0.2393692028612927 28.921845521399437 0.9902095651516309 -0.05065537855796342 0.13007324746221824 143.8477927733236
0.13826152057740948 0.23509400828290267 -0.9620886441472561 -156.3728703925028 0.017769667488175832 0.9706731645411687 0.23974537859361608 28.96766646262386 0.990236330804411 -0.05024355589640651 0.13002920535749596 143.87322780593948
0.13792793101688905 0.23545720541136061 -0.9620477068551627 -156.6430715238039 0.01724420057759986 0.9706133165316484 0.2400258888492598 29.030831847584118 0.9902921404271774 -0.049696017861698374 0.12981441528909404 143.90726211338043
0.13692774671364713 0.23577810432655774 -0.9621119881282546 -157.05409117964527 0.0169931237471867 0.9705582299931126 0.240266426988776 29.126574777930575 0.9904352709416385 -0.049248428531427135 0.12888974498364186 143.95681283363652
0.1355049213731578 0.23601328579633155 -0.9622557587311589 -157.550093922528 0.01669531462658988 0.9705317629566277 0.24039418371047003 29.242309609441055 0.9906359991203502 -0.04863975760551612 0.1275715141671626 144.01534398154288
0.13402016237046482 0.23619487558249094 -0.9624191274215048 -157.98959352480918 0.016277952073777618 0.9705247995893947 0.240450913199041 29.342903270759166 0.990844904288496 -0.047891482860115915 0.12622512236072742 144.06501933990174
0.1325423521182447 0.23663873759630788 -0.9625147441799495 -158.3398557415407 0.015993916744504625 0.9704452230499597 0.24079091279923226 29.421643210746126 0.9910482932340553 -0.04730937463488144 0.12484031219731379 144.10317173834926
0.13117085260233968 0.23716750228217834 -0.9625724820961863 -158.6089755817262 0.015781739912023553 0.9703392117810041 0.24123173664667824 29.482894319458204 0.9912341520109795 -0.046833641129600576 0.12353730588619254 144.13377769891895
0.12988977113182337 0.2376978197640673 -0.9626153924775649 -158.83266525968344 0.015458314647595917 0.970236469328734 0.24166554179852032 29.533610143134666 0.9914079321165327 -0.0462702935361949 0.12234938525589469 144.1602106062601
0.12884023484544954 0.23816700236546526 -0.9626404691624089 -159.03289167068553 0.014922196664286272 0.9701556280737897 0.24202352233505486 29.578662431041572 0.9915530857859718 -0.04554707785361341 0.12144110410941822 144.1835953223498
0.12815841041936846 0.23862822511271325 -0.9626172614379724 -159.22592100367189 0.014296469768502238 0.9700759132304947 0.24238055516518608 29.62358960419904 0.9916506606617776 -0.04482513524332044 0.1209118458194997 144.20507475411557
0.12774357441040637 0.23918935230950997 -0.9625331334237877 -159.42305370838966 0.013686608726930427 0.9699665475763478 0.24285298706085623 29.6704427142097 0.9917127890364276 -0.04419672300727541 0.12063330276921354 144.22706250811424
0.12757214395131755 0.23981077668458642 -0.9624012362178286 -159.61415223759144 0.012933753234574583 0.9698447773097917 0.2433800031888232 29.715577614719376 0.991744960216553 -0.04349596890356737 0.12062352413276571 144.24911593033778
0.1271584408826401 0.24035553051056294 -0.9623200870112225 -159.80002120250577 0.012446593449448054 0.9697326820108674 0.2438516101064697 29.759732191295864 0.9918043220433156 -0.04298539743912607 0.12031808834584912 144.27053174600712
0.12652779554165233 0.24086415062233835 -0.9622760403856859 -159.99116175283663 0.011962274627104544 0.9696314199687575 0.24427814760047747 29.805323109387693 0.9918909319784692 -0.04241898577706289 0.11980404293899787 144.29246749069043
0.12466042453736659 0.24143010643896012 -0.9623779310951809 -160.20036365736019 0.011700325925881199 0.9695188704487285 0.2447371288077346 29.85484023926598 0.9921304757577969 -0.04176916983491701 0.11803582305346817 144.31529527257032
0.12076504737725921 0.24203888804439772 -0.9627216524033334 -160.43120775512335 0.012007929081051657 0.9693925061183379 0.24522230469677206 29.908551345177322 0.9926084892701419 -0.04117457657151826 0.114162346126045 144.33792266383668
0.11384792101640917 0.2430094936507264 -0.9633197998981771 -160.72235837831258 0.012943969345064131 0.9691790022957273 0.24601730664052207 29.975443814581293 0.9934138636730595 -0.04047774085445499 0.10719350706774929 144.3612158813352
0.10351972649570028 0.24419381765644552 -0.9641851718651511 -161.09127246275187 0.014334461607610443 0.9689263715044203 0.24693361418345183 30.05948458204423 0.9945241019888236 -0.039383575531593794 0.09680260606859442 144.38614842227358
0.09074185340271838 0.24558874783313311 -0.9651176524024406 -161.48973398915723 0.01627649712880558 0.9686206082855837 0.24801046922596978 30.152270092686624 0.995741428123916 -0.03821366433913007 0.08389710469092715 144.40800593521507
0.07623761040900993 0.24732357112906642 -0.965929023232605 -161.89025486572447 0.01882978330443522 0.968218515176963 0.2493959625359421 30.246932268824107 0.9969118647201628 -0.03720158642432973 0.0691576167004098 144.42182786860013
0.06001721025693809 0.24865520886042977 -0.966730842364903 -162.28986512741187 0.02145572339080373 0.9679315702575667 0.250296079139291 30.34015531494724 0.9979667261020038 -0.03576398195532991 0.052757475185482614 144.42672513560217
0.042180014210896725 0.24855737039224313 -0.9676983414395555 -162.68688270543896 0.024315789609064116 0.9680180618090518 0.2496993680150954 30.430851887088743 0.9988140911985854 -0.034062672166813 0.03478714687926848 144.42349897414047
0.022792046806128403 0.24879526030720503 -0.9682878916164666 -163.11392796899887 0.026863814748890293 0.9680373545309859 0.24936322040307157 30.527885618824723 0.9993792363560113 -0.031695404735131875 0.015379962911254316 144.41401805295658
0.002858858455828199 0.25177732403921643 -0.9677809700691503 -163.55716268925636 0.030429397513682236 0.9673148550331785 0.2517459493201396 30.62965615149842 0.999532830223842 -0.030168697880345395 -0.00489601602536252 144.39673116061607
-0.01850500623175217 0.2547664795187755 -0.9668255301024983 -163.96954399555005 0.034890823159613574 0.966566684024055 0.254030462334717 30.723533057057722 0.9992197932405096 -0.029032503308446922 -0.02677533469515785 144.37203196769877
-0.04257805053651876 0.2586595843178498 -0.9650297037153993 -164.3712560383011 0.038640186699511726 0.9656093077769824 0.25711009452428446 30.815481004391934 0.9983456543624235 -0.026341681324033254 -0.05110841653472274 144.33461722780035
-0.06866401187941637 0.26161619032153466 -0.9627264525472823 -164.74320525078429 0.04383464622271524 0.9648632158600019 0.25907045078670693 30.90070726762675 0.9966763653579588 -0.024411956946235408 -0.07771923246470364 144.2895341401873
-0.09832260486587327 0.26493160176840724 -0.959241320918162 -165.13652678517096 0.05084701521494856 0.9639902529715085 0.2610313644366532 30.991716175749648 0.9938547411046137 -0.023109274336428166 -0.10825301392351115 144.2314145504499
-0.13629870137627395 0.26564603104964163 -0.954387159485457 -165.57018689121287 0.05882460928427096 0.9638479408349668 0.25987845676537025 31.0937159746854 0.9889197790244124 -0.020720355589866943 -0.1469977466444154 144.14677029582674
-0.1826675369543084 0.26653464235128616 -0.9463571500071859 -166.00695655443454 0.06852070459344124 0.963663105017236 0.2581827513033381 31.197395880947372 0.9807841169110882 -0.01768345145086569 -0.19429310733971147 144.0390484088552
-0.23307852539790183 0.26692745160739795 -0.9351064840844195 -166.4492139511733 0.08097506772210167 0.9635785119677119 0.25487151602620156 31.30169978370646 0.969080718725607 -0.016315233754797362 -0.2462039271453366 143.9070552578591
-0.28484588263224553 0.267001619916465 -0.9206372565291095 -166.93094780205763 0.09184506991484533 0.9636077670348024 0.2510469168154477 31.415843148610602 0.9541631444778154 -0.013046312589727214 -0.2990024873609207 143.7281035724063
-0.33739622969472116 0.2681604406593405 -0.902360106749617 -167.42484045644662 0.10437332492790242 0.9633141590225657 0.24724894351674148 31.53343378650288 0.9355586530150205 -0.01076146328520275 -0.35300736207150174 143.52137918369812
-0.3915306438077107 0.27189223330668355 -0.8790781355641991 -167.86026722322723 0.11701533915603371 0.9623041130256174 0.2455161999872546 31.638373018263852 0.9126944534518199 -0.0067385103314659975 -0.40858711080600085 143.28930417186643
-0.4436684867277215 0.27455474423673437 -0.8530990366316445 -168.21030234722036 0.12742498469931152 0.9615711306554692 0.2431950533303385 31.720588698987992 0.8870857608817269 -0.0008081503990457979 -0.46160394250246506 143.06336846951794
-0.4917163577418132 0.2774089595199747 -0.8253843303014513 -168.54232125203706 0.1378748998925071 0.9607409751076779 0.2407639730706875 31.802687468242524 0.8597706295918435 0.004587802000609928 -0.5106597855363657 142.8173744882657
-0.5353884948406032 0.2795478224292055 -0.7970019915705404 -168.94723432381195 0.1488092209183154 0.960096978781388 0.23679021750177542 31.90605369644329 0.8313933938647794 0.00817351270529677 -0.5556241700358785 142.51541439570022
-0.5709063441939144 0.2779273566186886 -0.7725427694322775 -169.41303321119955 0.15552380384316813 0.9605330470309396 0.23062656395049927 32.0277888698966 0.8061502915693144 0.011517378365340199 -0.5915987300512888 142.14007259916386
-0.5937133916649981 0.2751034676768701 -0.7561894541910849 -169.98189180927056 0.15864782016619813 0.9613167539368459 0.2251687539532127 32.17907664334467 0.7888822964892528 0.013717896066460658 -0.6143911959113273 141.66329511847113
-0.6075443937552061 0.2729367174319608 -0.7459191362970184 -170.65608411132808 0.1602817406269186 0.9619155529733018 0.2214231979031908 32.357044048683036 0.7779457392634935 0.014967205000819253 -0.628153173625859 141.0908391860207
-0.6191552198607887 0.27035693788329324 -0.7372611069746677 -171.3672659672196 0.16293915823050045 0.9626624307775937 0.21617556541966992 32.54321897420268 0.7681781332700598 0.01371752556940679 -0.6400892008603001 140.46979180849024
-0.6302129469720881 0.26724038311439996 -0.7289816315255342 -172.1009812697281 0.16407896728551782 0.9635338871687089 0.21137772061425708 32.73497685444602 0.7588871681371833 0.013602422961732186 -0.6510800566184586 139.81089127083317
-0.636642125801394 0.2663654779685295 -0.7236962317172059 -172.83923306363047 0.1643593810254848 0.9637579433149189 0.2101347676285872 32.9286524211259 0.753440639681721 0.014834380472329985 -0.6573485708754525 139.14166614293643
-0.6382230606769584 0.2669574639471607 -0.7220838159542429 -173.5402588092079 0.16451162347197745 0.9635793123797673 0.2108336654719843 33.115130906501584 0.7520686475068278 0.015767726425798777 -0.6588961437439216 138.5057294496039
-0.6396982729364901 0.26721614382017006 -0.7206813804199157 -174.2370252863178 0.1648610940495406 0.9635019610231622 0.21091417869198115 33.303091087416554 0.7507375968145328 0.01610911500991815 -0.660404086255329 137.86978146072494
-0.6423741727337718 0.26685113373849484 -0.718432943723412 -174.9708063770842 0.16440638161598128 0.9635812844716333 0.21090673270415325 33.49967804428809 0.7485492394549219 0.01736607723352913 -0.6628517598022771 137.19221414741622
-0.645166978759712 0.2669195695636139 -0.7159004909217799 -175.72391405316066 0.16443562681767593 0.9635421636424263 0.21106260567981572 33.70273738294873 0.7461370478344731 0.018451077671794342 -0.6655366733558753 136.49365682847343
-0.6474274522837584 0.2693235215969388 -0.7129533888999966 -176.50190261259013 0.16511802172371082 0.9628276762075647 0.21377302175623708 33.91496087873075 0.7440253577206956 0.020681069686258154 -0.6678312364851028 135.76825484005778
-0.6496956470741356 0.27016734086687544 -0.7105667977761461 -177.27391436885762 0.16552950118937318 0.9625659756725329 0.21463160697713168 34.12634650308944 0.7419538735048942 0.02182545317995348 -0.6700955895874642 135.0415668159898
-0.6507485784538272 0.26901735071842875 -0.7100394021832631 -178.05290269390042 0.1652956002893728 0.9628963268761364 0.21332610766951213 34.340531675659754 0.7410827566239132 0.02145527210003323 -0.6710708003883148 134.30500938560402
-0.650590925342782 0.2707390560760739 -0.7095292885967878 -178.86765986743487 0.16486811809403512 0.9623640365625271 0.21604158110700336 34.56500902039795 0.7413163639754305 0.02357593362137107 -0.6707415477336451 133.53482466289665
-0.6507130326663391 0.27159428259648505 -0.7090903290689283 -179.69302034150473 0.1655269615512792 0.9621229814023603 0.21661069608179237 34.79255768099597 0.7410623280924327 0.023577835319173405 -0.6710221393992033 132.75426926341524
-0.6502830392158894 0.27182977101076733 -0.7093944914505498 -180.4988244083932 0.16731526966658053 0.9621094049690445 0.21529304077585576 35.016086563006304 0.7410381700321141 0.021308882240718426 -0.6711246993615306 131.99397121276334
-0.6501127173830862 0.27160661149067167 -0.7096360357897132 -181.29816188112235 0.16852198213141797 0.9622115167854842 0.21389095002799866 35.24014265777814 0.7409141625284785 0.019463955403187825 -0.6713176284031162 131.2398087292266
-0.6504957311139754 0.2740597320117491 -0.7083407139873771 -182.05962923246787 0.16931538926708553 0.9614853652777956 0.2165137208445765 35.44919568846718 0.7403969224408141 0.020908267414502003 -0.6718446558497678 130.52078835284757
-0.6503558607937056 0.27381331993142055 -0.7085644079118116 -182.76350983770266 0.17101077403274634 0.961606508690009 0.21463512669117474 35.6416544116883 0.7401301030872871 0.018417064726751562 -0.6722114564858669 129.85642150579724
-0.6492584305001079 0.273636481136135 -0.709638335080606 -183.4824863711457 0.17041113576053565 0.9616533909306528 0.21490183926710638 35.839515212418746 0.7412310943513769 0.018596556213846375 -0.6709922748166653 129.17223328466508
-0.648287916291966 0.2751075896756365 -0.7099567533960689 -184.2182330010086 0.16906612910117808 0.9611764609520278 0.21807442514536776 36.03967107603901 0.7423876491298621 0.02134537454814584 -0.6696304603322895 128.47555263531294
-0.647162276768752 0.27318287992718787 -0.7117247372700888 -184.93924808636527 0.1675954638194426 0.9617330520315099 0.21675169465844205 36.23703751665011 0.7437020559569737 0.020991682754091346 -0.6681815630653989 127.79723910859951
-0.6463091897269326 0.2729246029690225 -0.7125984790670841 -185.6606101647002 0.16708968082241735 0.9618047188665655 0.21682417145851873 36.43838334748825 0.7445572307332573 0.02106760214670972 -0.6672261133248673 127.11918422899392
-0.646279587613423 0.27264444698850404 -0.712732558650551 -186.37288982368426 0.16645011074755559 0.96187191894662 0.21701790749630967 36.63475270573768 0.7447261612608684 0.021619830440670194 -0.667019885509694 126.4490737250684
-0.6469929060837522 0.2701597367156653 -0.7130314832705692 -187.0301632428986 0.16570620335053027 0.9625965164533906 0.21435811317268438 36.815300808942865 0.7442725533354381 0.020534438622061807 -0.6675602618356055 125.83102301383585
-0.6498395866144633 0.26798061128577594 -0.711262893481482 -187.65381531549764 0.1630092246816119 0.9631475456860875 0.2139504566659521 36.98675370021923 0.742385684356482 0.023091063504561717 -0.6695747146127787 125.23815603725596
-0.6534027175898444 0.26665260534704815 -0.7084922559265147 -188.2742390040382 0.1612618218216751 0.9634552293871639 0.21388933070465485 37.15717557168878 0.7396347162410368 0.025503118008636198 -0.672525150089479 124.64293600611325
-0.6567806630328745 0.2646120871034725 -0.7061300192066944 -188.92734774073637 0.16058990126017764 0.9640107438375178 0.2118824423568066 37.33682815019035 0.7367835803540569 0.02576294091487787 -0.6756376444486137 124.01320479872263
-0.6597093601834925 0.2635462720607355 -0.7037946593781317 -189.63211850887703 0.16002284722229446 0.9642789903386524 0.21108935823092323 37.53085010171951 0.7342862169843283 0.026634400206532852 -0.6783173005846749 123.33367380286376
-0.6624752736139983 0.2629957557940791 -0.7013984205031858 -190.3597804121113 0.1597505130941252 0.9644034942406909 0.21072653810688563 37.72967162029394 0.731851272743459 0.027552363431296745 -0.6809071756510772 122.6291177688915
-0.6642307092204975 0.2624943989841703 -0.6999244640890747 -191.08255713247897 0.15900963350892747 0.9645054633797963 0.2108201782607261 37.92534288231413 0.7304200855533683 0.02873850400537755 -0.6823932861684241 121.92759787965356
-0.6640496291046245 0.26208781864935665 -0.7002485740089992 -191.83276848054456 0.15832585099323526 0.9646029790935636 0.2108886379848212 38.127071067830485 0.730733203702471 0.02917307044942564 -0.6820395274229153 121.20104022176
-0.6627685667828982 0.2620789068280335 -0.7014645204715418 -192.5785996247371 0.15801601897415848 0.9646086811535192 0.21109483648547614 38.329753828274946 0.7319622699511907 0.02906439125621911 -0.6807249786285231 120.47724646201986
-0.661690972317889 0.2610668545150743 -0.702857848093493 -193.32875911885267 0.1573827338803442 0.9649001420410158 0.21023413368332805 38.53406639608898 0.7330728014524572 0.028492338669120737 -0.6795531284659116 119.74942269153817
-0.6610096824020054 0.26035897788575124 -0.7037608986048394 -194.12740554159075 0.15713083404070455 0.9651094835549401 0.20946022473489462 38.75183819420979 0.7337411674183689 0.027872699664851213 -0.6788571365529862 118.97676059513414
-0.6607872039454328 0.2603153155370051 -0.7039859427565659 -194.91882727275757 0.15584240956068945 0.9650748020084124 0.21057960468845305 38.96805946899345 0.7342161905626257 0.02943744257398056 -0.6782772460361672 118.21108100691038
-0.6602643007057701 0.2596251637769574 -0.7047310320592621 -195.65170630076904 0.15598560216348561 0.9652923659277717 0.20947348328431234 39.16828852467436 0.7346560726838197 0.028379968558059545 -0.6778458764744588 117.50774609974823
-0.6598883379132271 0.2571172286891762 -0.706001495888869 -196.36296132786822 0.15543953800470353 0.9660156453097035 0.20652438849144392 39.359627287212994 0.7351094690663434 0.026542489108569083 -0.677428641822087 116.82625010640959
-0.6589739555681757 0.25644761309264885 -0.7070982588169195 -197.09865010681602 0.15567716315888663 0.9662285616938516 0.20534601880200984 39.55666328555241 0.7358790299727475 0.02523862726293112 -0.6766424941874757 116.12323976156799
-0.6589770071204107 0.2577260783744844 -0.7066304356679942 -197.86836313564322 0.1556837555802405 0.965855789623842 0.20708732915980071 39.7617348898939 0.7358749026397465 0.02645490835018989 -0.6766005213485454 115.38583967125348
-0.659708883205799 0.25844412048627025 -0.7056846505383547 -198.6633408404046 0.15503757013460137 0.9656123435890709 0.20870111105402345 39.9722558717642 0.7353553843320346 0.02827434339650733 -0.6770915892546435 114.6219615633372
-0.661122674133275 0.25686820236482644 -0.7049365477549977 -199.4531231888396 0.15338166617054158 0.9659965432567423 0.20814596536751861 40.18262024394704 0.7344323483001102 0.029485674994654744 -0.6780410907463441 113.8617615660716
-0.6625084896290175 0.2558817238372107 -0.7039936395846056 -200.2424206558624 0.1533924396360494 0.9662712599127627 0.20685891745125687 40.39332014247979 0.7331802374805102 0.029058487102781354 -0.6794132348543978 113.1045007294082
-0.6642578729274483 0.2548803619015103 -0.7027072501197503 -200.97748735444782 0.15362070781888137 0.9665535338953838 0.2053653920298495 40.58994526856744 0.7315477813397606 0.02846519332980349 -0.6811956961002966 112.39648061823938
-0.6655780121086671 0.2581254918930838 -0.7002693340654241 -201.69281050679265 0.1535697841790112 0.9655745484525255 0.20995740703275015 40.783155729232256 0.7303576050022929 0.03220282310074092 -0.6823054645828759 111.70111837680726
-0.6664373451565309 0.25708408852751513 -0.6998350065599002 -202.41989506703672 0.15464457874780502 0.9659200430205015 0.20756571189671302 40.97706601998306 0.7293465014961181 0.030103852199547563 -0.6834818496771642 110.99211133100242
-0.6678050480855657 0.254875942721612 -0.6993387387905868 -203.1378089844184 0.15597153194649138 0.9666046127791834 0.2033430691621242 41.17038610268988 0.7278113072587552 0.026716593640983752 -0.6852568311593263 110.29436491323571
-0.6689479893153649 0.25487602124476993 -0.698245516552287 -203.85380034024533 0.15703986287112975 0.9666311543107743 0.20239242324069256 41.356365093024934 0.7265308452229305 0.0257376244097732 -0.6866516625111986 109.5974408173948
-0.6690964324274247 0.25392630573085206 -0.6984492790251692 -204.57172091522156 0.15920539076059462 0.966973854147121 0.19903569767413945 41.54112272517579 0.7259225906841982 0.021977184845812434 -0.6874251927887081 108.90107410626437
-0.6697497095669654 0.2542306796766851 -0.6977120380544543 -205.3253882423094 0.1597673372959599 0.9668984184268365 0.19895186949874039 41.73568912696103 0.7251963351178241 0.02177636229528849 -0.688197693673016 108.1657673740703
-0.6701665752537946 0.25557558624183657 -0.6968198340530685 -206.04950135685561 0.1593715382278769 0.9664962998351774 0.20121037549737408 41.92267383568292 0.7248982509397299 0.02379121943187367 -0.688444989568856 107.4571716851855
-0.6703940393759625 0.25401465436459514 -0.6971717057778665 -206.72071601285387 0.1583464265683242 0.9669098638743581 0.20002930869129085 42.100468560371546 0.7249125748407333 0.02370380793266741 -0.6884329221698122 106.7988813933913
-0.6705111308670323 0.2543184920518914 -0.6969482964925517 -207.40478386807632 0.1576141545647916 0.9667966860243409 0.20115155026293227 42.28358143539226 0.7249638623160732 0.02502543691541001 -0.6883321333796292 106.12774714553348
-0.669923645839911 0.2539463103959436 -0.6976486079545007 -208.09216025115305 0.1559070029177564 0.9668495242646068 0.20222513164913283 42.46593157179565 0.7258755507563006 0.026707093918911885 -0.6873073664297806 105.45440316708992
-0.6686003328810307 0.2534178488624774 -0.6991087102513411 -208.7642665378992 0.15444270016005915 0.9669623705385971 0.20280834876712983 42.642937005434746 0.7274070712047305 0.027625492580121463 -0.6856498996726093 104.80004125118516
-0.6677446657133841 0.253957763368502 -0.6997303165050042 -209.47051125870465 0.15328001348854473 0.966769360005819 0.20460264421285898 42.827881071750376 0.7284382601677865 0.029367651911759066 -0.6844817325136702 104.11322192856969
-0.6674167582081522 0.25434929134349477 -0.6999009278862169 -210.237766817526 0.15261708546512623 0.9666312849353836 0.2057473795903669 43.02765227726075 0.7288778334447074 0.03050240936769269 -0.6839639661091165 103.3671239499343
-0.6682638373869014 0.2548121976958205 -0.698923592065945 -210.97724119943365 0.15233396007134026 0.9664720589262038 0.20670298479685964 43.220063111728265 0.728160564882441 0.03166233125298421 -0.6846748779747277 102.64880902111254
-0.6706057203439225 0.2533006316561149 -0.6972279095422288 -211.65234940269227 0.15168265515697843 0.9668594565973161 0.20536592539385623 43.398321646182694 0.7261407163673836 0.0319621837639282 -0.6868027947253135 101.98669555123921
-0.6742622265442222 0.25184715427323523 -0.6942214781610445 -212.26238994073012 0.15035300241291807 0.9671787918601652 0.20483934983624477 43.559495413544155 0.7230244978706104 0.03373715252340998 -0.6899981014601135 101.37904083318632
-0.6792969013489318 0.25027280071533714 -0.6898690057103922 -212.8214157631868 0.15060881801877338 0.9675848849219292 0.20272265390332725 43.70349885895655 0.7182427888623226 0.033808515091933354 -0.6949707048175116 100.81589280421312
-0.6868558181961952 0.24864500158118288 -0.6829383194687009 -213.3649231988902 0.1526009629381831 0.9680510061697293 0.198972851324288 43.843716474130765 0.7105927322456753 0.03244861541686528 -0.7028549325694112 100.25950395979145
-0.6968712135302809 0.24773396437622952 -0.6730515542269221 -213.84559994316132 0.15470833690695787 0.9682790963345935 0.19621651839982635 43.96953105679754 0.7003112466927235 0.03261095668488318 -0.7130923385227029 99.7505141556647
-0.7077178818795022 0.24872893057068884 -0.6612634261511497 -214.2720590679491 0.15762591204676432 0.9679743229889881 0.19539647357472725 44.081979982315524 0.6886867731555592 0.034053327754786686 -0.7242588621131297 99.2808082306705
-0.7217674906103845 0.24848054379182183 -0.6459946662743539 -214.68964792374507 0.16099853207726228 0.9680077228635205 0.19245914149645268 44.19115267819514 0.6731501780189585 0.0349065586030114 -0.7386815078229155 98.79940810088519
-0.738296642290052 0.24818227038191987 -0.6271551870560551 -215.09376771742944 0.16574224622834716 0.9680865764631436 0.18798374474154794 44.29721441931949 0.6537947505130471 0.03484165811136499 -0.7558693558159573 98.30591836713324
-0.7568222944022129 0.24798091911122214 -0.6047524108695461 -215.44690283528593 0.1704415496548187 0.9680983206641006 0.18367177158892925 44.38976234417247 0.6310068881137787 0.035931953524759294 -0.7749446443900729 97.83996999036741
-0.7779331952421886 0.2469734737196169 -0.5777750834184088 -215.73871711576945 0.17597557634862795 0.9683528543344794 0.17698967775279525 44.465404757255534 0.6032019067186775 0.036011842234685974 -0.7967751294749436 97.41458063756686
-0.8005542919400482 0.24595615981271043 -0.5464598732812477 -215.99403421060018 0.1824457650597478 0.9686361588420455 0.16869361160249824 44.53318481356038 0.5708120255111421 0.03534910513599715 -0.8203194940375051 97.0108604235129
-0.8251684430408781 0.24605375842280197 -0.5084826335043424 -216.22454404640695 0.18899269311901462 0.9685284091183676 0.16197062288658923 44.59620346908355 0.5323333566076024 0.03755354439545321 -0.8457014418494383 96.58383192501972
-0.8495167478806797 0.2453523886965083 -0.46703693690237835 -216.4156285213401 0.19487640764053063 0.9686030619825156 0.1543738775286185 44.647025565156525 0.49024940674656364 0.04012871389686939 -0.8706579153178489 96.18181180487115
-0.8728843862906254 0.24321093237770167 -0.4229908870673366 -216.5554690786715 0.20016155777511263 0.9690994345164324 0.14415837405081705 44.68378979759133 0.4449811220255092 0.04116707898192673 -0.8945932442451215 95.81922876630034
-0.8933958974477251 0.24092131031885414 -0.3792106178073409 -216.69979179538558 0.20427350251860582 0.9695950261568029 0.1347509607415619 44.724202912703596 0.4001451069204244 0.042923274411900636 -0.9154460584444066 95.4067556038857
-0.9102732277620024 0.23832477575148014 -0.3385320547344925 -216.81222227376222 0.20603667679083393 0.9700199735931337 0.12888032684381956 44.75805773222673 0.35909822978780936 0.04756629156647761 -0.9320868571489846 95.00562262500311
-0.9251555295913878 0.2361667191358046 -0.29717423649958924 -216.9048417575061 0.208047342001083 0.9703011245086933 0.12341811562106202 44.787141083185986 0.3174957472987105 0.052354642103633636 -0.9468133088932745 94.62159695535084
-0.9388052254578835 0.23452293969797527 -0.2522771083717218 -216.97744494058927 0.2103151797853033 0.970317500939765 0.11937953141928886 44.81328278177046 0.27278613198777507 0.059016422506226456 -0.9602628744618383 94.2006776896714
-0.9505297734194326 0.23420311282141873 -0.20406384243163989 -217.05440333710354 0.21545691697683814 0.9702972751181319 0.1100068853534567 44.843078016168924 0.22376654524312203 0.06059785345282987 -0.9727571297024066 93.76073605796542
-0.9594443814668558 0.2341566463168563 -0.1569622370423231 -217.11653758112962 0.22067307751647292 0.9703432278211566 0.09867833136526159 44.87384699306054 0.17541343087430822 0.060039030698924876 -0.982662425791093 93.30285549654016
-0.9653936944844183 0.23232667459944426 -0.11848768256361086 -217.16142304468823 0.2225008821926134 0.9707224773193954 0.09050541116645495 44.90251402654385 0.13604547795953845 0.061009739357453095 -0.9888222487536846 92.81145017495953
-0.9686623155296425 0.23109674219143284 -0.09103633462119931 -217.20250729079063 0.22368948457026286 0.9709744487401619 0.08468550281148074 44.932026072400994 0.10796449863471878 0.061667784476578516 -0.9922402689834259 92.25625442195245
-0.9706797647071712 0.22966893646878664 -0.07094345642363702 -217.24087829860588 0.2240251244931814 0.9713455235713292 0.07937642870373776 44.963739982300154 0.08714090878485375 0.061155976480157435 -0.9943170563542122 91.62433044976164
-0.9720901619571263 0.2277155110288207 -0.05644787917234928 -217.2737083877925 0.22338190685191603 0.9719217802332073 0.07394982623048998 44.998179553787025 0.07170244568614566 0.05927646366983203 -0.9956631258299273 90.9537860421471
-0.9733178460682327 0.22537452351353768 -0.04311258141363395 -217.30162145108068 0.2220351184332198 0.9724578448396269 0.07089531854938616 45.030691316002375 0.05790316664438234 0.059431171626671324 -0.9965516339516137 90.26676434766249
-0.9743712903121863 0.22301976834105866 -0.029372973027445376 -217.3222232276421 0.22066540655686467 0.9729986930963822 0.06767807312439308 45.06290617753694 0.04367341255802964 0.059461972401171945 -0.9972747399155839 89.56144504164924
-0.9753998590330745 0.21979924844303658 -0.01683464826303274 -217.33111630259398 0.21831011704547948 0.9737391294559046 0.0645972179126253 45.09398340921224 0.030590975693046668 0.059332943213180965 -0.9977694092603792 88.82443134049814
-0.975802217603354 0.21848685980205795 -0.008574626185319283 -217.3365792137379 0.2175698651417969 0.9741145705205961 0.06135272839621597 45.12740491703692 0.021757433271463504 0.0580025481622622 -0.9980793147361183 88.0478557858396
-0.9762293535789462 0.21668649027918982 -0.004818105574277418 -217.33959591384956 0.21601551724480536 0.9745416529384519 0.06004883843551309 45.16165708398281 0.017707216616320534 0.05758065316129953 -0.9981838121614767 87.25909189721587
-0.976665958520222 0.21474522822181058 -0.0028447185702350974 -217.3403934615468 0.2141786176431671 0.9748954715922143 0.06087971101657086 45.201077307443725 0.015846930688406678 0.058849863423476124 -0.9981410563456411 86.38911991894554
-0.9771168565989499 0.2127026285553767 -0.0004902609774195679 -217.3393092980683 0.2122537693617896 0.9751994542762891 0.06272449099789831 45.242341153765416 0.013819766347682392 0.061185097735206855 -0.9980307599834916 85.50247581671678
-0.9777374250053062 0.2098263885811941 0.0015538336372761762 -217.3375920784719 0.2094884624325276 0.9756855935663807 0.06443761800904897 45.28188026668933 0.012004659580922894 0.06332858092519163 -0.9979205273900045 84.67603805048513
-0.9779009066314358 0.2090466387715604 0.003052806534027881 -217.3379368021847 0.2088127546575876 0.9758759204654084 0.06374497115935968 45.32364167089828 0.010346511573055786 0.06297373003173921 -0.997961551876702 83.84477391916018
-0.9780109021485572 0.20848991295826216 0.005160569079782269 -217.33761849054304 0.20840312013760906 0.9760648273300864 0.06217388813645057 45.366870035336866 0.00792557855806152 0.06188221912432542 -0.9980519907102867 83.00753969831375
-0.9782984282184597 0.20710612918796584 0.006263912361677453 -217.33453813890446 0.20709422642375405 0.9763785287014262 0.061619396887595934 45.40539696698721 0.006645805236676559 0.06157937920783195 -0.9980800635866501 82.22139495136062
-0.9784851097681276 0.20624412617656163 0.005500034520594281 -217.3338403643146 0.2061887288107627 0.9765855818271773 0.06137433892663361 45.44082622699736 0.0072868424892224325 0.06118792188778962 -0.9980996644331609 81.50242998541404
-0.9786581669951591 0.2054430179918497 0.004621529192997934 -217.3360892615866 0.2053304866056993 0.9767276725374258 0.06198745816611486 45.478303447399526 0.008220915031048399 0.0616134730235994 -0.9980662285129277 80.77624052540624
-0.9787669569899695 0.2049392489296337 0.0038920627896737595 -217.34111165023234 0.20476934635735125 0.976750094608131 0.06347257262311169 45.51723376546923 0.009206448662976374 0.06292183191207075 -0.9979759938855455 80.02784164740358
-0.9787701761144302 0.2049434773176491 0.002667105900293884 -217.34595699055393 0.20468931064295923 0.9767212078952462 0.06417139671354587 45.55765526012552 0.010546490290283725 0.06335497733096877 -0.9979353277592424 79.27056018950668
-0.9789347013026138 0.2041696340870025 0.0012692920653769669 -217.34891239488914 0.20382910233776447 0.9769032063546991 0.06413908678875509 45.599582583890516 0.011855278391866132 0.06304669642966224 -0.9979401617549795 78.51635015116123
-0.9790314391116213 0.2037089340833696 -0.0003337748500420997 -217.35368489004347 0.20326375487855305 0.9769975683335175 0.0644949410657274 45.64268357775138 0.01346429291512992 0.06307473063769434 -0.9979179781782044 77.76950071018605
-0.9789003823576335 0.20433023605601908 -0.001787750926658414 -217.36137930284983 0.20378454274118513 0.9768548873329905 0.06501068553263233 45.68563368541686 0.015030021951085566 0.06327466892010107 -0.9978829664410546 77.03396334934699
-0.9789074405406704 0.20429382789123474 -0.002062702030242929 -217.36742614290972 0.20369582800330419 0.9767211281679035 0.0672595528120162 45.72737850412518 0.01575539616027137 0.06542071289714603 -0.997733380125101 76.30679711165304
-0.978624317134207 0.20562322292915877 -0.003679144715505899 -217.37642702063823 0.20493784190255573 0.9765441152790229 0.06604598299851114 45.76624287621215 0.017173435006864295 0.06388020903333208 -0.9978097975185051 75.61747703675746
-0.9788525158726238 0.2044842437743092 -0.005826338291644406 -217.38559818797452 0.20371913407887166 0.9769896981413718 0.06316362984971287 45.80467996440538 0.01860823957268091 0.060640941398413896 -0.9979861770817855 74.90579153179337
-0.9791616176923165 0.20297342575785318 -0.006656941812296574 -217.3945261636678 0.20218939591724747 0.9774022693862559 0.061678618476917205 45.84493295608754 0.019025630522781237 0.05904737280120061 -0.9980738615696154 74.12463591656038
-0.9792022241133166 0.20276557743525442 -0.007008915671287854 -217.40346819536086 0.2019918898609363 0.9775426681451788 0.060080016528110604 45.88121993698094 0.019033673369756067 0.057414741686771034 -0.998168956998309 73.38083821824262
-0.979318040637975 0.20218629915272118 -0.007541599029983319 -217.41226508859125 0.20141130336755472 0.977750896053195 0.058623136584142796 45.918100916431015 0.01922660023991123 0.05589173196553038 -0.9982516977902443 72.6511272416694
-0.9796577365983744 0.20049671019391915 -0.008472799087140605 -217.41951725303895 0.19966799754970108 0.9780951753427812 0.05884317059500174 45.955285429277964 0.020085066030457156 0.055954420492000806 -0.9982312822938149 71.87923599073767
-0.9798698067078028 0.19941809706988034 -0.009358657139055992 -217.42753819501507 0.19853086638293213 0.9782957511454012 0.05935417747811299 45.99080136105817 0.02099183164139709 0.05630138410278127 -0.9981931161616211 71.11203471837595
-0.9798811845559465 0.19934188319511398 -0.009781500777786958 -217.4376930551212 0.1984578859482772 0.978386329455185 0.0580918052754129 46.0271909347443 0.021150216504345478 0.05498185100050364 -0.9982633241797352 70.33950546830174
-0.9800778593350173 0.19840155583071514 -0.009176725191849016 -217.44863852087096 0.19757630991463568 0.9786338151316897 0.056916233548217704 46.063719247921455 0.020272922872903828 0.0539692368368426 -0.998336781889476 69.55892125332069
-0.9800797298841907 0.19842422137267512 -0.0084588085913133 -217.46137170685657 0.19764757410295972 0.9786485302590044 0.05641356816503441 46.099076058103876 0.019472018933631093 0.053617931651115655 -0.9983716531853766 68.78565059716631
-0.9800733289867188 0.19849730031527846 -0.007422370001673176 -217.47204966756667 0.19776845411607807 0.9785998293909829 0.05683319868247098 46.13210703691049 0.018544766524065264 0.05423279158858418 -0.9983560967666167 68.03312976062008
-0.9801938998787841 0.19793806746810147 -0.006359252111551664 -217.48025773927316 0.19724589334388395 0.9786321632032611 0.05807879736258389 46.162929875034926 0.017719373561102855 0.05567414652335845 -0.9982917475415165 67.32497323553562
-0.9803546551112705 0.19717028721154342 -0.005350517973456803 -217.48773501061635 0.19651410275298115 0.978702744581674 0.059356087872219535 46.19258385580586 0.016939823519073707 0.057138564815906165 -0.9982225337017385 66.64672094891473
-0.9803662091732533 0.19712033796190234 -0.005066386587593985 -217.49410547814352 0.1964765650052111 0.978696037400276 0.05959048397819875 46.223424574364884 0.016704948818310826 0.057425070646786945 -0.9982100510144077 65.97990019024633
-0.9804077724437303 0.19690003801175912 -0.005565497542489625 -217.49895211099235 0.1962184775505384 0.9787140835391605 0.060141930047641255 46.257209016850965 0.017288979139217127 0.05787156221387571 -0.9981743201902393 65.31428485316323
-0.9803107893226721 0.1973596031091306 -0.006320078968714793 -217.50619606904175 0.19663379413718116 0.9786312592452715 0.06013326393300066 46.292590954324325 0.018052903943155348 0.05770654632384313 -0.9981703497753229 64.64130550917345
-0.9802268497383342 0.19775759277359672 -0.0068744128809737634 -217.51429243265088 0.19700464626953895 0.9785747835440977 0.059837800426162185 46.326209993103106 0.018560506466135208 0.05730032732908078 -0.998184441918275 63.95604840616288
-0.980211338405072 0.19782704660288683 -0.007084609694352644 -217.52213113382055 0.19705820104799204 0.9785518290115272 0.06003651670382552 46.35544204008908 0.01880950456208308 0.05745239394993863 -0.9981710399363164 63.2904270086397
-0.9801511387321634 0.19810568161874875 -0.0076081635378684636 -217.53097006279233 0.19728944097376513 0.9784516609650085 0.06090339592403643 46.38171872387219 0.019509529012947387 0.058193522536376704 -0.9981146688695135 62.66937979145118
-0.9800651329188149 0.1985147782660908 -0.008013616336906698 -217.54071945291443 0.19765711544448802 0.9783238920621118 0.06175780869339729 46.40567578533336 0.020099750023183312 0.058942726696437006 -0.9980589937566777 62.081638125343844
-0.9804741944721744 0.19649959199133615 -0.0076331069286268965 -217.5454305217784 0.19563517017776327 0.9786243239566893 0.0634138214416609 46.42689556170647 0.01993073414761324 0.06068231132344743 -0.9979581268413915 61.542708515824266
-0.9805241647925076 0.19626522915153066 -0.007233400587365194 -217.5499058515772 0.19542970719749528 0.978679215033625 0.06319987029949926 46.44866761311702 0.019483115835543383 0.06055537868158001 -0.9979746761867592 61.048911077586475
-0.9805840027956553 0.1959646221276426 -0.007271886662026595 -217.55250334971998 0.19513138896194918 0.978752126158228 0.06299219461594598 46.4679957823353 0.019461616146543778 0.06035016499665176 -0.997987526516158 60.60295344846541
-0.9807044843477594 0.19534607017739394 -0.007656843112457695 -217.55349860986735 0.19450228607734743 0.9789146354767124 0.06240991235521352 46.48275353386191 0.01968692690303926 0.05971640742499958 -0.9980212300313873 60.22379326023042
-0.9806789553221738 0.1954500572731231 -0.008249951523939703 -217.55633730329907 0.19460271920870648 0.9789946668531662 0.06082124587379029 46.4959265339599 0.01996417453318794 0.058040652865002734 -0.998114579770384 59.84765184170032
-0.9806720496785332 0.19547474661496406 -0.008482594834414298 -217.5605025931162 0.19460563120516375 0.978968764806345 0.061227492491391505 46.50995786587504 0.02027262396802242 0.058393329836200714 -0.9980877916035691 59.44236046454374
-0.980643374796009 0.19563615435897938 -0.00806638558020824 -217.56459979856902 0.19477251162643186 0.9788770720498127 0.06215582458564483 46.52493776585688 0.020055926391724734 0.05938158740569075 -0.9980338605947936 59.04205701485937
-0.9806953296419508 0.195408923111325 -0.007212710096954674 -217.56641055829115 0.1945859315683389 0.9788793681329184 0.06270165770842503 46.54331156225132 0.019312836512329967 0.06008773096211201 -0.9980062519511943 58.624240607306774
-0.9807283568414795 0.19530630057184234 -0.005228675162746542 -217.56558330801334 0.19459533562762904 0.9788488242282755 0.06314772093193506 46.563363671695726 0.01745123030008419 0.06091328478967811 -0.9979904940915734 58.18801197383207
-0.9806493225868903 0.19577059511781908 -0.0008832876613744764 -217.5626347921459 0.19532295338351882 0.9786927010484396 0.06332093489560692 46.58306255358862 0.013260844295041836 0.061923105556238284 -0.9979928251279421 57.766320777111495
-0.9806630822674232 0.19559667514971124 0.006469910983940086 -217.55458255795963 0.19561274253960864 0.9786641884569303 0.06286542124312212 46.599382408111516 0.005964397194553295 0.06291539479587539 -0.9980010416145778 57.37303096016707
-0.9807931437688981 0.1945209709947492 0.014366662075308463 -217.54262861594492 0.19504076239966428 0.9788254742916931 0.062127223342140526 46.612127049539694 -0.0019774070101325346 0.06373603941967662 -0.9979648326171656 57.00566084757979
-0.9806362687768189 0.19473839242360094 0.02072358259941537 -217.530269560509 0.19566009450140695 0.9787536967752889 0.06130520751462012 46.624977545909914 -0.008344805521014496 0.06417288808353465 -0.9979039055218853 56.62689816545796
-0.9804998704120145 0.19486116616365093 0.025478030602257496 -217.51587126529853 0.19608410442766872 0.9786971823034366 0.060851042243474804 46.64111749086194 -0.013077771707234061 0.06466027584738711 -0.9978216376760481 56.20446676915844
-0.9807769194077157 0.1932862932304824 0.026777662450928243 -217.49950359455326 0.19459744837679932 0.9789890477328417 0.0609284621862963 46.65603687505581 -0.014438401655123882 0.06496809423377069 -0.9977828818381655 55.802528097954095
-0.9806769431706773 0.19393185616127212 0.025752054272706576 -217.48972318392887 0.19518420894948021 0.978830346668214 0.061597703026604424 46.670586134993485 -0.013261135327952837 0.06543384145250757 -0.9977687881882151 55.47416056021929
-0.9805418827809471 0.19490664508119723 0.023431086521801536 -217.48481539978152 0.19601975418931822 0.9785810199019827 0.06289231634435795 46.68445750778189 -0.01067108616585301 0.06626150610114351 -0.9977452283670649 55.190491508184984
-0.9804311987845733 0.1958534604440066 0.019901921564441892 -217.4820401508739 0.19673876282803016 0.9783745586349947 0.06385203377089681 46.69772167956227 -0.006965891956182447 0.06651800544132183 -0.9977609088861723 54.92113455966343
-0.9802909430856664 0.19693921575228684 0.015640083218881044 -217.48188833700306 0.1975435357523081 0.9781356266028245 0.06501728579986078 46.711376462641475 -0.0024936693236547176 0.06682545375213357 -0.9977615648761599 54.651600651329616
-0.9801423310006497 0.19801430075172188 0.010552140940305956 -217.48503601427822 0.1982740183481248 0.9778698100131029 0.06676861772591917 46.72439008050833 0.0029025210946273428 0.06753496400198357 -0.9977126861018375 54.3969967623458
-0.9798965443869533 0.19945790271217087 0.004394012309328372 -217.49138519971993 0.1992961654854871 0.977616440701566 0.06743243502044963 46.73806068267606 0.009154273389708022 0.06695251986048117 -0.9977141671656446 54.14598746811398
-0.9797104136203086 0.2004078674296719 -0.0020474658042249293 -217.49828452514865 0.19979960814130368 0.9774370644896118 0.06853394449844794 46.752178261611256 0.015736010628800753 0.0667343362462385 -0.9976466841198149 53.86417964682304
-0.9795338600451077 0.20109625261247116 -0.008585698012241199 -217.50722565909226 0.2000002734554729 0.9772242032511268 0.07094185786924931 46.76761462734761 0.022656293670238567 0.06777280992718247 -0.9974435014534405 53.529847848234326
-0.9791131330188895 0.20275982290800112 -0.015030867049345946 -217.52019511721977 0.20113638155087452 0.9767617213916269 0.07403172050338444 46.78741303395481 0.029692234111967444 0.06946217559496942 -0.9971426063482853 53.159012953203444
-0.9788333861220604 0.2035746096374968 -0.021037597861128347 -217.53334782460254 0.2014390098304005 0.9764924653629141 0.076712387578605 46.81097556353418 0.03615975015640037 0.07085085320871762 -0.9968312941858422 52.760590793555444
-0.9786419739351107 0.20381139545447097 -0.026847754753347233 -217.54891739910977 0.20117304669577912 0.9763706211652464 0.07892917970264869 46.83571943480652 0.04230002524269005 0.07184236360460687 -0.9965186313642955 52.33333538198077
-0.9782553634038491 0.20475788225831534 -0.03302504541552501 -217.568132798063 0.20151892557251636 0.9760325726662294 0.08216166825621493 46.859933959031345 0.049056769234285404 0.0737199209687295 -0.99607168750279 51.90636697755672
-0.9775811300674866 0.20712484315148946 -0.037873915633998716 -217.58971019244004 0.20353521033484293 0.9756293871161932 0.08197998017343407 46.88543763166122 0.053930995632671924 0.07243340627608541 -0.9959140773005017 51.51037763422589
-0.97734359987083 0.2073976024531173 -0.04225780742336615 -217.6100611990502 0.20344210930654624 0.9755780366906911 0.08281788748600168 46.912598473719605 0.05840202010576822 0.0723445148123864 -0.9956683560423738 51.08347254190598
-0.9767652151979995 0.20840764346013396 -0.04995966900014341 -217.63846247774555 0.2036745788023999 0.9752391172335051 0.08617035550166131 46.94339171181514 0.06668118421919975 0.0739926912945564 -0.9950269852150297 50.6251924432284
-0.9749359507005295 0.2154156632298238 -0.05564156779705698 -217.6785262835539 0.21026221564435202 0.9738476935602776 0.08608408923639727 46.98037753245203 0.0727302736416341 0.07222715405294117 -0.9947329015939018 50.15121409695291
-0.9752504073633338 0.21577571253971675 -0.04824401326210084 -217.7031286289406 0.21141835045648602 0.9739334944652129 0.08219385286651128 47.01177323465052 0.06472189759203861 0.06995991878755246 -0.9954479824357083 49.649091821852004
-0.9767119098768315 0.21215780688257355 -0.03198296552124926 -217.70649917672742 0.20917771425639964 0.9747580963634972 0.07804702064962654 47.03704559077772 0.047733939322294645 0.06953933097601671 -0.9964365270724378 49.167916648371566
-0.977258021177188 0.21159430334540857 -0.013950298800485086 -217.70764996013182 0.21004438886830892 0.97493600697561 0.07335623359603459 47.06775405217807 0.02912240975245632 0.06875778569899375 -0.9972082290855699 48.650362418901395
-0.9783285496166314 0.20685791504547543 0.009113286348072316 -217.68621075036137 0.20695566535517348 0.9755073911512205 0.07452974162534855 47.096055372037064 0.006526988771274412 0.07480062026736664 -0.997177148567492 48.07688324807683
-0.9788093809052747 0.20213961245675646 0.03273794324128572 -217.65431741532163 0.20403736027073918 0.9762899796157775 0.07229544463918607 47.12017060147931 -0.01734795277794432 0.07744322292919809 -0.9968458234635633 47.49949934397822
-0.9785227200021214 0.19893950717348327 0.05400332327946331 -217.6145032723476 0.202449282979811 0.976788967163436 0.069982865393984 47.14828640004587 -0.038827493617473556 0.07941275787531742 -0.9960853576004509 46.921465803123525
-0.9784556992467951 0.19509410765290947 0.06754801085587102 -217.567833795928 0.19979204665985795 0.9772165956749982 0.071630044177261 47.174587138339014 -0.052034437663291654 0.08358238029923706 -0.9951413984960005 46.38215556411718
-0.9788422647437929 0.193275157337061 0.0671753995714322 -217.53233081319698 0.19807672144359179 0.9773749805729026 0.07418732891997203 47.20003502594959 -0.051316987181682414 0.08592357596409018 -0.9949792489897139 45.87772740348524
-0.9788526391073984 0.1962948844423215 0.057583237615314524 -217.5155251292898 0.20040820219800462 0.976647087096599 0.07744042715207525 47.230327805771594 -0.04103734158360846 0.0873429196186383 -0.9953326835728038 45.34533468980776
-0.9795380668877615 0.19601591129040066 0.04563921601853068 -217.50459115478412 0.19924429577154815 0.976475859739753 0.0824415304807823 47.25679163060331 -0.0284057409741781 0.08984797085359114 -0.9955503282171109 44.84471456112753
-0.9798676845411816 0.1966527136036313 0.03445331659269723 -217.50117200581414 0.198922566755973 0.97635769730997 0.08458994821367533 47.2795342131773 -0.017003917993328354 0.08974049886146745 -0.9958200186966358 44.42002163008835
-0.9795595040945424 0.199336123242996 0.0269868098987688 -217.50538247859066 0.20093738892581803 0.9758889379903978 0.08523465515652572 47.301144229488 -0.009345783527003805 0.08891507565329117 -0.9959953642722605 44.05235993160115
-0.9794982033447066 0.1999103943864635 0.024881797779612937 -217.50415294910874 0.20132303780873917 0.9758058024007599 0.0852764354817549 47.32022228176281 -0.007232156798480274 0.08853739445715361 -0.9960465981523041 43.76110364000839
-0.9794290707459279 0.2001229888140614 0.025874402909060984 -217.49917445488109 0.20161635017805907 0.9758132360793625 0.08449482607357944 47.336445817300856 -0.008339227701144118 0.08797339166164563 -0.9960879176261963 43.511138451239205
-0.9792520240681146 0.20098018381410337 0.025931430206509436 -217.49587787675884 0.20244177766319676 0.9759677837932147 0.08064869282468051 47.35091524850934 -0.009099451360965035 0.08422500051537042 -0.9964052133911746 43.28348655597581
-0.9792229131404302 0.20101358075284328 0.026758675858400523 -217.4916234524573 0.2025565194234247 0.9758448173508736 0.08183977571151792 47.36334964080971 -0.009661408791811347 0.08555952782924871 -0.9962862160934428 43.0633435215675
