0.9999960807916659 0.001394429276577041 0.0024277496371449764 -0.004939373278318404 -0.0013978335842085624 0.9999980414648818 0.0014011165802074736 -0.053973009726285937 -0.002425791124332715 -0.0014045046789165467 0.9999960714442973 0.6720198657035827
0.9999880314482987 0.0026836127741889154 0.004090865756086364 -0.006681692594119534 -0.0026881227061950025 0.9999957849117083 0.00109734002603342 -0.10334950866772163 -0.00408790367701452 -0.0011083236415895157 0.9999910302908886 1.2948476215503666
0.9999745366963494 0.003970504693361574 0.005929675488689761 -0.005144225507983061 -0.0039796317667022485 0.999990913504264 0.0015282146147512824 -0.1781301362435454 -0.0059235538254183845 -0.0015517736262995292 0.9999812515785933 1.7243849443171102
0.9999529339143808 0.0036556118149141895 0.008987016094357318 -0.0009351707299490551 -0.0037116346493602844 0.9999737362424824 0.006224997468215523 -0.3033158724239234 -0.00896402388725319 -0.006258061002281881 0.9999402396884727 2.0197188388996805
0.9999288249799768 0.0036645210393016396 0.011354129632640273 0.0016712663967630307 -0.0037477081160663126 0.9999662294851848 0.007313998431706247 -0.40146818953443164 -0.011326943896702895 -0.0073560298214965375 0.9999087904240195 2.3688418277085193
0.9998884229435295 0.0054329861828561156 0.013914895782492366 -0.0004226731598023009 -0.005482724048449378 0.9999787081489991 0.003538783077107173 -0.45983608094653106 -0.013895373349042627 -0.00361467976384628 0.9998969210322107 2.692354165483492
0.9998564015754104 0.003981277914210057 0.016471965724850383 0.005656650908967742 -0.004001933305094037 0.9999912465615164 0.0012212002971218414 -0.5098306410065977 -0.01646695960073995 -0.0012869446429177125 0.999863582202589 2.9974154875281642
0.9998004098481529 0.006344707479050017 0.018944264421458887 0.007341613312853944 -0.006332604897551653 0.9999797047098435 -0.0006987729424432652 -0.5458371284162008 -0.018948313452029734 0.0005786669325897332 0.9998202971343924 3.3197649339342146
0.9997047509977386 0.00822456134020817 0.022864107752322012 0.003384391581528404 -0.008220823882641904 0.9999661753140271 -0.0002574539306124841 -0.6201863006381949 -0.022865451826701848 6.941611453075652e-05 0.9997385489687609 3.4543836112725987
0.9996249489436462 0.0022319475752052838 0.02729431917878727 0.013558814132002162 -0.0022204536194409294 0.999997432902733 -0.000451412967390089 -0.7452502577835567 -0.027295256641693102 0.00039063789466910426 0.9996273387452441 3.422311488999072
0.9995339448648602 0.0010450071001608314 0.030509031827481985 0.01670171649372983 -0.0010739160917780592 0.999998989799145 0.0009311846844455417 -0.8994977306515108 -0.03050802791262516 -0.0009635148412656942 0.9995340573847561 3.327296425437346
0.999418624475076 0.0025881833534343148 0.033995799141584564 0.017181859283193428 -0.002597204326788956 0.999996602794715 0.00022119835702844729 -1.025907260663525 -0.0339951111489706 -0.00030936379434068877 0.9994219512858479 3.2013789388366583
0.9993200271066484 0.006227002733380086 0.03634154455337597 0.012285374989221914 -0.006237044559717595 0.9999805361711277 0.0001629541751910752 -1.1166712991077115 -0.03633982249167752 -0.00038950720351745455 0.9993394146061746 3.1248092320706893
0.9992224280394322 0.006614393521887712 0.03886887059483893 0.011604411353236732 -0.006569001795376689 0.999977584805901 -0.00129541544250767 -1.1930308826936695 -0.03887656772907123 0.00103907848306053 0.9992434802376812 3.070880848963541
0.9990971384876323 0.005062917076525343 0.042181450146955596 0.016236192203731778 -0.004955578135568856 0.9999842127397606 -0.0026488708128311195 -1.2625630612207699 -0.04219419523069665 0.0024374457772481416 0.99910645516227 3.00910001140264
0.9989350017617942 0.00620442778190076 0.04572053511347422 0.016345817667207923 -0.006009386311265713 0.9999722537279607 -0.004402164284136692 -1.3294429530202625 -0.04574657944945419 0.004122723629075142 0.9989445698428684 2.969952934683783
0.9988107512093394 0.0054542698673214025 0.048449295235829234 0.019677613584871242 -0.0051059925488089585 0.9999602503384881 -0.007309349018834122 -1.3949168468899402 -0.048487236554846304 0.0070532746438837736 0.9987988982813671 2.948673307735465
0.9988180035342652 0.004110220345873275 0.04843244681545351 0.02327770390365043 -0.0036735777369475385 0.9999518365696592 -0.00910106409027119 -1.452503034612582 -0.04846752152146804 0.008912386306314928 0.9987849962468867 3.0144086365396845
0.9990095804650074 0.0037904348663498695 0.04433385549049965 0.029126269187332382 -0.003350594045595356 0.9999444730833333 -0.00999120961823549 -1.486858592995392 -0.04436926479749432 0.009832769376826641 0.9989668087517785 3.2825170890903226
0.9993101322020037 0.0041326473903197745 0.03690773501530162 0.036014417572438305 -0.003727872447308317 0.9999322264229489 -0.011029303144795806 -1.510279384113909 -0.03695081386693718 0.010884107055265786 0.9992578113621032 3.6922804739936774
0.9996098949772636 0.004921464634447535 0.027492490781929144 0.036386960947403034 -0.004597448916018821 0.9999193781654402 -0.011836411310137313 -1.5347824884172436 -0.0275485267665473 0.011705398544690031 0.9995519307759367 4.100520914585393
0.9998819986673929 0.0046561379168096936 0.014639300550157034 0.02945643647100793 -0.004456630756494629 0.9998971563690036 -0.013631402256533304 -1.5576478314897866 -0.01470126468023912 0.01356455177581635 0.99979991785953 4.453509323088827
0.9999798228723227 0.005127367807300506 -0.0037501930090588767 0.012196092852003099 -0.0051823304896294504 0.999877101761572 -0.01479610839288771 -1.5763478491495135 0.003673867027097322 0.014815244589492401 0.9998834988281489 4.825589327459001
0.9996053657403775 0.005583448541125413 -0.027530671721427376 -0.01716714091526336 -0.005940273649439844 0.99989919425666 -0.01289629690455717 -1.5923366809802975 0.027455890661462257 0.01305474730775456 0.9995377669906808 5.231121015039
0.9983488243693365 0.006835659047388815 -0.05703418839388961 -0.06071194640481721 -0.007474051618244892 0.9999117043386789 -0.010987359961538545 -1.6168071662248191 0.05695404667597958 0.011395494368585373 0.9983117645682263 5.587642880394036
0.9957408728105496 0.008549089138841646 -0.09179884143810998 -0.12423860270409318 -0.009374169496059064 0.9999194181932934 -0.008560494509253185 -1.6451418892943481 0.09171825969098135 0.009384572173516386 0.9957407748226331 5.948460326955295
0.9914722369555262 0.01259391641523377 -0.12970812085497566 -0.20643927741280074 -0.013431101736906544 0.9998942199685689 -0.005581610840834991 -1.6674561283045786 0.12962410598548313 0.007276135153484039 0.9915365091637788 6.340362614823023
0.984680978722545 0.016107247099903698 -0.17362006431536503 -0.3103476233574941 -0.016556554564481397 0.9998622811730628 -0.001139819437800657 -1.7136087959066404 0.17357779421044117 0.003996908587906645 0.9848120501287427 6.6791979078368096
0.9743458872886155 0.018749295417090986 -0.22427339531277668 -0.4233611834711017 -0.01770594064439038 0.9998210391262004 0.0066625360412366896 -1.8022738312277657 0.22435817700644603 -0.002520643165167228 0.974503491409024 6.929769263336019
0.9596426856234795 0.02193397795373585 -0.2803655052613966 -0.5564579668697978 -0.019362450810876224 0.9997412450775262 0.011938944234413947 -1.883263657148998 0.2805548278464473 -0.0060285572039317226 0.9598190689239764 7.20179374819582
0.9411768410567246 0.025789585542905488 -0.33692885174174053 -0.761105835324297 -0.021403322286098817 0.9996309870949661 0.01672684772034618 -1.9187143533786308 0.3372358991175171 -0.008531524896958635 0.9413815174674571 7.6121572554065935
0.919505946941212 0.030801695150530366 -0.3918674126737211 -1.0168062749176618 -0.023589251081430923 0.9994523233273077 0.023207770876635978 -1.9270362311521363 0.39236763471667757 -0.01209582454812476 0.9197289439043117 8.068170744852717
0.894650533019027 0.0347903583139308 -0.4454099849993899 -1.2988865850294213 -0.02416435109766705 0.99927220214464 0.029515252955530324 -1.9253461077848013 0.44611266279360134 -0.01564279352892478 0.894840094712912 8.558252120815403
0.8672668081756287 0.039864137165257545 -0.49624503423704325 -1.6168676517870522 -0.025301832545064833 0.9990301888570072 0.03603469192587318 -1.9192834190309638 0.49720026217482693 -0.018695783492558543 0.8674343588842226 9.053068918801339
0.8395389810981262 0.044145359133602645 -0.5415029884346744 -1.9587796220441493 -0.02577066739222085 0.9988072606158191 0.041472024827358026 -1.9089809917731948 0.542687913923719 -0.020862488060792786 0.8396752852579592 9.520737701743595
0.8112927621363024 0.04824909477949015 -0.5826457576934776 -2.331890489392981 -0.02699335725876474 0.998617289422656 0.04510951041683049 -1.8943649016846504 0.5840166202850292 -0.020869454211963043 0.8114733841055704 10.006502137413198
0.7808292440490838 0.05377494275890037 -0.6224258567644911 -2.7514576598770333 -0.02819223750698441 0.9983066527227226 0.05088246135852008 -1.8772976597083566 0.6241080750816194 -0.022182936253537212 0.7810230649328399 10.463655588768654
0.7485920911174774 0.05776279954620824 -0.6605099091648394 -3.163946564528729 -0.02807006959589131 0.9980657418719153 0.05546932570839011 -1.8609719304006835 0.6624363760462151 -0.02298333940588737 0.7487655265839307 10.893121602376482
0.7196780020394375 0.05852562807278093 -0.6918369202631551 -3.6106911845235787 -0.02738584990119498 0.9980583481480317 0.0559423713942302 -1.8384025382919218 0.6937676762473954 -0.021313952019916073 0.7198834119797328 11.339299411916395
0.7000278182881875 0.0629313153161005 -0.7113372640142391 -4.1218977545532045 -0.029091555026192557 0.9977956494841214 0.059644977128982354 -1.8098711300317578 0.7135227642120726 -0.021059236053198923 0.7003154814282051 11.818969485115156
0.6901167316815539 0.06811351890543572 -0.7204855621006477 -4.665366457561049 -0.030214576043511503 0.9974047310251998 0.06535198484405784 -1.7814169665348265 0.7230670619297215 -0.023331332385141557 0.6903837142353912 12.32430152818733
0.6882212644994145 0.06560880440963483 -0.7225281834466822 -5.225539819098144 -0.029909019710420495 0.9976217141199029 0.06209964618600215 -1.7505066570833854 0.7248840884105452 -0.021128187343055577 0.6885467726079395 12.849894455961685
0.6904483909035043 0.06362437320208764 -0.7205782113229628 -5.777553048820805 -0.028199784906009762 0.997734705612403 0.06107560354007711 -1.718352312323546 0.7228317865382063 -0.021849401620441876 0.6906785156777453 13.378551483810956
0.692679443905373 0.062101573397483505 -0.7185670341537369 -6.350961403901128 -0.029739055341914834 0.997898151827902 0.057574883116045535 -1.688752931490703 0.7206322061761551 -0.018511433224165732 0.6930703790104399 13.925472284728073
0.6927105262123171 0.05774712788736382 -0.7189001294306551 -6.953009001268109 -0.0324145936975174 0.998274875220924 0.04895475072014696 -1.6575608388407368 0.7204869332542252 -0.01060861552735849 0.6933873638064905 14.498054007310339
0.6900247221155205 0.06271189930428923 -0.7210638671817116 -7.561385808690613 -0.03689063638986173 0.9979917048740129 0.051494057418410205 -1.6306485873339855 0.7228450482753193 -0.008931667722671116 0.6909524307038389 15.063689830019173
0.6869800914413757 0.07135645061647099 -0.7231643042342563 -8.186254305172671 -0.039792090952773224 0.9973679381075283 0.06061176068010535 -1.6043087280226163 0.7255859311348342 -0.012862853126553104 0.6880113396948052 15.641762657591578
0.6848359590587837 0.079171273675379 -0.7243836128769425 -8.791645454264323 -0.04140848773527931 0.996702156671097 0.06978644589503123 -1.5719881043805044 0.7275197910184383 -0.017796637654375495 0.6858558400747834 16.20442456126958
0.6826132080392959 0.07933850608920315 -0.726460329035132 -9.330037783849944 -0.041006469771434906 0.9966813772396917 0.07031857294111186 -1.5411070138498129 0.7296284517802087 -0.018210813137351862 0.6836012643622686 16.70445573309885
0.6791990257233558 0.07600167315503722 -0.7300085130558939 -9.828254782489164 -0.04049781343164806 0.9969896282231259 0.06611813913569921 -1.5107494774857886 0.7328360052315244 -0.015343627118355827 0.6802322857253649 17.162838858314554
0.6733826241176795 0.0741808283742149 -0.7355630810733376 -10.301422367636489 -0.040447286099953454 0.9971596586445104 0.06353449629225544 -1.4813719831951664 0.7381868723998928 -0.01303149545053745 0.6744704007907147 17.588172331675672
0.6659454571571318 0.0787463311761428 -0.7418326384152116 -10.746531389420463 -0.040912827640788 0.9967717795325746 0.06908082267820989 -1.4546809963031335 0.7448777004490154 -0.015653589165438738 0.6670173734769036 17.975041602185136
0.6590762024301811 0.08337667416968123 -0.7474402247635672 -11.217677741096322 -0.04229971848870847 0.9963721715437748 0.0738459855978436 -1.426498987163259 0.7508856725267743 -0.017053620657904778 0.6602119968740878 18.374728263356022
0.6542166559746327 0.08735449933172475 -0.7512454715283616 -11.746809985648053 -0.04445166550976802 0.9960313519943546 0.07710768624270835 -1.3919734038334435 0.7549997460123915 -0.017051020227539227 0.6555033533327077 18.81852809724467
0.6506348518472762 0.08801043261808271 -0.7542734605645678 -12.306454526520493 -0.04456858242420195 0.9959747927049756 0.07776794813402438 -1.354337673314933 0.7580817442877577 -0.016981638515087702 0.6519384119155537 19.28940415657671
0.6467806537757285 0.08871299828964328 -0.7574990361947008 -12.857624557005964 -0.04497256303527522 0.9959199783505305 0.07823595910011706 -1.3156957583350817 0.7613489702334132 -0.016534831621118518 0.6481314256134963 19.75014021566775
0.642533981669867 0.08899596712572179 -0.7610714816854078 -13.368475182172466 -0.047992929303948544 0.9959563982547146 0.0759442658290983 -1.2792231849532727 0.7647527450988929 -0.012270721692386263 0.6442070072987844 20.166202239537423
0.6397897417806856 0.09187727136603968 -0.7630384350204991 -13.87780447216314 -0.04886428008844057 0.9956827671392248 0.07891837145692351 -1.243500230948843 0.7669950250449094 -0.013205840689090361 0.6415171372052766 20.58184864428123
0.6379725409648082 0.09297251136576161 -0.7644260259209174 -14.38699008072603 -0.04710216110698233 0.9955375034674845 0.08177081147193176 -1.2088701872623366 0.768617215129844 -0.016161414544205357 0.6395047969217851 21.002767172693815
0.6369527404151976 0.09436860115095283 -0.7651050735646575 -14.908705270399711 -0.04771472493885208 0.9954023532253155 0.08305094952805926 -1.171306397971586 0.7694247926221112 -0.016392751761523862 0.6385270285493847 21.43237617529805
0.6373621426293863 0.09699310790653351 -0.7644356324514884 -15.455945636496072 -0.050737526296830995 0.9951760240150284 0.08396656865036306 -1.1311791968576854 0.7688921917721335 -0.014731539100490913 0.6392087133226328 21.878624617525347
0.6382967065821684 0.09695433104612296 -0.7636603774308011 -16.071908086134922 -0.051297557500183444 0.9951888593494841 0.0834727190235598 -1.0826710458852924 0.7680793415792874 -0.014106449520328695 0.6401992917217725 22.387509902956257
0.640484163914516 0.09780548326007169 -0.761717876394525 -16.775122163728817 -0.05176078417369706 0.9950994283199347 0.08424932628253527 -1.0255116011846004 0.7662250694126672 -0.014533244703127062 0.6424079138693365 22.974173364903347
0.6428127334861373 0.09963817641806297 -0.7595156505748653 -17.5073386705192 -0.05228946478752046 0.9948992993457761 0.08626236742355385 -0.9658889389536222 0.7642366135826746 -0.01573588133421514 0.6447439650732079 23.590988533057224
0.6444533500728189 0.0988392627561428 -0.7582286460677548 -18.27633493092175 -0.05329281246984008 0.9950050777957912 0.08440836036580521 -0.9022063426494997 0.7627842130766568 -0.013989113567747386 0.6465017780196856 24.240293691469894
0.6449432966609202 0.09705686989489119 -0.7580422864843016 -19.07615233068244 -0.053905485117399135 0.9952096065435957 0.08156002524274279 -0.8355689716530093 0.7623269264340605 -0.011738954363363745 0.6470856621685062 24.915010675928368
0.644872708771372 0.0986323589845602 -0.7578989690209449 -19.90132484658185 -0.05454820168365821 0.9950487243961469 0.08308146466377048 -0.7725481049723193 0.7623409231931284 -0.012234943348427655 0.6470599840712683 25.608842607025455
0.6448182564114092 0.10035290828953454 -0.7577194137650028 -20.683987246952817 -0.05680621877951097 0.9948938384696864 0.08342244112362968 -0.7162680723539486 0.7622220606270351 -0.010749138239104866 0.6472263794999347 26.264435169668147
0.6441889862325011 0.10035915048314394 -0.7582536455112111 -21.440172596282636 -0.05805941995583194 0.9949103030859788 0.08235649681570625 -0.6622521351831675 0.7626595923288018 -0.009029381355594163 0.6467370536015404 26.898566006507245
0.6433004390970217 0.09999854674355832 -0.7590552257291643 -22.263579690528633 -0.05839575417526489 0.9949541349521942 0.08158557002209524 -0.5995394583289506 0.76338357393376 -0.008158430652064274 0.6458939224496665 27.587813005838562
0.6420608318871667 0.10165044135554674 -0.7598849096597321 -23.1447254203659 -0.05911977369106702 0.9947843418323848 0.08312018770324665 -0.5284410491772814 0.7643708134898113 -0.00844399297302379 0.6447216131537675 28.32120406327833
0.6409320191180027 0.10412559661706455 -0.7605024700804448 -24.015287400887537 -0.05964249065091952 0.9945168681754251 0.08590094425264656 -0.4589364801606314 0.7652770218543575 -0.009698404182217691 0.6436280142893442 29.044215617498768
0.6395027948749509 0.10217617113757156 -0.7619686380677286 -24.84590463551004 -0.05921737281557517 0.9947308755607965 0.0836886369997108 -0.3943527435518917 0.7665047149913347 -0.008397336346357595 0.6421837794886598 29.732947126032695
0.6381947375874936 0.1012667357581526 -0.7631857736780187 -25.69669029527894 -0.057503872830200274 0.9948123333586106 0.08391499274338217 -0.32745996910969327 0.7677244176950202 -0.00966796909812049 0.6407072255315688 30.438239541719376
0.6374827481239533 0.10277874857415824 -0.7635785975823702 -26.56141950226345 -0.05646020954452312 0.9946296097324473 0.08674205543832385 -0.2595922501319147 0.7683931224201062 -0.012184756255529354 0.6398621266589183 31.15119378856334
0.6367435973571824 0.10181246009491329 -0.7643244168506284 -27.430974724601832 -0.056572104889681896 0.994741420880513 0.08537624103324115 -0.18943434522538932 0.7689975215649167 -0.011123333764521239 0.6391549759432206 31.861765004357267
0.6364672528943545 0.10015589263440865 -0.7647733214251891 -28.27180427859856 -0.05508910129962876 0.994903932808814 0.08444735282737577 -0.12185121420749605 0.769333885196221 -0.01161729969299444 0.6387412711237087 32.55474092554018
0.6363648539438909 0.10177775013346585 -0.7646444024791766 -29.080060996456226 -0.05357833477515437 0.994695420738827 0.08780878090445386 -0.05671585845302214 0.7695252658020338 -0.014910048255276774 0.6384422885064355 33.21813567712045
0.6360781443893166 0.10371020215787893 -0.7646232982316276 -29.924122230439906 -0.05342849983498132 0.994467790082618 0.09043898436832551 0.015111691002557825 0.7697726869898841 -0.016673585594067612 0.6381003070895762 33.90774520897194
0.6346678451390475 0.10254588117756784 -0.7659510876029036 -30.753138617846453 -0.05513088968899374 0.9946394382991454 0.08748127103590374 0.08677300049125669 0.7708160035628846 -0.013293984860581615 0.6369191146588943 34.58275037978545
0.6327569740637075 0.1019279267257645 -0.7676127340834861 -31.56297089502571 -0.056700003213361445 0.9947365732803175 0.08534787293268108 0.15676087418067358 0.7722717924470273 -0.010480817330506327 0.6352058178722392 35.23909565962893
0.6319327826563771 0.10298379297115029 -0.7681505689573107 -32.4205095247674 -0.05721221178931891 0.9946268110963632 0.08628018005573633 0.22999028065746419 0.7729086110442431 -0.0105756812334433 0.6344292190150983 35.93605054977115
0.6307225548855656 0.10412647808925947 -0.7689907251191971 -33.30805789091119 -0.05856918758119011 0.9945177507294926 0.08662617243089432 0.3080874515010079 0.7737950045229699 -0.009597918767869628 0.6333633798465321 36.65556900891288
0.6291965948763588 0.10636456186887693 -0.7699339094847257 -34.239291096950105 -0.06151103961493444 0.9942993717353147 0.08709277451227143 0.3919601385610183 0.7748083872813228 -0.00743904195425947 0.6321523737623065 37.40472126233826
0.6286612492487201 0.103283842051483 -0.7707901670779924 -35.18755386962905 -0.0616703738813884 0.9946411388187191 0.08298053961458833 0.47673010466415744 0.775230158519628 -0.0046317319096424395 0.6316618940391687 38.171413816687156
0.6290878785992662 0.10132369448699377 -0.7707022446671462 -36.115191408953905 -0.06063716781157553 0.9948437403066013 0.08129616382437325 0.5542261870535949 0.7749655314136654 -0.004409229895893744 0.6319881199931376 38.923507375600295
0.6287356851449114 0.10333879437524549 -0.7707220846728254 -37.00517382674423 -0.060621296624582426 0.9946279181839851 0.08390686959089255 0.624526047096591 0.7752525373198802 -0.006033071030526729 0.6316225973103152 39.63996937857952
0.6284610436126118 0.10175848198632881 -0.7711562280142599 -37.84287404484167 -0.06109475680267184 0.9948007116417112 0.08147990432225675 0.6904663736884792 0.7754380357917506 -0.004093343496424316 0.6314104031344844 40.313079374506536
0.6281854642116287 0.09996642936564475 -0.771615017708378 -38.64893041879712 -0.06181401082454521 0.9949894135532982 0.07858177258527219 0.7564829889673137 0.7756043131771527 -0.001667308233044548 0.6312172125855358 40.96430451629068
0.6266180088108643 0.10394034495573395 -0.7723640823629664 -39.5005231808228 -0.06462786342869356 0.9945829266793388 0.08141278294346606 0.8213280949763878 0.7766422022415141 -0.0010984755076038058 0.6299410155316213 41.64227861200662
0.622542403447053 0.10898633521812591 -0.7749599568016952 -40.37892300775424 -0.06851242104960574 0.994043193810879 0.0847595245396391 0.887384937032299 0.779581300489107 0.0003279847350455951 0.6263009566923289 42.32981158147924
0.6179866029745452 0.10910860751167288 -0.7785806768157311 -41.24137136960925 -0.06965339799442921 0.9940271481210216 0.08401448057457252 0.956298518594801 0.7830970327435871 0.0023109663020671823 0.6218952457954154 43.00418944241728
0.6144793692063925 0.10919668834353408 -0.7813393552576983 -42.10993606259378 -0.0702219213501284 0.9940142129870086 0.08369364457180094 1.0245658716217703 0.7858014931149023 0.0034391328296018574 0.6184692278390015 43.67952466783624
0.6118130215367412 0.11193796493375098 -0.7830419648298358 -42.97529844507662 -0.0711048140249674 0.9937113699699037 0.08649750640919501 1.0944301988166574 0.7878000584542739 0.002757752531367292 0.6159248839756505 44.34958432579277
0.6102978569864961 0.11494799044645947 -0.7837879083336305 -43.78475034099044 -0.07278825141398614 0.9933677617024088 0.0890076427417194 1.1587222426399373 0.7888208898183315 0.002729377706339597 0.6146170793946033 44.97192639181514
0.6080389706858992 0.11538621950684445 -0.7854773265188163 -44.544230418999305 -0.07379140490276352 0.9933127678815461 0.08879512219697128 1.2234903228491953 0.7904703907735622 0.003970580740515092 0.612487384195687 45.55743352002534
0.6062736865832897 0.11782922581538133 -0.7864785378511301 -45.33500910703986 -0.07555774975189218 0.9930234967098348 0.09052823556548514 1.2929166001205499 0.791658539655284 0.004539661432022578 0.6109469273717202 46.16196916470106
0.6045228263128518 0.12197190784470255 -0.7871943890573925 -46.106820067746156 -0.07713059871305289 0.9925271825245129 0.09455507755861088 1.3588917278551527 0.7928448922764698 0.0035560718035902096 0.6094131038502871 46.74729678630565
0.6022081231190141 0.12013350697529655 -0.789248577414801 -46.81508395851983 -0.07761464915920703 0.9927400787706679 0.09188635501693296 1.4180540438210738 0.7945573249837717 0.005922542040458438 0.6071602595776606 47.27986339186075
0.5998542227991848 0.1172447220398647 -0.7914724167927629 -47.565109159652955 -0.07471310302086913 0.9930911885132371 0.09048670363294128 1.4837591941665023 0.7966133714839202 0.004854528932615802 0.6044696600507459 47.844736217577505
0.5974273803674969 0.1162585764592088 -0.793450986883818 -48.36654200711413 -0.07350581925482598 0.9932090282218228 0.09018159897859371 1.5486774941041523 0.7985470679445928 0.004446308394311854 0.6019159497959466 48.43963947421617
0.5939901457239957 0.11738670173195354 -0.7958618404216123 -49.160164315909675 -0.07323900062240526 0.9930791948305011 0.09181373308297394 1.6138038060839504 0.801131546982527 0.0037516731325673474 0.598476540374048 49.0236904115351
0.5906066669429051 0.11711513630658733 -0.7984158126004757 -49.93006152710411 -0.07170259906249328 0.9931151008113357 0.09263440952567516 1.6784596780894585 0.8037676917183688 0.0025379890418635994 0.5949378592435922 49.586904813500794
0.5882325186924774 0.1208169379775015 -0.7996160150037271 -50.68884008588595 -0.07250126397485518 0.9926741732459098 0.09665170713750795 1.7452203047162358 0.8054353299146688 0.0011194946568829946 0.5926826098823563 50.13576647181208
0.586816883522298 0.12580807076130887 -0.7998864135266276 -51.52086832255154 -0.07498198978312842 0.9920543568993552 0.10102402766256331 1.8186289602673757 0.8062404395844575 0.0006944698129010092 0.5915875854768584 50.732366499590924
0.5855336783800079 0.12281474949424132 -0.8012907392385363 -52.36944280087229 -0.07667638614977146 0.9924160792729803 0.09607839199036143 1.8994139044931648 0.8070136574369651 0.0051829438651372515 0.5905100285372833 51.34325690179511
0.5847126647691442 0.12092179902653137 -0.8021776724509035 -53.190542138980184 -0.07667246847801981 0.9926394867702264 0.09374530325315164 1.9767626541881131 0.8076090837998616 0.006690876230021413 0.5896802522886637 51.93561207659661
0.5845362642818372 0.11597716755164598 -0.8030358972960842 -54.02643764305824 -0.07484738426694007 0.9932188218697096 0.08896201971706763 2.0542431695010723 0.8079079308979641 0.008103609716685193 0.5892530073760588 52.53960048707417
0.5846071984847951 0.11831631831670428 -0.8026429295145726 -54.8607408426465 -0.0729445159664296 0.9929677446186209 0.09324245673205546 2.126278802788724 0.8080306436455125 0.004038188577350924 0.5891266179378013 53.1400295783256
0.5854564889268733 0.11866393650762533 -0.8019722998619887 -55.635017794724746 -0.07280939246139168 0.9929283233701323 0.093766395999727 2.188868416815598 0.8074277007527171 0.003494970942489452 0.589956179080524 53.69118807339056
0.585299349711821 0.1197636912957028 -0.8019235184692756 -56.48181544612928 -0.07331041396285834 0.9927968594644754 0.09476275134284237 2.2618378768586327 0.8074962875651578 0.0033247683676658523 0.5898632820271055 54.29522751867334
0.5849170115291935 0.11824154936812992 -0.802428205901797 -57.395508024906 -0.07279397606467014 0.9929773445836667 0.0932578693315621 2.346003330059319 0.8078199840759397 0.0038638253830342896 0.5894166134246278 54.955609759794086
0.5850418439033744 0.12061129003339507 -0.8019843873783424 -58.25615058925972 -0.07397187722656005 0.9926934569050603 0.09533027849249329 2.4216504317242142 0.8076225617587193 0.0035520887316982538 0.5896890539970409 55.574425136533584
0.5840731760265961 0.1227415624798646 -0.8023671440719652 -59.04917984883333 -0.07468180211148395 0.992434125989886 0.09745324009014998 2.487593705156028 0.8082580983074553 0.0030024008208027384 0.5888207130440694 56.13956065331635
0.5828895124943706 0.123451273073534 -0.8031186708081155 -59.80230445466599 -0.0750356746956973 0.9923458134381983 0.09807871366733026 2.5517843374437468 0.8090793927341338 0.0030934977291734666 0.5876912169879385 56.67881724174109
0.5819456255008002 0.1252793973567713 -0.8035199820529679 -60.5238824386299 -0.07673672756930398 0.9921135002397983 0.09910740277035977 2.612676030720984 0.8095991375998588 0.003984374462333869 0.5869696424498528 57.19544531233372
0.5785946420647289 0.12349696754284993 -0.8062113489536746 -61.13642123916677 -0.07642316781249268 0.9923302744844408 0.09716030960805958 2.6646114942891668 0.8120269328017945 0.00539679065284931 0.5835950094501824 57.63175595501697
0.5728092171201752 0.12191469315204129 -0.8105716553000178 -61.68403706642367 -0.07697423557472884 0.9925079931870499 0.0948833521619953 2.7145939972831834 0.8160665217001961 0.008043074875611077 0.5779020168736981 58.01281724670575
0.5691087176758025 0.12289336843309681 -0.8130267446158005 -62.275182744908555 -0.07832399196723407 0.992374280800014 0.09517688316480905 2.767668960665965 0.818523438728372 0.009513506284130283 0.5743943536025249 58.4206967828406
0.5671434608941311 0.12388131048810863 -0.814249172966587 -62.91011009059981 -0.07746493061830827 0.9922643253269209 0.09700872748267204 2.8230552266414652 0.8199679745510345 0.00805789024841333 0.5723526807095585 58.86305038433278
0.5651928731271361 0.12446603990126331 -0.8155153101429704 -63.60036695495127 -0.07840744683658864 0.9921824274936388 0.09708914899922587 2.883690305006259 0.8212242619692008 0.009068378252117978 0.5705335012679073 59.34037097930747
0.564020604870192 0.12616110484876475 -0.816066255217796 -64.28079109306296 -0.08163454609546135 0.9919377953169599 0.09692889716443312 2.9445162709844444 0.8217156187913484 0.011949303120443507 0.5697724598375095 59.808891724457034
0.5645941661560243 0.12524610720757967 -0.8158105418367222 -64.88101748180274 -0.08320335758582642 0.9920211690275399 0.09471642670452968 2.9986360403614247 0.8211641911512133 0.014401834278205506 0.5705102613804556 60.22410173475814
0.5655595575935718 0.12436731901112182 -0.8152761230261466 -65.51274906820478 -0.0843502280107523 0.9921028589362897 0.09282756231298384 3.057353412308142 0.820382487531941 0.01626921179475679 0.571583665703002 60.66229273912832
0.5662713953151851 0.12655219149687733 -0.8144453632228048 -66.26256056352263 -0.08474978147560795 0.9918447172069336 0.0951920768159363 3.123949410070914 0.81985009690042 0.015119516395444335 0.5723785625233873 61.181657983495406
0.5665780975180147 0.12244393094553861 -0.8148599531130896 -67.07129203653636 -0.08308005912417295 0.9923473706562448 0.0913476859452822 3.19428049656221 0.8198091016747674 0.015943014967005224 0.5724149343657728 61.744712757279544
0.566150464974636 0.1255775800943674 -0.8146802577616826 -67.91598050491528 -0.08485053540241577 0.9919556880504765 0.09393774313994051 3.26821999138528 0.8199231900921726 0.01594315909551164 0.5722514989295611 62.33063120648992
0.5667171641299197 0.12566954171409228 -0.814271958356609 -68.82265216409401 -0.08453502818923257 0.9919523511153563 0.09425689431420352 3.3515693867677 0.8195642042510065 0.015417503107938614 0.5727799016274319 62.96216787875998
0.5677093001456022 0.12925750936049213 -0.8130182327611775 -69.7491243070448 -0.08381144082540445 0.9915400030399779 0.09911642022513976 3.440761627530433 0.8189516425986081 0.011870915946086845 0.5737397392892023 63.60870353641961
0.5682566145496969 0.13044161331265614 -0.8124465554957471 -70.610466114113 -0.08500884412272758 0.9913784034361541 0.09971137157464036 3.520492240619582 0.8184484812383936 0.012403496151072918 0.5744460260475274 64.20895029778625
0.5698810498516172 0.1305744833539179 -0.8112865667055454 -71.4489948242061 -0.085060540596737 0.9913642951929055 0.09980750798442432 3.5985590916211416 0.8173128491914267 0.01213006650960704 0.5760664614721674 64.79955124347404
0.5726262511087695 0.12876786582279487 -0.8096406692308351 -72.32918552704498 -0.0861828154645937 0.9915705540865729 0.0967489461805085 3.6836333014853424 0.8152740023205148 0.014376126038882555 0.578896906314417 65.41542300177892
0.5745429235953119 0.12863824408654595 -0.8083023141776086 -73.23167297033542 -0.08568106598782166 0.9915986142411087 0.09690687883891304 3.77123120521344 0.8139773853601467 0.013579042434554895 0.5807378287392853 66.0483155610334
0.5769962250999162 0.12930518673203426 -0.8064462318745349 -74.11451602141982 -0.08598756797542817 0.9915181518205202 0.09745713295643096 3.8535263068333347 0.812207790146165 0.013111952356918194 0.5832208692521839 66.67082140459665
0.5787395430307574 0.12544298160695108 -0.8058068004789385 -74.95549367751606 -0.08504572904701548 0.991994761235805 0.09334676026288212 3.9292165644318224 0.8110658205740214 0.014506965439832232 0.5847749846311114 67.26938566228692
0.5778930990664534 0.1238963152554814 -0.8066531281272517 -75.76207007734179 -0.08448273677703873 0.9921809045387597 0.09186794792149391 3.9977505783699643 0.8117279305518758 0.015058410764721877 0.5838415975478365 67.83950016488583
0.5779101981325366 0.12467603773799597 -0.8065207303649186 -76.6161577450809 -0.0855647465682475 0.9920714685690188 0.09204822320945645 4.069391834982972 0.8116024131550639 0.01581413498298725 0.5839960925345451 68.44072515480902
0.5785910139173283 0.12635185871241703 -0.8057714604117169 -77.53045910194662 -0.0863054862284174 0.9918658004824007 0.09356065882773032 4.145317037307102 0.8110387177323866 0.015409141225905537 0.5847894977730761 69.08678541449461
0.5774671918193174 0.12814471264216484 -0.8062943476139247 -78.39087723436998 -0.08683919773133404 0.9916432020638344 0.09540814188505896 4.215082938887641 0.8117823575994302 0.014922882511038656 0.5837693992218783 69.69144802209901
0.574748001258045 0.12617116214060609 -0.8085453437463893 -79.13036045976122 -0.08696121303705533 0.9918648208473081 0.09296195239266943 4.273139052884326 0.8136968000901842 0.016882387556916668 0.5810443206102034 70.20442835856215
0.5728639178399536 0.12141022593060047 -0.8106087149029025 -79.79631215487336 -0.086217410412349 0.9924080300703293 0.08770895047663499 4.3280490130137395 0.8151033614081384 0.019643291256934838 0.5789824274792359 70.66829760391644
0.5711826378197558 0.1207739150318161 -0.811889189299346 -80.44625102725911 -0.08331869590548721 0.9925379849406091 0.08903001383039488 4.3773898767640675 0.8165833632678746 0.01679315032741051 0.5769831894745351 71.12300616341041
0.569040428251374 0.12074693889389526 -0.8133960706588413 -81.08200087887147 -0.08198537749890268 0.9925626195560897 0.08998802218246499 4.4251162604115235 0.8182123128454218 0.015479761228885261 0.5747077414655577 71.5616873429834
0.5667159316420208 0.12197773728477405 -0.8148340226266936 -81.75439920805607 -0.08229892938421719 0.9924148076177122 0.09132215417579163 4.478675061160753 0.8197926195357744 0.01530624800472191 0.5724559194616569 72.02348368388327
0.5636639984518766 0.1217268018092242 -0.8169856073215346 -82.48626957595887 -0.0825632476966545 0.9924312111982354 0.0909043517626108 4.536691274417389 0.8218675118162433 0.016213474670700504 0.5694479047815347 72.52381818645158
0.5596383652589376 0.12213674784961216 -0.8196874495531941 -83.22792176243453 -0.0825356682529203 0.9923771685892471 0.09151731382000435 4.599720628224134 0.8246167373976512 0.016436851508288396 0.5654529744515875 73.0294311788673
0.5539394820115007 0.12323095658753094 -0.8233864108711949 -84.00683778606248 -0.08384037529992586 0.9922144255969326 0.09209411005549012 4.667984986141108 0.8283247199851016 0.01801846208385164 0.5599584746083729 73.55309870346122
0.5489799468518021 0.12519764764788788 -0.8264058125267657 -84.89171670226473 -0.08559999747889913 0.9919409708766079 0.0934117269296587 4.743192351603037 0.8314407124901957 0.0194591705836597 0.5552726197949903 74.13683272730167
0.5473943919182038 0.12602450854193575 -0.8273313743254629 -85.86870250771139 -0.0864430042757981 0.9918229954699767 0.09388691425716982 4.8255797347676666 0.8323983341575554 0.02012383918943794 0.5538122826265272 74.78051288031865
0.5467807258978147 0.12427514517983777 -0.8280015254075229 -86.82381784783169 -0.08528077820897566 0.9920463868640318 0.0925805334726867 4.908323340002403 0.8329213808365886 0.019991363148769967 0.5530301246267915 75.4130190308121
0.5460498502433918 0.12445053886629735 -0.8284573763477837 -87.66987564895406 -0.08548953193879352 0.9920197610876714 0.09267326227365277 4.981985929943592 0.833379325984305 0.020220212349118322 0.5523314602976206 75.97130737145822
0.5453861958964652 0.12573058018080505 -0.8287012239239039 -88.49518360287593 -0.0863788063636514 0.9918522981365824 0.09363610677707102 5.052426618024448 0.8337221354484793 0.020514382480941895 0.5518030092113063 76.51335958418836
0.5449084998766085 0.1267353465960715 -0.8288624003327654 -89.35318079815112 -0.08602343101283445 0.9917451186961208 0.09508726970101507 5.127149197946828 0.8340711576832059 0.019487726024015457 0.5513125542334487 77.07531363820877
0.5434935726390848 0.1286050625275531 -0.8295031491153506 -90.18549103148978 -0.08582303850315326 0.9915288089610069 0.09749372832366922 5.199823094344852 0.8350144564988616 0.018203265988478344 0.5499268119897984 77.61835509832248
0.541674987410807 0.12838785212479426 -0.8307254464865511 -91.01652456896765 -0.08726559780149534 0.9915160268203114 0.09633630675299622 5.2764518663362745 0.8360460055845306 0.020310784948930207 0.5482832740116272 78.157075273026
0.5394390944658076 0.13431495567054158 -0.8312430186444427 -91.88479667335679 -0.09025165829367086 0.9907315779724202 0.10151639563891589 5.355966929092531 0.8371738777202445 0.020259148340808327 0.546561492763032 78.71395536802545
0.5380828242969443 0.13217320343739658 -0.8324644848218546 -92.70903058402348 -0.09116498895010777 0.9909611962708812 0.09841164705006596 5.428458382840659 0.8379473843782493 0.02293799857172806 0.5452687678889867 79.23950199327953
0.5375964450850031 0.12819707118371648 -0.8334000079024958 -93.46295037356174 -0.0895155833300112 0.9914665609565332 0.09476823753826408 5.496908198611404 0.838437250229887 0.023655220247085978 0.5444845341990969 79.72592304103514
0.5373589840981149 0.13062381723504687 -0.8331762962182631 -94.22301655485299 -0.08951588548788124 0.9911856007399904 0.0976627417750534 5.563473412852392 0.8385894278217212 0.022102562219011877 0.5443153941319251 80.21507214901145
0.5372146619476285 0.13457305453735702 -0.8326406787930655 -95.00597227880966 -0.09155543577609024 0.9906604927529012 0.10104152749451491 5.633041764767776 0.8384616921293094 0.02195179015616088 0.54451823637101 80.71765511605213
0.5367941366344625 0.13666715810417224 -0.8325708034579324 -95.71197764975044 -0.09321946974453273 0.9903589890203928 0.1024656202199023 5.695621933147255 0.8385476643193334 0.022608864682470864 0.544358938479346 81.17100963370417
0.5360028570054851 0.1371889934975846 -0.8329946682572903 -96.32358537773125 -0.0953069087430071 0.9902332012166377 0.10175853946523392 5.749686428831066 0.8388191285538312 0.024847278952938284 0.5438428838376264 81.56092373415079
0.5356914053729817 0.13835043235978914 -0.8330029268108097 -96.92958585806362 -0.09662586348060018 0.9900500655755747 0.10229521083816205 5.802879147147602 0.8388671889614872 0.025690961828141217 0.5437295410074732 81.9467559444547
0.5353516114432706 0.13925661470562434 -0.8330703736094681 -97.56216157811564 -0.09677738908315305 0.9899323671097082 0.10328623098367629 5.858895765960579 0.8390666177886835 0.02532792548343824 0.5434387795358044 82.35145802134832
0.5349427155465512 0.13821609564255447 -0.8335062099282801 -98.22600999109844 -0.09646879098437336 0.9900685508592669 0.10226454402890522 5.919757468887415 0.8393628913942373 0.0257016634627961 0.5429634988151146 82.77644406404063
0.5345277581290602 0.13704458885990028 -0.8339657405755576 -98.93379031936436 -0.0971519484876518 0.9901877966893946 0.10044713133012056 5.986365954839753 0.839548434990247 0.027329616748478364 0.542597011928566 83.22906305305041
0.5326904296838585 0.1389633888976141 -0.834823384117451 -99.63370987575215 -0.0994022582939341 0.9898728774608468 0.10134533789694054 6.05167775490766 0.8404523170110794 0.028997638067081995 0.5411090831036187 83.67161664087895
0.5296690521969247 0.14105207757540644 -0.8363940498093405 -100.32109928047451 -0.10138263343265386 0.989534949516896 0.10267494983125144 6.113238332647041 0.8421236588429702 0.030412087995587495 0.5384262699020895 84.09920357126309
0.52740993376912 0.13992298766392422 -0.8380097369868983 -101.05153434097426 -0.1012448651390985 0.9896676043329591 0.10152590909134146 6.17811582104688 0.8435568973368767 0.03129840981677585 0.5361270096705852 84.55312802789753
0.5261784115953911 0.13944419883478032 -0.8388632752613945 -101.82333589482015 -0.0987600470630699 0.9898090983027381 0.10258850823175392 6.247110034263607 0.8446198744257982 0.028866318234971326 0.5345876947671979 85.03733092005004
0.5261759628568418 0.13958165321426286 -0.8388419506663013 -102.56193989376892 -0.09798754513985407 0.9898181709951623 0.103239669532852 6.310479427631427 0.8447113691132258 0.02787383098464691 0.5344957927216074 85.49923105174487
0.5260525899531511 0.1392801181659535 -0.8389694400198714 -103.29779583641853 -0.09890430919484558 0.9898236529647284 0.1023087173912729 6.37599046216134 0.8446813660939088 0.029157927142287734 0.5344747001107664 85.95780954641465
0.5250730410589425 0.13869944479401644 -0.8396789657761723 -104.17310414514408 -0.09730924825407575 0.989944280578563 0.10267049992093312 6.454837275417988 0.8454757310280056 0.027799017313912884 0.5332897925884583 86.50575415469079
0.5254574269411812 0.13850838117495434 -0.8394700237749073 -105.12066408473288 -0.09596221925566582 0.9900123113018546 0.10328056906448281 6.539970814440338 0.8453908829339719 0.026287864406402593 0.5335008933798243 87.09866158374018
0.5248527946386008 0.13770072072213863 -0.8399809851851713 -106.07182590476995 -0.09564558429566346 0.9901188695447019 0.10255021392595515 6.627833230027341 0.8458022618584038 0.02651670575545886 0.5328371215963537 87.69141786388684
0.5222545847346506 0.13955881652580135 -0.8412927465832284 -107.05394114429693 -0.09664329222395428 0.9898488238692958 0.1042083487667056 6.721141311483934 0.8472958295611711 0.026882012842896628 0.5304405099478754 88.30014897524148
0.5201721128360962 0.1415010212815788 -0.8422579379286955 -108.06195393550394 -0.09853011543371985 0.9895373528742142 0.10539280629771154 6.817181311169561 0.848358880062117 0.02816537311947521 0.5286718475356827 88.92192272181529
0.5189446673693577 0.14543457013364847 -0.8423450706325433 -109.10292832249783 -0.09927745411956004 0.9890061113317169 0.10959424643680155 6.922143764072858 0.8490232148253931 0.02675252433981852 0.5276778213351428 89.56355780764942
0.5190715259043108 0.14842478176819923 -0.8417451129364693 -110.12782183125469 -0.10053559785555574 0.9885732812537253 0.11231856994755988 7.0300822207156335 0.8487975875078795 0.026323976680990274 0.5280622157402509 90.19250154184637
0.5189110898854223 0.15159663510387447 -0.8412786345908843 -111.11459735538054 -0.10281347710713434 0.9880733124347689 0.11463209925374507 7.138929481563692 0.8486228076825794 0.027010914078616395 0.5283083766149981 90.79511461648859
0.516904645672961 0.14706612361181975 -0.8433155652349245 -112.08962341924992 -0.10362288924216212 0.9886376518882254 0.10889393965707601 7.245279373779348 0.8497481298048367 0.031099012118156303 0.5262708117865349 91.38896513193609
0.5148181972147275 0.14858923047158099 -0.8443242649624835 -113.10251000539074 -0.10374787451651511 0.9884250911859991 0.11068973596161023 7.354019161007902 0.8509985912737362 0.030611757574646268 0.5242750403636518 92.00075831997832
0.5138640785714842 0.14983419234236942 -0.8446853991628991 -114.08927534541515 -0.1035168102723661 0.9882644287767502 0.11232848617156083 7.4621240231080534 0.8516031815023443 0.029717564161104878 0.5233439477393592 92.59319859889887
0.5131073540099115 0.1516930472664794 -0.8448136259980386 -115.02421984427917 -0.10221317471543873 0.9880540698202792 0.11533265810762361 7.563982463522332 0.8522167037646814 0.027173047723588344 0.5224828373275757 93.1528076955773
0.5130204647801259 0.15152924088818645 -0.844895787581303 -115.89755153671051 -0.10257929069483786 0.9880642205552412 0.11491990767096685 7.656934423684993 0.8522250241792526 0.02771254615529793 0.5224409277117021 93.67232879885051
0.512304498245148 0.15101637375811758 -0.8454218804447472 -116.78851760730542 -0.10312263405029541 0.9881124678145201 0.114015232736786 7.753644927274709 0.8525900676317523 0.028771614595693357 0.521787668280156 94.20171680025034
0.510542538477567 0.15288502140796076 -0.8461515742666713 -117.71229793631524 -0.10230446338989024 0.9878763976478006 0.11676480523217186 7.856403938036904 0.8537447587981952 0.02695168268379095 0.5199937438326782 94.75095009531366
0.5097792154931213 0.15490949582490968 -0.8462435816917532 -118.62353661080873 -0.1004100533775771 0.9876457494788631 0.12030666946201601 7.9610222897328535 0.8544255219923678 0.023641523631164174 0.5190357460989256 95.29310995817073
0.5100890751026652 0.15408250100465207 -0.8462078458304768 -119.48154847446978 -0.0997617871760713 0.9877820737516791 0.11972535485127817 8.057978652768771 0.8543165228885278 0.023348611500034915 0.5192283900757716 95.79843012150093
0.5102883555370765 0.14471264035602363 -0.8477405534268438 -120.27731686148287 -0.0999963070611879 0.9890388507939752 0.10864110729485983 8.147798253846485 0.8541700842205793 0.029332632703470966 0.5191657383546159 96.26687418786446
0.5094286059689748 0.14456779826979907 -0.8482821742344506 -121.08630075189475 -0.1001619276665014 0.9890478579882481 0.10840628604921644 8.23318349452023 0.8546637254889423 0.029740314596127356 0.5183294608847608 96.74660578077255
0.5082020803729412 0.14984676065085753 -0.8481017591227225 -121.9419902032831 -0.09956401251900922 0.9883669670030798 0.1149684563184328 8.320879068163979 0.8554634141304522 0.026013205484395317 0.5172094935562364 97.25030417996956
0.5076398614187623 0.15219375831244825 -0.84802053691492 -122.80762453062466 -0.10060274819719518 0.9880120222290388 0.11709539267645304 8.410319580863034 0.8556756734615704 0.02587090763025181 0.5168653963891144 97.75514315613485
0.5088446807705803 0.15271257033139027 -0.8472047932550096 -123.6442371196893 -0.10146108692037491 0.9879192132703964 0.11713784995522551 8.49838234346738 0.8548583149811567 0.026353347301185936 0.5181918200759269 98.24465333091746
0.5120888835783564 0.15082200618317385 -0.8455871911082573 -124.44810031971195 -0.10261578295035963 0.9881546879221581 0.11410658976125237 8.584507822698834 0.8527807317270704 0.028337875508596 0.5214997491914095 98.72059614346297
0.5179797800443143 0.14852851784819912 -0.8423990900108203 -125.15412077218878 -0.10355658394531322 0.9884546448130445 0.11060492334923956 8.657048629455975 0.8491012786392571 0.02994485821190367 0.5273806254308636 99.1469872809728
0.5299235662855909 0.14731467453533917 -0.835152321772325 -125.77644149710433 -0.10572619291226718 0.9885898686998995 0.10729419199653596 8.717430266636011 0.8414291330988245 0.03143975461829348 0.5394520885139878 99.54202085456815
0.5495231693439012 0.1486866988556477 -0.8221414427807671 -126.36952057219099 -0.1082178030946225 0.9884142683557641 0.10642434497853133 8.774284202011343 0.8284402171838401 0.03048769742282672 0.5592470892711445 99.94916695127552
0.5733957988316836 0.1503216791206484 -0.8053698843814076 -126.93892311727869 -0.10944186050236522 0.9882669767766985 0.10654042323184965 8.828723740019937 0.8119357961390524 0.027051347452383967 0.5831196168446532 100.36990169122846
0.6019586137869105 0.15203189683903343 -0.7839209970598212 -127.46079611546418 -0.10978607396483714 0.9881427580967725 0.10733549079538836 8.879739435395182 0.7909442744284384 0.021452085316468757 0.6115120299588945 100.79510273596355
0.6331299383645251 0.15241579091301227 -0.7588912358348139 -127.92761231961822 -0.1115244857904081 0.9881545005438267 0.10541808252933538 8.925422595524829 0.765969170538683 0.017891610753020416 0.6426282907318556 101.2072723023931
0.6671399736400115 0.1515418102356969 -0.7293554245510828 -128.37812356522997 -0.11474230860115078 0.9883095479269547 0.10039143436216416 8.969366380959542 0.7360424296115566 0.01671278632970654 0.6767290629082042 101.64051584962742
0.7014330288866415 0.14938504888686924 -0.6969044505210001 -128.793487505128 -0.11666771965327451 0.9886649952809083 0.09449957829060626 9.014965038149363 0.7031218594083225 0.015021127629613074 0.7109106951980115 102.08970029894131
0.7348341764460604 0.1457241993585419 -0.6624071186575139 -129.1299668807266 -0.11859411582001908 0.9892066223382284 0.08605634209665973 9.050287057554469 0.6677980000117608 0.015320445277514916 0.7441848662374108 102.49592918555103
0.7673794148248793 0.1458646973835489 -0.6243815530268565 -129.457459322505 -0.1222490150115992 0.9892013203270168 0.0808450752487518 9.08030749769693 0.6294314990781117 0.01429118331308528 0.7769245459166513 102.90923902106219
0.797168526534591 0.148852293517989 -0.5851199321652794 -129.75122331920912 -0.1254291850626704 0.9888176948409136 0.08066651042416587 9.106764695447403 0.5905843376158756 0.009086312999896394 0.8069247666783362 103.36033047687935
0.8257185087831884 0.14989660504765892 -0.5438013902593954 -129.9905724512348 -0.130510435393661 0.9886552616084185 0.0743491758349919 9.129130310576619 0.5487767947956834 0.00958026561070324 0.8359140195047614 103.75238206167762
0.8530589441419129 0.1475531078419955 -0.5005182496030002 -130.1787814713842 -0.13191724765438706 0.9890122335228231 0.0667281178625927 9.143902928115281 0.5048646131298717 0.009103972119978813 0.8631505315417848 104.14773901054194
0.8772131685939902 0.1447138170450347 -0.4577717422488482 -130.38563770236343 -0.13414653552357378 0.9893941351605059 0.055713125177227596 9.15932510606638 0.46097913602712354 0.01253620621428392 0.8873224214914451 104.61104936055821
0.8968337369016111 0.14353196815105398 -0.41843496803419133 -130.62572301456413 -0.1367107968614849 0.9895230554529213 0.04641423002279557 9.176683910590326 0.4207129738629278 0.015578730557909558 0.9070600293131749 105.16177066940692
0.9128010820848882 0.1464900576213701 -0.3812280781405573 -130.85323959944665 -0.14124093852187622 0.989088898121086 0.04188256079887951 9.189454209097711 0.3832038384856231 0.015614564729760127 0.9235318097056466 105.73843507300987
0.9262739044725512 0.14896853754358322 -0.34615752009063616 -131.0230284392107 -0.14576159979156608 0.9886847705885813 0.03543981422643339 9.19570967068641 0.34752008563445236 0.017629498810991972 0.9375067950965998 106.24414334039665
0.9363148606930215 0.15089372316818167 -0.31708920819518566 -131.1900552698398 -0.14972638866080293 0.988325312678863 0.02819724910019207 9.202047965118572 0.3176420787364299 0.021075118663205876 0.9479764497018548 106.77875930731737
0.9426624361576078 0.15396937728481075 -0.29610971330898556 -131.38627449815772 -0.15336908512748498 0.9878423910068825 0.025403430023522033 9.202911153188328 0.29642107749713204 0.021467216594828403 0.9548160573781275 107.4089671650613
0.9470467210126027 0.1570999327485204 -0.2800394960531208 -131.59153130013146 -0.1569346431443898 0.9873373552564949 0.023161707541745964 9.201356899661212 0.28013215809760034 0.022012679198967905 0.9597090267128189 108.09087323561526
0.9511241712859263 0.15891186639192859 -0.2647826080306098 -131.80216357862835 -0.1589371332288531 0.9870551522368686 0.021473568023089747 9.201610590135159 0.2647674422519731 0.021659759058731052 0.9640690101651787 108.82594291812683
0.9544336569951074 0.1585102904260771 -0.2528455699117231 -132.0068277924439 -0.15848424921153273 0.9871464581846005 0.020606136111645034 9.200931052048736 0.2528618934256415 0.020404850468345257 0.9672871884453785 109.59631802572812
0.9567787752102828 0.15685446092601638 -0.24488988013945728 -132.21490815605353 -0.1570553590458087 0.9874101800440725 0.018834822545493925 9.198087906526846 0.24476108657648468 0.020440509605606852 0.9693679363714085 110.40083443703885
0.9587512052796564 0.15539121950273976 -0.2380119645653457 -132.42281868435617 -0.15592542093299208 0.9876276363892295 0.016700746902140552 9.197285785851161 0.23766234342376077 0.021100254540442218 0.9711186280659312 111.24373307011449
0.9602010174860331 0.15287474760700892 -0.2337591015615814 -132.63897799909338 -0.1533148133317492 0.9880413075086326 0.016399471628037413 9.195412459954847 0.23347071343497375 0.020091943677036428 0.9721562321805299 112.14390203047189
0.9604532458180064 0.15236738589555157 -0.23305308904412744 -132.8702155865968 -0.1521883835937621 0.9881715495099697 0.01885960334099671 9.190093673369285 0.23317002057891612 0.017354205669458472 0.9722811183237138 113.07247178384605
0.9599076940548656 0.15363361326703073 -0.2344652037484123 -133.09691197660055 -0.15286982482871925 0.9880115167719179 0.021542037575102185 9.184402130779956 0.2349639026555038 0.015164287011490162 0.9718858003121198 113.96141593493208
0.959447236908691 0.15485200506672595 -0.2355458683889196 -133.31582879795482 -0.1540400010584519 0.9878205345849645 0.021960635832858406 9.180874863644492 0.2360776941224817 0.015213414445349172 0.9716150854935959 114.8238536220763
0.9592855016911959 0.1565767278961165 -0.23506393710310738 -133.53106274572042 -0.15584352596984505 0.9875408761467802 0.021813146323547705 9.180103338155368 0.23555067747377567 0.015708157772054223 0.9717351141751827 115.68144155492098
0.9592426105678782 0.15854580862886938 -0.23391631118230571 -133.75962047603065 -0.15764555452024603 0.9872356215048632 0.022665100306577188 9.181005679298174 0.23452397150595033 0.015134536600801093 0.9719925167360894 116.6121464638517
0.95938179932445 0.15965849078053207 -0.23258488653964768 -133.99888466609903 -0.15847114017422412 0.98707413424142 0.023907137917980614 9.181337398940727 0.2333955030776295 0.01392191916478048 0.9722822220476478 117.59061087395781
0.9594164174778345 0.16081014494303897 -0.23164678965484012 -134.22521464254757 -0.1598009488297885 0.9868756061561623 0.02324208955759668 9.183964604939685 0.2323441297452866 0.01471853448216948 0.9725222722979688 118.52163939685133
0.9593261424936431 0.1625806354421413 -0.23078320846086983 -134.4444821728165 -0.1614814788480155 0.9865893130448429 0.023775184011063242 9.188127456004993 0.2315536316219678 0.014459058231141252 0.9727146813520133 119.41932199407171
0.9594211018726088 0.16348025579177505 -0.2297506370998841 -134.65138228071936 -0.16208085327218813 0.9864586483902261 0.025082504234720405 9.189294586914711 0.23073999714853632 0.013173495450378216 0.9729262627422054 120.26384363321183
0.959425025301394 0.16539894766610277 -0.22835675802647684 -134.84533208483504 -0.16392901977240218 0.9861418051898896 0.02552678070737531 9.189679259040973 0.22941424825384485 0.012943267275647277 0.973242813757367 121.04404734251645
0.9594867738560678 0.1668296565380962 -0.22705284956294547 -135.05542416476897 -0.16526190960362175 0.9859059713481803 0.02603683725345205 9.192300817808505 0.22819647681206062 0.012541186521986016 0.9735343273923042 121.90487247356023
0.9591722141090125 0.16862577775254362 -0.22705508309342556 -135.2797666883325 -0.16721727097461486 0.9855884714508281 0.025568520313459867 9.196635339753497 0.22809438390502984 0.013442917115244452 0.9735462187335638 122.82992444149211
0.959127081141443 0.17026849269485428 -0.22601743874426247 -135.49599024574772 -0.16900413098430914 0.9852962041380886 0.025079749227409263 9.198439380438572 0.22696441556185162 0.014143214150028977 0.9738003509766138 123.72447432257067
0.9594177661010347 0.17170291039026142 -0.22368652318191223 -135.70843482521104 -0.17013571837286906 0.9850666698201731 0.026410099264091384 9.197553771201076 0.22488082938180035 0.012718748873422904 0.9743032618254189 124.61536948880305
0.9599925127898681 0.1727518801899638 -0.22038866413276628 -135.90232705027458 -0.17116148355736488 0.9848880974885548 0.026442049311925262 9.194437096544807 0.221626085860476 0.01233788134992132 0.9750536676255122 125.44067028883114
0.961222735154158 0.17460980105682403 -0.2134532051707198 -136.06237121855781 -0.1729889316235054 0.9845699528133723 0.02639768082293076 9.188297206901392 0.214768905939653 0.01155099095175171 0.9765965859296865 126.15099369881379
0.9631012153120109 0.17719050572002226 -0.2025822641476991 -136.20669202667537 -0.17574622143937368 0.9841118003840785 0.025243414875714954 9.179305643682666 0.20383649014420419 0.011291103909164813 0.9789398328080264 126.82963568342795
0.9659150558716768 0.17835815296987917 -0.18760723362809473 -136.337140858539 -0.17724785781542193 0.9839017273715399 0.02281639268467048 9.167229723314783 0.1886565708907525 0.01121428305645354 0.9819790925041504 127.50492681083732
0.9695338132064308 0.17779920876856134 -0.16849814957639442 -136.43651070795917 -0.17633620284389975 0.98404393691465 0.023729175883462683 9.148500031847464 0.1700286111687991 0.006706085503985145 0.985416307862431 128.14526788268452
0.9738376621376745 0.17385739389596103 -0.14633459737851137 -136.5088939448918 -0.17249900925371564 0.9847635156223892 0.022020674501838335 9.121842128372515 0.1479334296523712 0.003798010891769582 0.988990028010675 128.7690579880923
0.9783701380949876 0.16895008226111222 -0.11936390823006747 -136.5531791239946 -0.16816996511060867 0.9856173547572619 0.016652112057967204 9.092912168525697 0.12046051518522302 0.0037814951087896983 0.9927109169219687 129.35317220775607
0.9824736564961557 0.1651507612986549 -0.08643344453130666 -136.5638148281462 -0.16474106622651052 0.9862650462665746 0.011901244108933342 9.061004897042594 0.08721178469464046 0.002546478993160278 0.9961865387843363 129.86912359251505
0.9856601249702348 0.16061398773171948 -0.05174229400185259 -136.55391140145886 -0.16049162601969028 0.9870155462809256 0.00653830079750622 9.025166897221661 0.05212059114414399 0.0018596625171831548 0.998639066747396 130.35321507770686
0.9871667756111747 0.15895169488852906 -0.015366060702042631 -136.52734106600795 -0.15897694273152194 0.9872822030750521 -0.0004279848209446375 8.985926657367763 0.015102609349821999 0.002865341747940101 0.999881843523272 130.82240950086316
0.9867271493679151 0.16010547893770496 0.027125049574046968 -136.49949903402552 -0.15983401021097107 0.9870720432559678 -0.011910944646213164 8.947057229318716 -0.02868138560365649 0.00741734700644558 0.9995610842180898 131.29308345569478
0.9841733289336404 0.15867013995863335 0.07890909517401881 -136.4169570542413 -0.1573590233635527 0.9872827133719652 -0.02260490307335795 8.903097372139333 -0.08149230872753327 0.009830084556843702 0.9966254928787767 131.8099024274924
0.9789947276915683 0.15687238084762684 0.1302320209445722 -136.31281923738126 -0.15385566680331708 0.9875429706496467 -0.032974458494029225 8.856061342129102 -0.13378249864842995 0.012244886592568312 0.9909350663932126 132.38793632729406
0.9708784799843787 0.15674395296123037 0.18118032540347262 -136.1731638178155 -0.1513954541249089 0.9875344930025904 -0.04307019387495199 8.808036116167917 -0.18567281323212995 0.01438604671898835 0.9825063094384018 132.99616797848537
0.9599243768876079 0.15685997210394267 0.2322501664337106 -136.0048187875581 -0.14822133201063523 0.9874621794080295 -0.05430360002554265 8.757408973060464 -0.23785631669966067 0.01770292038877658 0.9711390112727333 133.5918006745324
0.9466610030425703 0.15806569579839452 0.28079918292296085 -135.81680042034782 -0.14571636136819413 0.9872237729409018 -0.06446676795016996 8.70077765358257 -0.28740161333584624 0.020111139999924695 0.9575990051685823 134.18499939993796
0.9315757768930958 0.159772088191159 0.3265569655374997 -135.60194321333861 -0.14480878597814648 0.9869945847750208 -0.0698004665336586 8.63717738694267 -0.3334621229008763 0.01773610610640076 0.9425966492252271 134.78304644497854
0.9166250045266058 0.15957499293319277 0.3665166063181441 -135.34855316027196 -0.14304616120972116 0.987092342616484 -0.07201737922932797 8.567437553657715 -0.37327790832000896 0.013584137008651848 0.9276201131831778 135.37945883744956
0.9028208543572455 0.15940102556210928 0.39938179476210395 -135.07475121605674 -0.14026554867835123 0.9871228278737428 -0.07690317642661303 8.492623733118204 -0.4064973318382464 0.013410284869809552 0.9135535471268773 135.9729452881662
0.8888579930422665 0.16311903966671082 0.4281631080593963 -134.78824689674306 -0.14078169193902382 0.9865069526937627 -0.0835736052928708 8.422479915363697 -0.43601832922442485 0.01400754029345476 0.8998287644853717 136.5786129865845
0.8773306375395902 0.16083206676746628 0.45213272247613284 -134.4710540302611 -0.13732280956469106 0.9869072332793136 -0.08459644717260023 8.348110649226006 -0.45981887565392 0.012130919184966268 0.887929863441981 137.18290810665613
0.8686371111539701 0.15859960549042587 0.469378029166646 -134.15244884729495 -0.1334317540944989 0.9872620082705392 -0.08665849078355474 8.271938357750859 -0.47714309816380013 0.012644847326065453 0.8787346423754744 137.7700350160952
0.8621637822421313 0.1571000124879723 0.48165672284960354 -133.82549710504748 -0.13078968440231037 0.9874990493256702 -0.08797548541973609 8.19458412177343 -0.48945650577337935 0.01285354648231638 0.8719329763800329 138.35807583852454
0.8565446014941284 0.15563128032660145 0.49204700002658847 -133.46637620591736 -0.12932320621788368 0.9877523959613971 -0.08729669298457134 8.11435073640002 -0.49960669929934964 0.011140415450895374 0.866180718533259 138.9885367695037
0.8512428655521602 0.15469028254120798 0.5014543850978531 -133.0668590540729 -0.12777772051360684 0.9879050550905398 -0.08784336211063738 8.02703766723169 -0.5089778364397537 0.01070133701343895 0.8607131016774604 139.67593218156736
0.8456885813061293 0.15571132166045457 0.510455490474124 -132.64205314949132 -0.127994941701599 0.9877505048332078 -0.0892537679907348 7.931014936927945 -0.5181004905877138 0.01014517168381429 0.8552595846550207 140.39963327308564
0.8409117731291448 0.15555885586598012 0.5183327427188665 -132.20952230235196 -0.12680585181999293 0.9877701688583032 -0.09072138368566611 7.832043674261379 -0.5261061354489254 0.010561054649183813 0.8503533373649429 141.1205770512788
0.8368764798214585 0.15543241853442 0.5248604774510863 -131.76644812257254 -0.12646964902526697 0.9877991779865094 -0.09087470409634645 7.734197930203137 -0.5325816232250872 0.009671982098494116 0.8463233822630802 141.8460872700763
0.833468737866838 0.15498203670011634 0.5303870580047569 -131.2998637261432 -0.12592840894214308 0.9878774919722323 -0.09077497824813216 7.637364217181197 -0.5380259276465769 0.008867308212317166 0.8428816476974158 142.596376011075
0.8303356825230224 0.1544102316084004 0.5354438669960317 -130.8219963364709 -0.12495409439754789 0.9879679154555627 -0.09113655865609123 7.544243107105269 -0.5430737782496171 0.00876803313329474 0.8396392040469892 143.35048494141367
0.8286565415750246 0.1526653751775041 0.5385365533803892 -130.34148425382696 -0.1221540817248613 0.9882210607113486 -0.09218196941099342 7.453178803378409 -0.546266158958135 0.010602753814235321 0.8375445451966615 144.095831260597
0.8279516804083294 0.1520516170607836 0.5397928497657426 -129.8724517399061 -0.1209975051232662 0.9883054020077138 -0.09280105665515308 7.362169727966078 -0.5475907401179896 0.011521202696269673 0.8366669846632327 144.8212898886098
0.8277673837634275 0.1535506092562194 0.5396511547050479 -129.41369976924184 -0.11931381296728957 0.9879975876355421 -0.09810698681313376 7.275629605626646 -0.548238426610773 0.016821926863160898 0.8361528869554639 145.52748717499844
0.8280418151187873 0.152615508805204 0.5394953742961192 -128.93601045716457 -0.1186029860866433 0.9881437915413455 -0.0974945071766708 7.181711674102647 -0.5479781784944674 0.016743766315231095 0.8363250338136894 146.26696808503593
0.8282576327895871 0.15262398447355052 0.5391615834693749 -128.4484151907869 -0.1192769319748087 0.9881610257753954 -0.0964924900559191 7.080937798097209 -0.5475055316838955 0.015611101880781573 0.8366564326374387 147.02886693952524
0.8295917178419617 0.15227076497997494 0.5372068464013026 -127.96664948979347 -0.11901232706249308 0.9882097478219336 -0.09632009300700083 6.9820318880576195 -0.5455397764555683 0.015972114516253064 0.8379327203676261 147.78494906325017
0.8324037877860372 0.1528513145582032 0.5326728918551082 -127.49862939211324 -0.11994524778790412 0.9881179422045601 -0.09610447349900494 6.883470081223707 -0.5410333368772711 0.016106145760294153 0.8408469066698144 148.53199108805646
0.8361398886861223 0.15232500931278947 0.5269413421680009 -127.04238524128759 -0.11967091140966472 0.9881839826879456 -0.09576684875972027 6.7854865968405145 -0.5353026802756898 0.01701493158509658 0.8444889179810586 149.26898903874704
0.8391108251675959 0.15210652036484193 0.5222610741277324 -126.58066025714479 -0.12023975279632516 0.9882245686169167 -0.09462876850823264 6.683342121389335 -0.5305048773894855 0.016607481579274753 0.8475191836304139 150.02645632488435
0.8407701846715576 0.15332222053147068 0.5192280744130182 -126.11038135469764 -0.1211411112675838 0.9880217964303025 -0.09559163634696222 6.57976526495705 -0.5276649767875524 0.01747073180877112 0.849272892421429 150.7999762798321
0.8414914163581816 0.15379833491436495 0.517917240853273 -125.64556143256296 -0.12184014464329328 0.9879527303974573 -0.09541688348246989 6.476554950539345 -0.5263527100232327 0.017189376887329067 0.8500925537689565 151.56633257013743
0.8417124861320315 0.15405513544668778 0.5174815029853087 -125.17263959986894 -0.12143015868575488 0.987889835250961 -0.09658359058027648 6.37118068676639 -0.5260939148583506 0.018457753122433834 0.8502261487972997 152.34417976414315
0.8413149175561806 0.1546124440022844 0.5179615831865086 -124.69511816908948 -0.1218013802546659 0.9878012886514733 -0.09702081171864049 6.265638747010968 -0.5266437441624975 0.018536620461293063 0.8498839688077321 153.13203737067897
0.8402716090762287 0.15497481928219317 0.5195444431123234 -124.23601719766651 -0.12216096317947782 0.9877527625874748 -0.09706275843942946 6.163793043591916 -0.5282237424193529 0.018091030630129852 0.8489124763809489 153.88824291524963
0.8382649976591655 0.15673380548491705 0.5222511923564105 -123.79139570061403 -0.12325302779691023 0.9874728811034036 -0.09851903483202847 6.065854023147291 -0.5311501528177999 0.01821601777437944 0.8470818684507853 154.6184407997576
0.8359887580362375 0.1567437049292662 0.5258842148249683 -123.33686120568365 -0.123013519095812 0.9874774165278655 -0.09877259724799203 5.969168656837424 -0.5347807686862837 0.017881912998805042 0.8448016137714303 155.35106901670352
0.8338374428926345 0.15743780850489023 0.5290826544911932 -122.86465077288769 -0.12280885316210634 0.9873533127778384 -0.10025677698606472 5.868287038159627 -0.538175718901624 0.018621820528690984 0.8426269182650882 156.1054488998144
0.8321047345334033 0.15804163966755572 0.5316244453543141 -122.38358462282568 -0.12325469716614755 0.9872653716284435 -0.10057517392393556 5.761454583272501 -0.5407494710062828 0.018163868380360153 0.8409875644097768 156.87226125571206
0.8310452730870433 0.1576231541823808 0.533402939010722 -121.92651100174866 -0.12255192438437112 0.9873275409826737 -0.10082337351423855 5.657491887359727 -0.5425355102750122 0.018419231327654058 0.8398309067948934 157.59558439710145
0.8307465737538927 0.15702631880721388 0.534043879655989 -121.49689673103134 -0.12142708313217743 0.9874034001955729 -0.10143958184175435 5.56091959445632 -0.5432454267439151 0.01942319448684671 0.8393492394931624 158.27235061892569
0.8314409515165502 0.1574567778218807 0.5328351595561255 -121.05602904600046 -0.12149392094458615 0.9873188456850014 -0.10217986165945013 5.4642353683312415 -0.5421671064485224 0.020220288652354843 0.8400273618234434 158.97131265262888
0.8326319305051239 0.1567489487709798 0.5311815465191732 -120.60331978854548 -0.12157199188671418 0.9874484377569747 -0.10082575841521826 5.364032275522623 -0.5403187199163161 0.01937394721010522 0.841237380932098 159.692159092499
0.8333027501213489 0.15703214988927394 0.5300447439050279 -120.15797835485422 -0.12302899288826481 0.98744040220496 -0.09912274714818677 5.265554325393825 -0.5389530531958189 0.01738838676981332 0.8421563099902835 160.41039929202947
0.8337738422979561 0.15648049763447308 0.5294667447156317 -119.72577378303046 -0.12490993262453867 0.9875925797389153 -0.09517565432590713 5.170761153324051 -0.5377905620512835 0.013219315591170297 0.8429748282504453 161.11450353558521
0.834052410447046 0.15682732873614372 0.5289251039504129 -119.29707523456192 -0.12507342901838706 0.9875328922629965 -0.09557941228246222 5.077279917512963 -0.537320401605089 0.013563762758314635 0.8432691209565213 161.80648191605704
0.8339422411039223 0.15816810955977534 0.5286995248918347 -118.85324635453298 -0.12553780572328654 0.987301103196467 -0.09734881078482051 4.981345216288211 -0.5373831015548862 0.01481150719282986 0.843208172053574 162.5168124723518
0.8339608004063358 0.15836853870587886 0.5286102433114455 -118.39327773003399 -0.12529396103008103 0.9872570582646306 -0.09810669822217769 4.881368575944148 -0.5374112082149157 0.015585469349024246 0.8431763080341841 163.25075742924056
0.8343041997800035 0.15739768993758022 0.5283582775274356 -117.93316751491318 -0.1245633565112393 0.9874137164325546 -0.09745831321904608 4.782651318887347 -0.5370479237871618 0.015495799532810902 0.843409395105805 163.9857604999154
0.8343201638054637 0.15834020772511026 0.5280513638702115 -117.48313690565872 -0.12546297783569357 0.9872652598288433 -0.09780770893791589 4.684997145806753 -0.5368136599046486 0.015352047181163005 0.8435611472721618 164.71302320276226
0.8342284787625335 0.15914492641394518 0.5279542950088072 -117.0204231370534 -0.12611297945493727 0.9871349413738696 -0.09828592947010745 4.583092692047037 -0.5368038390646506 0.015411032266017824 0.8435663213108681 165.461186784821
0.8347721364413999 0.15940419979952922 0.5270159213034554 -116.52862645097375 -0.1262668183678964 0.98708808522411 -0.09855862513167572 4.4739133649250205 -0.5359217954145072 0.015729370453683018 0.8441210909015507 166.25670316112712
0.8355232879927982 0.1606805557712086 0.52543562328677 -116.03978629285766 -0.1273840771513054 0.9868771289596519 -0.09923119078526656 4.366304397062265 -0.5344849222475909 0.015977838821540438 0.8450269679463384 167.05111501512255
0.8359876377351687 0.16283669704182702 0.5240313727731174 -115.57367696932646 -0.12951663993352394 0.9865285418261431 -0.09993435916996063 4.263923862944512 -0.5332448870212462 0.015673106229747175 0.8458157270982916 167.81335362994565
0.8363018237536164 0.16493117589838702 0.5228737579981882 -115.11313347236793 -0.1318177108285563 0.9861923825941273 -0.10024308268022665 4.161319533377666 -0.5321873266983099 0.014909451032512388 0.846495338186583 168.56900316765635
0.836634147971312 0.16668219061802644 0.5217857316744969 -114.66319983322808 -0.1339138853560889 0.9859115769897421 -0.10022691088940759 4.057438173373667 -0.5311406346318763 0.013978901543854587 0.8471683519551925 169.3098901974213
0.8370756815599476 0.16973287864462286 0.520091389323027 -114.21780166929713 -0.1357848330089875 0.9853662095445427 -0.10303354896604842 3.955150315076334 -0.5299686617769677 0.015626355775655694 0.8478732420235379 170.04442054252613
0.8366312892375531 0.17069440952170606 0.5204915988051521 -113.77735829934618 -0.13687139222967026 0.9852096796443268 -0.10309272100508454 3.8544671908306336 -0.5303907124543386 0.015010186313183104 0.84762042592721 170.76789133760968
0.8350393712143871 0.1717932967158234 0.5226818456053242 -113.31994153114054 -0.1384507448127845 0.9850434340219213 -0.10257106975694165 3.7491569285577846 -0.5324853423172002 0.013285190770445597 0.8463349596486779 171.51708141049895
0.8335103263001573 0.17301574957174443 0.5247152431091844 -112.83494668412078 -0.13861216812359825 0.9848137398073845 -0.10453977584950981 3.6390090466192357 -0.5348338085789643 0.0144030651848052 0.844834509779403 172.29890708174568
0.8305964903314168 0.17412246423944353 0.5289525854897714 -112.34632959638536 -0.13943965665871644 0.9846301689466753 -0.10516659427279244 3.528239880353989 -0.5391345401660252 0.013594037193655373 0.8421099392316589 173.07920763775132
0.8274047406269713 0.1735102149116668 0.534130696093493 -111.8582036240026 -0.13856498351675373 0.9847453699417118 -0.10524401038234996 3.4193383456722914 -0.5442436407814205 0.013067582012963482 0.8388254274694591 173.8457009484928
0.8247752847318588 0.17215430361602957 0.5386173274616766 -111.3881556245922 -0.13671695662933533 0.9849795224407671 -0.10546949389452874 3.3139804575856764 -0.5486840652556747 0.013350510058998436 0.8359231785371628 174.57501294956532
0.8233267083581162 0.17047864901225113 0.5413595492231987 -110.91367458150006 -0.1357116326547025 0.9852876026925054 -0.10387825923959218 3.2090867843108173 -0.5511038777457337 0.012056956971410383 0.8343495345011029 175.30842800940673
0.8224072029345111 0.16990557371470463 0.5429350684769852 -110.42382929881111 -0.13558274706156992 0.9853979172284233 -0.10299642431230796 3.1016805182496565 -0.5525067522308413 0.01109237317076999 0.8334346093106347 176.0626716424149
0.8215443597092374 0.17066768557711828 0.544001292397074 -109.93947110512727 -0.13620869002213798 0.9852688679619401 -0.1034043064260249 2.9982887883161884 -0.553635311186337 0.010853521306190871 0.8326885031528093 176.80535249527705
0.820763930269017 0.17011491028779388 0.5453507935880627 -109.43961625477714 -0.13559865490320402 0.9853647176654619 -0.10329268109843795 2.8925671049431014 -0.5549410559309862 0.010830072845441933 0.8318191714335313 177.56869671267648
0.8194993370545839 0.1699947627842372 0.5472865951154168 -108.92143929876703 -0.13517881245441243 0.9853839392402723 -0.10365896464240405 2.7785066230697524 -0.5569089020930731 0.01096690080429379 0.830501175108283 178.3610695488944
0.8173003708467579 0.1703704550772357 0.5504489184752072 -108.41259616348556 -0.13550979359963147 0.9853271077275231 -0.10376698230119444 2.6653752912923165 -0.5600510687895677 0.010217573786699475 0.8283950757540622 179.1328659680622
0.8153144669981817 0.1700600433087662 0.553481618098821 -107.90182577370065 -0.1345338664948919 0.9853744421684056 -0.104584164610302 2.5522864085894796 -0.5631722282476341 0.010806960309014922 0.8262688732727842 179.89708390320806
0.8140186107339644 0.16998130107270437 0.5554098114585073 -107.39543250793444 -0.13291803054067589 0.9853604777026795 -0.10675919697493025 2.4428214579175287 -0.5654259443427884 0.013079994922573468 0.8246953468990191 180.6476473631708
0.8131725030335726 0.16750966086636615 0.557396621649743 -106.90138396682543 -0.13157101226785328 0.9858035428332523 -0.1043093651989957 2.335867372411653 -0.5669563907752749 0.011484269843572039 0.8236677500699149 181.37977337027186
0.8133144935498682 0.16788652923886513 0.5570759803490422 -106.40442587230451 -0.13156963996334917 0.985732185739574 -0.10498327408208176 2.22618718103241 -0.5667530012462532 0.012090132224522068 0.8237990436272429 182.11965938477124
0.8153232632308746 0.1673491548953472 0.554294359334793 -105.89624074316204 -0.13077538887060244 0.985807438946542 -0.10526866097466696 2.116997081634622 -0.5640441242494245 0.013339927791021087 0.8256368888477743 182.87757286145708
0.8180822993205535 0.1667348759282647 0.5504006110893956 -105.39341975387418 -0.1310325521531237 0.9859175650295243 -0.1039087351597038 2.009201801480845 -0.5599748403407381 0.012885500201258523 0.8284094048656923 183.6386872532973
0.8210613676688723 0.1660017509640522 0.5461699819640286 -104.89142336239462 -0.13247619418334408 0.9860726510777936 -0.10055239813701881 1.9028046820337023 -0.5552551562087628 0.01020516894898544 0.8316174397102957 184.40945231495508
0.8249037535021314 0.16604128307924118 0.5403370149929501 -104.40602422754014 -0.1338680969317758 0.9860773810198374 -0.09864446900318012 1.7982140966837272 -0.5491931628142861 0.009038304844045287 0.8356465634247466 185.16642749324623
0.8293235884651414 0.1681429963045318 0.5328698888181171 -103.92936774470638 -0.1363685488400858 0.9857190143227555 -0.09880103081355476 1.6951313706156996 -0.541872682927041 0.009271331959647713 0.8404094465801455 185.92835732527058
0.833243621428558 0.16797340746723935 0.5267731976215799 -103.43650644709064 -0.13771111925258814 0.9857601354203409 -0.09650182925865923 1.586305184831767 -0.5354817597106561 0.007867007049232978 0.8445101510445381 186.72690306355005
0.8360326185474344 0.1690996734240384 0.5219719927089967 -102.94967514168496 -0.13995848855870313 0.9855777143125567 -0.09512197711778546 1.4749958408791508 -0.5305290587753727 0.006470664441665672 0.8476420519869237 187.5319526265929
0.8372510886460075 0.1707942240976576 0.5194612089231995 -102.48241204587985 -0.14223144237263244 0.9852918501432593 -0.09471107032375008 1.368763541710738 -0.5279969993869996 0.0054132297336102544 0.8492289830088101 188.3113234015205
0.8375369306268782 0.17168504129705678 0.5187062139891264 -102.01909694718867 -0.14372404177196366 0.9851430190954475 -0.09400336028160998 1.2643483448217774 -0.5271387764648303 0.0041807322721218254 0.8497689284886996 189.0853490583112
0.8379414030548225 0.17183935576077775 0.5180013907879342 -101.5550513057451 -0.14436693293487374 0.9851192273376707 -0.09326465892611761 1.1592322382556894 -0.526319668757964 0.003368047111927381 0.8502801082803013 189.85904357285204
0.8374628685669475 0.17315265614194933 0.5183378255950509 -101.09500715816561 -0.14681441632085943 0.9848946870408692 -0.09180404456792955 1.0575286982700327 -0.5264042846823959 0.0007830131881452471 0.8502340359914818 190.6259741701417
0.8352606937015548 0.1749921870657216 0.5212651034005162 -100.63122853661389 -0.14860535030129127 0.9845697822161873 -0.09240559403302903 0.9593177501836574 -0.5293921263288943 -0.0002800227167405562 0.8483772145503746 191.3911394762741
0.8315361434473096 0.17538629044592788 0.5270553019033103 -100.16872311438921 -0.14813909174942802 0.9844996948172468 -0.09388908562979761 0.8615037965211223 -0.5353526423175938 -5.325549280929312e-06 0.8446286452253505 192.1377981298297
0.8267891731572524 0.1761918456222126 0.5342060432887137 -99.709348115747 -0.14788259518700647 0.9843558282052213 -0.09578278299969047 0.7629288299348738 -0.5427249774892462 0.00019239191289720383 0.8399104486757212 192.86489184940027
0.8210342625067425 0.17768822218027475 0.5425215530174085 -99.25761590662468 -0.14796299094023563 0.9840867026599329 -0.09838859161466618 0.6665370660182542 -0.5513707401576815 0.0005072931214270174 0.834260180969739 193.56257087343732
0.8142747061598173 0.17930584433738572 0.5520924896199897 -98.81161903664078 -0.14862484158849645 0.9837933073400859 -0.10030645490518941 0.5726370506000086 -0.5611304299101397 -0.00037764971811366405 0.8277273089668811 194.2321895133194
0.8076563862586791 0.17799558174460828 0.5621465419398824 -98.3674147447794 -0.14741148893107384 0.9840286607879419 -0.0997870115747051 0.47760800592019276 -0.5709299560074739 -0.002273241580833271 0.8209956258750842 194.87796685132952
0.8011236489082201 0.17751808573643102 0.5715664689224258 -97.93988365003266 -0.14564417117217718 0.984115657977833 -0.10150934502016777 0.3842191154671142 -0.5805072562540019 -0.0019237877551745559 0.8142528013320715 195.48194909976945
0.795047861157892 0.17673549166148642 0.5802270800776469 -97.49309674660398 -0.1432851915550969 0.9842579937406484 -0.10346765503600662 0.2886768222499189 -0.589379548635072 -0.000876210478980651 0.8078557915283627 196.09918257574571
0.7915085952011464 0.17433818849289623 0.5857647477919109 -97.02352603848968 -0.140481068739499 0.9846856707579775 -0.10324339751149689 0.18903804477890868 -0.5947934204818649 -0.0005708212716124288 0.8038783870179378 196.7409406607815
0.7896709623567564 0.17236984151778043 0.5888195045560968 -96.54891412188147 -0.1388721211002565 0.9850316495832151 -0.10211358039204538 0.08966593964186552 -0.5976071495486568 -0.0011344842450269588 0.8017882561835321 197.3883011074329
0.7889502812143816 0.171768531320758 0.5899601896905041 -96.06929306438293 -0.13758499077484515 0.9851373356728933 -0.10283384742775985 -0.00902875927475584 -0.5988554283675106 -3.887440960609071e-05 0.8008571498110931 198.04039447120044
0.7888102160478018 0.17157162791764533 0.5902047268129147 -95.58050656275181 -0.13741681176859663 0.9851716457805836 -0.10272997709202236 -0.10904473932400928 -0.599078511467383 -6.959642484254167e-05 0.8006902848507433 198.7058226498348
0.7889423341029965 0.17138839377624684 0.5900813604401616 -95.07012148389715 -0.13719051758926357 0.9852035373738799 -0.10272658774426974 -0.21525909846120858 -0.5989563885156471 9.178665083775457e-05 0.8007816407932352 199.39927009394867
0.789298743267116 0.17121296873554412 0.5896555038441604 -94.57878299923387 -0.13699049586941395 0.9852340017489958 -0.10270134292748592 -0.31911777426770416 -0.598532453521448 0.00028484104076897715 0.8010985088908723 200.06755514862482
0.7896613199996935 0.17092383994477217 0.5892537998476324 -94.13442813855484 -0.13723481429263373 0.9852841596951193 -0.10189077681491245 -0.4132301733134674 -0.5979979978581944 -0.0004069304778607943 0.8014974915526429 200.6746219233443
0.7902291725773142 0.17133688497594965 0.5883719288464649 -93.71941999127395 -0.1379140477257017 0.9852121739828197 -0.10166950219193795 -0.5011800422676956 -0.5970909229319161 -0.000802547681912114 0.8021731643912883 201.24408159118212
0.7921697518958635 0.1715181196789949 0.5857035246633111 -93.33273399901148 -0.1367091177133483 0.9851789389534107 -0.10360055683569977 -0.5822500341115849 -0.5947921496752332 0.0019982153064898745 0.803877046456923 201.77538075538823
0.7954203532173298 0.17164650755888033 0.5812434413655394 -92.97722926505284 -0.13721293560214462 0.9851559307299091 -0.10315232644553227 -0.6557370571785589 -0.5903211600400758 0.002295341047235789 0.8071651995833431 202.27382146542516
0.8015594271051185 0.16971026465684136 0.573324437721799 -92.6335119091473 -0.1376314777332226 0.985493763770588 -0.09929560869569055 -0.7289082475186075 -0.5818591420231227 0.0006838416359514824 0.8132892912148384 202.76975062443793
0.8125702647909425 0.16868727440229017 0.5579194997777924 -92.29662175213178 -0.13716426717761226 0.9856640802813698 -0.09824604140985858 -0.80350476241104 -0.5664940675657665 0.003305192551949671 0.8240591890847339 203.27684004825082
0.8272558353601839 0.1697288792594154 0.535574355629417 -91.97557574330314 -0.13963837084374447 0.9854773756904431 -0.09662022247117781 -0.877245448329424 -0.5441956525466095 0.005142912367300885 0.8389425738402803 203.7970954191461
0.8449551015414674 0.16941109993380882 0.5072975020619199 -91.67815439723461 -0.14277145539758154 0.9855341162680747 -0.09131712432703444 -0.9474005904473136 -0.5154291298546344 0.004731267369286144 0.8569191485819282 204.32681950607775
0.863381161352118 0.16854410295576683 0.47556898088616123 -91.42056005388503 -0.1473838668129605 0.985693985470461 -0.08176406796763284 -1.0073465045740377 -0.48254633562542787 0.0005023606194668594 0.8758702995354288 204.84660829021945
0.8824103003575693 0.16863361309352437 0.43922063516857457 -91.21015459112385 -0.15260897238796656 0.9856720960094779 -0.07184024425744404 -1.056739312616044 -0.44504220403188016 -0.0036364382716939526 0.8955022126980728 205.32590369697468
0.9015774406947036 0.16952115681695734 0.3980209740978822 -91.02837616769382 -0.15696347960120768 0.9855158232126727 -0.06419523556251777 -1.0983763788612826 -0.40313841853868215 -0.004597780865417508 0.9151274642962289 205.791755733668
0.9192898548464281 0.16933700465871807 0.35529022169156976 -90.85902486689763 -0.16037356875059638 0.9855358848618861 -0.054766213085209514 -1.1378824037103892 -0.3594252094979301 -0.006633136717276955 0.9331503202992865 206.26742929510968
0.9342661983791983 0.1706258839239626 0.31310298353935484 -90.729323376474 -0.16456993077242196 0.9852978015158754 -0.04588006335589382 -1.1729734091666728 -0.316328007693977 -0.00866314395280289 0.9486103211989707 206.7340320526341
0.9484392334503615 0.17301600623901497 0.26557199030995443 -90.62330651793683 -0.16901304198439043 0.9848796082846959 -0.03803615154250744 -1.2047704872859304 -0.26813730082044407 -0.008810151535757097 0.9633404222488776 207.2083239198967
0.9619270181139706 0.17376476195206222 0.21095549133906655 -90.53343480112835 -0.17143614274109434 0.9847557953034468 -0.029422314292541104 -1.2312996271194443 -0.21285220408635644 -0.007863276671785966 0.9770527662800844 207.7139973398575
0.9721847978364366 0.1750639624585371 0.1555934699916483 -90.46682428697754 -0.17404102515120257 0.9845295321748521 -0.020281070974771217 -1.2507790856291472 -0.1567368508680879 -0.007362698138665148 0.9876129556947276 208.25837046838473
0.9780373642131779 0.1790971161402139 0.10661677725948038 -90.43329499567476 -0.17920652648306196 0.9837736050931225 -0.008632194851541038 -1.2656054363800766 -0.106432772531843 -0.01066381321751422 0.9942627157943967 208.84143481397385
0.9815604577014282 0.18097763289095076 0.06153181510528104 -90.41366348423493 -0.18145908233184924 0.9833958483476761 0.002281861484823321 -1.2756401916144149 -0.06009716562572388 -0.01340529170667196 0.9981025141928136 209.45352768938412
0.9826595713770776 0.18450751870444276 0.018361435743081137 -90.43042856268902 -0.18478523785038858 0.9826677744066042 0.014780426764641131 -1.2796754555024779 -0.015316091328828685 -0.017917050100372638 0.9997221597334481 210.0597625358723
0.9819842948852421 0.18724504520430224 -0.025419237698486478 -90.46624780614484 -0.18659091386265605 0.9820919272120229 0.026062950118362876 -1.2754997310093188 0.02984418641263558 -0.020850408902757373 0.999337072756714 210.6326217489035
0.9796112876237406 0.1888675297282239 -0.0684892792670117 -90.52236390748284 -0.1866852245819496 0.981721538091581 0.037033073999952926 -1.2673457358154299 0.07423174578940644 -0.02349208082434146 0.9969642772214067 211.22472085670285
0.9756944992399547 0.1899470466666616 -0.10927197085944236 -90.59777887894613 -0.1861506657463979 0.9815333554046632 0.04404772264527044 -1.253251799278292 0.11562081903820874 -0.02263607056613161 0.9930354648824288 211.78457133746272
0.9705282392480025 0.1911901463111288 -0.14670127734856625 -90.70028313797653 -0.1856536771026283 0.9813076323685449 0.050675860461492264 -1.2313796465185831 0.1536478083164363 -0.021946722050655964 0.9878819222917229 212.38737585792566
0.9647833947144934 0.19457806221726134 -0.1770095449035261 -90.85662582042383 -0.18648513430215394 0.980535648055221 0.06142587058589016 -1.1972040197547975 0.185516295692548 -0.026253011193051314 0.9822904272341328 213.16432767567753
0.9589587940583986 0.1987125989562128 -0.20226550450862582 -91.05122092816482 -0.18805750268190577 0.9796029680874155 0.0707983092973985 -1.1573087466897467 0.2122084046005388 -0.029855115648619132 0.9767682760442746 214.02653907945532
0.9540002384085685 0.19931045158163094 -0.22396180256177725 -91.26584795171496 -0.18757310871940314 0.9795537397264469 0.07273788471814609 -1.1112669985407853 0.23388004190552997 -0.027382747821532875 0.9718797822364723 214.90838864664
0.9503650603030934 0.20027355322132318 -0.23811080621257671 -91.49864716420545 -0.18769148759779145 0.9793887165089898 0.0746300707369398 -1.0566291185533276 0.24814946632710055 -0.026234440245188218 0.9683664577558435 215.82432131427322
0.9483218380643379 0.20394026007634558 -0.24309270200947544 -91.72752228532015 -0.18946632164233135 0.9784771001831488 0.08176232249942463 -1.0041696780249973 0.2545352714528952 -0.031479115889233154 0.9665510130609952 216.69147367107564
0.947496606727938 0.20624575283406874 -0.2443621690789118 -91.95159106755399 -0.1918614133475117 0.9780285393622814 0.08154369541035644 -0.9553711721861798 0.2558112161484265 -0.030378703573225935 0.9662493239645118 217.53849006893597
0.9476633099013377 0.20646137917732327 -0.2435322360079621 -92.17880763119912 -0.19311923128863065 0.9780926290359386 0.07771596703415262 -0.9022599047432105 0.2542424307099974 -0.02661781233990962 0.9667741610598167 218.41794443628186
0.9481685082100125 0.2075384911374772 -0.2406330291858914 -92.39680654709147 -0.1941789120104505 0.9778415784815548 0.07823296954058616 -0.8531366354377218 0.2515373335495862 -0.027452178221041856 0.9674581891439482 219.272369535398
0.9491784515826603 0.2085801655646802 -0.23570019428111091 -92.59196313778135 -0.19597699764190357 0.9776620606108237 0.0759599344224479 -0.807080798256868 0.2462788733253574 -0.025907716518594325 0.9688526754767145 220.05072660630782
0.9505933625756342 0.2113236863924533 -0.22740835208200355 -92.7758751146807 -0.1970576659231261 0.9767887553595364 0.08397620915531204 -0.7605986113039908 0.23987608327650628 -0.03501466796459905 0.9701718598780602 220.81810076287383
0.9513717691588075 0.21179896702357182 -0.22368047392516915 -92.96518709650029 -0.1979942172271503 0.9767077866338044 0.08270543799232445 -0.71171983618884 0.2359873869346573 -0.034396178518000205 0.9711471856063391 221.62767850047268
0.9518061503018511 0.2109330850686909 -0.22264834576294082 -93.16296464210568 -0.19861906846122723 0.9770799006927959 0.07658546406303156 -0.6553226884053346 0.23369963177370062 -0.02867230868904659 0.9718859916797236 222.48134618685472
0.9519266587937971 0.21327167190523838 -0.21988822215030554 -93.3581608550371 -0.20043900116909302 0.9764855003820273 0.07937426758085861 -0.6041901250347708 0.23164594338777744 -0.03148430571579696 0.9722905406336029 223.31352406394853
0.9515632966229844 0.21456824834150387 -0.22019936267768075 -93.53831962873481 -0.20210548070639375 0.9762590704566041 0.07792048523748298 -0.5587083975567952 0.23169088715017444 -0.02964277576182799 0.9723377184171671 224.0761867747755
0.9509258604504158 0.2146117757832186 -0.22289413097210453 -93.71726885642285 -0.20223004459968022 0.9762871397099314 0.07724266889622795 -0.5112956968825547 0.2341858599229399 -0.028376161336136786 0.9717776373636006 224.83964391593753
0.9500613884699562 0.21628589351355487 -0.22495281817657234 -93.90041225719524 -0.20296129032264812 0.9758268273025907 0.0810476264126574 -0.4658536192476227 0.23704445314983402 -0.03134350624297074 0.9709930544794313 225.60489305310222
0.9491858969719013 0.2165492843935204 -0.22836930708460265 -94.088229671593 -0.2034663391953034 0.9758368140228557 0.07964898751512417 -0.4191978117762091 0.24009910829511286 -0.02913622876037503 0.9703110317674007 226.38075463551732
0.9479094098424407 0.22002333258661938 -0.2303421017739357 -94.28288123730727 -0.20609641105116147 0.9749899438877143 0.08317979724465847 -0.37238879061263386 0.2428827290771953 -0.031374232027408855 0.9695481615065377 227.16774024635478
0.9470714930809216 0.2207353598021635 -0.23309115797576657 -94.47470165304615 -0.20709509255954034 0.9748973639518198 0.08177256506646148 -0.32820406345733105 0.24529005204294174 -0.029172430354748948 0.9690107118478988 227.93465573968012
0.946122106432337 0.22182195508161975 -0.23589824069671625 -94.66381394039564 -0.20811392883511615 0.9746756584214408 0.0818288060865062 -0.28356343693963765 0.24807569881963354 -0.028326332704723255 0.9683264256079429 228.68416823277232
0.9455544575674715 0.22186968149852368 -0.23811890350417136 -94.85322562665586 -0.20750174370239438 0.9746104911890773 0.08412738451093824 -0.2412180779404542 0.2507384975123492 -0.03013693574219285 0.9675856401214953 229.4356559363434
0.943968180368755 0.22396455448766062 -0.24241277355875007 -95.05243390179571 -0.20920541064738707 0.9741399907226251 0.08534854791255625 -0.19446410940257058 0.2552590264949696 -0.02985224963160115 0.9664117510589244 230.1931692127636
0.9419034957955545 0.2271748769232125 -0.2474052948160921 -95.2410250058071 -0.21191652352223397 0.9734060867450505 0.08701710950116495 -0.15162751983464706 0.2605939210080772 -0.02953244965475252 0.9649967060829944 230.86697016622557
0.9396908509642566 0.22999251445826227 -0.25314926013567074 -95.4105260178976 -0.2141788479861159 0.9727551633112862 0.08874014495465476 -0.11146424917630818 0.26666181895691604 -0.02916908542273581 0.9633486589839598 231.45052249876264
0.9371155786964821 0.23078354203820617 -0.2618269445428743 -95.5816513398498 -0.21412384032178322 0.9725698707198582 0.09087809182531235 -0.07049740525273016 0.27561816553015633 -0.02909988474647113 0.9608266355266892 232.02559225024677
0.9327365657326888 0.2324521793618904 -0.27562380748966014 -95.76318096882707 -0.21478521366255926 0.9722155439730044 0.09308194265916576 -0.02960099428739068 0.28960285036083083 -0.027621013145482914 0.9567482786478912 232.59149552036627
0.926502119829996 0.23437641895796557 -0.29438328109280265 -95.94887627833452 -0.21563273239146913 0.971834219914055 0.09508298336416085 0.010979472088529556 0.3083769554812944 -0.024615914374248656 0.9509456925017387 233.127803142345
0.918765363894749 0.23548393721637534 -0.3168872377051869 -96.1438363440467 -0.21397848866412503 0.9715432930465278 0.10157182741944555 0.05469834637720974 0.33178820427550715 -0.02551362477937664 0.943008824165636 233.65087995615156
0.908557425112044 0.23892014965139582 -0.34269602764597 -96.34620588286269 -0.21357621743507998 0.97065840238128 0.1104873985246483 0.0988066287134281 0.3590384444873495 -0.02719242499622916 0.9329265605624768 234.12804972773785
0.8962455890329839 0.24167325191665523 -0.37193801022072104 -96.55918072278352 -0.21216523801544257 0.9699610134421961 0.11900228644878363 0.14650945255873873 0.3895250388829583 -0.027742957849092906 0.9205979428463965 234.58496514079727
0.8812423680850897 0.24581567102508703 -0.4037159206301754 -96.7914376305657 -0.21093903654954388 0.9688840172830093 0.12949318095207765 0.20206693839365789 0.42298535619017996 -0.028955430095638935 0.9056737666050878 235.03062068907965
0.8652338495120354 0.2477242007494776 -0.4358934571906506 -97.039625606725 -0.2074830304210793 0.9683845947347105 0.1384993457304982 0.26118033229167403 0.45642214861449243 -0.029393826622660397 0.8892776985906096 235.47246037996533
0.848553932847803 0.24737064112863266 -0.4677221279308216 -97.30962279584257 -0.20241692438269143 0.9685057162343073 0.14499678046399359 0.3303459031328993 0.48885950105523945 -0.02836271371150696 0.8719013388560344 235.92870739497184
0.8296706196555879 0.24847208690244615 -0.4999082764974556 -97.62929394604718 -0.19713606025445984 0.9681969454401239 0.15405209699242625 0.4129451786182057 0.5222873123364788 -0.02926255065364378 0.8522673679671093 236.41059472249927
0.8080574878503365 0.25033725657326633 -0.5332676197748879 -97.9897389755821 -0.19164204997539785 0.967686766786477 0.16387692353580974 0.5037309257333993 0.5570605182655026 -0.030225475309827932 0.8299216828304153 236.9152179175555
0.7833094004882075 0.24960434682593557 -0.5693189379885438 -98.36036377622611 -0.18437304911806465 0.9679214708425229 0.1706886201272801 0.5966252768621403 0.593660645373864 -0.028734932184453336 0.8042023015427437 237.39688558495033
0.7548662855606303 0.24806928291438102 -0.6071560934374638 -98.74115615110206 -0.17570296298366297 0.9683636028884847 0.17720158407755504 0.6922420129301562 0.6319061320502111 -0.027084376957535947 0.7745715440178315 237.85114489228394
0.7253183895930062 0.24829383711272435 -0.6420774129106619 -99.14354090892591 -0.1662378438821541 0.9682613885060093 0.18664099975575432 0.7961298776010503 0.668040577345135 -0.02863658464717274 0.7435736231471152 238.27655161007647
0.6940018027551741 0.24976789662304766 -0.6752610573615714 -99.55203357155092 -0.15679455749090795 0.9678181267056646 0.19683378866741472 0.8993329451534112 0.7026926529527683 -0.030725745498466926 0.7108297714993146 238.6646261405041
0.6624248902007096 0.25208975791566907 -0.7054388838138975 -100.01317327114823 -0.14891276809536383 0.9671982992865507 0.20579707810214504 1.0149523077478517 0.7341786242739264 -0.03127624995460941 0.6782356108669211 239.07536414941472
0.6347350014123995 0.251630207188879 -0.7306118783677715 -100.50416540943517 -0.14166785090914338 0.9673630536119183 0.2100926998384513 1.138306389457273 0.7596326072522079 -0.0298489754716399 0.6496670998769373 239.48699211912594
0.6135512748599424 0.2517868314124048 -0.7484371881761628 -101.02398055795315 -0.13551081130173992 0.9673150615477412 0.21433243273763739 1.2713644746282298 0.777940648853166 -0.030082606771865833 0.627617227003632 239.90638484799052
0.5992464298766326 0.2557279659302669 -0.7586217263704478 -101.67060521346028 -0.1326525067873441 0.9662270629870743 0.22092662853175024 1.4365012339742278 0.7894979599233586 -0.03175641970595018 0.6129310736814693 240.41420310207982
0.5910676652357764 0.2573556766795873 -0.7644652188252387 -102.3829122583078 -0.1311179919980989 0.9657861688077417 0.2237524263869571 1.62361571652948 0.7958938919775148 -0.0320176798106265 0.6045889354697391 240.96926954559123
0.588233072641168 0.25731444344013443 -0.7666623307873058 -103.10227056487697 -0.13054470602019272 0.9658084409743098 0.22399137276438655 1.8126327719554673 0.7980851658696791 -0.03167542485692414 0.6017115051907387 241.53009857513862
0.5881790724017114 0.2577323973321517 -0.7665633634306326 -103.79986647051109 -0.13011985096953774 0.965669647224185 0.22483539937826333 1.9964523478068745 0.7981943392259363 -0.03249836604107414 0.6015227784816927 242.07493888996447
0.5894541532760493 0.25706070648964296 -0.7658091109177673 -104.47674275904554 -0.12884477517132265 0.9657981286523508 0.22501777397056535 2.176531867502719 0.7974602341789014 -0.03396715870753126 0.6024146470934062 242.60410609960925
0.5909331975737798 0.2563400598784614 -0.7649102755923303 -105.17285634591202 -0.12765890804475227 0.9659395379411918 0.2250866771685483 2.361666546347585 0.7965558104753556 -0.03536357933614039 0.6035298319507411 243.14706980457362
0.5927268494999431 0.256326269758172 -0.7635258511103158 -105.87238435589303 -0.12689852628166917 0.9658850575625172 0.225749462025922 2.5481019478599487 0.7953437281511769 -0.03691746211907605 0.6050334330276941 243.69513421940877
0.5952328058691445 0.2547132263843093 -0.7621148726550614 -106.58036668010506 -0.1252415466137248 0.9662478901025565 0.22512123372565168 2.738585320643875 0.7937332434886095 -0.038551098262601835 0.6070431212062307 244.25501713434073
0.5970494759274779 0.25420548668788356 -0.7608623356642776 -107.28957289625025 -0.12507624203887988 0.9663635413963567 0.22471635351554392 2.9270265687076678 0.7923937512197812 -0.039000979444977185 0.6087619129267038 244.81604467553373
0.5982770711455819 0.25256011049352456 -0.7604458802103952 -107.97255540368522 -0.12428566968709927 0.9667913074960884 0.22331063579783347 3.107324139161606 0.7915918256601028 -0.03908910765804136 0.6097986743267053 245.3586820709895
0.5981331496395585 0.25046611137804964 -0.7612512478501559 -108.65494986821494 -0.12268090244488214 0.967326551080482 0.22187550506995676 3.290342471262753 0.7919508390535184 -0.03932010460181174 0.6093174853034619 245.90089227378408
0.5960779752893305 0.2524930648387612 -0.7621930854995347 -109.3670330164015 -0.12206569444850987 0.9667316210862363 0.22478865414157423 3.4809591958330524 0.7935937333508727 -0.04095393754337042 0.6070681686482343 246.4602865981435
0.59297957880302 0.25294396162806854 -0.7644570435272939 -110.09249042613676 -0.12139950195746518 0.9666113680654278 0.2256648489489695 3.675071901958755 0.7960134295645227 -0.04100994272831771 0.6038880728664462 247.02379137164075
0.5889811098017499 0.2556744302978474 -0.7666367053491308 -110.85372989618033 -0.1215326526632472 0.965869321838371 0.2287493551206639 3.8813174323660236 0.7989562357434445 -0.04155765661531158 0.5999515768320913 247.61008021337943
0.5851133270100467 0.25802114184176156 -0.7688091342575917 -111.63649291358385 -0.122158515452265 0.9652589647876623 0.2309814451412693 4.08975523762007 0.8016980052723931 -0.04123373933714859 0.5963053639558725 248.2063434651051
0.5811040018896173 0.25373882585539875 -0.7732624051648931 -112.40285392037238 -0.12155520009408012 0.9665560298740229 0.22581801177996183 4.294559638034914 0.8047002375530661 -0.037229683959044725 0.5925128507588271 248.78425363905967
0.5757682837877534 0.2564092006485085 -0.7763666693044583 -113.14699121669165 -0.12237344904829496 0.9658823094564021 0.22824570805864347 4.493032578798375 0.8084031310875354 -0.03640997256192255 0.5875020779077404 249.3357258860696
0.5704174816418855 0.25700722178768437 -0.780109725991354 -113.86410168280206 -0.12126469910157606 0.9657272960118619 0.22949000520593912 4.6834684404990625 0.812353844940205 -0.036305339643000915 0.5820336355609315 249.860330910229
0.5651440304404028 0.25763433446116607 -0.7837325912352561 -114.62365224505857 -0.12061558132237707 0.9655827370017287 0.23043840727299728 4.886514341916507 0.816127506214466 -0.03570052816139582 0.5767680347324716 250.41095244193616
0.5620343441926684 0.2591602529995574 -0.7854637860608995 -115.4120167535051 -0.11950074220664944 0.9651233983269347 0.23293002943787483 5.099669590461308 0.8184356838261503 -0.03705117092717295 0.5734023388275902 250.98003918832885
0.5610561077239676 0.2589526686510547 -0.786231237858258 -116.19875410701472 -0.11972736224362734 0.9652079896917499 0.23246267520914918 5.312804147784349 0.8190735026331983 -0.03629121152163535 0.5725395578040693 251.54633035919971
0.5599339553475963 0.2595430186184265 -0.7868363153383499 -117.01194700605926 -0.11901216099078987 0.9650159199707409 0.23362444165653382 5.534469472804281 0.8199451635232076 -0.03717116744816955 0.5712339565584699 252.13056706125118
0.5589206107108247 0.26256351053392757 -0.7865546095845722 -117.8445082704222 -0.11852262124195757 0.9641025713076239 0.2376102275828291 5.758772875743207 0.820707097067264 -0.03958073943382525 0.5699765134541067 252.72568343711558
0.5579937726747806 0.26118810253012403 -0.7876698069323711 -118.68636959548742 -0.11809794051816187 0.9645095591071995 0.2361655919819925 5.988452612263581 0.8213987010590746 -0.038756747638954106 0.5690361046637713 253.32494566596216
0.5587886383199729 0.26306790303333516 -0.786479838316377 -119.50923447993786 -0.11924179732375839 0.9639865210001938 0.23772122560037273 6.212423112910089 0.820692787500604 -0.03905465047324407 0.5700334050043948 253.91121592761306
0.561455264560715 0.26195388707638834 -0.7849510474817069 -120.2846057042282 -0.1204132782396706 0.9643393922473076 0.23569085468823286 6.421531670564791 0.8186993516063359 -0.03781134228858754 0.5729761548910249 254.4719283076497
0.5641205383454997 0.25953885125523973 -0.7838415674776981 -121.02183171625242 -0.1193045979340267 0.9649732243956733 0.23365164050615664 6.621113302682901 0.8170278031551836 -0.0382917861757386 0.5753253931323469 255.00907885648135
0.5656992012827109 0.2598795001237409 -0.7825899686831782 -121.79655696394164 -0.12010491498813425 0.964887034918441 0.23359755829629927 6.8294707832057435 0.8158181311197966 -0.03815305049054863 0.5770486302509275 255.56973969745306
0.5680129916085104 0.2588550702229796 -0.7812523881459865 -122.57255973587051 -0.1221397662296805 0.9652525357911257 0.2310182236408227 7.036534927403849 0.8139060872541198 -0.035799368271777585 0.5798924782768219 256.13486157582804
0.5706259172641234 0.2595663938852892 -0.779109331038889 -123.28794627270028 -0.12439680267072753 0.9651064257205496 0.23042357196737906 7.2318229003809185 0.8117336373662111 -0.034566952400994624 0.5830039689143904 256.6648326134537
0.5740523193336228 0.2637398130307303 -0.7751807825857168 -124.0126842570399 -0.12580189154236263 0.9638741324194368 0.23477764147601962 7.4309730190018035 0.8090969155497093 -0.037255440880415096 0.5864931486153576 257.2092319121057
0.5775551796183139 0.26308319266826186 -0.7727983231293477 -124.73141002409763 -0.12651170718294363 0.9640566951565389 0.233643909549361 7.628534066557154 0.8064891830903347 -0.037174214979296835 0.5900790415689757 257.75396212710893
0.5793571373547307 0.26218647471166745 -0.7717535616208067 -125.47052968498859 -0.12770819585898666 0.9643564438309088 0.231748281443998 7.830848578447224 0.8050067851307686 -0.03570576592193307 0.59219015035152 258.3143044518052
0.5804186058958748 0.26144378088580456 -0.7712077485126981 -126.23212211038604 -0.12819668038469337 0.9645864357295082 0.23051815361265793 8.039248011120058 0.8041640709881503 -0.03493075210726911 0.5933801391089768 258.89464590052916
0.5815948468324142 0.26094751670826954 -0.7704893429903936 -126.99306212977041 -0.1274808272212676 0.9646878408421383 0.2304907989970864 8.250474305525348 0.803427702303675 -0.03582964212940534 0.5943232823269833 259.48021979130937
0.5828287634165779 0.26150185879610793 -0.7693681890879577 -127.76086228403283 -0.12778276964335517 0.9645186443114921 0.2310310553968776 8.462584549801738 0.8024850131414147 -0.036339546250637726 0.5955646405401551 260.0715162347479
0.5828346302759486 0.2625454725501118 -0.7690082370134518 -128.53744062249672 -0.12802891597664634 0.9642155687755896 0.23215713128097495 8.674951829208695 0.8024415183830806 -0.03685392481412819 0.5955916367788031 260.6663256747443
0.5824354844683481 0.2638049726745247 -0.7688796022943476 -129.33487937765278 -0.12852022069613578 0.9638625296898169 0.23334861630651252 8.89300963368797 0.8026527638427079 -0.0370939382128761 0.5952920127496458 261.277740453491
0.5815609007805861 0.26292049624078506 -0.7698439655798913 -130.12522645236348 -0.12830296268469552 0.9641323889203983 0.232351213469988 9.10946976939897 0.8033213979781715 -0.0363531194142341 0.59443517919051 261.8845257987875
0.5804160151291283 0.2616955941958771 -0.7711242865842644 -130.92803246413624 -0.1280043287101328 0.9645027168756913 0.2309748925118892 9.328755223485434 0.8041965811995799 -0.035354280050331074 0.593310992371651 262.4982524262995
0.5791564201528032 0.26067697871922263 -0.7724152728692047 -131.7202184777338 -0.12951444541775514 0.9648852219658999 0.2285224646723996 9.543064919304747 0.8048626276725251 -0.03231131686630376 0.5925809053441113 263.09825797298106
0.5785203603031783 0.2613813229433928 -0.7726538660558446 -132.4757291642132 -0.12941353730325147 0.9646799909064413 0.2294442230857184 9.748443475369175 0.8053361590524428 -0.03274628469171354 0.5919132975035709 263.66871743778427
0.5778505228225072 0.2648123985697647 -0.7719865069011789 -133.22678756597284 -0.130598736071024 0.963710336090414 0.23282258964531968 9.949684872016627 0.8056256844282008 -0.033716193086259595 0.591464686108449 264.23223622524534
0.5776528654214207 0.26345394960642904 -0.7725989797477059 -133.94879575871633 -0.13173099407111505 0.9641656794905282 0.23028566541060422 10.14244418635442 0.8055830883723036 -0.031249942869419883 0.5916581181723127 264.7740370974659
0.5773978737618426 0.2637101953223314 -0.7727021601227486 -134.6411567968024 -0.13341347207854476 0.9641555899208988 0.2293574587673833 10.328219859628241 0.8054890072764813 -0.02934163095913942 0.591883880376387 265.2931269207487
0.5772652234035471 0.2660559222727494 -0.7719968316466399 -135.36070744009757 -0.1355407273600584 0.9635348112696318 0.2307149295089123 10.517556202131805 0.8052288948339846 -0.028546693244450107 0.5922765513079595 265.8316612995639
0.5782540663531828 0.2657972159678115 -0.7713456259873198 -136.1040455403432 -0.13697009765666435 0.9636510848147019 0.22938129628061066 10.714149594245297 0.8042769591962297 -0.026989381601103556 0.593641428967739 266.3926128473513
0.5787811426718265 0.2659389683552175 -0.7709013257205221 -136.85879213039024 -0.1386277529148927 0.9636578324773197 0.2283548292173446 10.916151951181693 0.8036135482987226 -0.025299150485297066 0.5946135030214684 266.96319873327514
0.5789338809041272 0.26415619745213387 -0.7713994198137019 -137.60929265910212 -0.13879432704690775 0.964186751833215 0.226008943117106 11.117302235057629 0.8034747639601898 -0.023778371200408828 0.5948637598157882 267.5335692345097
0.579966063774488 0.2643438755514084 -0.7705593295317298 -138.3468773276087 -0.14024382651368825 0.9641649310574776 0.22520580552847447 11.314014690731364 0.8024780582637298 -0.022545535642160643 0.596255536517595 268.0957916939914
0.581608274489744 0.2648549337398296 -0.7691447712353857 -139.0853976008758 -0.14150250942615153 0.964037140252077 0.22496540187482145 11.50863375718464 0.8010673223089089 -0.02200582396249668 0.5981696154441223 268.6620855142359
0.5833203918909955 0.26477743099245055 -0.7678738388831684 -139.8126030133628 -0.1425902353122861 0.9640756558828222 0.22411192410867772 11.701369802080759 0.7996282543768215 -0.021237744022019785 0.6001196655927341 269.22274191501907
0.5848697279444272 0.266229273082159 -0.7661914744294389 -140.54494662591236 -0.14407912359265762 0.9636781920480361 0.2248678463360217 11.89569045241248 0.7982284181103703 -0.02112619997003886 0.6019842823495016 269.7902187671507
0.5862884199045435 0.2661075950175691 -0.7651487676000006 -141.29966875442807 -0.14431515857359703 0.9637091144458965 0.22458378779374127 12.097925052184635 0.7971442928928941 -0.02124830835318374 0.603414853728692 270.3799477552479
0.5868901254946947 0.2642076947137547 -0.7653458529650928 -142.04589184157322 -0.14387198902078072 0.9642479537851132 0.22254602759075942 12.298829172057058 0.796781545576971 -0.02049823590619299 0.6039196891580122 270.9658842285297
0.5871943224205606 0.26325947381672593 -0.7654392707215902 -142.7701642061241 -0.14304167456795183 0.9644994707398195 0.22199065358569692 12.492399426070024 0.7967069141496486 -0.02086193635186288 0.6040056891766814 271.53396550288187
0.5870841623268898 0.26468777911057084 -0.7650310882143603 -143.48417577821442 -0.14255853556623316 0.9640708265595216 0.22415286148977095 12.681463718558662 0.7968746766475552 -0.0225348833224169 0.603724215806772 272.0927352912365
0.5869816229915137 0.26388255232589275 -0.765387857787293 -144.17951104299019 -0.1416993385814238 0.9642828717178954 0.22378525589742562 12.868483653823455 0.7971034259842545 -0.022902879501530127 0.6034083081916464 272.63546525958907
0.5867864536995037 0.26535598380863706 -0.7650280123052431 -144.8977544340777 -0.1423402301282247 0.9638708511299505 0.22514937536904087 13.060698362056662 0.7971329353638607 -0.023220340199391565 0.6033571903600903 273.19477995922597
0.5868673501244107 0.26454341353900634 -0.7652473428317691 -145.63733047913357 -0.14237613833149607 0.9641097507361125 0.22410136940537032 13.259784106700922 0.7970669661902715 -0.022564815281355947 0.6034692042843257 273.773086267385
0.5868695030505394 0.2662123064599679 -0.7646667210481161 -146.35990045331005 -0.1424478307983416 0.9636206646210673 0.226150017059694 13.454674460144204 0.7970525715974198 -0.023795432429709263 0.6034409461624437 274.33890351336964
0.5872606156717196 0.2662853117270407 -0.7643409592840789 -147.08196738761882 -0.14275386014766162 0.9636047385317669 0.22602487317122313 13.649571426812496 0.7967096740305185 -0.023622883768886264 0.6039003681640118 274.90574083616906
0.5882291344583327 0.2636872059768697 -0.7644969213662752 -147.79292677482536 -0.14212952650967806 0.9643418313195284 0.22325776595996258 13.842000473087289 0.7961065777071156 -0.022669136979834883 0.6047316984912038 275.4678172855715
0.5883334841628303 0.2648011613461321 -0.7640314498517483 -148.50177912718118 -0.14294570106289142 0.9640381859538504 0.22404665266512805 14.033552288549316 0.7958833067482088 -0.022599136544339083 0.6050281324591356 276.02404754896014
0.5876984484136598 0.26809925090227194 -0.7633697173701728 -149.2675385014265 -0.14323719689543266 0.9630763922320613 0.22796264639369385 14.239086998796589 0.7962999680759231 -0.024630355070883795 0.6044002866076161 276.6242072456834
0.58696287356295 0.268699592873912 -0.7637245012752427 -150.0701049254432 -0.14291112361502054 0.9628934549080144 0.2289379943181136 14.458041099283864 0.7969008694974656 -0.025233376403132505 0.6035828699602759 277.25385537852935
0.5859275554495754 0.2686480368389579 -0.7645372012318684 -150.846806636306 -0.1429715880379424 0.9629205104930845 0.22878639707300605 14.670246121743698 0.797651568530266 -0.02474515658289852 0.6026106972556133 277.8621756982567
0.5843623305817713 0.26638509747042755 -0.7665243938993144 -151.58375781890445 -0.14259074090733567 0.9635954537144371 0.2261673764899919 14.871254495873474 0.798867039753511 -0.0228644139776073 0.6010729334855507 278.43789637110063
0.582874005029022 0.2681139447072034 -0.7670546309846321 -152.3050621318975 -0.14387102379142355 0.963132658954158 0.2273248991401993 15.067516292830872 0.7997243417419752 -0.022144839340955194 0.5999588180166455 278.9945595931919
0.5824949159893201 0.27027705289039855 -0.766583320668716 -153.01626570482927 -0.14452116939622311 0.9625097744399865 0.22953990002575803 15.25959239819465 0.7998833067660204 -0.022918306839018503 0.5997178059460064 279.5424597414949
0.5824343871901773 0.26940753412154766 -0.7669353070350521 -153.75919794555182 -0.14514920384927224 0.9627871135398591 0.22797517984094076 15.460565845936733 0.7998136615739478 -0.021460534945194197 0.5998646115579275 280.1149014380356
0.5824890501721042 0.27063677229986643 -0.7664608560837988 -154.5259571716596 -0.14609808589849613 0.9624458685525055 0.2288084338546317 15.668608627701001 0.799601060358474 -0.021299943317385807 0.6001536942219742 280.70626270131567
0.5821026425841604 0.27264159848085373 -0.7660437796068458 -155.29377132460831 -0.1480394700920887 0.9618994767978842 0.22985585011221854 15.877269684521172 0.7995253772028698 -0.020394982563413218 0.6002859451085372 281.2963136785382
0.581482175788031 0.27353397156710973 -0.7661968713323883 -156.07197307481744 -0.1489393152742823 0.9616587838771709 0.2302812709655499 16.08822303480509 0.7998097021207267 -0.019787617102738148 0.5999274044440314 281.8971166505539
0.5808457185430612 0.27384578847042096 -0.7665681544306467 -156.84196272826554 -0.1507416811124101 0.9616119160811261 0.22930213349681272 16.29517020409497 0.7999344953342113 -0.01763539020830018 0.5998281388752982 282.4913309844436
0.5799483327315242 0.27649159813840446 -0.7662978060263489 -157.59179118219143 -0.1527422707922356 0.9608663498114131 0.23109663890529225 16.49761875753843 0.8002060547603703 -0.0169780434374111 0.5994847921055905 283.06791584946313
0.5802947714242084 0.2788969678037587 -0.7651630281238073 -158.31783715543102 -0.15259031159137362 0.9601296679109146 0.23423752390623703 16.69625985551045 0.799983859253531 -0.019170345514531992 0.5997152013970319 283.6298610630008
0.5809403506099071 0.2795717809709858 -0.7644265355924981 -159.02849187995872 -0.1523430764858183 0.9599115527317037 0.23529002949348782 16.890719639457306 0.7995623153201221 -0.02023438204940554 0.6002421792101974 284.1815015243313
0.5819318060056831 0.2785520006361035 -0.7640446034758623 -159.72830161189955 -0.15340040152187204 0.9602424269516922 0.23324407451177223 17.084733805402426 0.7986386479327761 -0.018527396566943334 0.6015255984615793 284.72486086016085
0.5847369788929875 0.28088547255550234 -0.7610427168184276 -160.39443486689638 -0.15595121592864655 0.9595660862262858 0.23433340439370892 17.268566479991794 0.7960916302571449 -0.018337869877412056 0.6048982052898512 285.24581693971675
0.5889535241531917 0.28031839350454885 -0.7579942906450973 -161.02831170746018 -0.15876832804032817 0.9597730006552389 0.2315780758718714 17.441716619357823 0.7924180490112619 -0.016043237711517624 0.6097673737786564 285.74884511549567
0.5931990975877685 0.28077527571848676 -0.7545065110164818 -161.66890245109118 -0.16127168822308965 0.9596571257942159 0.23032508219918157 17.61606074868806 0.7887371382144572 -0.014948092105442307 0.6145488437412262 286.26320327715393
0.5974891407414674 0.28080190168872 -0.7511038667880899 -162.3186357303655 -0.16324123901931736 0.9596612311345697 0.22891618409522935 17.791792837237097 0.7850853613330598 -0.014163808290186453 0.6192256147441418 286.79259639596245
0.6017412115860896 0.2827857266469051 -0.7469536445347102 -162.9768179157887 -0.16457670736033814 0.9590534412872457 0.23050163589337544 17.971549468146993 0.7815510358724723 -0.0157711622867288 0.6236419235160461 287.3358636090797
0.6069632177467794 0.28509091677280185 -0.7418347669637212 -163.59717552232846 -0.16894318552409016 0.958393402075328 0.230087563600149 18.137782698490717 0.7765654205329056 -0.014326759302891453 0.6298737108345063 287.8495144502396
0.6172295930068286 0.2830915026142157 -0.734089116296005 -164.1162297715151 -0.17238456380755568 0.9590145168176069 0.22488823600618138 18.277578258416312 0.7676660678169274 -0.0122620422735585 0.6407327450987509 288.29615312317407
0.6300645626849953 0.2841058408263499 -0.7227050007139272 -164.558483362691 -0.17712627476809162 0.9587158539584952 0.22246391652448425 18.393954761786773 0.756072039977239 -0.012156585745461962 0.6543754944889609 288.69685507189627
0.6443026012297529 0.28545060291346597 -0.7095013117288169 -164.97209946130633 -0.18153832509761245 0.9582998651205952 0.2206925577145809 18.50208090915102 0.7429118349907524 -0.01339110922174386 0.6692553202063372 289.0887907908309
0.6599936702005962 0.28591598388669975 -0.6947376522495713 -165.39482265270487 -0.1831571772512435 0.9580828171849275 0.22029699007555797 18.614316972181957 0.7286026377364431 -0.01814843169792476 0.6846961594097091 289.51498703853656
0.6766306456957482 0.2854234641992587 -0.6787521015730622 -165.81729395201808 -0.18749756470350112 0.9582149769534855 0.21602944515109213 18.72386059128299 0.7120503019700297 -0.018907776879545504 0.7018738230179733 289.9571572907489
0.6960312882292525 0.2852183517790088 -0.6589316638426111 -166.20893132184122 -0.19548308222403793 0.9583258455095262 0.20832171848523812 18.824410452896753 0.690888421071099 -0.016188441460445135 0.7227801353060058 290.38907735467905
0.7193808497323575 0.2810656755916462 -0.6352112082154737 -166.556740172765 -0.19952102517819723 0.9595527125690703 0.1986201206151614 18.913352900866506 0.6653439362842285 -0.016145519674245976 0.7463623574673763 290.8215603330372
0.7444664354037283 0.28037972331077105 -0.605934763248851 -166.89046229042404 -0.20546736104816402 0.9597171751461046 0.19164056792204898 18.99744623970101 0.6352581287171136 -0.018170153707588867 0.7720861062168366 291.2764867675852
0.7693331080613915 0.2803140845747863 -0.5740649639453691 -167.2303464144073 -0.214654046325378 0.9597747571421243 0.18098634188501508 19.082755996233335 0.6017060821005058 -0.016013417554554994 0.7985570494469919 291.7606670485097
0.7946484316883525 0.27798102075194103 -0.5396854844415865 -167.52833434192218 -0.21965364682562757 0.9604261083795015 0.17127161404975794 19.161193859454226 0.5659382876705226 -0.01755683470092341 0.8242606457327948 292.2654281499316
0.8180394207608257 0.27616832618510667 -0.5045221121947071 -167.78489159738922 -0.2251012520217406 0.960937829078059 0.16102147367662728 19.224381598441365 0.5292834140793915 -0.0181533539288015 0.8482508610791984 292.7421527641684
0.8402184634663683 0.27601917426775646 -0.46674013014391635 -168.03936008531684 -0.23296897457899632 0.9610122001531453 0.1489328977775653 19.283512282537004 0.4896512948352376 -0.01640020101576457 0.871764098178412 293.24885132028703
0.8619544155508811 0.2709467896210662 -0.428511869971388 -168.28577163249605 -0.23466890215544323 0.962442282550897 0.13651138824061196 19.34279146221596 0.449405264625924 -0.017108183780214885 0.8931641608205335 293.835971725565
0.8808146200647408 0.2696862676038977 -0.3891464019441583 -168.5356054955246 -0.2393359705519127 0.9627908038739206 0.12550761401518407 19.40287414815029 0.40851425713208483 -0.01741220955792709 0.912585840717537 294.45701764118064
0.8981030059671498 0.2706739966367541 -0.34662166437984665 -168.74323448272864 -0.24544655750850325 0.962487837716603 0.1156423350457939 19.451227147612727 0.3649205092619395 -0.01878163444178709 0.9308492209416646 295.04586372066933
0.915040798153279 0.2677691715578827 -0.30166207663246974 -168.89365133042514 -0.24778658410303722 0.9632776481635907 0.10343104604987052 19.484335902235273 0.31827998123280854 -0.019895811409114214 0.9477879563672552 295.6269033787099
0.9287813207403255 0.2659040036373378 -0.258186597431954 -169.02760094694486 -0.2507531603029711 0.9638046645100237 0.09057274019700234 19.512607401611756 0.27292510115767543 -0.019381164009309254 0.961840038488583 296.20225390223595
0.9390955056207868 0.26387098006032367 -0.2201629787335772 -169.14041214575687 -0.2519782835151889 0.9643385439553562 0.08098220346966982 19.53594219606784 0.23368049974179728 -0.020573733838757678 0.9720957491504413 296.7603811967458
0.9465345511971508 0.2625485434132869 -0.1874582773354332 -169.23600014463082 -0.25300558728514355 0.9646630542222663 0.07357557081714779 19.554347982267885 0.20015123330248588 -0.022213828353771073 0.9795131595018848 297.31452735014665
0.9517905458308412 0.261141499237 -0.16093437868671742 -169.32192910566278 -0.25322452280899466 0.9649969194175549 0.06825164146587645 19.571887747847526 0.17312451563884465 -0.024208735838151852 0.9846023761874312 297.8839775392576
0.9554095150585653 0.26074057137926515 -0.13858936817941764 -169.40470889752174 -0.25403863989173575 0.9650515240424862 0.06434225194405759 19.588824658785565 0.15052251651335335 -0.026266145131894326 0.988257588709745 298.5019648029558
0.95766951090444 0.2603901392857066 -0.12274397438090193 -169.48636042882578 -0.25475304755266703 0.965151946836527 0.059854860122560354 19.60694812469072 0.13405220120041914 -0.026051773076565296 0.9906317744111035 299.15313947978206
0.9593501141479259 0.259210632871079 -0.1116118555124611 -169.56612671784467 -0.2543542888257122 0.9654885217294867 0.055998305015218575 19.627266789967585 0.12227532146891251 -0.025333026175050632 0.9921728597096829 299.8404738036802
0.9599770359290265 0.2596450598536636 -0.10501682428309358 -169.65348294246417 -0.2551537017477521 0.9653695852686521 0.05438889889169146 19.649457309757736 0.11550185701250791 -0.02541666248386544 0.9929820312044146 300.5830852231215
0.960351782044359 0.25887459080613373 -0.10348140392930127 -169.74162471193722 -0.25477657830906025 0.96564029090253 0.0512613278291285 19.67246169917105 0.11319606825923627 -0.02286426951893902 0.9933095566388241 301.3576809525366
0.9602480276391702 0.2592695393594551 -0.10345545599637455 -169.83355988615793 -0.2554772875693451 0.9655930732159194 0.04859395532005251 19.696498849715713 0.11249480410797644 -0.02023173046906337 0.99344632272254 302.1678466825984
0.9601417923384961 0.25993272359744324 -0.10277508359633572 -169.92877021980283 -0.2562455888988204 0.9654283054602998 0.047816160301217464 19.72122434919439 0.11165095957901729 -0.019574632034087734 0.9935546774112719 303.0151963954812
0.9602504872228677 0.2603795281527521 -0.1006056812868615 -170.02500613143914 -0.256450311754533 0.9652414346089223 0.050420338308198046 19.74653116122113 0.11023719603312779 -0.022615796096096683 0.9936479690401905 303.880149019927
0.9603509116812239 0.26089117336841505 -0.09829507663912673 -170.1205152903947 -0.256820466910774 0.9650465501677928 0.05223412471722415 19.773615753880826 0.10848674669641566 -0.024918901815566632 0.9937855272258374 304.76693011112695
0.9605019851788332 0.2608289151596517 -0.09697532409926668 -170.21183173336576 -0.2569455382389757 0.9650896799324163 0.05080255965037879 19.79938281500965 0.10684066101724427 -0.02387858254977024 0.9939893794446769 305.6269013399414
0.9604515198677701 0.26162505454379426 -0.09531636175728184 -170.29633680702418 -0.2579628169013921 0.9649050586961156 0.04912649793080603 19.823257364337433 0.10482396233680179 -0.022595542427723485 0.9942340661948832 306.4271849543195
0.9603572649472486 0.263125858467663 -0.09207989068571719 -170.38081479515716 -0.2595821853309938 0.9644889751377087 0.048765827139494365 19.844327224654926 0.10164158952822357 -0.022930317125338145 0.9945567795931558 307.2406767188099
0.9606290106808231 0.2630845865003484 -0.08932191323702204 -170.4667977144356 -0.25962223553002933 0.9644866376050379 0.04859856684840959 19.864817814768333 0.09893532562624653 -0.02349523839567908 0.994816452978116 308.1092204711855
0.9611069864210742 0.26252662276850325 -0.08575041102154268 -170.55515394502092 -0.2589872064037568 0.9645713471938451 0.05027666548041693 19.88512683258548 0.09591135267410986 -0.026112995048741223 0.9950472973270207 309.02421945255287
0.9614225372772365 0.2623873726140425 -0.08258069694607102 -170.6428790446411 -0.25883678799587684 0.9645579029267342 0.05129882144415734 19.905625988625566 0.09311402684545861 -0.02794492072419224 0.9952632111207281 309.93835557723884
0.9611715626556129 0.26359489810852516 -0.08165143497405371 -170.728932508327 -0.2600723890938874 0.9642243095259447 0.05132088610121607 19.925181668882505 0.0922582222523476 -0.028092892524130747 0.9953387412416265 310.8244752691074
0.9608902628114308 0.2649347472976867 -0.08061936807299455 -170.8133254705539 -0.2612244503741922 0.963781834112713 0.05372488027941495 19.94295812040161 0.09193307000682266 -0.03056396421681751 0.9952960136213121 311.6799290269571
0.9604490774026215 0.267048208637858 -0.078884878017037 -170.89603655437517 -0.26335359925795765 0.9631749810430217 0.0542110473119224 19.96168522198355 0.09045690396167053 -0.031292333822954634 0.9954086288402283 312.506955108904
0.9603587084703392 0.2678634933239279 -0.07720297927853877 -170.97564927772584 -0.2648953101019443 0.9631501475513506 0.04660759549480976 19.97919064820494 0.08684253422819559 -0.024309303077521528 0.9959254148944645 313.3034199821003
0.9604801722079667 0.2683920108730068 -0.07378053466123126 -171.04954305034224 -0.265901291830809 0.9630886661414582 0.04191329326807683 19.99368980750674 0.08230638977661683 -0.020638547657536796 0.9963933503152902 314.0900262072388
0.960601459244891 0.26966582804039324 -0.06726944093623545 -171.11838993510423 -0.26709685753359197 0.9626274733303098 0.04480643129491065 20.0020942051635 0.07683817535746672 -0.02507366700333759 0.9967282508441017 314.8872259623411
0.9612444091244735 0.2694225933177429 -0.05848634145578239 -171.17150045613317 -0.26722610182472156 0.9626856060335189 0.042739144112179 20.006913044938088 0.067818850111926 -0.025453686291379417 0.997372905900134 315.61709081538817
0.9622080282198031 0.26879476345458725 -0.043647285926499794 -171.20451295885024 -0.26708352263202384 0.962788119322189 0.04129684286375183 20.009415269699296 0.053123463439674785 -0.0280786828650575 0.9981931101749494 316.31920990537736
0.9633029202855183 0.26773554028714325 -0.019109270957898765 -171.2129247149343 -0.26699109628713313 0.9630831171409778 0.03444798951193561 20.00173443439153 0.02762676732420738 -0.02808184369251575 0.9992237846358767 317.03405466694784
0.9635349935780557 0.2671664933372613 0.014912444078890849 -171.194528816752 -0.2674424388955615 0.9633364816192042 0.02138609499485016 19.985739302534757 -0.008652053405351443 -0.02459447131787541 0.9996600691997589 317.7228961867138
0.962354283425985 0.26644163627594225 0.053694391050241375 -171.13679896882462 -0.2672319161592499 0.9635991459700429 0.007986793578267025 19.959729920777992 -0.04961185500980374 -0.022034980018245033 0.9985254746365179 318.4115896374108
0.9602216703532137 0.2640901921404855 0.09072328366678704 -171.05834574260925 -0.2648552017076507 0.9642810205447085 -0.003719616331980192 19.92949153328215 -0.08846505475317934 -0.020456877387780712 0.9958691933457224 319.1060618169807
0.9564757517432794 0.2619409530026875 0.1286121046681492 -170.95139658295474 -0.26244035841923025 0.964855815238066 -0.013353429300192052 19.893525446497907 -0.1275899470958182 -0.020980775517909233 0.9916050687944042 319.8080577872441
0.9503815694678672 0.26110634402335386 0.16911046545542385 -170.81331154710108 -0.2610330496099033 0.9650542389332456 -0.023066489293560106 19.843788125751768 -0.16922357822462766 -0.022221454221852604 0.985327147471905 320.494296508557
0.9420108638949591 0.262317620424466 0.20929643646922735 -170.65639914129142 -0.26010736372781257 0.9648108938742397 -0.03852399766587064 19.785181692224533 -0.2120370053515185 -0.01814952000572267 0.9770930883417013 321.13707874357
0.9308449658477159 0.2632611537137766 0.253419049207542 -170.47072724494896 -0.25846556063655474 0.9645838699839037 -0.052664140852282416 19.723825702294832 -0.25830834969237026 -0.016477946236368408 0.965921981200882 321.7800452526481
0.9174238071303711 0.26116712518043317 0.3002087454345765 -170.25172112680795 -0.2546730740522574 0.9650819765295463 -0.06130582297465361 19.657705883416853 -0.3057371149585687 -0.020211662544528438 0.9519014157117314 322.4377364077714
0.9020836566771953 0.26081826480257275 0.3438297676194922 -169.9856853336951 -0.2514902379161834 0.965154364411332 -0.07231675525506623 19.57918881142323 -0.35071033145426705 -0.02123406704177275 0.9362432257742136 323.0852714434516
0.8873516852018248 0.2607131384036387 0.3803099344392745 -169.70015474741282 -0.24771268391542467 0.9652105843642107 -0.08370755078675864 19.497159329990243 -0.388902832333346 -0.019929558324904784 0.9210631898561993 323.743937605243
0.8723254269215941 0.2612291747899366 0.41328884304397323 -169.39273636585946 -0.24517963539226742 0.9650558979464959 -0.092488162635005 19.408255694404986 -0.4230074419380512 -0.02065023189343933 0.9058908720081987 324.39661041772655
0.8577022613997786 0.26227539580089193 0.4422199085830376 -169.06366248326074 -0.2425893673222116 0.9647846007672398 -0.10169106639527706 19.316308012579118 -0.4533180226418486 -0.02005719022906169 0.8911231561732648 325.04427963047834
0.8460560732069039 0.260197921082212 0.4652807355287857 -168.69939296104354 -0.23710043784420648 0.9653813634658648 -0.10872996572645065 19.219297674431672 -0.4774646619005436 -0.018326618271907957 0.8784598065358007 325.7168978444293
0.8355269042682666 0.2577323362112988 0.4852513112964781 -168.2974691723064 -0.23346093010940167 0.9659995195057121 -0.1110897044157915 19.11019289586264 -0.4973839426000206 -0.020468785645480027 0.867289018988399 326.4322580911076
0.8275710596822101 0.25741279048988813 0.49886350484743947 -167.85947534261942 -0.2303081975103102 0.9661241256639876 -0.11645732252438522 18.99424013371662 -0.5119416718103894 -0.018515644795831787 0.8588206422541199 327.18155932770685
0.821245296975602 0.2572505400162674 0.5092919809468756 -167.39591128100005 -0.2280930177985508 0.9661875725548672 -0.12022957153747398 18.87382587286767 -0.5230007049966626 -0.01742797469223319 0.8521540519595747 327.95461140876904
0.8165438089256454 0.2560164210565549 0.5174087361599053 -166.9076899650268 -0.22672352180984517 0.9664860823436344 -0.12042050196787717 18.746362544801762 -0.5308979683172094 -0.01898011552776666 0.8472231715735901 328.75513853181593
0.8136591041740012 0.2545785643042988 0.5226362184077206 -166.40100568420107 -0.22545792239827686 0.9668404127289646 -0.11995141325528194 18.613760637540885 -0.5358428756852286 -0.020232916518599143 0.8440752582954538 329.57686023238466
0.8126169801512846 0.25333977323240814 0.5248548398065483 -165.88282803770386 -0.22346999809845663 0.9671891916431857 -0.1208562266433891 18.478496438919535 -0.5382516172940714 -0.01907948812610557 0.8425681987905568 330.41229848860354
0.8113994384439155 0.2524944456536202 0.5271408788995294 -165.3567626204723 -0.22258211135489725 0.967405012238167 -0.12076732174421002 18.344280906533655 -0.5404518063599155 -0.0193415927613063 0.8411526304968446 331.25466578980087
0.8095733870239883 0.2528024926549875 0.5297941399543142 -164.84460878548123 -0.2229380537001974 0.9673063266183844 -0.12090117739880267 18.211965928127245 -0.5430373423944955 -0.020232898741248596 0.8394647548132387 332.0755964301892
0.8073472493438828 0.25496349697202203 0.53215038681623 -164.3372379577071 -0.223955932429201 0.9667532768152577 -0.12341734925337929 18.079860172607574 -0.5459250491657575 -0.01953757863096026 0.837606186530762 332.8877881250405
0.8051112993850661 0.25680218186862347 0.534647954255886 -163.80922208645097 -0.22470753447272854 0.9662791154595756 -0.1257425742453582 17.941367299648974 -0.5489101197406357 -0.01890265627302536 0.8356676193512262 333.72695687714025
0.802722863257312 0.2578957428445123 0.5377041850559272 -163.25013087044752 -0.22602388066465648 0.9659553588995714 -0.12587076698936406 17.791972915356848 -0.5518597740126316 -0.020494644077871545 0.833685048079219 334.6116169612061
0.8001186643757555 0.25873703595757414 0.5411702774002327 -162.67227584249548 -0.22682501860112356 0.9657050047099417 -0.1263497321515673 17.637140246553365 -0.5553022004766036 -0.02165617930433703 0.8313666315433772 335.5161341640937
0.7977624714123658 0.2578680705290965 0.5450496283895935 -162.08444709408275 -0.22661222174207504 0.9658927967897125 -0.12529168394937124 17.481675839132386 -0.558768234747785 -0.023561903814191237 0.8289890810653033 336.42202060931555
0.7962626354277594 0.2568322989287471 0.5477252830102081 -161.50955727349884 -0.22591380313336476 0.9661449194372953 -0.12460717555310807 17.33189345606806 -0.5611851467879913 -0.024518663758007857 0.8273270611747591 337.29093277435567
0.7947573917359952 0.259472674563749 0.5486662186026503 -160.95163961843312 -0.2255203079516731 0.9655336600953721 -0.1299436105555735 17.18877728003335 -0.5634725183914309 -0.02046172958404467 0.8258813708033674 338.1300444095953
0.7924754648688633 0.2628553020392627 0.5503541839313348 -160.38483595870466 -0.2276444600745812 0.9646290689871253 -0.13292388446921644 17.045072248437794 -0.5658273918592421 -0.019946163913918603 0.8242824231820596 338.98305952569774
0.7899274227414529 0.2624209625750018 0.5542110655718216 -159.81258712133098 -0.22881905364748184 0.9646642584951022 -0.130631960369455 16.896928736157985 -0.5689081714028351 -0.023624283762800027 0.8220616678375038 339.843152792615
0.7871375619919119 0.2639389714786477 0.5574501572662987 -159.24453345045845 -0.22944145466693905 0.9642518267033922 -0.13257086248302025 16.749709779938385 -0.5725129495319287 -0.023550669501444414 0.8195573735769122 340.68475109292086
0.7839629364371047 0.26542267981642104 0.561206660092323 -158.67913311634402 -0.23015390028537688 0.9638371899247751 -0.1343393222453622 16.60480660566664 -0.5765685531455401 -0.02384685213993375 0.8167006986446601 341.51362219054494
0.781241004434066 0.2645690657618249 0.5653898676424662 -158.1226656483825 -0.22841611512464627 0.9640858604461756 -0.1355157999611968 16.459917951814035 -0.5809376656253378 -0.023273657419359176 0.813615244159124 342.3170349299839
0.778303447612772 0.2625689401265225 0.5703519046298577 -157.56322330246667 -0.22675045263581192 0.9646012638376905 -0.13464261595864144 16.314885264550316 -0.5855151370063186 -0.024534740340305044 0.8102901152383061 343.1141409304857
0.7754577023557852 0.25985257473011886 0.5754493820165362 -157.00991786821996 -0.22274179625685875 0.9653769037645034 -0.1357701214492003 16.167591238241545 -0.5908057583143173 -0.022892642577700233 0.80648898495792 343.89177033562
0.7735545157376704 0.25954926071274975 0.5781414986362093 -156.45811980725068 -0.21868318680249396 0.9655722153108287 -0.14088279110539315 16.023608503537858 -0.5948033918798418 -0.017449306095232642 0.8036818068894132 344.65684357454387
0.7725625981766194 0.25570647836407556 0.5811722884147459 -155.87987845486782 -0.2177544162238901 0.9665120047532858 -0.1357849729637964 15.87217307167528 -0.5964310908341255 -0.021650440883003164 0.8023722404819276 345.4624998331533
0.7730091113677917 0.2547789189368221 0.5809859001798237 -155.30574822992696 -0.21577697780446844 0.9668015461816568 -0.1368760978050196 15.720358838244545 -0.59657121083065 -0.019556910956062237 0.8023218292193666 346.2571875695206
0.775433547528506 0.255701301922707 0.5773384255030904 -154.7228651127356 -0.2127201165920635 0.9666767348652727 -0.14242978012787844 15.568353045498348 -0.5945191042888496 -0.012366667507830324 0.8039863805875921 347.0599081416014
0.7783714662770139 0.25482047976607125 0.5737633515462272 -154.12290096067554 -0.21224728325666778 0.9669182479507197 -0.1414927296014751 15.4067738222455 -0.5908374998558708 -0.011645809190490377 0.8067065289759122 347.90014658075074
0.7810607783710061 0.25429569234168214 0.5703312733376467 -153.54074535048284 -0.21349491816842783 0.967034316364323 -0.13879679711738396 15.24502010376825 -0.5868253406310393 -0.013354094138210053 0.8096034138780631 348.7343299725393
0.7855596952569961 0.2554905556974868 0.5635783362915254 -152.95599876967933 -0.21397124928916192 0.9667534438966566 -0.1400145820676927 15.084049689213115 -0.5806137008936078 -0.010599748267973219 0.8141101741602825 349.58130868533084
0.7900519905062643 0.2540638862861545 0.5579152211423026 -152.3830780995852 -0.21561406983247466 0.9670920535641475 -0.13506862264552136 14.924177996389853 -0.5738714361138455 -0.013583137275943789 0.8188327504407583 350.4269705460968
0.7945658538274757 0.2554793006310782 0.5508134265615433 -151.8134362348667 -0.21681514830218765 0.9667442813479982 -0.13563438335335376 14.764100688420744 -0.5671475076187114 -0.011654245149256908 0.8235337777965678 351.28608660963147
0.798676750621227 0.2546815136009313 0.545208927519585 -151.22618584481165 -0.21763416715287753 0.9669437576472253 -0.13287264140800087 14.600746251051037 -0.5610265745085461 -0.012533801378837254 0.8277028974929378 352.1838123061991
0.8013865689108475 0.2549461879839336 0.5410933453682085 -150.6612949333744 -0.21922806970095476 0.9668574848976339 -0.13086503487416562 14.443037376062454 -0.5565236927791074 -0.01374936834489884 0.8307179631172207 353.0643677775543
0.8025887480698763 0.2568014403508352 0.5384276383186176 -150.12254465742032 -0.22101458312419123 0.9663699977920515 -0.13145942877493427 14.291982717381249 -0.5540792863102445 -0.013492501663076929 0.8323545499850432 353.9106908611959
0.8033478271687868 0.25760894028304615 0.5369077224900329 -149.5985833840168 -0.22227357304398995 0.966146132344337 -0.13098133333547335 14.14609398850523 -0.5524732819869651 -0.014116828338047971 0.8334110557511385 354.7371220699663
0.803749137522093 0.2564609706036813 0.5368566796543643 -149.09826323937332 -0.2240700062252004 0.9663702338419178 -0.12617925128386664 14.010308484119646 -0.5511623683114912 -0.018877015159603012 0.8341844532571523 355.52931051333036
0.8039832828062587 0.25737578480403467 0.5360677068846601 -148.60850521271948 -0.2260895775605572 0.9660853026897469 -0.1247505144091605 13.879724527490481 -0.5499948944186315 -0.020901993286963492 0.8349064155880417 356.3059760903218
0.8040798929571102 0.26018024132480877 0.5345668973722987 -148.09724264005055 -0.22864015831990778 0.9653323368933744 -0.12592520538567928 13.74417163727131 -0.5487979625923654 -0.020969534380665594 0.8356919736854774 357.1166121230159
0.803156207342862 0.26236542235729116 0.5348873636177147 -147.56486874872542 -0.23136546677832706 0.9647008900009247 -0.1257863808759594 13.602483683051606 -0.5490083126775753 -0.02272835195752151 0.8355078064436136 357.960153403586
0.8018816864609453 0.2642184902070653 0.5358865088348918 -147.0449907414496 -0.23323211726119905 0.9641730746056795 -0.12638457850264176 13.463407703930185 -0.550080485380467 -0.023640466114920378 0.8347769689955882 358.7833784464436
0.8007172624912848 0.2643612637894247 0.5375546369962039 -146.5340303098432 -0.23334152356339852 0.9641228046628489 -0.1265659942881791 13.326184301338104 -0.5517278304830893 -0.024090241524345895 0.8336762329188258 359.5853448862949
0.7995005295197308 0.26564122515408456 0.5387333689278087 -146.0261818126284 -0.23463899903278773 0.96375104392979 -0.1269978954830856 13.18798184954761 -0.5529407232521069 -0.024872973744164605 0.8328492611190581 360.3796504695806
0.7993213216173689 0.2666497508011752 0.5385010076179371 -145.51531313321925 -0.23529323814374187 0.9634813489892303 -0.12783106912533806 13.048360438928894 -0.5529217999787103 -0.024527546709066154 0.8328720685439871 361.1787983685598
0.799014038194034 0.2673374438899914 0.5386160579329473 -144.98416361789393 -0.23633746008231396 0.9632678778615121 -0.12751313831139555 12.903181678507492 -0.5529205835657642 -0.025410363526439106 0.8328464094265827 362.01200420906594
0.7987569329827824 0.26865701340534875 0.5383407574762071 -144.45266033680423 -0.235899230774243 0.9629680571589815 -0.13055295405151984 12.757281251427631 -0.5534789200430861 -0.022714093413026867 0.8325533947011239 362.8417633723936
0.7977778637094024 0.2694147858242156 0.5394127856795328 -143.93463696065973 -0.23607224392270165 0.9627669650486274 -0.13171813337713484 12.611977720627804 -0.5548156232700772 -0.022258575658562305 0.8316755256619554 363.6502265999116
0.7965485078187521 0.2693607626447718 0.5412534103718386 -143.4256546402372 -0.23595625846299845 0.9627727109659443 -0.1318838546275855 12.467601207474786 -0.5566283488862779 -0.022660241982688876 0.8304525240189375 364.44315290795083
0.7958367582779868 0.2682648573527059 0.5428423532510308 -142.8998143524071 -0.23537187953048608 0.9630554228852181 -0.13085996629092156 12.322269683154092 -0.5578924022603938 -0.02362665361211395 0.8295769094780917 365.2555317652068
0.7944672041969935 0.2684923575202646 0.5447327008805535 -142.36919221700717 -0.23544310430624762 0.9629835025049737 -0.13126049877206739 12.175471783043546 -0.5598110449875491 -0.023971396631497263 0.8282734850600287 366.0715250633565
0.7928784276156666 0.2698781782655416 0.54636029130765 -141.84798597156373 -0.23515879364826134 0.962642088548093 -0.1342406463246548 12.030936463489766 -0.5621780330034287 -0.022044914421216897 0.8267223723575884 366.8690096927007
0.792074595209855 0.2700319348429349 0.5474491663964105 -141.33279502745324 -0.23463910847106004 0.9626165668986962 -0.13532861452063516 11.889407312874042 -0.5635266847266881 -0.02126262676973658 0.8258241800188467 367.6515634442244
0.7916134173466699 0.2683610046102357 0.5489358511532213 -140.83179077356195 -0.23422728540828933 0.963037356287973 -0.13302867797635246 11.75098325095345 -0.5643454405299935 -0.023268467900938155 0.8252107622629219 368.409598976384
0.7908276641673353 0.2689760232439184 0.5497667728296454 -140.33468254833684 -0.2348078022578031 0.9628562336389853 -0.13331605057684884 11.612653107285432 -0.5652051853853594 -0.023659506808790642 0.8246110150556251 369.1631723153338
0.7900943645441246 0.2698454590006888 0.550394697805423 -139.8215174974905 -0.23522707054132935 0.9626199108725368 -0.13428005241395438 11.472893316172142 -0.5660557573244547 -0.023373819723295282 0.8240355235979714 369.9347471627398
0.7895075711336123 0.270410737786079 0.5509590075610817 -139.32129154168058 -0.23535800012737357 0.9624704055584405 -0.1351196884255397 11.33589971503493 -0.566819554089967 -0.022994593150560818 0.8235210026387264 370.68761318592954
0.7891353029426486 0.2692641434189986 0.552052800661718 -138.83641352111985 -0.23529313945925 0.9627482863336054 -0.1332399177615949 11.202301091598166 -0.5673646201280318 -0.024749913748117833 0.8230946662422475 371.4198775824799
0.7892895212550942 0.2678726691374503 0.5525090811616418 -138.34927426127072 -0.23513609923383408 0.9630899597632115 -0.13102955483551312 11.068500059119279 -0.5672151853344569 -0.02649457552922844 0.8231433477794288 372.1538417463384
0.7899089061703515 0.26744699653739723 0.5518297056120517 -137.87198842778008 -0.23477195691652447 0.9632146472266732 -0.13076571268334064 10.936263909043609 -0.5665033523275445 -0.026261138800927335 0.8236408831466141 372.8730344852236
0.7899491281533503 0.268129328602323 0.5514408745033585 -137.4133652489362 -0.23519296569088877 0.9630335820897924 -0.13134149632476524 10.810001091908092 -0.5662725879108823 -0.02594191416551775 0.8238096705369166 373.5639112379782
0.7898140640926855 0.26797955767892556 0.5517070788268014 -136.95334490856715 -0.23549718539056486 0.9630535099359101 -0.13064843157591588 10.684333197612196 -0.5663345476257997 -0.026737495513453377 0.8237416381968019 374.2539666677882
0.7898507196097617 0.2677527356793043 0.5517647263718387 -136.4946043434888 -0.23548660484114708 0.9631080554056152 -0.13026485540315558 10.558978310697158 -0.5662878240544583 -0.027043412304365275 0.8237637732861315 374.9421508287941
0.7894808181435417 0.26830093887053696 0.5520277565345717 -136.0479050829224 -0.23616962711713702 0.962941550779523 -0.13025926842140875 10.43601847025094 -0.5665191479647963 -0.02753499561496694 0.8235884160220608 375.6156804823083
0.7891409208780518 0.26865338138498507 0.552342255912178 -135.60594525788468 -0.23639625664009228 0.9628433993703729 -0.13057334389322048 10.31567804202392 -0.5668980656540417 -0.027530872839760624 0.8233277805336031 376.28157593571933
0.7888958412505999 0.26924911092895787 0.5524022700183934 -135.1891778290877 -0.23724955687825872 0.9626578920807801 -0.1303933686030849 10.202912195555026 -0.5668827034039585 -0.028190407562778227 0.8233160398673564 376.91275894233723
0.7887450292220373 0.2700745985484169 0.5522146232185807 -134.8029738817048 -0.23839992203231594 0.9624033589394952 -0.1301739293290476 10.099074805829645 -0.5666098799460839 -0.028973883427827727 0.8234766287069702 377.4998559117722
0.7886123393545988 0.270474394442072 0.5522084571689041 -134.44297228493903 -0.2392399732092005 0.9622640606982382 -0.12966153133215438 10.001681707569798 -0.5664404765167567 -0.029857652950833084 0.8235615988641891 378.0490502674892
0.7879936747885279 0.27073081968411705 0.5529654525975722 -134.0971929915416 -0.23996207474668207 0.9621575086181994 -0.1291167351387434 9.909476254271928 -0.5669957417622659 -0.030947566669876452 0.8231391601306999 378.57665303032525
0.78741052797741 0.2711741424318634 0.5535785806068367 -133.74656674483614 -0.24049299369159985 0.96201736150814 -0.12917320210542937 9.816854166450629 -0.5675806378089295 -0.031419430823316365 0.8227180798737501 379.1087154140893
0.7868558629355447 0.27121277126837706 0.5543478002706299 -133.3916349785663 -0.24034109835663114 0.9620095787179881 -0.12951342361148738 9.720733588514403 -0.5684135883357205 -0.031324162491072345 0.8221464525493895 379.6434460147774
0.7863159211589011 0.27152577424878777 0.55496038241538 -133.01795798969204 -0.2398251308100367 0.9619571618534716 -0.1308523037273846 9.618261762389658 -0.5693778874912337 -0.030202196565994197 0.8215209361657264 380.2047276261576
0.7864469535976901 0.27167380333805474 0.5547022027689709 -132.6211968403704 -0.23915858481774147 0.9619582333223964 -0.1320588075488742 9.51312377411439 -0.5694772695067736 -0.028804546916955626 0.8215022444229967 380.7958706312503
0.7863851102993167 0.2712100698992478 0.5550167171219047 -132.2235028437266 -0.23957227936899636 0.9620458231120118 -0.1306635266272763 9.40858927049631 -0.5693887786543369 -0.030214768209904257 0.8215129253545234 381.3901681707276
0.7856939032907952 0.2711439736091937 0.5560270100517519 -131.83190375516946 -0.24013913235435183 0.9620218136280512 -0.12979686905274698 9.303903691831952 -0.5701037514731646 -0.03154323507843561 0.820966952365936 381.97795075364496
0.7845688919192297 0.2721343010453994 0.5571306633341622 -131.45865254263703 -0.2415780736777539 0.9616949486509765 -0.12954867833113204 9.202399884688349 -0.571044383696031 -0.03295068942721958 0.8202576204556062 382.5414202213198
0.7836852767451352 0.27369246987818013 0.5576108131527597 -131.0789781828825 -0.2431786691896303 0.9612267533881014 -0.13002793323794815 9.099175178659891 -0.5715780977819772 -0.03369807862405677 0.8198554248359804 383.1126465459576
0.7836990460401703 0.27407789683153394 0.5574021095260853 -130.6749645628573 -0.2444831147466647 0.9610586747091203 -0.1288185948150354 8.989848464810551 -0.5710024622009074 -0.03532039403452081 0.8201881844587557 383.7173432122221
0.7834695407725213 0.2775915796342218 0.5559841666791168 -130.27190936740683 -0.2471705463338086 0.960070271694922 -0.1310411936479784 8.879429359943149 -0.5701598019035923 -0.034756126421360355 0.8207982772700253 384.32383955734986
0.7834416273853294 0.2809167379346879 0.5543509744087769 -129.8781512066134 -0.24853884643884122 0.9591933666388678 -0.13482035160481656 8.770198456325582 -0.569603070822726 -0.03215387603586563 0.8212907341284166 384.91774403591324
0.7832081229927018 0.2829894803442844 0.5536262187547846 -129.51517422695323 -0.24973236298690715 0.9586158496671193 -0.1367091790772082 8.668309998665343 -0.5694021276349669 -0.031186644280205764 0.821467351915653 385.47036441961785
0.7829293517654621 0.2841097846877539 0.5534467096196266 -129.1660902854139 -0.2520647843697468 0.958203983297653 -0.13530879821041092 8.569141037708444 -0.5687573952264261 -0.03356719584937672 0.8218200951169684 386.00776169152306
0.7830924289382531 0.28411514838801816 0.5532131869325254 -128.7833817112315 -0.2533365289591603 0.9581276682453459 -0.13346150919895383 8.460762341223624 -0.5679672973283887 -0.03563641114354774 0.8222792684765294 386.5944314716216
0.7828739708777338 0.2860355327886958 0.5525323698249869 -128.38144133973972 -0.255017208349259 0.9575535829134085 -0.13437767409598275 8.345715655253887 -0.5675161400065046 -0.03570447915853292 0.8225877588440871 387.211052437193
0.7826308474182118 0.2874267581160885 0.5521547024053378 -128.01043204700576 -0.2556193092324774 0.9571720822016638 -0.1359425386008512 8.23755111536308 -0.5675805893588729 -0.03474857943294985 0.8225842271831069 387.7809331849143
0.7820403000322451 0.28822410808896476 0.5525756352227238 -127.63748783174023 -0.255641621855577 0.9569646590837145 -0.1373535672628912 8.12659947869401 -0.568383963796067 -0.03384530663344262 0.822067007559823 388.3524617276479
0.7808425807924859 0.2881818964223224 0.5542887862800076 -127.25647573639398 -0.2561656240380796 0.9569252715267519 -0.13664990953028402 8.012229122524579 -0.5697929773896079 -0.03528766481204156 0.8210302939780002 388.93531618556347
0.7797391534374614 0.28826396018517686 0.5557973928105365 -126.88103979696226 -0.2565480499832918 0.9568640874760636 -0.13636061069228173 7.903119693460537 -0.5711304147446574 -0.03626303016792618 0.8200579503892627 389.5039138511957
0.7790488603640321 0.2872686513358086 0.5572787409593232 -126.50299244523667 -0.25612872225007716 0.9571231696767301 -0.13532669990254578 7.794651685010556 -0.5722595135111767 -0.037308980523139905 0.8192234671738097 390.0699974093774
0.7786210344299765 0.2852231585132817 0.5589248917259817 -126.12712321357421 -0.2548017540444928 0.9576970175149488 -0.13376280790572143 7.689925713247895 -0.5734329523833156 -0.03826450693109769 0.818358403531287 390.62510487524304
0.778148232949002 0.2833498086180362 0.5605338647347434 -125.74536272296281 -0.25464628362935715 0.9581428225185753 -0.13083425350379857 7.586516880154957 -0.5741433599651793 -0.04092942232992098 0.8177311199872707 391.1869932304203
0.7780348027194675 0.2812289809570108 0.5617580493657035 -125.38350898279525 -0.25427867275052585 0.9586565616450916 -0.12774957298966919 7.49045789476018 -0.5744599223109589 -0.04344947738112243 0.817378700831993 391.7162677013921
0.7783174691019785 0.27846560801243464 0.5627422344599304 -125.03144292540394 -0.2523860461266849 0.9594285620470542 -0.1256905646771552 7.397509709595191 -0.5749114723252896 -0.044201125354316244 0.8170208439851349 392.22492711134197
0.7774830992192021 0.2783711445650492 0.563941075203827 -124.67952858508714 -0.2526552693315052 0.9594142917419938 -0.1252578607522668 7.303701039066608 -0.5759213013142782 -0.04509681446348232 0.8162603334829623 392.738008200397
0.7760723314489615 0.27896444304015344 0.5655886985068477 -124.34365901386492 -0.25333953602611886 0.9592038967993703 -0.12548690708984228 7.21321841586505 -0.577521268738604 -0.045899061909808546 0.815084327091593 393.22697452075494
0.7741266678905527 0.2776724253152641 0.5688812936634572 -124.0317828598123 -0.25183192312976754 0.9595753556539737 -0.12568141992479911 7.128379129207336 -0.5807827343795918 -0.045969131393680834 0.8127596535295518 393.670422284472
0.7706937499650317 0.27738650774313867 0.573661807240906 -123.73415289038034 -0.25041217475840916 0.9596902646971592 -0.12762577552462193 7.046840347547612 -0.5859393198084627 -0.04529151319576881 0.8090882475569866 394.08702739260656
0.7657386693881058 0.277703685262712 0.5801077084432178 -123.4401929179215 -0.24989192009317493 0.959574440505734 -0.12950259225302968 6.965479593761462 -0.5926198768822073 -0.04579908644958251 0.804179162378946 394.4909907030338
0.7599165296665156 0.27783201257859014 0.5876531636315161 -123.14312278560206 -0.2466888930446926 0.9596849949852381 -0.13471933954918436 6.882831606862653 -0.6013912686329815 -0.042592055441289633 0.7978185625976004 394.8812259794223
0.7509759602791288 0.2795161777689596 0.5982522991583661 -122.84981556175659 -0.24378753094399588 0.9593463803782476 -0.14220464904983074 6.801408652704073 -0.6136796777139305 -0.03905417801703417 0.7885886280820579 395.2531388049019
0.7397029617714673 0.2805955459810039 0.6116417807198434 -122.56642757509735 -0.23925347138072584 0.9591924415575253 -0.15069053218827735 6.720090220622266 -0.6289652651607993 -0.03487118630812431 0.7766509483588309 395.59686813085233
0.7275278094817879 0.27772333923518033 0.627353993591092 -122.28248681601787 -0.23369697030218398 0.9600384799541464 -0.15398650291149812 6.63342991043298 -0.6450496201860866 -0.0345812644562512 0.7633577953007318 395.927292799237
0.7151516871278629 0.2755896939574175 0.6423460009859389 -122.009419387699 -0.22935531168525772 0.9606308945480463 -0.15679421367378105 6.548413119652191 -0.6602682828971362 -0.03519382082521816 0.7502047650980307 396.2352385620913
0.7023107100999352 0.2755145053076065 0.6563927359775008 -121.7449772863523 -0.2274991373817253 0.9605802212610545 -0.15978041498454987 6.4679191003257115 -0.6745397015517314 -0.03711328451065092 0.7373050895954363 396.5261214833781
0.6885691793832684 0.27613503980564613 0.6705385335646162 -121.48451431025057 -0.22543324271392273 0.9603577088575151 -0.16399062204110954 6.390550092690764 -0.6892404067398699 -0.03824278794071191 0.7235227369527388 396.7993270717595
0.6723849129863341 0.27614638941556935 0.6867617493724474 -121.22440728630639 -0.2229058972900194 0.9602745449044443 -0.16788615000021337 6.311064562015131 -0.7058409804918491 -0.04019912960882519 0.7072287750346417 397.055593956813
0.6540255833700871 0.2755834431340111 0.7044886813624617 -120.96053787093061 -0.21836567860400763 0.9604148519496747 -0.1729732423304136 6.22754249346403 -0.7242699543024217 -0.040707223251992726 0.6883138493956679 397.2979816176833
0.6329954463627274 0.27701309575502536 0.722897302294225 -120.70749952614402 -0.2141543042902682 0.9600058976830899 -0.18035135255283344 6.14283854933084 -0.7439453601159202 -0.04064998393482951 0.6670029085154678 397.5092654972716
0.6093803313972257 0.28168015337446545 0.7411557885499812 -120.45359993701788 -0.20889658071338785 0.9587777029104613 -0.19263316165186722 6.058636958824063 -0.7648645829638511 -0.03743805011851605 0.6431022952305949 397.7019091149736
0.5817116534124626 0.28735747130591016 0.7609449625096493 -120.15114275162617 -0.20202751441457592 0.9572446713313209 -0.2070447358115146 5.9663152969420326 -0.787906362268773 -0.03329148378285493 0.6148944961568015 397.9109084488697
0.5486564118354984 0.2929059887437896 0.7830595274369749 -119.83938571556288 -0.19466411432257208 0.955633865252009 -0.22106514464861665 5.874716073285078 -0.8130695076971022 -0.031144780325565627 0.5813329324162411 398.10221385521464
0.5113764277320328 0.2941139375357793 0.8074596837658362 -119.54507437045925 -0.18256278146557312 0.9553427024847809 -0.23235996133720785 5.7832269035941595 -0.8397410195909104 -0.02858867881302899 0.5422339969608557 398.24121500000524
0.4709812133843527 0.2921347453841793 0.8323664981114528 -119.24268568886934 -0.16508717982475987 0.9560916762165295 -0.242146504676352 5.688070214806665 -0.8665580878951589 -0.02336658316458345 0.49852891901543744 398.3546747428252
0.4265976956691401 0.2912229911738629 0.8562730729513381 -118.92757897144797 -0.15003138382674464 0.9564115354587616 -0.25053454593817226 5.587037142765988 -0.8919108643338836 -0.0215903740857302 0.45169554550606844 398.4785366743775
0.38052749070242825 0.2892811614279834 0.8783594016475204 -118.57065943341948 -0.13249045198334558 0.9570697674501547 -0.2578056251639119 5.47137474279907 -0.9152295389425351 -0.01827210649550721 0.4025183488628228 398.6034987776191
0.3345583057534564 0.2889502302818022 0.8969830012165615 -118.18781601512362 -0.1181981775441992 0.9571820962494182 -0.2642567415314119 5.344008968768757 -0.9349331157235848 -0.017612468301246055 0.35438661103903096 398.7231916123766
0.2924539605819455 0.29220035912466824 0.9105435909759338 -117.80270511759593 -0.10576073104173414 0.956214903962004 -0.27288775203451954 5.217684427984304 -0.9504132515434826 -0.016492651950181875 0.3105521594228529 398.82104876794295
0.255609208893534 0.2955895812276713 0.9204839660735387 -117.38005804797712 -0.09188902038326043 0.9552306431581628 -0.28123091278280127 5.078319392763591 -0.9624034186669483 -0.012697158788177941 0.27132718606302647 398.9209219284023
0.22548326732204882 0.29813348772543086 0.9275094175556622 -116.92327142272676 -0.08153821669006249 0.95446172652157 -0.28697444454945475 4.924394470508479 -0.9708289320867918 -0.01091952847578649 0.23952442155464557 399.02376173241686
0.20042098528389463 0.29562924227509735 0.9340421723721497 -116.43283414158422 -0.0712809235439819 0.9552598986777715 -0.287049744673028 4.758446720098794 -0.9771133294539341 -0.009048596022855732 0.21252685551116668 399.12035083476906
0.17692895314003676 0.295985025104658 0.9386634170215464 -115.9034379218166 -0.06216797186343261 0.9551659011161596 -0.2894706282498141 4.579989831747605 -0.9822582597337427 -0.007139065677601074 0.1873972916722436 399.2156658001751
0.15756339406166478 0.2950301095213599 0.9424070306017369 -115.35836787819001 -0.05316155621937126 0.9554779647762363 -0.29023388459550364 4.396658238036244 -0.9860768863491863 -0.004369588410296321 0.1662326108350004 399.3027709794798
0.14603771659038917 0.29338369017635024 0.9447745739971904 -114.72320342886799 -0.04631634198981311 0.9559936753747698 -0.2897082827744524 4.1860973543626265 -0.9881942024712302 -0.0014501661788304757 0.15319959275502412 399.40074933960506
0.14137073147115795 0.29285316864978583 0.94564863342316 -113.9763177857414 -0.0448264702147107 0.9561562849986168 -0.289405850365423 3.9405413314859024 -0.9889413045532087 -0.001476573541533223 0.1483000872527605 399.5198412683215
0.14014843040754216 0.29343589334329145 0.9456499320320004 -113.18877963751537 -0.04453038854867866 0.9559776362012103 -0.2900410377495743 3.681351457753325 -0.9891286377160501 -0.001461362710039423 0.14704557956301517 399.6467529721504
0.1415886751900635 0.29327459504452463 0.9454854091731891 -112.36064763537988 -0.044299825405905054 0.9560278822937175 -0.2899106996059235 3.4083152886536516 -0.9889338564974565 -0.0008367666695761965 0.14835473465518717 399.7803423476463
0.14336754910709235 0.2919029038040547 0.9456418141208573 -111.45051826652698 -0.04732311841674449 0.9564417277891144 -0.288062048536575 3.106808626533389 -0.9885374390109577 -0.00345196966000978 0.15093646205978678 399.9326364305051
0.14504282487783438 0.2924213478510007 0.9452260757472054 -110.48457535873602 -0.048377369055406454 0.9562816466350298 -0.2884181729230538 2.7901172941257584 -0.988241979028789 -0.0038945641603531037 0.1528483668714368 400.0947589186193
0.14675742163723934 0.29302885583329996 0.9447731732238255 -109.52658667561856 -0.04991581324579962 0.9560916605522094 -0.2887856440520009 2.475924918438386 -0.9879122788903895 -0.00477768474736116 0.15494032059491206 400.2566641692087
0.1483757615729687 0.29676313705002727 0.9433537373996396 -108.65526677791514 -0.051929152839205794 0.9549345441725859 -0.29223856595476544 2.18936791054165 -0.9875667048169692 -0.005626440626331756 0.15709979854485395 400.4069388583466
0.14843249923903462 0.2947108938097767 0.9439879672111803 -107.83591210077421 -0.052543333795108775 0.9555640457570308 -0.2900630147573983 1.917485420954316 -0.9875256914345838 -0.006545496642494046 0.15732185236117904 400.5509999676633
0.14600520591195087 0.2922866920153802 0.9451195530287769 -106.95890472251232 -0.051879653560812124 0.9563049609589439 -0.28773133856381117 1.62848746289658 -0.9879225583986946 -0.007022201650352453 0.15478923506162223 400.70043975416013
0.14322228779356744 0.2900012032130929 0.9462487402444111 -106.04462103746384 -0.05153585008696971 0.9569938666111397 -0.2854939498911899 1.3304515471722635 -0.9883478296809243 -0.007876636567581986 0.1520083095142881 400.8520414551387
0.14187902221302198 0.28993202352788683 0.9464722736503705 -105.14576360886862 -0.05151933188190452 0.9570115609931176 -0.2854376123918469 1.0380702147671337 -0.988542412594585 -0.008264009834239796 0.1507169686635845 400.9996142556739
0.14062485737782002 0.2874574208457104 0.9474137853589634 -104.23229698133922 -0.051300326217443126 0.9577529114176971 -0.282979923671112 0.7398036151075322 -0.9887329902544243 -0.008808624844781347 0.14943052603431306 401.1476847357012
0.13890121207513345 0.2906855233463597 0.9466828295690757 -103.29058563497956 -0.05193461882626368 0.9567723050568111 -0.2861635050869463 0.4325865705788305 -0.9889435012433386 -0.00941715419479363 0.1479934747056143 401.30111840154444
0.1400874346352742 0.29643662316441793 0.9447226254854832 -102.35104482539428 -0.05379055681362507 0.9550006348205244 -0.29168538442999675 0.1291866804602803 -0.9886769374547946 -0.009955698833892348 0.14972908002702817 401.4562740032116
0.14159583520551774 0.294525945161893 0.9450952793654962 -101.45148862384995 -0.0567751057704293 0.9555591323098958 -0.2892807149187706 -0.16709545566391404 -0.9882951010792334 -0.012696940011337298 0.15202493511637946 401.61048021653653
0.14279266198505364 0.292621206628855 0.9455067874501457 -100.6014970657656 -0.05859638468424229 0.9561198009957833 -0.2870564227564318 -0.4472316502189555 -0.9880165582545478 -0.014413728693693435 0.15367343635119698 401.75749207732105
0.1437090215262032 0.2918516579524694 0.9456057988836447 -99.78568822951323 -0.0604825774031488 0.9563281433784941 -0.28596912423007065 -0.7170225375330255 -0.987770001044098 -0.0160963328940381 0.15508492223523934 401.89983362514084
0.14701908779935885 0.29670572598630146 0.9435841774794584 -98.94952962109454 -0.06259087423810007 0.9548289455015125 -0.29048935831554823 -0.9932311762754249 -0.9871513411249354 -0.016352278110705297 0.15894915135298673 402.04975488695334
0.1515273590180434 0.29855249083676916 0.9422875727102515 -98.13646984944467 -0.06405793183028709 0.9542572668270969 -0.29204391806251323 -1.2604462692699911 -0.9863752028709192 -0.016108349475905916 0.16372073857186842 402.19705749543056
0.15362624474567582 0.2949039502493771 0.9430963031698589 -97.36634654289462 -0.06772944295809265 0.9553242588832114 -0.28769477392859966 -1.5156384342684628 -0.9858051021788901 -0.019677919517924507 0.1667365586832029 402.34365385350986
0.15560515253297047 0.296310708877219 0.9423306215495021 -96.62637889432412 -0.06808516260084663 0.9548988801226576 -0.2890199636255421 -1.759782437501341 -0.9854701655244622 -0.019185738066929085 0.1687615486893243 402.4811619647211
0.1577127215196633 0.29617738667233695 0.9420221086019193 -95.93691203644413 -0.07154761682417331 0.9548809300136946 -0.28824182212677246 -1.9907676186901206 -0.9848896567624447 -0.02194003464275033 0.1717876563733022 402.6181866744861
0.1607665757136768 0.29628903391932637 0.9414706137275083 -95.27280161016739 -0.07302373219692211 0.9548345594119009 -0.28802517023467267 -2.217557401404175 -0.9842873780910403 -0.022444877630132747 0.1751416135555362 402.75397278692844
0.16137644983895974 0.29644733612001345 0.9413164283835281 -94.61031156208465 -0.07739215340044109 0.9546822358042484 -0.2873887319152283 -2.4437367864013386 -0.9838536964556366 -0.026472732143613682 0.1770059276505604 402.8932064659567
0.16149580257021542 0.29790572291121065 0.9408354191934695 -93.96558347079353 -0.07859566443565144 0.9542039827000731 -0.2886476761230474 -2.658185021821228 -0.983738698681781 -0.02733019678058668 0.17751403623323195 403.0219373714876
0.15779382029076894 0.2972212323302174 0.941679695719384 -93.35941912443404 -0.08230927715964029 0.9542669200130978 -0.2874018584876799 -2.857761864033316 -0.9840357174267129 -0.03215873786113501 0.175041487675568 403.1454084160231
0.15468760546150342 0.2955958986518566 0.9427061097801308 -92.78877375560425 -0.0815865806195852 0.9547541557406833 -0.2859862443522376 -3.0501609845306747 -0.984588936856084 -0.03267364069237659 0.17180529277212206 403.25570590783695
0.15315177254043683 0.2965572239475287 0.9426549461453316 -92.2493644463088 -0.07922323280354827 0.9545227570929625 -0.28741952886991307 -3.2328574731804065 -0.9850219357719302 -0.030661361942723873 0.16968107417133915 403.35364440689284
0.15155238268372287 0.2994362212025078 0.9420030916800909 -91.75232742413992 -0.08001693525310423 0.9535998778760824 -0.29024913951193754 -3.4021052856673144 -0.9852051387277629 -0.031388251730255855 0.16848030234342073 403.44636345132096
0.15146139194007385 0.2992852746050368 0.9420656936520739 -91.27907319923928 -0.08046441458354078 0.9536311006079344 -0.29002276107062086 -3.563720645704682 -0.9851826859711386 -0.03187551345289215 0.16852010830998893 403.53256251278145
0.15259685751280433 0.29966331085192993 0.9417622307177522 -90.79319578726061 -0.081019670751984 0.9535079871303054 -0.2902728568604935 -3.728588572334314 -0.9849619343042962 -0.032006540081231376 0.16978094523111487 403.6214174595607
0.15537652236319746 0.3021377193790701 0.940516312897726 -90.26758094155902 -0.08197504471156296 0.9527387943582926 -0.2925215919709918 -3.907468056990797 -0.9844481846917388 -0.03164787912514699 0.17280099364304397 403.7202608593843
0.1585963440301855 0.3062280612918603 0.9386541291326043 -89.74451159824882 -0.08327431637106786 0.9514477861068783 -0.29633173732364615 -4.084159749067697 -0.9838254865031675 -0.03116865075275463 0.17639707286987993 403.82105979802327
0.16266205932570307 0.30608414034703557 0.9380050924616229 -89.23383794433141 -0.08278618501920537 0.9515478512340456 -0.2961471498796427 -4.255030569928036 -0.9832026759655871 -0.029481957870624947 0.18012027130288974 403.9199089108605
0.16677844526316507 0.3026523018346856 0.9383957237699712 -88.65589972617103 -0.08422979964336838 0.9526193895967181 -0.29226980585824014 -4.448211099142201 -0.9823900910776958 -0.030296579980934452 0.18436872346962382 404.03824026044504
0.171516214219374 0.2970747464203989 0.9393235775275258 -88.05814481841163 -0.08618796611943173 0.9543215197561916 -0.2860805331133661 -4.646897358630028 -0.9814040058793594 -0.03189093867366147 0.18928588239607966 404.16522557264307
0.1768221775521284 0.2960132982135434 0.9386746213712522 -87.4565557539074 -0.0858531330426522 0.9547058979724733 -0.28489627572738324 -4.842802284633532 -0.980491283527033 -0.030212177301740275 0.19422684487527256 404.2930692757075
0.1820608354707201 0.29633653551316413 0.9375705359639662 -86.8107398115713 -0.08751648231721132 0.9546055161131103 -0.28472648968658093 -5.048539772642165 -0.979384866898876 -0.030215332638844964 0.19973060897869038 404.4350164364755
0.18562457507769797 0.29445418943624396 0.9374647979794596 -86.1621795764041 -0.08999125538104577 0.9551302503123998 -0.28218394513705963 -5.253194717393554 -0.9784912319904415 -0.03198335913589536 0.20379394901766842 404.5817886934236
0.1866464066898534 0.2939616845378441 0.9374164746223737 -85.5179185003356 -0.09140816722102835 0.9552413270996944 -0.2813512999189914 -5.455254681363269 -0.9781654593344947 -0.033174312720630296 0.20516286004161335 404.726726559535
0.18516421608569072 0.2957441003809123 0.9371497426618954 -84.87603489355324 -0.0916616771263693 0.9546807232288087 -0.28316577060389775 -5.65559025298753 -0.9784234001840705 -0.03346854919476397 0.2038811079699244 404.86808321744485
0.1820404200010562 0.295607627507133 0.9378045724165794 -84.20263261429868 -0.0915611123928743 0.9546927513008334 -0.2831577534008626 -5.86709331611842 -0.9790188191159673 -0.03432027350193784 0.20085883262513715 405.0138015433115
0.1777373069349213 0.29347229035709294 0.9392994541231693 -83.50285620442553 -0.09092845591041741 0.9553112841597464 -0.2812692060336549 -6.090630212091838 -0.9798680858305742 -0.0354170177967729 0.1964794371457568 405.1612483978117
0.17000281899861902 0.29611677205229253 0.9399010048094711 -82.78850825243369 -0.0903874311446636 0.9544496974223134 -0.2843516966390782 -6.319910656799376 -0.9812895361836873 -0.03661464733933328 0.1890243734988268 405.3069274475308
0.1572650066750168 0.2979303438773734 0.9415440658156246 -82.07607981247536 -0.08779280688302663 0.9538507345349881 -0.2871605810111526 -6.547404965831577 -0.9836463494239742 -0.03750048565249072 0.17616348327823245 405.4403114257145
0.142343462113799 0.29743997340026973 0.9440698072796865 -81.40076037809726 -0.08228483445130774 0.9540363121003999 -0.28817342211451236 -6.766282354960984 -0.986391172310855 -0.0366630252095266 0.1602756306170922 405.55107611507594
0.12783145662545395 0.29831177190858876 0.9458695499051509 -80.71553627333044 -0.07772083216998225 0.9537739894179967 -0.2903009634095004 -6.99031783373037 -0.9887459688635016 -0.03640417353046633 0.1451073575176081 405.6538082232938
0.11590368409043929 0.2954731051688311 0.9482942476553111 -79.95079683993107 -0.07286856671504567 0.9546854469093062 -0.2885582600524072 -7.2407185171805954 -0.9905839227441373 -0.03565587723596451 0.13218226212081055 405.7619132218929
0.10831724068476195 0.29438886615731635 0.9495275513922958 -79.12341101017515 -0.06991316135136304 0.9550381417435687 -0.28812201874353327 -7.510472466804004 -0.9916549426288875 -0.035175890857231905 0.12402875256206497 405.87505700927045
0.10440708540720028 0.2939924377245605 0.9500882101560592 -78.29736411495001 -0.0680285778069768 0.9551829431520376 -0.2880931406905952 -7.778792042689261 -0.9922052575542716 -0.034554184582781707 0.11972775454958151 405.98544471842285
0.10253085277815906 0.29024638545353093 0.9514433561488271 -77.45882553654737 -0.06687442776825381 0.9563315092253027 -0.28453093922018907 -8.05382617323582 -0.9924793373865558 -0.03445403015634362 0.11746354611850082 406.09580422217215
0.10117142161403311 0.2939672901170277 0.950445987834052 -76.62378773233094 -0.06550056177216139 0.955243255721168 -0.28847876664800515 -8.327228847606412 -0.9927104410935406 -0.0330689392099861 0.11589834081383092 406.2019768394426
0.10111416683344215 0.2941487753616757 0.9503959297149822 -75.82519442507859 -0.06550014015357537 0.9551875873871387 -0.2886631333256794 -8.584082375974818 -0.9927163023268258 -0.03306313437596245 0.1158497830804863 406.30370923622837
0.10141387194501165 0.2906981770894686 0.951425139679408 -75.03913013642399 -0.0651234059034758 0.9562443901469017 -0.28522904535848187 -8.838345090895155 -0.9927105160018488 -0.03303386367713068 0.11590770151248934 406.40438768123386
0.10223853467396539 0.2885913401108188 0.9519781092235066 -74.25583431298028 -0.0661592784288186 0.9568466236564566 -0.2829619915731034 -9.090341611789789 -0.9925574199538804 -0.03405256539939763 0.11691959153290264 406.50721974792043
0.10553668351589704 0.28781396635976714 0.9518535229754232 -73.49145196724729 -0.06668128718608583 0.9570929041778401 -0.2820049267506404 -9.336241297567588 -0.9921772091575564 -0.03370895342020611 0.12020021667052734 406.60861575871235
0.10942059229739233 0.2918411188943131 0.950187294854969 -72.70739186522447 -0.06605865418166741 0.9559488406066905 -0.2860036159743977 -9.589441160797717 -0.9917980581696055 -0.03147340885952432 0.12387911989421765 406.71436531507044
0.11395201592646761 0.2915743555856737 0.9497364546183819 -71.88300773471114 -0.06791631725537615 0.9560132239992127 -0.2853525703215193 -9.856317948910451 -0.9911621017355166 -0.03198610172292238 0.12874229056455824 406.8320100707762
0.11910772967641006 0.2900324812255122 0.9495759625040562 -71.04816520970607 -0.07188836665773649 0.9563931445940284 -0.2830975374545463 -10.130953904692355 -0.9902754220269326 -0.03454435999867158 0.13476377748366783 406.9599613515153
0.12433221911985247 0.2941541298849799 0.9476364530558878 -70.21757028960282 -0.07653556091402239 0.9550447297159421 -0.2864120670596447 -10.40418479059191 -0.9892844925522255 -0.03691763959697783 0.14125608193022376 407.0941172286253
0.12838343081505454 0.29118568486574703 0.9480129701757368 -69.45418852743832 -0.08126296020360323 0.9557978106600368 -0.2825718960484701 -10.650217135363151 -0.9883896124459771 -0.04076079080127348 0.14637121281915547 407.2241691243716
0.13039411352030086 0.2875599665999475 0.9488448981621245 -68.7058178625534 -0.0837941454524123 0.9567879064562971 -0.2784518688155556 -10.895428541805925 -0.9879149337605744 -0.04319916281610135 0.1488553525568781 407.35241872978634
0.13083139697945495 0.28963977178389266 0.9481518592321482 -67.92563934907918 -0.08517311215298463 0.956120055058806 -0.2803212109001389 -11.148151725130836 -0.9877391794044542 -0.0440822290194035 0.14976004324952918 407.48565586642053
0.13106273271005914 0.2904723055362112 0.9478651801870612 -67.16818186276276 -0.08416964679339536 0.9559206547804179 -0.2813026347598822 -11.393308931408574 -0.9877945285600906 -0.042913185393933614 0.1497345246297546 407.61263268023947
0.13172567928490925 0.29000947083088363 0.9479150026480858 -66.44239232590598 -0.08237715004868908 0.9561425028379591 -0.28107920488114857 -11.62882970238028 -0.9878574545787413 -0.04106118721071385 0.1498386743736779 407.7332536867496
0.1317603510626523 0.28927927503051254 0.948133276984659 -65.74271119730457 -0.08291797968777426 0.9563364595254895 -0.28025913870336 -11.857513093054854 -0.9878075817345955 -0.04169025329824598 0.1499936806921644 407.85325877808896
0.13032534643233978 0.29052619650572403 0.9479503326763531 -65.10291556115592 -0.08424738784505058 0.9558917334205674 -0.28137763169716945 -12.066883748959567 -0.9878854598173724 -0.043191702005584975 0.14905299446600817 407.96450219052355
0.12786467908084945 0.29118236597263736 0.94808409626474 -64.4851010524582 -0.08642526452531342 0.9555656650071654 -0.281824295459321 -12.268991443636335 -0.988018875070353 -0.04590304571583077 0.1473486101011093 408.07127258871276
0.12604323953041846 0.290795508959687 0.9484466636229759 -63.87244483836964 -0.08837555117362689 0.9555616756677195 -0.28123237002496126 -12.469559381083002 -0.9880803933503792 -0.048372057677705006 0.1461413025553999 408.1753873977168
0.12523909499356994 0.28953866004752826 0.9489375814156976 -63.28555337714691 -0.08923633122417661 0.9558788827118138 -0.279879328953145 -12.66236565825386 -0.9881052809669856 -0.0496278744607812 0.14555077396449564 408.27169600375805
0.12396382320637951 0.28859129718842186 0.9493935083637142 -62.74929537448017 -0.09237861266087238 0.9559745664295872 -0.27852974753626264 -12.839894671441074 -0.9879773086761229 -0.053176042790575966 0.1451659258029384 408.3633043417894
0.12289939254840096 0.2897306570422316 0.9491848532720648 -62.27192337329532 -0.09373030089828399 0.9555488620879352 -0.27953712250069507 -12.994530336005282 -0.9879829806250492 -0.054612439355221316 0.14459291636494667 408.4429077874541
0.12373353495486968 0.2936554371754068 0.9478694512140863 -61.844099111788914 -0.090892588276625 0.9545482096170217 -0.2838595654779202 -13.130774143016309 -0.9881439924039174 -0.05103136030185659 0.14480072700713037 408.50596728222143
0.12499782044821248 0.2977040422251633 0.9464395639056913 -61.42686488365062 -0.09347631953609403 0.9532116541347032 -0.287488643441386 -13.264787536862064 -0.9877437534954029 -0.05253423326346388 0.14697765737089724 408.5770768641394
0.12753728953037222 0.297414257326524 0.9461918406529188 -60.97417737489646 -0.09488024705088473 0.9532656911861537 -0.2868488464800707 -13.408617548850817 -0.9872851556155464 -0.05319099121369878 0.14979566066777267 408.6537874300993
0.13065408824364663 0.2955132439559539 0.9463622096596265 -60.514581577907215 -0.09130583849687672 0.9540744708925826 -0.2853158738090476 -13.557770624255667 -0.987214643875185 -0.049130709720769335 0.15163581463733822 408.72312621742896
0.13353260187222585 0.29665820140388116 0.9456019013184398 -60.07984054933327 -0.09045570371053244 0.9538124568008007 -0.28646040375216303 -13.7005205346392 -0.9869077008025982 -0.04728328236738281 0.1541994854242377 408.792518749284
0.13701839287837417 0.2943984473187891 0.9458094492176076 -59.614463928352656 -0.08982255893754555 0.9545738027031262 -0.28411399666120574 -13.851311438269068 -0.9864876420507979 -0.046026181779266415 0.15723779021559223 408.8717856146148
0.14289515948731013 0.29327352293349945 0.9452891695884761 -59.06177617174095 -0.09013466060494389 0.954977695344629 -0.2826541072616706 -14.03167910596857 -0.9856250384160967 -0.0448134147374874 0.16289579953711963 408.970752375781
0.14894543637813445 0.2933610246526403 0.9443275735659107 -58.480394257374236 -0.09343252277447933 0.9548826741814428 -0.28190324977923276 -14.22259945097971 -0.9844214649580371 -0.046242704968984256 0.1696348772128752 409.0829363593407
0.15605706068743005 0.293124510843531 0.9432519360978491 -57.92382886731646 -0.09367592123432726 0.9550398322391715 -0.2812894250011443 -14.401826010353671 -0.9832959959190843 -0.044462793201893475 0.1764994176482886 409.1875597976403
0.16183316793083555 0.2969338619937801 0.9410846440989934 -57.32338354930272 -0.09657179978941964 0.9538435165486537 -0.2843526567899964 -14.591514093808652 -0.9820814188461701 -0.04486454657695106 0.18303895546451734 409.3075008546441
0.1675135071305933 0.2955826614309996 0.9405158771600701 -56.689627551195045 -0.1010976109945047 0.9541170504969664 -0.2818508949820315 -14.794216525186796 -0.9806724723270337 -0.04787007637694807 0.1897101942639137 409.4420115905214
0.1739363206656095 0.2958021353298598 0.9392801781617698 -56.01708094391997 -0.10332571157484147 0.9540364152284077 -0.28131533151550964 -15.012001227144683 -0.9793211698318725 -0.04812083906607537 0.1965055499641501 409.58806313711483
0.1780770706372416 0.2957574860865581 0.9385180159895806 -55.252098810719744 -0.10658297283844691 0.9539484888805788 -0.28039677327561774 -15.26058576941219 -0.978227287911241 -0.050097804205554326 0.20139906454500558 409.7589421009161
0.17935144263298503 0.30020577480713817 0.9368615440917155 -54.42602659772598 -0.11077452876121192 0.9524093600877542 -0.28398136311202715 -15.530187666090468 -0.977528548843052 -0.05284792890623813 0.20407114594454998 409.9487131595852
0.17917169293745777 0.30241283077783404 0.9361858705571575 -53.57862350602964 -0.11140225031860924 0.9517006562865143 -0.286103826342408 -15.8070465113264 -0.9774901754359886 -0.05303150577490049 0.2042072876304138 410.1380060333715
0.1769776094466522 0.2980674466721013 0.9379950548851111 -52.7038836477921 -0.11395540453376622 0.9528349116621422 -0.2812824148348814 -16.092967396883076 -0.9775955664445796 -0.05710891657324684 0.20259684132714195 410.3349878878135
0.17257713996703725 0.2923148484440619 0.9406216881084144 -51.78165121636353 -0.11559444269779169 0.9543614291232031 -0.2753764467402815 -16.392434729868707 -0.9781896828213784 -0.06120696023362584 0.19849093793111544 410.53845374047575
0.16356201898655784 0.29549508263639 0.9412386105992222 -50.96427755428615 -0.11565627273922426 0.9532515773867156 -0.279168509660039 -16.65718649467682 -0.9797301120824629 -0.06319878438268837 0.1900916124699841 410.7107533304209
0.14911734384564362 0.29995243210227623 0.9422274440072046 -50.30875963711226 -0.11227647842073755 0.9518547185378567 -0.28524829042547084 -16.871328446247237 -0.9824245569802609 -0.06325451187974525 0.17561565012548483 410.8310014288832
0.13189485762809067 0.3034536331749343 0.9436734811597699 -49.655416804545965 -0.10815316465423189 0.950712395206533 -0.29060081654381187 -17.08672342104594 -0.9853459491501166 -0.06373252006305241 0.15821354676471822 410.9369455684075
0.11443845060528204 0.3025075081000111 0.9462521062413466 -48.972513144546404 -0.10461348882077956 0.9508833776865308 -0.2913362661877126 -17.315494337965852 -0.9879068068293745 -0.06565066323026897 0.14046398626558407 411.03674172806546
0.09655133482446279 0.29855321232024695 0.9494966135573505 -48.30460747836313 -0.09948624618427405 0.9520709570080895 -0.28924622666831995 -17.541573850946445 -0.9903435396688264 -0.06653474456973626 0.12162566012673053 411.11982119045376
0.07724360561569943 0.29863748068459217 0.9512355546981235 -47.60054028497286 -0.0935918224046281 0.9520450373564648 -0.29129163672152797 -17.779035097643636 -0.9926096897423833 -0.06652745279420598 0.10148941744954229 411.19306032882287
0.06143493064168937 0.30544760668676557 0.950224978026982 -46.825672655476644 -0.0872833707575134 0.9500201888727738 -0.2997386426928372 -18.032890252518996 -0.9942873641388895 -0.06452441633571115 0.08502492111303735 411.2617444485065
0.054329475617449795 0.3037944365529545 0.9511872835559811 -45.962123916423565 -0.08349359002501941 0.9506403218071854 -0.29885079718659546 -18.32334214586085 -0.9950261948832656 -0.06318163399123101 0.07701267832202001 411.33332554788757
0.05389947517532776 0.30190484527146694 0.9518131702059163 -45.05624009993537 -0.08196211254942835 0.9513199382723047 -0.2971070297923159 -18.62982676743513 -0.9951768981855751 -0.06199870520573982 0.07602040430405789 411.41019807629624
0.05565500792439313 0.29652086773647157 0.9534033223613951 -44.15758755376327 -0.08315566341090255 0.9529424413213797 -0.2915233081095575 -18.931547491879176 -0.994981233861037 -0.06305615374613828 0.07769340859503247 411.4923288856082
0.06094481874381236 0.2972166767263474 0.9528630416508085 -43.297507476943416 -0.08471260901728264 0.9527334403589347 -0.2917580598634966 -19.217810610755336 -0.9945398448236108 -0.06293837221895711 0.08324216696277698 411.5756065395119
0.06901392314329338 0.300445487251043 0.951298894986668 -42.480640126313745 -0.08603984208740337 0.9518119779247073 -0.29436559624492414 -19.485975683182488 -0.9938984978286008 -0.06153428206729794 0.09153856097031231 411.6594643001908
0.07581060946825739 0.3008033147480394 0.950668247775555 -41.67355413010777 -0.08907276159248054 0.9516432607559498 -0.29400875395142695 -19.75187379745778 -0.9931358389638063 -0.06238966336159326 0.09893803753504617 411.75122134477425
0.0816488904123617 0.29784878566605866 0.9511149034536707 -40.86980873849671 -0.09215627908226837 0.9524690699641919 -0.2903616555044019 -20.01989845116452 -0.9923913940175741 -0.06394350349175101 0.10521667853082424 411.84948379197516
0.0872314718054309 0.29737047343666706 0.9507688845638101 -40.055910929628936 -0.0952286091855752 0.9525254906461953 -0.28918281702377224 -20.29114795586095 -0.9916260294683891 -0.0653145557841087 0.11140837707948549 411.9537854609325
0.0918820572349582 0.2958254047986854 0.9508128193466718 -39.200237385421 -0.09651100616535772 0.953002178626067 -0.2871802103608795 -20.57400413154448 -0.9910818902831517 -0.06537719334494277 0.11611420818795334 412.0645378213251
0.09524042019546129 0.29595171408885773 0.9504429731913746 -38.28495910479209 -0.09794437429872718 0.9529362916375734 -0.28691344273710656 -20.87476040113081 -0.990624127459162 -0.06576478546984328 0.11974485829413396 412.18592618764524
0.09676289150748604 0.2991398825558411 0.9492904052457231 -37.33150879304608 -0.10041144124269938 0.9518339230566988 -0.28970627432980617 -21.183847294990585 -0.9902295114238303 -0.0672868009565768 0.12213926937048185 412.3165561522721
0.09609400426791709 0.2960274604051792 0.9503334599127922 -36.412459356683804 -0.10132096912609091 0.9527016189786057 -0.28651995813711073 -21.485701128879338 -0.990202001391186 -0.06875585707124486 0.12154270261636778 412.4413089898693
0.09624387000805906 0.29802886598037737 0.949692535786358 -35.51962242090836 -0.1006906021632371 0.9521424290193042 -0.28859348138380087 -21.779864850885865 -0.9902517458312707 -0.06784975979078488 0.12164657814528025 412.55934089992803
0.09691929461043534 0.30041555137089043 0.948871512285378 -34.643822573856994 -0.09916225296819806 0.9515307765599716 -0.2911288869992925 -22.06279548270694 -0.9903400920484285 -0.06587623056686737 0.12201157456493099 412.67449106028164
0.09683891416823284 0.2931711984443586 0.9511429299035012 -33.76536108983913 -0.10081039434861269 0.9536089503377692 -0.2836674712175747 -22.34809155116618 -0.9901815435030071 -0.0684150439479091 0.12190115941864688 412.79666432976904
0.09589260478352923 0.28940909552848665 0.9523901426270716 -32.884675604751855 -0.10257121102718081 0.9545789272049904 -0.2797467040102271 -22.635763449157864 -0.9900928012142348 -0.07086217017246119 0.12122210121178925 412.91806387341035
0.09467574728776221 0.2963878117848837 0.9503634925126662 -32.01873307166148 -0.10215105347931555 0.9525048249684402 -0.2868792789396011 -22.913777515332296 -0.9902533338235083 -0.06992012183347002 0.12045543331133904 413.03516622077456
0.09540109901827652 0.29796986297256645 0.9497960786748991 -31.165217748634838 -0.10186949240505093 0.9520610294257311 -0.2884482670531281 -23.190342438930813 -0.9902127230162442 -0.06923696273613471 0.12118170723270222 413.1497235330089
0.09572986342860261 0.2984008020839572 0.9496276926056822 -30.34215685843475 -0.10313402886870633 0.9518480202710894 -0.28870178107402616 -23.463949301149498 -0.99005008223688 -0.07030154778990723 0.12189555792190694 413.2645526727823
0.09457680203760209 0.2974429624388539 0.9500436372145961 -29.558570191995383 -0.10252957942874359 0.9521568013114353 -0.28789774410116403 -23.72470636451645 -0.990223668601447 -0.07017912661163903 0.12054864714928111 413.371675996074
0.09325672718704321 0.29391132746825965 0.9512724711775313 -28.800896831972782 -0.10465186503476251 0.9530372262976168 -0.2841971717587799 -23.979522358371995 -0.9901268453986642 -0.07304914015091887 0.11963550118632724 413.4773376378915
0.09366770830036115 0.2972862315183274 0.9501827492495274 -28.04339835790612 -0.10304604509259503 0.9521478480958103 -0.28774291990818995 -24.230384121964697 -0.9902564683012864 -0.07096035453791885 0.11981967731269798 413.5779427289143
0.09283135637722054 0.3008354663958898 0.9491471758539521 -27.374006712939217 -0.1042382162469199 0.9509615724323918 -0.2912155250507287 -24.45188417949778 -0.9902104491202004 -0.07190347637825464 0.11963760503242897 413.6703834793564
0.09301429207066957 0.298618186799407 0.9498292056908056 -26.79809996050189 -0.10555546246639982 0.9515462834022836 -0.28882125075347853 -24.649122416189925 -0.9900537287511723 -0.07339515689698672 0.12002818473162712 413.75186329628787
0.09575699304500453 0.2974345800167636 0.9499280335337149 -26.25553743624551 -0.10798266079359692 0.9517854385614887 -0.2871310222010989 -24.83556875459464 -0.9895303649969096 -0.07508095332748471 0.12325788898290305 413.83260764711116
0.10046128072356288 0.29696199990638456 0.9495899650306875 -25.78827156380918 -0.11137894530916857 0.951775944675082 -0.28586234743259 -24.994151418543375 -0.9886871404125787 -0.07704623124756685 0.12869194471041004 413.9069417810132
0.10633537202961288 0.297665025112435 0.9487298464157948 -25.381968044818112 -0.1130242267403353 0.9515738493663121 -0.28588937261102754 -25.131137377710214 -0.98788577924023 -0.07682930448071673 0.1348293185769909 413.97249350203236
0.11304911453951355 0.2977093718535458 0.9479393586155178 -24.989238043773362 -0.11644902463602783 0.9514502721233132 -0.2849245590288582 -25.264014143151197 -0.9867418722052659 -0.07817614461610577 0.14222857676926756 414.04228932063864
0.12084436564591292 0.29778292399675493 0.9469540482344325 -24.614518374937266 -0.11935663179101155 0.9513830565712066 -0.28394413907797345 -25.39308378301932 -0.985469752828135 -0.0787121962923731 0.1505116487707465 414.1128854628235
0.13023129010356832 0.2987882231597036 0.9453916695100648 -24.234873004912068 -0.12226284208678175 0.9510742678533727 -0.28374202098390744 -25.523603893351414 -0.9839164641994902 -0.07863418295014071 0.16039032623241428 414.1905665213067
0.1409679512258469 0.3007237095963561 0.9432355417464897 -23.857771323016234 -0.1268564353143902 0.9503824414190609 -0.2840434119314676 -25.653281868162896 -0.9818530855206987 -0.07961448064861984 0.1721222034617751 414.2758457459034
0.15344213036599938 0.30181278592664473 0.9409381248944806 -23.504588250007163 -0.13187685822074827 0.949951204887547 -0.2831981684236689 -25.772908759003233 -0.979318133649414 -0.08063343341253004 0.18556465860054838 414.3628830754515
0.1671177747726947 0.3007490590627408 0.9389470979921601 -23.12773398965633 -0.13701238088401346 0.9501835738208206 -0.27996211087499956 -25.898650001694126 -0.9763704506177561 -0.08186073242994532 0.199998909113313 414.4623038118535
0.18385476172091555 0.2988310678236504 0.9364280108454267 -22.717278573423457 -0.14282905474254848 0.9506786267937001 -0.2753361757542825 -26.033238952795813 -0.972521098852821 -0.0831272606370462 0.21746855134727944 414.57449326284217
0.20763970219374314 0.2955612645651428 0.9324855457118613 -22.301915260754775 -0.15201677456635604 0.951430044863883 -0.26771583812085065 -26.170058177639124 -0.9663211962506765 -0.08616500808890443 0.24248492129966095 414.70191308784626
0.23372867668706943 0.2922768586670336 0.9273322724794186 -21.91049106342134 -0.16222178767647394 0.9521034148850678 -0.259197181634446 -26.300941054260704 -0.9586735613842512 -0.08985168474726199 0.26994754573975527 414.84320044571797
0.2573201479000507 0.2896349887540932 0.9218990805799259 -21.569220415780233 -0.17052020180787622 0.9526634146718752 -0.2517047459249082 -26.414102841209946 -0.9511620273434492 -0.09243371481844315 0.2945281074953024 414.9774113670491
0.2821581991532389 0.288753789569602 0.9148814128944776 -21.24045878170992 -0.17818582559971777 0.9528098801370688 -0.24577051057547614 -26.51713593561185 -0.9426752156527461 -0.09367273521349107 0.32029495230439375 415.11304581829137
0.31118141475585476 0.28926292069729004 0.9052585762201971 -20.906439761110903 -0.18747259976558273 0.9525187802710036 -0.2399208152040418 -26.616490584312864 -0.9316759905931256 -0.0950522800395193 0.3506350133851569 415.26114071572175
0.34306168141762505 0.28989976211409496 0.8934577833726133 -20.549418177703924 -0.19801560929825995 0.952126881735431 -0.23290388479156396 -26.722726067455596 -0.9182039540413417 -0.09701818903151073 0.3840429270015187 415.44196444186196
0.37383652207354684 0.29043824552043007 0.8808472514022901 -20.145380055067935 -0.20584797824604692 0.9520019464335676 -0.22653676045779508 -26.842293716315037 -0.9043632370988846 -0.09663291119339927 0.4156792223076799 415.65156465402174
0.4042582520042576 0.2896044840021376 0.8675854473954241 -19.75800364864911 -0.21381979013733687 0.9521888073307467 -0.2182145103783752 -26.955175912903314 -0.889301053092872 -0.09729192176077095 0.44685335282171385 415.87514468656497
0.4365485341713854 0.2878086977460964 0.8524033850322928 -19.397136974612312 -0.22159084149516653 0.9526598958921142 -0.20817449825636386 -27.060116992901552 -0.8719649512900632 -0.09800651131695569 0.4796580526387513 416.09858670116756
0.47013914898198333 0.28523968657251086 0.8352290115881468 -19.057861266558493 -0.23026883757268155 0.9532020527451971 -0.19591352450830793 -27.157513499748752 -0.8520243206842315 -0.10022059591898624 0.5138194129421534 416.3388207572947
0.5023302186504268 0.28238200945606146 0.8172666346830583 -18.73322084793331 -0.2372990384713111 0.9539023837805336 -0.18373733577693369 -27.246723407648297 -0.8314767090972598 -0.10163977052990077 0.5461829723411576 416.58774853994134
0.531818672227865 0.2794560150978949 0.7994205623421229 -18.4004469238819 -0.24334661195679766 0.9546004306507034 -0.17181514557988767 -27.335623934122278 -0.8111419890000406 -0.10316178278362112 0.5756790080018246 416.85570791078527
0.5569686937929095 0.2765950256517235 0.7831226378539589 -18.029071881007546 -0.24818284214297387 0.9552603419591943 -0.1608818073799445 -27.43190659856073 -0.792585106471513 -0.10475147189764898 0.600696244482033 417.16456356902836
0.5753250765494343 0.27606027165246155 0.7699297258247384 -17.614122187257863 -0.25213259463489746 0.9553385166956871 -0.15413459456059006 -27.53304557486308 -0.7780939602747639 -0.10544688204423984 0.619233997815918 417.520558605438
0.5902745148295857 0.2736200133182596 0.7594129874148934 -17.148002074938958 -0.2522471509216359 0.9562066201657157 -0.14845967264942678 -27.64341285253427 -0.7667772636135075 -0.10392780120339627 0.633444267589826 417.92367498609497
0.6059268707443696 0.27065282761208825 0.7480639506188745 -16.60760954309386 -0.2514546440316693 0.9572950677314692 -0.14267696132139637 -27.768959794702372 -0.7547338532919048 -0.10165234971500495 0.6481077151929099 418.4046276492929
0.6231691771034977 0.26638510458483633 0.7353224821556023 -16.044822183649195 -0.25390267816920914 0.9581877523437705 -0.1319456754762931 -27.89608590913293 -0.7397253589857904 -0.10447586952841195 0.6647489646171914 418.9321385871671
0.6432023356555148 0.26269921474918306 0.7192217168422083 -15.523077968375585 -0.257139395585227 0.9588612579052354 -0.1202681143381441 -28.009386399889078 -0.7212281793200808 -0.10758350551339671 0.6842921179555501 419.45033709953395
0.6631755886338048 0.2608511937794912 0.7015374497088672 -15.043132470002861 -0.2608161035331327 0.9590937995308504 -0.11006381712111588 -28.108367791457507 -0.7015504962424335 -0.10998062740905915 0.7040817870224362 419.963874144277
0.6821025986804969 0.2624035136959885 0.6825543501240855 -14.595453903620683 -0.26477875127698997 0.9586891587666623 -0.1039582114864746 -28.197056731917517 -0.6816364557045894 -0.10981572229543256 0.7234032412086773 420.47763697529564
0.6994042879989073 0.2653919204206602 0.6636269814467884 -14.165151865041839 -0.2685414916429429 0.9580512310675273 -0.1001164617641759 -28.277376852404014 -0.6623587465980415 -0.10818949683508171 0.741333881311009 420.9952601004157
0.7095750119125712 0.26804962558416434 0.6516538196722738 -13.755539056789068 -0.2725116165540669 0.9572485408533675 -0.09701881197575643 -28.353013754100214 -0.649800524247532 -0.10874111116908373 0.7522862815639717 421.5035131803648
0.7149488581731848 0.26872150575594084 0.6454741532711593 -13.383210591947229 -0.2751689437787593 0.9568326916250769 -0.09355881902414007 -28.422202009300005 -0.6427520381737778 -0.11072467015877414 0.7580302532496227 421.9690688828378
0.7202181714014398 0.2663868540647882 0.6405652422389405 -13.034649021315888 -0.2751521910251553 0.9572967489162985 -0.08873672457523622 -28.484220694120168 -0.6368493207637321 -0.11234312838687485 0.7627594405492634 422.3987774573061
0.7247265483517041 0.2657227462292564 0.635738037442002 -12.722013195328008 -0.27558766593672074 0.9574199592611059 -0.08601430109006429 -28.54051875929046 -0.6315242422091014 -0.1128647143479472 0.7670975738179456 422.79257795320143
0.7276216115181808 0.2664080417606667 0.6321341200543865 -12.445070497904952 -0.27646141089159465 0.9572409146713905 -0.08519929323009812 -28.59272032597356 -0.6278024201446811 -0.11276784366265916 0.770160720042354 423.14711521117397
0.7291518549061098 0.26652183019610143 0.6303203046990483 -12.155120687806512 -0.27591868129676067 0.9573595947444559 -0.08562410678183617 -28.64584203644878 -0.6262638851142867 -0.11148417098247991 0.7715988762445878 423.5120899981511
0.7308739592845722 0.2643478180624188 0.6292404045556304 -11.835447823859143 -0.2740860563104745 0.958019643985598 -0.08411418116987655 -28.703916413726958 -0.625060068614105 -0.11098915633225356 0.7726456612191562 423.9105057494565
0.7319016090470093 0.2640587032413394 0.6281664078227223 -11.489172963493482 -0.27512058962855196 0.9578968289685004 -0.08211166917393016 -28.7686195015416 -0.623400911000972 -0.11272384971510235 0.7737342165553799 424.3548085500051
0.733192902551149 0.2639764968548095 0.6266933674109577 -11.118211053717657 -0.2758670951739981 0.9578021884050488 -0.08069890759334415 -28.837400858913764 -0.6215508936916484 -0.11371621254140188 0.7750761959680831 424.83194270239113
0.734550161253302 0.26443704678805874 0.6249072802334436 -10.730924724477694 -0.2764420248079754 0.9576695757655 -0.08030436210563738 -28.908335317457983 -0.6196901383133508 -0.11376305173093941 0.7765578539542601 425.33322539458965
0.7346789721176071 0.2673330317132848 0.6235221392085462 -10.3576399901369 -0.27759952874685057 0.957082343349732 -0.08325797071578993 -28.97617127938521 -0.6190196358499043 -0.11192157166144705 0.7773597958661651 425.8167182346893
0.7338707186374451 0.26734944017565593 0.6244662081844978 -9.994559763989065 -0.27693146968113536 0.957180800119808 -0.08434380227526801 -29.041702474970617 -0.6202763331184025 -0.1110368980103742 0.77648443503616 426.2787300085663
0.7339159971485494 0.2637986654071596 0.6259213794550027 -9.613418547487859 -0.2752388419464738 0.9579567097570665 -0.0810093952290633 -29.11259042340728 -0.6209757555761897 -0.11282378455279632 0.7756673930401914 426.760594960981
0.735700634845038 0.26297159524736263 0.6241718641381291 -9.235739667435244 -0.27276371039358 0.9585503756969316 -0.08234765050441724 -29.17978448980487 -0.6199552678870797 -0.10966821483149738 0.7769352279789701 427.2381872827141
0.7377244145603908 0.25927824452129883 0.6233277469192945 -8.825756127309862 -0.2710174655951784 0.9593839088745435 -0.07830739897970665 -29.24846861044505 -0.6183140152898853 -0.11116342613716976 0.7780298652272598 427.758294694876
0.7405438509598935 0.2562728817925592 0.6212238041666063 -8.433823224391574 -0.2687093162831129 0.9602339025685874 -0.07580340164241837 -29.31600980395698 -0.6159465140319885 -0.11079288070826795 0.7799582228787689 428.2602563453994
0.7430852364946735 0.25730568456298225 0.6177524714602379 -8.077870230338847 -0.2679798944968575 0.9602917443807817 -0.07763080457890244 -29.377683182639167 -0.6131974457294435 -0.10785893734730283 0.7825313681797039 428.72551939652794
0.7426658425112737 0.2615410076565467 0.6164768833306079 -7.68554408550152 -0.27149312997732244 0.9591228275328538 -0.07984285866938595 -29.44682354029983 -0.6121592331592673 -0.10807267471188413 0.7833143495675791 429.2423878038332
0.7403719465243819 0.2629838127868811 0.6186185375591118 -7.215083076650254 -0.2748607942992094 0.9582805424002669 -0.07842159023035249 -29.532159615213484 -0.6134337165145969 -0.11197283719333008 0.7817679701637613 429.8595715959119
0.7378915633975758 0.26580162543458774 0.6203753191278762 -6.728037178155444 -0.27740036287605835 0.957396827258504 -0.08025181512950728 -29.61886894071613 -0.6152764251480126 -0.11287520131401883 0.7801885090062556 430.4924148146122
0.734808813605304 0.26567515972091604 0.6240774927484831 -6.2703088843162975 -0.28095927835657686 0.9566697246302899 -0.07645208879524326 -29.698700569821337 -0.61734746403733 -0.11916269333591643 0.7776132465201516 431.08762675405296
0.7304069716291748 0.26529500192641764 0.6293839986434051 -5.800505540049735 -0.28218250692681707 0.9563734014430875 -0.07565018041402624 -29.779402408682962 -0.621995730355121 -0.12234573537741167 0.7734034086134883 431.6847805568342
0.7240026296151775 0.26671465314876824 0.6361473776618451 -5.294537973740492 -0.28160309419618323 0.9561574968094179 -0.08038991624751596 -29.861496235533792 -0.6296982528556431 -0.12093855915661887 0.7673682136104376 432.302634696497
0.7145663912316549 0.264519435645057 0.6476297867518076 -4.765994103533408 -0.2793964423595907 0.9566289621245979 -0.082453967892501 -29.94739853797053 -0.6413520877949794 -0.12202662410488103 0.7574806944672515 432.92210308000074
0.7016651610135416 0.26264490550689956 0.6623319827934585 -4.2675900010756225 -0.2773306191093422 0.9569471464682567 -0.08567313797619712 -30.03230423922322 -0.6563183141771036 -0.12357108269142504 0.7442959478582403 433.4838593471395
0.6891563963327889 0.26421227217619314 0.6747261197145838 -3.7780479057573664 -0.2756485717944713 0.956739344162151 -0.09310044145891197 -30.123543049113206 -0.6701353044432727 -0.12182652651893562 0.7321727741285222 434.02413306803936
0.6804975327029708 0.26138170742580963 0.6845456237595412 -3.21583942828418 -0.27160842538061525 0.9576422501138613 -0.09565659443615197 -30.224273369722724 -0.6805526954229463 -0.12083428246995061 0.7226666623918233 434.62266096325504
0.675050813636618 0.26020938171975794 0.6903603962232792 -2.5624688876793544 -0.268364919405749 0.9582409800915029 -0.09876484245732704 -30.339271227979026 -0.6872311612848266 -0.11859722483387093 0.7166924230245606 435.3116602832165
0.6740047842692556 0.2585737475481772 0.6919950634658077 -1.8934607057555901 -0.26711326565125004 0.9586640738263371 -0.09804946133362875 -30.45907206284167 -0.6887438232719656 -0.11875525518300746 0.7152126503852803 436.0219796374148
0.6745891096182592 0.25767406952177296 0.6917612356012255 -1.2479822812938846 -0.2664944435916853 0.958912016685633 -0.09730599051779402 -30.57561685077162 -0.6884113920608865 -0.11870896407592453 0.7155403113234194 436.71278480819467
0.6752410931518218 0.2561234547062739 0.6917009773510933 -0.6027087173870506 -0.26458557903398033 0.9594729906552519 -0.09698480071804458 -30.6880754736108 -0.6885084875921224 -0.11752598075484576 0.7156421636273417 437.3961162053805
0.6752585392488134 0.25511521762677747 0.6920564506648299 0.06858340609630376 -0.2628511557252066 0.959909214945713 -0.09738361769941911 -30.80277695887553 -0.6891554070784669 -0.116148718449861 0.7152442240920024 438.10428663049055
0.6754917425734251 0.25265704505847075 0.692730339524292 0.7866470286532276 -0.2624776086343553 0.9603184742650585 -0.09430765054235521 -30.923913154308842 -0.6890692350415257 -0.11812216374394072 0.7150040165983261 438.86203552360524
0.6748502264218369 0.25173105903359827 0.6936920396085139 1.5155370646252155 -0.2634591729784295 0.9602581039736002 -0.09216093492661036 -31.05051294312454 -0.6893231724466565 -0.12056470325450848 0.7143512555159629 439.6323125881864
0.6729131898713107 0.2537526628253571 0.6948362576940408 2.238221648461057 -0.2638074523155081 0.9598796035640407 -0.09506195224452113 -31.174575055952946 -0.691081375092705 -0.11933454139845244 0.7128574894249202 440.3870741498013
0.6706912090458016 0.25448685391391257 0.6967135302932483 3.0043747887823082 -0.2642735246220877 0.9596455505058291 -0.09612451080854262 -31.307196807691373 -0.6930604636628073 -0.11965307592937734 0.7108799723779932 441.1862326458131
0.6694203878145002 0.25322776385540063 0.6983924713161498 3.7874258829101026 -0.2635083284741999 0.9599205336366905 -0.09547737913968551 -31.442381990397774 -0.6945787969719657 -0.12011772856428449 0.7093180006749701 441.9971948633017
0.6686658014189695 0.2519154508133563 0.6995889161888088 4.54250016782017 -0.2630754244744888 0.9601559995658373 -0.09429622227477474 -31.57231175888113 -0.6954691704527962 -0.12099199204587549 0.708296245091327 442.77635911715674
0.6682502241685514 0.2533456169165587 0.6994695392137177 5.273344371160692 -0.26203344949599794 0.9601293056855693 -0.0974175944528159 -31.697128196305368 -0.696261523598651 -0.118185086846492 0.7079916496705136 443.52931741759
0.6677812522436173 0.254128495801504 0.6996334088460991 5.970871020495668 -0.2620081583305741 0.9600127699813817 -0.0986266010815235 -31.81731627770796 -0.696720836576726 -0.11744866578355721 0.7076622688723007 444.2468979766909
0.6673631616051605 0.2509553411565255 0.7011760315907682 6.6344203276760965 -0.2609874289611201 0.9606158166332649 -0.09540867234307564 -31.935223187466438 -0.6975041021073887 -0.11932589651461054 0.7065757977488 444.9303003480522
0.6677044650610378 0.24987925633061853 0.7012354131054791 7.234210825541766 -0.25926434736852155 0.9610633247866258 -0.09559960216261056 -32.04513174650134 -0.6978199950711742 -0.11797306050845435 0.7064910554799246 445.5494319786834
0.6665172030672195 0.25335229604744164 0.701118700437338 7.800355146348987 -0.2601546894891979 0.9604027472870671 -0.09973013857521407 -32.145896486512065 -0.6986231856675208 -0.11592746478268841 0.7060357408494461 446.13487857743826
0.6654746880653 0.25218639540221854 0.7025279079996958 8.38401945301392 -0.2608791653096024 0.9604207452544692 -0.09764247637280314 -32.249388695391474 -0.6993464811177377 -0.11829629773954788 0.704925872194628 446.73646210776326
0.666480204032188 0.2489272990006749 0.7027370329258612 8.97843919096134 -0.2588500872878851 0.9612345655336508 -0.0949986438555093 -32.354659058303014 -0.6991428823525793 -0.11858882677368825 0.7050786624343206 447.3404735121706
0.6668164105079849 0.2495281492886988 0.702204797327535 9.54868124888738 -0.2596478781660112 0.9610254352378463 -0.09493730662808074 -32.45270190292799 -0.69852620139916 -0.11902023163505639 0.7056169856376763 447.92475493173754
0.6660317931195496 0.25251307964298303 0.7018823228741233 10.093052304948543 -0.2634672161192745 0.959944955572664 -0.0953452059673356 -32.54425405506247 -0.6978443068366482 -0.12142004315519844 0.7058827781833685 448.49007840289073
0.6664585444263096 0.25213290541952144 0.7016138585902336 10.688387671736585 -0.26467592908187937 0.9597940443553628 -0.09349890365463039 -32.64248800557816 -0.6969789531440771 -0.1233871566439724 0.7063964527441408 449.1036758802391
0.6681726511869075 0.24815243147039398 0.7014026510936435 11.349466909423967 -0.2630888692931025 0.960635186217946 -0.08924284763546529 -32.7505829339379 -0.6959378959791893 -0.12490160029135383 0.7071563018065531 449.78072327331944
0.6696080635824461 0.24663338564352455 0.7005690645977597 11.989288608151117 -0.2625586389612763 0.9609545215883523 -0.08734625662099652 -32.85534665172343 -0.6947575133038675 -0.12545270234200215 0.7082186224485474 450.43940566934594
0.6709759703377975 0.24779362595260748 0.6988487434105546 12.56540371759733 -0.26350148461099443 0.9606699709633032 -0.08763660477885805 -32.95008003242672 -0.6930787941042906 -0.1253456254786055 0.7098804542571392 451.0381556390419
0.6721414846308036 0.24606970238668793 0.6983376878027041 13.114050138989153 -0.2642536966279039 0.9607706232196368 -0.08420091078270057 -33.03955204234241 -0.6916616285849546 -0.12794339031569824 0.7107986215643189 451.60843546175477
0.673334954124382 0.24538516811990035 0.6974282463602155 13.666963137288745 -0.26408545255013866 0.9609103801264226 -0.08312710217901474 -33.12860082449423 -0.6905641992644199 -0.12820827052908823 0.7118171998921025 452.18286082373635
0.674125728218501 0.24806820777996974 0.6957130635849167 14.23839423683328 -0.26633429260247393 0.9601871861249728 -0.08430072470236867 -33.218597647395804 -0.6889270985654578 -0.1284629592148579 0.7133559567088119 452.78394604998897
0.6740979921366155 0.24676116261497447 0.6962045860393986 14.803864544101286 -0.267629345334734 0.9600974075980234 -0.08116342427013806 -33.30577959050871 -0.6884521991489964 -0.1316126762453323 0.7132402631220803 453.3790594915924
0.6743244382568098 0.24366752876953604 0.6970743772317171 15.377578348484565 -0.264969524390805 0.960966396882165 -0.07959104979467262 -33.39339076221853 -0.689258807062886 -0.13103327625704314 0.7125675949687827 453.9717883643791
0.6738493101345702 0.24496793662170643 0.6970780567902481 15.953617410853584 -0.26537743161910116 0.9607288168507536 -0.08108612248590162 -33.48030880560337 -0.6895664768667465 -0.1303489566504188 0.7123954123109809 454.56932627863154
0.6730804572210505 0.24645040042585584 0.6972982849807089 16.483646670776327 -0.2680247188539135 0.9600349910046758 -0.08059507509724588 -33.56011236187395 -0.6892934412791016 -0.1326462067930523 0.7122355899792082 455.125853859451
0.6735329645596391 0.2462730430968951 0.6969239082534762 16.958788319191825 -0.26837563301492173 0.9599977424477347 -0.07986772877133064 -33.63315905064703 -0.6887146471909452 -0.13324384690876132 0.7126838092770234 455.6236051339531
0.6742922575509125 0.24505153298034518 0.696620196083115 17.451315655756712 -0.2679234079073926 0.9602409331931236 -0.07844996950723408 -33.70752454214984 -0.6881475124580391 -0.13374264990787205 0.7131380684646106 456.1351116583766
0.6747150242018642 0.24766790852574194 0.6952842894836351 17.99661619546417 -0.2675972524387506 0.9600108160815135 -0.08228574295548377 -33.78844077427627 -0.6878599760151143 -0.13053673847997296 0.7140089728452297 456.70073483428496
0.6750879811899912 0.24748939705358314 0.6949857667599217 18.532315618636037 -0.2677765217242937 0.9600061650564402 -0.08175510667147044 -33.86995025498578 -0.6874241427721787 -0.1309089813560487 0.7143604738045486 457.2605260134475
0.6754417576970111 0.2453326063648691 0.6954066035158083 19.0699521426556 -0.2671246904120949 0.9603886643409588 -0.07936002254050267 -33.952595622928506 -0.6873302202954691 -0.1321572005590561 0.7142210040379499 457.8214073912771
0.6758931774402287 0.24536977162150383 0.6949547379967725 19.619517816210507 -0.26647997062329676 0.960517822228253 -0.07996210626602172 -34.03703672048892 -0.6871366952407373 -0.13114567608694716 0.7145935723873659 458.39283950915535
0.6759259254350054 0.24640204466920787 0.6945575395225836 20.15473485564304 -0.2672582501831482 0.9602506951638518 -0.08057065313362488 -34.11960846500513 -0.6868021338303172 -0.13116643938207123 0.7149113190780758 458.9534177480463
0.6763140508780554 0.24473761993020526 0.6947681641927856 20.69136343725372 -0.2668468652750312 0.9605288068228799 -0.07859492194984043 -34.20215499388411 -0.6865799699072265 -0.13224185666539282 0.714926595020694 459.5158780579559
0.6768627298190207 0.24351789548786254 0.6946624212947652 21.23151422468925 -0.2658982825050973 0.9608605612793393 -0.07775014558693845 -34.28265819383199 -0.6864072758521623 -0.13208336895730993 0.7151216926524481 460.07910225489775
0.6764800532718092 0.2434767207442251 0.6950495118917852 21.76369277230128 -0.2663834697457763 0.9607632901362771 -0.0772900211716521 -34.360519544238734 -0.6865963767538938 -0.13286454298326447 0.7147953753671571 460.6358183514652
0.6765402027818556 0.24441764149126533 0.6946606153710841 22.289167766293577 -0.26708046782746964 0.9605246422579482 -0.0778487978089457 -34.440049359996415 -0.6862662586233929 -0.13286244067864025 0.7151127142849351 461.187585270997
0.6768043349479593 0.24347181625702818 0.6947354653997121 22.842561158420303 -0.2666733968781172 0.9607146095629162 -0.07689433249503587 -34.52547368980391 -0.6861641141834367 -0.13322504892427187 0.7151432686853642 461.76846723963206
0.6765343566645042 0.24252389994213416 0.6953297219373001 23.386966565669116 -0.2663461402702968 0.9608767488039619 -0.07599741555500858 -34.6096870012194 -0.6865573521678029 -0.13378352501254692 0.7146614377588556 462.34003576692527
0.6762748801877674 0.24199659689307743 0.6957657174072249 23.888500170387267 -0.2666303799735403 0.9608729082118183 -0.07504328577378215 -34.684597504081886 -0.6867026480960958 -0.13476238850929137 0.7143378554585235 462.8646724958362
0.675338383177645 0.24403970259954 0.6959617027984605 24.375195458834973 -0.26866731607305466 0.9602301334102417 -0.07599976424337293 -34.75491757359574 -0.686830358590176 -0.13565660487449469 0.7140457576884115 463.37522622948217
0.6748570739846016 0.24130950342345472 0.6973791316425149 24.857055944587515 -0.2689554814936173 0.9604524608607324 -0.07206954558686376 -34.82390088895143 -0.6871905693964978 -0.13892729747636356 0.7130696511200246 463.87996172633746
0.6746100494649889 0.24329736482984057 0.696927308567903 25.35923347568269 -0.2687223011968608 0.9602841250688683 -0.07511806693585116 -34.89686768558907 -0.6875242584813378 -0.13660450727399365 0.7131967488653594 464.4045761172678
0.673656243184106 0.24567963091826078 0.6970141928045254 25.885795535995012 -0.2671346779026018 0.9603076481440939 -0.0803012128042269 -34.969585553857954 -0.6890764325392027 -0.13210124854755695 0.7125467916222938 464.94426946332385
0.6708749152627371 0.24420695779528032 0.7002069764259634 26.397308343716677 -0.26868817492355185 0.9601108800114506 -0.07741939511444135 -35.04367882457514 -0.691182691281741 -0.1361986044275384 0.7097298270641603 465.47268396934555
0.6684728963218732 0.24250687284543582 0.7030891860253392 26.892508015325973 -0.2671558153676939 0.9605475339143509 -0.07730592090052883 -35.117287481870406 -0.6940978008885155 -0.1361574519216025 0.7068871133978507 465.9746887624647
0.6651733096142572 0.24171895706838387 0.7064817152415117 27.362697041388724 -0.2681782408435351 0.9603601376783945 -0.07608440770880215 -35.188315600528036 -0.6968679209971478 -0.13885370629588842 0.7036296958862743 466.45340545041284
0.6628693969814433 0.24147795686961473 0.7087260111577213 27.80209377299996 -0.2690775583829669 0.9601564021619494 -0.07547814890469487 -35.253682319446284 -0.6987141261775974 -0.14067010959508924 0.7014345943467465 466.89847006474065
0.6612891320294877 0.2417034962116569 0.7101240059163952 28.219678828912528 -0.26778583312320614 0.9603561069327462 -0.07750416411708191 -35.313572986111154 -0.7007049531994203 -0.13890848712745532 0.6997978284946036 467.3119281493798
0.6600928386622449 0.24124528921745542 0.7113917027750648 28.62484663921028 -0.265019966456792 0.9609221747835632 -0.07995618417899486 -35.37269786242164 -0.702881114930587 -0.13575450062377473 0.6982326645426489 467.7079297192026
0.6581784475170105 0.2426331308462942 0.7126922863619498 28.999152388188936 -0.26577321195758163 0.9605775524236116 -0.0815804240342716 -35.42783138996832 -0.7043903257639567 -0.13572004124515258 0.6967168286862059 468.0795155737135
0.6566269804981965 0.24460095384676692 0.7134503359443273 29.366498359210382 -0.26642668734094793 0.9601890874541076 -0.08398652633949437 -35.48055106835965 -0.7055904114671305 -0.13493439039510002 0.6956542830561392 468.43956917230446
0.6549761027383888 0.24615844921099025 0.7144314681784897 29.72021222732939 -0.2687445693003482 0.959521996660564 -0.0842252598458006 -35.53100623034254 -0.7062454681718011 -0.13683404476431393 0.6946177242773424 468.7889301761327
0.6547365491239606 0.2471372031164595 0.7143131344704658 30.039456454430226 -0.26976441559396225 0.9592028920392118 -0.08459888878027821 -35.579031728206246 -0.706078757165587 -0.13730628077179644 0.6946940146137142 469.1043883880106
0.6567539987433341 0.24838837859654173 0.7120234536255267 30.325578236592428 -0.2710262731030977 0.9588552239705562 -0.08450691541061953 -35.624240541068936 -0.7037179437974355 -0.1374768083807347 0.6970517790917393 469.3939455774019
0.6611447487373374 0.24907096657644076 0.7077084673972194 30.608939490261484 -0.27257461453763415 0.958572157237509 -0.08271939844248517 -35.66687880597298 -0.6989926328128986 -0.1382138668068573 0.7016453707504892 469.6877686542924
0.6673412738617941 0.24996856285069102 0.701549244021315 30.891627400868526 -0.27502209036518854 0.9581224429300823 -0.0797761503511629 -35.704431136427836 -0.6921116051704989 -0.1397036217857257 0.7081415282613138 469.99131548171994
0.6768688446133782 0.249523921587763 0.6925217539884325 31.15824008238904 -0.27615602434260483 0.9581568506631142 -0.0753213100432233 -35.73691159998376 -0.6823389314783685 -0.14026140624849134 0.7174540546307873 470.28397135152443
0.691523106854432 0.2475259781806113 0.6786211629562742 31.40955427910907 -0.27545953057939676 0.9588306241381597 -0.069035362154505 -35.76718959189456 -0.667770798777078 -0.1391931188692764 0.731236921907031 470.56713213526336
0.7094976951169872 0.24647700526774785 0.6601985356678141 31.64150465243179 -0.2770045761337284 0.9589726817947336 -0.06033125535233131 -35.79493151662427 -0.6479826274096095 -0.1400731289207785 0.7486641657844223 470.85475139830925
0.7296681060279295 0.24632241582356376 0.6378947581760319 31.872430467139043 -0.2796679874691207 0.958776823219582 -0.050327130277179305 -35.820842679462366 -0.6239954101037849 -0.14167664140502292 0.768477363004015 471.1647540258203
0.7511556477682034 0.24577020398966465 0.6126680991016344 32.13222150153728 -0.28098733815762184 0.9588713853734905 -0.040147006202398534 -35.84876355125956 -0.5973368468636684 -0.14199532789074254 0.7893199720241302 471.52782377485664
0.7721267922625201 0.24542493097567933 0.5861627930242375 32.38894224755769 -0.2820056819442456 0.9589425479548203 -0.030033066328235308 -35.87228114875015 -0.5694673054895748 -0.14211190301131693 0.8096364585423189 471.90766575519166
0.79370340167965 0.24548564398788092 0.5565713869379275 32.60182423229409 -0.28278131710836263 0.958981813408542 -0.019713149066586562 -35.88856370259339 -0.5385811330306848 -0.1417415963911685 0.8305658811893669 472.25087276491513
0.8148990033333514 0.2450678653177145 0.5252440915944985 32.792305390231135 -0.2827324320479347 0.9591577793773157 -0.008872774551077139 -35.90003183603734 -0.5059663884435159 -0.1412731242968474 0.8509053520320784 472.5860459176516
0.8357777617229831 0.2449044550711778 0.49142378950922877 32.98119773503855 -0.2828343746566486 0.9591640151216564 0.003018047097558534 -35.90623992460107 -0.47061688189216844 -0.14151395684521625 0.8709153520842916 472.9573982788843
0.8571219188663753 0.24638267259757532 0.4523688703287391 33.18121242850016 -0.2839220427186638 0.9587172887160236 0.01579347889021046 -35.908682550067894 -0.4298026173225194 -0.14197443065802373 0.8916910738490346 473.39040843601106
0.8770000915807219 0.24774567937603356 0.41169517572824915 33.39168778625971 -0.2840262695898636 0.9583986940883872 0.028302320621070153 -35.90277165112847 -0.3875563411302613 -0.14175338274686447 0.9108820236065415 473.90197589996495
0.893572391122044 0.2477671131463597 0.37435256038599884 33.6093143366812 -0.2829007395065037 0.9582706779822859 0.04104240862864994 -35.889813319273486 -0.3485621227430054 -0.14257897938506392 0.9263777206012707 474.4937705476072
0.9076283664923382 0.24988449057787188 0.3372958489324891 33.811654606844534 -0.282644883077616 0.9578714738164932 0.05093240342510607 -35.868038118566815 -0.3103588542453628 -0.14156263990634743 0.9400198937119649 475.1080619722332
0.9198253581865823 0.25237958735331945 0.3003761880114586 33.97987308896013 -0.28230604500385204 0.9574440779493754 0.06003444472926474 -35.84088808728762 -0.2724419339808252 -0.14001921827747787 0.9519296250888267 475.6994006530718
0.9312769014009328 0.25253615907600685 0.26258107562468436 34.121282018950616 -0.280026148446813 0.9572494640806124 0.07251771992707187 -35.80898092302877 -0.233042247464111 -0.1410636447725469 0.9621810427463031 476.2807326252714
0.9407924836461006 0.25312222945149476 0.22547425501042823 34.23224839978612 -0.2782302517650559 0.9565606007696164 0.08706172556308343 -35.76937441140435 -0.19364253075643853 -0.14464077576109938 0.9703512849836761 476.8548140173342
0.9481888497258159 0.25333214167491225 0.19173088235867913 34.335299729841736 -0.275413767617371 0.9562625645451661 0.0985350914969091 -35.72581671072889 -0.1583829595077761 -0.14623519974309007 0.976488660709206 477.45740944554865
0.9537855820171371 0.25270459726688577 0.1625836709402673 34.43040950071793 -0.27150966052397196 0.9565840829197214 0.10596884705794768 -35.67161432087351 -0.12874613694550588 -0.14521459577058382 0.9809878456926963 478.08681307879937
0.9582932014376289 0.2502631441257683 0.1379945606562305 34.497783296486595 -0.26688381224929847 0.9563633376419282 0.11892097028560755 -35.61494176474523 -0.10221140267946424 -0.1507896717506669 0.9832676665362413 478.66898108322664
0.9615541744406961 0.24889588616605793 0.1160362334156234 34.55997524201993 -0.26294103676405683 0.9563409026863717 0.12756993781630682 -35.55372857068715 -0.07921856348808852 -0.153176093756911 0.9850185295212778 479.2644986982318
0.963114428709341 0.25014404713382915 0.09918947976166116 34.60979101890375 -0.2622382789912976 0.9551567706347924 0.13750137651018146 -35.48624389291335 -0.06034635236336743 -0.15844083815109267 0.9855226118980823 479.85487810871086
0.963929929050238 0.25258041416447236 0.08391797341277543 34.64463545176999 -0.2624599645696961 0.954423058248368 0.14209642107352316 -35.42205740378764 -0.04420247594058986 -0.15899610141237278 0.986289197373869 480.3968778210282
0.964440927341537 0.2545633975211166 0.07107161396157163 34.67802456709967 -0.2624309063215561 0.9542641207270078 0.14321315337759674 -35.348499009143715 -0.03136426431217789 -0.1567720145166673 0.9871366766504749 480.97489597839825
0.9643308164421175 0.25656195845261376 0.06513092917377065 34.714534189216934 -0.26365065972834917 0.9528652636536139 0.1501203482114691 -35.266504870568085 -0.02354582945845018 -0.16193749040072714 0.986520067265654 481.5998170759749
0.9637396155956708 0.2596378566031713 0.06159656443357866 34.75255768604101 -0.266187563261943 0.9515905869933121 0.1536864857766946 -35.1716603193358 -0.018711881150188917 -0.16450999411656395 0.9861979148931473 482.29194160357974
0.9632082443111605 0.26193234717491837 0.060177434262771425 34.793994218794104 -0.268282595453206 0.9503844296725314 0.1574607405447652 -35.06762909257333 -0.015947635182192266 -0.16781204169979064 0.985690007858782 483.04103092018755
0.9633815490731635 0.26181608281912605 0.057864753370602456 34.83660631790186 -0.26775244098306183 0.9508541864199376 0.15551510060212095 -34.96947236292074 -0.014304588529728088 -0.165313807484203 0.9861372743193887 483.76187714175813
0.9627788486746635 0.2640101901182623 0.05792674734877371 34.879089477514356 -0.269950536612777 0.9499699220547806 0.15711096388764542 -34.87007241301218 -0.013549772218163976 -0.1669004694569493 0.9858806403251298 484.49254966029537
0.9622617185623762 0.26567707670661944 0.05889037189564543 34.9245654678004 -0.2717513617691183 0.9495134589810516 0.15676539347211213 -34.763012571173824 -0.014268229252884245 -0.1668528756913144 0.9858785602230774 485.2740586625232
0.9618236227691569 0.267126012044801 0.0594895988577483 34.96720579687739 -0.27327828047864994 0.9491079119249186 0.15656676831355637 -34.65859620653162 -0.014638992514789036 -0.16684683158681535 0.9858741474892194 486.04971088386236
0.9613641315907598 0.2686109411671677 0.0602259809055264 35.00681684595125 -0.27479800420115585 0.9493713455427526 0.15225014006365425 -34.562357968438135 -0.016280767113583606 -0.1629178030407633 0.9865053097041934 486.7747829691541
0.9615859961335378 0.26735078915720856 0.0622569480210029 35.05305684191128 -0.2738816526914264 0.949667698934014 0.15205295761801324 -34.46191309830449 -0.018471934356900078 -0.16326303053168562 0.9864096362580439 487.5069070211166
0.9616679453750889 0.2666305159286831 0.06405412409563846 35.10051670748009 -0.2734827770343609 0.9496392663819965 0.15294585450751938 -34.36132496284405 -0.020048279318433445 -0.16460082539606347 0.986156496087364 488.2544392102373
0.9618696706178882 0.2658398286081686 0.06431113644630228 35.14772221672286 -0.2726623470748742 0.9504884694876814 0.14908693389624553 -34.26224997166191 -0.021493748697167185 -0.16093742540671505 0.9867305426865044 489.0032988284166
0.9619646728604629 0.26501807770864017 0.06625244641580808 35.20058810838296 -0.27217164084553214 0.9505766421465603 0.14942103374297255 -34.160119353050376 -0.02337875291613648 -0.16176979289405322 0.9865515536550047 489.77379775516556
0.9618106690401276 0.26503066109094126 0.06840311105703469 35.25379032100723 -0.27256170150595704 0.9502893934555772 0.1505330115224113 -34.057101020789744 -0.025106887357072203 -0.16342832486300318 0.9862356852394434 490.5725234426449
0.9615893080976211 0.2658590369874772 0.06830062228435232 35.306215211731924 -0.27332099187764497 0.9503336581769827 0.1488676376348188 -33.95046542913583 -0.02533057345106242 -0.16181752250001355 0.9864955405173408 491.38443478626107
0.9611990668076297 0.2675449572841952 0.06720156099333184 35.35209845009911 -0.27480832411683054 0.9499097618542353 0.1488349062892392 -33.85105378534293 -0.024015390153860186 -0.1615275213882314 0.9865759579829293 492.1839017424873
0.9607885853795433 0.26939555198394477 0.0656607247572112 35.39509829376932 -0.2762924946363876 0.9501181835201038 0.14469932533380278 -33.74919576363361 -0.023404093914933984 -0.15716702553564296 0.9872946745892544 492.99568655831166
0.960526333280557 0.2700284260536042 0.0668865621602864 35.44293256108162 -0.2771450840234388 0.9496610523695178 0.14606330139380896 -33.646031247393516 -0.024078319630956482 -0.15883492920460093 0.9870114993191929 493.8150428908766
0.9602455317385291 0.27033028937652404 0.06964232493099845 35.48639415190172 -0.278003142464111 0.9486982987721573 0.15061802908978558 -33.55741227574783 -0.025352939795415752 -0.1639910746120559 0.986135972313816 494.5695865689837
0.9602947136950997 0.2699757831899146 0.07033590363561942 35.52539007342634 -0.27771070659415065 0.9491153466357096 0.14851539389420965 -33.48238108070808 -0.026661325777712058 -0.1621515811565422 0.9864056155741461 495.2182567000424
0.959677802710956 0.2719423423345647 0.07117497755153795 35.56355248556155 -0.279705464484831 0.9490028683808138 0.1454593033886469 -33.404959292352494 -0.027988714175490006 -0.1595020948156346 0.9868007466698782 495.86433749242264
0.9583107899048902 0.27498418820395365 0.07761524457011112 35.61144029864619 -0.2836676447052895 0.9481888885072836 0.14307515178630162 -33.322495164703824 -0.03425050801404423 -0.15912739534452247 0.9866637597234682 496.56197794129815
0.9561253067912607 0.2778965944437055 0.09272475672606693 35.67635839121508 -0.28879042677143474 0.947264949215773 0.1388855838177916 -33.24639763582127 -0.04923908121087583 -0.15957004350386894 0.985957866289267 497.2669200354079
0.9530945474422253 0.2797415177867608 0.11556585508816704 35.75458916805631 -0.29389218863070316 0.9466316526940197 0.1323476315603767 -33.18546948946271 -0.07237516906892963 -0.160103708089929 0.9844433135321203 497.9207709584964
0.9479966835784988 0.2832078331206461 0.14524328274752057 35.84490474933908 -0.3011808936089891 0.9457771749785611 0.12163718434122085 -33.138255571230815 -0.10291917823739197 -0.15905614904390647 0.9818904135402609 498.50798656635743
0.9416664287646008 0.28357410920296605 0.1812458593388201 35.96963258569232 -0.30605738170415686 0.9455510287608159 0.11073450733062239 -33.10907584421674 -0.1399757694821523 -0.15974660121299517 0.9771836098496421 499.04227798194023
0.9343439937139636 0.28262518271392234 0.21708133845764566 36.11208788074722 -0.30912733145844057 0.945843612556098 0.0990966877963646 -33.087363238058614 -0.17731777789050396 -0.1596961699063209 0.9711104669198182 499.5751866560243
0.9246797069605478 0.28395107674544046 0.2536517801050501 36.27668676614553 -0.31407054171451265 0.945446109479385 0.08655257880296796 -33.065810389483964 -0.21523739071664624 -0.1596979651886529 0.963415499954249 500.14391734751666
0.9130934064210474 0.2838026176047867 0.2927738126798221 36.47616702195837 -0.31770836347265835 0.9452515569128354 0.07457137475856694 -33.055716291787576 -0.25558135090404344 -0.16110731949395854 0.9532694292148144 500.69546818958014
0.8994918585313021 0.28407812960219647 0.33198495857135185 36.6809406589798 -0.320542924628901 0.9453602910857242 0.05954958865233675 -33.05043796941436 -0.2969286613081628 -0.15997979972493181 0.9414031196961882 501.22101968732045
0.883879961921434 0.2855108048275362 0.3704588954803183 36.89815232139202 -0.3237571397188497 0.9451137873319989 0.04405954466436846 -33.05041858094436 -0.33754633370077775 -0.15888206104433109 0.9278032998882205 501.72201304267116
0.8682166404448572 0.28349020681594383 0.4072261876329904 37.13548312073295 -0.32224167852489877 0.9462341127258335 0.02830732299966676 -33.05968731002358 -0.37730646148204894 -0.15580213911690954 0.9128885625148848 502.16053144867834
0.8545228314467652 0.2798816114661314 0.43755801226731683 37.35523308014643 -0.31800840445862205 0.9479741812606974 0.014683540335658224 -33.07161003181382 -0.4106840455019998 -0.15169454580250627 0.8990702862089733 502.537170015593
0.8399390961178242 0.28227984029845365 0.4634872237439265 37.55355687058985 -0.3196782771018241 0.9475234721183357 0.0022514293282532194 -33.085075555616136 -0.4385294904131144 -0.15005786066011348 0.8861007417286856 502.8581857019149
0.823939175986956 0.28622960817142196 0.48907754567141076 37.75503754170449 -0.3235749660882765 0.9461633087998587 -0.00861593882703133 -33.09807259573122 -0.46521336566666993 -0.15115424071766728 0.8721977527591763 503.17406894243163
0.8070351482722127 0.28939301934746914 0.5147290061830629 37.96352342614227 -0.32833413599464895 0.9444229230783998 -0.016187572538681964 -33.115010957144534 -0.49080644310552735 -0.15593916351257917 0.8572001007285874 503.49068863678144
0.7899099569581072 0.29072153473572854 0.5399289297114432 38.179370770470776 -0.3299528201481234 0.943655949445603 -0.02538868945445148 -33.13443594058351 -0.5168881855631311 -0.15809629444366136 0.8413276206736826 503.7860243980099
0.7735985035551827 0.2892025446670701 0.5638326378060017 38.39835083056005 -0.326359358842617 0.9445332107869954 -0.03669581197142464 -33.15583447390897 -0.5431711739341681 -0.15562423294107305 0.8250734354761902 504.0543584066648
0.7559082192225827 0.28648655694665337 0.5886664733111582 38.61992289911516 -0.3240932124271561 0.9450133900013857 -0.04374108339687181 -33.181505925730534 -0.5688289319034281 -0.15771856392618344 0.8071917373354799 504.31274894368886
0.7384251686246776 0.28468321061852647 0.6112967691175415 38.84165841607662 -0.3219008604303066 0.9453760112483469 -0.051420165406101205 -33.21116035840913 -0.5925437590556915 -0.15880701164649524 0.7897292109679516 504.5561855777527
0.7216488699924005 0.2846135271560294 0.6310452032925185 39.069195875094884 -0.3194464121962021 0.945627021250781 -0.06118436414106213 -33.241896993584135 -0.6141472935490881 -0.15743149888181823 0.7733294414324058 504.79595574182093
0.704193278520834 0.2850582311580664 0.6502719672068863 39.300513856594485 -0.3192888261084373 0.9451735024777199 -0.06856891231668247 -33.27631379970476 -0.6341659656654395 -0.15933880589182 0.7566007354798117 505.0345291869273
0.6873027947905196 0.28369780696793734 0.6686781158335631 39.53535537425353 -0.3171284447645937 0.9454011933419928 -0.07514075557727051 -33.313773316123566 -0.653486356241915 -0.16041239961148862 0.7397455266891118 505.2613349256914
0.6732468061718795 0.2799415508374464 0.6843766989707418 39.819035983862726 -0.3115833453115227 0.9467806125750441 -0.080760699455253 -33.35649415123893 -0.6705628657358297 -0.1588684983461058 0.724642148463231 505.5283687407757
0.6613815930472075 0.2783755033733014 0.6964779016594851 40.1179333600112 -0.30968518339607864 0.9470806355103184 -0.0844592033250713 -33.402065793729626 -0.6831321069626867 -0.15982912426410126 0.7125904682731122 505.81199798604086
0.6503756664733082 0.27956476621519805 0.7062967039073893 40.38307230064444 -0.3088805332669149 0.9468010718627332 -0.09033574313815691 -33.44280179672246 -0.6939771672239304 -0.1594091333977396 0.7021284922015579 506.0594910331303
0.6413771325716787 0.27917444427388327 0.7146306762786637 40.679427061130475 -0.30194724580410043 0.9481288601106765 -0.09939580160421528 -33.48665271819213 -0.7053107361762291 -0.1520305702468904 0.6924041241536287 506.31889663265025
0.6318801992228056 0.2794394217760709 0.7229391560758092 41.000409820772106 -0.29951236502514955 0.9483224513288779 -0.10477056601272478 -33.53701200135692 -0.7148564590371929 -0.150326770280746 0.6829217415705613 506.6042691342646
0.6222397605803442 0.2804198639508887 0.7308778148601046 41.29401408139995 -0.2994833531379959 0.9478877315432456 -0.1087132447451537 -33.58519622104218 -0.7232754672641282 -0.15124003534634003 0.6737945162750267 506.8656249228905
0.6157980847634539 0.280761003521695 0.7361833859189931 41.59065793785402 -0.2965202317789581 0.9482456183493128 -0.1136045748510137 -33.63453503496361 -0.7299784044390762 -0.14833578861089872 0.6671791535035888 507.1234098045038
0.6137118407177377 0.2832265663128858 0.7369806569357563 41.901810860863215 -0.2939506301746714 0.948301523235013 -0.11965470341806289 -33.68777517339902 -0.7327692703592067 -0.14320242024757587 0.6652385010298747 507.3987672128264
0.6127256326360626 0.284628590731853 0.7372610558335062 42.21135250207587 -0.29410779243555857 0.9480100913788932 -0.121562630246561 -33.7412171888596 -0.7335311210435612 -0.14234968205717508 0.6645815694696924 507.67936157720175
0.6117236452889702 0.283085988598692 0.738685660381651 42.568677353517636 -0.2935867130745405 0.9483323125767842 -0.12030239743601617 -33.80600747485668 -0.734575403686011 -0.1432764739301842 0.6632275841049354 508.00119184349256
0.6094340107473268 0.2831939504932743 0.7405345184044025 42.99521648064343 -0.2948543964834739 0.9479930694287056 -0.11987503989365386 -33.88365859714392 -0.735969477233124 -0.14529393214842606 0.6612401998230694 508.3848276634372
0.606850478875238 0.2822493498105113 0.7430126518575835 43.47264819877671 -0.29580483794075924 0.9478731655377228 -0.11847345653915677 -33.96777564813311 -0.7377208104288099 -0.1478910632358755 0.6587080075991366 508.8111468746471
0.6042379687544389 0.2817175855961855 0.7453399755020297 43.918364713589284 -0.29608895140864766 0.9478170318382795 -0.11821255014167893 -34.04652952169071 -0.7397484775038349 -0.14925842061045402 0.6561205025813727 509.2065528550127
0.6012893825284868 0.28228141562761166 0.7475080473478418 44.374578504009605 -0.29654496840892136 0.9475405270441434 -0.11928131169741715 -34.128177045147304 -0.7419650666775812 -0.14994716402845362 0.6534551919068043 509.6086914633935
0.5987367563923953 0.28046656705660145 0.7502351640040602 44.91595248715984 -0.29614618177241303 0.947826898123799 -0.11798987335630161 -34.22503380197581 -0.7441852830890564 -0.1515344051907023 0.6505579055527363 510.07946021028755
0.5957596624790001 0.27832380678423424 0.7533964979610941 45.443939329727286 -0.2937845932816521 0.9485474741413833 -0.1181029298973311 -34.31777456873583 -0.7475032022093596 -0.15097532207990735 0.6468735694164846 510.5298587386336
0.5895579311925073 0.27942654874125844 0.75785371255049 45.93168842421801 -0.29490188023450103 0.9479494458829125 -0.12010299365308581 -34.40312054006461 -0.7519669718825234 -0.1526848123056978 0.6412745288010465 510.94269860130186
0.5824588421630528 0.28012182169035904 0.7630684518435759 46.41860637018867 -0.2945075283167976 0.9476882517054814 -0.12309465197211823 -34.491686909891314 -0.7576325052100203 -0.1530318352248342 0.6344873871535271 511.344753537019
0.5772345106426651 0.28073044712430334 0.7668055397429733 46.8954441009904 -0.2911272857902243 0.948090153856173 -0.12794515867899492 -34.585196980868645 -0.7629188837560287 -0.14938365445511334 0.62899864911627 511.7285062870119
0.5711887382073628 0.2817059799420221 0.7709637904661844 47.3821372881 -0.28855181041545763 0.9482246065029886 -0.13269494462191087 -34.681002284226565 -0.7684277962509212 -0.14666913951869723 0.6229019870427448 512.1157204748445
0.564679064029829 0.28087978183247525 0.7760438794321738 47.89300486641011 -0.2877981434156944 0.9482967074837841 -0.13381174545566468 -34.78503027612386 -0.7735048695986861 -0.14778329652959146 0.616319976938902 512.5182182730405
0.5600004961384527 0.279644345514469 0.7798708126006973 48.40499961043711 -0.2862692702259608 0.9486474244958234 -0.13460300487632065 -34.889839503844684 -0.7774634070160393 -0.14787529888126388 0.6112966110913685 512.9171535453233
0.5595041020683253 0.2780374226272166 0.7808010959185012 48.860507647838894 -0.2824487602206914 0.9496274071237445 -0.13575892416053736 -34.981430494677426 -0.7792161815687073 -0.14457862656093579 0.6098517550382547 513.2653465759356
0.5644608253432043 0.27936319842293184 0.7767497537944761 49.25350639279995 -0.28212634641501627 0.9496148265958096 -0.13651522174440103 -35.05602831823349 -0.7757504117378141 -0.14208407537904513 0.6148360872722878 513.5773598893239
0.575394463246388 0.2804370788326385 0.7682943813937588 49.66946584746116 -0.28455929973420946 0.9493309762593539 -0.13340428197489204 -35.132762310345775 -0.7667771622839212 -0.14186522593742415 0.6260407663000417 513.9282235076231
0.5868538767852606 0.280502440450306 0.7595530976854308 50.13403771174513 -0.28923537897454743 0.9488065242662846 -0.12692153110950155 -35.21796540585948 -0.7562707338325115 -0.1452052354812063 0.6379420167517456 514.3363219768434
0.5959454941687723 0.28296345069561846 0.7515188976668297 50.61316516869401 -0.2963018594550249 0.9473066700752973 -0.12171803857417487 -35.30641317810077 -0.7463606206542772 -0.15013913014693328 0.6483857382263176 514.7742149655877
0.6000028989425872 0.2873137640995274 0.7466239496690775 51.15509193368326 -0.29924552679069727 0.9461357530485845 -0.1236092694701481 -35.40907090894703 -0.7419222573533261 -0.1492579571150113 0.6536615533145582 515.2606299305888
0.5966855995548795 0.2906257983660917 0.7479992918498695 51.740980470038444 -0.2994243767396491 0.9454298191400633 -0.1284815149928477 -35.517630191113234 -0.7445208780806029 -0.14730615195862098 0.6511448070108785 515.772900207596
0.589080297318445 0.2886430416690251 0.7547645976112461 52.338787659195766 -0.29925550532622464 0.9455433691564001 -0.12803858627892922 -35.631484021452074 -0.7506201075398684 -0.15044245258707462 0.6433789883236974 516.2849842211785
0.5813890984084747 0.28538977205236604 0.7619313579710969 52.961830526996636 -0.2961455331367359 0.9464551021784113 -0.12853234131380648 -35.752487752331255 -0.7578156368503782 -0.15091526618718493 0.6347755847358252 516.8040111313516
0.5733977079573293 0.2884210019539325 0.7668300947023216 53.56939756720213 -0.29483504556837214 0.9459184203217222 -0.1353168060543519 -35.87196173633862 -0.7643869206193827 -0.14849803947508783 0.6274240733810544 517.3006676096759
0.567082375763172 0.29097481239697026 0.7705525534636458 54.17606956264208 -0.2939499805868094 0.9454120983727523 -0.14067470690725187 -35.99569303447835 -0.7694225029278883 -0.14672976112900435 0.621658579275804 517.7904111793142
0.5629219835180733 0.28909611509522787 0.7743011537566793 54.78136100452855 -0.29442957679425774 0.9455151178811406 -0.13896901153481836 -36.12322785660654 -0.7722888480230938 -0.14974844939116022 0.6173696924243265 518.278994815193
0.5602908541693599 0.28804652631529254 0.7765972942341882 55.366669343273664 -0.29445739305716334 0.9456058097935939 -0.13829134520489078 -36.24288719203672 -0.7741892549035754 -0.15119143878636948 0.6146317160947325 518.7464653921072
0.5583262351337023 0.28644438067694405 0.7786022296012436 55.96724610176283 -0.29551113929554684 0.9456124014353465 -0.13597923666472908 -36.36439099074491 -0.775206412327503 -0.15416485666414523 0.6126077172677851 519.2263704681073
0.5575038872307957 0.2879472028816619 0.7786371581649434 56.60194300865139 -0.2950591270529858 0.9454083926799133 -0.13835852916647476 -36.493814823458145 -0.7759700556498857 -0.1526085823373224 0.6120303042592803 519.7329971332664
0.556454686953889 0.29270267787967696 0.7776138654429429 57.25671865781669 -0.29551837207984877 0.9444190460108713 -0.1440192948711706 -36.626210986874895 -0.7765481782415885 -0.14965897197956168 0.6120254234716823 520.2518259674089
0.5556661663359206 0.29198005648345826 0.7784489438655932 57.905723065435026 -0.29644985088667364 0.9443433645429568 -0.14259416451227808 -36.76175684437051 -0.7767577469834559 -0.1515363205954342 0.6112971012867512 520.7647647752699
0.5548555136586584 0.2936575855131755 0.7783961596983623 58.558080374983085 -0.29797624440741916 0.9437073317298554 -0.14361974031505567 -36.89932264245232 -0.7767531890706602 -0.152255359544044 0.6111242007633754 521.2836694742296
0.5541497004626104 0.2932938297506914 0.7790358392958385 59.24224426634836 -0.3001074235001479 0.9433263757007196 -0.14167174477447897 -37.03908244676327 -0.7764365034162848 -0.15528708361455817 0.6107636841080026 521.8277335547243
0.5534608531184548 0.2919658145784702 0.7800237478326686 59.922173613020625 -0.30266776836166176 0.9430203758780006 -0.13822008780884085 -37.179309528609814 -0.7759338284031494 -0.1595886393088263 0.6102935032778823 522.370978099263
0.5532730482528927 0.2955446742724314 0.7788082431421451 60.54045906953344 -0.30618190179132143 0.9416483309424153 -0.139825118804923 -37.30697649397677 -0.7746880514713044 -0.16109551931249896 0.6114790728757864 522.870589154928
0.5538267000906499 0.3002951019323044 0.7765943844904933 61.11015819227575 -0.30900430315252597 0.940218160596863 -0.14319968965424187 -37.426513055041795 -0.7731703091169032 -0.16066319503643747 0.6135103999613677 523.3319598738212
0.555057960497237 0.3014093984700469 0.775282551720708 61.648957295228506 -0.31197804483104735 0.9394373817046173 -0.1418700299547721 -37.539428724507026 -0.7710903708593756 -0.16312504519507584 0.6154753119322143 523.7713553640717
0.5565467711130822 0.3027779989962265 0.7736802795001587 62.1772297950412 -0.3117978931410747 0.9392810964423316 -0.1432937392173019 -37.65184550787973 -0.7700894528536242 -0.16148221323083964 0.6171594035690268 524.1994986955427
0.5564495567594115 0.30650851086857184 0.7722800162812611 62.72608975213899 -0.31303535687116224 0.9383187367108953 -0.1468564390342191 -37.76589338343271 -0.7696575577039463 -0.16003275009321655 0.6180750462256184 524.6438945664033
0.5561776000441777 0.30429044976897013 0.7733523125901264 63.29559874020169 -0.31227730646316265 0.9388846534536538 -0.14483953665115767 -37.885580392383346 -0.7701619057556767 -0.16094387123655265 0.6172096153124788 525.1009540691921
0.555482280620025 0.3014676856086179 0.7749559151661205 63.8801722540765 -0.3118912887032559 0.9394614769587734 -0.14190122388993007 -38.00946430463156 -0.770819862191033 -0.16287838360022303 0.6158793487425741 525.5711237746339
0.5541521592209349 0.3033324941384228 0.7751804837781582 64.47062203123184 -0.31193449301608583 0.9390561755612867 -0.14446581328122268 -38.131922763540445 -0.7717591959267982 -0.16174948883990775 0.6149998750914119 526.0454288534667
0.5528776661909924 0.30413434402220774 0.775776119130631 65.03150378701852 -0.31072973409901333 0.9391066698496854 -0.14671637601368262 -38.245883732990826 -0.7731580165619206 -0.1599404996553823 0.6137146877792851 526.491779530861
0.5517419397449981 0.302811534103043 0.7771010273706944 65.59957306803328 -0.3111871472752868 0.939215685359557 -0.14503949719040216 -38.36400062872462 -0.7737851066653461 -0.16179947833271097 0.6124357415387867 526.944493641117
0.5516208355848814 0.30243863613145316 0.7773321845411933 66.21809503291861 -0.31147768884589905 0.9392195121393071 -0.14438960270053194 -38.49377509053904 -0.7737545496472764 -0.16247331901499001 0.6122959394838379 527.4390245273803
0.5499404242807223 0.3035443441078993 0.7780914862032899 66.88558792675435 -0.31345345910737654 0.9385309625051896 -0.1445910142183843 -38.631419918687676 -0.7741527360382863 -0.16437902414598424 0.6112831403737973 527.971936971074
0.5482609345343837 0.30474223444529447 0.778808139536801 67.55805441885492 -0.3133340163400945 0.9382657452191032 -0.14655778912300957 -38.768984068658625 -0.7753913475579118 -0.16367517189154993 0.6099005625826223 528.5028694178078
0.5466088629445588 0.30383248051639183 0.7803233783078095 68.17646803879141 -0.31294215383302376 0.9384538195827502 -0.14619041304029906 -38.89685761437645 -0.7767148507044329 -0.16428710324855578 0.608049166105333 528.9868286305574
0.5468993757255863 0.3032261521440388 0.7803556711441803 68.76790599161761 -0.3109411027058699 0.9389996739347898 -0.14695320002781287 -39.020866520126326 -0.77731377414724 -0.16227603953226413 0.607823809598389 529.4470213483249
0.5466601898111713 0.30329295091628766 0.7804972919876817 69.37458776509094 -0.31277381915526936 0.9385923618592285 -0.14566027705088375 -39.146091373715315 -0.7767465319695005 -0.1644924441547503 0.6079531732702383 529.9265358434938
0.5472665227582489 0.30243013441616445 0.7804071801727067 70.00427865194006 -0.3115313674091334 0.9390394786364094 -0.14544093193614396 -39.27728948749232 -0.7768188721885532 -0.16352636288769817 0.6081213435264605 530.4186205676884
0.5483712305078979 0.30626285972146206 0.7781336995057377 70.65321816923066 -0.3121702188924472 0.9382248288323096 -0.14927801244397332 -39.41220710590044 -0.775782668012054 -0.16105039993062256 0.6101016478377093 530.9313910933018
0.5482287486213947 0.30505765112821365 0.7787073061639762 71.33122022257564 -0.31376648140838764 0.9381137199463245 -0.14660574201942767 -39.55290076934514 -0.7752392110372286 -0.16395876901405462 0.6100177765719401 531.4706772076255
0.5473890157914106 0.3014772597882215 0.7806899046494042 72.00519835229512 -0.31405714356234465 0.9386817066280828 -0.1422840968599401 -39.69505742687778 -0.7757147516763985 -0.16729648971922034 0.6085051425906378 532.006723907001
0.546888473935074 0.3033715451215614 0.7803068003596547 72.66198372143344 -0.3146853576026349 0.9381790510946209 -0.14419845282698662 -39.83211052079532 -0.775813200962366 -0.16669065270059788 0.6085458926940336 532.5283609571685
0.5465632709514747 0.3061389376517902 0.7794533608242754 73.326459953548 -0.3136773098226261 0.9378612909114886 -0.1484006209969307 -39.96656138959076 -0.7764503436468232 -0.16338650453225245 0.6086293732539241 533.0494894654463
0.5452712387116646 0.30406455176588454 0.7811683714752271 73.99863555865767 -0.3143275734748821 0.9380627000928036 -0.14572764750722403 -40.10015642227443 -0.7770955235923344 -0.16608166381033415 0.607074483205108 533.5763851867297
0.5441344328289697 0.3034358481452966 0.7822048357497157 74.66203290182982 -0.31410884639638914 0.9381812891391409 -0.14543555729170052 -40.23670798348961 -0.7779803028518331 -0.16656096412293728 0.6058086278727054 534.0938349849847
0.5430935794717137 0.30664033022819814 0.7816783685213137 75.32177457655152 -0.3135155678671659 0.9376600267258407 -0.1500055431823182 -40.37524401370353 -0.7789463092161967 -0.1636012902089571 0.6053736575045466 534.6070493088878
0.5427935232038744 0.302413525904548 0.783531269649083 76.0299608753824 -0.3108578314321522 0.9390083082260581 -0.14707415041309688 -40.52841244182881 -0.7802195843512452 -0.16373593506745499 0.6036952407981687 535.1590850419637
0.5419548796126968 0.3032297404083619 0.7837962955997333 76.69734020801498 -0.3103736122033248 0.9389224763680142 -0.1486364834716366 -40.6739892306284 -0.7809949611308977 -0.1627154199909503 0.6029681275037004 535.6802686176393
0.5422361780009246 0.3033625897362597 0.7835502960343127 77.3542796867812 -0.307131145079827 0.9395747733668115 -0.15122732879561632 -40.81424832684258 -0.7820808059202763 -0.1586517708732333 0.6026435336165822 536.1849409779029
0.5424031392365877 0.303466612554411 0.7833944406306734 78.05954656272152 -0.3055566050597135 0.9398784142407796 -0.15252451458247016 -40.96867026385766 -0.7825816223568518 -0.15664157018169494 0.6025192302660002 536.7354420326436
0.5434968062243013 0.3030255179185625 0.7828069730873448 78.77206769636464 -0.304142779866824 0.9402884437629266 -0.15282281237031506 -41.12309907594954 -0.7823735623593564 -0.15502637845243888 0.603206789505103 537.2925047546423
0.5437109059443433 0.2970106692593611 0.7849605806047127 79.46007696661658 -0.3044986887770164 0.9413686502969413 -0.14527770913389002 -41.271507491212205 -0.7820863119184889 -0.160030392689076 0.6022717610228113 537.8358756953422
0.5442694936763408 0.2980198874856916 0.784190579461597 80.10996571448165 -0.3038878907615379 0.941326307427186 -0.146822793850277 -41.4104605513458 -0.7819353349873686 -0.15839485347861845 0.6028998277406298 538.347108289309
0.5441374585829165 0.29925105369409094 0.7838132641324086 80.72979995041585 -0.3047658383455128 0.9409121118146476 -0.14765561830846557 -41.53787024815888 -0.7816854929858214 -0.15853455365779043 0.603187023527563 538.8347285408129
0.5442379895638355 0.2932644430942358 0.7860031661082174 81.34230789436138 -0.30344352107219863 0.9422891253147959 -0.14146813716445678 -41.66308452107144 -0.7821298103478895 -0.16151523374005047 0.60181873436698 539.3115046998113
0.5433692144458133 0.2983547248262223 0.7846874250084607 81.97652670437162 -0.303734591617993 0.9412603164206677 -0.14756122317978404 -41.79337657042435 -0.7826207220916117 -0.1581564886608584 0.6020725292249053 539.8036599600115
0.542442273808357 0.3033174150813421 0.7834251242422546 82.6154142958809 -0.30420828283704154 0.940177555252753 -0.15337367848589156 -41.92141572959446 -0.7830796257335286 -0.15512804487689497 0.6022637208513488 540.29643845945
0.5418763933642234 0.2992454364195686 0.7853802538239953 83.25380819198634 -0.30392532543544365 0.9409967600935757 -0.14884385795978297 -42.05228371116829 -0.783581119523401 -0.1580419763083668 0.600852197175813 540.7895817874579
0.5405450652283702 0.3020865302390935 0.7852100105738351 83.8851409494873 -0.3044200265612439 0.9403016489242094 -0.15218822707050428 -42.182906225821505 -0.7843082811533448 -0.15676905714622735 0.6002366057112575 541.2764550199128
0.5398809087357627 0.30540167168754945 0.7843841044495339 84.53985694411979 -0.304236521959998 0.9396602427055852 -0.15645691734200542 -42.319461056401 -0.7848367620647854 -0.15417018910583766 0.6002189681297457 541.7775496184998
0.5380173851910928 0.30283173807270075 0.7866576330577403 85.21411602743372 -0.30681284929772185 0.9395764940872061 -0.15186140808186457 -42.46412186477082 -0.7851134750709343 -0.1596525921326064 0.5984211569516773 542.3016312669131
0.5368329845014975 0.3023886797111714 0.7876366123624203 85.82395124917446 -0.3090370379565704 0.9391578456172386 -0.1499288170653505 -42.593802057772955 -0.7850518810386039 -0.16292215134266028 0.597620211070235 542.7792567443518
0.5367231908255845 0.30428591085079054 0.7869804958750298 86.38795450103235 -0.3101682317666548 0.9385557034245624 -0.1513567295232373 -42.71032977124583 -0.7846807531937787 -0.16285968201776793 0.5981244348296755 543.2193185786767
0.5361188599950395 0.3028237266952943 0.7879558099969775 86.97601721804055 -0.3111891288399977 0.9385969529298698 -0.14898686533572644 -42.83346538744878 -0.7846896800961694 -0.1653286136793517 0.5974349801019674 543.6761216300035
0.5361341170014339 0.30388438386731786 0.7875369768008822 87.57746302149583 -0.3118275053524479 0.9382619331236598 -0.14976031435838016 -42.95933419004428 -0.784425787116135 -0.1652840769482421 0.5977937423682208 544.1405809907109
0.5380908039635957 0.3026876424604026 0.7866628742934134 88.15127849773609 -0.307148452289602 0.9395387946421199 -0.1514155923890712 -43.07903544808299 -0.7849319173953366 -0.16014694647165387 0.5985272262728645 544.5734897004053
0.5375346381620257 0.30331502414414774 0.7868014418545857 88.73514182650727 -0.30932851151477053 0.938948350545133 -0.15063819891590963 -43.20477617036069 -0.7844567449771099 -0.16240686911891314 0.5985412468016825 545.0276447830839
0.537506222560007 0.30324049326444275 0.7868495815300467 89.30959395117911 -0.30898377639979674 0.9390327894887859 -0.1508192500532631 -43.3294894981414 -0.7846120612321728 -0.16205746977429258 0.5984323603042858 545.4728830439601
0.5372605102325165 0.30294423527603204 0.7871314594511619 89.77696621367511 -0.30816057491054216 0.939249520742391 -0.15115355720588225 -43.43188668684608 -0.7851039448477549 -0.16135404580675358 0.5979771464581977 545.8324729654845
0.5355874824706873 0.3051812383860184 0.7874074297070655 90.18980634348885 -0.3103601809732015 0.9382976188195121 -0.1525586332657514 -43.5208071701968 -0.7853805489614567 -0.16267141806355723 0.5972565638468911 546.15486993209
0.5347840607855764 0.30330466858229854 0.7886775553709329 90.5854396267348 -0.30892360431471527 0.9389249386210232 -0.15161189377061413 -43.604200195790945 -0.786493620461667 -0.1625614888332681 0.5958200628725202 546.4543764155283
0.5340182462568124 0.3018445688268786 0.7897558919910089 90.95172341616987 -0.30618234422082 0.9397382227963605 -0.1521329836129562 -43.68343717616102 -0.788084313225589 -0.16056752126520613 0.59425683535194 546.726707134137
0.5326791725672007 0.30234129586006014 0.790469885530614 91.2744571563949 -0.3075630113329396 0.9393072424910055 -0.15200953346338586 -43.75074143628481 -0.7884528477803496 -0.16214698585419865 0.5933384041215086 546.9725097035763
0.5319961415532863 0.3033100826212147 0.790558725935479 91.5435108938146 -0.3103139581705182 0.9385235520176793 -0.15125736237506926 -43.804783072536154 -0.7878358666225906 -0.16485307424621784 0.593412260721504 547.1821115280411
0.533350440591185 0.30530559015968944 0.7888762920372453 91.80689736980933 -0.3116129283474783 0.9379226498831847 -0.15231049117776874 -43.858370954196324 -0.7864061866541395 -0.16458918388930519 0.5953786275461617 547.3861310677971
0.5404571738287334 0.30726109240580113 0.7832602788030633 92.08407549918184 -0.31281527772948314 0.9375803467613444 -0.15195293806275098 -43.91450322082876 -0.7810586695479999 -0.16289172618788708 0.6028379884043827 547.6059825877269
0.5539171862932287 0.30894425684307575 0.7731294826176741 92.3545809538987 -0.3165120839708985 0.9370241021175637 -0.14766832006619177 -43.96586751275611 -0.7700622386725624 -0.16290880336695115 0.61681834469814 547.8362655331576
0.5715316914831025 0.30800531823072325 0.760581520661694 92.59514395011614 -0.3216687542824471 0.9367934137102284 -0.1376492373662648 -44.0104691794224 -0.7549044563048024 -0.16598440881819757 0.6344828113356799 548.0599861402867
0.5927857639132211 0.307062595945787 0.7445250837096447 92.79791841125963 -0.32782588340171526 0.9364071381711064 -0.1251873066811578 -44.04562753180314 -0.7356189423021342 -0.16986534005862303 0.6557518875101019 548.2710836931199
0.6170305084306255 0.3080440619636913 0.7241423945293866 92.97857250373457 -0.3366915573097241 0.9350640154451905 -0.11087868260341294 -44.073123333358495 -0.7112750149570863 -0.17539710062719152 0.6806788598078943 548.487727643478
0.6426510186724668 0.30892476598464547 0.7011170780694002 93.1462596898791 -0.3453494989921272 0.9336696192484438 -0.09484073828451409 -44.096462068607515 -0.6839103682099975 -0.1811809345759012 0.706710745072602 548.704602740982
0.6697597221393299 0.30974171807812595 0.6748940529311687 93.30884411481394 -0.35245530554947013 0.9325539262934198 -0.07822040746988981 -44.1155929781256 -0.6536032222915398 -0.1854811112667183 0.7337571704408639 548.9333698442553
0.6986995560680493 0.31000051072629575 0.6447624474950037 93.48754526267989 -0.3577878027640814 0.9318529988660453 -0.06031481325186898 -44.13303756743205 -0.6195214431668754 -0.18854620615062218 0.7619996782168891 549.187958121166
0.726318360703532 0.3106419407187886 0.6131584000659207 93.64579564699785 -0.36398551429078396 0.9305335437766261 -0.04027243837894941 -44.140931490716376 -0.5830747673252666 -0.19393016416477743 0.7889327646483013 549.4634832546732
0.7547121273166433 0.3120006346276399 0.5771180198825347 93.81279957048716 -0.36818568401729035 0.9295144853310732 -0.021026736418882634 -44.149504553695145 -0.5429999143332466 -0.19661745993593557 0.8163900216700538 549.7602312470497
0.7820941251990772 0.31414808983849957 0.5381818995283222 93.99840758147066 -0.37164642117494434 0.9283725517213377 -0.001828343038718958 -44.14996595708607 -0.5002076738285328 -0.19858344055140534 0.8428267320047567 550.1092368408156
0.805523333487498 0.31758913725628524 0.5002692266210247 94.18859543915433 -0.3764262269924055 0.9262700848654478 0.018083846814692495 -44.14262169069648 -0.4576411856896802 -0.20288141802581108 0.8656810471417189 550.5003619454137
0.8270881269690556 0.3196696829152749 0.4623164760763643 94.36024751968634 -0.3783243644218892 0.9249218340468511 0.03728640755264558 -44.127819097935046 -0.4156872688832288 -0.2057447319574823 0.8859306969284613 550.896655345433
0.8465097570329624 0.32078763294673257 0.42487236412413104 94.51041785768116 -0.3783151255074201 0.9239735210801653 0.056130189337163024 -44.1032914962618 -0.3745649437151118 -0.20825039469627268 0.9035114144539321 551.2894383725992
0.8633650041764453 0.3229316122941801 0.387706130135298 94.64875174199366 -0.37846683391629055 0.9226273620636347 0.0743075123852014 -44.075755274729936 -0.33371203932251225 -0.21088841730303595 0.9187830811778337 551.6830122148389
0.8778176400060509 0.3244535387571531 0.3523720932227303 94.78319600006589 -0.377160659060698 0.9216741885896748 0.0909204451400441 -44.03445838607515 -0.2952728029316471 -0.2127124614956175 0.9314329715945036 552.1241356684665
0.8894491257270875 0.3261049606820521 0.3202121286926493 94.91129551192992 -0.37557140545404993 0.9207684095779823 0.10550666011442976 -43.988532151244506 -0.26043496721560494 -0.21410532581369762 0.9414523553051533 552.5731140789181
0.899942431149641 0.3291013288551583 0.2859998880458578 95.00754405827246 -0.37431327324607216 0.9195425645245765 0.1197123448077739 -43.937872311331546 -0.2235915787508293 -0.21478777286738907 0.9507223666972298 552.9882182190833
0.9101434787394422 0.3315853914712109 0.24837466914110048 95.09211704285508 -0.37120563983629723 0.918905713083849 0.1334865664236933 -43.87803898699339 -0.18397070707532462 -0.21369000590749637 0.9594224097411226 553.4324158908594
0.9180305128147584 0.33525207693294146 0.211721568228704 95.17649906289172 -0.3686330886706388 0.9183059080257064 0.14430490366660023 -43.80345810471876 -0.14604664829505554 -0.21052388034907357 0.9666178522686991 553.9449402761173
0.9228219488449868 0.3364350819604251 0.18764617330556876 95.2702791813337 -0.3659598527699109 0.9177515587390023 0.15429018955447552 -43.713135737202336 -0.12030393547414987 -0.21105333936806836 0.9700430150519213 554.5549507326776
0.924926156706709 0.33709594182921915 0.17572117300436274 95.36354236567993 -0.3646631451646724 0.9173548639118086 0.1596272038718814 -43.622563064399586 -0.1073889901170886 -0.2117224118028557 0.9714119749838465 555.1860136441168
0.9267285203821037 0.3364755660063671 0.16720778388308558 95.45199568634726 -0.3625937906515081 0.9175369579001129 0.16325340384927967 -43.53517649771839 -0.09848853989865813 -0.21192008958119285 0.9723116183305294 555.780745673979
0.9276609515047012 0.3380040140535327 0.15874018249042304 95.53383503633792 -0.3624208257483781 0.9173609191046835 0.16462104714547732 -43.443817205518904 -0.08997946497539715 -0.21024326525030285 0.9734995969694263 556.360865252766
0.9277613172057843 0.3393067518403259 0.15533791054393822 95.61392836548787 -0.3632728030484286 0.9164319285229837 0.16788505278607108 -43.353045401461905 -0.08539208898913322 -0.21218729589495217 0.9734910079702142 556.927235075634
0.9270689068127609 0.341279441329704 0.15515020124601298 95.69335714577359 -0.36529188624116343 0.9153937325901546 0.16916309343659106 -43.26305382362543 -0.08429163580906177 -0.21350095376917932 0.9732996778342665 557.4925022249975
0.926478010948016 0.34241037013640446 0.1561846140081003 95.79428348116076 -0.36666561542439485 0.9147749876190072 0.1695377494603909 -43.15490919737219 -0.08482229480071854 -0.21434052451576943 0.9730690200880145 558.1757945594672
0.9259294031061411 0.34332984359965585 0.1574146084623083 95.9140650310341 -0.3680708365197078 0.9137209907773682 0.17215635427281337 -43.03161949200554 -0.08472661781984449 -0.21734435696990126 0.9724108343319474 558.9620091635493
0.9253844342915776 0.34511931742160906 0.15670451656956286 96.04385897362215 -0.36980261948936344 0.9127508218380446 0.17358559805692023 -42.89587128902369 -0.0831244331689805 -0.21858315117230873 0.9722714305346647 559.8197682452815
0.9252595839949298 0.3467383830088333 0.15384146376692467 96.17206116486977 -0.3708335789993619 0.9121759126504223 0.1744063102840387 -42.75645010704858 -0.07985711560065159 -0.21842069070669135 0.9725817410167434 560.692964732873
0.9255516427745878 0.3471244800379323 0.15119111057088563 96.2741888333336 -0.370995980551507 0.9112049791208278 0.1790739189274551 -42.638633422236985 -0.07560515175495555 -0.22183345415830819 0.9721490521747721 561.417311125614
0.9256254219060587 0.34908330378864044 0.14614522002870825 96.35633609248106 -0.3720006175420715 0.9102310711092982 0.18192014109365773 -42.53242911707598 -0.06952063628557013 -0.2227560194545298 0.9723922238105499 562.04091126778
0.9259696451796683 0.35012090687115144 0.14140568156040545 96.4421324740926 -0.37217535171652044 0.9094964410742704 0.18520726564559897 -42.41905630981496 -0.06376302831991158 -0.22412401532401174 0.9724724684917925 562.6934383494884
0.9260109422131373 0.35190727825340395 0.13661991953525746 96.5325431012742 -0.37292677788012313 0.9089319727051849 0.18646256282216397 -42.29252984919434 -0.05856067999510773 -0.22361559987295535 0.9729165998439808 563.4082693578237
0.9252449875347106 0.35476572326933903 0.13439864074862112 96.62099234888763 -0.37543315684403683 0.9071639930772727 0.19000903769615207 -42.15815793204826 -0.05451291391969512 -0.2262626156864628 0.9725397528937866 564.1457948771512
0.9250247878800375 0.3554054136821778 0.1342241920552798 96.71858489086605 -0.37614842982185825 0.906379886143167 0.19232228351818492 -42.012515621673245 -0.05330572717864609 -0.22839109860171625 0.972109050225056 564.9285877810056
0.9251120644304565 0.3551690600468708 0.1342483036415813 96.82335435198576 -0.37609385110196186 0.9057268671650168 0.1954795571376669 -41.8566371466078 -0.0521640049125482 -0.231330458178048 0.9714757514784513 565.7572944215675
0.9249465325130567 0.3558169857611894 0.13367192912461215 96.92100995518199 -0.3766695540496934 0.9051764816104797 0.19691517003846323 -41.71110206381141 -0.05093092424136836 -0.2324861496586272 0.9712652733279564 566.5226317862487
0.925291813383851 0.35521961947035285 0.13286866458335184 97.02026665800084 -0.3758592510209239 0.9056706213030021 0.19619008418017234 -41.56884442783042 -0.05064467895857172 -0.23147299551345282 0.9715221916359994 567.2641968202562
0.9250039758166404 0.3559910058206961 0.13280831486837813 97.12207776204352 -0.37658338041885164 0.9054398561384456 0.1958663434801915 -41.42134868209125 -0.05052328488648295 -0.2311905506087117 0.971595763161575 568.0362304539419
0.9247920969444351 0.35615503504290125 0.13384008533584238 97.22310230030497 -0.37696675380552014 0.9053526858805548 0.19553153375911742 -41.27894838191915 -0.05153294047932144 -0.23127927962196382 0.9715216162613695 568.787078762742
0.9248434676904541 0.35521610543434745 0.13596351977774015 97.32116658529054 -0.3765214918604293 0.9056229303867784 0.19513757742900298 -41.143419780222615 -0.053815670928598465 -0.23166490109146504 0.9713059493098917 569.5081878146929
0.924593874387133 0.35537344594402326 0.13724387550511083 97.41813196082278 -0.37693621636630276 0.9055974025142991 0.1944541934513365 -41.007971772167544 -0.05518384036336162 -0.23152334326634239 0.9712629331368152 570.2239250926057
0.9245763538586995 0.3549170952402696 0.13853671495875586 97.52267702299889 -0.3768019584983318 0.9056142825653697 0.1946356988977912 -40.86694475991154 -0.0563812908434776 -0.2321564703380456 0.9710430079677246 570.9630326779139
0.9241122106748907 0.35489800028421375 0.1416475607832115 97.63469364695341 -0.3777767109294791 0.9042565641459605 0.1990096049899266 -40.71595516190266 -0.05745762578521127 -0.23741835563664476 0.9697067317730248 571.7598724106422
0.923894452944852 0.3550493659224036 0.14268492413647924 97.7476497987319 -0.3782315446582523 0.9038532033644939 0.19997571200817008 -40.564230644435135 -0.05796497600419915 -0.23872439030363346 0.9693558309676555 572.5677733255594
0.9239259861559895 0.355215411404936 0.1420661240623711 97.85436279263863 -0.37819402534318475 0.9040584273928475 0.1991171490723224 -40.419954139930134 -0.05770659668012596 -0.23769806764126888 0.9696234203747385 573.3427342811697
0.9238896014696562 0.35589245406421827 0.14060073056847486 97.9596707517229 -0.3783586125241367 0.904538923690222 0.1966064491773969 -40.27914899573253 -0.057208081815875896 -0.23484015131463937 0.9703490808494993 574.1005274863708
0.9239520137014223 0.356156561904118 0.13951766837832902 98.0673778443751 -0.3782540407861805 0.9049791144181809 0.19477341475625168 -40.13520388908559 -0.05689074622480277 -0.23273441060471217 0.970874933817155 574.8721622554503
0.923511885805862 0.35743455323972706 0.13916298690965942 98.16750676347097 -0.379375152450114 0.9046847705784469 0.19395865432322215 -39.99645860616316 -0.05657110993038159 -0.23191810199667326 0.9710889266630054 575.6247970345876
0.9232103014576882 0.3584299077478213 0.13860281567952915 98.26281622073044 -0.3802349801428401 0.9042646778749631 0.1942337566528093 -39.86620642685743 -0.05571444299443761 -0.2320202439003486 0.9711140547135774 576.3470553448236
0.9232952392802448 0.3585683282586376 0.13767590599753513 98.34787633581395 -0.3800865225494172 0.9045811736502302 0.19304697784182717 -39.7487595570698 -0.05531850051048737 -0.23056811194824328 0.9714824801579781 577.0014658945869
0.9235557327621133 0.35818310192639147 0.1369294489020709 98.42309922203809 -0.37954835601407433 0.9047590001681157 0.19327233910160138 -39.64421545658917 -0.05466126534623229 -0.2304691239823231 0.9715431688615653 577.581967483815
0.9238634526158168 0.3574087319359247 0.13687702238410013 98.49869963338998 -0.37879927781925626 0.9049904530021375 0.19365791256386866 -39.54312403858699 -0.05465736953416455 -0.23076238495677673 0.9714737740385321 578.1530273275782
0.923700259190431 0.3572563304135883 0.1383681522278472 98.56957556589377 -0.379024386759812 0.9047958686064921 0.19412611981382383 -39.45095780371922 -0.05584214728035961 -0.23175925123291155 0.9711690398973196 578.685847206588
0.9222526203124436 0.35924894470334096 0.14279460793870583 98.63353862126311 -0.38190261812060916 0.9039778487076459 0.19228738731003608 -39.369989815746926 -0.060004121520594506 -0.2318711814250139 0.9708940522143046 579.156356294862
0.921223880960502 0.3594079814056268 0.1489042109881544 98.69839137436476 -0.38326547653219684 0.9041178667145596 0.18888742040183884 -39.29857225862257 -0.06673931110388849 -0.23107744586922732 0.9706436412834195 579.5816215607668
0.9207153866425436 0.3584409983526509 0.15428294623719024 98.7611695010107 -0.383362063253911 0.904680527677878 0.18597492115384764 -39.235558115377074 -0.07291574080662282 -0.23037620003036452 0.9703659625121822 579.9627607267083
0.9201155340542602 0.35791043647439785 0.15902051268547324 98.81821349504791 -0.38371350084499295 0.9051342737065293 0.18301884009858796 -39.1804929472198 -0.07843056331128667 -0.22941679542801371 0.9701631722108492 580.2986871805109
0.9197072625816591 0.35714911653782744 0.1630431222431715 98.87233838926588 -0.3835917724224345 0.9059159678586813 0.1793700401641344 -39.12970669365324 -0.08364151651165336 -0.22750992887106575 0.9701769575601743 580.6074224892161
0.9190172596870602 0.3569680557286314 0.1672754721607702 98.9293406461925 -0.3841806965835946 0.9061314274581131 0.17700573026110059 -39.07595408975912 -0.0883881709836415 -0.2269353285895396 0.9698906576867967 580.9351270605422
0.9185682515673578 0.35640378948860774 0.17090554716172576 98.99523437357873 -0.38431190750584593 0.9063884360584507 0.17539772156083835 -39.01701596160918 -0.0923943989736845 -0.2267958152560923 0.969549861131762 581.303863657951
0.9184178096862299 0.3558846089207085 0.17278562435718917 99.06492358324117 -0.3841250837906005 0.9066838351005062 0.17427662829622814 -38.953909561188716 -0.09463956283719342 -0.2264300516733412 0.9694187871323704 581.6908940113865
0.9184242274125366 0.3552554500156498 0.17404167241170945 99.13388838660552 -0.38376838258227425 0.9068843161637008 0.1740191530449486 -38.88960365273437 -0.09601441054275907 -0.22661509731364823 0.9692403368812378 582.0751580363652
0.9185996932163171 0.3548681562687647 0.17390570804115912 99.20539647794448 -0.3832434647340174 0.9073203080792679 0.172899697181943 -38.82458678525684 -0.09643158383826844 -0.22547383487524486 0.9694650583827644 582.4692776542071
0.919589672049539 0.35259856351982377 0.17328903041906446 99.29259107972723 -0.3807432025474722 0.9085949415851678 0.17172607792568773 -38.74834522719669 -0.09689916807547402 -0.22389614809013927 0.9697840306463509 582.9336303008455
0.9191947887566225 0.3539473013375053 0.17263327662581918 99.38797212609161 -0.38209670328367246 0.90769794733861 0.17345473685380472 -38.654609569631916 -0.09530503482198778 -0.22540129607695394 0.9695933199359471 583.4957510649235
0.9187597268731172 0.35565165708633106 0.17144230250373757 99.4881885771017 -0.38370080856894806 0.9066328848460127 0.1754722246377803 -38.55210587382559 -0.09302824183855946 -0.22699936327563322 0.9694416100482207 584.1032673408837
0.9185666327490715 0.35684001067537874 0.1700016117018575 99.58912113073175 -0.3847958188360756 0.9056380222287548 0.17819076996259625 -38.44611513920229 -0.09037432714166875 -0.2290960049297769 0.9691994126695027 584.7213675590739
0.9195732924977134 0.35512868236205 0.168132622321518 99.69247679425666 -0.38281781053444497 0.9061660917657391 0.1797596675331238 -38.34114336514252 -0.08851826739454116 -0.22966635168826885 0.9692357211946285 585.3267451872478
0.9201336948355754 0.35481063786187234 0.16572083420102782 99.79266259248685 -0.38216136470230877 0.9059505038652762 0.18222616682332038 -38.23617149320423 -0.08547909075969336 -0.23100453633273718 0.969190502035898 585.9275570054516
0.9191204414792205 0.35831255325315853 0.16379782732456047 99.88468265327975 -0.3853867179189447 0.904036879275419 0.1849172749140129 -38.12904446376238 -0.08182109573153797 -0.23308675443096996 0.969007674480512 586.5371530116477
0.9189565591553828 0.3595577082634979 0.16197869246787397 99.98232614251405 -0.3862007848541254 0.9036416932048029 0.1851503283281283 -38.01836200781939 -0.07979847218687826 -0.23270140680764576 0.9692689302285437 587.165068229793
0.9198029595241848 0.357741102276488 0.1611949732235953 100.09021842490326 -0.38441637158144637 0.9039308379659045 0.1874382389866393 -37.90298139316455 -0.07865474499805648 -0.2343722336716968 0.9689597964688902 587.825952981198
0.9196322747096205 0.35908052864577794 0.15917805520824393 100.2009035470063 -0.38538461286355796 0.9031720436195397 0.1891003960654474 -37.774472256373755 -0.07586289923551134 -0.23524760056496238 0.9689702714469692 588.5511427002803
0.9194942373714581 0.3602402757758823 0.15734449831372618 100.31402303122275 -0.3862536062150533 0.9023378685178524 0.19129694907270467 -37.63927460294862 -0.07306503354238703 -0.23667132219087 0.9688385758865498 589.3125700104133
0.9194102587921118 0.36104675081558535 0.15598083136504845 100.42628357714884 -0.3868241176053659 0.9017880401206325 0.19273150425972846 -37.50507953936054 -0.0710765648203034 -0.23753646966496786 0.9687747661414657 590.0700868848854
0.9191410733494625 0.3620981659661845 0.15512770702206816 100.53605064965613 -0.3877581470903179 0.901065211720228 0.19422951267164096 -37.371395889397945 -0.06945002985661095 -0.2386763549904036 0.9686125597582417 590.8135309369819
0.9185660295478046 0.36373988626825 0.15469241900734207 100.64008758429327 -0.38940627525073374 0.8999111053767177 0.19627214579507432 -37.24127172573032 -0.06781741779317445 -0.24052712436898582 0.968270365283713 591.5256982778777
0.9182932554690464 0.364685336598274 0.15408472419505162 100.74332889802997 -0.39031121883618286 0.8991159569370191 0.19811019265005245 -37.11291763278403 -0.06629215195388179 -0.24206425025482597 0.9679928973592187 592.2145117746586
0.9178580364761337 0.3661761783029702 0.15313925466583875 100.84093456528906 -0.391617699746901 0.8982894454232783 0.19927781985480583 -36.98994700844575 -0.06459258565133447 -0.2428807910983691 0.967903259212566 592.8526179067807
0.9172407724921731 0.3678507222299159 0.15282411927733097 100.93640059977405 -0.3932520826197387 0.897327980700952 0.2003878603268904 -36.868113299294464 -0.06342053920617925 -0.24390231898463008 0.9677238728070727 593.467083670987
0.9166219373789102 0.36922279534575364 0.15322777591808193 101.03421754819982 -0.3948493517082792 0.8960889011572339 0.20277739193108268 -36.741682507718295 -0.06243567386748967 -0.24637209383346942 0.9671621260206723 594.1001075065542
0.9162212980783087 0.3699657665838878 0.15383063577745532 101.13619937990605 -0.3958745002698413 0.895111223570601 0.20508358655446882 -36.60753391721897 -0.0618216223000089 -0.2487995759520844 0.9665799801476649 594.7635428620276
0.9159558419629094 0.3700850695752683 0.15511910537225013 101.25062885803011 -0.3963936765098786 0.89460421445425 0.20628948762279514 -36.46197511024758 -0.06242554602886382 -0.2504402937990658 0.9661173378243648 595.4847073553159
0.9152251610502053 0.3709616357722179 0.15732250114280064 101.37532334758953 -0.39775262457705995 0.8941954591610483 0.20544422712216026 -36.306270256528116 -0.06446513959256008 -0.25060316358929235 0.9659411473668322 596.2636122313367
0.914971061553152 0.37073712655466823 0.15931710364642707 101.50193952871426 -0.39804448524789554 0.8940497536733111 0.20551307919553155 -36.15263883242606 -0.06624608882068471 -0.25145381474672196 0.9655995209015409 597.0515364650207
0.9148867706118765 0.3709307588871666 0.15935045990132088 101.62696391228744 -0.3981030243953217 0.8944849060720705 0.20349627705817158 -35.99998798652584 -0.06705355267747812 -0.24961395177479337 0.9660210640315778 597.8533253740102
0.9143457930147356 0.37134951591382004 0.16146611974908626 101.74641043274514 -0.39908320720826745 0.893935308413042 0.2039908284625603 -35.856779215471335 -0.06858837015573027 -0.2509565727432739 0.9655653442809206 598.6127483292944
0.9137257512834326 0.3720597710579578 0.1633302733782904 101.85498632228834 -0.4003001487860243 0.8932395423504049 0.20465314770001744 -35.729103960027196 -0.06974985536483629 -0.2523779838693112 0.9651115536219884 599.2964964003523
0.9134120704275138 0.37256813517506804 0.16392490429917891 101.96879157132217 -0.4009459445573865 0.8929601906866731 0.20460803354659532 -35.5947550082871 -0.07014798030100122 -0.25261647313861313 0.9650202994542139 600.009887150631
0.9135726758782569 0.37264254571608757 0.1628572964618872 102.09597119066493 -0.4006885297211083 0.8932577679465232 0.20381183025803673 -35.44381190341417 -0.0695245858569452 -0.25145196981814977 0.965369483066455 600.8093886743598
0.9137519938263463 0.3733301223687382 0.160255775279769 102.22659630908952 -0.40082120410227506 0.8927951169287994 0.2055705269003626 -35.28603987690352 -0.06632990366630297 -0.25207439163912126 0.9654319473476045 601.6401954163666
0.913197189008369 0.37546362488569845 0.15842335804705246 102.34111272392883 -0.40267718223457877 0.8911148477178444 0.20920185248802609 -35.141119565593115 -0.06262572071309579 -0.25483601504593756 0.964954208520111 602.3826166504666
0.9125179690811843 0.37716209380232335 0.15830259348032794 102.44708429694685 -0.4045310679635644 0.8894252324860843 0.21278479943203643 -34.99845446946238 -0.060543960526301004 -0.2582082702310699 0.9641902913989906 603.0783942809649
0.9119646758994289 0.37832189414523143 0.15872294831565445 102.5604833993876 -0.4058667513874563 0.8884495068733808 0.21431204785228078 -34.8497269072567 -0.059938385278918496 -0.2598653846644638 0.963782844744265 603.795875499513
0.9115436126490446 0.37874899800823175 0.1601169533387676 102.6769763623915 -0.4067332475527338 0.8877316107468266 0.21564009974040202 -34.70052122054163 -0.06046740918823077 -0.26169024396909474 0.9632558894901503 604.5140854230134
0.9110512659182426 0.3793076560241042 0.1615898912378727 102.79226394840975 -0.4077087807604486 0.8871268050301738 0.21628588000094565 -34.55463200114289 -0.06131183376476248 -0.2629291423149111 0.9628650607234377 605.2155542323795
0.9107016138241595 0.3796377867639999 0.16278120726608186 102.9065896629357 -0.408311702065911 0.886983565689379 0.21573527331661094 -34.4101588507991 -0.06248299395925093 -0.26293593337139337 0.9627879155909698 605.9050338064471
0.9103032626182179 0.37958888999538754 0.1651067674527526 103.0171803696724 -0.4089234093208212 0.8865579828535207 0.21632519120095925 -34.2705191398123 -0.06426208350237016 -0.2644375495854645 0.9622594073290067 606.5811970474608
0.9099339448805929 0.37978519993184523 0.16668358607484599 103.12563272814717 -0.4093363799139436 0.8870749729570178 0.2134050618712047 -34.13598842010118 -0.06681275352050407 -0.26241416552090585 0.9626395284326199 607.2497619396784
0.9091601186336367 0.3801786163953073 0.1699767581812912 103.23444957014284 -0.4104074517794776 0.8872047598742965 0.21079240399090876 -34.007217799311526 -0.07066542443054409 -0.2614037752063662 0.962639321915489 607.8981862471757
0.9081623467891302 0.3804586109928193 0.17462072384420418 103.34341673183641 -0.41175644472486334 0.8870653278656541 0.20873843519136384 -33.88562674595289 -0.07548365453528051 -0.2614695955938534 0.9622556149371054 608.5278475594704
0.9075532015760639 0.38040649857761044 0.177870970506596 103.45940183601384 -0.4123638349702204 0.8873736708553462 0.20621356861603338 -33.75831970465023 -0.07939303444062665 -0.26049733993388324 0.9622046985801317 609.1970168242653
0.9065161274508716 0.3814684068784238 0.18086007084238312 103.58592800410565 -0.41401479502335675 0.8870950404928378 0.20409345563926626 -33.62246015665319 -0.08258486649044282 -0.2598927542018949 0.9620995250700994 609.9104719575366
0.906135865668871 0.3813605592324605 0.1829806459995973 103.71946528052916 -0.41431500952365663 0.8873598312977955 0.2023254869821374 -33.48381274240269 -0.08521071430248106 -0.25914600838340496 0.9620719726231561 610.6411510771327
0.905979590166037 0.3815092949592998 0.1834438335355999 103.85069225022453 -0.41451264869238424 0.8874469177654835 0.2015371733020137 -33.34522616413637 -0.08590835975971571 -0.25862835499650827 0.9621492232056298 611.3730392378347
0.9061587088684367 0.3814367301632249 0.18270855268507302 103.96863579384802 -0.414330242369465 0.8873206849948947 0.20246592858614473 -33.21539305548005 -0.08489313635358937 -0.25916794335445253 0.9620941391243768 612.0514062284111
0.9066875338750524 0.3812169972714417 0.1805306536489597 104.07151132128575 -0.41361927891747324 0.8874466839197086 0.20336537391527756 -33.09549205836101 -0.08268499273366527 -0.25905980813560575 0.9623155448112528 612.6719263104033
0.9066702901549625 0.3825832995094575 0.17770482235092117 104.1695741279122 -0.4142879347271988 0.8869284408489564 0.20426318305732366 -32.976650482738805 -0.07946377847667271 -0.2588203232933887 0.9626513118261033 613.27834849579
0.9072745302198402 0.3832302815973324 0.17316892931815822 104.27144668100277 -0.4137581403151155 0.8871008099173853 0.20458825569150935 -32.85443139128103 -0.07521388261050505 -0.2572677677260534 0.9634086192015869 613.9079828245975
0.9081273127270051 0.3834789762164293 0.16807337290370333 104.36940198996164 -0.41274172498671385 0.8873702372430811 0.20547099676146088 -32.7329287941649 -0.07034950130755435 -0.2559647179889362 0.9641229230811934 614.5260010948541
0.9077217704280427 0.38635644418943 0.16361505286580277 104.45587451501075 -0.41449914005945737 0.8862125862264842 0.20692441833610353 -32.614123351663046 -0.06505113666148753 -0.2556480980705006 0.9645788716180684 615.1213819724893
0.907450596185565 0.3887636860170071 0.15936188978840699 104.54107553453018 -0.41579733398358265 0.8854367741609777 0.20763982280753604 -32.49791653683236 -0.06038205473987294 -0.25468512991117065 0.9651370327925061 615.7120487208381
0.907169676167611 0.3906603884097215 0.15629344058378525 104.63022653372532 -0.4168443668144633 0.8850054871833263 0.2073790286177718 -32.377823607083556 -0.05730578065956619 -0.25327800651254156 0.9656947234608008 616.3297442616439
0.90686931165497 0.3914732875694536 0.15600229709207727 104.7235686082288 -0.41754570643662126 0.8847431994255842 0.20708706890224243 -32.25700210363629 -0.05695291577070669 -0.25293899697307093 0.9658044466637505 616.9630165208189
0.9063018851592457 0.3923782791778911 0.15702286134889484 104.81931758379798 -0.41862820511175586 0.8844713373064621 0.2060603779677852 -32.134117013141264 -0.05802860365120335 -0.25248710761683235 0.9658586551072467 617.6075315672841
0.9056991655924169 0.39328763110934706 0.1582209235897637 104.92044074248183 -0.41972755481647706 0.884307084040371 0.2045232525748499 -32.00570940621992 -0.05947941806190143 -0.25164622058042685 0.9659898438879191 618.2660409502298
0.9053048511247915 0.3927985805484881 0.16165519369637327 105.02364466494322 -0.42012385473430847 0.8841277670474492 0.20448481170706875 -31.878445606306347 -0.06260250165214046 -0.2530362951332925 0.965429210316382 618.9274517979725
0.9035233373698915 0.3961370800528561 0.16346557018274652 105.13078836699322 -0.42367309011575316 0.8830434417632828 0.2018301084343537 -31.744275651728277 -0.06439480988203826 -0.251614176401194 0.9656829783599827 619.6275656715657
0.9030362636432463 0.3965069786825276 0.16525048381562815 105.24907441189403 -0.4244492405047684 0.8828066923290515 0.20123415767200883 -31.603744045017606 -0.06609348515680306 -0.2518621842101176 0.9655035429167199 620.3618417253786
0.9032373633394998 0.3956524572278341 0.1661968668690406 105.37088480526523 -0.4238116011728697 0.883255817136602 0.20060630151029715 -31.461963713958834 -0.0674239733240252 -0.25163126710313377 0.9654717568304495 621.1042118692947
0.9017687855749572 0.3985025220951853 0.16735829004397554 105.48490328543173 -0.42714520087109936 0.8808187156150801 0.20421892075659126 -31.3200624853331 -0.06603055910301672 -0.25564453858037933 0.9645132633398931 621.8474333442459
0.9013045020198269 0.40060266962231383 0.1648262592254868 105.59848755793202 -0.4286013645934565 0.8799005706114287 0.20512400178016116 -31.179157880336085 -0.0628574968275128 -0.25552394590166266 0.9647571964818015 622.5821174608525
0.9022016720237597 0.4005558574192043 0.1599598327227761 105.70624255944742 -0.4274557406884094 0.8798639350406646 0.2076560751995438 -31.042523578954604 -0.05756503061805273 -0.2557234070278303 0.9650346140673002 623.2886648254537
0.9026342661506226 0.40306542899437137 0.15096238445490479 105.80030164365908 -0.42771942814082275 0.8791557684007132 0.21009813344872288 -30.90472959510326 -0.048036156815634015 -0.25421131925493246 0.9659550366352734 623.9752823549209
0.902849957804591 0.4074025085969671 0.13742325014766027 105.88043636315322 -0.42865994801172186 0.8777088965886326 0.21419090041304562 -30.763769016415214 -0.03335569910581307 -0.2522900886639455 0.9670765784047832 624.650968087465
0.903708835775203 0.41108884410125063 0.11965075176247207 105.94344849767404 -0.42794473793889976 0.8758923368976729 0.22288094452944618 -30.628229331666432 -0.013177306713994467 -0.2526233885043689 0.9674749517007342 625.270919443857
0.9035797901097405 0.4156653188792822 0.1037588819630469 105.99267248761487 -0.42837827154647107 0.8732202881798254 0.23233248756469382 -30.490684346461975 0.005968196720602608 -0.25437899086230636 0.9670861955564151 625.8777356486247
0.9026955935951658 0.41952540844672437 0.09559862431792529 106.04694909638017 -0.4299753589279515 0.8711554620706404 0.23708511471466578 -30.330906449044193 0.01618196584630451 -0.25512074116405364 0.9667737850238053 626.5669901114533
0.9016657339856651 0.4219713746441983 0.09454661885534187 106.10189208113721 -0.4320318241942238 0.8696093055188451 0.2390149757618576 -30.161367610850238 0.01863885832082763 -0.25635876176935274 0.9664019754866928 627.2852775108424
0.9004484085702364 0.42348605116018057 0.09925838995311774 106.15705557315464 -0.43467836295899787 0.8678643249453626 0.240554015269781 -30.002410668898918 0.01572845442549489 -0.2597519546796239 0.9655472737062136 627.9554561502339
0.8990975431503125 0.4244822550907782 0.10695056341188336 106.21838962526833 -0.4376608930404575 0.8667927395056333 0.23900478958244095 -29.856388791435755 0.00874932020798978 -0.26169669820875724 0.9651105053529025 628.5778754615625
0.8974059839564389 0.4254540951933906 0.1168388327669743 106.29253022371722 -0.4412021863564999 0.8664224276285305 0.23377939955549246 -29.70369273659193 -0.0017693822145139523 -0.26134458055497495 0.9652439481815596 629.2288836112468
0.8961700886085178 0.42467010604752864 0.1285864429595204 106.37919481317151 -0.443499276262876 0.8662496358139392 0.2300433880956398 -29.546525747426323 -0.013695409366190694 -0.2631859978832403 0.9646478975670332 629.9203806380705
0.8953213488810964 0.42315705715255136 0.13906037257150694 106.48031590040769 -0.4447574858961369 0.8663350228413886 0.2272760588750085 -29.38395545453099 -0.0242994028132943 -0.26533324929303786 0.9638505101116654 630.6494829620749
0.8947276482361726 0.4219512557724273 0.14635427302897377 106.59412121351279 -0.44545679660687704 0.8666921906290337 0.22452814758819092 -29.21602496184834 -0.032104171668311345 -0.26608604708762346 0.9634145201868075 631.4131250253166
0.8938930508297571 0.4218250577108776 0.1517195912381917 106.70918438690555 -0.44664539136366266 0.8669512500294715 0.2211411866793155 -29.053302231179025 -0.03825059544466096 -0.2654414262310055 0.9633679157977914 632.1511016130191
0.8935756325494636 0.4210808721997368 0.1556068378360505 106.82408662680285 -0.4468464201328579 0.8675369992632498 0.21842122544241013 -28.8940520285863 -0.04302168904490941 -0.2647082431221661 0.9633684032055967 632.8869954604273
0.893355042996417 0.42102287530807186 0.1570239014296669 106.93796243296791 -0.4472039221932825 0.8671582267672338 0.21919229394495124 -28.73509909634408 -0.043879598081751854 -0.2660382457791158 0.9629632561292027 633.6356844015921
0.8930941831859076 0.4208770456947759 0.1588876721672711 107.05615442070712 -0.4477145653996894 0.8660641859007264 0.22245110435571672 -28.571766198244212 -0.04398235883243923 -0.2698061124351122 0.9619096702935197 634.3879943801313
0.8924075882405322 0.4209870814208489 0.16241481991330856 107.18141413612538 -0.44901762923615224 0.8641133142585005 0.22735731515905575 -28.39809993321025 -0.044630315771499965 -0.2758225106802281 0.9601718999825986 635.1892090522758
0.8921647332142425 0.42136721135181354 0.16276290119789477 107.30862236311792 -0.44946895676620424 0.8639551927061585 0.2270662500231225 -28.224271927830756 -0.04494158110548822 -0.2757373717754983 0.9601818349115343 636.0022525304905
0.8920385536230957 0.4215863974581206 0.1628868574449732 107.4340231231864 -0.44969114558113077 0.8639767408729642 0.22654373709387737 -28.05551335659179 -0.04522269823824408 -0.27533452509413575 0.9602842323266799 636.795436131033
0.8919326672518766 0.4216135574294523 0.16339560973488632 107.56047422710216 -0.44987771587928593 0.8637749437166676 0.22694247588872118 -27.88589772351417 -0.045455009011014964 -0.2759254515244078 0.9601036336546497 637.5843496461009
0.8912465523827466 0.4229597997293838 0.16365998496501097 107.6889411541629 -0.45123222845558325 0.8631948074753082 0.22646015179424536 -27.711968750723663 -0.045486908763708984 -0.275680489263466 0.9601724891760748 638.3872124507283
0.8901898976277208 0.42486610492833427 0.16447108878028857 107.81978336162727 -0.45325890698774685 0.8623812721780101 0.22551032045764285 -27.534533206022456 -0.0460250953048729 -0.27529499501382415 0.9602574427321651 639.1982154291715
0.8893720608956045 0.4252918379488506 0.1677623017021213 107.95664219915001 -0.45470513873867213 0.8610062379297149 0.22784094243740052 -27.350162156905245 -0.0475454950857773 -0.278917749202532 0.9591372764504793 640.042304582293
0.888689899031622 0.42658228043471924 0.16810062872660508 108.08356179737258 -0.45591115341644073 0.8610954749714486 0.22507688280715268 -27.176395366916516 -0.04873688079532626 -0.27666250378901835 0.9597304702089722 640.8425011685813
0.8885574311288341 0.42631769251113627 0.16946656495517687 108.19870995925878 -0.45604460356668325 0.8609855402128509 0.2252270390119506 -27.026060950509542 -0.04988999041326305 -0.277411471638006 0.9594549829253073 641.5402450231813
0.8883019041517087 0.4263194949977024 0.17079641467358794 108.30170816638952 -0.45645383292980124 0.8605984006656695 0.22587671676244894 -26.89321254407333 -0.050691473485618345 -0.27860739573204885 0.9590663655656285 642.1559320622181
0.8885950298406762 0.42541298755479756 0.1715303558037151 108.39689273602956 -0.4558519543274392 0.8605743606772928 0.22718002878933183 -26.772254269163962 -0.05096929152248047 -0.2800634923808688 0.9586274414792896 642.7133275602328
0.888634438137101 0.4249544922744379 0.1724601833831017 108.48649525371894 -0.4556781297764002 0.8606326281475323 0.2273079880060359 -26.65578197378589 -0.05182931024277955 -0.28058004003072773 0.9584302602360353 643.2591034700683
0.8886645537420328 0.42456218041040344 0.1732693449160503 108.57895442243603 -0.45548978387420974 0.8609140588823316 0.2266187106241964 -26.53567987449423 -0.052956281107160844 -0.28031043181428633 0.9584475437432082 643.8272374033472
0.8879915099874923 0.42586879747611367 0.17351324308646185 108.66793984643249 -0.4567598296837974 0.8605488940339645 0.22544635495866247 -26.415200429340533 -0.05330606135668687 -0.2794483285209769 0.9586798712341208 644.3881238684758
0.887498287243341 0.4270480940523269 0.1731378511660885 108.75292721920401 -0.45761880263496846 0.8609234787357053 0.2222516484450625 -26.297682253362265 -0.054146298258286304 -0.27647909347342126 0.9594933502932894 644.9277222871428
0.8866053956038985 0.4288835487557458 0.17317555858934588 108.84377948277653 -0.4592330829255848 0.8608636589083754 0.21913177842920423 -26.173985360044718 -0.055098530222855456 -0.27381136276195833 0.9602038791786469 645.4968385492442
0.885878659188608 0.4299540418580273 0.17423697392958667 108.94048405730628 -0.4604320548392705 0.860805742304734 0.2168312636399132 -26.049280364548583 -0.05675670947722855 -0.2723104770388763 0.9605340597939139 646.0889893345218
0.8860543911698833 0.42877537092765655 0.1762364808273748 109.03076169244619 -0.4598615341902777 0.8610156090524506 0.21720840301470928 -25.94040341781054 -0.05860874730561105 -0.2735028377437553 0.9600839611645334 646.6322718793126
0.8852854994847894 0.42948681928875043 0.1783554217263909 109.11368286455897 -0.4610640358427832 0.8606787903546423 0.21599068194260856 -25.838857152424037 -0.06074157764112739 -0.2734466893032363 0.9599673790576257 647.1351109110726
0.8851774279682892 0.4278146725081131 0.18285384054544693 109.19931219538277 -0.46050624819586905 0.8616434045548514 0.21331816322031277 -25.74813576211393 -0.06629416556538278 -0.27302975913606803 0.9597186224295595 647.5988140733722
0.8836284033576037 0.42748061459781406 0.1909480791282451 109.28405176557301 -0.4620780101167096 0.8619472089516921 0.20864065171238455 -25.665832954258782 -0.07539732983518342 -0.2725937143872942 0.9591704277813531 648.0331089187873
0.8808162731067222 0.42874043795776867 0.20085898010834444 109.36553850043745 -0.4656625183555883 0.8611589713611744 0.20387163864278401 -25.590757663678048 -0.08556349705988563 -0.2731059554530865 0.9581711877670611 648.4415368404701
0.8786625647090571 0.4276543386685965 0.21228250987028283 109.44853792333379 -0.4671345479744496 0.8619353115796987 0.19711121921573307 -25.527816756105246 -0.09867832319010197 -0.2723587437001639 0.9571224076691858 648.810745691601
0.8753893371445184 0.4263862565707983 0.22778996602401422 109.54024405816985 -0.46923220536001775 0.8627708396036932 0.18827537221450666 -25.471211468385217 -0.11625250907682264 -0.27170064139982864 0.9553345568942149 649.1761538550644
0.8724369213241339 0.4229427495355263 0.24489436278892912 109.64271085551903 -0.46926951068373945 0.8649271295011388 0.17800895200961808 -25.42123894770874 -0.1365281826331579 -0.2702230398545761 0.9530684991534659 649.536840870822
0.8695030780281588 0.4182368449251632 0.26275908898951905 109.75595932779112 -0.4680266643439138 0.8676564483985223 0.16770011632545262 -25.380841180626277 -0.15784625039154154 -0.268794027276474 0.9501759479895424 649.8839595275244
0.8645960173342325 0.41582148081475984 0.2820748533683985 109.86672916034429 -0.4689485610383574 0.8693764267135164 0.15579433807070925 -25.352409172495946 -0.18044659572804408 -0.2669777608113768 0.9466582811776929 650.1858335729711
0.857415697171869 0.41572786578986026 0.30332929935811537 109.97118252027359 -0.4724244046736991 0.8696003106760408 0.14356351047823 -25.334516736063737 -0.20409190114255246 -0.26639377109448287 0.9420089461412136 650.4418886704485
0.8491942827038662 0.4138215766261068 0.328056051524353 110.08981308743434 -0.4752265395416904 0.8697500620550642 0.13302092192749507 -25.318878768086925 -0.2302798435345555 -0.2688615485224574 0.9352457759262043 650.709268559303
0.8404418865400175 0.4090599541729237 0.3554256451652039 110.22333501459082 -0.47562541753119647 0.8711361146023068 0.1220751081665324 -25.308405268152313 -0.2596880774069818 -0.27164650509005467 0.926698591088292 650.9685998970522
0.8308975010053776 0.4045115675822455 0.38207294397166147 110.3573067938668 -0.4756349057386683 0.8726832356024457 0.11043281550976271 -25.3042879030584 -0.28875730166697083 -0.273485579127309 0.9175101409485409 651.1981288797376
0.8207416021131706 0.40209071837531696 0.40584021086768474 110.48888188469934 -0.4767868714642359 0.8734437497592086 0.09884480363639747 -25.302712635205012 -0.3147340174815167 -0.2746253269510903 0.9085831981920819 651.4043933202398
0.8093386819769262 0.4015785354429415 0.428608886664 110.61734098525288 -0.47966484240204615 0.8730526247804878 0.0877539362497192 -25.300129570077136 -0.3389580163077367 -0.27661126917644147 0.899218365551618 651.6077854697454
0.8008563386722971 0.39921890456026193 0.44637808083518926 110.7662005327919 -0.4797669953551981 0.8738078118876965 0.07926877097495641 -25.289313347532826 -0.35840306217477014 -0.2776403683287775 0.8913265792615014 651.8683826708726
0.7998345998117949 0.39508637768598026 0.4518532583824929 110.94315530206211 -0.47609958624984966 0.8760333486814803 0.0767773141665727 -25.26735489720137 -0.3655048521109282 -0.27653630171259896 0.8887822438136845 652.201134304009
0.8023810337640571 0.39470323454484463 0.44765392134500426 111.0873642378961 -0.4761813310726445 0.875560376048716 0.08151912555538181 -25.236360454845133 -0.3597721731785423 -0.2785738403606248 0.8904833512610569 652.5093991313308
0.8088372829927037 0.3949142529470134 0.4356890892141805 111.19296561707259 -0.4752059228959345 0.8753887543570116 0.08873477103087322 -25.20603343567075 -0.34635470328206525 -0.2788140268433075 0.895712653672936 652.7595097232117
0.8189483788981373 0.3944175018454053 0.41684336019438 111.28591192867897 -0.47228932811478036 0.8758492644841784 0.0991506754964969 -25.17755368366437 -0.32598518869575294 -0.27806995547982505 0.9035545122517199 653.000016167101
0.8332167247048807 0.3927902522245947 0.3891859548203266 111.36691307794831 -0.4671270860702748 0.8766367029936193 0.11532725794004438 -25.146293311472615 -0.2958752695504784 -0.27789190114469803 0.9139113283829117 653.2378777279663
0.847968665097709 0.39303151563217575 0.3556337592696777 111.4407134781345 -0.4628413395028372 0.876033404376034 0.1354376936622662 -25.100968154133295 -0.25831577083026047 -0.27944892581151404 0.9247601096517736 653.514220356435
0.8614441785861932 0.39516661871967257 0.3189941545383216 111.5156397329437 -0.45913449151004715 0.8744489349689221 0.15663517752256972 -25.048263594044048 -0.21704710522320209 -0.28139368077726484 0.9347235690474762 653.8154137821175
0.8733855029355498 0.39762458325207056 0.28123380674384185 111.57188667723739 -0.4548041687086199 0.8724339677696027 0.17891936733357766 -24.984246652958852 -0.17421518701674618 -0.28417188931244336 0.9428124977625815 654.1259082299921
0.8841017145331042 0.39874936721684606 0.24364544014569453 111.62675723242907 -0.4480273120640185 0.871485882691045 0.19945897802530557 -24.91634899639464 -0.13279942019571386 -0.2855018360963263 0.9491327702599409 654.4434112241214
0.8927894005330324 0.40051078209710894 0.20619941736054792 111.67045317836623 -0.44118998055856856 0.8698611426260944 0.22066488983060703 -24.839866082284164 -0.0909861931866568 -0.2879803916470463 0.9533041522390507 654.782046862526
0.9001759616856411 0.40111837845026066 0.16966815986732275 111.702741845283 -0.4326626988525473 0.8682085524725495 0.24293393841772856 -24.75094437451825 -0.04986208003043908 -0.29209237559880313 0.9550894288453239 655.1509185564149
0.9060149023696062 0.40206383080534636 0.13221827650639395 111.7330380555735 -0.42316034342649655 0.866775082867365 0.2638868686983883 -24.63868673501434 -0.00850414224731273 -0.2950349668740992 0.9554486108034476 655.5962181909185
0.9099937871992378 0.4041184529078818 0.09273393811397715 111.746236784368 -0.4130833813100339 0.864400635163383 0.28665948792008905 -24.50522721774027 0.03568511376270402 -0.29916520176731576 0.9535338246267225 656.0599832077396
0.91171504035046 0.40643980512076416 0.05985290312217843 111.73598515672643 -0.4044105673969069 0.8622670621906419 0.304873098909743 -24.373431476534083 0.07230337596869327 -0.3021625361862611 0.9505104015995919 656.4831742685215
0.9125867377450336 0.40715313445574436 0.03757354381394085 111.72824276612614 -0.3971644095314742 0.8608383996767697 0.31814726376860786 -24.250135796205075 0.09718990633492511 -0.30525984790797406 0.9472964411216852 656.873877497963
0.9125384149629479 0.4085683871403051 0.018588013516212868 111.71048404432229 -0.3915741063516598 0.8596534743893262 0.32812440202651455 -24.137514602219312 0.11808200731613776 -0.306704706517407 0.9444516200146328 657.2131428554434
0.9109516619355585 0.4125005346510418 0.0032215725114769023 111.69103813428654 -0.3902788648319822 0.8592962143523101 0.3305940466270478 -24.015718052192323 0.13360193592273092 -0.3024125078636666 0.9437675549653675 657.55818027821
0.9117207068110769 0.4107930218034693 -0.003800790639210497 111.68077778434228 -0.3863785428701606 0.8606044629856003 0.33177037224381006 -23.8741005244548 0.1395599311458709 -0.3010133743321706 0.9433525184636558 657.9755066260055
0.9111615882161703 0.4120282873309087 -0.004153383986877704 111.6744924191865 -0.38897814562092575 0.8634265169610463 0.3212330182870688 -23.717616861266222 0.13594323222834684 -0.29107961152865514 0.9469910756515283 658.4485876622649
0.9092292492065726 0.4161483591807702 0.011077704563819986 111.68548374472418 -0.39947854995061116 0.8647028770192543 0.3044763087729159 -23.578595136763195 0.11712839329815783 -0.2812640709827258 0.9524554907488422 658.8985955142529
0.9068464836009249 0.4200403063278628 0.03457739493702258 111.71689872539984 -0.4117035235372463 0.865313607543861 0.2858890856721248 -23.475442621488334 0.0901646487690838 -0.2734931473719639 0.9576386763560286 659.2769896434877
0.9058545849938844 0.419244765984689 0.06050865260439148 111.76275388258914 -0.4188813627979734 0.865363806003327 0.27510704672899083 -23.37744563327161 0.06297519151276101 -0.2745529265075826 0.959507590277458 659.6647481742236
0.9046786242508886 0.41696648686701027 0.08772420220954397 111.82031385267837 -0.4244577225246364 0.8638684607770625 0.2712322330842442 -23.26992081208264 0.037312579818572465 -0.28261321855930693 0.9585079760141976 660.1164174252019
0.9027235328207955 0.4156828647471388 0.11089625443247508 111.88382351080588 -0.4299008479240565 0.8616243943690469 0.26979374340845763 -23.149925051307868 0.016597718087700657 -0.2912235549947559 0.9565110332717021 660.6338832821721
0.9010887159909788 0.41486671752553067 0.12619323517256684 111.95750242773532 -0.43363402199808726 0.8615417796734344 0.2640213946688637 -23.017280019896646 0.0008129449494581951 -0.2926283796331474 0.9562258993322599 661.1953715467048
0.8991379649374105 0.41509010589685086 0.13874841979190752 112.04341716373486 -0.43745687989212545 0.8621360515923705 0.2556421459379537 -22.871180990981827 -0.013505489374996967 -0.2905540096630178 0.9567632775276683 661.8035554040997
0.8973969649124838 0.41368646369778994 0.15343466726616206 112.14470241493993 -0.4403168187598121 0.8619477396638888 0.2513308441189614 -22.71704139071916 -0.028280496514400174 -0.2931034012793582 0.9556623931469586 662.4491896543225
0.8949227387165755 0.4129498288405385 0.16907315159005118 112.26006281519278 -0.4442408710292448 0.8601766150786182 0.25049199464068006 -22.56258170918234 -0.041992144922614966 -0.299280186000442 0.9532408038016104 663.1198149984681
0.8939267532181137 0.41092748607868496 0.17897921964846183 112.39224892936885 -0.44507411899141813 0.8609999354341427 0.24614658191088706 -22.39521154714289 -0.05295270044988155 -0.2996960332861493 0.952564065639479 663.856719715596
0.8925976577490233 0.4114533138001385 0.1843246916282263 112.54717411106635 -0.44681338485119865 0.8619048979444127 0.2397451689132527 -22.193381348740875 -0.060226410309534566 -0.2963547156066773 0.9531771409548776 664.730081197209
0.8898947119359074 0.4140461467038558 0.191450228697163 112.70373182625781 -0.451218901186508 0.8606095594596981 0.23612007406957705 -21.9898124170645 -0.0669992901495911 -0.29650796712107375 0.9526773433608993 665.6211040403083
0.8869463565564818 0.4147488816602817 0.20324744956020102 112.871634902623 -0.4551549366316637 0.8596484243286712 0.2320313991878195 -21.797078148075194 -0.07848658644003395 -0.29830848414146255 0.9512370388279756 666.4924667886761
0.8838340664072205 0.4145504105834754 0.21676092854374715 113.06076361845442 -0.45855381032086334 0.859418087559436 0.2261171241102657 -21.606905681867577 -0.09255131602681403 -0.2992465669991088 0.9496766534147054 667.379474751862
0.879866889321438 0.41844951374058925 0.22524267252472333 113.24996821205008 -0.4637287476920092 0.8596240306524751 0.21448117513849949 -21.423460683906587 -0.10387447058742749 -0.2931663868438122 0.9504017908154044 668.220239460038
0.8784877000237239 0.41497031812882423 0.2367678102679697 113.45466306758038 -0.46359154301764366 0.8602026846730524 0.21244816432200989 -21.24746025483618 -0.11550862370208288 -0.2963966537485442 0.9480542081005274 669.0790302552855
0.8768236261301853 0.41430707833967634 0.24398765029720995 113.63991654819642 -0.46462087647237554 0.8606790300991157 0.20822835612299612 -21.09779709524987 -0.12372457236117734 -0.29594129820842097 0.9471594259726079 669.85281492631
0.8747065696673837 0.41655238644199194 0.2477347903105242 113.79910407076454 -0.46712469666556417 0.8608347061477066 0.2018864196935855 -20.970958299627878 -0.12916243550593587 -0.29231441640991945 0.9475596800271238 670.5031775707367
0.873937201250946 0.41553868199521715 0.2521138077046574 113.98671294610064 -0.4669559966765362 0.8617568717977038 0.19831084457804363 -20.829211012680002 -0.13485497928325946 -0.2910372788408944 0.9471596681063871 671.2245007815967
0.8741692465647722 0.4115247339051809 0.257828473494779 114.21189523580145 -0.4650385785777991 0.8623222749816841 0.20034823309615452 -20.665679640002548 -0.13988298250580924 -0.29503845080714736 0.9451904907216323 672.0590963840706
0.8743528846569606 0.40893072568819594 0.2613095763269626 114.42736718114364 -0.4637493692604385 0.8627163594313816 0.2016358243963775 -20.51211815838444 -0.1429809623782104 -0.29748301591450116 0.9439599036186948 672.8644939780871
0.8728512668639924 0.4120431560151076 0.2614404397086127 114.6191325678527 -0.466205117093363 0.8623931791792799 0.1973088779072455 -20.372422357211285 -0.14416467920364315 -0.29410617485214896 0.9448376067790434 673.602375264938
0.8719868923986914 0.4132025131751393 0.2624929381728603 114.81335674428777 -0.46732043027683545 0.862313919622636 0.19500338322941338 -20.234694650015904 -0.14577542636105778 -0.292708706961022 0.9450244112923543 674.3320903774901
0.8719042568123797 0.41343980831982313 0.2623937725040724 115.00791815997759 -0.46754022367880455 0.8621719960376002 0.19510404529612344 -20.099904412164328 -0.1455647834980255 -0.29279169070348765 0.945031173909183 675.0680484768538
0.8722973852914339 0.4123630929117788 0.2627811850531896 115.20894409172845 -0.4672400561649744 0.8613733978416482 0.19930529196607713 -19.960685987735175 -0.14416657562930899 -0.2966353807201086 0.9440463173893309 675.8274602750486
0.8727537716605844 0.41232503825906336 0.2613214818511586 115.41672979936665 -0.4666330865291688 0.8618807805655907 0.19853232141872423 -19.812426973481166 -0.14336811573180205 -0.2952110819673082 0.9446142072164732 676.6225191205087
0.8718567182030217 0.4156161782000506 0.2590927543229255 115.62369849017593 -0.46883722386758586 0.8612342906591386 0.19613045176357485 -19.6568588001309 -0.1416245756936056 -0.29246997967523614 0.9457292374397523 677.4356572322425
0.8715946755372227 0.41620788825954613 0.25902454579767464 115.85687369248629 -0.4697685391663249 0.8601601591491156 0.1986001516165173 -19.481945528334897 -0.14014364482452354 -0.29478041719743897 0.9452323864808081 678.3435489666939
0.8714660538809006 0.4157661995598652 0.26016414863850207 116.09622726143604 -0.4702219453680927 0.8590676112457009 0.20222304864394203 -19.304013217867055 -0.13942108530455255 -0.29856541429333455 0.9441506523645219 679.272178238945
0.8719166371223893 0.4164801318310823 0.25749888873381016 116.30768207600582 -0.4698796141618772 0.8596053094566174 0.200728324232224 -19.149004307284063 -0.13774805299629772 -0.29601184392513114 0.9451996943248422 680.0949016763988
0.872604838101245 0.417827782946563 0.2529441446649026 116.52054250618319 -0.46946688784549273 0.8603886109733216 0.1983236731307285 -18.99107480481972 -0.134765120632044 -0.2918070970784584 0.9469355734978362 680.9196513861167
0.8729610252993605 0.4182622201016785 0.25098956859579585 116.73963340417038 -0.4697309912658879 0.8595311695016629 0.20139256316822746 -18.827250870034085 -0.1314984568451565 -0.2937054372849058 0.9468079382623632 681.7777608282456
0.8723049354108228 0.419570874986782 0.2510864005093577 116.94794227005303 -0.4716687855546827 0.8573986113793512 0.2059033218239309 -18.6632677693465 -0.12889009423261588 -0.29804010144204635 0.9458115253797261 682.6208401033678
0.8712129609011984 0.4220385168938869 0.25074183339796796 117.14490512861053 -0.4740684413818357 0.855929140769377 0.20650525142860449 -18.506602751888597 -0.12746407197153817 -0.29877884168696256 0.945771702958295 683.4216886755287
0.8705332100976791 0.4237980792982572 0.2501342001808967 117.33575584945335 -0.4753199738504211 0.8557511501250671 0.2043548177030775 -18.354070230953184 -0.12744745025251095 -0.2967914369430689 0.9463994877330629 684.1952592155723
0.8708429694484597 0.4220233849065413 0.2520491720958694 117.52369174621546 -0.474518199884101 0.8555761495988126 0.20693460371919634 -18.20575831568501 -0.12831601825548797 -0.29980946420967813 0.9453302516207577 684.9567019864604
0.8715123002692151 0.41925174398691994 0.2543507138645116 117.71210826511663 -0.47255924224608026 0.856578852135071 0.20726898620578194 -18.061739316481603 -0.13097355858062887 -0.30083325155123536 0.9446402922350072 685.7174690033424
0.8703337831561134 0.4210841368135575 0.2553571139035443 117.89961542393952 -0.47390970882372957 0.8571367262387646 0.20180738444194538 -17.911059419627204 -0.13389807235272955 -0.2966559998662981 0.9455509102970354 686.4849339660717
0.8679721692064503 0.424481494228015 0.25775914055761434 118.08003056272032 -0.47738397425301893 0.8562078442173359 0.1975162490204116 -17.765360414227604 -0.13685340554565584 -0.2944886900352075 0.9458052425483303 687.2301222851755
0.8671228436133837 0.42455305854119973 0.2604854594159741 118.25794473187852 -0.4777523327993413 0.8568389750904358 0.19385478913546825 -17.6373026041835 -0.1408924504316268 -0.29254345189951286 0.9458158627143505 687.9293584030789
0.8647555801584952 0.4268630541435956 0.2645481422953961 118.40849085697431 -0.48039955794542183 0.8566439560565514 0.18808880157420926 -17.53282069350459 -0.1463354068931685 -0.28973965134061525 0.9458524637227687 688.5169708648142
0.8620722617451255 0.42732808939249683 0.27243736811568425 118.5335071512387 -0.48243258218901836 0.8566214343040507 0.1829167076384894 -17.458125609962316 -0.1552102418401611 -0.28912008284971713 0.9446265709373696 688.9780735449984
0.857940604444475 0.42749751208864634 0.2849277038188208 118.65004355849861 -0.4848394088862835 0.8571514488247096 0.1738451649270063 -17.408060897818206 -0.16990781864366908 -0.28729300537207136 0.942652673166546 689.3598467763328
0.8516893567577918 0.42672498465502157 0.30418913040519635 118.77903258316569 -0.4879296713676128 0.8574838299764712 0.16323638420393052 -17.36744709845546 -0.1911802170325012 -0.2874495934943237 0.9385216331099437 689.7376101026562
0.8438494799110242 0.4256888109974055 0.3266605140593338 118.9245277147369 -0.49069537310970657 0.8585325990803166 0.14879458029484735 -17.33300092530512 -0.21710851218370525 -0.28585103202194234 0.9333558171615851 690.1242918149711
0.8335493740546149 0.4263053706166706 0.3513675739116259 119.08645016504609 -0.4952034449292257 0.8585112847258507 0.13316126361894517 -17.29921178851336 -0.24488566545102136 -0.2849949209753577 0.9267194321232624 690.5302267984313
0.8223442334056541 0.4243360099677181 0.3790632037393538 119.27857077528633 -0.49901629657098184 0.8579381645435695 0.12216726884149672 -17.27004035345545 -0.2733728178532968 -0.2896222651390699 0.917271086426834 690.9711127456899
0.8090677243456492 0.42169219334710917 0.40937160562532415 119.49311928326163 -0.5017605952431333 0.8582964066038841 0.10753410376301141 -17.24818883554626 -0.3060158859984429 -0.29240891313529144 0.9060084464482808 691.418988841005
0.7939951887127454 0.41725672325045654 0.4421181597755318 119.73875830836472 -0.5032703218330197 0.8591078663378907 0.09301966006411308 -17.232476372751066 -0.34101411035777335 -0.2963621111050583 0.8921204378548063 691.8649015012568
0.776389708808211 0.4133167831757488 0.47580274988901794 119.98914403157896 -0.5080777130337618 0.8571598632091479 0.084463047669704 -17.221001403581305 -0.37292902484934976 -0.3073210140041258 0.875487142553442 692.3038822366599
0.7569305975884387 0.4097607855836368 0.5090699058403363 120.23400061194198 -0.5088860135569372 0.8583169449351392 0.06578029525120258 -17.227023743644057 -0.4099891408812447 -0.3088496731989339 0.8582078907376536 692.6721884831193
0.73755368746628 0.40533814457999645 0.5401069770456016 120.49399460806124 -0.505045886952245 0.8620336880007232 0.04273842328034004 -17.250425411223205 -0.44826689614281895 -0.3043006889580042 0.8405104880500712 693.0112379151298
0.7158319830308489 0.40909896857970895 0.565882148487775 120.77828905974694 -0.5078049106258278 0.8612459987019818 0.019735816783672033 -17.26738716765272 -0.4792898338317031 -0.3014852627025784 0.8242498963049602 693.4108155328888
0.692155199950823 0.4129312815999685 0.5919534912957632 121.09309764856951 -0.5108880030755258 0.8596442103425882 -0.002297811560440128 -17.293224899591944 -0.5098182298570167 -0.3008314948616154 0.8059688481602659 693.8276124426228
0.6690106815425937 0.4093396050206781 0.620375528001733 121.40256485323279 -0.5056558881549991 0.8624085193531315 -0.023741704263095686 -17.33067716056432 -0.5447355603924694 -0.2978130848513095 0.7839454928343239 694.1733719629713
0.6473192491217293 0.40616654897766097 0.6449856775216464 121.71527303849135 -0.4975998608528446 0.8661828808355815 -0.046060779700307246 -17.370827357652114 -0.5773839001874874 -0.2911287540572877 0.7628052702789478 694.4872651034214
0.6239565434901243 0.4086030524255896 0.6661244458690485 122.06249514915156 -0.49705207906378085 0.865269773122532 -0.06517246672370788 -17.41181833425312 -0.6030070169859004 -0.2904337536667727 0.7429877335439639 694.8480884094488
0.5991412196540721 0.4101038614050988 0.6876369840054111 122.43665070826137 -0.5004942376989524 0.8622068438336807 -0.07813370896421847 -17.465071873607645 -0.6249282494347491 -0.29734522243847994 0.7218382794999395 695.22483694551
0.5765980861768426 0.4081513588151024 0.7077761760009923 122.80000149227071 -0.49779307036867326 0.8624239375484378 -0.0917987529129621 -17.52660897022827 -0.6478709023487134 -0.2993950905423008 0.70044690994324 695.5615791615838
0.5514713164589918 0.4113760069227172 0.7257059790654248 123.1800055497475 -0.49890321803543847 0.8598638917377023 -0.10830358590358108 -17.59565671123004 -0.6685618641209464 -0.3023307272078248 0.6794270860284531 695.9014254476655
0.529966904479003 0.41132349117591066 0.7415848338280683 123.61019494477081 -0.4955995871180556 0.8598354110945269 -0.12273595673769039 -17.68020386532964 -0.68812508267419 -0.3024831423976631 0.6595360635779338 696.2707362642652
0.5090955135215133 0.4124312879016438 0.7554615747157878 124.09881443830703 -0.491939459038245 0.859654645692593 -0.137802245193243 -17.782629984136168 -0.7062700098074604 -0.30148685360879707 0.6405375479608043 696.6735637752763
0.489563212352838 0.41169078294617545 0.7686602372621696 124.59966782654057 -0.4870176716141797 0.8603110005603916 -0.1505947205259146 -17.889633871125085 -0.7232853162108834 -0.3006254838697834 0.6216773035922922 697.0684421646822
0.47014244660223276 0.40825084243428134 0.7824943000141062 125.10085716299237 -0.4823557152680101 0.8613199076763999 -0.15956497293767694 -18.001555373510755 -0.7391204528702732 -0.3024223310075098 0.601865175813345 697.4481514998562
0.4550836279004019 0.40625321839230455 0.7923744153889012 125.65905669046094 -0.47484541318770124 0.8634941535659264 -0.16999905979758456 -18.130547073375944 -0.7532733402899737 -0.29889156780236703 0.5858695294218934 697.8522419777041
0.44390147916884093 0.407169590555446 0.7982257834213484 126.28726131809542 -0.46966659382046155 0.8643582113342826 -0.17971692504625827 -18.276537289180627 -0.7631282771859561 -0.29512337593946764 0.5749238432464674 698.3004472906558
0.43861019024581427 0.40444769306882883 0.8025229994111277 126.9491022530568 -0.46458603357220973 0.866463793769932 -0.1827575210366332 -18.433554851764868 -0.769272980431639 -0.29268166607616075 0.567940598936815 698.7648312256607
0.43678148367935693 0.4027917444627542 0.8043511335899957 127.63450415359745 -0.4624094084180986 0.8675087269213336 -0.18331979631711434 -18.59867668230538 -0.7716213284515202 -0.2918688392205933 0.5651664411222037 699.2485427140742
0.4354669096132888 0.4028505380333897 0.8050341698574416 128.34851138781065 -0.46103253568344993 0.8679010241793076 -0.18492380395664207 -18.774559777710046 -0.7731866344377308 -0.290618747218268 0.5636693819005445 699.7579739545336
0.43499699460847563 0.4016672189317601 0.8058790603541075 129.05773651932574 -0.4585193360610053 0.8690733205368362 -0.18566524173697543 -18.950324430240947 -0.7749436322338378 -0.2887473095401949 0.5622164690699907 700.2627364664763
0.4355637072460776 0.401002717842228 0.8059038883224225 129.7641756624217 -0.4564730824385556 0.8700345539282678 -0.1862047259869647 -19.124090297563487 -0.7758328311815 -0.28676941129413436 0.5620024224208614 700.760110149443
0.43725918768758787 0.39675507690784245 0.8070872392316972 130.4664189783838 -0.4550361776685617 0.8716794236907269 -0.18198093121803818 -19.29169396377952 -0.7757231979228036 -0.2876810582260364 0.5616877503937302 701.2522910162833
0.4386076877518606 0.3933457066976814 0.8080237937508202 131.23167501774662 -0.45373317711512445 0.8730362842450867 -0.178700448730674 -19.476961953731397 -0.7757251447709985 -0.2882478125051979 0.5613944231607437 701.7917819762241
0.4399992589928158 0.39409487578552327 0.8069014072148878 132.0546849716045 -0.45252291132702743 0.8734323203313636 -0.17983046606367467 -19.6777927663477 -0.7756440335681629 -0.2860161021344098 0.5626465342557012 702.3739520776986
0.44260231615355516 0.3949442802025335 0.8050603736806398 132.92644992070484 -0.4505573371814908 0.874176364982619 -0.18114571156308587 -19.89117554252657 -0.7753072137207534 -0.28255034673678237 0.564857527091114 702.9932539792014
0.4446882098725553 0.39257088038390797 0.8050717358564675 133.8510404031231 -0.44998311508839345 0.8750854374896984 -0.17815912333867828 -20.117387977149253 -0.774446636080042 -0.2830434259403759 0.5657904443309769 703.6580581762764
0.4450019578263009 0.3930725800936704 0.804653468462831 134.7886752104761 -0.4509446797898083 0.8746478700191864 -0.17787635941902247 -20.344752678693283 -0.773706761829074 -0.2836988724852533 0.5664740033316329 704.337450178195
0.44473550112733035 0.39381886570820895 0.804435848933476 135.72316899406738 -0.4519645059298455 0.8740866420094012 -0.17804670072853718 -20.570297281611477 -0.7732647796302494 -0.2843927623429036 0.5667295098284163 705.0148446912801
0.444100587377158 0.3957867865797956 0.8038205570026824 136.61580391252923 -0.4523855217943967 0.8734418061479258 -0.18012981692062552 -20.786990109390462 -0.7733834805334799 -0.2836410246101345 0.5669442311162851 705.6591065136246
0.44373678944791095 0.3965671233559238 0.8036368448271073 137.48227069322726 -0.4523489885616196 0.8732498523681704 -0.18114935243120772 -20.998362280448926 -0.7736136336943301 -0.2831416818700041 0.5668798230225545 706.2846597874039
0.4432973293618661 0.394542635657296 0.8048748886809872 138.36924060777804 -0.4523188905380409 0.8736782518311337 -0.1791477980320376 -21.217531234993864 -0.7738831300933482 -0.2846443762414553 0.5657583229887452 706.9339732015873
0.44249219426352815 0.3943802815409523 0.8053973252671799 139.23667345809304 -0.45315765568667393 0.8733391762836442 -0.17868078313227082 -21.434507704721522 -0.7738532141875557 -0.2859071120134719 0.5651622122821974 707.5778260394602
0.44119521521261945 0.3932043805078404 0.8066827735999672 140.09556906145124 -0.4537802355679152 0.8732620789988516 -0.17747348869768925 -21.647207720691718 -0.7742288291464111 -0.28775624499226415 0.563707427294099 708.2131150436196
0.440473965452441 0.3946949126058589 0.8063489391830657 140.95277836360614 -0.45279221093533917 0.8732382073093744 -0.1800951054620734 -21.85919683975919 -0.7752173240291358 -0.2857813136966138 0.5633534780818754 708.8380915327276
0.44077733650296014 0.39473316997249164 0.8061644150846803 141.79245305491943 -0.4508134251662646 0.8739806245047534 -0.18145281392180138 -22.068163753324917 -0.7761975233890032 -0.2834494531900673 0.5631818642064323 709.4423464384796
0.44099551392256336 0.3912873443250896 0.8077234494993898 142.61764928013955 -0.4492850682073494 0.875325930351738 -0.17873847694265405 -22.273950524778847 -0.7769593838715746 -0.28407521860395013 0.5618143696889782 710.036111599322
0.4403420159625767 0.3887145458373235 0.8093206477240633 143.37974782442814 -0.4489571422341538 0.8759586285637021 -0.17644819489509667 -22.46075077931475 -0.7775193845911244 -0.28565273130022845 0.5602375600455234 710.5837096321504
0.4396831643233246 0.3906933552727586 0.808725798498071 144.06705636950485 -0.4482681613897768 0.8757226098500072 -0.1793476124226895 -22.62744542744272 -0.7782893873713442 -0.2836699010173713 0.5601758802036508 711.0709489072403
0.4389942768719921 0.39250915060816094 0.8082206329725176 144.77879581484075 -0.4487320589101614 0.8750928304173136 -0.18125142056949647 -22.798222072842012 -0.7784109224438521 -0.28310617238250746 0.5602921835783892 711.573098005129
0.4377952332107572 0.39173882901443685 0.8092441063241281 145.52503016776174 -0.44994617668623316 0.8747238092609566 -0.18001859792099534 -22.978364388042472 -0.7783853620562147 -0.2853050075873166 0.5592113024449873 712.1004760532085
0.43693006092149034 0.39338155076350545 0.8089147528522659 146.26745461119765 -0.45016491822776633 0.8742054112897797 -0.1819792440600131 -23.15705931776343 -0.7787449314506873 -0.2846328413773891 0.5590531972445023 712.620844682375
0.4362944402269997 0.3926279782271216 0.8096236361052535 147.05647465436383 -0.45075582047708274 0.8741057005606192 -0.1809928577415672 -23.347553047668832 -0.7787594954368424 -0.28597638881682386 0.5583468037933461 713.1755387936412
0.4352114412328948 0.3922511376821727 0.8103888242115804 147.9045916218641 -0.451652569693393 0.8737706430668734 -0.18037411012630242 -23.55304914946162 -0.7788459139710149 -0.28751331847680195 0.5574362151754345 713.7742255150534
0.4347532687127006 0.38974034375304456 0.8118448495832692 148.77739664856688 -0.45210347325745925 0.8741199847953252 -0.17752943882624175 -23.764172608308915 -0.7788401920883182 -0.2898563724203388 0.5562294837161684 714.389161654191
0.4351669682209107 0.38946642240195 0.8117546523370511 149.60802558880474 -0.45143279554117943 0.8744628100219005 -0.17754781045812768 -23.96503866403122 -0.7789981648754386 -0.2891897296067521 0.5563552456934999 714.9708546018362
0.43509894084996026 0.39021110273351284 0.8114334273215138 150.4135129939558 -0.45099567610242963 0.874455811472004 -0.17868949023305555 -24.158753507159734 -0.7792892991746773 -0.2882053592255593 0.5564583174915338 715.534094306384
0.4349858071175939 0.38964677933896075 0.8117651969363004 151.21801549911854 -0.45057649537220773 0.8747257448174639 -0.17842559561797686 -24.35227226966194 -0.7795948751911848 -0.2881497157803684 0.556058964383577 716.095065003984
0.43474600561925025 0.3894959067353349 0.8119660394588718 152.00136803661488 -0.45043362196819137 0.8747922280503214 -0.17846038760287686 -24.54346243805913 -0.779811171245147 -0.2881518633970163 0.5557544789042204 716.6409896885983
0.4342113351431891 0.3891029583404424 0.8124404004257083 152.79237330926847 -0.4509224339327889 0.8746541006869496 -0.17790211557941465 -24.73687103474261 -0.77982656726307 -0.2891004876547576 0.5552399778730637 717.1934550980619
0.4334958180439415 0.39049510551061384 0.8121545101214847 153.58101253059147 -0.4524279753881785 0.8737310830349071 -0.17861388978688203 -24.929532001996026 -0.7793524894581222 -0.29001304644946957 0.5554296805757931 717.7469997801745
0.43272032585591974 0.3918948521042029 0.8118938012359571 154.36738637537314 -0.45315572464651216 0.8730875310832961 -0.17991123446568638 -25.120097297995255 -0.7793606410457523 -0.29006307583196195 0.555392116641619 718.2960731893763
0.4311880937764334 0.39054770598799626 0.8133568203027253 155.15661597165956 -0.4541098475414072 0.8729018288344493 -0.17840023425823154 -25.30918148873371 -0.7796544581744983 -0.2924292847253613 0.5537364348529411 718.845982583123
0.43007860204287257 0.3909580113094094 0.8137470303834236 155.91646986457042 -0.4542289442957333 0.8726755408389071 -0.17920230630631614 -25.490937887230896 -0.780197707141489 -0.2925563771557745 0.5529035213820345 719.3711291226575
0.4308585264464941 0.39152480380394233 0.8130616570682941 156.68110994997184 -0.453904923201603 0.8727362427507585 -0.17972693532866513 -25.673210503225 -0.7799559288073313 -0.2916158064913022 0.5537408875301899 719.8994035080755
0.4326847763139887 0.388771170414118 0.8134130939448604 157.44582944274495 -0.45294352366325386 0.8738492567612066 -0.1767191014842486 -25.85557554405357 -0.7795037195021157 -0.2919665280690963 0.5541926540199232 720.4325280759322
0.4333357061207294 0.38901570312380773 0.8129495362714332 158.21140191677046 -0.45347445548217197 0.8736501063922957 -0.1763417415868294 -26.03880397938944 -0.7788331554485856 -0.2922366751860876 0.5549924699040361 720.974287257552
0.4337512183613932 0.3908444300688861 0.8118500551543583 159.01715892740705 -0.45458947478043554 0.8728674347377609 -0.17734387723619513 -26.23441460579421 -0.7779513416588848 -0.29213536735295753 0.5562810774713585 721.5527170418754
0.4353268337462725 0.3902518982807562 0.8112915651655153 159.8043570260953 -0.4536491850480816 0.8734781129176997 -0.17674389143318 -26.426956653367867 -0.7776200645081509 -0.29110039873212057 0.5572859168616605 722.1157994324226
0.43665940149273635 0.38774360132335856 0.8117779663927801 160.60045769292557 -0.4531454401476812 0.8743167911195642 -0.17386592201967221 -26.622485242743572 -0.7771665054294182 -0.29193329443415617 0.5574828916114363 722.6863940766398
0.43737931857543466 0.3866086964901212 0.8119316766087512 161.43497439979535 -0.45324594744528124 0.8745786588595748 -0.17227965809060325 -26.823489463664227 -0.7767029308602629 -0.2926531825652954 0.5577514427838657 723.2867123343547
0.4383385864448531 0.38806828177754954 0.8107171469210136 162.20341736407548 -0.45252539580748674 0.8746146268431989 -0.17398281714355476 -27.006774753335804 -0.7765822878374254 -0.2906067156659521 0.5589880920261544 723.8361074040185
0.4393422677724337 0.38791539398256186 0.8102468875965702 162.9558459650781 -0.45058045379428624 0.8754526334456834 -0.1748140190360922 -27.183815515530377 -0.7771458205556502 -0.28827822273694365 0.5594104395598247 724.3668846449614
0.43864907191756364 0.3881639152953818 0.8105034031812696 163.7221638528063 -0.4504423332389055 0.8753945890563644 -0.1754594479562951 -27.365836739849897 -0.7776173198509376 -0.2881199200218508 0.5588364837360289 724.9107548785705
0.4386135955089259 0.3896026000346246 0.8098320368329427 164.50810972928346 -0.44989550638536313 0.8752804171212707 -0.17742103803740464 -27.553375399674074 -0.7779538207175247 -0.28652051488553804 0.5591903498637415 725.465837688315
0.4383042990310802 0.387883072976162 0.8108243109018394 165.33666937848434 -0.4499132195923718 0.8756236439942267 -0.17567392781598581 -27.752816383527243 -0.778117880714037 -0.28780193845219376 0.5583033296840145 726.0563233988131
0.4369739862997031 0.38818706992898977 0.8113966564124432 166.14345746214838 -0.4498207750771783 0.875485008672874 -0.17659917864481195 -27.950359403095877 -0.7789191264863883 -0.28781382581280246 0.5571787828558099 726.631139352877
0.4354668484054029 0.3895974086342894 0.8115309501955622 166.91642521599317 -0.45010325582993105 0.8749503839132382 -0.17851858385437244 -28.137789750762362 -0.7795996940938125 -0.28753379779692423 0.5563709482829899 727.176242671095
0.4347727496778851 0.38979590958023486 0.8118077389456496 167.71291750463448 -0.4490028859460061 0.8752549492700817 -0.17979205263409828 -28.33110120111978 -0.7806209480597438 -0.2863353325259439 0.5555564892948022 727.7338414193076
0.43472168072397616 0.3887277764115176 0.8123470786275273 168.5721326988329 -0.44707052350884247 0.8761939774680639 -0.18003349926672307 -28.542077363579317 -0.7817576397567567 -0.28491196832504206 0.5546892490278649 728.334280256072
0.4349377815123043 0.38755148429558856 0.812793315199775 169.43870178510886 -0.44560610750791035 0.8770043959937857 -0.1797177964454867 -28.753991785067793 -0.7824732092313498 -0.2840196057103451 0.5541376547459429 728.9387535870072
0.4355754836796812 0.38619186524222543 0.8130989123335132 170.3146875336327 -0.4442930853746037 0.8778311790482692 -0.1789303646087995 -28.96660547497099 -0.7828650281533407 -0.2833165443659347 0.5539441157580933 729.5483471020549
0.43547607795141063 0.3857616339659446 0.8133563470533571 171.21513435295842 -0.4439941037307067 0.8780260564728134 -0.17871619962153337 -29.18691699079437 -0.7830899190925825 -0.2832987926460735 0.5536352343383241 730.1774288391327
0.4351090849735511 0.38912444246159034 0.8119496612798328 172.08604654325265 -0.4444360256387989 0.8770905646764551 -0.1821778265045544 -29.39943398782082 -0.7830432320682377 -0.2815924530851142 0.5545709937218473 730.7828656863212
0.4347349294832403 0.3908125621620541 0.8113390674332972 172.93771432857045 -0.4457905167469201 0.8761926249845081 -0.18318651451804097 -29.608911484755033 -0.782480898339199 -0.2820496856567761 0.5551320730737822 731.3790978030129
0.43472519112083124 0.38983347708402016 0.8118151688343469 173.78973015940448 -0.4459318229992132 0.8763611219136096 -0.18203294546569088 -29.820726353077973 -0.7824057882208942 -0.2828799111688574 0.5548154093169562 731.9779295780746
0.4363144445973267 0.390835779455117 0.8104795487447152 174.66007660676607 -0.44662325108522855 0.8760151272756219 -0.18200320979129547 -30.03639292086776 -0.7811257114100079 -0.2825683816034372 0.5567744001767901 732.5933543694113
0.4381989669278302 0.3910686747898908 0.8093497124120453 175.56635326399575 -0.447550581446379 0.8757798929426097 -0.18085368717401532 -30.261474379426133 -0.7795384162633641 -0.2829750354987315 0.5587888571312948 733.2406050605189
0.43902959467546937 0.3912418181808062 0.8088157112134194 176.49168364158535 -0.447770977400494 0.8757285579502375 -0.18055648586578457 -30.49198977138186 -0.7789442642428935 -0.2828945607412295 0.559657485169389 733.9030613232529
0.43914813064815506 0.38983460186490476 0.8094306039044123 177.41297384603234 -0.4472116811687336 0.8762543457753822 -0.17938794200277036 -30.721606912838055 -0.7791987112248513 -0.2832089417701828 0.5591440455973261 734.56158533893
0.4393929458985957 0.3883014413077076 0.8100344620896757 178.28601441533382 -0.4469193971599173 0.876718546094823 -0.17784162441788862 -30.94152780145797 -0.7792283949759359 -0.28387775821951156 0.5587633907581026 735.1872326961972
0.4400298409981325 0.3884429258308706 0.8096207954364256 179.12839320089864 -0.4468593583562849 0.8767602723833096 -0.17778677852909025 -31.152985546018638 -0.7789033655599203 -0.2835551412729039 0.5593800398451246 735.7918245921866
0.4414640728703327 0.3884320537396306 0.8088448627470846 179.94196636458693 -0.44588561893006 0.8772307763949011 -0.17791059489798172 -31.354219651749585 -0.778649784688918 -0.28211115641393986 0.5604621380884635 736.3728587773779
0.4428554686382709 0.3871328821555968 0.8087070949676884 180.7690263441392 -0.4450199522389777 0.8779393715329067 -0.17657775064152378 -31.555684858344215 -0.7783548522405439 -0.2816923702664028 0.5610821085432127 736.9632898729416
0.4437092175778694 0.386903362623468 0.80834888397714 181.57956744150965 -0.44588556072530006 0.8777427430107781 -0.1753674537324337 -31.752054625905842 -0.7773726242755936 -0.2826189397095797 0.5619771685258311 737.5504027569987
0.44325309466576124 0.3886191777020654 0.8077758530628381 182.3756189231601 -0.4470532484318425 0.8769081543710866 -0.17656580038056455 -31.941965610010303 -0.7769620886090687 -0.2828554816857257 0.5624257189572417 738.1263297154504
0.44401232458040313 0.3872495669289017 0.8080166016450926 183.25679535275194 -0.4473085398022045 0.8771728675802287 -0.17459332919987414 -32.1516167001928 -0.776381430638787 -0.28391113626354175 0.5626956023151553 738.7630415729566
0.4442466329177663 0.388086513635111 0.8074860909487988 184.15560911849252 -0.4476602921931803 0.8768816158364969 -0.1751539168887982 -32.366508787297256 -0.7760445811515903 -0.28366792159586485 0.5632826273929771 739.4146798532242
0.4430248879966464 0.3894013243840229 0.8075243384465431 185.033287420605 -0.44802051012272265 0.8763662421389357 -0.17680450262550704 -32.577135095614366 -0.7765349773995616 -0.2834586710743699 0.5627118362606344 740.0472891579454
0.4422574819826479 0.3868444719830284 0.8091722153698427 185.9503033347832 -0.4471262355711874 0.8771883715544856 -0.17498197128140333 -32.79675059000139 -0.7774872661943153 -0.284415040575846 0.5609114329374381 740.700619523926
0.4408202200600888 0.3860914467536276 0.8103153264809108 186.85523035631147 -0.44586206466571104 0.877699339850337 -0.17564420889488205 -33.015558445226226 -0.7790279538490306 -0.28386134567773 0.5590511457387608 741.3426900136202
0.43954798821192004 0.385539676173658 0.8112685894047446 187.72583595053584 -0.44532279767188776 0.8779149102297613 -0.17593469319594096 -33.22563190422744 -0.78005459548197 -0.28394465744609315 0.5575753398199038 741.9597307782255
0.4385607481439042 0.38602442995326114 0.8115723071093037 188.5834217066747 -0.44537609681612256 0.8777120685103182 -0.17680966369565662 -33.4352124562365 -0.7805796580569455 -0.2839131280349615 0.5568561153090678 742.57000820002
0.43817333584040286 0.38727212515001774 0.811187049231114 189.40995073471657 -0.4441737770922622 0.8778430193076409 -0.17916832643197597 -33.63768108919091 -0.7814817870571841 -0.2818012323156731 0.5566635267046677 743.1545685188706
0.43698173758119907 0.3871616057325147 0.8118822895390293 190.2236498700131 -0.44431197392494337 0.8777225911927008 -0.1794155030561416 -33.841812016726735 -0.7820702211741858 -0.28232772438531434 0.5555692802846199 743.7306404709228
0.4354239068080721 0.3868381834639699 0.8128728321172326 191.00941162085468 -0.4453362040822671 0.8772986941147225 -0.17894878216460983 -34.038062343902894 -0.7823564959234351 -0.2840831236080328 0.5542698730469731 744.2876411992812
0.4332009174482916 0.3873549353484113 0.8138139340065307 191.80184453969872 -0.44616226160725525 0.876706055001346 -0.17979357452777012 -34.23287785934949 -0.7831195320252589 -0.2852063238871171 0.5526130213588317 744.8431739563592
0.43162582729299764 0.3891894299254411 0.8137756034976381 192.66924437916626 -0.4466014636697615 0.8760109854996726 -0.18207659358609485 -34.44804085964068 -0.7837386540560985 -0.2848444152835031 0.5519215353835494 745.4513064802309
0.4304840910618676 0.3890985340921217 0.8144235864155699 193.5479296779529 -0.44703205683137487 0.8757817013952949 -0.18212290264068887 -34.66706952469436 -0.7841210286095832 -0.28567243876251475 0.5509496076990403 746.0645716119546
0.42909007354740414 0.3885626760650954 0.8154144685693372 194.39610796558947 -0.44757913437781177 0.875588004507971 -0.1817101120778772 -34.87908031558757 -0.7845728947986252 -0.28699249664560744 0.5496186674562885 746.6576103628133
0.4279937626857125 0.38790015149547286 0.8163055871252597 195.24681726404185 -0.44732788053679345 0.8757381376076498 -0.18160529076527973 -35.09336439703827 -0.7853146543880287 -0.2874303164408237 0.5483290132704441 747.252565293614
0.426542315789613 0.3897112486995956 0.8162026681393756 196.09122444443102 -0.4459354151266298 0.8757196341920971 -0.18508573101753856 -35.306307267366755 -0.7868946933209534 -0.28502677931636444 0.5473175282190981 747.836095953207
0.4255914171031553 0.3879161562894078 0.8175530572248993 196.92793818691896 -0.44430876217945164 0.876636347116523 -0.18465762579638825 -35.5216352722088 -0.7883284020880476 -0.28465728623003583 0.5454434524838089 748.4107812829575
0.4247066881632924 0.38632342510410567 0.818766413725673 197.73128258009615 -0.44304186729488554 0.8773804271196706 -0.18416701640402916 -35.72899675247707 -0.7895176583542839 -0.2845308372094925 0.5437867870991658 748.9624414958901
0.42411983658439756 0.38693378930778355 0.8187823928905306 198.54973054373698 -0.4416576560555466 0.8776917636546767 -0.1859991474718631 -35.938204593132156 -0.7906079174047951 -0.282735584432983 0.5431387578070563 749.522642300342
0.4243357870729374 0.3851820905673858 0.819496123795182 199.40716460594035 -0.4396062491106432 0.8788380129493846 -0.18544565979834798 -36.15801291711837 -0.7916346919836602 -0.28156438713252274 0.5422508739934148 750.1044532029889
0.4250732868224009 0.3845379586753061 0.8194164137774083 200.21571618718227 -0.4374810844468578 0.8797958102623689 -0.18592910744684185 -36.370381728871266 -0.7924159271375134 -0.279445684494515 0.5422057799730532 750.656622781154
0.42542454086696957 0.38513343810762246 0.8189543301549419 200.95989237439622 -0.43707605356360535 0.8798310892963157 -0.18671308928117236 -36.57129300807241 -0.7924509343987143 -0.27851299639165533 0.5426343404278302 751.1680135217867
0.42805396551336117 0.38545823876985513 0.8174299656684522 201.73319554220407 -0.4372795060231992 0.8798960360975481 -0.18592901675619453 -36.77864801100303 -0.7909212579140833 -0.27785771866957587 0.5451959757328945 751.7013770470274
0.43350899580745506 0.38455237570434636 0.8149781720353954 202.4799402027933 -0.43906132491340866 0.8799046395330381 -0.18163969360663573 -36.973029044319496 -0.7869530503907439 -0.27908295481518575 0.5502886522656341 752.2279831671772
0.44199294299875796 0.3862917305368224 0.8095807169505478 203.16573563235957 -0.4423404749503661 0.8790202581849729 -0.17792776602066399 -37.14543224719384 -0.7803698754821229 -0.2794675019018992 0.559393218425758 752.7219863693388
0.45330377350934625 0.38594150063763905 0.8034705016413196 203.84530635696532 -0.44560562724450176 0.8787999656740823 -0.1707227146552615 -37.31531072030084 -0.7719788299495164 -0.28064172607934895 0.5703410450712618 753.228719501516
0.46657704505399555 0.38561825338675493 0.7959927284112773 204.52743198195094 -0.4497082271115338 0.8783744958222776 -0.16192824199983366 -37.48310532444632 -0.7616221973504226 -0.28241247802444114 0.5832450777839522 753.7588171022201
0.48211455266867487 0.38648417357512344 0.7862541202951095 205.15739922932357 -0.454726016237842 0.8774786823593425 -0.1524972529633564 -37.63248196597969 -0.7488590042601803 -0.28400905897675754 0.5987896510107601 754.2714681495991
0.49928656800007876 0.3884549230700441 0.7744776922270571 205.72044567717666 -0.46003500847691375 0.8763161391587544 -0.14296088704794865 -37.75759037758656 -0.7342211614972372 -0.28490840105644133 0.6162357414310776 754.7481320544817
0.5146248455813809 0.38801665735825314 0.7645942335140039 206.300577157678 -0.4649481861658212 0.8755362511170367 -0.13137525322919105 -37.883342543142085 -0.7204057554541442 -0.2878877326188989 0.6309803490728481 755.2651325731647
0.528857555768066 0.3886037219368366 0.7545176160990967 206.9187650499426 -0.4686387331747737 0.8749069065525796 -0.12212961407838335 -38.017548125148586 -0.7075926960302611 -0.28900701057834366 0.6448158840794755 755.8366010267096
0.5437466152586221 0.3898185841158705 0.7432234454541173 207.53779111685236 -0.47240922848472466 0.8741238821018118 -0.11285813919129156 -38.142932140586154 -0.6936635634349427 -0.2897393832690908 0.6594557987807705 756.4240609741985
0.5567712285457053 0.39091950890446436 0.7329309221349565 208.14225259865825 -0.47686889551767386 0.872881966224199 -0.10331083935544148 -38.25320858581584 -0.6801484070050178 -0.29199145637923346 0.6724129191576191 757.010989827077
0.5668045291348006 0.39062346746703897 0.7253591747653733 208.74266691159124 -0.4812949511906215 0.8715815431737147 -0.0932779907445431 -38.354536689340705 -0.6686462410802125 -0.29624132099177247 0.6820214688896178 757.6118560057572
0.5760355076373193 0.39153394354746934 0.7175543637879865 209.32029456061855 -0.4849152177571771 0.8703586415186751 -0.085633327164554 -38.44960563524306 -0.6580579955661421 -0.2986251934849614 0.6912182493883827 758.2057069900138
0.5825825038411426 0.3935324973614441 0.7111468201002162 209.86011174207005 -0.48857210248750554 0.8687994781213546 -0.08052805403706255 -38.53417896458446 -0.6495343923835957 -0.3005322617233035 0.6984163749328539 758.7723166004483
0.584929918924245 0.3948831438157423 0.7084661549272988 210.39085997766333 -0.4917889411330215 0.8672708412015767 -0.07736229947957031 -38.61295443741789 -0.6449811061779571 -0.30316429659790495 0.7014918259978202 759.3278721442564
0.5857020528304744 0.395063231978945 0.7077274532251222 210.93938047092655 -0.49303788134582494 0.866701604137337 -0.07577583350767383 -38.695135694764375 -0.6433247646936902 -0.30455438286800957 0.7024100476272344 759.8977831058662
0.583479738538665 0.3963788178874958 0.7088266554278004 211.49509177905693 -0.4942321719891562 0.865880134181695 -0.07737023588154997 -38.780562856796244 -0.6444268421517959 -0.3051809724730531 0.7011266783931885 760.4771949899343
0.5774751973868372 0.39660233307036724 0.713602820766688 212.069101094302 -0.4953482683619305 0.8650124763404984 -0.07989686355615806 -38.868918153452434 -0.6489626256063393 -0.3073434645122901 0.6959795294315118 761.0689523514642
0.5679674854471121 0.3969808746856809 0.7209848268921304 212.67984838129647 -0.4958897268934264 0.8641968072377316 -0.08518953645647831 -38.963931485171535 -0.6568914021635928 -0.30914408209425553 0.6876944250680304 761.6865900371841
0.5554397759978957 0.3972779526303117 0.7305182294736211 213.29084874363383 -0.4955057179362846 0.8636211037678632 -0.0929121769157343 -39.0651758447515 -0.6678029190800666 -0.3103688410273216 0.6765430095622145 762.2857132304557
0.5401347545949915 0.40075354617846615 0.7400344871044803 213.87138702763104 -0.49324830562846694 0.8632262319528465 -0.10745502065111995 -39.16932392670643 -0.681880162398979 -0.30698056566152787 0.6639294965829352 762.8282082906179
0.5218094077714587 0.402979884640005 0.7518790823907303 214.43958443495248 -0.49002715216070347 0.8630588600155805 -0.12248589426490324 -39.28177827685743 -0.6982752552586073 -0.30452687356640973 0.6478233178648279 763.3301086277727
0.5022008655316555 0.39545390551919424 0.7690321835065624 215.02965139102355 -0.4850981026118185 0.8650353957715489 -0.1280374746110261 -39.41451422076041 -0.7158729786084067 -0.3087555224963165 0.6262554637097815 763.8175940281183
0.4832029855563024 0.3953014097152364 0.7811860663290286 215.61532851644813 -0.48029859036295347 0.8657009265324738 -0.14097932435705532 -39.54752113168884 -0.7320028270743482 -0.30708093603797754 0.6081719821540619 764.2873150597856
0.4665253953013132 0.39752424298427 0.7901446271276769 216.2129831043384 -0.4756281089512491 0.8659150576377538 -0.15481929767202726 -39.68513489792952 -0.7457425544478566 -0.30358786075201644 0.5930450685146945 764.7403228842004
0.45073775631463825 0.39687940843985575 0.7995762691506513 216.85293682579285 -0.4711190830828921 0.8665834840518845 -0.16455963880498709 -39.83977209678154 -0.7582099211877823 -0.3025223964021913 0.5775793582595307 765.2129521611637
0.4366381881243696 0.3960704899475434 0.8077594070415889 217.5286520969659 -0.46422974913171455 0.8682926370929495 -0.17481028685770286 -40.00848548196135 -0.7706087416403834 -0.29865709997065454 0.5629974280088162 765.6908014515598
0.4243850499959192 0.39608579617499506 0.8142563302844997 218.24619100900284 -0.45839676818870295 0.8694841319955264 -0.18403735251881334 -40.18910346484797 -0.7808775398576373 -0.2951497692297984 0.5505605157196435 766.1867669972162
0.4126942411576656 0.39486352043669365 0.8208326647640422 218.99170169107555 -0.4544640496714938 0.870236037841301 -0.1901359145412967 -40.38112862588685 -0.7893959024922075 -0.29457093996287487 0.5385926758301682 766.6893711942439
0.4003034742369057 0.3955586057640706 0.8266138868418837 219.74995577432992 -0.45106985976213565 0.870248280792662 -0.19799977624123408 -40.57961156672359 -0.7976798293350738 -0.29360061168771023 0.5267879750796985 767.1885361230617
0.3896917524579457 0.3943605705358974 0.8322379938892815 220.52584803857252 -0.4478511096044559 0.8707775204078817 -0.20291844070550671 -40.78778677867585 -0.8047171687570204 -0.29364306625374226 0.5159496370274763 767.686546841397
0.3818846152038527 0.3923450302571294 0.836797178474651 221.28958055342818 -0.44391814516578204 0.8720045001358264 -0.2062639865207569 -40.99399910300121 -0.810617555363304 -0.29270040822553867 0.5071741810871517 768.1626108722289
0.37538488270103176 0.3899129919073954 0.8408650596744731 222.0801183003151 -0.4414890861140365 0.8729020823138663 -0.2076760494960959 -41.20868915140841 -0.8149684513413556 -0.29327429726100596 0.49981657624005893 768.6465533049621
0.370704251009887 0.386282450452892 0.8446089194149603 222.87193206538385 -0.43909122124467104 0.8742436056715727 -0.2071159515059789 -41.424107123338814 -0.818399204367321 -0.29408159822483654 0.49369905395540387 769.1244180609469
0.3680237542395371 0.3836237348791977 0.8469895786565328 223.6168297362127 -0.43555406256242796 0.8759255628178899 -0.20747787107911836 -41.62807609706406 -0.8214932591937706 -0.29255296689573185 0.48945029028462167 769.5660795268877
0.3664004288806814 0.3835066240620576 0.8477460675323569 224.35817176632938 -0.4333862281338583 0.8765815556623079 -0.20923946457719547 -41.82955122769772 -0.8233632873646736 -0.2907360410633144 0.48738634721016527 770.0043892968016
0.36402138738719664 0.38686181810341963 0.8472463415196412 225.16967560406962 -0.43543244302068085 0.8748140968408217 -0.2123649771822438 -42.04714695862394 -0.8233389442324128 -0.2916131507019044 0.4869032278060636 770.4880426403969
0.3613130766121928 0.3870915402499225 0.8483000649156958 226.04600571855167 -0.4385032241024145 0.8734199391489209 -0.2117841645375755 -42.28392262683842 -0.8229020495300894 -0.29546192540500954 0.48531893381068736 771.0139764733217
0.35873642179125176 0.3862048034496414 0.8497964635563225 226.90777673411887 -0.4398166280526587 0.8729359177127636 -0.21105501002193797 -42.51977421987997 -0.8233283144461878 -0.2980414960360328 0.4830132019642964 771.5294456764402
0.3555286462426055 0.3887557843005154 0.849981365603853 227.72531582159138 -0.441116879654485 0.8715360476057489 -0.21410468516040532 -42.74803050232397 -0.824023834718871 -0.2988207788903553 0.48134276967517414 772.0165185812529
0.3513479408452302 0.3882244218913265 0.8519603410435027 228.50944671638806 -0.4410104661835348 0.8713259016760505 -0.21517653632539707 -42.969881545910184 -0.8258718987714744 -0.3001215942173451 0.4773495946411168 772.4758907166155
0.3436525612226118 0.38515532196052 0.8564801778970876 229.2411660050762 -0.44135185339184757 0.8712663175255541 -0.2147173617876243 -43.181345703235515 -0.8289218652398564 -0.3042209425909834 0.46940191671565495 772.9015224236263
0.3318157670976716 0.3855170097315785 0.860973246920603 229.90036295537803 -0.43877511461703167 0.8710188811051295 -0.220912895846248 -43.376273249394934 -0.8350896332120267 -0.3044712531027984 0.45817306832223836 773.2707168416414
0.3148266270547422 0.3850037948249655 0.8675576481523922 230.49282993725623 -0.43443034378076656 0.8711246319292368 -0.22893700454201968 -43.559633727802165 -0.8438924524486884 -0.30481790238850054 0.44151056055729043 773.5844608293318
0.2921442182588072 0.38378400955873 0.8759917749299789 231.03993747317926 -0.4256434366338837 0.8724112871414578 -0.24026279553580054 -43.74220577219989 -0.8564341309105153 -0.30266876296573336 0.4182250582358056 773.8450434745721
0.2636851562772663 0.37859707473556636 0.8872059475458365 231.5843631122146 -0.4133891523285197 0.8753672151832271 -0.2506823633993139 -43.93803489575729 -0.8715386090679769 -0.3006600964278955 0.387329264734573 774.0728986997625
0.23124163418857863 0.3763787631557276 0.897143429593708 232.08983166400154 -0.3998681948867214 0.8774174873766646 -0.26503580807817567 -44.13266542857038 -0.8869231834470404 -0.2974518103676341 0.3533973502633894 774.2544290849029
0.193492723619748 0.3807848337682384 0.904192167781997 232.54551028207837 -0.3887478071109426 0.8759307683630958 -0.285692897183787 -44.310334254138624 -0.9007972626360753 -0.2962232256372368 0.3175154991814167 774.4107783368877
0.1555764738494547 0.3850595607098187 0.9096840635575251 233.00003674194625 -0.3777841516324653 0.8740834239516145 -0.3053805867247565 -44.495481556589894 -0.9127294755621237 -0.29615418733994175 0.2814562164193739 774.531323029387
0.11805800369632602 0.38633825302573943 0.9147704969074254 233.47214185677385 -0.36070151666675204 0.8749735459558733 -0.32297942620499254 -44.699181429961754 -0.9251792926982011 -0.29182879934376416 0.24265042393540856 774.6226727646438
0.08007245310696681 0.38640078904534475 0.9188486450327756 234.0187257594912 -0.34047021188457205 0.8769707496830542 -0.33911994783499927 -44.933064091397725 -0.9368396005041136 -0.28568642674350964 0.20177915774880714 774.7112916706874
0.04192948885027908 0.3823410619239418 0.9230694612712671 234.641626596878 -0.32227463256192695 0.8796756896202943 -0.34972809766750346 -45.20400261242913 -0.9457171771580704 -0.28281795108855806 0.1601031772646658 774.7988449524026
0.000160733258646491 0.3811096086561104 0.9245298482768451 235.2816570772736 -0.3055167868360371 0.880343741445976 -0.3628421004490522 -45.48657173808909 -0.9521866766166192 -0.2824010677863748 0.11657688358724078 774.8784553886987
-0.044655200869038916 0.38311563459566683 0.922620357223764 235.8735142272237 -0.2901835376398924 0.8787469643373967 -0.3789423269451479 -45.75155500028881 -0.9559285682090173 -0.2846509848852932 0.071933227966573 774.9186375881288
-0.08869042872057949 0.384891349797843 0.9186907296278519 236.39262078736945 -0.27142958670039224 0.8780807778919721 -0.39408137098863155 -45.996118997135405 -0.9583631813237675 -0.2843110907921486 0.026593539357640323 774.911695449287
-0.1307750133098159 0.3860687693256627 0.9131532189316239 236.94317425851395 -0.25584717497515586 0.8767229678185978 -0.4073070840981999 -46.26211289046414 -0.9578309448702561 -0.28689326072725385 -0.0158788538073979 774.8891149835467
-0.16562058841904023 0.3876625833596551 0.9068007179941191 237.56734366167063 -0.24213970662385537 0.8753674510514726 -0.4184497438352152 -46.56862635046003 -0.9560011418235032 -0.28887635261918587 -0.051110368122272966 774.8520324647022
-0.1926664818771455 0.3868698046751416 0.9017823357061847 238.218116892978 -0.22782685546818895 0.8762513122866599 -0.4245922298433872 -46.89623119850639 -0.954449868085568 -0.287254925017 -0.0806849265037782 774.7870868546538
-0.21516725890977087 0.3843308112444443 0.897771061140558 238.85771772431258 -0.21771902276082855 0.8772882681954698 -0.4277425880300667 -47.22463130799988 -0.9519986753254033 -0.28749803827987863 -0.10508758330030779 774.7096229336544
-0.2269684425754844 0.3836796517061122 0.8951397940777385 239.47443396280056 -0.20950050614440088 0.8783743785244392 -0.4296137673271668 -47.541382386727534 -0.9511019209317664 -0.28504100760851797 -0.11898218346216856 774.6230269717686
-0.23501907675655345 0.3825614125789169 0.8935394782359207 240.07841284439684 -0.2068469018367708 0.8785462548929859 -0.4305471370408054 -47.85625493147024 -0.9497264831313401 -0.2860126633894557 -0.12734348675863513 774.5418781741743
-0.24199642417715247 0.38322684972233156 0.8913893158084013 240.7487382908228 -0.20659397271603425 0.8772777794463453 -0.4332466135206278 -48.207278048882486 -0.9480277744469702 -0.2889997912483414 -0.13312572830050654 774.4533433941466
-0.244483996231104 0.386887284220258 0.8891264279592321 241.47528031586754 -0.20284232157152077 0.8762590959107958 -0.437064056418584 -48.58561485072689 -0.9481996457320276 -0.28720763594003973 -0.1357542105843931 774.3484778954831
-0.24639669079299317 0.38700060639915446 0.8885489302300407 242.19145319028507 -0.20244607581671714 0.8760380835185653 -0.437690372993887 -48.959009019111676 -0.9477891417149026 -0.2877287035938618 -0.13750613068341694 774.2459790932511
-0.24718369798222187 0.3845565340193058 0.8893910791068759 242.8860553434987 -0.2029813928843875 0.8769584173118652 -0.4355944081925055 -49.31827464063878 -0.9474696689575585 -0.28820167669346647 -0.13871200364975778 774.1453048256161
-0.24685214036281947 0.383164787922835 0.8900835725336945 243.57058919979576 -0.20387991730097046 0.8774145278873686 -0.43425421768076355 -49.673402123569744 -0.9473631827972007 -0.28866674825520355 -0.1384720489200837 774.0466269089816
-0.2446085453292264 0.3831994922132072 0.8906878289947947 244.285410414021 -0.20468252276184654 0.8774862127259393 -0.4337314968407646 -50.04600410853375 -0.9477719791319872 -0.28840266233761747 -0.1362063872540918 773.9457901159333
-0.24268276699472924 0.38266781952416606 0.8914428834784666 245.01646280626767 -0.2070498401083268 0.877308463804384 -0.43296676898845776 -50.425711466775645 -0.9477528360890809 -0.2896466800048123 -0.13367633465686798 773.8458892513651
-0.2403214430208912 0.3839997935333613 0.8915098219260925 245.73788489617306 -0.20651073696254044 0.8771752177904274 -0.4334938901685939 -50.79891069842169 -0.9484718865330396 -0.28828422756136013 -0.1315039337655277 773.7428380525911
-0.23921141295308862 0.38643997681351994 0.8907536383497706 246.4507567006673 -0.20543578964436174 0.8764756670304685 -0.43541536656012625 -51.16688466440395 -0.9489857934901781 -0.28714900212931155 -0.13027438094253033 773.6405069901224
-0.2389512599170914 0.3858096840325854 0.8910966182691482 247.15516016528287 -0.20557459667006675 0.876779906554206 -0.4347367947008091 -51.52920308000434 -0.9490212750976516 -0.2870677327208202 -0.13019499315471794 773.5407712708659
-0.23777867972148817 0.38529099598844874 0.8916345371732389 247.8271777021638 -0.2052252257233383 0.8773106041180357 -0.4338302785984957 -51.876336319559016 -0.9493913345911207 -0.28614149002246125 -0.12953432553195385 773.4452835026
-0.2373110672043269 0.3865797169338355 0.8912012005365006 248.44122938516333 -0.20577446693267923 0.8765856111979486 -0.43503394695045006 -52.19548871502237 -0.9493894491413487 -0.28662482219108737 -0.1284752317103017 773.3595535353513
-0.23510598253210171 0.39162916903992456 0.8895795472776532 249.03922017959164 -0.20379202894226167 0.8750284536768199 -0.4390831518010529 -52.5053726028586 -0.950365185556168 -0.28452029666273343 -0.12591352139362155 773.2715926769883
-0.23404699296205458 0.3899732295419485 0.8905856979123592 249.68342074126465 -0.2047322721822264 0.8757182040951724 -0.43726687931219466 -52.84059344308599 -0.950424485065763 -0.28467263173151536 -0.1251191069762472 773.1849754336437
-0.23273616377937859 0.38651501145655404 0.8924348850129064 250.3591403402361 -0.20469517692065906 0.8776094524682262 -0.4334761048591225 -53.19220019697474 -0.9507543124354875 -0.2835626824128281 -0.12513369861139134 773.096798547917
-0.2298544809545365 0.38614927094891227 0.8933396096282452 251.02126298513025 -0.20624721693648165 0.8777406776434875 -0.4324735694998068 -53.53875107022014 -0.9511198678878886 -0.2836547961088857 -0.1221104154171678 773.0141336416472
-0.22615135793399896 0.3865600995771807 0.8941067345230601 251.69126962309994 -0.21005999207396853 0.876937100166492 -0.4322685763289592 -53.88905693112046 -0.9511731509217923 -0.2855741790961899 -0.11711970457206572 772.938084342504
-0.22240039147229762 0.3858819457529668 0.895339706376789 252.38277884099608 -0.21357218013415363 0.8767516926320282 -0.43092156286221617 -54.25052222113788 -0.9512754541906944 -0.2870567773259783 -0.1125762712364977 772.8638298968772
-0.2191003571010372 0.3870855910181103 0.8956337302404145 253.05420912974947 -0.2171012350305221 0.8755847015579366 -0.4315303977078762 -54.598909420562286 -0.9512423914368086 -0.28899165320793907 -0.10780416091100305 772.7939555992089
-0.2148589911790242 0.3866941472375464 0.8968295548217399 253.7215963870338 -0.2212041026312178 0.8751440239313495 -0.43033903187644934 -54.9429927992214 -0.9512646103417535 -0.2908445871414327 -0.10249423028582151 772.7311426105512
-0.21446487074878787 0.384696635200863 0.8977824447380564 254.33919540661677 -0.22403786470683446 0.8752880000543489 -0.4285766584153371 -55.266698978934286 -0.9506901989566876 -0.29305189954339167 -0.101531915089321 772.6811265614301
-0.2164911533949975 0.386206012830543 0.8966473644389078 254.9161194062853 -0.22342418626759447 0.8744553099334108 -0.43059208529642323 -55.57201076308248 -0.9503753013901219 -0.29355208495732926 -0.10302407449155333 772.6304240337906
-0.22053140036727892 0.38630962827522775 0.8956175369843445 255.4999436933813 -0.22158156050053612 0.8743741767689348 -0.43170755268560124 -55.88228765249925 -0.9498776308020903 -0.29365740259952744 -0.10722787137823833 772.5742455594412
-0.2254557687315599 0.38935868870753115 0.893067471064541 256.0692556511016 -0.21870821565172124 0.873045250121906 -0.43584252620185565 -56.184663414793704 -0.9493873881362127 -0.2935844048438686 -0.11167714394795862 772.5146409404105
-0.2304448130987373 0.3915870120048204 0.8908169285240523 256.67821446755266 -0.21582481273817397 0.8720871103353947 -0.4391852936897933 -56.50597016402847 -0.9488492179068382 -0.2934683697027606 -0.11645375761042187 772.4448256936561
-0.23518563157125993 0.39056513648920044 0.8900261753800287 257.3780765842242 -0.2127534147295567 0.8728175937231742 -0.4392327772470969 -56.87337903005841 -0.9483795143418795 -0.29265734613444866 -0.12218009056390473 772.3585856610881
-0.23866190890532166 0.39041788860397086 0.8891649821578036 258.11675436771617 -0.20987507150298135 0.8732479587081327 -0.4397618184582362 -57.262325093185055 -0.9481523862751624 -0.29156795926523754 -0.12647204248616245 772.2628037081708
-0.24156395977580022 0.38965024090275474 0.8887179209973559 258.8648032161371 -0.20753935635600657 0.8739040951117579 -0.4395668869583224 -57.66077682786839 -0.9479315739549813 -0.2906274631058167 -0.1302359734785686 772.1646990058185
-0.2459597896217291 0.38951348675020114 0.8875714199595082 259.65289093298946 -0.20494634522752775 0.874099132673166 -0.4403949384789686 -58.08202262970267 -0.9473651764061797 -0.290223965067873 -0.13516387325454843 772.060432397723
-0.25259722806650553 0.38888852358994164 0.8859798849822467 260.50150949336074 -0.20179144141875338 0.8743654192582546 -0.4413222493546808 -58.53624270994422 -0.9462953315658159 -0.2902599349296596 -0.14238790549542327 771.943170065802
-0.25917455830994807 0.38733860357109573 0.884758359388844 261.350743901206 -0.19753425388088616 0.8754377662982726 -0.44112235930908006 -58.992220954405205 -0.9454146005158597 -0.2890977750213285 -0.15037855435252706 771.8151800507325
-0.2674973676650486 0.3847789064027535 0.8833970519985749 262.12787011567764 -0.19456251608939362 0.8763530809541417 -0.4406253565503744 -59.40998001548449 -0.9437110710515332 -0.2897420761464974 -0.15955859013254858 771.691038162552
-0.28081270303197203 0.3839373023982563 0.8796228587542672 262.851310944145 -0.18978001055076296 0.8761917469741934 -0.4430254734545856 -59.8009404227509 -0.9408122944621988 -0.2913420161278816 -0.1731821475421619 771.5615568427411
-0.2997279342744843 0.39282382911008895 0.869397840288806 263.55652806431374 -0.1817531719325074 0.8710924848250962 -0.4562495669846804 -60.18403137288065 -0.9365516269314895 -0.29476655536971136 -0.18969377408722723 771.410946039637
-0.3206654951326057 0.39834799713467783 0.8593558712257416 264.2765455271226 -0.16942336927637894 0.868512850219531 -0.4658123559402246 -60.58818612956034 -0.9319170361005304 -0.29496491686696413 -0.2110126433256275 771.2334906908993
-0.3444964722110032 0.39809110177239404 0.8502033023482188 265.0265541734058 -0.1564312331947697 0.8686362102324849 -0.47010680015726847 -61.02619575892293 -0.9256627085042011 -0.29494848526918294 -0.2369682280857117 771.0298737141129
-0.36952861527174186 0.39362838154542834 0.8417275685976299 265.7684456824937 -0.14372036770466953 0.8707321304702462 -0.4702871600135144 -61.47485181837612 -0.9180376127382691 -0.2947579586858861 -0.2651880227105863 770.8021498881418
-0.39435451306286406 0.39461962495083464 0.8299155798215961 266.4504719743109 -0.13069541589157327 0.869840172824863 -0.4757066133710329 -61.89292501367634 -0.9096170767371711 -0.29606321173640077 -0.2914504217949458 770.5730794622962
-0.4177762982193576 0.3949049774438934 0.8182377548342356 267.05974859172926 -0.11739231114200915 0.8695854382573086 -0.47962507321404546 -62.27618958225675 -0.900933965355322 -0.2964308087241951 -0.31693337739697985 770.3379509730211
-0.43589278182364666 0.3927706045222778 0.8097707916301066 267.62661711065965 -0.103597373855679 0.8718690960445074 -0.47865631040730755 -62.644850529545366 -0.8940162564988658 -0.2925329581188007 -0.33935144250469834 770.0874040093066
-0.44879211108850836 0.38748993703171053 0.8052559777635204 268.1863824936275 -0.09445449814437096 0.8754841556166939 -0.47392598688446713 -63.00998100445467 -0.8886304005631427 -0.288754293410996 -0.35631021488543746 769.8366804087684
-0.45889485865098845 0.3894938950373541 0.7985674764428629 268.7427172622003 -0.08762791225745425 0.8745687912706054 -0.47691799958574504 -63.36790384498794 -0.8841588418927255 -0.28883201876540765 -0.3672045849915483 769.5811680148521
-0.4669822323868738 0.38960872862416035 0.7938089399942783 269.3368130137364 -0.08176534087641386 0.874831799958722 -0.47747644005997103 -63.74688458295892 -0.880478292558273 -0.2878790724607227 -0.3766744164033756 769.2994434801562
-0.4729361051617237 0.38877708864392363 0.7906856618024741 269.97004568771104 -0.07668531048105737 0.8758205753035184 -0.47650570094326733 -64.1528437173656 -0.8777532703390396 -0.2859907257597121 -0.38439367995397056 768.9919390999178
-0.4783340260864286 0.3918967793172276 0.7858838806393313 270.6157243667035 -0.07369559281357156 0.8738326070939155 -0.4806095446194381 -64.56667627940111 -0.8750802929376255 -0.28780807691972965 -0.3891028036033256 768.6727913428158
-0.48402646558442997 0.3973789932932391 0.7796206233182259 271.24717072957355 -0.07092884261002325 0.8701923052520056 -0.4875801997273878 -64.97725005058808 -0.8721739963446763 -0.2912993092498678 -0.39301047381807525 768.3534944156253
-0.488210512018593 0.3983648937095644 0.776502355060378 271.8506479813465 -0.0662482741313033 0.8702601435144689 -0.4881172490137961 -65.37534866938049 -0.8702078269753515 -0.28974591294777813 -0.39847916357181956 768.0392880726001
-0.49204523402397354 0.39674108320335577 0.7749116082321414 272.44485290294 -0.06306898833611735 0.8715362263558364 -0.4862580681692426 -65.76932498402478 -0.8682820914798071 -0.2881338561294982 -0.40381318770862246 767.7318564144864
-0.4935878446461133 0.3969343534597773 0.7738308333615789 273.0464213302935 -0.057427634540227396 0.8729543604236877 -0.4844096937597153 -66.16742864422976 -0.8677978488154454 -0.28353801096279313 -0.4080846602490101 767.4135741780084
-0.4930479135399174 0.4009559148556528 0.7720998052688548 273.6650508891753 -0.05447918493440022 0.871498109528435 -0.4873633793149051 -66.58103432202991 -0.8682947502794277 -0.28235686538603666 -0.4078465731210198 767.0831877717987
-0.49149877118857355 0.4024713204534306 0.7722990315496951 274.3223926710721 -0.05409840698294471 0.8709821438458454 -0.4883272135193773 -67.01780022052802 -0.8691963646277094 -0.28179237270402663 -0.40631359613457485 766.7366544711484
-0.4880451844997374 0.3977860962353309 0.7769029022525762 275.0201413492954 -0.05535959701545372 0.8742084739757285 -0.48238455515004963 -67.47811320162127 -0.8710609696828918 -0.2784344908068718 -0.4046319579867852 766.3781306329573
-0.4836942349376163 0.39441954096298404 0.7813277883159319 275.72833334962803 -0.05734224041306543 0.8765054267939596 -0.47796454289533424 -67.94268467125391 -0.8733566021691943 -0.2759917797820901 -0.40134372169026816 766.0191794225146
-0.47813610799998296 0.3980412877130886 0.7829105922787974 276.4062630520941 -0.05809827141043135 0.8751210355377 -0.4804037510454516 -68.38742828274303 -0.8763620559367827 -0.27518413187378316 -0.3953014551948035 765.6733067693658
-0.47394432938146414 0.40072638234566016 0.7840887316747489 277.1264866861562 -0.060638442391880557 0.873481782438628 -0.483065787499095 -68.85871072160863 -0.8784644283927703 -0.2764922100891725 -0.3896823139540329 765.311899222484
-0.4698852060160513 0.39818795836175547 0.7878161225710936 277.8709301040284 -0.06319119624115195 0.8750162398035816 -0.47995151088168264 -69.34417554013874 -0.8804628134594108 -0.275305157771691 -0.38599521268980064 764.949215572752
-0.4666925336206739 0.39731591565670044 0.7901507085541316 278.5944527194568 -0.06598003302378126 0.8752809827619613 -0.47909272219209553 -69.81299006178203 -0.8819550523155321 -0.2757231662032235 -0.38227218223927567 764.6002348326974
-0.4664098030139795 0.3969263174806969 0.7905133737917887 279.3311632120501 -0.06875185345204211 0.8747008366313573 -0.47976205460968785 -70.28468914612766 -0.8818928950271488 -0.2781149850109021 -0.38067962489870827 764.2498743351566
-0.46532478055154997 0.39635764938297735 0.7914375922207986 280.0984372474363 -0.06836175498218905 0.8753747566314811 -0.47858719781052134 -70.77686494001587 -0.8824961864282491 -0.27680254555905703 -0.38023786201748033 763.8828935957681
-0.4649836414914034 0.4002758247214753 0.7896641547448758 280.87137051489117 -0.06931579844138615 0.8727560476466387 -0.48321030761217015 -71.27057140992122 -0.8826015710567386 -0.2794210898263746 -0.37807184678103084 763.513689253484
-0.46571617838571366 0.40143700866343157 0.7886423582747534 281.6380630713741 -0.06967019947430966 0.8717886661732681 -0.4849026550113343 -71.76095418084354 -0.8821873409287916 -0.28077188179585993 -0.3780378895002469 763.1485627503894
-0.4666992082939389 0.3989244131417931 0.7893358990805428 282.41234577427724 -0.07030451637225306 0.8729355570762232 -0.48274298355303374 -72.259725694024 -0.8816173341963451 -0.2807896468737731 -0.3793521454440885 762.7782479517721
-0.4645008395176184 0.4021132502009254 0.7890145145054546 283.17621898837183 -0.07125605871706542 0.8711053651121468 -0.48589918395582915 -72.74952531587225 -0.8827012768675107 -0.2819226434426291 -0.3759761680356718 762.4111195720131
-0.4606820218851344 0.4019580650885173 0.7913291278741876 283.90983695751703 -0.07427479486159613 0.8709864473764196 -0.4856602344591003 -73.21939948197392 -0.8844519939262325 -0.28251074740069104 -0.3713924447845108 762.0713513299937
-0.45687290284979637 0.4005831009074475 0.7942293937578594 284.61635046584837 -0.0783284791404547 0.8712768827748675 -0.48450102466109424 -73.67579045262522 -0.8860766332530952 -0.2835661700723166 -0.3666857335558331 761.7507663393463
-0.45353613043257407 0.39940143020980784 0.7967330016627965 285.3474838942027 -0.08034908505758544 0.871998035602122 -0.48287001401665697 -74.14680061878668 -0.8876085865530212 -0.28301576537783 -0.36339107532374854 761.4215802107277
-0.45135803802462265 0.3980207673290448 0.7986584941546445 286.08994990269287 -0.08233285961008821 0.8726198620013056 -0.48141029971246474 -74.62103388997079 -0.8885365618470548 -0.28304424603870565 -0.36109380089582976 761.0918754203204
-0.4505729144508168 0.39827554525553904 0.7989747422883295 286.75693085018946 -0.08455547315063652 0.8719072824199349 -0.4823153147302638 -75.04597096273945 -0.8887262912300756 -0.28487590441187877 -0.3591814281974369 760.7979290406295
-0.4516117283811104 0.396494463402394 0.7992740376615998 287.39802773407496 -0.08642272120429285 0.8721793762652872 -0.48149169138951614 -75.4525986741406 -0.8880191214429267 -0.2865227322722248 -0.3596203051038597 760.5161712233437
-0.45168652145095506 0.39203619923377026 0.8014280409555671 288.0991602158767 -0.08558697507759196 0.8751010161098914 -0.4763119579650512 -75.89351855673273 -0.8880620226293882 -0.2837354931864783 -0.3617181414715438 760.2034724472481
-0.45152222487615623 0.3920150953038233 0.8015309385774343 288.8678634654348 -0.08560582910785852 0.8751387216980794 -0.4762392883912512 -76.37416057697462 -0.8881437510142366 -0.2836483436203798 -0.3615858054401174 759.8625082129054
-0.45081194379738476 0.3933925251394749 0.8012558346084063 289.6594541784587 -0.08697286682037723 0.874016291210467 -0.47804941495178355 -76.8688181408446 -0.8883717193645151 -0.2851979029780666 -0.3598025074540896 759.5149437551767
-0.4501784155981206 0.39462027802752053 0.8010082585710654 290.4817098457265 -0.08876967998197728 0.8728255006869066 -0.47989122649465654 -77.38257633016912 -0.8885152435639241 -0.28714191877908113 -0.35789688519797136 759.15512449617
-0.45041724524966414 0.3943051878031528 0.8010291655446927 291.3147784096817 -0.0897226294525974 0.8726594641473765 -0.4800159470248078 -77.90847443796453 -0.8882984605107745 -0.28807790353571583 -0.35768277362581563 758.7881737208004
-0.4516230404170051 0.39536246104405554 0.7998282026546014 292.0885028603176 -0.090594585833727 0.8715043471441066 -0.48194687873928316 -78.3971007541549 -0.8875974596528045 -0.2901184194533521 -0.3577737445813746 758.4484580688725
-0.45538774362281187 0.39458074858252956 0.798077712886519 292.8688753516558 -0.0902211000278885 0.8713533143169332 -0.4822899073572356 -78.89115204056506 -0.8857099728849609 -0.2916323618478331 -0.3612041105181088 758.106052256854
-0.4599812979502355 0.3944489828877428 0.79550437172579 293.6940948262006 -0.08941964552652272 0.8707774719411028 -0.4834777361510769 -79.41525011214127 -0.8834145870031375 -0.29352443553933666 -0.3652698635411792 757.7376818219811
-0.4635030244968285 0.3949789781070785 0.7931938937837221 294.5022528302476 -0.08779253717126154 0.8702816615424152 -0.4846672054100661 -79.92913202019095 -0.8817354573222748 -0.29428121998601986 -0.36870197567170737 757.3700926123098
-0.4660938609387141 0.39329369431040984 0.792512828168046 295.214480394311 -0.08562121083088921 0.8715066970175738 -0.4828509970056689 -80.3861041489157 -0.8805824896346118 -0.29290979339924367 -0.3725296389278615 757.0382504157185
-0.46746510503905636 0.39199989800474083 0.7923461715280129 295.8832203990958 -0.08393866526453454 0.8725753135550047 -0.4812136974858372 -80.81468470277738 -0.8800174293980936 -0.2914590917069783 -0.37499456238313156 756.7216764176425
-0.46891484356037233 0.3929951785073548 0.7909953597580244 296.5819068452941 -0.08216638318565375 0.8722645379442259 -0.4820822142738018 -81.25852974340499 -0.879413187849111 -0.29104873391739294 -0.3767267969260328 756.3907571029711
-0.4699590655813572 0.39392425750318866 0.7899127521622004 297.2842822241608 -0.08126311302770978 0.8717853141291968 -0.4831010996982936 -81.70539396445388 -0.878939578776004 -0.2912285106565257 -0.3776919001538743 756.0587859826256
-0.4699075158196017 0.39396200974157447 0.7899245922596873 297.94762902695595 -0.08145005914714284 0.8717107125189403 -0.48320422343419733 -82.13008767063177 -0.878949836134676 -0.291400701028841 -0.37753518643793704 755.7460593791307
-0.4696628989284079 0.3934544067690111 0.7903229663651516 298.58967794915173 -0.08172335307263581 0.8719799426429806 -0.48267201409539684 -82.54387819583287 -0.8790552058504209 -0.29128098019333293 -0.37738221426676605 755.444340046531
-0.469851595270994 0.39370796098720096 0.7900845017316855 299.2396754827862 -0.08184750829112651 0.8717456006975827 -0.4830741072040007 -82.96247721330474 -0.8789428103169356 -0.2916395877100889 -0.37736704555705297 755.1406540378892
-0.46938160701061155 0.394516098096308 0.789960730253728 299.8742700260618 -0.08170662207273385 0.8713932501186793 -0.48373322354068854 -83.37219110911407 -0.8792069920727404 -0.2916005006690973 -0.37678138635014613 754.845207163102
-0.4682952469845382 0.39581182222117994 0.7899573172277364 300.547477181215 -0.08209648548670893 0.8706904575474333 -0.4849312262646832 -83.80303533282706 -0.8797498102997338 -0.29194370780304457 -0.3752454433458123 754.5331991390443
-0.46818941546635673 0.39653061356689123 0.7896595112765622 301.27247459708775 -0.08282564678524758 0.8700278829658868 -0.48599526242186775 -84.26463586405404 -0.8797377924585672 -0.29294189759432016 -0.3744949414264069 754.1971389245307
-0.46809443980822046 0.3964498267629153 0.7897563740042152 302.012394814311 -0.08299517164812309 0.8700406057493989 -0.48594356239209036 -84.73873775646146 -0.8797723551599718 -0.29301344543701924 -0.37435774853661813 753.8528525845286
-0.46718586514450405 0.39635531754875897 0.7903415904911034 302.76722227283756 -0.08330132280744555 0.8701827570367686 -0.48563655028675057 -85.22375518713949 -0.8802262533165595 -0.2927190318491608 -0.373520161926481 753.5010186517344
-0.4658385252988894 0.39603908829674317 0.7912948305710356 303.54310163311754 -0.08476044595903395 0.8701666599098262 -0.48541286631299785 -85.71898934959903 -0.8808008487440159 -0.29319451652863654 -0.37178870387541774 753.1414761913223
-0.46357447600982354 0.39530325656428844 0.7929905677508966 304.2940527813492 -0.08696049135918633 0.8703463208338407 -0.48470109836224234 -86.19781382091075 -0.8817803457408107 -0.293653907109484 -0.3690945742009137 752.793815308696
-0.46006216861154603 0.39222436558982493 0.7965568705686394 304.9978110063935 -0.09042905779092227 0.8717741217474954 -0.48148984014039903 -86.64856946740709 -0.8832697133489208 -0.2935471473018297 -0.3656018131676539 752.4739630959342
-0.45594134444356005 0.39283666315843907 0.7986218419912803 305.70885955148844 -0.09508334758888547 0.8706826640657159 -0.48256694406757367 -87.09903621372281 -0.8849161810241054 -0.295957859456326 -0.3596279994490766 752.1594376107273
-0.45342508039822216 0.39317726099097944 0.7998858280439156 306.4870804106063 -0.09850170521727511 0.8698402979486175 -0.4833997001798277 -87.58942641914003 -0.885834697071159 -0.297975665959976 -0.35567877637070167 751.8174884442449
-0.45283041146971553 0.3883360089166363 0.8025831811263364 307.33438314513 -0.10064376261491449 0.8721471425695322 -0.47877990220404043 -88.12282669268176 -0.8858981044651117 -0.29758109127849103 -0.3558511523356741 751.4508628323681
-0.45025163351196906 0.3883695248038356 0.8040165288869687 308.12592048684473 -0.10190822451977269 0.8722184073170363 -0.47838244502966215 -88.61690287371083 -0.8870671791330286 -0.2973283742614799 -0.3531397139433623 751.1089514013343
-0.44727287018183115 0.3890511153179008 0.8053485017489059 308.87069865565593 -0.1042800210397866 0.8716117405044245 -0.47897667064982086 -89.07756697094938 -0.8882976172495601 -0.2982150289384228 -0.3492780263686976 750.7914918006818
-0.4456282263130309 0.3874282314475339 0.8070407978476315 309.62335256301276 -0.10520806326640184 0.8725896963514377 -0.4769889781169331 -89.5412998617502 -0.8890144809488946 -0.29746695160763825 -0.34809002479880047 750.4720322671365
-0.44560776668910346 0.3883379660519399 0.8066147422338594 310.3449317370157 -0.10605346208686255 0.8717717316297402 -0.47829563149862875 -89.98635381050661 -0.8889242833029917 -0.29867653415346457 -0.3472836686346477 750.171578756704
-0.4471046741242598 0.39172598493232164 0.8041443670790995 311.06227374527595 -0.10675061421463271 0.8692129552362798 -0.48277649571433057 -90.42831234172475 -0.8880888000313006 -0.30169453289414205 -0.3468121856001499 749.8735847942808
-0.44876682794874984 0.3890064518902269 0.8045385724255844 311.7832034351385 -0.1070233524496202 0.8704104512995188 -0.48055348120579644 -90.87469017721016 -0.887217186580185 -0.30176087661647527 -0.3489785626373063 749.571784706849
-0.4502327597455792 0.3895154420084993 0.8034725773097713 312.5304535683149 -0.10726964279716766 0.8697227013653716 -0.4817423029627834 -91.33567634358765 -0.8864444064835902 -0.303084382914467 -0.3497944697208843 749.2553188186702
-0.45074724752911294 0.38697613903885414 0.8044105833835812 313.29150836482034 -0.10776383892214433 0.8709665570222266 -0.4793789853233121 -91.80883289523551 -0.8861229451186148 -0.3027651306928016 -0.3508837439535859 748.9306297138046
-0.45059961839907714 0.3862747634361681 0.8048302870984303 313.9981836146689 -0.10638485125048024 0.8718834898713607 -0.4780182460054716 -92.24838711622253 -0.8863646243634817 -0.3010165896127127 -0.3517765845745251 748.6249636708777
-0.45011711307656005 0.3844541380215439 0.8059712155367202 314.72518982021484 -0.10556381073288375 0.8733358484754637 -0.47554261389615887 -92.70088299683941 -0.8867078810855196 -0.2991312613648941 -0.3525189670004692 748.3129273612818
-0.4491664157948854 0.38454473107945103 0.8064582324714727 315.5355990498923 -0.10452275597392076 0.8738211202866109 -0.47488066208750385 -93.20588161296908 -0.8873130926598507 -0.29759368195592467 -0.35229742555733956 747.9659303755973
-0.4473157272979497 0.38657948336974973 0.8065140687858378 316.3544300788264 -0.10403105072810159 0.8731513323849419 -0.4762187430570172 -93.71367054906867 -0.8883052294095256 -0.29692263940625546 -0.35035805344206794 747.614029590708
-0.4463644055386977 0.3867944702180015 0.8069379500784828 317.17682624888147 -0.10490084898240477 0.8729213654356089 -0.47644947439240637 -94.22226214071424 -0.8886813992375738 -0.2973185624457489 -0.3490659580571317 747.2649508749738
-0.44576891042335853 0.3868889565199101 0.8072217872573251 318.01935590222655 -0.10566406218239602 0.8727277828484155 -0.47663541938005544 -94.74354787121301 -0.8888898607043972 -0.297763584689974 -0.3481546540971351 746.9069277238042
-0.44433444779966014 0.3878091023999374 0.8075710486355546 318.82693480965236 -0.1063061643874056 0.8722529629621808 -0.47736125525322204 -95.23999876422798 -0.8895312798950947 -0.2979578304046571 -0.3463455404487637 746.5655375728124
-0.44271395148669346 0.3861317579339757 0.809263012051001 319.65856021777967 -0.10703974062678345 0.8733151712632166 -0.4752505713495219 -95.74880728897175 -0.890251004540621 -0.29702336129724755 -0.345297367146206 746.2152985781643
-0.4401132712950168 0.38582889572710555 0.8108245011418961 320.5413754357334 -0.10966594705342382 0.8731251577184709 -0.4750008831738825 -96.2876028113034 -0.8912203366658946 -0.2979740293735288 -0.34196167816296963 745.8509442848032
-0.436439221177757 0.3835509133755638 0.8138854360820859 321.4165567247199 -0.11159696353978134 0.8745230459416271 -0.4719698717563196 -96.81950876925809 -0.8927860460079164 -0.29681330658470884 -0.3388730397771466 745.4955618187662
-0.43430325554449856 0.3804943730933857 0.816458642104868 322.2609924533443 -0.11258997311099413 0.876365025955539 -0.46830314886493185 -97.32858469724009 -0.8937025121248745 -0.295310638694609 -0.3377683325823663 745.1574109164253
-0.43176360711697115 0.3816397914676302 0.8172706143853999 323.084972779585 -0.11274987187977548 0.8761356888444385 -0.4686936324766671 -97.82534392185282 -0.8949120928674682 -0.29451201045394426 -0.3352536677471931 744.8256026399395
-0.42789331869254044 0.3838549178733211 0.818268116110333 323.94576461978306 -0.11451622208985732 0.8750138438819649 -0.4703581697952874 -98.34286438746227 -0.8965452262415693 -0.2949680915613983 -0.3304549625351109 744.4829926390839
-0.42441326377081595 0.38255234862085885 0.8206869574326572 324.81595036877854 -0.11648397622885061 0.8757684176724196 -0.4684668204787404 -98.86453488108796 -0.8979448005402761 -0.2944204122886358 -0.3271265137687174 744.1422331274451
-0.42068699614798943 0.3830757323037299 0.8223596747117079 325.64358426524143 -0.11907726380745827 0.8753164079348397 -0.4686595686040945 -99.35876737986115 -0.8993570239432762 -0.295083326062334 -0.322618620299395 743.8247088418173
-0.41749107528969526 0.38207769804805386 0.8244500195328747 326.50063335232903 -0.1207505845949366 0.8759302342717549 -0.4670819210894457 -99.87040276184383 -0.9006222839644992 -0.2945553553119141 -0.3195569499848851 743.5001491374247
-0.4158179567633193 0.38189549337037637 0.8253794636266268 327.3474544483576 -0.12210015675785064 0.875901692519257 -0.4667845078423306 -100.37365319685631 -0.9012141690812914 -0.2948763421932947 -0.3175861525032566 743.1818231623565
-0.414367044536706 0.3793245296747381 0.8272924837014762 328.1782437278552 -0.12313337472007486 0.8772789254348818 -0.463917944272327 -100.8631975978297 -0.9017417171407547 -0.2940996228743871 -0.3168079661138393 742.8705849355956
-0.41324689304310397 0.37912594023176716 0.8279435529271322 329.0621696162579 -0.12405492560636347 0.8772943625072601 -0.4636431569060163 -101.3794847175963 -0.90212935925122 -0.29430956993675467 -0.31550672927946716 742.5416211376669
-0.4123424070480593 0.3777507899053738 0.8290223640383183 330.0034073091366 -0.12584971435701992 0.8776419063666251 -0.46250030657871977 -101.92532040727977 -0.9022946241367421 -0.2950407173849418 -0.3143491471897376 742.1951632234184
-0.4109161234194861 0.3781627893149163 0.8295425512241473 330.9380306927326 -0.12720947889169082 0.8772274469268242 -0.46291441416135176 -102.46790883601543 -0.9027545004008574 -0.29574467220189604 -0.31236101048337067 741.8511508241105
-0.4100174180112204 0.37873070852907487 0.8297281285725345 331.81617537691005 -0.1287198838150947 0.8765792639398976 -0.46372404028820136 -102.98099324996826 -0.9029490065546537 -0.2969374419766755 -0.3106625936837477 741.5272981098717
-0.4093668976658776 0.37825343471961004 0.8302668740942493 332.69747000615905 -0.1290639202047197 0.8768520456488014 -0.4631122915048783 -103.49611062753863 -0.9031950219065648 -0.29674033963101326 -0.3101353305234213 741.2039250790461
-0.40832894655891117 0.3787299364079945 0.8305607182322612 333.6356621556515 -0.128883840387588 0.8768353401538601 -0.4631940651003729 -104.04624655664989 -0.9036904487096409 -0.29618139969562557 -0.3092250820766468 740.8603579935245
-0.40738821447394663 0.3792565498900575 0.8307823493991813 334.6024525763691 -0.12912075300875592 0.8766358957219664 -0.46350548807343667 -104.61238521451385 -0.9040811212773868 -0.29609791572592153 -0.3081612409966396 740.5085033665887
-0.40640695356483264 0.37804398659211813 0.8318149627745907 335.5851378919305 -0.13015430540568687 0.8771515207566597 -0.46223918745454673 -105.1873539799233 -0.9043745047702918 -0.29612151869767345 -0.3072764248777861 740.1544684436653
-0.40535974205096664 0.37562029227480803 0.8334223872417663 336.54191777488984 -0.1306037227928713 0.878535598780311 -0.4594756460013528 -105.74421533487084 -0.9047796124565427 -0.29510099577450977 -0.307065555176548 739.8096429465749
-0.40482727737824026 0.37440489049932485 0.8342276988093317 337.44634012082804 -0.13104753872207617 0.8791552211298339 -0.4581622417387053 -106.26865611423484 -0.9049538209684527 -0.294800059583339 -0.30684117517741644 739.4834568574628
-0.40668413860277847 0.374876699635583 0.8331119201399366 338.3559772524225 -0.1328022942724914 0.8779857868581749 -0.45989619340780724 -106.79429136622167 -0.9038647919046708 -0.2976716616430985 -0.30727840765300035 739.159505988849
-0.4093113843362078 0.3751122313261797 0.8317181040245998 339.29158542699054 -0.1315611511726238 0.8777858174128096 -0.46063404373868944 -107.3370908443285 -0.9028598197698834 -0.29796454933166006 -0.30993753110372896 738.8226782137627
-0.4117684379564244 0.3762118493378926 0.8300068661888842 340.2305328230932 -0.13025868623566825 0.8771546379134002 -0.4622038682736945 -107.88511355971279 -0.9019309442319181 -0.29843656881282765 -0.31217973385879466 738.4821812485127
-0.4131088499352773 0.37640827803975085 0.8292514011614966 341.19721121900955 -0.13035357191493363 0.8767659226240434 -0.4629140991741614 -108.45377726001985 -0.901304068777106 -0.29932979328553067 -0.3131335984168357 738.1309229884555
-0.41232193871013967 0.3785767551993898 0.8286556940497158 342.13618535389 -0.13031077370282934 0.8757128886891691 -0.46491508777478724 -109.00984266768471 -0.9016705169380206 -0.2996774549517719 -0.3117430061418416 737.7863271520581
-0.4107702179377267 0.38101330003106815 0.8283095395169796 343.0524834723818 -0.13130924340316621 0.8743003359211594 -0.46728664137233034 -109.55151900956095 -0.9022337339360992 -0.3007121344535035 -0.30910597137574497 737.4520366904682
-0.40916590882279 0.380635334603727 0.8292767940249698 343.9883314339039 -0.13333783697294033 0.8741381430175617 -0.46701555450882304 -110.10480174387929 -0.9026650986321523 -0.3016608177621292 -0.30691443553292 737.1148530434289
-0.40893265150923125 0.3800466569040312 0.8296617534306991 344.9009277112473 -0.13431008748384618 0.8741881261262354 -0.4666432476099697 -110.64456948943561 -0.902626659771196 -0.3022576032393054 -0.3064399685979698 736.7862660409052
-0.4109437838959144 0.3791921306308865 0.8290588245383554 345.734813758532 -0.13323524565656203 0.874649871470207 -0.46608579859504684 -111.14014263041453 -0.901872261349765 -0.30199491784590926 -0.3089101710904066 736.4835620039581
-0.41410681401142563 0.3796781009907765 0.8272605914809114 346.4716576066947 -0.13161911966190246 0.8743203742793345 -0.46716195313773895 -111.58120858932061 -0.9006619531926101 -0.3023382588229296 -0.31208912721078935 736.2118946484902
-0.4170265398317379 0.37994531645778756 0.8256696806700381 347.1440171308879 -0.12964934393589897 0.8742760927886732 -0.4677952128818327 -111.98522468040072 -0.8995998625460955 -0.3021305513845989 -0.3153366728230079 735.9584145116293
-0.419340644013681 0.3793016143063181 0.8247931314352802 347.83442103607416 -0.12780160660125825 0.8748208776445626 -0.46728490387271354 -112.40127946681073 -0.898788169497309 -0.3013614398389696 -0.3183725945332921 735.691957466086
-0.421684100048748 0.37911702613684695 0.823682463246143 348.54099642585766 -0.12676433109723698 0.874827669771747 -0.46755465195333273 -112.82519815337228 -0.897838139158469 -0.3015739191224719 -0.3208424023996371 735.4197675621606
-0.42253538301240345 0.37824091398043497 0.8236489914361638 349.22672792828 -0.12747336940954598 0.8749237353114855 -0.46718197469505623 -113.23224571073195 -0.8973373892767056 -0.302394226763412 -0.32147059185285465 735.1589143954674
-0.4226735576261247 0.376874686298287 0.8242041825368552 349.9227261648423 -0.12814984605243623 0.8754430069377884 -0.4660227017651151 -113.64100219736832 -0.8971759474263712 -0.3025971123974751 -0.32173017721112723 734.8919936933588
-0.4224579982834428 0.3747237902615998 0.8252946871865408 350.66693565169453 -0.1281020560173587 0.8767122597291774 -0.463643696047603 -114.07615788223978 -0.8972842932596486 -0.3015919339978095 -0.3223712183446194 734.604248738974
-0.4229033336903497 0.3738960050876278 0.8254420317218553 351.46805243192995 -0.12760421456896237 0.8772600683667473 -0.4627439214872578 -114.54463563459105 -0.8971454368037671 -0.30102582917198595 -0.32328550136604767 734.2951603212571
-0.42461491477306884 0.3739106721024526 0.8245562342497659 352.2842936096891 -0.12649326254657264 0.8773024078546121 -0.4629686163260109 -115.02082932313112 -0.8964940762116493 -0.3008841877872469 -0.3252185063261789 733.9791060074908
-0.42689223022546047 0.3735255330220574 0.8235543090493325 353.0948014678969 -0.1246191282626027 0.8777182917282027 -0.4626885272370519 -115.49843990441751 -0.8956746600435878 -0.30014875736260005 -0.32814269275650665 733.657302457306
-0.4286014631804582 0.3737700576337177 0.8225550010644034 353.91318965791163 -0.12131581251184213 0.8783632593319247 -0.46234236047585664 -115.9833741228353 -0.895311822436271 -0.2979495404800696 -0.3311235599191923 733.3238149190215
-0.42920507797477775 0.3738346746295852 0.8222108227731256 354.736726395501 -0.1190743676422905 0.8789580551822767 -0.4617943613782826 -116.47030001987298 -0.8953235705661103 -0.2961087186740391 -0.3327391331267944 732.98784023813
-0.4280008431111446 0.3739237652372049 0.822797846428261 355.558780575352 -0.11787110610244288 0.8795273011163945 -0.4610185776485533 -116.9584197350415 -0.8960589716320747 -0.29430043218069185 -0.33236361861059255 732.6555004455671
-0.4262025163403126 0.3737491237546662 0.8238100555090403 356.3962104871362 -0.11743857861093836 0.8800960044744123 -0.4600426101591191 -117.45276261486829 -0.8969724607361272 -0.2928184000379652 -0.3312065658772234 732.3207286670649
-0.42445464302785435 0.373568223181293 0.8247939370783902 357.2581821873468 -0.11754352264100595 0.8804802301528428 -0.45927996319797976 -117.9582019560944 -0.8977871553420864 -0.29189269764618603 -0.3298133968831428 731.9796243981573
-0.42222057978630234 0.3752175437887447 0.8251918424451754 358.11106869188274 -0.11778774229277979 0.8798860369357132 -0.4603548737345264 -118.46115150644418 -0.8988080049546088 -0.2915687857756814 -0.32730996530935574 731.6461345667755
-0.42110155705497443 0.3748766695138198 0.8259182534004836 358.93971551634957 -0.12042013185954334 0.8794227149931279 -0.460559095227793 -118.94809490259105 -0.898984132501126 -0.29339933709594707 -0.32518357661920405 731.3270615750013
-0.41848723641548813 0.37594704171476473 0.8267600950597743 359.7627300359679 -0.12234478128334 0.8786732809212029 -0.4614813321120343 -119.429695875375 -0.8999445468750031 -0.2942738303367881 -0.32171839445213807 731.0096459747716
-0.41575162060657306 0.3772030312598936 0.8275677997429326 360.63063936002794 -0.12481720447141208 0.8776623009954576 -0.46274134338666734 -119.93833104776559 -0.9008724967668541 -0.29568016270914327 -0.3178080961041585 730.6869884622586
-0.4139674138450766 0.3777522754916239 0.8282114456075345 361.5379768542555 -0.12781366194042496 0.8766969198208104 -0.4637522815017509 -120.47010665056509 -0.9012739029261823 -0.29783507036210927 -0.3146420549872585 730.3567068389324
-0.41059080462479436 0.37711573563585876 0.8301800485999358 362.4300626201415 -0.1302178541604556 0.8768814602897318 -0.46273341683737423 -120.99289210523352 -0.9024735462136305 -0.2980983504415476 -0.3109322624762882 730.0309267364805
-0.40764896392729594 0.37231160283591663 0.8337903768950296 363.3399004862114 -0.13176027713855373 0.8795649808072495 -0.45717028983291486 -121.51862454951205 -0.9035826202275968 -0.2962254461238809 -0.3094978731612535 729.7036890986024
-0.4064155203667974 0.3715082098939875 0.83475030685011 364.23693279169885 -0.132198743944217 0.8800821701431031 -0.4560469996565866 -122.03054984860948 -0.904074066050206 -0.29569752074978595 -0.3085661344313057 729.381925813734
-0.40367409151603223 0.368845225172466 0.837257682978294 365.0751906312956 -0.13381312811338905 0.8814892268101823 -0.45284742437392084 -122.5066780512234 -0.9050642378213888 -0.2948388422258147 -0.30647802944376085 729.0853744769905
-0.40151232427726274 0.3660292705044977 0.8395298842729887 365.9247608296445 -0.13516016921358615 0.8829450813323846 -0.44959950178920416 -122.98792040614012 -0.9058253596094672 -0.2939907421754856 -0.305040753676435 728.7878972867054
-0.3993447573247171 0.36706410294503433 0.8401117241929328 366.8142672964981 -0.13616445988661308 0.8824416130560673 -0.45028439836484446 -123.48812755962045 -0.9066327838000595 -0.2942120729612604 -0.3024173464978383 728.4776889042637
-0.39625821068029604 0.3686303983748392 0.840887067246524 367.721834280602 -0.13898527992368684 0.8812223037723788 -0.4518078610412094 -123.99684295835263 -0.907558550415884 -0.2959034990129511 -0.29795737419790985 728.165711749352
-0.3934497439609974 0.36697082889988003 0.8429292435985141 368.6100566840934 -0.14213304733371293 0.8815747489857584 -0.4501379330897659 -124.49401171250626 -0.9082926267633433 -0.29691475660066285 -0.29469667707681463 727.8671779017512
-0.3912347738299891 0.36719342465612426 0.8438627498802793 369.4615197406808 -0.14412653525056987 0.8811904760175588 -0.45025646781874334 -124.96990115207218 -0.908935032652422 -0.29777900171982224 -0.29183004052339767 727.5804337753618
-0.38910712697441036 0.3671937709813777 0.8448457718957928 370.3166614458856 -0.147808021691618 0.8803527694494814 -0.4507014422500057 -125.44482414158087 -0.9092570772126692 -0.3002461254955715 -0.2882773519782167 727.2993509513806
-0.38585321101632614 0.36530163846028907 0.8471552469805171 371.20214893654077 -0.15112505377726618 0.8808337749177539 -0.44865697262491616 -125.93842045602901 -0.910098081345744 -0.3011421157898153 -0.2846663106664186 727.0137517849668
-0.38271923417552195 0.3645588630145655 0.8488950601750674 372.1158534496487 -0.15381901203639411 0.880882654796066 -0.4476443454524801 -126.44758200238786 -0.910969647863333 -0.3018983005532838 -0.2810546509040455 726.722394320887
-0.3791645059613793 0.36596320482942624 0.8498854099995132 373.0563956076955 -0.15561224132372498 0.8801690072806144 -0.44842764073243885 -126.96868592191227 -0.9121508141580894 -0.30228041837610287 -0.27678049226255746 726.4287654954414
-0.3773022820579203 0.36595258929198815 0.8507183378441875 373.99187782384627 -0.15641142652006235 0.8802350293076765 -0.4480198196884484 -127.48833460297547 -0.9127860941139715 -0.3021009691646189 -0.2748755187752425 726.1368261513401
-0.37735970612106673 0.3649017731748496 0.8511441406307599 374.90514712626623 -0.15603496330512098 0.8809020331027261 -0.44683855955126556 -127.99795865606177 -0.9128267866482594 -0.30142711226651936 -0.2754794975457898 725.8510455324728
-0.37778714349083053 0.3658352749994895 0.850553599592106 375.7964558063099 -0.1552719854501342 0.8805889915062987 -0.4477204915706784 -128.4964191833802 -0.9127800856435284 -0.3012101917332255 -0.2758712301937753 725.57120915229
-0.37754022338069904 0.3654036861895959 0.8508487091420596 376.708954055605 -0.1549006800678179 0.8809811660800042 -0.4470771346499845 -129.00614117775882 -0.9129453209498225 -0.3005866449650917 -0.2760045467459837 725.2856847271677
-0.377064775677643 0.3642065242940881 0.851572523397033 377.6423821151208 -0.1545017934778349 0.8818218968192413 -0.44555508986234743 -129.52621175433703 -0.9132093685214231 -0.2995726121522689 -0.2762334145120217 724.993406054165
-0.37686012877316055 0.3637514990850318 0.8518575527953431 378.5628039565725 -0.1537300326935694 0.8823474727513168 -0.44478086107362463 -130.0362441999856 -0.9134240638329527 -0.2985762620215392 -0.2766020523570633 724.7042825536897
-0.3766264733434254 0.3638486587074652 0.8519193935658904 379.46459329228026 -0.15281622438488215 0.8826347309371685 -0.44452573975892345 -130.53243002100456 -0.9136737388924115 -0.2976072668807821 -0.27682162769211666 724.421238574707
-0.37695210103937654 0.3616482098673208 0.8527119594691772 380.3074275742811 -0.15175084978159334 0.8840702308817661 -0.4420311148089259 -130.99779650927061 -0.9137170202598609 -0.2960243219203813 -0.27837170782789655 724.1567966867767
-0.3774733080198424 0.36343536337739396 0.8517209862268867 381.12453860413626 -0.15095543361263858 0.8833113556699594 -0.44381697354575733 -131.44660008738612 -0.9136336020502817 -0.2961009719525394 -0.2785639165674359 723.9024247926211
-0.3770725051583359 0.3649618041700804 0.8512456797837734 381.97707337135193 -0.15027471510922638 0.8828028157304962 -0.4450580844531927 -131.9145848726611 -0.9139112844540506 -0.2957398688632056 -0.278036138140929 723.6317041399064
-0.37653184915965804 0.36520821360917677 0.8513793086990101 382.8364567743384 -0.14953791660250532 0.8830033267512691 -0.4449084584994655 -132.38526543226698 -0.9142549852566217 -0.29483569264691156 -0.2778664000465521 723.3611714753471
-0.37674115884475773 0.3661704990612896 0.8508732366513341 383.69224698516257 -0.14838323275140622 0.8828365491827742 -0.44562545221889 -132.85467018399942 -0.9143568862706433 -0.29414077079564466 -0.27826730222072144 723.0917267747093
-0.37674245623216507 0.3647882239049666 0.8514661903871563 384.5120569701698 -0.14775437887128137 0.8837606160505931 -0.44399979396643335 -133.30421493110714 -0.9144581812179887 -0.2930814310360434 -0.27905108776952153 722.8315937270188
-0.3762445337306519 0.3651774251594316 0.8515195235528861 385.2954921220235 -0.14711017829316644 0.8838469259947029 -0.44404189763159085 -133.73490556421626 -0.9147669901567022 -0.29233552566125254 -0.27882125843630956 722.5802400008369
-0.3761398878295505 0.36612796184424 0.85115750618752 386.1478696412847 -0.14710124483660966 0.8833709388513933 -0.44499102031425913 -134.20365615585106 -0.9148114606579258 -0.2925852011783747 -0.27841316689467527 722.3098184373151
-0.37581116540204534 0.36611970332864024 0.8513062497090615 387.0807761926175 -0.14702021228824305 0.8834560835331647 -0.4448487446840322 -134.71515640710896 -0.9149595756851071 -0.2923383507218809 -0.27818566382784604 722.0140380696262
-0.3747957715818007 0.3658937006524693 0.8518508845022384 387.9629833288178 -0.14542390843284794 0.8842505922888004 -0.4437936197074241 -135.19486725767877 -0.9156309390035443 -0.29021145714762187 -0.2782036909887107 721.7258725142714
-0.37437326621770767 0.36474688883445355 0.8525282192555708 388.7682602262563 -0.14484313865467127 0.8850999608973784 -0.44228782981687437 -135.63464581662794 -0.9158958034220619 -0.2890636025255431 -0.2785266790970142 721.4605142011918
-0.37299185903720933 0.3663137543907479 0.8524619090822321 389.5357745857865 -0.14383225159391047 0.8848304016770534 -0.443156229415144 -136.06022625713155 -0.9166184356063258 -0.28790518163481893 -0.2773468043703308 721.2093148905724
-0.37023513819315046 0.36717074636069524 0.8532945478930655 390.2645351933921 -0.14382394700313858 0.8848364745245945 -0.4431467991753097 -136.46426550653968 -0.917736680489307 -0.28679270626676595 -0.2747896084582758 720.9760074767889
-0.362782383142297 0.3684115668673787 0.8559566927595816 390.9592965376298 -0.14644298577755568 0.8845809584065748 -0.442799028839334 -136.8465772967053 -0.9202952756578431 -0.28598854071942686 -0.26695909832599385 720.7621579377528
-0.3484887408221674 0.37103011270062475 0.8607509819858146 391.66101776371164 -0.1517959609888932 0.8838548524053378 -0.44244613921583065 -137.2296373196457 -0.9249397730380254 -0.2848460204196281 -0.25169259207109623 720.5612720692144
-0.32975506705635155 0.37344138767982255 0.8670658139486481 392.3456014494766 -0.16127526173231532 0.8826534422539375 -0.44148974034562277 -137.60025992150406 -0.9301891666235582 -0.285419745016077 -0.2308325874982304 720.3853162712383
-0.30557164754179106 0.3731640506838481 0.875999177794032 392.9901418304064 -0.17418578841668972 0.8825708813947015 -0.4367241124873153 -137.94247554028433 -0.9361011052937859 -0.28603711401040444 -0.20468876392306415 720.2449992068416
-0.27724973385726936 0.37264648646721166 0.8855886071984653 393.56175410302666 -0.19040100182414893 0.8821327145166719 -0.43080080371768753 -138.24147269215686 -0.9417430878856665 -0.28805636619087077 -0.17361879597693788 720.1477962783805
-0.24418361950980488 0.37297245903630455 0.8951345735494216 394.117263926942 -0.20710739088737257 0.8817210596161064 -0.42388029167357244 -138.52255888204976 -0.9473546794115246 -0.2888936098806301 -0.13805648687123118 720.0779661371295
-0.21034447223258299 0.3739550147467616 0.9032789435976837 394.74034398022684 -0.22385011664462084 0.8809803797068748 -0.41685092761047987 -138.8310979899216 -0.9516545214936892 -0.28988138525486423 -0.10159947934580602 720.0205618770439
-0.17857007189859161 0.3735346291981825 0.9102662304029026 395.36205615938366 -0.23988989438826283 0.8806900784141186 -0.40845786117213956 -139.1295339120101 -0.9542355935472734 -0.29130201951361206 -0.06765770787408094 719.9865407401204
-0.15059598991732923 0.37297302022027357 0.9155391712038262 395.9229311128283 -0.2536698179035593 0.8805150998196193 -0.4004307461651991 -139.38908821744062 -0.9554959295075999 -0.2925479194549369 -0.03799004497228061 719.9757609249151
-0.12690560317464814 0.3727241325692256 0.9192234161961927 396.49749496679897 -0.2651242085380924 0.8802539519867606 -0.39352526482900313 -139.64996787381648 -0.955826407842934 -0.2936489417862886 -0.012890968073291107 719.9773269006573
-0.10671240685889954 0.37296696726935996 0.9216876388171206 397.1537597580559 -0.27587289863382747 0.8794793750119579 -0.3878275038312046 -139.9433318940021 -0.9552521164706985 -0.29565464693535787 0.009040117464972951 719.9968701860744
-0.09127981317710335 0.3749171863261558 0.9225535751942181 397.88345331765765 -0.282276302635178 0.8786818502467877 -0.3850172658693272 -140.26897307610923 -0.9549806724101619 -0.29555931628720344 0.025624322017886596 720.0242485895944
-0.08106820665703378 0.3772845183970025 0.9225423231740408 398.6514297301057 -0.2860291265522449 0.8778508608715674 -0.3841421674729356 -140.608776089708 -0.9547854652397946 -0.2950156915233301 0.03674856625558125 720.0616293446287
-0.07823184553307937 0.3772935521212829 0.9227834815774474 399.34694032126504 -0.2875964080267587 0.877727206482779 -0.38325351543076586 -140.91686411299548 -0.9545512476732684 -0.2953718445072934 0.03984205112398907 720.0958508334757
-0.08414198590271015 0.3789860313642868 0.9215691586848477 399.9371995163701 -0.28509082693111315 0.8770325021270113 -0.38670041454925413 -141.18374546574614 -0.9548001605614029 -0.29526865435325267 0.0342501846467892 720.1198236971446
-0.10297287540660431 0.3821090539004376 0.918362269400159 400.48573025529754 -0.27619845844602603 0.87597880025491 -0.39544348908030363 -141.44035629565886 -0.9555684164320906 -0.2943701962347407 0.01533587578808825 720.1211792434309
-0.1355697205409411 0.38575729118420987 0.9125854278754805 400.957098268675 -0.2620225090061399 0.8743346540435146 -0.4085133015126094 -141.67139201798474 -0.9554920489708832 -0.2944999576177005 -0.01745621140444744 720.0969424290507
-0.1759891690347662 0.3896289526364334 0.9040006037884545 401.41247275004105 -0.24578538574910497 0.8718558975286771 -0.4236234626370756 -141.9089491866951 -0.9532142238419514 -0.29674327829270214 -0.05767209250137305 720.0369763872853
-0.2163885255567833 0.3908225347603321 0.8946696330662353 401.8779170989062 -0.22641570747603096 0.8713095242569238 -0.43537988050356513 -142.15229366842397 -0.9496904408361111 -0.29677846832727145 -0.10005302255220816 719.9662743275969
-0.2548230085954606 0.39048829272643326 0.8846378510633348 402.299864468632 -0.20661394507651687 0.8717249523336119 -0.44430427094377245 -142.38328475234317 -0.9446565047625899 -0.2959974674259163 -0.1414552483549897 719.8683868943282
-0.2952421294780519 0.3927679607708302 0.8709566085478603 402.6829529166872 -0.1842254390923435 0.8710831124313634 -0.45527486074691087 -142.6091551039927 -0.9374929720123213 -0.2948686830248532 -0.1848225830322008 719.7467468799806
-0.33873685221387784 0.39541216581266353 0.8537602497654562 403.0165102775602 -0.1581597723831712 0.8705631575549527 -0.46594557097117156 -142.81666850474193 -0.927492766199248 -0.2928634627864804 -0.23235352550107755 719.6075396944752
-0.3828764816565839 0.3967509293903487 0.8342627282949729 403.32535430597596 -0.13030746484884043 0.870853551789744 -0.4739557531456419 -143.02002501459046 -0.9145630456119137 -0.29017717236729856 -0.28172973616212543 719.4443248715185
-0.4241678883920148 0.3989466291916682 0.812971825780984 403.66018960601843 -0.10533481018647234 0.8699034481375105 -0.4818428879639571 -143.24610459031842 -0.8994365904387226 -0.2900165132799756 -0.3269621412409891 719.2564286920572
-0.4620356996402045 0.4005971261594322 0.791230026459305 404.04484770379344 -0.08232723894065545 0.8689425940690237 -0.4880174115141807 -143.51285929339988 -0.8830318442651941 -0.2906212496108963 -0.36850244407359406 719.0278338918081
-0.5001735342495911 0.4027261092531373 0.7665755778539419 404.4645253385289 -0.058974140295183636 0.8673694212159462 -0.49415821142216754 -143.81315816962513 -0.8639146291229892 -0.2923729947607059 -0.41008480284197985 718.7550140223742
-0.5387965377343483 0.40563206989038214 0.7383501302240859 404.860946351657 -0.033087503333957526 0.865580996036703 -0.49967465057098054 -144.11096209165555 -0.8417859039260511 -0.293653134116686 -0.4529506913283717 718.4677013832937
-0.5738399242267098 0.4069593140187896 0.7106981483702076 405.22053130440605 -0.008781946798567563 0.8646901344887333 -0.502228880818577 -144.3987015265989 -0.8189203983134782 -0.2944402962422291 -0.49261982620970896 718.1755918882595
-0.6071080635679857 0.40739587596459426 0.6822377880165925 405.5597628917355 0.0154359825254628 0.8644563214685601 -0.5024708934023105 -144.68510570955013 -0.7944693383600142 -0.2945231205187221 -0.531106958988222 717.8612892026548
-0.639515837102649 0.40736699822199074 0.6519751704279114 405.878450502274 0.03897200205240955 0.8641551976892119 -0.5017140394315701 -144.96140621239635 -0.7677894744986541 -0.2954452962331995 -0.5685168421276179 717.537746612428
-0.6685012379626626 0.40632267425873425 0.6229028650003302 406.1750397935001 0.060252719920722515 0.8643968581689094 -0.4991870203940305 -145.23300512814455 -0.7412662845324458 -0.2961755492456259 -0.6023324160665073 717.191738893533
-0.6949847310439796 0.40456213494635546 0.5944120646347749 406.4460958729656 0.08014284330794981 0.8651262205100818 -0.4951098335242956 -145.49338220211604 -0.714544154186597 -0.2964559015327365 -0.6336722734696338 716.8461709200136
-0.7194395507547641 0.40368237269720003 0.5651966691191161 406.6884613517083 0.10018388386227917 0.865557794116921 -0.4906861465924181 -145.73753447635704 -0.6872917300710427 -0.2963954234076631 -0.6631589784953124 716.5012100660348
-0.7439536872527186 0.40244507375361893 0.5334518477187328 406.9258658796931 0.12026685577044345 0.8659075187907388 -0.4855306914137919 -145.98918198439927 -0.6573194007681276 -0.297055771721591 -0.6925958950648791 716.1203415355548
-0.768865810108802 0.399820077348644 0.4989882481528615 407.1653289407546 0.14120536062189884 0.867292477687811 -0.47735186631852017 -146.2508844615919 -0.6236236141915813 -0.2965597138774272 -0.7232882716646036 715.7140204297253
-0.7923766769874454 0.3982920678186714 0.4620634485425808 407.3680820878601 0.16380262552355368 0.8685394551412967 -0.4677690827047539 -146.50778649911956 -0.5876290510499965 -0.2949621053213202 -0.7534516937312545 715.2774645545127
-0.8152768459384495 0.3980658740898199 0.4205558516555951 407.5520590123723 0.1878829700961599 0.8688065580395924 -0.45812133136892746 -146.75469644590746 -0.5477441501508662 -0.2944804315952132 -0.7831076690870824 714.834360958027
-0.837058200883939 0.3978626289748283 0.37555145692459074 407.6945474698408 0.21231493027613563 0.8688482109193267 -0.44724172073289575 -146.9758897534064 -0.504237978255088 -0.2946321687248732 -0.811748696603635 714.4048839549146
-0.8580480966950149 0.3961437623509756 0.3268387726517123 407.8222957243162 0.23510997790635468 0.8687979836455955 -0.43579050230841154 -147.17598593526793 -0.4565925558382793 -0.29708615444641684 -0.838607807493651 714.0029574036859
-0.8759472034826851 0.395620578765576 0.27604502235696265 407.8909162346942 0.260264409312264 0.8693651039841722 -0.42007946060230605 -147.34119821796153 -0.40617598889668394 -0.29612273406778306 -0.8644838878845705 713.6151198127748
-0.8897572612721301 0.39672474467660646 0.225702221909315 407.94773495976744 0.28544002991175843 0.8695021452282874 -0.4031004946255674 -147.50505353305104 -0.3561685069422769 -0.2942371431425445 -0.8868869703957905 713.2198030992913
-0.9000049677229726 0.3977003807464377 0.17839693166675022 407.972964106643 0.3074480577210706 0.869336356760161 -0.3869495970000586 -147.6464290222104 -0.3089769406889624 -0.293408769414118 -0.9046792493217599 712.8486960174703
-0.9066066309777857 0.40025864257713034 0.13363171670461974 407.9756775864308 0.3291627691726222 0.8689526775808266 -0.3695580002052714 -147.7665181963069 -0.2640384215558769 -0.29105714759720885 -0.9195485026766441 712.5097250400403
-0.9108451484274135 0.402031980250569 0.093441973663077 407.97768515849253 0.3469906522652396 0.8684477467378038 -0.35411297410088133 -147.9124783288662 -0.22351421168862246 -0.2901185930646915 -0.9305227558374799 712.10410457909
-0.913948959957467 0.4019130432669793 0.05624237054518047 407.9813142039015 0.3613160401694861 0.8689555483777051 -0.3381818653621754 -148.08017554888752 -0.18479182262455937 -0.2887596935091107 -0.9393986489747675 711.6462361269315
-0.913825898381384 0.40542859149759936 0.023449619266235604 407.9615922917684 0.3767639917591468 0.867935166554983 -0.3236316442668793 -148.22795854611272 -0.15156227090265834 -0.28690800590685006 -0.9458925278198285 711.1979332025483
-0.9151108249737223 0.40316865233165117 -0.005216875788797841 407.94142295589324 0.38433537567477033 0.8683055026357349 -0.31357913370859564 -148.3845957426548 -0.12189543478263502 -0.28896468965875804 -0.9495477403003868 710.7256351458336
-0.9163998357352662 0.3992641552063933 -0.028274996581866902 407.91782430220206 0.38805748977128646 0.8689210093143482 -0.307225754461664 -148.56006205201356 -0.0980954927445017 -0.2925139551191667 -0.9512165160276372 710.2030418096675
-0.9158480031796695 0.39912853419435285 -0.0438046602963835 407.8822677437443 0.39320432004522365 0.8694210096062728 -0.29916127883297156 -148.73644137361285 -0.0813191107279646 -0.2912104415145084 -0.953196559468895 709.6636223420786
-0.9161158377372105 0.3971809429880567 -0.054580860877867565 407.8411274384808 0.3950305104983748 0.8710307416255629 -0.2919868882648867 -148.92233942774422 -0.06843001989217953 -0.2890549180870964 -0.9548636482279648 709.0913538198699
-0.917414795104665 0.3925912584912643 -0.06497843857244515 407.79954864640007 0.39367831483617005 0.8716132455895823 -0.2920748783112716 -149.11422034214766 -0.0580299763124269 -0.2935344168390446 -0.9541855521753312 708.4897773075666
-0.917497973422717 0.3909345830263261 -0.07326404683910134 407.7513524648043 0.39437045492703127 0.8702299385013947 -0.29524870603696396 -149.30422913702003 -0.05166636280846248 -0.29978326492632923 -0.952607254341607 707.8765498000286
-0.918118400172978 0.38874786589848354 -0.07703051358512579 407.69551368895145 0.39346124656245757 0.8708947815939299 -0.2945004700267464 -149.519035773419 -0.04740095692420571 -0.3006948222896999 -0.9525417435109266 707.2068399686432
-0.919520880521002 0.38502191785503004 -0.07899033521335162 407.6330015492747 0.39055453240758226 0.8724901784598876 -0.29364612326220946 -149.76657054723262 -0.04414190188220103 -0.3008637752576178 -0.952644992237904 706.4594457535845
-0.9192468607038267 0.3854651407504437 -0.08001146388113421 407.56063527891433 0.3913683818755332 0.8727728956137422 -0.2917160646075684 -150.02614022178093 -0.04261453688928412 -0.2994730337580377 -0.9531526128052471 705.6707958671435
-0.9193391195276616 0.3849552857850342 -0.08139417210260681 407.49301516872873 0.3913655064460896 0.8733043864786494 -0.2901249539790432 -150.2696628295621 -0.040603247041361916 -0.29857809113079736 -0.9535211061252853 704.9306059644703
-0.9197518339172873 0.3835906281318403 -0.08315524045548088 407.4330852219798 0.39059267684256027 0.8736416630959662 -0.2901510043061606 -150.49843207999766 -0.038651323428207235 -0.2993467462865306 -0.9533612120727987 704.2376534728872
-0.9207927120115756 0.3805485045658542 -0.08557813493563364 407.3705892253122 0.3883887916734643 0.8742845648820473 -0.2911711629118374 -150.73352619109997 -0.03598510815317693 -0.30134587317847816 -0.9528356294290767 703.5084472180093
-0.9206135926855598 0.38096566134944404 -0.08564915548427236 407.2940333733822 0.3890209811205548 0.8759390055157852 -0.2852955219838097 -150.9850734387483 -0.0336643611344306 -0.29596625396925935 -0.9546049901927052 702.7077079630824
-0.9207565494926294 0.3803093658070629 -0.08701817537652096 407.2166960654131 0.3888748022275064 0.8767240789608964 -0.2830746854854421 -151.23708447810455 -0.031365024453158294 -0.2944820463960337 -0.9551421672146285 701.906448129019
-0.9210280807972868 0.3793018590275958 -0.08852894510316227 407.14060739429146 0.38835597799986904 0.876917552606886 -0.2831876414706531 -151.4824714443394 -0.02978101298871868 -0.2952045149860647 -0.9549698349148042 701.1293975053716
-0.9213186367666152 0.37843454865960424 -0.08921469569140389 407.0669148914279 0.38775701041612265 0.8774489037754379 -0.2823613325801354 -151.72146959274536 -0.028573946518800415 -0.29473838169482175 -0.95515067708517 700.3797777282444
-0.9217267457770041 0.3769355247365585 -0.09132040467996043 406.9977821085169 0.38687344971884063 0.8769671813739264 -0.2850570060456528 -151.95155549719246 -0.02736311425953336 -0.29807410653165584 -0.9541504530174344 699.6571561923262
-0.9210895405000089 0.37880485282378934 -0.0900052323958571 406.91823014959147 0.38832987915979084 0.877061463377532 -0.2827774644659667 -152.19373773813174 -0.02817735497216365 -0.2954150858287505 -0.9549533830148806 698.8727473053881
-0.9204015881979437 0.38134263578801714 -0.086247959819077 406.82900461188507 0.3898175034902794 0.878114132106728 -0.27741284210910394 -152.46238254841532 -0.03005379202882009 -0.2889521848415307 -0.956871676067379 698.008077001886
-0.920030965614632 0.3826059137618835 -0.08459158979853923 406.742865964283 0.3905295696479823 0.8776407360368481 -0.2779089665326722 -152.72509075576764 -0.03208858894953075 -0.28872037199188455 -0.9568755766849192 697.1616093454763
-0.9200795023449339 0.3820626867453756 -0.08649747257351793 406.6615444441779 0.3902974253347494 0.8752061349462107 -0.28580087671240206 -152.98791621653555 -0.03349073217723375 -0.2967192692587033 -0.9543773080437394 696.3237764552886
-0.9204089108909732 0.38092818115394583 -0.08798384826342737 406.57825506703693 0.3895356860204436 0.874365134618804 -0.2893917080353541 -153.2573629303975 -0.03330744765180312 -0.30063155550571496 -0.9531585816458547 695.4627097448583
-0.9204836014518588 0.38069376613517475 -0.08821675512075498 406.49275170855674 0.38951721141473417 0.8756803046068383 -0.2854125893077611 -153.51542816704833 -0.031405118530387945 -0.2970795525604045 -0.9543361346929095 694.6317367376216
-0.9198748265089635 0.38154007941209833 -0.09087062978386881 406.4095348151254 0.3911658737562375 0.8755472242703145 -0.2835600770226012 -153.75093982695773 -0.028628006630336322 -0.29638526595422354 -0.9546393095623177 693.863871071352
-0.9195675525258614 0.3820089087333319 -0.09200385856022054 406.3237320921696 0.3919663265248251 0.875402466746915 -0.2829009015256883 -153.99781316333403 -0.027530259937646673 -0.29620890408929945 -0.9547263324775235 693.0699437876799
-0.9194460133093195 0.38239884456074513 -0.09159777447192012 406.23124057840715 0.3921944120431862 0.8750455541055139 -0.28368789435270286 -154.27661045374393 -0.028329697698725113 -0.2967598387901904 -0.9545318361948543 692.1848107837319
-0.9192250127023861 0.3832930833001078 -0.09006546683717181 406.13480671535837 0.3927166441130513 0.8761211274028698 -0.2796165366263308 -154.56282186974582 -0.028266826119749136 -0.29240072231890885 -0.9558780278510942 691.2736782611647
-0.9190833317569062 0.3825466623980372 -0.09457209088705816 406.0332612158326 0.39324338885500554 0.8748939383503875 -0.2827016691842765 -154.86228599983698 -0.025406030946583943 -0.29701624151865713 -0.9545343817095711 690.3203237747726
-0.9184685152311293 0.3832975778461318 -0.09746052198924722 405.93136628303495 0.39483083526775836 0.8743854966811512 -0.2820613669317687 -155.16136491276424 -0.022895371822537786 -0.29754490419253377 -0.954433251693467 689.3648615665991
-0.9175201696506398 0.3854016111334599 -0.09809350855177788 405.83156942256767 0.3971243300003185 0.8747654408610657 -0.2776286908749537 -155.44718793452168 -0.021189733506169792 -0.2936852424124811 -0.95566729230578 688.4516871363641
-0.9183248158416545 0.38261933568604617 -0.10140008169899699 405.7321972897511 0.3954376555223491 0.875437827554245 -0.27791666139706134 -155.7437673370907 -0.017566821123428607 -0.29531517747361313 -0.9552383748307786 687.5062576821396
-0.9185826749297165 0.38183791658214017 -0.10200820937150393 405.62404711829583 0.3949297321929712 0.8767478206788188 -0.2744881883887298 -156.05302397768324 -0.015374522722937904 -0.2924261691353072 -0.9561645044948552 686.5068219453551
-0.9190612945829383 0.37995347738316787 -0.10469809847353997 405.5144817609742 0.393914882587 0.8771322899754738 -0.2747180575769427 -156.352301140309 -0.012545998406128966 -0.29372487280926507 -0.955807667377269 685.5392537361746
-0.9188269914634699 0.37958435557636067 -0.10804016271679094 405.4120837857882 0.3945505665748064 0.8770182566415355 -0.2741693417086199 -156.61180769240644 -0.009317197738107746 -0.29454149880639874 -0.9555932687640651 684.6968737786405
-0.9195538905860945 0.37641990452658286 -0.1128215306764537 405.3126137493132 0.39292533195304286 0.8767302305611968 -0.27740545475837153 -156.86325390426404 -0.0055068881930591855 -0.2994197025853647 -0.9541056104468323 683.8812092370581
-0.9206463678818327 0.37356605539070276 -0.11339606503676446 405.2068931566426 0.3903728968707607 0.8776323487708472 -0.2781554633288618 -157.1317205379992 -0.004389384321542919 -0.3003495674223552 -0.9538190974469339 683.0211775253174
-0.9221095111773407 0.370264744469134 -0.11233017581885596 405.1017658382825 0.38689453466974427 0.8784428643588827 -0.28044741592612493 -157.40412938101807 -0.0051641493946569155 -0.30206316071339756 -0.9532739262671898 682.1539773156134
-0.9220949221904741 0.3713904039660522 -0.1086743866441334 404.98952682599304 0.38689889491524104 0.8796947953621365 -0.2764892622257356 -157.68368623749612 -0.007085166470269147 -0.29699534483675144 -0.9548526407574047 681.2573129869076
-0.9222224299566019 0.3713500882053052 -0.10772604919356826 404.8835286572151 0.38657741883475955 0.8797682343096245 -0.276705173689936 -157.9521657256959 -0.007980534568438806 -0.29682817570041564 -0.9548975574261183 680.4024205429823
-0.9234916377740895 0.3669906091211511 -0.111718788832581 404.7874709616431 0.3835681655042934 0.8786268398957571 -0.2844122687692352 -158.2050791105942 -0.006217505368192192 -0.30550412277362343 -0.9521704540655087 679.5945217672779
-0.9235457535762214 0.36644069018240794 -0.11306839359419685 404.68271150922226 0.3834623019741514 0.8790006789855055 -0.283398075695129 -158.46571982779577 -0.004461391712984019 -0.30508855586806227 -0.9523135350620222 678.7554564718813
-0.9239784309217357 0.3656126218330562 -0.11221082812174726 404.5733347578979 0.3824298374295229 0.8807022175070002 -0.27948349418503815 -158.7464084361814 -0.00335836791292992 -0.3011494891820508 -0.9535710285712088 677.8745290307842
-0.9242788103370847 0.36482997661756034 -0.11228432180449774 404.4661058960245 0.38169915942123783 0.8804152855226037 -0.2813799508054356 -159.0251563495366 -0.003799007631772615 -0.3029323574321193 -0.95300448811201 676.9936467593642
-0.9240373312391471 0.36605681241293436 -0.110260693642471 404.3607641045993 0.38226803607501786 0.8808338850142888 -0.2792898415731947 -159.30298134809706 -0.005114594000123136 -0.30022337866447896 -0.9538552111465872 676.117377771578
-0.923874352712148 0.36660100849569127 -0.10981748936601135 404.2561245082707 0.38265470567944093 0.880711692342164 -0.27914564512665924 -159.5787665152614 -0.005617528112300245 -0.2999176812756168 -0.9539485456963425 675.2430369383828
-0.923285372156136 0.3679975837790345 -0.11009949997752162 404.1434098765183 0.3840804155171313 0.8806351440806592 -0.2774238227445891 -159.86604434642302 -0.0051338074268327425 -0.29842841912731405 -0.9544182116234363 674.3228642701587
-0.9233862285993981 0.3665034385751542 -0.11416261360695419 404.0291741864389 0.3838573385446253 0.8789546503678762 -0.28300577068695665 -160.15914251669315 -0.0033788279653918867 -0.3051457882869621 -0.9522996542120086 673.3887668233768
-0.9230032248491247 0.3669420334799475 -0.11583864201430968 403.908115753473 0.38478944962000067 0.8790387494529638 -0.2814746106157768 -160.45832610756602 -0.0014582109777352818 -0.30437546061693144 -0.9525510236176209 672.4393709931621
-0.9224179969458842 0.36803752179169313 -0.11701889361882478 403.7755433923544 0.38619232602195547 0.879621418968279 -0.27770784399073023 -160.7734397933286 0.0007254185666321743 -0.30135451190526247 -0.9535118939595071 671.4460848669262
-0.9221874602367471 0.36802593921845284 -0.1188578825508676 403.64558608924824 0.38673005255303433 0.8800587848162358 -0.2755656032963734 -161.07707162151158 0.0031866337141059306 -0.3000890589977323 -0.9539058664435551 670.4690238636364
-0.9229772648337955 0.36565726883020316 -0.12003220547655027 403.5316653118692 0.38481785018681935 0.881156970167656 -0.2747318985894206 -161.34967672218397 0.0053094988015206426 -0.29976183158733094 -0.9539992943110007 669.59831011561
-0.9238494543702654 0.3630317185115146 -0.12128543611803506 403.42818919818683 0.3827120931173778 0.8809423413890085 -0.2783380048246443 -161.60514552441668 0.0057999518516579085 -0.30355981700914636 -0.9527947302834406 668.7930935177969
-0.9249779361148062 0.3598526522048271 -0.12215517345552025 403.31537552410094 0.37995972628993413 0.8815107233072167 -0.2803024279096822 -161.87733015127927 0.006813523205748684 -0.30568760752692903 -0.9521074847442328 667.9277304998269
-0.9256477589220702 0.35820916193551444 -0.12191153640246062 403.19948958749495 0.37830320785181193 0.8828492533356498 -0.2783233350147111 -162.14490374475432 0.007931540303203142 -0.3037488966072807 -0.9527191078582821 667.0684484269182
-0.925933721844066 0.3570625718775303 -0.12309777624393642 403.08922503154184 0.3775698699029283 0.8831871559167662 -0.2782470861754639 -162.3940468699548 0.009366754693326722 -0.30411637145647974 -0.9525888391738915 666.2660894346889
-0.9264321253165122 0.3552224479309652 -0.12466166077614194 402.9806360031735 0.37632953599917524 0.8826354436103917 -0.2816571568721965 -162.63783157974487 0.009979855518946692 -0.3078501034084904 -0.9513825289100095 665.4716636908573
-0.9268116138650709 0.354066285548117 -0.12512912467920811 402.86365625654946 0.3753375895653853 0.8839778293614085 -0.2787559704414163 -162.9039065970103 0.011913280995272477 -0.3053199348808567 -0.9521753048153893 664.5979559213692
-0.926409024353283 0.3555779916813563 -0.12381684630394407 402.7364588173952 0.37624910275295753 0.8867006632021338 -0.2686978722552283 -163.19192760287373 0.014245429947742184 -0.295510111009332 -0.9552333966193072 663.6600654008406
-0.9254680143363686 0.3555212782830942 -0.13081886380891766 402.6066495597449 0.3784384418593521 0.8832589797233054 -0.2768355476834717 -163.47385299708762 0.01712600838980433 -0.3057093315980044 -0.9519708527105942 662.7349111249786
-0.925761035082288 0.3524921203522378 -0.13680574188591968 402.48517905794154 0.37758302315893294 0.8809194920731811 -0.28532772229085235 -163.7391835698587 0.019939070829268084 -0.3158008131324404 -0.9486159812481325 661.8647986771322
-0.9262256487576966 0.35172814901863975 -0.13562211018601836 402.35878114644794 0.3762558269605828 0.8846987857214538 -0.27520830514573796 -164.01097271985336 0.023186208435090266 -0.30593360019929994 -0.9517704723343238 660.9926051229099
-0.9262791613793353 0.35140273928777555 -0.13609933877666763 402.22233344249037 0.3759993671607911 0.8859182283675846 -0.2716125338431961 -164.2950117738087 0.025127496673638366 -0.30276229531942417 -0.9527348012137651 660.0782735373086
-0.9263243222047227 0.35056421284271433 -0.13794195433562725 402.0830888672903 0.3757468664703605 0.8861464486531077 -0.27121718949429946 -164.57641270963455 0.027157732410308878 -0.3030663363249893 -0.9525824128950108 659.1621758109446
-0.92640254073025 0.3485426583501011 -0.14246525133795027 401.9386716890249 0.3752427930399772 0.8859054503931301 -0.2726983300926107 -164.8600502497305 0.031163741753811425 -0.3060874846738888 -0.9514931807038428 658.2362058059608
-0.9256611964184208 0.3495438479214441 -0.14481176687511088 401.79204546481986 0.37686180801635627 0.8857585103934763 -0.270937333943053 -165.13850622457196 0.03356377666271955 -0.3053702009787441 -0.9516420089772931 657.31943654747
-0.9253614572695353 0.3504803752262335 -0.14446342091091405 401.6478884154349 0.37746582451686106 0.8870726805553584 -0.265747268535603 -165.40778906177235 0.0350103516379428 -0.3004422839641717 -0.9531572321944485 656.4371257106395
-0.9257148984807331 0.3486365477469411 -0.14664407354511194 401.5161579864589 0.37641170224550075 0.8871084402530013 -0.26711953437464736 -165.66068095013003 0.036961563054809264 -0.3024750779931805 -0.9524403761126293 655.6131464416271
-0.9258785806557769 0.3470902630764286 -0.14925549624848944 401.3852337441584 0.37598545992313326 0.8853323663416669 -0.2735352537320394 -165.91164568616253 0.037199298504649765 -0.30937832888778544 -0.9502111669546751 654.7910099793208
-0.9265685088877061 0.3467252089841479 -0.14578212439292743 401.24311399895635 0.3744658840717047 0.886746848156974 -0.2710264358878407 -166.18107538808485 0.035300141699622006 -0.30571499266239804 -0.9514684667698761 653.907744998328
-0.9269487343243918 0.3471341163961006 -0.1423514986514356 401.10150057888603 0.37363654567272875 0.8885603421131809 -0.26618837345281376 -166.45201925503815 0.03408483052859191 -0.299930698091416 -0.9533518766280555 653.0303172421732
-0.927817858153559 0.34511451283074507 -0.14159800537063685 400.96673544661815 0.3714687080689584 0.8895080776298006 -0.26605709679862427 -166.71309720277188 0.03413240420663581 -0.29945175381842887 -0.9535007216138559 652.1746251892888
-0.9280200579780552 0.3446824157150383 -0.1413251721642526 400.83358368645463 0.37100793633229967 0.8893996591193419 -0.26706058776398195 -166.96387920730757 0.03364347141510732 -0.30027034261685365 -0.9532606349660623 651.3374312958575
-0.9291167190473556 0.3423785490118579 -0.13971059932308355 400.714047909236 0.36831289813475165 0.890520366721295 -0.267056333986197 -167.19699951038334 0.032980774009430086 -0.29958372057090144 -0.9534997970186658 650.5695203110602
-0.9303547565391304 0.33919736791504773 -0.13923064527797877 400.5995109704091 0.3652290418295369 0.8908325437274318 -0.27023161554560665 -167.4252490206453 0.032369337177298736 -0.3022623440582964 -0.9526750240113827 649.8056436702586
-0.9314834780061749 0.3370549343719719 -0.1368667286707346 400.4791489619764 0.3622563095038163 0.8938595995251618 -0.2641692309134235 -167.66906193417688 0.03330009648932963 -0.2956501100155759 -0.9547157252405458 648.993245505719
-0.93255813216939 0.3342007577471331 -0.13654736777391055 400.3578090652898 0.3595237236046633 0.8941017376391612 -0.2670669858220355 -167.9222087241091 0.032833249765746 -0.29814750757280145 -0.9539549472789314 648.156089424446
-0.9332362464067409 0.33249987087581884 -0.13606595555179626 400.23590004897034 0.35788349385016466 0.8935589007319638 -0.2710569972391061 -168.17223346587122 0.03145652908792345 -0.3016559742326471 -0.9528977699561981 647.3085997824802
-0.9334843200230912 0.3323293190310724 -0.13477480470538122 400.1100756827086 0.35722080935384404 0.8948280532810812 -0.2677238286476802 -168.42576421832294 0.03162779846298521 -0.2980603609565242 -0.9540229051709679 646.45412789424
-0.933872636703988 0.3315798816040562 -0.13392789302824296 399.9895842968585 0.35612563851760143 0.8963624388381071 -0.26402444551713145 -168.6743409702876 0.032502738438104056 -0.2942603615093953 -0.9551724512559953 645.6267224796212
-0.9337173565725148 0.33117147707526023 -0.13600496611164234 399.8702354525801 0.35647393623088647 0.8951744969018386 -0.2675611199045842 -168.92064093408393 0.03313956582843519 -0.29830868721565873 -0.9538939649187301 644.8069658533485
-0.933755142222742 0.33125603270409887 -0.13553883270019385 399.74283379792496 0.35635439942533403 0.8957459318682612 -0.2658021210443345 -169.17531732374366 0.033359801899896686 -0.2964939566645507 -0.9544519145973787 643.9413989728736
-0.9336162748149619 0.3313353035214895 -0.1362995526073333 399.6156728287087 0.3565343927176241 0.8966724722513698 -0.26241513736080224 -169.42699132303377 0.035268657617104536 -0.29359052121439144 -0.9552804444993899 643.0909049883481
-0.9337825133340012 0.3300571800441137 -0.13824787771595856 399.4892972251955 0.35589855986225755 0.8968055861714489 -0.2628230501680786 -169.6787136638628 0.037234834222956446 -0.2946217889311831 -0.9548882492770454 642.2458294743977
-0.9344450876538895 0.3278246708957312 -0.13908042030287293 399.35866178817895 0.35403332591867487 0.8973096211123953 -0.26362065169119103 -169.93797956714585 0.03837684586414682 -0.295578126746947 -0.954547426108461 641.3717622107412
-0.9351195148381233 0.3255974733085357 -0.13977760315591967 399.22580335957514 0.352121585575558 0.8979220945540413 -0.2640952500205856 -170.20513494435457 0.0395206520780244 -0.29617933332151963 -0.9543143719826033 640.482842475356
-0.9350909745008591 0.32550071092413013 -0.1401932829878922 399.0915046977481 0.3522271814467707 0.8973499427347366 -0.2658930102955435 -170.47252149817018 0.03925407058002943 -0.2980140390348247 -0.9537540303878409 639.5883694866866
-0.9354265750183799 0.325481343667492 -0.1379819469125973 398.9522841438933 0.3513375245698033 0.8992266049203235 -0.260678838482583 -170.73982035023366 0.03923093904752506 -0.2923241487251292 -0.9555142727838137 638.6810666583451
-0.9356653127487045 0.32414007940525036 -0.13951211933746352 398.8190088694093 0.35044951954918574 0.8999017478972223 -0.2595418624793814 -170.99388191475035 0.041419280131582165 -0.29173627312125755 -0.955601585483565 637.8155825948984
-0.9359800051186116 0.3220280309460025 -0.1422651654594605 398.69207106964745 0.3492809185661645 0.900025216012623 -0.2606864984363496 -171.23356968962167 0.04409387648806278 -0.2936878578124584 -0.9548838527432472 636.9940113815684
-0.9355663721927081 0.3215828708064101 -0.1459452651718663 398.56215270167365 0.3501509122846885 0.8984519988473019 -0.2649119559277866 -171.47009835522903 0.0459336679177701 -0.2989455853013968 -0.9531640127388507 636.1835984644667
-0.9351225630580334 0.3224591968814529 -0.14685318657198512 398.4299707041808 0.351166451224796 0.8986515698463216 -0.26288301494566396 -171.70597370826763 0.04720080077670152 -0.29739775109995265 -0.9535862111244747 635.3774235549683
-0.9351442872952029 0.3226427194297999 -0.14631075674089683 398.2997135515807 0.35096877737764115 0.89996224316181 -0.2586288425315405 -171.9436827848975 0.048229443757887826 -0.29320579203369396 -0.9548320712422166 634.5795167500252
-0.9359975830455459 0.32087736194801536 -0.1447281697603551 398.1703054781234 0.3487665591537071 0.901026218231355 -0.25790238710757196 -172.1925418719655 0.0476488378555509 -0.29187235677429996 -0.9552696559621444 633.7505428690511
-0.9365388930801971 0.3195728153083484 -0.1441114758234699 398.0439530242459 0.34750074821528276 0.9005095141375183 -0.26139212868337597 -172.435142705112 0.04623993661265118 -0.294882740532073 -0.9544139760074528 632.9367893550083
-0.9372187326181532 0.3174540419271931 -0.14437443850527656 397.92186272532757 0.3456656783064423 0.9004755131861488 -0.2639300835317688 -172.66728458690406 0.046219974800665434 -0.29726550660348894 -0.9536754859558882 632.1523310852618
-0.9379228554112566 0.3159129246177244 -0.1431773074082426 397.80455215821144 0.34365709757234 0.9022611899067354 -0.26043145830762193 -172.89132122908228 0.04690966409338975 -0.2934685149169448 -0.9548171103237997 631.4015796925296
-0.9390066023608283 0.31247969512226237 -0.1436072451482677 397.6964985790176 0.3404846036476387 0.9034440296408627 -0.2604978310565904 -173.10474140035862 0.048340825413806354 -0.29350523920805427 -0.9547344338378801 630.688532817158
-0.939370184763097 0.3114993292039551 -0.14335907325186867 397.5776515615381 0.33931369294671226 0.9047463946230333 -0.2574882117602365 -173.3285864606343 0.04949619941989405 -0.29052044561804563 -0.9555877756234019 629.9167331670056
-0.9392221890724166 0.31260291545571195 -0.14191933202566287 397.4459272928685 0.3395458421524894 0.9068844536075646 -0.24953799085883366 -173.56881571389388 0.0506981324210178 -0.2825597371415419 -0.957909021940772 629.0764423501656
-0.9390867597037147 0.312111727181003 -0.1438830341119907 397.321118736007 0.33974194926084017 0.9062520426586619 -0.2515604163803306 -173.7974705025841 0.05187933752108638 -0.28512015876309665 -0.9570867407948364 628.2735978237096
-0.9397931410445385 0.3079002226979706 -0.1482777964099269 397.2028176025174 0.3373647295947181 0.9051103540315957 -0.2587668569393693 -174.02213436903193 0.054533395925134245 -0.2932110159720112 -0.9544911779799413 627.4926227030246
-0.9401827296977237 0.3061292914016047 -0.14947003620823823 397.0815632251962 0.33581946517115135 0.9066045944381443 -0.2555257250372402 -174.24751540972343 0.057286312416699146 -0.2904358212920686 -0.9551781572670621 626.7096271389239
-0.941042320364606 0.30393756540555444 -0.1485304938998934 396.9587654238799 0.33322543585382447 0.9085114032952818 -0.2521266328305365 -174.47189260220475 0.05831089248872627 -0.2867559701519418 -0.956227406739312 625.9343131365121
-0.941784588331502 0.30101618889488274 -0.1497699676319226 396.8357642657261 0.33096315446839036 0.9084481658634176 -0.2553141600533012 -174.6947943094041 0.05920455696650688 -0.29001928205309424 -0.9551877493308895 625.1500706156907
-0.941916554717287 0.3014108990778147 -0.14813734798025524 396.71001033574305 0.33070746306165927 0.9092714852491777 -0.252701286083141 -174.9172475811219 0.05853014458244756 -0.28701365129529505 -0.9561366984617331 624.3688739058025
-0.9423747306440399 0.30077458001717183 -0.1465077440242349 396.5854952911118 0.32963980397986137 0.9095742564134758 -0.2530064657315876 -175.14052701785752 0.057161758857618275 -0.2867216840166888 -0.9563070684873872 623.5882634242731
-0.9430436182272437 0.30004090890365476 -0.14368085156046662 396.459002255814 0.3280024497297611 0.9107075311388395 -0.2510501657005485 -175.36757919380725 0.05552591369935915 -0.2838789279098885 -0.9572510784515138 622.7950589461935
-0.9439492182883892 0.2975830324347933 -0.1428433131079474 396.3413227251806 0.325697174139874 0.9100304909731426 -0.256448545046524 -175.5927679095403 0.05367703466142665 -0.2885980670518997 -0.9559445233086833 622.019818444785
-0.9443032321817555 0.29746085547485235 -0.14074247813386734 396.2176072861038 0.3251423690978831 0.9093112680336887 -0.2596833796075108 -175.82041031098504 0.05073308100746585 -0.2909811974804098 -0.9553826967264789 621.2187020317566
-0.944889302697928 0.2972781392659716 -0.13714923828293185 396.09180393825915 0.32372702397346687 0.9108729350903115 -0.25595177293631083 -176.05432624276244 0.04883666241984794 -0.28624500700365346 -0.9569110598008421 620.395570589617
-0.9458235754556548 0.29578478832590255 -0.13389967553092022 395.9757514285265 0.32116565250881407 0.9128395634466934 -0.25214391734688957 -176.27975872705088 0.04764858613719174 -0.2814876380970396 -0.9583810942614004 619.6109218458461
-0.9469469580965028 0.29215470214030825 -0.13392941636956154 395.87136946143676 0.31809357619505035 0.9115098525897452 -0.2607034050703245 -176.4956443113427 0.04591225691717109 -0.2894743834074568 -0.9560840161908611 618.8685720135595
-0.9476758756501784 0.2896606814470592 -0.13419062684962824 395.76338372576157 0.3158171212445905 0.912018588329796 -0.26168997013585116 -176.7146424548507 0.046583050989083365 -0.29037696906702126 -0.9557778168570356 618.0984808074992
-0.9481531950962014 0.2886883951104446 -0.13290797251265188 395.6451615694486 0.31402844571376276 0.9153552136065428 -0.2520138254261372 -176.95144508219994 0.04890453876142191 -0.28068459781732674 -0.958553338441143 617.2773411789672
-0.9485912016665702 0.28745711228978127 -0.1324505217611308 395.53057213410995 0.3125450529423282 0.9167407341799453 -0.24880115790825605 -177.18101949657094 0.04990312617516096 -0.27740734469230116 -0.9594554930317065 616.4800890048011
-0.9493556609402505 0.28445446689484427 -0.13345218358750718 395.42561244366294 0.3100946096243545 0.9166944013895243 -0.25201727627886505 -177.3997365769391 0.05064742957568579 -0.2806368306631722 -0.9584768161790396 615.7169954680146
-0.9498260689658794 0.2825981589444596 -0.13404745157603695 395.3163623127841 0.3082846384921597 0.9182339089256822 -0.24861027768138821 -177.6229699275449 0.052830108674765584 -0.2774612929045453 -0.9592831753747967 614.9240855908715
-0.9502823434714404 0.28007893621812074 -0.13608547745206714 395.2031280739054 0.3062446203456463 0.9197230749336139 -0.24560883116045698 -177.85135334209934 0.056371093618833606 -0.27507318102930745 -0.9597692664816044 614.1173025663337
-0.9502656377943081 0.27793145416207105 -0.14053228958049924 395.0892213813666 0.3057855300484636 0.9182230743572869 -0.2517172924747713 -178.07282364145703 0.05907983784982823 -0.28217103413569483 -0.9575432524196664 613.3290587048386
-0.9506621911878959 0.27539885796839475 -0.14281760142060998 394.97356089688947 0.3040574205984499 0.9185080606770224 -0.25276872324389654 -178.29130878896817 0.061566900399896325 -0.2837224198068204 -0.9569279519765918 612.551515735332
-0.9505057488110156 0.2758157482095063 -0.14305416637359614 394.8485040432267 0.3041750878314441 0.919939691561171 -0.24736305268383962 -178.5169991863559 0.06337458023489195 -0.27863351724077706 -0.9583042448252472 611.7483247774932
-0.9502448518702801 0.2757953961270215 -0.1448158173998007 394.7242250080847 0.30458760646837874 0.9200562777618863 -0.2464200392354564 -178.73800399664435 0.06527718958333299 -0.2782684768817347 -0.9582826009554926 610.9582530520098
-0.9493828917067605 0.2782750084006964 -0.14572283497827532 394.60594532699025 0.3070802174093763 0.9198625066160685 -0.24403833509883388 -178.9441053688587 0.0661352025046023 -0.2764344201100766 -0.9587544765830738 610.2204163465092
-0.9489375534749288 0.2798325578425465 -0.14564085682361924 394.4923344321917 0.3084614225817684 0.919804581547219 -0.24250996380267387 -179.14468593252013 0.06609894389362815 -0.275051397626047 -0.9591546581652554 609.5102409882763
-0.949765937915447 0.2755670662542257 -0.1483490989916495 394.38559338444816 0.3053963315126781 0.9196601932870351 -0.246897163980976 -179.3450535256538 0.06839403390789806 -0.27979978713231934 -0.9576190971605134 608.8026408329725
-0.9499168674502046 0.2740047009058645 -0.15026432981609944 394.271121606805 0.3043536956171403 0.920267113074999 -0.24592126495444286 -179.5502128406187 0.07089973834778358 -0.27933826174388177 -0.9575715966068151 608.0665854378964
-0.9497675280900791 0.2736856462900525 -0.15178211225457547 394.1494613024867 0.3040738406580478 0.9217428146340407 -0.240685028819779 -179.75810138225125 0.07403203369575743 -0.27474779468689353 -0.9586620401901609 607.3228439440308
-0.9489512142732842 0.2752182415468835 -0.1540990345495525 394.02868678119376 0.30635630840091665 0.9204882157384853 -0.24258453575926783 -179.9569157003849 0.07508265600141423 -0.27741010112542724 -0.9578132545341792 606.599157389534
-0.9493585150177903 0.2740958157373017 -0.15359001842086775 393.91180453650094 0.30504146696046147 0.9212034279736879 -0.2415242176762676 -180.15228398890466 0.07528687400756127 -0.27614439716356365 -0.9581629081306291 605.8710294521945
-0.9495142410121342 0.27474193862154145 -0.15145815685406733 393.7985125775013 0.3046164519828805 0.9228730377640325 -0.2356144591266531 -180.34129053561105 0.07504347604233803 -0.26985593069388397 -0.9599720065568702 605.1753167275997
-0.9504550552100575 0.2705969248306517 -0.1530114123124309 393.6961755764404 0.30131976451659026 0.9229681423878024 -0.23944980193951526 -180.52432524678542 0.07643027893000326 -0.27369163744879477 -0.9587759383992082 604.514874486587
-0.9508631881747516 0.26760373943612975 -0.15571588234329284 393.58650648712444 0.29939660267216933 0.9228590478127552 -0.24226607723429835 -180.7142797804127 0.07887250270224003 -0.2769827007412795 -0.9576323468886975 603.8298983473388
-0.9504641329781112 0.2667415332233269 -0.1595834777658388 393.46898864735124 0.29949812042182083 0.923278825450704 -0.24053500023522964 -180.9061776952518 0.08317937115637002 -0.27641484209071626 -0.957431996167873 603.1366652534115
-0.949702027770226 0.267401455176301 -0.16298012215825905 393.3586995627394 0.3004160745791159 0.9248884627271217 -0.23309121315213424 -181.0831118398768 0.08840950505234695 -0.27032904631921567 -0.958700144014042 602.5024290716643
-0.9475940684989668 0.26975817093137183 -0.17116077401478344 393.2564365188002 0.3051087682768861 0.9230021329595269 -0.23446897891346316 -181.22528119953486 0.09473183660281277 -0.2744040666023789 -0.9569369296698386 601.9664575311259
-0.9446690543473356 0.2739306210529642 -0.1804505267602494 393.14797198628617 0.3118213100502634 0.9206763854965198 -0.23478173648646103 -181.36201628664492 0.10182263185094606 -0.2780593606383345 -0.9551518955665375 601.4340810316658
-0.9419555088979343 0.27816501049894116 -0.18800012284826062 393.0220860360295 0.31753567883467815 0.9199887079060058 -0.22976481452223008 -181.51464706670396 0.10904545806148455 -0.276124979419755 -0.954915746972791 600.8457936711234
-0.939208509303228 0.28320710899679674 -0.19411622669444306 392.8926251351334 0.3236441169360804 0.9190072827556458 -0.22512241073412895 -181.6640593584064 0.11463795891884325 -0.2742614585678403 -0.9547977747770284 600.2694464365128
-0.9371833816125786 0.2846529223123534 -0.20164330648016265 392.7782467210558 0.32709605359933297 0.917961443646745 -0.22439910805910718 -181.79458251041893 0.12122491884492899 -0.27625984470606557 -0.9534070574807089 599.7690938493839
-0.934785765447649 0.28844845900346083 -0.2072994433542585 392.66414570039296 0.3326713086413741 0.9154997872413622 -0.2262519391471663 -181.91550043083382 0.1245205730925378 -0.2804596692209914 -0.951754695715845 599.2956498169215
-0.9344858004586512 0.2878053598333778 -0.20953368128379163 392.56046986120316 0.33331433874660477 0.9140820658704502 -0.23098815649275256 -182.0366202224616 0.1250513507606897 -0.28569573273884996 -0.9501263642104356 598.8286429695314
-0.9362142743456996 0.28445418130810285 -0.20637018013195513 392.4651623169618 0.3292723574735825 0.91522658490434 -0.23224989319292472 -182.16641651166398 0.12281102196118125 -0.28538766094678003 -0.950511091920646 598.3470859504546
-0.9362760472758038 0.28940612208272193 -0.19907601512648673 392.35777294736425 0.33186244252318825 0.9145362012922467 -0.23128090229953535 -182.30300235512843 0.11512811359587984 -0.2826086216430524 -0.9523013621920695 597.8374662116718
-0.9380785004194112 0.2904571404626451 -0.18879453542180677 392.25813415394396 0.330149558263142 0.9146527388552579 -0.23326301996506899 -182.44929950028765 0.10492852914973293 -0.2811494564441427 -0.9539103662879652 597.3190244921001
-0.9414202106948486 0.2883348691982723 -0.17490280186345186 392.18478699394075 0.32464592625817873 0.9152482026181241 -0.2385911778927692 -182.58476104548913 0.09128531896883109 -0.28139603907785693 -0.9552398964302399 596.8634321055471
-0.9439813330606552 0.289275131090175 -0.15880535685484404 392.11681454777107 0.321669843933845 0.9140394341685332 -0.2471040758232047 -182.7172514654404 0.07367329459586576 -0.2843445292556692 -0.9558872498081383 596.41715660753
-0.9465655504315809 0.29143604496812586 -0.13812563277501652 392.0560777745633 0.3182994758569118 0.9131798335813799 -0.2545349390741775 -182.85552823056196 0.05195288640083736 -0.2848993212235128 -0.9571485121761445 595.9550186089674
-0.9495993304815279 0.29237666626818787 -0.11303537751933479 392.01622896310295 0.312317558345806 0.913308461672973 -0.2613912710582707 -182.9884528803626 0.026811458333192113 -0.28351990910418745 -0.958591470253937 595.5299372774588
-0.9529197218228552 0.2916236760961496 -0.08306404337150988 391.99900992664413 0.3032106863559049 0.9139937415975355 -0.2695899107906586 -183.11762690144823 -0.0026987850298524686 -0.28208344839905786 -0.9593860769777006 595.1370355488053
-0.9557106181806314 0.2896452889323554 -0.05218065634017517 391.9994306525275 0.2924821478304673 0.9150150821709863 -0.2778517457208012 -183.2431460429044 -0.03273236162081334 -0.28080777410697544 -0.9592057060421472 594.77478478492
-0.9563113193370818 0.29154842091750094 -0.02163743904174931 392.00178808355656 0.28537697756889274 0.9148721103903354 -0.2856028751668553 -183.3585739947401 -0.0634715777448213 -0.2793000893133478 -0.9581037620885031 594.4375758476975
-0.956971290877646 0.2900353607882496 0.009243263947620775 392.02605453503645 0.27470449859543317 0.9157316199699256 -0.29321159362938615 -183.4760757738829 -0.093506079414155 -0.278055911067692 -0.9560028888203809 594.1145528953479
-0.9564268633586462 0.2888099045667368 0.04285433548775845 392.0614175849831 0.2633008100603993 0.9165952119892647 -0.3008752246029725 -183.59843761302392 -0.12617582362513505 -0.27648156608082525 -0.9527001653983361 593.7817251624849
-0.9543587566967681 0.2880941135997049 0.07874735059291116 392.1140097002147 0.25121609948290663 0.916936944540105 -0.3100275973168317 -183.729383684656 -0.16152348088372537 -0.27609495005641665 -0.9474606818631334 593.4372220169183
-0.9509744923306007 0.2863947999662215 0.11672846049215095 392.17974133760026 0.23703966718664712 0.9173915845948821 -0.3196949744592987 -183.84355318911255 -0.19864468559868678 -0.27635249061080974 -0.9403029244964654 593.1514533198914
-0.9466377035453205 0.283136818024297 0.15398246817583372 392.25602151852337 0.22116209149880828 0.9181818242952401 -0.3286783637809683 -183.9597642802597 -0.23444484961354073 -0.27708424677873617 -0.9318046644424726 592.8836455212089
-0.9391516258331024 0.28304938902797255 0.1946208289622035 392.3415198973832 0.20652794606198094 0.9180152363268607 -0.3385177002272624 -184.08915678515652 -0.2744821145183421 -0.27772480847527525 -0.9206131106859795 592.5902854053476
-0.9288068116579009 0.2834710371924616 0.23866729497549083 392.4513525721942 0.1915124495958053 0.9185835425809035 -0.3457271423381866 -184.23117012078373 -0.3172394809409738 -0.27540596647957044 -0.9074748841481837 592.2704685865809
-0.916910902888461 0.2825298503115026 0.28187103406918335 392.5830026830743 0.1756098482138291 0.9198543321546098 -0.3507551693513725 -184.39239446952632 -0.35837909729026146 -0.27211190951400055 -0.8930394903508275 591.9105399829378
-0.9029970391397819 0.28190621741465083 0.32423021433505267 392.7464201226754 0.15948234693180274 0.9206563592658022 -0.356310607701426 -184.5717780508039 -0.3989507843354996 -0.2700384282401313 -0.8763090316501897 591.5225361822307
-0.8871712355312144 0.28102954573341205 0.3659912475331805 392.96099256787124 0.14268494112755636 0.9213517757410229 -0.3615963397412743 -184.77673992053099 -0.43882594091671784 -0.26857643188436126 -0.8574954774311211 591.0969134032008
-0.8685753115269694 0.27915436180672437 0.4094505714858775 393.2059470244765 0.12326902322906948 0.9219802519374374 -0.36709285330761754 -184.9961899284241 -0.4799809122433696 -0.26837521741334247 -0.8352203700583266 590.646123373052
-0.8495574905992498 0.27774443738472976 0.4484530049721474 393.454447774036 0.10601454823066442 0.9227088298454338 -0.37063368828091675 -185.2089595716226 -0.5167329926859244 -0.26733208342267695 -0.8133391490901832 590.2095177795742
-0.831097356710522 0.2752115593826553 0.48325539960868935 393.75145934214333 0.08879740376433184 0.9234879760095002 -0.3732090288974642 -185.4419649231531 -0.5489919896988437 -0.26726121257683977 -0.791946487774563 589.7645448833896
-0.8135855081648391 0.27251113421725426 0.5136305117803942 394.08292420175997 0.07281839234147244 0.9241678476176364 -0.37498169444198975 -185.69084611640451 -0.576867491405922 -0.26767792429972537 -0.7717333906224566 589.3020810031034
-0.7999123423066364 0.26937694254021816 0.5362614170842408 394.44482687528307 0.05952520983191701 0.9248032211899878 -0.3757602313591551 -185.95473156893297 -0.5971574281711434 -0.2686541734354875 -0.7557962298633971 588.8223056020696
-0.7906496038630367 0.26627181886095386 0.551337031580236 394.82170879049033 0.04965338723100553 0.9254010302736682 -0.3757226028666873 -186.22429163635732 -0.6102521979048567 -0.26968917599509146 -0.7448892557309338 588.3327884753649
-0.787638850069234 0.26346158242921963 0.5569677158018316 395.1746588142584 0.044657049253202075 0.9260002114446326 -0.3748724534511567 -186.47433047132878 -0.6145167123956916 -0.2703915734418983 -0.7411191585689912 587.8743612449114
-0.7887027634541678 0.2614363279841036 0.5564162087232462 395.537096677072 0.04304420740856467 0.9263356185365321 -0.37423190409037244 -186.73117731604603 -0.6132659676912824 -0.2712072422350238 -0.741856781751675 587.393957025718
-0.790016704302695 0.2623895714724861 0.5540986552096993 395.913695946542 0.0444316203893529 0.9259144053754919 -0.375111110242982 -187.00301352679423 -0.6114731703290687 -0.2717245419549599 -0.743146240834931 586.8852572611363
-0.7909599673618652 0.26804150848923064 0.5500327988017976 396.31125084880773 0.04787213874601948 0.9232944863252335 -0.3810978218952479 -187.29171036497112 -0.6099922854944942 -0.2751018743088448 -0.7431206970532903 586.3406950664919
-0.7928904430614473 0.2656569066735155 0.5484078347712448 396.7637529690237 0.047082696272743266 0.9239848811620448 -0.379519642568929 -187.61960752704866 -0.6075425623061385 -0.27509697802887556 -0.7451266252563226 585.7288491344
-0.7943582520954701 0.2642630520921012 0.5469552144616607 397.23724590315373 0.047567941816379716 0.9247087962239734 -0.3776915846260818 -187.9666583879438 -0.6055842288560536 -0.27400489317706744 -0.747120512551922 585.0835828916311
-0.7945597658528465 0.2654669311515282 0.5460788285155027 397.74677350878017 0.04871367781287381 0.9243315055100271 -0.3784682886524411 -188.33753757321728 -0.6052286808156163 -0.27411416670167793 -0.7473684951425483 584.3850161706505
-0.7943272082504483 0.2658339822590722 0.5462385743512963 398.2951912890057 0.04942949034314281 0.9244737577632576 -0.3780277723812052 -188.73535590327288 -0.6054758556024047 -0.27327745074075177 -0.7474746973638478 583.6346158751312
-0.7945691143131045 0.26567126875932295 0.545965840996948 398.8279385488329 0.049893400115707 0.9247200371038029 -0.37736388486927686 -189.1230682956189 -0.60512029482127 -0.27260159561996705 -0.7480092237806102 582.9052534814629
-0.7950270549636843 0.26583221667735063 0.5452203356920774 399.34465098770056 0.049932548129748344 0.9244832598709942 -0.3779384114582264 -189.4989422340505 -0.6045152789740219 -0.27324702156602726 -0.7482628834121463 582.197956057814
-0.7957754691108329 0.2650955613786188 0.5444866812868737 399.86928667739846 0.04829349775582734 0.9240144307254906 -0.37929549151756714 -189.8786011875582 -0.6036631020991263 -0.2755388813732129 -0.7481104089742784 581.4832147459166
-0.7957285803009886 0.2645847386109613 0.5448035816570475 400.40123076495684 0.04772766633597222 0.9241266782062774 -0.37909359331641446 -190.2648204134954 -0.6037699034883187 -0.2756534032469032 -0.7479820217893679 580.7542257425391
-0.7956973748230197 0.263579315669402 0.5453362559476579 400.9440197618171 0.04711002829551762 0.9245532181076744 -0.37812959699121146 -190.66038656917593 -0.6038595307964834 -0.27518592122053004 -0.7480817975517539 580.0107797935344
-0.7958038073665714 0.2610085453923884 0.5464163608577465 401.49155425804645 0.046019381979146165 0.9257982759055241 -0.37520630166964664 -191.05593833612681 -0.60380337582952 -0.2734448601866701 -0.7487652447692612 579.2631899834423
-0.7961958695982297 0.25852483675559096 0.5470256356106343 402.0347241881306 0.044765978575726645 0.9268094675226116 -0.37285415120742327 -191.44715164308548 -0.6033805966360493 -0.2723767972697878 -0.7494949872495359 578.5232093374353
-0.7974145073297816 0.258603086181482 0.5452105531970373 402.57064570663294 0.044836531239199305 0.9264104734439325 -0.37383595354088467 -191.83310514961022 -0.6017638980251612 -0.27365686271460604 -0.7503280166185762 577.7879473615814
-0.7983643463416394 0.2585711888268896 0.54383390000913 403.12252394623204 0.04503689129545098 0.926226316875624 -0.3742679365767995 -192.22872990147175 -0.6004881754980085 -0.27430958830428087 -0.7511113105601676 577.026935214701
-0.7988395494457914 0.2580453145105419 0.5433856732564865 403.67445791583367 0.04471860065381222 0.9262931898205019 -0.3741405795255596 -192.6272685286918 -0.599879672098337 -0.27457884505422814 -0.7514990597811027 576.2652131372209
-0.7987288514305816 0.25852575093915603 0.5433200327557728 404.1906109522332 0.045003395805345923 0.9261274851970478 -0.3745164556178762 -193.0013203253462 -0.6000057635209598 -0.27468585195443956 -0.7513592792251237 575.550497262595
-0.7990959152748845 0.2596231412598489 0.5422559752675555 404.68317577186633 0.04636449123685306 0.9258770151936101 -0.374969447673429 -193.36100653942358 -0.5994130897330663 -0.2744951315752953 -0.7519018357459462 574.8619855699967
-0.7999630465347629 0.25982119367916834 0.5408808292904802 405.2120891619332 0.04693480236708199 0.9257259297997565 -0.3752714047501308 -193.74682407075355 -0.5982108729416262 -0.2748171213944051 -0.752741191434954 574.123439249441
-0.8010822605030347 0.25971543130006014 0.5392727571943318 405.7629087656991 0.047577621108964636 0.9257374159239842 -0.37516210726563715 -194.15125522232637 -0.596660357219213 -0.27487839402726244 -0.7539484641671724 573.3508092687418
-0.8017665205903569 0.2613213608579156 0.5374770625987725 406.29153311027557 0.04804944371806694 0.9246111885375018 -0.3778695555210158 -194.542732359628 -0.5957026921366195 -0.2771376848980203 -0.7538786415535019 572.6062336741542
-0.8025777379425816 0.25925765145653834 0.5372657114689284 406.80610207835065 0.04763899513641647 0.9256030009208642 -0.37548583305989147 -194.92558461601493 -0.5946423300618284 -0.2757617719110643 -0.7552191367087526 571.8840712197838
-0.8034177636247587 0.2630063799301476 0.5341793155937763 407.3070682375109 0.0494246831651109 0.9235157979385312 -0.38036268435794823 -195.29842416130745 -0.5933608495563378 -0.279188493806597 -0.7549680040503629 571.1733866149486
-0.8041003027235585 0.2633705207736698 0.5329715489097824 407.81911805381674 0.04972982602349892 0.9231701570085927 -0.38116112814976344 -195.6837870344984 -0.5924100333076351 -0.27998719612892203 -0.7554187728937607 570.4452188793099
-0.8052772536356032 0.2625023754860361 0.5316211504833995 408.33706478447505 0.049397951234496404 0.9232352726094001 -0.381046550730588 -196.07592010187287 -0.5908370225289997 -0.28058712421284404 -0.7564274443296173 569.7107189598732
-0.8068818068323342 0.2603291802509879 0.5302550968287256 408.86046615528596 0.04821311744462515 0.9236810818575253 -0.3801167640670168 -196.47094688058849 -0.5887420870884446 -0.2811440501386425 -0.7578527416077525 568.9672406908259
-0.8083124867978502 0.25921363347851956 0.5286201054685149 409.3919957553337 0.04764183182140754 0.923716189873587 -0.3801034812075808 -196.8712735639348 -0.5868229541755972 -0.2820579599732762 -0.7590007428641574 568.2083619957448
-0.8091544192898382 0.2590683305828212 0.5274018636986028 409.9389465682689 0.04788755875284066 0.9236472629793224 -0.3802400758829836 -197.2843257941404 -0.5856414495750936 -0.2824169500575975 -0.7597794146064709 567.4208217501772
-0.8096315321296277 0.2589544207603207 0.5267251561774159 410.5014461452432 0.04758804817287388 0.9234183166496909 -0.38083328392742305 -197.7120642368718 -0.5850061195000671 -0.2832688130460841 -0.7599517219553752 566.610812932165
-0.8100492478643722 0.25869860470224426 0.526208369336218 411.03427297982404 0.046801234441658714 0.9230746244595844 -0.3817628611239337 -198.12071254269708 -0.5844911124124135 -0.28461951725752843 -0.7598433193145775 565.8463806299719
-0.8099545412994208 0.2552254885590036 0.528046959103324 411.5759577392864 0.044828436071411945 0.9246541603719315 -0.3781601446824712 -198.53238597689892 -0.5847769252867584 -0.28262100717514915 -0.7603691958223145 565.0756880523724
-0.8090520845579415 0.2525589417982093 0.5307058558092449 412.1698770274179 0.04181716197985643 0.9254124204354707 -0.37664728469446324 -198.98098835792084 -0.5862474302173092 -0.28253465808911277 -0.759268146007768 564.234894686898
-0.8071388371348269 0.2514978513767266 0.5341120934237814 412.74979122336754 0.03749136356503219 0.9247301633567389 -0.3787723889570775 -199.41512576929546 -0.5891700053861133 -0.2856973148825668 -0.7558146260970495 563.4222781429208
-0.8039123640782071 0.2506544479270259 0.5393489210303392 413.3051434551585 0.0324693734031342 0.9239973988385529 -0.38101777744666204 -199.8264912176584 -0.5938608007546843 -0.2887925807114609 -0.7509515261673176 562.658341357719
-0.8007230287177394 0.2474866050499464 0.5455208626642497 413.86821015307714 0.02641622852388154 0.9243687555847541 -0.38058453275095866 -200.24099466593694 -0.5984520149115242 -0.2903321959747917 -0.7467010123394744 561.9008473658615
-0.7978119962514021 0.24592004250668287 0.5504719350983018 414.4232202663711 0.02165007312638517 0.924127463941852 -0.3814704506538105 -200.6463521114095 -0.6025174627933814 -0.29242394409813977 -0.7426041637017115 561.1648754300614
-0.7960286583552975 0.24193391598571268 0.5548029878910965 414.96005944743547 0.01591402542349655 0.9246866251131199 -0.38039635793698984 -201.0354526139908 -0.6050496829780875 -0.29397725359749494 -0.739927196077691 560.4662923220682
-0.7946464035550881 0.24448361317327572 0.5556661373583144 415.49154689053717 0.01402694748964137 0.9224708701056687 -0.3858117916168594 -201.4236967792396 -0.6069104860365206 -0.2987896529269876 -0.7364675181178655 559.7708337343793
-0.7924256838038102 0.2500884646647126 0.5563427859599834 416.0187058361232 0.01306286841084225 0.9188331829496226 -0.39442989666041306 -201.80860086984984 -0.6098285801083317 -0.3052889479694795 -0.7313738860054744 559.0791826777979
-0.790766763022388 0.24644807941451843 0.560313546732537 416.5513351376254 0.009573845337834216 0.9202367395605989 -0.3912450442476215 -202.20233630368656 -0.6120427011120554 -0.30401922195113407 -0.7300520835527355 558.3905313042551
-0.7904493744120025 0.24466006832819426 0.5615436202623291 417.0977886465101 0.006829868616158456 0.9202283955597671 -0.3913221855455944 -202.60779904132386 -0.6124892973647452 -0.30548510760942094 -0.729064955708684 557.6896574737245
-0.7915526369912302 0.24332741098636365 0.5605677425029992 417.66335891264106 0.005738073542220809 0.9202268689647405 -0.3913433072730031 -203.01956794270382 -0.6110740522917443 -0.30655224790893787 -0.729804235338305 556.9610487654469
-0.7946482039418123 0.23577720107921898 0.5594133922452225 418.2478307293383 0.004104841040566077 0.923562837574915 -0.3834251365398475 -203.4426562209569 -0.6070563254361847 -0.30239179304640545 -0.7348753780377332 556.2030041295228
-0.798379475179984 0.23474713618951637 0.5545123945072461 418.80811930119313 0.005798156273130888 0.9238346629510885 -0.3827478241791569 -203.84789719615227 -0.6021267266906238 -0.302362857475697 -0.7389317339402677 555.4613405484328
-0.8030146611350552 0.23275782923895708 0.5486266917769557 419.3752055352401 0.006023424310643231 0.9237003154938468 -0.38306846061264255 -204.2591696804021 -0.5959288316248225 -0.3043049787376732 -0.7431468950037688 554.6999394964597
-0.8073426620911106 0.23164562146912018 0.5427136740693287 419.94274396724626 0.007219222673230371 0.923533077838857 -0.3834508273057706 -204.678100546411 -0.5900387349925702 -0.30565824083716797 -0.7472799549142876 553.9234694874497
-0.811910032010879 0.22989117637158768 0.536611728297646 420.4865640636341 0.008330099676121498 0.923666569246618 -0.38310661478962527 -205.08300329782477 -0.583723144443904 -0.30657807469333076 -0.7518491702182399 553.1681825130017
-0.8165152292377597 0.22967461710192213 0.5296720218039647 421.01684451824775 0.009508497431342529 0.9226862746014265 -0.3854343357029012 -205.4843046318343 -0.5772455880293986 -0.30967661991378287 -0.75557125552748 552.4165715996512
-0.820529417685381 0.23119481340180925 0.5227623102032103 421.5248972795634 0.012225620292820809 0.9214418524302495 -0.38832389418932695 -205.87453291634378 -0.5714735417509235 -0.3122400852645476 -0.7588966466078549 551.6790954945888
-0.8230954913047406 0.22896037883416814 0.5197027584282454 422.0357510653322 0.013274772871795125 0.9226328094903246 -0.3854510075965429 -206.27245559731577 -0.5677478248298351 -0.3103640503926053 -0.762454302646979 550.9325366489687
-0.824488143981565 0.22769824702864114 0.5180471105352517 422.5614356695186 0.012757445715294618 0.9227195363778834 -0.3852608269282027 -206.6828499501114 -0.5657354045953413 -0.31103402625222 -0.7636761659896704 550.1624951889637
-0.8259638164449397 0.22626694805870198 0.5163206776218786 423.09931066033784 0.011708648582213401 0.9226000698083004 -0.3855801067717249 -207.10388216827764 -0.5636015272087961 -0.31242979916441826 -0.7646835548918244 549.3709248269971
-0.8267923141170344 0.224985770245834 0.5155539472294759 423.66287516706717 0.010606118445208904 0.9226007302125466 -0.3856104288823107 -207.54626274462714 -0.5624073075347834 -0.3133517126140589 -0.7651854184662145 548.5402767491943
-0.8268024458033038 0.22373988504995068 0.5160796251079041 424.22585028190537 0.009467559038164099 0.9228927033438912 -0.3849408051122417 -207.98666320058456 -0.5624127318433791 -0.3133839848371937 -0.765168214909658 547.7111137656317
-0.8270711850950704 0.2215074961268802 0.5166117342308832 424.77065455028253 0.007226849716647992 0.9231934680987071 -0.3842676061068016 -208.4092808968744 -0.5620507338564797 -0.3140831890112567 -0.7651475171180493 546.9132459508124
-0.8273437082503848 0.21993582068817727 0.516846808248561 425.31579872356883 0.005884912332951625 0.9234975435133186 -0.3835591935173725 -208.8316978529264 -0.5616651637989791 -0.3142936873420833 -0.7653441852340594 546.1144064251473
-0.8277259116419524 0.21802772612586865 0.5170432533520641 425.8623305752536 0.004205300628241008 0.9238122920009209 -0.38282262811206574 -209.2549564977202 -0.561116860059581 -0.31469788653308056 -0.7655802437161584 545.3130214472664
-0.8283174525163167 0.21587560356886054 0.5169989570982363 426.42180308334065 0.002809971987430472 0.9243747080031854 -0.38147542943347346 -209.68872790192285 -0.56025199858127 -0.314530003318928 -0.7662823077025146 544.4906691969552
-0.8292793887756645 0.21636698676599178 0.5152485054705837 426.97529449558624 0.002071485532877133 0.9231898205618596 -0.3843387362192969 -210.11984154631978 -0.5588303895633681 -0.31765686242983304 -0.766030491202336 543.6736305015172
-0.8298036881848463 0.21592577332452534 0.5145890588508824 427.50062970530166 0.0016002631566097005 0.9230279556082231 -0.3847295573822363 -210.52957124793826 -0.5580531141680463 -0.31842652775783165 -0.7662775399210394 542.8936944760264
-0.8300406131726117 0.21569193355043928 0.5143049390053653 428.0167145491718 0.0009503494817846563 0.922730052251249 -0.38544564793011693 -210.93163601153404 -0.55770214032214 -0.3194467725203678 -0.7661084010807011 542.1282045785343
-0.8303052770933572 0.21437457777036079 0.5144285054667048 428.5393082175468 -0.00013914521069220934 0.9229784430130744 -0.3848516264377342 -211.34033237725575 -0.557308825939023 -0.3196159165919933 -0.7663240426813788 541.3534890150079
-0.8306057103431657 0.2142288063262863 0.5140040588218584 429.0503706730723 -0.0011894139838488753 0.9223537585995099 -0.3863445732655371 -211.74151282607608 -0.5568597123510542 -0.32151137232976834 -0.7658574921112505 540.5960985663522
-0.8307232011416282 0.21309264064704753 0.5142863886854083 429.55588358803055 -0.0023911736540885094 0.9224617721219406 -0.38608102939953265 -212.13798090398737 -0.5566805595434069 -0.3219562167061176 -0.7658008547597259 539.8495152214243
-0.8311159935884247 0.21145189617277513 0.5143289811069063 430.0657847406054 -0.003733732758775534 0.9227445961086554 -0.38539391483514396 -212.53779094380965 -0.5560865620038039 -0.3222274134166918 -0.7661182869515528 539.0993231053959
-0.831715556995758 0.21067909161928028 0.5136765057949563 430.5691963762351 -0.004586232702493668 0.922567932304599 -0.38580743480759067 -212.9335659847334 -0.5551830317299272 -0.32323788552348126 -0.7663478783434318 538.356922866214
-0.8322026807150026 0.21013494342427205 0.5131101282988344 431.06688890472816 -0.006035449695886692 0.9219160290130017 -0.3873427536379949 -213.32634765795055 -0.5544386995491303 -0.3254445283008697 -0.7659527318583684 537.6218021271535
-0.832829876607688 0.2101273698630106 0.5120946055799469 431.5618936340634 -0.006888681940053126 0.9211387816882094 -0.3891733430376342 -213.71718012000045 -0.5534861720863049 -0.32764284412209344 -0.7657043972740648 536.8873370891458
-0.8330788971788005 0.20787223076285483 0.5126096826563392 432.07696591154894 -0.007721262249765586 0.9222428185824532 -0.3865340420743831 -214.12315483686703 -0.5531002921574195 -0.3259713472849517 -0.7666959942275782 536.1226304914893
-0.8328212299127411 0.20585665563667147 0.5138402829058061 432.6263526095182 -0.009017378674497119 0.9231082948402785 -0.38443434144065813 -214.55613508760857 -0.5534685952142803 -0.32479857346847785 -0.766927898034996 535.3072910547326
-0.8327874517816437 0.2060241111658056 0.5138279145525094 433.16466871260235 -0.009832507061868901 0.9225181862846178 -0.3858283527412363 -214.98027634570306 -0.553505539231464 -0.3263652273029082 -0.7662358360502409 534.5072027079722
-0.8334077146910781 0.20455972687646745 0.5134071476261549 433.6810251374621 -0.010758306450130201 0.922795997737307 -0.38513868333670626 -215.38945872097295 -0.5525539249120565 -0.32650094134662655 -0.7668645873712338 533.7396866184188
-0.834335306114374 0.2037426313205305 0.5122241083291815 434.1875231934829 -0.011647916468218212 0.9224692833726212 -0.3858947360044585 -215.79073871032466 -0.5511342150628848 -0.3279319463190332 -0.76727551477317 532.9873497032047
-0.8349713392089002 0.2022781679607373 0.5117679214899549 434.69792988912894 -0.011995178571223522 0.9230798071442415 -0.38442136430431795 -216.19549359945788 -0.5501626835679965 -0.32711956897898664 -0.768318820022175 532.2283385574078
-0.8359654469071418 0.20018300148457913 0.5109682353081969 435.22421964653574 -0.013921345441966358 0.923059682328831 -0.38440475933588797 -216.6107245374323 -0.5486054754725179 -0.3284624617450571 -0.7688591831447122 531.4475663305147
-0.8371114830897525 0.19789577366855685 0.5099819875676039 435.75778023967877 -0.015063598625067518 0.9235776009435673 -0.3831155217839474 -217.03149574054078 -0.5468248831899819 -0.32839256660199895 -0.7701563927702081 530.6541248273862
-0.8380953298362944 0.19658352737064252 0.5088724151229991 436.3112278315063 -0.01597490703876034 0.923570222301693 -0.3830963936435619 -217.46901800982525 -0.5452898499437663 -0.32920048791597706 -0.7708994865118228 529.8273982514828
-0.8384710647370885 0.19539590323567307 0.5087108359346927 436.89316207801136 -0.017653069630293405 0.9232776849499236 -0.38372735842800704 -217.92806613393114 -0.5446601167069978 -0.3307245945983231 -0.7706922860626666 528.9570834314829
-0.8386603692852564 0.19387140586797164 0.5089819868886314 437.45974087340153 -0.019037046136160914 0.9234987656905376 -0.3831287259426807 -218.3760516374736 -0.5443219413772759 -0.3310043923497538 -0.7708110769705172 528.1095849314415
-0.8382634149012186 0.1945399083789126 0.5093806742369378 437.9468839958673 -0.01902361446084511 0.9231852712087908 -0.38388417148404935 -218.7629800193641 -0.544933527442561 -0.3314863180752347 -0.7701715858157433 527.3834265368073
-0.8375388816621337 0.19563558447149684 0.5101522711824811 438.4056284458893 -0.018935575729432268 0.9227448800321701 -0.38494587976260947 -219.12608076031734 -0.5460495084476654 -0.3320671686013415 -0.769130242456475 526.7019090132961
-0.8374866002723528 0.19489530237421046 0.510521317357784 438.87521718898 -0.018680797986041008 0.9234804153892373 -0.3831904881114942 -219.4995667670012 -0.5461384642660331 -0.3304538447423286 -0.7697616737303545 526.0009335639552
-0.8380159103866609 0.19639144080817186 0.5090773378536038 439.33195648878353 -0.01810279262449299 0.9224608362720257 -0.3856660400443736 -219.86612230070173 -0.5453454160786636 -0.33240999912999847 -0.7694816239783695 525.3165402321096
-0.8379920883448352 0.19574603569471058 0.5093650453076586 439.77548027962837 -0.019089365715851316 0.9223588246260696 -0.38586240390971066 -220.2218377506637 -0.5453483803845288 -0.3330730972988073 -0.7691927299888862 524.6555163812197
-0.8380606093919905 0.19580009175381544 0.5092315181277857 440.1979762735275 -0.019191484958336856 0.9222237059601832 -0.3861801691829327 -220.56450852192842 -0.5452394903990538 -0.33341529694101246 -0.7691216664969995 524.0245723988421
-0.838220903428237 0.19611553737064397 0.5088461585369198 440.6111048342495 -0.018994411111077032 0.9220303859638938 -0.38665123781751387 -220.8993940361794 -0.5449999352316421 -0.33376438300258654 -0.769140043968856 523.4073036374108
-0.8387278347332318 0.19465209468307315 0.5085726902608938 441.01137394369556 -0.019974013695398026 0.9223052645269791 -0.3859456409945764 -221.22466241786904 -0.5441843970756616 -0.3338615896764882 -0.7696751138747389 522.8099333780747
-0.8404679275968697 0.19387209905782357 0.5059913753098395 441.3969215988168 -0.020011111396041895 0.9220600678263576 -0.38652915380440217 -221.54077433294725 -0.5414916602328411 -0.33499080663052067 -0.7710823181550202 522.2300030215172
-0.843194001469339 0.19244888428793747 0.5019833690695927 441.7917923882631 -0.018836299182999502 0.9225835899423019 -0.38533714251582635 -221.86896881923528 -0.5372793218794238 -0.3343694760373669 -0.7742919241315179 521.6254932662417
-0.8463079728489656 0.19263865956077678 0.49664188499854517 442.166284405781 -0.015654990774694642 0.9229242537134531 -0.38466315546372387 -222.18986863019947 -0.53246383572607 -0.3333184194581712 -0.778062397815106 521.0360124126188
-0.8506411701073681 0.19300611363587794 0.4890380760406587 442.4875232526766 -0.012801698971219048 0.9222984913385879 -0.38626624157181294 -222.47194127701516 -0.5255908258539325 -0.3348344859385602 -0.7820742616941478 520.5179585458463
-0.8558735822216749 0.1936936843831989 0.47954475065952534 442.7735855162896 -0.008460688578880063 0.9218529758101625 -0.3874474257737664 -222.73098077215735 -0.5171158748325272 -0.3356632950145282 -0.7873508267450953 520.0395496141685
-0.8607584291721733 0.19433718458163207 0.4704550831885484 443.0258301802584 -0.0033770865318869126 0.9220477443331837 -0.3870614324065926 -222.96874690537626 -0.5090024772981068 -0.3347551580767251 -0.7930040745452839 519.6038208932886
-0.8650022211515848 0.19511078172429702 0.4622801534327047 443.25715492387116 0.0014098655390237785 0.9222439698994453 -0.3866058357853281 -223.19052775582685 -0.5017660507467473 -0.3337631538067756 -0.7980181623741232 519.1929179021872
-0.8683300551027028 0.19663164747888792 0.45534482605502596 443.4894594901873 0.006535638288646015 0.9225147663730006 -0.3859064540221208 -223.4162164316099 -0.4959437476544067 -0.33211820340581616 -0.8023324112417497 518.7678596698573
-0.8706095300744197 0.1985387024645824 0.45013490174311566 443.7184614044448 0.011728368844980387 0.9230711632131228 -0.3844503518123083 -223.64042314993608 -0.4918348213657048 -0.32942679197061825 -0.8059630867627359 518.3413502602758
-0.8727996908145311 0.19979970730397714 0.445309753626967 443.92739183989426 0.015950764052734552 0.9235621885659587 -0.38311676676620326 -223.84704829266238 -0.4878178685126175 -0.3272811647689214 -0.8092717506173743 517.9484588887506
-0.8749055674666317 0.20185722632654857 0.4402202950746929 444.10852037574057 0.020885334250989707 0.9238754824734711 -0.3821228803639407 -224.02938744681967 -0.4838430022529167 -0.3251272874800946 -0.8125196589047707 517.5954462309536
-0.8772710686128622 0.20335197938737393 0.43479126561384585 444.2749637220861 0.02499068625542782 0.92394573725278 -0.38170635338293596 -224.19742035411537 -0.4793442789638049 -0.32399420842301263 -0.8156327697763378 517.2646517495623
-0.880183534165194 0.20535533356970548 0.4279090243953145 444.4493844581981 0.030311582146587232 0.9240367951075782 -0.381099999048918 -224.37632135661678 -0.4736646009279562 -0.32246734448900577 -0.819546617079208 516.9084868316081
-0.8844347445236544 0.20570634666993576 0.41887955502637336 444.6391982420768 0.03481682026190779 0.9241894057345827 -0.3803442274503557 -224.57159264355735 -0.46536326853999654 -0.32180559545736254 -0.824547261851077 516.5169146544359
-0.8893652178439292 0.20556564734342733 0.4083776119251696 444.82409214824855 0.03972275215115116 0.9245842612889746 -0.3789011041660584 -224.766047725337 -0.4554685634058181 -0.3207595803853709 -0.8304587162165535 516.1239489983435
-0.8947812886737719 0.2072860915366008 0.3954730353573935 444.9939659923333 0.046437944335866094 0.9241077388307192 -0.37929988710653895 -224.95416021173958 -0.44408328359122473 -0.32102548697674416 -0.8365002534047346 515.7381004002827
-0.9018338993930274 0.2061184091445264 0.3797509964665041 445.1488174210777 0.051205789654785214 0.9236744120538908 -0.37974142205285977 -225.1342196191991 -0.4290379761878873 -0.3230182377647266 -0.843555352694758 515.3666312839816
-0.90952891585324 0.20588832062661483 0.36106391491865825 445.2874495248009 0.05746710828491492 0.9226412538693991 -0.3813537047462262 -225.3078529688052 -0.4116487370224776 -0.3261029225380475 -0.8510007057693597 515.0056588198189
-0.9175157750535726 0.205709869503905 0.34036488085073374 445.4194481511499 0.06585690196094136 0.922607525173176 -0.3800766014344127 -225.48940699924503 -0.3922087084601133 -0.3263109009556904 -0.860054373237844 514.6246567482127
-0.9258570927925578 0.20549502196086158 0.3171126608557656 445.5369034400566 0.0765963911028198 0.9238417512479947 -0.37503254728231367 -225.67506340195 -0.370029237487713 -0.322936858534828 -0.8710856150826526 514.2316834945028
-0.9331032602425713 0.20679473485852204 0.2942010254222163 445.6305068955648 0.08772109597972529 0.9242927647485476 -0.3714672184104548 -225.8440942248998 -0.34874534411917485 -0.32080963618364056 -0.8806008529901181 513.8708094355121
-0.9386096593283093 0.20669953219713555 0.2762013953713598 445.7096435494335 0.09451763804917902 0.9240724973829139 -0.3703463725731731 -225.9897749292566 -0.331780535163233 -0.3215047790779944 -0.8868801235323823 513.5573577339397
-0.9414530616580157 0.20832267838652732 0.2650807317867855 445.7730365445117 0.10076512887349881 0.924180709379766 -0.36842421909182105 -226.11159879036288 -0.3217336188492858 -0.32014321495258335 -0.8910644199057505 513.2869702947781
-0.9423120145206115 0.2087651739028554 0.2616584977703246 445.82837834534934 0.10261297264605058 0.9242089659679634 -0.3678428537693333 -226.2100931927628 -0.3186199069971139 -0.3197731842880799 -0.8923152276384266 513.0663976755014
-0.9425560525314038 0.2077497080874049 0.2615877417350078 445.88615850065156 0.10067964487580419 0.9233443886066462 -0.3705384583768589 -226.3010621521028 -0.31851483002224756 -0.3229167056970216 -0.8912200088853969 512.8652929574187
-0.942234407985827 0.2089786475206904 0.2617675405546429 445.947437697484 0.10122995702936784 0.9226217848602498 -0.372184816860008 -226.39867582156853 -0.3192911151401368 -0.324186623693375 -0.8904808907612015 512.6418808342498
-0.9420157275992015 0.2084038120984002 0.26300992387856253 446.00926209880896 0.10080601253866533 0.9233196302327293 -0.37056579478272006 -226.49532059075045 -0.32006954992907904 -0.3225658251113263 -0.8907899705758091 512.4243204415984
-0.9420165435912744 0.20738350625204544 0.26381226835566596 446.06808698863875 0.0998500370790267 0.9237901128801919 -0.3696509129437098 -226.58661140888273 -0.32036666757899024 -0.32187561056937886 -0.8909328199280387 512.2216752768726
-0.9419495904719036 0.20708703319327942 0.2642838052038453 446.12457052304785 0.09955214555562862 0.9239999516171447 -0.3692065271995936 -226.67606106676382 -0.32065610757489954 -0.3214639172515641 -0.8909773344929706 512.0223831485862
-0.941903013488933 0.2064473839711059 0.26494941183546533 446.18346471577456 0.09893323952850148 0.9243369943695415 -0.36852860805679255 -226.76824486506212 -0.32098431004780364 -0.3209059028615228 -0.8910603089644219 511.8174243260565
-0.9418695133557943 0.20580925627679064 0.26556424804878886 446.26393207073625 0.09833872471921339 0.9246755722272958 -0.36783771060988374 -226.89069870314586 -0.3212651786787968 -0.32033987600190766 -0.891162751023385 511.54556472275414
-0.9421977595390697 0.20519618262863626 0.2648733821171877 446.3734118534263 0.0980214714279372 0.9247542758607991 -0.3677245170182022 -227.05704209537987 -0.3203984598256686 -0.3205059374049174 -0.8914150385928763 511.17371954522827
-0.9429325159117026 0.2050185686547542 0.2623845592697623 446.4977496517455 0.09881893254714468 0.9247739257238575 -0.3674615692443591 -227.24671676975663 -0.31798284388732445 -0.3205628999245567 -0.8922591205391472 510.74880012136424
-0.9441328239642344 0.20440942826631486 0.2585149828330329 446.62541819985273 0.09987582394312787 0.9249888136418055 -0.36663403337552475 -227.4439212394519 -0.3140669204246167 -0.3203318283801406 -0.8937278608288084 510.30436237117965
-0.9458548949572763 0.20429838887520357 0.25223141356373724 446.7420281993309 0.10230772824360682 0.9251097844630474 -0.3656569641513278 -227.63467059889044 -0.3080448772938669 -0.3200532065043728 -0.8959209220568969 509.8743997180122
-0.9487151672156473 0.20411175692075317 0.24140820653348696 446.83719782735176 0.10600351452477401 0.9248149578394459 -0.36534989895279696 -227.80635821327587 -0.29783013011343185 -0.3210228721495522 -0.8990225409596098 509.4873038240796
-0.9522212228930405 0.2043583568930876 0.2269634434001325 446.91545186502657 0.11159641094433011 0.9245754984617279 -0.36428888084676775 -227.9676309197322 -0.2842903159385287 -0.3215552979072266 -0.9032060709779197 509.1166851231493
-0.9562997563317827 0.2039716712445735 0.20949065222456523 446.9789279693594 0.11844445522430232 0.9253074817749146 -0.36024571503070435 -228.1222452138766 -0.26732318841879976 -0.3196898833261107 -0.9090306328350818 508.7574385749948
-0.9602563519651641 0.20486527161237048 0.18957309671403663 447.0273577625899 0.1273806060947106 0.9259773103325388 -0.3554436691520339 -228.26612745613585 -0.24835845003039655 -0.31716910511036134 -0.9152714564881811 508.414534900172
-0.9641836727465118 0.2055575674797124 0.16761841086490378 447.0671977272212 0.13666042156056313 0.9266294654460646 -0.35025956510283784 -228.40731171491316 -0.22731866264769957 -0.3148077512053425 -0.9215325850956662 508.070613368144
-0.9677489492798562 0.20623010474278564 0.14467589662939306 447.1012222513379 0.14591724721231333 0.9270392671653128 -0.34540751888107474 -228.5579341667745 -0.2053536659855804 -0.3131570548963897 -0.9272338059167747 507.6992632328651
-0.9710754639399697 0.2045224252820711 0.12321940143710013 447.1422376324832 0.15175484073061188 0.9270669878971184 -0.34280791744968536 -228.72978704768963 -0.1843445460234775 -0.3141932168397413 -0.9312892734501445 507.27837136464393
-0.9741824426977981 0.202315688339845 0.10018448278516585 447.1775623808031 0.1577541128387196 0.92747192856744 -0.33898298128646775 -228.9142682693185 -0.1614998706557473 -0.314426754540655 -0.935443000832874 506.812781865098
-0.9771263294983369 0.20019878140436492 0.07172575635934145 447.1956842010902 0.16583369915934737 0.928466177124541 -0.33233979923997503 -229.10031960871706 -0.1331289616283318 -0.31284342067550097 -0.9404284522045355 506.3355797903719
-0.9791652027325156 0.19912935698065096 0.03978699468756986 447.1936720144386 0.1755893905983929 0.9286841868462168 -0.3266711603601784 -229.29163398609128 -0.1019993709151195 -0.31287885881001 -0.9443002425302401 505.829705580971
-0.980094173293128 0.19849114810022014 0.004083577196677067 447.16956369155344 0.1866869080885891 0.9284168548465294 -0.3212322243879035 -229.47483624163897 -0.06755301492299792 -0.3140754809957878 -0.9469916485439998 505.3323455682857
-0.979973221417234 0.19617100976984453 -0.03419678685217675 447.12146166055567 0.196898942544718 0.9289701841003531 -0.31344090906792454 -229.65074263258472 -0.02972022425731909 -0.3138970085528627 -0.9489917682949959 504.83671638246295
-0.9780790997097673 0.1960779817919846 -0.07010491970837697 447.05340635732375 0.20816072568229352 0.9295729139225779 -0.30424218968596006 -229.85074770781137 0.005512439964033642 -0.3121660179421684 -0.9500115737441187 504.25863576514513
-0.9753471479823014 0.1972594781224983 -0.09892744418832841 446.9639096085806 0.21807942186093573 0.9301598599853113 -0.2953709542810623 -230.06684253042636 0.03375361734090008 -0.3096632576896172 -0.9502469995498339 503.61804313156574
-0.9731067549464959 0.19588288404853457 -0.12121525982455052 446.86498547032085 0.22335513535246826 0.9310728360312646 -0.28847158875074275 -230.28863286181888 0.05635358896455904 -0.3077877023883942 -0.9497847141691063 502.95477542759306
-0.970712995447572 0.19385387149171962 -0.14190474613936763 446.75698027146194 0.22779545245641777 0.930355008498723 -0.28731305226445214 -230.49849672957885 0.07632504378894016 -0.3112237694473432 -0.9472667274963305 502.31521496402445
-0.9678785657228138 0.19374563079824086 -0.16023018617272092 446.6384853770694 0.23301099015521082 0.9306157010535612 -0.28224155508974236 -230.6996056401796 0.0944296589067372 -0.31051094586049754 -0.9458678512453949 501.6889946509428
-0.9649880714428285 0.19271280172273322 -0.17793200393754177 446.50635444731375 0.2370548130540493 0.9311205943413084 -0.27716322700061985 -230.90268073666863 0.11226325124886705 -0.30963884582794704 -0.9442037637996231 501.0522680969277
-0.9617745337957825 0.1943775938515095 -0.19289141284776526 446.35791515308307 0.24365886286673574 0.928914265500106 -0.2788344417335966 -231.10916507954363 0.1249804172196606 -0.31517556751578346 -0.9407679081222463 500.38615909825256
-0.9604685966984731 0.19319530340704566 -0.2004386427252232 446.2022491666378 0.2442037352591474 0.9303771962182544 -0.2734278852687462 -231.3308765838593 0.13365855917804975 -0.31156676250607873 -0.9407770947785306 499.68218056001194
